2-1_시설현황,,,,,,,,,,,,,,,,,,,,,,,,,,,,,,,,,,,,,,
행정구역,,,"하수정비
기본계획
목표년도","총관로정비
계획연장(m)","총계획연장
(m)","총시설연장
(m)","하수관로
보급률(%)",합류식,,,,,,,,분류식,,,,,,,,,,,,,,"합류식맨홀
(개소)",분류식,,"오수받이
(개소)","우수받이
(개소)","우수토실
(개소)","우수토구
(개소)","하수도대장
전산화연장(m)","하수도대장
전산화율(%)"
시도,구군,행정구역명,,,,,,,,,,,,,,오수관로,,,,,,우수관로,,,,,,,,,"오수맨홀
(개소)","우수맨홀
(개소)",,,,,,
,,,,,,,,"관로정비
계획면적(㎢)","관로정비
계획연장(m)",계획연장(m),시설연장(m),암거,,개거,측구,"관로정비
계획면적(㎢)","관로정비
계획연장(m)",계획연장,시설연장,암거,,"관로정비
계획면적(㎢)","관로정비
계획연장(m)",계획연장,시설연장,암거,,개거,측구,,,,,,,,,
,,,,,,,,,,,,사각형,원형,,,,,,,사각형,원형,,,,,사각형,원형,,,,,,,,,,,
'08,,,," 138,338,446 "," 145,325,240 "," 102,078,559 ", 73.8 ," 8,569 "," 42,473,417 "," 49,460,211 "," 49,460,211 "," 5,700,783 "," 27,954,406 "," 2,864,794 "," 12,940,228 "," 6,660 "," 53,143,604 "," 53,143,604 "," 30,239,196 "," 973,792 "," 29,265,404 "," 5,223 "," 42,721,425 "," 42,721,425 "," 22,379,152 "," 2,549,891 "," 15,792,960 "," 684,188 "," 3,352,113 ",,,,,, - ," 19,346 "," 72,060,922 ", 70.6 
'09,,,," 142,966,976 "," 149,519,839 "," 107,842,551 ", 75.4 ," 10,672 "," 42,832,794 "," 49,385,657 "," 49,385,657 "," 5,811,470 "," 28,085,758 "," 2,593,569 "," 12,894,860 "," 6,526 "," 55,470,317 "," 55,470,317 "," 33,583,592 "," 688,590 "," 32,895,002 "," 5,214 "," 44,663,865 "," 44,663,865 "," 24,873,302 "," 2,627,158 "," 17,507,935 "," 916,851 "," 3,821,357 ",,,,,, - ," 38,326 "," 84,737,426 ", 78.6 
'10,,,," 145,472,835 "," 152,542,686 "," 113,494,121 ", 78.0 ," 13,331 "," 40,905,730 "," 47,975,581 "," 47,975,581 "," 5,634,999 "," 27,642,697 "," 2,503,024 "," 12,194,862 "," 6,107 "," 58,256,473 "," 58,256,473 "," 38,068,303 "," 664,279 "," 37,404,024 "," 6,528 "," 46,310,632 "," 46,310,632 "," 27,450,236 "," 2,947,314 "," 19,253,002 "," 985,295 "," 4,264,626 ",,,,,," 17,322 "," 28,341 "," 87,784,082 ", 77.3 
'11,,,," 161,321,132 "," 161,321,132 "," 118,329,400 ", 73.4 ," 10,358 "," 50,539,745 "," 50,539,745 "," 47,509,544 "," 5,545,130 "," 27,432,316 "," 2,396,951 "," 12,135,147 "," 5,771 "," 61,615,504 "," 61,615,504 "," 41,739,397 "," 640,228 "," 41,099,169 "," 7,024 "," 49,165,884 "," 49,165,884 "," 29,080,459 "," 3,180,643 "," 20,338,179 "," 1,075,707 "," 4,485,930 ",,,,,," 12,413 "," 30,167 "," 94,171,109 ", 79.6 
'12,,,," 149,547,625 "," 155,718,670 "," 123,309,368 ", 75.8 ," 49,590 "," 39,511,502 "," 45,682,547 "," 45,682,547 "," 5,490,280 "," 27,990,159 "," 2,161,105 "," 10,041,003 "," 6,382 "," 62,512,843 "," 62,512,843 "," 45,093,676 "," 372,157 "," 44,721,518 "," 187,436 "," 47,523,280 "," 47,523,280 "," 32,533,146 "," 3,681,043 "," 21,565,376 "," 1,122,132 "," 6,164,595 ",,,,,," 13,593 "," 97,576 "," 99,477,739 ", 80.7 
'13,,,," 151,414,934 "," 156,688,354 "," 126,605,822 ", 76.5 ," 48,430 "," 40,141,104 "," 45,414,524 "," 45,414,524 "," 5,585,591 "," 27,759,831 "," 2,104,355 "," 9,964,748 "," 6,354 "," 64,189,469 "," 64,189,469 "," 47,935,413 "," 368,364 "," 47,567,049 "," 7,911 "," 47,084,361 "," 47,084,361 "," 33,255,884 "," 3,675,536 "," 21,908,619 "," 1,275,402 "," 6,396,327 ",,,,,," 12,684 "," 99,701 "," 102,728,413 ", 81.1 
'14,,,," 153,579,963 "," 159,410,337 "," 132,680,303 ", 77.8 ," 47,167 "," 38,770,625 "," 44,600,998 "," 44,600,998 "," 5,690,510 "," 27,269,332 "," 2,072,912 "," 9,568,245 "," 6,563 "," 66,108,698 "," 66,108,698 "," 51,813,367 "," 357,153 "," 51,456,214 "," 8,846 "," 48,700,640 "," 48,700,640 "," 36,265,938 "," 4,109,436 "," 23,880,729 "," 1,471,359 "," 6,804,414 ",,,,,," 12,468 "," 101,499 "," 109,104,673 ", 82.2 
'15,,,," 155,951,582 "," 171,803,332 "," 137,193,210 ", 79.9 ," 7,421 "," 39,653,833 "," 47,369,949 "," 44,227,705 "," 5,534,415 "," 27,319,530 "," 1,799,403 "," 9,574,357 "," 6,565 "," 66,968,758 "," 71,278,710 "," 54,720,736 "," 350,757 "," 54,369,979 "," 8,368 "," 49,328,990 "," 53,154,672 "," 38,244,769 "," 4,241,770 "," 25,347,861 "," 1,539,876 "," 7,115,262 ",,,,,," 12,349 "," 102,801 "," 107,299,443 ", 78.2 
'16,,,," 159,690,118 "," 178,951,281 "," 143,167,635 ", 80.0 ," 5,178 "," 39,423,799 "," 47,563,975 "," 43,737,567 "," 5,646,059 "," 26,644,235 "," 1,690,457 "," 9,636,002 "," 6,372 "," 70,336,157 "," 76,079,240 "," 58,333,615 "," 824,270 "," 57,436,776 "," 12,714 "," 50,168,488 "," 55,308,066 "," 41,096,453 "," 4,480,336 "," 27,041,304 "," 1,778,153 "," 7,647,752 ",,,,,," 11,974 "," 106,055 "," 120,192,348 ", 84.0 
전국('17),,,,"158,957,188.39","184,770,779.49","149,030,122.40",80.7,"32,863.740","41,165,976.29","48,428,926.24","43,210,386.83","5,811,771.65","27,285,854.74","1,433,442.43","8,679,317.99","6,290.927","70,232,174.22","78,658,317.05","61,376,492.58","4,649,150.81","56,727,341.77","14,111.392","47,559,037.88","57,640,377.20","44,443,242.99","6,104,689.84","27,996,129.77","1,766,084.78","8,576,338.60","1,079,402","1,241,677","784,621","3,718,125","3,042,338","11,992","114,173","125,962,553",84.5
서울특별시,,,,"10,184,055.80","10,701,402.65","10,701,402.65",100.0,342.300,"9,123,901.10","9,640,640.50","9,640,640.50","1,383,489.30","8,256,548.10",79.50,523.60,87.900,"609,547.90","609,548.00","609,548.00","2,363.30","607,184.70",87.900,"450,606.80","451,214.15","451,214.15","45,912.70","290,235.90","44,502.20","70,563.35","242,483","20,648","8,090","2,208","481,537","1,517","2,450","10,701,401",100.0
부산광역시,,,,"15,116,081.00","15,132,493.00","9,214,773.60",60.9,329.185,"4,630,499.00","4,646,911.00","4,636,691.00","595,146.00","1,230,317.00","291,635.00","2,519,593.00",414.845,"3,367,512.00","3,367,512.00","1,825,837.30","17,508.00","1,808,329.30",414.845,"7,118,070.00","7,118,070.00","2,752,245.30","281,844.00","573,644.30","123,762.00","1,772,995.00","68,723","18,825","10,556","107,786","46,082","2,469","1,315","7,527,041",81.7
대구광역시,,,,"5,963,415.00","6,599,175.00","6,003,837.00",91.0,18.600,"3,653,348.00","3,662,939.00","3,453,109.00","344,234.00","1,157,716.00",389.00,"1,950,770.00",174.200,"1,455,475.00","1,536,037.00","1,150,529.00","51,326.00","1,099,203.00",15.700,"854,592.00","1,400,199.00","1,400,199.00","112,691.00","915,890.00",0.00,"371,618.00","42,007","16,894","21,534","106,415","148,864",509,12,"5,757,354",95.9
인천광역시,,,,"4,983,722.00","5,829,829.05","5,079,072.05",87.1,117.800,"2,540,878.00","2,738,600.00","2,522,867.00","344,160.00","2,073,751.00","32,319.00","72,637.00",146.100,"1,027,245.00","1,253,767.05","1,007,127.05","29,420.05","977,707.00",158.000,"1,415,599.00","1,837,462.00","1,549,078.00","224,208.00","1,154,445.00","37,974.00","132,451.00","49,700","19,135","18,839","17,169","158,560",87,37,"5,225,194",102.9
광주광역시,,,,"4,335,700.00","5,514,103.60","4,360,313.60",79.1,0.000,"612,100.00","1,685,715.60","1,685,715.60","157,702.00","1,094,076.60","22,890.00","411,047.00",160.700,"1,522,700.00","1,573,311.00","1,424,923.00","46,381.00","1,378,542.00",0.000,"2,200,900.00","2,255,077.00","1,249,675.00","119,325.00","1,077,999.00","2,271.00","50,080.00","50,812","19,458","20,654","23,978","72,295",263,213,"3,800,313",87.2
대전광역시,,,,"3,460,125.00","3,649,932.50","3,562,317.50",97.6,55.370,"1,493,422.00","1,616,580.50","1,616,580.50","231,017.50","949,526.00",0.00,"436,037.00",95.330,"917,363.00","929,652.00","843,173.00","1,943.00","841,230.00",95.330,"1,049,340.00","1,103,700.00","1,102,564.00","136,131.00","852,097.00",0.00,"114,336.00","34,157","15,214","22,507","97,756","146,649",162,273,"3,293,789",92.5
울산광역시,,,,"5,022,783.75","5,274,591.80","4,378,779.50",83.0,0.000,"86,475.00","119,576.50","86,624.50","83,157.70","3,466.80",0.00,0.00,228.250,"2,623,728.00","2,764,708.00","2,221,625.50","142,246.90","2,079,378.60",977.510,"2,312,580.75","2,390,307.30","2,070,529.50","212,447.30","1,061,203.30","15,044.90","781,834.00","10,543","38,637","24,054","45,745","62,639",126,833,"4,243,905",96.9
세종특별자치시,,,,"1,276,337.60","1,299,256.10","1,102,126.10",84.8,10.280,"166,277.00","166,391.00","165,109.00","12,708.00","112,580.00",0.00,"39,821.00",48.795,"612,154.60","612,154.60","416,309.60",0.00,"416,309.60",48.795,"497,906.00","520,710.50","520,707.50","48,252.00","281,397.50","1,223.00","189,835.00","2,376","5,883","10,462","8,517","13,750",6,262,"1,093,166",99.2
경기도,,,,"27,283,711.50","34,099,464.47","28,639,894.72",84.0,"1,017.493","4,695,081.80","7,699,565.11","7,200,886.96","665,171.19","5,988,693.02","237,622.35","309,400.40","1,251.110","13,525,669.10","15,530,509.05","12,159,581.85","1,498,032.24","10,661,549.61","2,024.703","9,062,960.60","10,865,900.31","9,279,425.91","1,548,713.56","7,279,077.30","98,564.15","353,070.90","209,695","300,968","229,129","800,187","622,301","1,955","6,834","25,174,668",87.9
강원도,,,,"10,788,170.60","12,259,475.10","9,124,395.20",74.4,956.924,"2,605,538.30","3,094,011.80","1,966,950.60","177,453.63","1,428,220.97","129,349.00","231,927.00",433.890,"5,170,661.30","5,496,080.10","4,194,807.00","416,873.00","3,777,934.00","2,239.381","3,011,971.00","3,669,383.20","2,962,637.60","230,376.20","1,850,791.70","121,618.30","759,851.40","48,212","75,482","51,055","222,501","174,029",664,"3,758","6,542,233",71.7
충청북도,,,,"7,387,504.53","8,312,525.58","6,837,562.08",82.3,35.360,"804,831.00","1,115,293.00","1,111,602.00","134,674.00","935,214.00","4,923.00","36,791.00",239.114,"4,407,474.93","4,601,655.98","3,313,783.48","111,968.00","3,201,815.48",808.170,"2,175,198.60","2,595,576.60","2,412,176.60","337,756.90","1,491,266.20","105,807.60","477,345.90","26,177","64,937","21,674","95,150","62,303",503,"66,532","5,836,276",85.4
충청남도,,,,"10,266,428.32","11,262,362.77","7,998,827.27",71.0,"27,888.489","2,056,184.10","2,260,983.83","1,368,072.53","270,477.24","544,796.13","182,139.47","370,659.67",420.827,"5,332,529.31","5,604,820.49","4,179,558.20","7,189.90","4,172,368.30",195.732,"2,877,714.91","3,396,558.45","2,451,196.54","485,136.60","1,614,910.20","74,957.00","276,192.74","58,440","71,991","37,325","336,031","24,483",842,"1,332","6,463,700",80.8
전라북도,,,,"10,522,371.79","11,217,680.09","9,004,428.34",80.3,118.148,"1,837,985.00","2,098,886.43","1,535,911.43","480,283.89","752,713.11","27,929.00","274,985.43",350.772,"5,940,487.17","6,220,944.24","5,071,946.48","950,406.32","4,121,540.16","1,060.479","2,743,899.62","2,897,849.42","2,396,570.43","465,042.61","1,513,107.84","58,151.97","360,268.01","47,912","90,039","70,004","441,249","93,213",548,"1,503","7,534,742",83.7
전라남도,,,,"11,983,721.34","14,864,579.77","11,195,097.37",75.3,154.836,"1,648,120.99","2,053,542.57","1,434,817.61","202,862.30","678,196.11","130,890.21","422,868.99",669.574,"6,605,133.85","8,181,674.32","6,527,147.34","708,791.60","5,818,355.74","1,045.110","3,730,466.50","4,629,362.88","3,233,132.42","459,278.70","1,939,484.90","331,179.33","503,189.49","55,636","100,013","46,694","424,046","259,213",333,"1,518","6,884,486",61.5
경상북도,,,,"15,683,648.60","16,844,998.29","13,389,367.02",79.5,648.390,"2,930,263.90","3,103,857.90","2,327,384.00","407,701.00","932,560.00","272,792.00","714,331.00",984.663,"8,084,790.60","8,564,709.40","6,814,526.68","447,970.10","6,366,556.58","1,317.815","4,668,594.10","5,136,761.99","4,247,456.34","705,411.57","2,084,833.43","550,690.23","906,521.11","60,202","141,661","55,198","435,487","65,002",576,"20,491","10,896,639",81.4
경상남도,,,,"10,874,423.66","16,858,184.12","14,231,761.40",84.4,"1,170.165","1,447,106.00","1,726,219.50","1,526,253.60","246,197.90","527,258.90","83,995.90","668,800.90",405.057,"6,141,451.46","8,912,077.22","7,493,430.10","60,511.40","7,432,918.70","1,495.922","3,285,866.20","6,219,887.40","5,212,077.70","614,599.70","3,045,853.20","198,213.10","1,353,411.70","61,791","181,195","102,395","447,066","463,605","1,053","4,431","10,873,373",76.4
제주특별자치도,,,,"3,824,987.90","5,050,725.60","4,206,167.00",83.3,0.400,"833,965.10","999,212.00","931,171.00","75,336.00","620,221.00","16,489.00","219,125.00",179.800,"2,888,251.00","2,899,156.60","2,122,639.00","156,220.00","1,966,419.00","2,126.000","102,771.80","1,152,357.00","1,152,357.00","77,563.00","969,893.00","2,126.00","102,775.00","10,536","60,697","34,451","106,834","147,813",379,"2,379","4,114,271",97.8
전국,,합계,,"158,957,188.39","184,770,779.49","149,030,122.40",80.7,"32,863.740","41,165,976.29","48,428,926.24","43,210,386.83","5,811,771.65","27,285,854.74","1,433,442.43","8,679,317.99","6,290.927","70,232,174.22","78,658,317.05","61,376,492.58","4,649,150.81","56,727,341.77","14,111.392","47,559,037.88","57,640,377.20","44,443,242.99","6,104,689.84","27,996,129.77","1,766,084.78","8,576,338.60","1,079,402","1,241,677","784,621","3,718,125","3,042,338","11,992","114,173","125,962,553",84.5
서울특별시,,합계,,"10,184,055.80","10,701,402.65","10,701,402.65",100.0,342.300,"9,123,901.10","9,640,640.50","9,640,640.50","1,383,489.30","8,256,548.10",79.50,523.60,87.900,"609,547.90","609,548.00","609,548.00","2,363.30","607,184.70",87.900,"450,606.80","451,214.15","451,214.15","45,912.70","290,235.90","44,502.20","70,563.35","242,483","20,648","8,090","2,208","481,537","1,517","2,450","10,701,401",100.0
서울특별시,종로구,종로구,2030,"336,625.10","362,081.30","362,081.30",100.0,14.100,"319,870.10","345,326.30","345,326.30","56,153.40","289,122.30",0.00,50.60,1.000,"1,149.70","1,149.70","1,149.70",0.00,"1,149.70",1.000,"15,605.30","15,605.30","15,605.30",0.00,329.40,"5,222.10","10,053.80","9,344",284,65,187,"15,403",65,100,"362,081",100.0
서울특별시,중구,중구,2030,"263,410.90","269,885.20","269,885.20",100.0,9.900,"258,634.30","265,108.60","265,108.60","27,311.00","237,797.60",0.00,0.00,0.000,"1,064.20","1,064.20","1,064.20",0.00,"1,064.20",0.000,"3,712.40","3,712.40","3,712.40",0.00,819.30,"1,629.90","1,263.20","7,807",99,46,26,"15,049",17,28,"269,885",100.0
서울특별시,용산구,용산구,2030,"351,934.10","369,458.90","369,458.90",100.0,17.000,"334,084.90","351,609.70","351,609.70","48,921.70","302,513.40",0.00,174.60,0.100,"8,061.60","8,061.60","8,061.60",0.00,"8,061.60",0.100,"9,787.60","9,787.60","9,787.60",0.00,130.20,"4,403.00","5,254.40","9,289",333,22,11,"17,926",31,90,"369,458",100.0
서울특별시,성동구,성동구,2030,"290,223.20","307,641.70","307,641.70",100.0,12.700,"282,796.40","300,214.90","300,214.90","53,211.50","247,003.40",0.00,0.00,0.300,"1,696.20","1,696.20","1,696.20",0.00,"1,696.20",0.300,"5,730.60","5,730.60","5,730.60","1,099.50","2,502.90",398.10,"1,730.10","8,085",260,106,18,"15,829",25,103,"307,641",100.0
서울특별시,광진구,광진구,2030,"350,678.30","362,122.45","362,122.45",100.0,11.600,"349,303.30","360,140.10","360,140.10","45,283.50","314,856.60",0.00,0.00,0.600,"1,375.00","1,375.00","1,375.00",0.00,"1,375.00",0.600,0.00,607.35,607.35,0.00,215.80,153.50,238.05,"9,657",84,12,23,"25,058",10,40,"362,122",100.0
서울특별시,동대문구,동대문구,2030,"399,771.30","413,655.10","413,655.10",100.0,11.700,"393,356.90","407,240.70","407,240.70","58,896.30","348,344.40",0.00,0.00,1.900,"2,534.30","2,534.30","2,534.30",0.00,"2,534.30",1.900,"3,880.10","3,880.10","3,880.10",0.00,"1,508.10","1,898.40",473.60,"11,799",242,44,48,"21,388",56,69,"413,655",100.0
서울특별시,중랑구,중랑구,2030,"404,661.20","421,977.80","421,977.80",100.0,11.400,"381,695.40","399,012.00","399,012.00","57,820.30","341,191.70",0.00,0.00,1.500,"12,830.30","12,830.30","12,830.30",0.00,"12,830.30",1.500,"10,135.50","10,135.50","10,135.50","2,426.50","5,982.10","1,695.60",31.30,"11,413",460,178,30,"18,251",13,60,"421,977",100.0
서울특별시,성북구,성북구,2030,"485,238.60","513,667.30","513,667.30",100.0,15.300,"469,470.00","497,898.70","497,898.70","82,737.90","415,160.80",0.00,0.00,3.400,"6,948.30","6,948.30","6,948.30",0.00,"6,948.30",3.400,"8,820.30","8,820.30","8,820.30",0.00,424.00,"2,563.50","5,832.80","13,845",569,59,60,"21,992",172,182,"513,667",100.0
서울특별시,강북구,강북구,2030,"332,848.60","354,610.40","354,610.40",100.0,9.000,"329,139.80","350,901.60","350,901.60","46,234.20","304,667.40",0.00,0.00,2.300,"2,239.80","2,239.80","2,239.80",0.00,"2,239.80",2.300,"1,469.00","1,469.00","1,469.00",0.00,211.80,644.70,612.50,"10,359",287,9,31,"15,971",101,64,"354,610",100.0
서울특별시,도봉구,도봉구,2030,"293,264.80","322,015.10","322,015.10",100.0,8.500,"270,082.00","298,832.30","298,832.30","27,646.20","271,186.10",0.00,0.00,2.700,"18,038.70","18,038.70","18,038.70",0.00,"18,038.70",2.700,"5,144.10","5,144.10","5,144.10",156.80,"3,127.00",502.90,"1,357.40","7,503","1,005",137,27,"11,664",275,188,"322,015",100.0
서울특별시,노원구,노원구,2030,"400,617.30","444,059.50","444,059.50",100.0,6.800,"322,239.40","365,681.60","365,681.60","73,912.40","291,769.20",0.00,0.00,11.500,"61,291.80","61,291.80","61,291.80",90.30,"61,201.50",11.500,"17,086.10","17,086.10","17,086.10",294.80,"12,701.50","2,863.80","1,226.00","8,524","1,931",267,519,"14,458",107,134,"444,059",100.0
서울특별시,은평구,은평구,2030,"455,174.20","480,985.60","480,985.60",100.0,15.200,"398,850.80","424,662.20","424,662.20","58,520.70","366,118.00",0.00,23.50,4.400,"24,756.30","24,756.30","24,756.30",0.00,"24,756.30",4.400,"31,567.10","31,567.10","31,567.10","2,012.60","28,508.50",429.60,616.40,"11,544",901,945,53,"22,600",26,87,"480,985",100.0
서울특별시,서대문구,서대문구,2030,"332,051.30","351,946.30","351,946.30",100.0,14.500,"312,863.30","332,758.30","332,758.30","37,567.90","295,190.40",0.00,0.00,2.000,"9,031.60","9,031.60","9,031.60",2.00,"9,029.60",2.000,"10,156.40","10,156.40","10,156.40","1,762.80","4,162.70",649.10,"3,581.80","8,409",399,328,50,"14,481",177,185,"351,946",100.0
서울특별시,마포구,마포구,2030,"443,888.00","465,442.90","465,442.90",100.0,14.900,"393,952.80","415,507.70","415,507.70","60,483.20","355,024.50",0.00,0.00,3.200,"17,315.80","17,315.80","17,315.80",0.00,"17,315.80",3.200,"32,619.40","32,619.40","32,619.40",766.90,"29,631.20",215.90,"2,005.40","10,784",728,726,207,"23,768",38,107,"465,442",100.0
서울특별시,양천구,양천구,2030,"388,034.50","392,859.80","392,859.80",100.0,9.800,"326,451.70","331,277.00","331,277.00","59,360.50","271,916.50",0.00,0.00,6.200,"47,455.00","47,455.00","47,455.00",0.00,"47,455.00",6.200,"14,127.80","14,127.80","14,127.80","1,728.10","9,586.00","1,328.20","1,485.50","8,048","1,275",331,13,"22,997",7,17,"392,859",100.0
서울특별시,강서구,강서구,2030,"508,036.90","527,010.40","527,010.40",100.0,14.200,"382,022.00","400,995.50","400,995.50","58,710.90","342,278.30",6.30,0.00,11.000,"60,074.90","60,074.90","60,074.90","1,802.10","58,272.80",11.000,"65,940.00","65,940.00","65,940.00","12,839.90","51,634.40","1,175.20",290.50,"9,713","1,583","1,091",44,"21,382",19,79,"527,010",100.0
서울특별시,구로구,구로구,2030,"379,819.50","386,589.20","386,589.20",100.0,16.100,"353,625.30","360,395.00","360,395.00","48,524.00","311,871.00",0.00,0.00,0.400,"6,223.30","6,223.30","6,223.30",0.00,"6,223.30",0.400,"19,970.90","19,970.90","19,970.90","2,488.90","10,113.10","2,520.90","4,848.00","9,491",355,365,62,"13,443",19,91,"386,589",100.0
서울특별시,금천구,금천구,2030,"249,029.10","256,804.40","256,804.40",100.0,9.600,"229,871.70","237,647.00","237,647.00","47,601.20","190,045.80",0.00,0.00,0.800,"2,463.80","2,463.80","2,463.80",0.00,"2,463.80",0.800,"16,693.60","16,693.60","16,693.60","1,505.40","14,134.90","1,053.30",0.00,"5,700",150,502,312,"15,208",11,32,"256,804",100.0
서울특별시,영등포구,영등포구,2030,"469,072.60","499,053.80","499,053.80",100.0,15.000,"464,093.80","494,075.00","494,075.00","76,583.30","417,491.70",0.00,0.00,1.700,"1,876.60","1,876.60","1,876.60",0.00,"1,876.60",1.700,"3,102.20","3,102.20","3,102.20",179.40,576.60,"2,331.50",14.70,"12,239",525,17,26,"17,334",26,94,"499,053",100.0
서울특별시,동작구,동작구,2030,"331,749.20","336,859.90","336,859.90",100.0,13.900,"325,618.20","330,728.90","330,728.90","32,291.40","298,437.50",0.00,0.00,1.700,"3,838.60","3,838.60","3,838.60",0.00,"3,838.60",1.700,"2,292.40","2,292.40","2,292.40",67.40,"1,620.00",461.60,143.40,"9,627",226,52,23,"17,494",14,32,"336,859",100.0
서울특별시,관악구,관악구,2030,"408,058.20","432,236.80","432,236.80",100.0,19.400,"405,030.90","429,209.50","429,209.50","51,360.20","377,776.10",73.20,0.00,0.700,"1,640.30","1,640.30","1,640.30",0.00,"1,640.30",0.700,"1,387.00","1,387.00","1,387.00",0.00,20.40,870.20,496.40,"10,900",364,2,44,"24,363",137,133,"432,236",100.0
서울특별시,서초구,서초구,2030,"542,729.20","573,906.00","573,906.00",100.0,24.200,"481,321.90","512,498.70","512,498.70","76,351.60","436,147.10",0.00,0.00,0.500,"40,143.60","40,143.60","40,143.60",22.80,"40,120.80",0.500,"21,263.70","21,263.70","21,263.70",761.00,"7,423.60","6,539.90","6,539.20","10,162","1,381",126,107,"23,343",75,226,"573,905",100.0
서울특별시,강남구,강남구,2030,"665,310.80","700,093.30","700,093.30",100.0,20.500,"569,742.00","604,524.50","604,524.50","69,459.80","534,809.00",0.00,255.70,10.000,"69,365.90","69,365.90","69,365.90",0.00,"69,365.90",10.000,"26,202.90","26,202.90","26,202.90","4,761.40","13,988.10","2,924.00","4,529.40","11,649","2,138",545,154,"22,716",43,97,"700,093",100.0
서울특별시,송파구,송파구,2030,"656,703.30","691,457.80","691,457.80",100.0,16.000,"416,724.20","451,478.60","451,478.60","73,206.70","378,252.70",0.00,19.20,12.400,"148,337.30","148,337.40","148,337.40",446.10,"147,891.30",12.400,"91,641.80","91,641.80","91,641.80","6,178.10","73,850.20",370.00,"11,243.50","8,504","3,622","1,648",63,"27,601",37,129,"691,457",100.0
서울특별시,강동구,강동구,2030,"445,125.60","464,981.70","464,981.70",100.0,11.000,"353,060.00","372,916.10","372,916.10","55,339.50","317,576.60",0.00,0.00,7.600,"59,795.00","59,795.00","59,795.00",0.00,"59,795.00",7.600,"32,270.60","32,270.60","32,270.60","6,883.20","17,034.10","1,657.30","6,696.00","8,088","1,447",467,70,"21,818",16,83,"464,981",100.0
부산광역시,,합계,,"15,116,081.00","15,132,493.00","9,214,773.60",60.9,329.185,"4,630,499.00","4,646,911.00","4,636,691.00","595,146.00","1,230,317.00","291,635.00","2,519,593.00",414.845,"3,367,512.00","3,367,512.00","1,825,837.30","17,508.00","1,808,329.30",414.845,"7,118,070.00","7,118,070.00","2,752,245.30","281,844.00","573,644.30","123,762.00","1,772,995.00","68,723","18,825","10,556","107,786","46,082","2,469","1,315","7,527,041",81.7
부산광역시,중구,중구,2035,"318,207.00","328,207.00","183,204.00",55.8,1.410,"101,807.00","111,807.00","111,807.00","41,721.00","18,472.00",909.00,"50,705.00",1.410,"52,245.00","52,245.00","7,158.00",0.00,"7,158.00",1.410,"164,155.00","164,155.00","64,239.00","8,196.00",920.00,0.00,"55,123.00",773,189,0,"2,902","1,421",0,30,"169,741",92.7
부산광역시,서구,서구,2035,"625,450.00","625,450.00","340,784.00",54.5,6.300,"245,150.00","245,150.00","235,275.00","27,430.00","88,507.00","25,851.00","93,487.00",7.630,"108,889.00","108,889.00","28,859.00",0.00,"28,859.00",7.630,"271,411.00","271,411.00","76,650.00","5,109.00","7,106.00","7,932.00","56,503.00","1,308","1,169",0,"6,010","2,002",25,0,"276,892",81.3
부산광역시,동구,동구,2035,"517,735.00","517,735.00","310,855.00",60.0,2.800,"167,275.00","167,275.00","167,275.00","41,357.00","26,523.00","7,654.00","91,741.00",7.000,"83,426.00","83,426.00","13,894.00",257.00,"13,637.00",7.000,"267,034.00","267,034.00","129,686.00","19,261.00","16,776.00","16,829.00","76,820.00","1,483",113,"1,363","5,576",0,0,39,"261,804",84.2
부산광역시,영도구,영도구,2035,"577,572.00","577,572.00","318,870.70",55.2,8.700,"212,473.00","212,473.00","212,333.00","33,200.00","80,085.00","7,778.00","91,270.00",5.300,"106,454.00","106,454.00","34,063.40",0.00,"34,063.40",5.300,"258,645.00","258,645.00","72,474.30","13,125.00","19,334.30","13,182.00","26,833.00","1,784",932,187,108,"2,053",0,52,"228,652",71.7
부산광역시,부산진구,부산진구,2035,"1,394,265.00","1,394,424.00","868,294.00",62.3,14.845,"545,402.00","545,561.00","545,561.00","41,770.00","203,942.00","5,185.00","294,664.00",14.845,"248,938.00","248,938.00","227,429.00","7,070.00","220,359.00",14.845,"599,925.00","599,925.00","95,304.00",474.00,"33,002.00",10.00,"61,818.00","6,581","3,064",0,"7,958","6,139",30,0,"720,987",83.0
부산광역시,동래구,동래구,2035,"859,674.00","859,674.00","585,797.00",68.1,5.440,"291,805.00","291,805.00","291,805.00","44,148.00","75,476.00","11,654.00","160,527.00",11.200,"157,243.00","157,243.00","68,803.00",769.00,"68,034.00",11.200,"410,626.00","410,626.00","225,189.00","14,331.00","13,938.00","16,488.00","180,432.00","3,340","1,588",0,"7,359","2,034",160,160,"466,533",79.6
부산광역시,남구,남구,2035,"971,920.00","972,040.00","598,786.00",61.6,10.900,"298,079.00","298,199.00","298,199.00","61,390.00","93,364.00","34,715.00","108,730.00",16.100,"184,879.00","184,879.00","92,877.00","1,345.00","91,532.00",16.100,"488,962.00","488,962.00","207,710.00","12,102.00","16,975.00","12,420.00","166,213.00","3,156",0,0,"8,147",0,99,0,"532,402",88.9
부산광역시,북구,북구,2035,"748,332.00","748,332.00","568,214.00",75.9,10.100,"231,293.00","231,293.00","231,293.00","28,365.00","50,253.00","18,301.00","134,374.00",29.260,"134,067.00","134,067.00","72,338.00",0.00,"72,338.00",29.260,"382,972.00","382,972.00","264,583.00","32,531.00","42,716.00",0.00,"189,336.00","6,842",0,0,"5,642",0,0,12,"404,986",71.3
부산광역시,해운대구,해운대구,2035,"1,350,771.00","1,350,771.00","821,837.00",60.8,16.000,"455,046.00","455,046.00","454,946.00","72,400.00","102,207.00","27,462.00","252,877.00",35.500,"323,152.00","323,152.00","205,527.00",169.00,"205,358.00",35.500,"572,573.00","572,573.00","161,364.00","1,333.00","100,018.00",519.00,"59,494.00","8,794","3,520","2,000","12,462","9,635",198,220,"685,116",83.4
부산광역시,사하구,사하구,2035,"1,210,827.00","1,210,827.00","848,270.00",70.1,22.440,"385,811.00","385,811.00","385,811.00","43,670.00","126,737.00","16,302.00","199,102.00",18.500,"209,160.00","209,160.00","170,793.00","4,344.00","166,449.00",18.500,"615,856.00","615,856.00","291,666.00","46,338.00","46,983.00","16,022.00","182,323.00","8,331",0,0,"13,783",0,143,0,"721,109",85.0
부산광역시,금정구,금정구,2035,"1,152,813.00","1,154,111.00","647,502.00",56.1,30.200,"457,343.00","458,641.00","458,641.00","52,321.00","94,473.00","65,198.00","246,649.00",11.500,"179,130.00","179,130.00","93,707.00",0.00,"93,707.00",11.500,"516,340.00","516,340.00","95,154.00",187.00,"35,219.00",419.00,"59,329.00","3,082",0,0,"9,603",0,0,246,"553,127",85.4
부산광역시,강서구,강서구,2035,"1,835,084.00","1,839,508.00","1,010,136.00",54.9,40.000,"301,003.00","305,427.00","305,427.00","23,870.00","22,474.00","35,574.00","223,509.00",140.000,"604,595.00","604,595.00","370,428.00",0.00,"370,428.00",140.000,"929,486.00","929,486.00","334,281.00","48,667.00","180,113.00","12,818.00","92,683.00","12,748",10,"2,116","9,855","12,045","1,711",205,"844,147",83.6
부산광역시,연제구,연제구,2035,"632,166.00","632,166.00","405,115.90",64.1,4.080,"174,090.00","174,090.00","174,090.00","19,406.00","56,795.00","7,098.00","90,791.00",8.000,"139,465.00","139,465.00","51,222.90",745.00,"50,477.90",8.000,"318,611.00","318,611.00","179,803.00","9,937.00","4,624.00",315.00,"164,927.00","1,991","3,254","3,668","3,962","3,668",16,0,"339,601",83.8
부산광역시,수영구,수영구,2035,"652,857.00","653,168.00","344,655.00",52.8,2.400,"237,189.00","237,500.00","237,500.00","21,809.00","38,780.00","4,723.00","172,188.00",7.800,"108,469.00","108,469.00","37,318.00",140.00,"37,178.00",7.800,"307,199.00","307,199.00","69,837.00",493.00,"25,862.00",0.00,"43,482.00","1,930",434,0,"2,896","2,944",0,56,"326,826",94.8
부산광역시,사상구,사상구,2035,"1,142,505.00","1,142,605.00","659,568.00",57.7,5.290,"382,288.00","382,388.00","382,388.00","26,406.00","97,939.00","14,082.00","243,961.00",30.800,"196,551.00","196,551.00","85,868.00","2,669.00","83,199.00",30.800,"563,666.00","563,666.00","191,312.00","33,993.00","16,162.00","4,881.00","136,276.00","5,053","3,967",301,"8,771",0,81,295,"601,565",91.2
부산광역시,기장군,기장군,2035,"1,125,903.00","1,125,903.00","702,885.00",62.4,148.280,"144,445.00","144,445.00","144,340.00","15,883.00","54,290.00","9,149.00","65,018.00",70.000,"530,849.00","530,849.00","265,552.00",0.00,"265,552.00",70.000,"450,609.00","450,609.00","292,993.00","35,767.00","13,896.00","21,927.00","221,403.00","1,527",585,921,"2,752","4,141",6,0,"393,553",56.0
대구광역시,,합계,,"5,963,415.00","6,599,175.00","6,003,837.00",91.0,18.600,"3,653,348.00","3,662,939.00","3,453,109.00","344,234.00","1,157,716.00",389.00,"1,950,770.00",174.200,"1,455,475.00","1,536,037.00","1,150,529.00","51,326.00","1,099,203.00",15.700,"854,592.00","1,400,199.00","1,400,199.00","112,691.00","915,890.00",0.00,"371,618.00","42,007","16,894","21,534","106,415","148,864",509,12,"5,757,354",95.9
대구광역시,중구,중구,2025,"317,154.00","324,775.00","319,083.00",98.2,4.100,"309,751.00","309,751.00","304,059.00","23,332.00","77,432.00",0.00,"203,295.00",2.900,"7,403.00","15,024.00","15,024.00",0.00,"15,024.00",0.000,0.00,0.00,0.00,0.00,0.00,0.00,0.00,"1,824",93,0,970,"10,744",6,3,"313,775",98.3
대구광역시,동구,동구,2025,"854,901.00","1,028,283.00","898,812.00",87.4,0.000,"501,025.00","501,025.00","440,018.00","33,826.00","186,480.00",0.00,"219,712.00",22.900,"307,483.00","307,483.00","239,019.00","12,728.00","226,291.00",0.000,"46,393.00","219,775.00","219,775.00","15,347.00","172,954.00",0.00,"31,474.00","14,326","5,400","2,314","12,322","16,728",56,0,"852,856",94.9
대구광역시,서구,서구,2025,"704,608.00","704,608.00","576,276.00",81.8,2.300,"561,333.00","561,333.00","555,849.00","48,542.00","171,041.00",0.00,"336,266.00",11.100,"143,275.00","143,275.00","20,427.00","2,441.00","17,986.00",0.000,0.00,0.00,0.00,0.00,0.00,0.00,0.00,"3,795",509,889,637,"28,250",10,0,"552,639",95.9
대구광역시,남구,남구,2025,"446,466.00","449,154.00","382,333.00",85.1,1.700,"388,743.00","388,743.00","374,720.00","33,059.00","44,263.00",0.00,"297,398.00",7.200,"57,723.00","57,723.00","4,925.00",900.00,"4,025.00",0.000,0.00,"2,688.00","2,688.00",0.00,0.00,0.00,"2,688.00","3,176",193,0,"1,966","32,446",12,0,"378,696",99.0
대구광역시,북구,북구,2025,"912,916.00","990,971.00","933,319.00",94.2,0.000,"505,189.00","505,189.00","490,708.00","67,145.00","119,912.00",0.00,"303,651.00",28.600,"263,175.00","263,175.00","220,004.00","28,883.00","191,121.00",0.000,"144,552.00","222,607.00","222,607.00","7,123.00","158,476.00",0.00,"57,008.00","4,597","1,771","3,532","21,800","18,437",62,9,"883,992",94.7
대구광역시,수성구,수성구,2025,"1,052,664.00","1,074,805.00","966,149.00",89.9,0.000,"767,379.00","767,379.00","754,595.00","71,201.00","260,942.00",298.00,"422,154.00",15.700,"217,738.00","217,738.00","121,866.00",651.00,"121,215.00",15.700,"67,547.00","89,688.00","89,688.00","4,878.00","72,176.00",0.00,"12,634.00","8,084","1,298",927,"22,881","7,077",141,0,"933,670",96.6
대구광역시,달서구,달서구,2025,"1,042,142.00","1,093,407.00","1,091,052.00",99.8,0.500,"244,477.00","254,068.00","254,068.00","40,743.00","118,078.00",0.00,"95,247.00",25.100,"248,754.00","248,754.00","246,399.00","5,723.00","240,676.00",0.000,"548,911.00","590,585.00","590,585.00","61,341.00","334,161.00",0.00,"195,083.00","2,611","4,051","6,502","25,207","35,182",16,0,"1,071,173",98.2
대구광역시,달성군,달성군,2025,"632,564.00","933,172.00","836,813.00",89.7,10.000,"375,451.00","375,451.00","279,092.00","26,386.00","179,568.00",91.00,"73,047.00",60.700,"209,924.00","282,865.00","282,865.00",0.00,"282,865.00",0.000,"47,189.00","274,856.00","274,856.00","24,002.00","178,123.00",0.00,"72,731.00","3,594","3,579","7,370","20,632",0,206,0,"770,553",92.1
인천광역시,,합계,,"4,983,722.00","5,829,829.05","5,079,072.05",87.1,117.800,"2,540,878.00","2,738,600.00","2,522,867.00","344,160.00","2,073,751.00","32,319.00","72,637.00",146.100,"1,027,245.00","1,253,767.05","1,007,127.05","29,420.05","977,707.00",158.000,"1,415,599.00","1,837,462.00","1,549,078.00","224,208.00","1,154,445.00","37,974.00","132,451.00","49,700","19,135","18,839","17,169","158,560",87,37,"5,225,194",102.9
인천광역시,중구,중구,2025,"858,576.00","903,576.00","718,671.00",79.5,14.100,"238,111.00","283,111.00","283,111.00","35,497.00","236,398.00","2,231.00","8,985.00",16.800,"250,463.00","250,463.00","176,501.00",0.00,"176,501.00",16.800,"370,002.00","370,002.00","259,059.00","48,595.00","210,464.00",0.00,0.00,"7,092","1,832","1,269",0,"15,062",0,0,"451,227",62.8
인천광역시,동구,동구,,"186,520.00","186,520.00","186,520.00",100.0,7.100,"186,520.00","186,520.00","186,520.00","41,710.00","144,810.00",0.00,0.00,0.000,0.00,0.00,0.00,0.00,0.00,0.000,0.00,0.00,0.00,0.00,0.00,0.00,0.00,"2,417",0,0,0,"8,549",8,0,"186,520",100.0
인천광역시,남구,남구,2025,"593,565.00","593,565.00","593,565.00",100.0,13.300,"509,630.00","509,630.00","509,630.00","58,898.00","432,949.00","8,063.00","9,720.00",1.400,"27,840.00","27,840.00","27,840.00",0.00,"27,840.00",1.400,"56,095.00","56,095.00","56,095.00","5,390.00","50,260.00",0.00,445.00,"9,736",677,"1,333",0,"24,463",11,0,"593,565",100.0
인천광역시,연수구,연수구,2030,"665,009.00","725,280.00","714,052.00",98.5,6.400,"52,816.00","67,912.00","67,912.00","8,740.00","56,832.00","1,680.00",660.00,39.000,"297,441.00","297,441.00","286,213.00","16,866.00","269,347.00",39.000,"314,752.00","359,927.00","359,927.00","62,494.00","296,841.00",469.00,123.00,"6,117","2,985","2,852",0,"20,557",3,37,"714,052",100.0
인천광역시,남동구,남동구,,"496,671.00","1,099,881.05","909,863.05",82.7,0.000,"496,671.00","496,671.00","306,653.00","51,861.00","252,332.00","2,460.00",0.00,0.000,0.00,"226,522.05","226,522.05",241.05,"226,281.00",0.000,0.00,"376,688.00","376,688.00","59,326.00","261,091.00","34,240.00","22,031.00","4,980","5,425","6,124","13,677","20,517",18,0,"932,199",102.5
인천광역시,부평구,부평구,,"518,742.00","620,542.00","566,831.00",91.3,28.400,"406,048.00","507,848.00","507,848.00","58,776.00","419,940.00","3,736.00","25,396.00",3.600,"50,596.00","50,596.00","35,998.00",0.00,"35,998.00",3.600,"62,098.00","62,098.00","22,985.00","3,224.00","19,761.00",0.00,0.00,"10,445",0,0,0,"21,014",16,0,"565,839",99.8
인천광역시,계양구,계양구,,"297,497.00","297,497.00","297,497.00",100.0,10.000,"200,296.00","200,296.00","200,296.00","24,089.00","161,695.00","10,753.00","3,759.00",0.500,"45,325.00","45,325.00","45,325.00","5,492.00","39,833.00",7.000,"51,876.00","51,876.00","51,876.00","7,017.00","41,440.00",755.00,"2,664.00","3,775",854,978,0,"9,895",2,0,"297,497",100.0
인천광역시,서구,서구,,"948,299.00","948,299.00","948,299.00",100.0,30.000,"384,167.00","384,167.00","384,167.00","60,386.00","303,043.00","3,396.00","17,342.00",64.000,"161,375.00","161,375.00","161,375.00",279.00,"161,096.00",55.000,"402,757.00","402,757.00","402,757.00","30,148.00","267,386.00","1,200.00","104,023.00","3,387","6,204","4,695",0,"34,678",26,0,"1,370,000",144.5
인천광역시,강화군,강화군,2030,"325,866.00","361,692.00","97,785.00",27.0,3.600,"11,325.00","47,151.00","47,151.00","4,203.00","36,173.00",0.00,"6,775.00",19.000,"167,821.00","167,821.00","31,551.00","6,542.00","25,009.00",35.000,"146,720.00","146,720.00","19,083.00","8,014.00","6,594.00","1,310.00","3,165.00","1,158","1,158","1,588","2,967","3,376",2,0,"95,795",98.0
인천광역시,옹진군,옹진군,,"92,977.00","92,977.00","45,989.00",49.5,4.900,"55,294.00","55,294.00","29,579.00",0.00,"29,579.00",0.00,0.00,1.800,"26,384.00","26,384.00","15,802.00",0.00,"15,802.00",0.200,"11,299.00","11,299.00",608.00,0.00,608.00,0.00,0.00,593,0,0,525,449,1,0,"18,500",40.2
광주광역시,,합계,,"4,335,700.00","5,514,103.60","4,360,313.60",79.1,0.000,"612,100.00","1,685,715.60","1,685,715.60","157,702.00","1,094,076.60","22,890.00","411,047.00",160.700,"1,522,700.00","1,573,311.00","1,424,923.00","46,381.00","1,378,542.00",0.000,"2,200,900.00","2,255,077.00","1,249,675.00","119,325.00","1,077,999.00","2,271.00","50,080.00","50,812","19,458","20,654","23,978","72,295",263,213,"3,800,313",87.2
광주광역시,동구,동구,2020,"394,300.00","466,967.00","351,884.00",75.4,0.000,"214,500.00","277,038.00","277,038.00","31,594.00","166,409.00",272.00,"78,763.00",10.000,"35,600.00","45,729.00","45,729.00","2,610.00","43,119.00",0.000,"144,200.00","144,200.00","29,117.00","2,046.00","26,622.00",0.00,449.00,"11,604","2,286","1,455",125,"7,696",100,0,"304,938",86.7
광주광역시,서구,서구,2020,"781,000.00","1,115,717.60","821,602.60",73.6,0.000,0.00,"334,717.60","334,717.60","36,296.00","253,554.60","1,959.00","42,908.00",26.300,"305,900.00","305,900.00","259,940.00","10,776.00","249,164.00",0.000,"475,100.00","475,100.00","226,945.00","17,788.00","201,123.00",4.00,"8,030.00","7,578","4,425","6,647","2,529","15,882",50,90,"806,349",98.1
광주광역시,남구,남구,2020,"453,100.00","644,083.00","478,368.00",74.3,0.000,"47,500.00","234,815.00","234,815.00","23,535.00","174,593.00","2,279.00","34,408.00",14.400,"141,900.00","145,568.00","145,568.00","4,214.00","141,354.00",0.000,"263,700.00","263,700.00","97,985.00","10,977.00","83,592.00",0.00,"3,416.00","15,421","2,449","1,850","7,525","6,766",68,23,"418,407",87.5
광주광역시,북구,북구,2020,"1,407,600.00","1,872,324.00","1,293,447.00",69.1,0.000,"14,500.00","479,224.00","479,224.00","42,895.00","317,153.00","3,011.00","116,165.00",39.800,"560,500.00","560,500.00","458,072.00","6,017.00","452,055.00",0.000,"832,600.00","832,600.00","356,151.00","36,939.00","304,316.00",473.00,"14,423.00","11,708","3,850","3,956","11,853","12,262",29,27,"1,110,470",85.9
광주광역시,광산구,광산구,2020,"1,299,700.00","1,415,012.00","1,415,012.00",100.0,0.000,"335,600.00","359,921.00","359,921.00","23,382.00","182,367.00","15,369.00","138,803.00",70.200,"478,800.00","515,614.00","515,614.00","22,764.00","492,850.00",0.000,"485,300.00","539,477.00","539,477.00","51,575.00","462,346.00","1,794.00","23,762.00","4,501","6,448","6,746","1,946","29,689",16,73,"1,160,149",82.0
대전광역시,,합계,,"3,460,125.00","3,649,932.50","3,562,317.50",97.6,55.370,"1,493,422.00","1,616,580.50","1,616,580.50","231,017.50","949,526.00",0.00,"436,037.00",95.330,"917,363.00","929,652.00","843,173.00","1,943.00","841,230.00",95.330,"1,049,340.00","1,103,700.00","1,102,564.00","136,131.00","852,097.00",0.00,"114,336.00","34,157","15,214","22,507","97,756","146,649",162,273,"3,293,789",92.5
대전광역시,동구,동구,2035,"588,683.00","621,238.00","597,443.00",96.2,14.900,"356,739.00","388,844.00","388,844.00","38,932.00","251,191.00",0.00,"98,721.00",7.600,"125,266.00","125,266.00","101,471.00",0.00,"101,471.00",7.600,"106,678.00","107,128.00","107,128.00","12,766.00","71,184.00",0.00,"23,178.00","7,287",964,"2,013","5,812","27,340",55,135,"554,527",92.8
대전광역시,중구,중구,2035,"533,381.00","566,404.00","565,268.00",99.8,14.120,"425,759.00","446,493.00","446,493.00","55,236.00","229,282.00",0.00,"161,975.00",2.840,"47,909.00","60,198.00","60,198.00",0.00,"60,198.00",2.840,"59,713.00","59,713.00","58,577.00","4,015.00","47,952.00",0.00,"6,610.00","6,605",872,"1,739","28,390","26,730",40,74,"529,666",93.7
대전광역시,서구,서구,2035,"726,678.00","762,242.50","757,521.50",99.4,10.400,"259,987.00","295,551.50","295,551.50","58,816.50","172,892.00",0.00,"63,843.00",18.200,"218,719.00","218,719.00","213,998.00","1,943.00","212,055.00",18.200,"247,972.00","247,972.00","247,972.00","27,487.00","202,134.00",0.00,"18,351.00","7,546","2,904","3,848","21,281","28,359",35,37,"721,586",95.3
대전광역시,유성구,유성구,2035,"982,304.00","1,062,412.00","1,051,796.00",99.0,2.840,"186,326.00","212,607.00","212,607.00","35,267.00","153,194.00",0.00,"24,146.00",55.200,"329,154.00","329,154.00","318,538.00",0.00,"318,538.00",55.200,"466,824.00","520,651.00","520,651.00","72,359.00","403,289.00",0.00,"45,003.00","2,820","4,224","6,895","29,601","34,710",22,27,"904,527",86.0
대전광역시,대덕구,대덕구,2035,"629,079.00","637,636.00","590,289.00",92.6,13.110,"264,611.00","273,085.00","273,085.00","42,766.00","142,967.00",0.00,"87,352.00",11.490,"196,315.00","196,315.00","148,968.00",0.00,"148,968.00",11.490,"168,153.00","168,236.00","168,236.00","19,504.00","127,538.00",0.00,"21,194.00","9,899","6,250","8,012","12,672","29,510",10,0,"583,483",98.8
울산광역시,,합계,,"5,022,783.75","5,274,591.80","4,378,779.50",83.0,0.000,"86,475.00","119,576.50","86,624.50","83,157.70","3,466.80",0.00,0.00,228.250,"2,623,728.00","2,764,708.00","2,221,625.50","142,246.90","2,079,378.60",977.510,"2,312,580.75","2,390,307.30","2,070,529.50","212,447.30","1,061,203.30","15,044.90","781,834.00","10,543","38,637","24,054","45,745","62,639",126,833,"4,243,905",96.9
울산광역시,중구,중구,2030,"715,908.00","749,009.00","624,895.10",83.4,0.000,0.00,"33,101.00","33,101.00","32,775.10",325.90,0.00,0.00,17.980,"285,091.00","285,091.00","282,832.00","52,496.60","230,335.40",46.790,"430,817.00","430,817.00","308,962.10","19,721.40","97,771.90","2,732.80","188,736.00",189,"7,230","5,573","9,876","11,875",31,54,"726,654",116.3
울산광역시,남구,남구,2030,"1,034,915.75","1,091,301.20","1,091,301.20",100.0,0.000,"5,290.00","5,290.50","5,290.50","4,944.60",345.90,0.00,0.00,53.770,"376,680.00","420,296.10","420,296.10","8,096.40","412,199.70",116.160,"652,945.75","665,714.60","665,714.60","111,347.60","302,685.00",0.00,"251,682.00",41,"8,583","6,550","10,297","16,391",21,49,"1,091,301",100.0
울산광역시,동구,동구,2030,"494,143.00","591,506.90","562,233.00",95.1,0.000,"27,739.00","27,739.00","27,738.00","27,169.00",569.00,0.00,0.00,19.710,"209,133.00","306,496.90","306,496.90","27,155.20","279,341.70",50.960,"257,271.00","257,271.00","227,998.10",890.60,"139,990.90","2,727.60","84,389.00",44,"3,514","2,422","11,057","5,964",8,3,"386,002",68.7
울산광역시,북구,북구,2030,"690,778.00","755,735.70","586,139.70",77.6,0.000,"14,476.00","14,476.00","14,476.00","14,002.00",474.00,0.00,0.00,35.100,"453,497.00","453,497.00","283,901.00","3,680.00","280,221.00",105.270,"222,805.00","287,762.70","287,762.70","33,936.00","175,148.70",0.00,"78,678.00","10,224",0,0,"3,829","8,389",14,134,"566,224",96.6
울산광역시,울주군,울주군,2030,"2,087,039.00","2,087,039.00","1,514,210.50",72.6,0.000,"38,970.00","38,970.00","6,019.00","4,267.00","1,752.00",0.00,0.00,101.690,"1,299,327.00","1,299,327.00","928,099.50","50,818.70","877,280.80",658.330,"748,742.00","748,742.00","580,092.00","46,551.70","345,606.80","9,584.50","178,349.00",45,"19,310","9,509","10,686","20,020",52,593,"1,473,724",97.3
세종특별자치시,,합계,,"1,276,337.60","1,299,256.10","1,102,126.10",84.8,10.280,"166,277.00","166,391.00","165,109.00","12,708.00","112,580.00",0.00,"39,821.00",48.795,"612,154.60","612,154.60","416,309.60",0.00,"416,309.60",48.795,"497,906.00","520,710.50","520,707.50","48,252.00","281,397.50","1,223.00","189,835.00","2,376","5,883","10,462","8,517","13,750",6,262,"1,093,166",99.2
세종특별자치시,,조치원읍,2030,"220,700.00","220,700.00","214,524.00",97.2,2.240,"49,393.00","49,393.00","49,393.00","4,860.00","39,039.00",0.00,"5,494.00",5.260,"92,970.00","92,970.00","86,794.00",0.00,"86,794.00",5.260,"78,337.00","78,337.00","78,337.00","14,420.00","36,388.00",0.00,"27,529.00",706,"1,330","1,996","2,317","1,434",6,22,"214,524",100.0
세종특별자치시,,연기면,2030,"28,226.00","28,226.00","28,225.00",100.0,1.500,0.00,0.00,0.00,0.00,0.00,0.00,0.00,0.897,"12,975.00","12,975.00","12,974.00",0.00,"12,974.00",0.897,"15,251.00","15,251.00","15,251.00","1,219.00","7,389.00",0.00,"6,643.00",0,161,375,94,154,0,3,"28,225",100.0
세종특별자치시,,연동면,2030,"54,509.00","54,509.00","32,875.00",60.3,0.940,"22,814.00","22,814.00","22,813.00","2,562.00","13,181.00",0.00,"7,070.00",0.164,"25,979.00","25,979.00","4,348.00",0.00,"4,348.00",0.164,"5,716.00","5,716.00","5,714.00",423.00,"4,383.00",0.00,908.00,326,194,452,139,241,0,0,"32,875",100.0
세종특별자치시,,부강면,2030,"51,239.00","51,239.00","40,182.00",78.4,0.700,"3,010.00","3,010.00","3,010.00",252.00,"2,573.00",0.00,185.00,0.095,"25,945.00","25,945.00","14,888.00",0.00,"14,888.00",0.095,"22,284.00","22,284.00","22,284.00","1,755.00","10,993.00",0.00,"9,536.00",43,232,541,72,364,0,0,"40,182",100.0
세종특별자치시,,금남면,2030,"82,385.00","82,499.00","38,872.00",47.1,1.120,"33,089.00","33,203.00","33,203.00","3,472.00","19,602.00",0.00,"10,129.00",1.209,"45,581.00","45,581.00","1,954.00",0.00,"1,954.00",1.209,"3,715.00","3,715.00","3,715.00",68.00,997.00,0.00,"2,650.00",473,222,519,82,314,0,33,"38,872",100.0
세종특별자치시,,장군면,2030,"78,443.00","78,443.00","20,756.00",26.5,1.240,"20,538.00","20,538.00","20,537.00",575.00,"12,420.00",0.00,"7,542.00",1.918,"57,839.00","57,839.00",153.00,0.00,153.00,1.918,66.00,66.00,66.00,66.00,0.00,0.00,0.00,293,0,242,0,174,0,24,"20,756",100.0
세종특별자치시,,연서면,2030,"110,099.00","110,349.50","103,835.50",94.1,0.500,"8,126.00","8,126.00","8,012.00",550.00,"5,758.00",0.00,"1,704.00",5.327,"70,522.00","70,522.00","64,122.00",0.00,"64,122.00",5.327,"31,451.00","31,701.50","31,701.50","2,019.00","17,966.50",0.00,"11,716.00",116,555,"1,296","1,468",221,0,71,"94,879",91.4
세종특별자치시,,전의면,2030,"82,635.00","82,637.00","54,441.00",65.9,1.170,"18,044.00","18,044.00","18,042.00",307.00,"13,082.00",0.00,"4,653.00",2.257,"44,518.00","44,518.00","16,324.00",0.00,"16,324.00",2.257,"20,073.00","20,075.00","20,075.00","2,177.00","12,113.00",0.00,"5,785.00",258,443,"1,034","1,366",124,0,65,"54,441",100.0
세종특별자치시,,전동면,2030,"64,600.00","64,600.00","42,363.00",65.6,0.870,"11,263.00","11,263.00","10,099.00",130.00,"6,925.00",0.00,"3,044.00",1.781,"39,432.00","39,432.00","18,359.00",0.00,"18,359.00",1.781,"13,905.00","13,905.00","13,905.00",488.00,"9,259.00",0.00,"4,158.00",161,68,500,341,104,0,16,"42,363",100.0
세종특별자치시,,소정면,2030,"44,323.00","44,323.00","44,322.00",100.0,0.000,0.00,0.00,0.00,0.00,0.00,0.00,0.00,1.987,"20,338.00","20,338.00","20,338.00",0.00,"20,338.00",1.987,"23,985.00","23,985.00","23,984.00","2,157.00","11,307.00",0.00,"10,520.00",0,248,580,"2,094",69,0,28,"44,322",100.0
세종특별자치시,,한솔동,2030,"77,666.00","77,666.00","77,666.00",100.0,0.000,0.00,0.00,0.00,0.00,0.00,0.00,0.00,2.700,"41,681.00","41,681.00","41,681.00",0.00,"41,681.00",2.700,"35,985.00","35,985.00","35,985.00","3,836.00","16,801.00",0.00,"15,348.00",0,248,339,47,"1,100",0,0,"77,666",100.0
세종특별자치시,,도담동,2030,"78,627.00","78,627.00","78,627.00",100.0,0.000,0.00,0.00,0.00,0.00,0.00,0.00,0.00,4.700,"17,850.00","17,850.00","17,850.00",0.00,"17,850.00",4.700,"60,777.00","60,777.00","60,777.00","3,071.00","30,192.00",0.00,"27,514.00",0,445,630,91,"1,740",0,0,"78,627",100.0
세종특별자치시,,아름동,2030,"111,311.00","111,311.00","111,311.00",100.0,0.000,0.00,0.00,0.00,0.00,0.00,0.00,0.00,2.100,"55,748.00","55,748.00","55,748.00",0.00,"55,748.00",2.100,"55,563.00","55,563.00","55,563.00","4,692.00","26,118.00",0.00,"24,753.00",0,446,539,131,"3,388",0,0,"111,311",100.0
세종특별자치시,,종촌동,2030,"41,547.00","41,547.00","41,547.00",100.0,0.000,0.00,0.00,0.00,0.00,0.00,0.00,0.00,1.100,"17,778.00","17,778.00","17,778.00",0.00,"17,778.00",1.100,"23,769.00","23,769.00","23,769.00","1,451.00","12,778.00",0.00,"9,540.00",0,178,171,27,571,0,0,"41,547",100.0
세종특별자치시,,고운동,2030,"87,943.00","110,492.00","110,492.00",100.0,0.000,0.00,0.00,0.00,0.00,0.00,0.00,0.00,5.300,"28,697.00","28,697.00","28,697.00",0.00,"28,697.00",5.300,"59,246.00","81,795.00","81,795.00","4,896.00","66,525.00",0.00,"10,374.00",0,768,814,149,"2,580",0,0,"110,492",100.0
세종특별자치시,,보람동,2030,"34,195.60","34,195.60","34,195.60",100.0,0.000,0.00,0.00,0.00,0.00,0.00,0.00,0.00,7.200,"8,102.60","8,102.60","8,102.60",0.00,"8,102.60",7.200,"26,093.00","26,093.00","26,093.00","4,410.00",0.00,0.00,"21,683.00",0,186,247,58,541,0,0,"34,195",100.0
세종특별자치시,,새롬동,2030,"27,889.00","27,892.00","27,892.00",100.0,0.000,0.00,0.00,0.00,0.00,0.00,0.00,0.00,4.800,"6,199.00","6,199.00","6,199.00",0.00,"6,199.00",4.800,"21,690.00","21,693.00","21,693.00","1,104.00","18,188.00","1,223.00","1,178.00",0,159,187,41,631,0,0,"27,889",100.0
경기도,,합계,,"27,283,711.50","34,099,464.47","28,639,894.72",84.0,"1,017.493","4,695,081.80","7,699,565.11","7,200,886.96","665,171.19","5,988,693.02","237,622.35","309,400.40","1,251.110","13,525,669.10","15,530,509.05","12,159,581.85","1,498,032.24","10,661,549.61","2,024.703","9,062,960.60","10,865,900.31","9,279,425.91","1,548,713.56","7,279,077.30","98,564.15","353,070.90","209,695","300,968","229,129","800,187","622,301","1,955","6,834","25,174,668",87.9
경기도,시부,합계,,"24,818,862.50","31,593,188.47","26,800,862.72",84.8,330.593,"4,406,960.80","7,411,444.11","6,958,600.96","644,458.19","5,837,743.02","166,999.35","309,400.40","1,111.370","11,756,492.10","13,732,228.05","10,782,041.85","1,498,032.24","9,284,009.61","1,542.343","8,655,409.60","10,446,026.31","9,060,219.91","1,531,238.56","7,092,852.30","87,179.15","348,949.90","199,170","264,573","218,584","755,863","548,720","1,902","6,596","23,750,990",88.6
경기도,수원시,소계,,"2,050,387.00","2,141,618.00","1,963,196.00",91.7,17.680,"944,972.00","1,034,254.00","1,034,254.00","126,355.00","880,139.00","4,931.00","22,829.00",39.020,"583,214.00","583,214.00","405,409.00",0.00,"405,409.00",39.020,"522,201.00","524,150.00","523,533.00","31,735.00","424,968.00",956.00,"65,874.00","22,024","7,896","10,412","122,200","122,200",322,727,"1,875,275",95.5
경기도,수원시,파장동,2035,"38,444.00","40,246.00","33,088.00",82.2,0.500,"21,454.00","23,252.00","23,252.00","1,961.00","20,694.00",56.00,541.00,0.600,"10,916.00","10,916.00","3,758.00",0.00,"3,758.00",0.600,"6,074.00","6,078.00","6,078.00",585.00,"3,823.00",65.00,"1,605.00",520,84,134,876,876,7,22,"31,306",94.6
경기도,수원시,율천동,2035,"67,829.00","71,006.00","58,371.00",82.2,0.900,"37,850.00","41,025.00","41,025.00","3,459.00","36,512.00",101.00,953.00,1.130,"19,264.00","19,264.00","6,629.00",0.00,"6,629.00",1.130,"10,715.00","10,717.00","10,717.00","1,032.00","6,746.00",113.00,"2,826.00",919,147,238,"1,547","1,547",14,39,"55,236",94.6
경기도,수원시,정자1동,2035,"52,143.00","54,584.00","44,871.00",82.2,0.000,"29,097.00","31,538.00","31,538.00","2,659.00","28,068.00",78.00,733.00,0.700,"14,809.00","14,809.00","5,096.00",0.00,"5,096.00",0.700,"8,237.00","8,237.00","8,237.00",793.00,"5,186.00",87.00,"2,171.00",706,113,183,"1,189","1,189",10,30,"42,462",94.6
경기도,수원시,정자2동,2035,"48,781.00","51,068.00","41,981.00",82.2,0.000,"27,221.00","29,504.00","29,504.00","2,488.00","26,258.00",73.00,685.00,0.820,"13,854.00","13,854.00","4,767.00",0.00,"4,767.00",0.820,"7,706.00","7,710.00","7,710.00",742.00,"4,851.00",81.00,"2,036.00",661,106,171,"1,113","1,113",10,28,"39,724",94.6
경기도,수원시,정자3동,2035,"67,640.00","70,809.00","58,209.00",82.2,0.000,"37,745.00","40,910.00","40,910.00","3,449.00","36,410.00",101.00,950.00,0.800,"19,210.00","19,210.00","6,610.00",0.00,"6,610.00",0.800,"10,685.00","10,689.00","10,689.00","1,029.00","6,727.00",113.00,"2,820.00",916,147,238,"1,543","1,543",14,39,"55,082",94.6
경기도,수원시,영화동,2035,"35,336.00","36,990.00","30,406.00",82.2,0.600,"19,718.00","21,372.00","21,372.00","1,802.00","19,021.00",53.00,496.00,0.590,"10,036.00","10,036.00","3,453.00",0.00,"3,453.00",0.590,"5,582.00","5,582.00","5,581.00",538.00,"3,514.00",59.00,"1,470.00",479,77,124,806,806,7,20,"28,776",94.6
경기도,수원시,송죽동,2035,"28,128.00","29,448.00","24,208.00",82.2,0.300,"15,696.00","17,012.00","17,012.00","1,434.00","15,141.00",42.00,395.00,0.470,"7,989.00","7,989.00","2,749.00",0.00,"2,749.00",0.470,"4,443.00","4,447.00","4,447.00",428.00,"2,797.00",47.00,"1,175.00",381,61,99,642,642,6,16,"22,906",94.6
경기도,수원시,조원1동,2035,"47,991.00","50,241.00","41,301.00",82.2,0.200,"26,780.00","29,025.00","29,025.00","2,447.00","25,833.00",71.00,674.00,0.800,"13,630.00","13,630.00","4,690.00",0.00,"4,690.00",0.800,"7,581.00","7,586.00","7,586.00",730.00,"4,773.00",80.00,"2,003.00",650,104,169,"1,095","1,095",10,28,"39,081",94.6
경기도,수원시,조원2동,2035,"30,382.00","31,806.00","26,146.00",82.2,0.300,"16,954.00","18,376.00","18,376.00","1,549.00","16,355.00",45.00,427.00,0.510,"8,629.00","8,629.00","2,969.00",0.00,"2,969.00",0.510,"4,799.00","4,801.00","4,801.00",462.00,"3,022.00",51.00,"1,266.00",411,66,107,693,693,6,18,"24,742",94.6
경기도,수원시,연무동,2035,"31,228.00","32,692.00","26,875.00",82.2,0.800,"17,426.00","18,889.00","18,889.00","1,593.00","16,810.00",47.00,439.00,0.520,"8,869.00","8,869.00","3,052.00",0.00,"3,052.00",0.520,"4,933.00","4,934.00","4,934.00",475.00,"3,106.00",52.00,"1,301.00",423,68,110,712,712,6,18,"25,431",94.6
경기도,수원시,세류1동,2035,"25,208.00","26,815.00","24,993.00",93.2,0.100,"10,423.00","11,947.00","11,947.00","1,752.00","9,980.00",93.00,122.00,0.410,"7,545.00","7,545.00","5,723.00",0.00,"5,723.00",0.410,"7,240.00","7,323.00","7,323.00",482.00,"6,302.00",6.00,533.00,237,113,146,426,426,4,8,"23,483",94.0
경기도,수원시,세류2동,2035,"55,824.00","59,354.00","55,320.00",93.2,0.800,"23,081.00","26,467.00","26,467.00","3,880.00","22,106.00",208.00,273.00,0.900,"16,711.00","16,711.00","12,677.00",0.00,"12,677.00",0.900,"16,032.00","16,176.00","16,176.00","1,069.00","13,958.00",16.00,"1,133.00",522,254,324,942,942,8,20,"52,016",94.0
경기도,수원시,세류3동,2035,"49,047.00","52,150.00","48,606.00",93.2,0.600,"20,279.00","23,253.00","23,253.00","3,409.00","19,422.00",182.00,240.00,0.000,"14,682.00","14,682.00","11,138.00",0.00,"11,138.00",0.000,"14,086.00","14,215.00","14,215.00",939.00,"12,263.00",14.00,999.00,459,223,284,827,827,7,17,"45,702",94.0
경기도,수원시,평동,2035,"76,614.00","81,463.00","75,927.00",93.2,2.000,"31,677.00","36,322.00","36,322.00","5,325.00","30,338.00",285.00,374.00,1.300,"22,934.00","22,934.00","17,398.00",0.00,"17,398.00",1.300,"22,003.00","22,207.00","22,207.00","1,468.00","19,156.00",22.00,"1,561.00",717,348,444,"1,292","1,292",12,27,"71,388",94.0
경기도,수원시,서둔동,2035,"84,044.00","89,360.00","83,288.00",93.2,0.600,"34,749.00","39,845.00","39,845.00","5,841.00","33,280.00",313.00,411.00,1.320,"25,158.00","25,158.00","19,086.00",0.00,"19,086.00",1.320,"24,137.00","24,357.00","24,357.00","1,610.00","21,013.00",24.00,"1,710.00",786,382,487,"1,417","1,417",13,29,"78,311",94.0
경기도,수원시,구운동,2035,"55,558.00","59,070.00","55,056.00",93.2,0.000,"22,971.00","26,340.00","26,340.00","3,861.00","22,000.00",207.00,272.00,0.900,"16,631.00","16,631.00","12,617.00",0.00,"12,617.00",0.900,"15,956.00","16,099.00","16,099.00","1,064.00","13,891.00",16.00,"1,128.00",520,252,322,937,937,8,20,"51,768",94.0
경기도,수원시,금곡동,2035,"72,705.00","77,307.00","72,054.00",93.2,0.610,"30,061.00","34,469.00","34,469.00","5,053.00","28,790.00",271.00,355.00,1.170,"21,764.00","21,764.00","16,511.00",0.00,"16,511.00",1.170,"20,880.00","21,074.00","21,074.00","1,393.00","18,178.00",21.00,"1,482.00",680,330,421,"1,226","1,226",11,26,"67,746",94.0
경기도,수원시,호매실동,2035,"58,063.00","61,735.00","57,540.00",93.2,1.000,"24,007.00","27,528.00","27,528.00","4,036.00","22,992.00",216.00,284.00,0.940,"17,381.00","17,381.00","13,186.00",0.00,"13,186.00",0.940,"16,675.00","16,826.00","16,826.00","1,112.00","14,518.00",17.00,"1,179.00",543,264,337,979,979,9,20,"54,103",94.0
경기도,수원시,권선1동,2035,"51,465.00","54,718.00","50,999.00",93.2,0.200,"21,279.00","24,399.00","24,399.00","3,577.00","20,379.00",191.00,252.00,0.830,"15,406.00","15,406.00","11,687.00",0.00,"11,687.00",0.830,"14,780.00","14,913.00","14,913.00",986.00,"12,868.00",15.00,"1,044.00",482,234,298,868,868,8,18,"47,954",94.0
경기도,수원시,권선2동,2035,"101,211.00","107,614.00","100,301.00",93.2,0.200,"41,847.00","47,984.00","47,984.00","7,034.00","40,078.00",377.00,495.00,1.630,"30,297.00","30,297.00","22,984.00",0.00,"22,984.00",1.630,"29,067.00","29,333.00","29,333.00","1,939.00","25,306.00",29.00,"2,059.00",947,460,587,"1,707","1,707",15,36,"94,307",94.0
경기도,수원시,곡선동,2035,"60,065.00","63,864.00","59,524.00",93.2,0.000,"24,835.00","28,477.00","28,477.00","4,175.00","23,785.00",223.00,294.00,0.600,"17,980.00","17,980.00","13,640.00",0.00,"13,640.00",0.600,"17,250.00","17,407.00","17,407.00","1,151.00","15,018.00",17.00,"1,221.00",562,273,348,"1,013","1,013",9,21,"55,969",94.0
경기도,수원시,입북동,2035,"36,704.00","39,028.00","36,376.00",93.2,0.310,"15,176.00","17,401.00","17,401.00","2,551.00","14,534.00",137.00,179.00,0.400,"10,987.00","10,987.00","8,335.00",0.00,"8,335.00",0.400,"10,541.00","10,640.00","10,640.00",703.00,"9,177.00",11.00,749.00,343,167,213,619,619,6,13,"34,201",94.0
경기도,수원시,매교동,2035,"19,415.00","19,911.00","19,881.00",99.8,0.600,"14,899.00","15,395.00","15,395.00","1,302.00","13,832.00",0.00,261.00,0.090,"1,427.00","1,427.00","1,401.00",0.00,"1,401.00",0.090,"3,089.00","3,089.00","3,085.00",28.00,"1,649.00",0.00,"1,408.00",375,34,76,"4,177","4,177",5,6,"19,381",97.5
경기도,수원시,매산동,2035,"22,420.00","22,998.00","22,958.00",99.8,0.570,"17,204.00","17,782.00","17,782.00","1,504.00","15,974.00",0.00,304.00,0.050,"1,648.00","1,648.00","1,619.00",0.00,"1,619.00",0.050,"3,568.00","3,568.00","3,557.00",34.00,"1,904.00",0.00,"1,619.00",433,40,87,"4,824","4,824",6,7,"22,381",97.5
경기도,수원시,고등동,2035,"22,849.00","23,436.00","23,396.00",99.8,0.800,"17,533.00","18,120.00","18,120.00","1,532.00","16,278.00",0.00,310.00,0.120,"1,680.00","1,680.00","1,650.00",0.00,"1,650.00",0.120,"3,636.00","3,636.00","3,626.00",34.00,"1,941.00",0.00,"1,651.00",441,40,88,"4,916","4,916",7,7,"22,808",97.5
경기도,수원시,화서1동,2035,"44,645.00","45,793.00","45,713.00",99.8,0.200,"34,258.00","35,406.00","35,406.00","2,994.00","31,807.00",0.00,605.00,0.230,"3,282.00","3,282.00","3,223.00",0.00,"3,223.00",0.230,"7,105.00","7,105.00","7,084.00",67.00,"3,792.00",0.00,"3,225.00",862,79,173,"9,605","9,605",13,13,"44,565",97.5
경기도,수원시,화서2동,2035,"48,133.00","49,371.00","49,281.00",99.8,0.700,"36,935.00","38,173.00","38,173.00","3,228.00","34,293.00",0.00,652.00,0.300,"3,538.00","3,538.00","3,475.00",0.00,"3,475.00",0.300,"7,660.00","7,660.00","7,633.00",72.00,"4,089.00",0.00,"3,472.00",929,85,186,"10,355","10,355",14,14,"48,048",97.5
경기도,수원시,지동,2035,"26,113.00","26,785.00","26,739.00",99.8,0.700,"20,037.00","20,709.00","20,709.00","1,751.00","18,604.00",0.00,354.00,0.100,"1,920.00","1,920.00","1,885.00",0.00,"1,885.00",0.100,"4,156.00","4,156.00","4,145.00",39.00,"2,218.00",0.00,"1,888.00",504,46,101,"5,618","5,618",7,8,"26,066",97.5
경기도,수원시,우만1동,2035,"38,542.00","39,534.00","39,464.00",99.8,0.900,"29,575.00","30,567.00","30,567.00","2,585.00","27,460.00",0.00,522.00,0.200,"2,833.00","2,833.00","2,783.00",0.00,"2,783.00",0.200,"6,134.00","6,134.00","6,114.00",58.00,"3,274.00",0.00,"2,782.00",744,68,149,"8,292","8,292",11,12,"38,474",97.5
경기도,수원시,우만2동,2035,"30,903.00","31,699.00","31,646.00",99.8,0.780,"23,713.00","24,509.00","24,509.00","2,073.00","22,017.00",0.00,419.00,0.120,"2,272.00","2,272.00","2,231.00",0.00,"2,231.00",0.120,"4,918.00","4,918.00","4,906.00",46.00,"2,625.00",0.00,"2,235.00",597,54,120,"6,648","6,648",9,9,"30,848",97.5
경기도,수원시,인계동,2035,"75,496.00","77,438.00","77,305.00",99.8,1.210,"57,932.00","59,874.00","59,874.00","5,063.00","53,788.00",0.00,"1,023.00",1.680,"5,550.00","5,550.00","5,450.00",0.00,"5,450.00",1.680,"12,014.00","12,014.00","11,981.00",113.00,"6,413.00",0.00,"5,455.00","1,458",133,292,"16,242","16,242",22,23,"75,362",97.5
경기도,수원시,행궁동,2035,"20,498.00","21,026.00","20,989.00",99.8,1.200,"15,729.00","16,257.00","16,257.00","1,375.00","14,604.00",0.00,278.00,0.110,"1,507.00","1,507.00","1,480.00",0.00,"1,480.00",0.110,"3,262.00","3,262.00","3,252.00",31.00,"1,741.00",0.00,"1,480.00",396,36,79,"4,410","4,410",6,6,"20,462",97.5
경기도,수원시,매탄1동,2035,"32,768.00","33,716.00","31,123.00",92.3,0.000,"7,888.00","8,836.00","8,836.00","1,840.00","6,386.00",97.00,513.00,1.200,"13,237.00","13,237.00","10,663.00",0.00,"10,663.00",1.200,"11,643.00","11,643.00","11,624.00",652.00,"10,518.00",0.00,454.00,149,188,203,"1,533","1,533",1,7,"30,172",96.9
경기도,수원시,매탄2동,2035,"26,230.00","26,992.00","24,906.00",92.3,0.000,"6,313.00","7,075.00","7,075.00","1,474.00","5,112.00",78.00,411.00,0.800,"10,596.00","10,596.00","8,534.00",0.00,"8,534.00",0.800,"9,321.00","9,321.00","9,297.00",522.00,"8,419.00",0.00,356.00,121,150,163,"1,227","1,227",1,5,"24,151",97.0
경기도,수원시,매탄3동,2035,"59,664.00","61,396.00","56,650.00",92.3,0.000,"14,360.00","16,092.00","16,092.00","3,353.00","11,627.00",177.00,935.00,2.200,"24,102.00","24,102.00","19,413.00",0.00,"19,413.00",2.200,"21,202.00","21,202.00","21,145.00","1,187.00","19,149.00",0.00,809.00,274,341,371,"2,790","2,790",2,12,"54,934",97.0
경기도,수원시,매탄4동,2035,"37,574.00","38,666.00","35,678.00",92.3,0.000,"9,043.00","10,135.00","10,135.00","2,112.00","7,323.00",111.00,589.00,0.800,"15,179.00","15,179.00","12,225.00",0.00,"12,225.00",0.800,"13,352.00","13,352.00","13,318.00",747.00,"12,059.00",0.00,512.00,173,214,234,"1,757","1,757",2,8,"34,595",97.0
경기도,수원시,원천동,2035,"38,419.00","39,534.00","36,481.00",92.3,0.000,"9,247.00","10,362.00","10,362.00","2,159.00","7,487.00",114.00,602.00,3.200,"15,520.00","15,520.00","12,500.00",0.00,"12,500.00",3.200,"13,652.00","13,652.00","13,619.00",764.00,"12,330.00",0.00,525.00,177,219,239,"1,797","1,797",2,8,"35,372",97.0
경기도,수원시,영통1동,2035,"55,787.00","57,406.00","52,976.00",92.3,0.000,"13,427.00","15,046.00","15,046.00","3,135.00","10,872.00",165.00,874.00,1.400,"22,536.00","22,536.00","18,151.00",0.00,"18,151.00",1.400,"19,824.00","19,824.00","19,779.00","1,110.00","17,905.00",0.00,764.00,256,318,347,"2,609","2,609",2,12,"51,364",97.0
경기도,수원시,영통2동,2035,"41,491.00","42,696.00","39,399.00",92.3,0.000,"9,986.00","11,191.00","11,191.00","2,332.00","8,086.00",123.00,650.00,1.380,"16,761.00","16,761.00","13,500.00",0.00,"13,500.00",1.380,"14,744.00","14,744.00","14,708.00",825.00,"13,316.00",0.00,567.00,191,237,258,"1,940","1,940",2,9,"38,201",97.0
경기도,수원시,영통3동,2035,"47,133.00","48,503.00","44,755.00",92.3,0.000,"11,344.00","12,714.00","12,714.00","2,649.00","9,186.00",140.00,739.00,1.300,"19,040.00","19,040.00","15,336.00",0.00,"15,336.00",1.300,"16,749.00","16,749.00","16,705.00",938.00,"15,128.00",0.00,639.00,217,269,293,"2,204","2,204",2,10,"43,397",97.0
경기도,수원시,태장동,2035,"79,039.00","81,333.00","75,050.00",92.3,0.000,"19,023.00","21,317.00","21,317.00","4,442.00","15,403.00",234.00,"1,238.00",2.000,"31,929.00","31,929.00","25,717.00",0.00,"25,717.00",2.000,"28,087.00","28,087.00","28,016.00","1,572.00","25,368.00",0.00,"1,076.00",363,451,492,"3,696","3,696",3,16,"72,773",97.0
경기도,수원시,광교1동,2035,"69,917.00","71,946.00","66,388.00",92.3,0.000,"16,828.00","18,857.00","18,857.00","3,929.00","13,625.00",207.00,"1,096.00",2.800,"28,244.00","28,244.00","22,748.00",0.00,"22,748.00",2.800,"24,845.00","24,845.00","24,783.00","1,391.00","22,439.00",0.00,953.00,321,399,435,"3,270","3,270",3,14,"64,373",97.0
경기도,수원시,광교2동,2035,"38,941.00","40,071.00","36,978.00",92.3,0.000,"9,372.00","10,502.00","10,502.00","2,188.00","7,589.00",115.00,610.00,1.600,"15,731.00","15,731.00","12,670.00",0.00,"12,670.00",1.600,"13,838.00","13,838.00","13,806.00",775.00,"12,498.00",0.00,533.00,179,222,242,"1,821","1,821",2,8,"35,854",97.0
경기도,성남시,소계,,0.00,"1,320,469.76","1,320,469.76",100.0,0.000,0.00,"412,351.63","412,351.63","65,020.22","346,847.06",484.35,0.00,0.000,0.00,"407,741.80","407,741.80","4,999.94","402,741.86",0.000,0.00,"500,376.33","500,376.33","63,537.49","432,907.49","3,931.35",0.00,"14,494","8,000","7,211","19,960","19,956",88,560,"1,317,944",99.8
경기도,성남시,신흥1동,2030,0.00,"17,515.87","17,515.87",100.0,0.000,0.00,"17,515.87","17,515.87","1,472.09","16,043.78",0.00,0.00,0.000,0.00,0.00,0.00,0.00,0.00,0.000,0.00,0.00,0.00,0.00,0.00,0.00,0.00,0,0,0,0,0,0,0,"17,498",99.9
경기도,성남시,신흥2동,2030,0.00,"12,848.32","12,848.32",100.0,0.000,0.00,"10,569.03","10,569.03","3,573.88","6,995.15",0.00,0.00,0.000,0.00,539.75,539.75,0.00,539.75,0.000,0.00,"1,739.54","1,739.54",206.43,"1,533.11",0.00,0.00,0,0,0,0,0,0,0,"12,835",99.9
경기도,성남시,신흥3동,2030,0.00,"16,188.78","16,188.78",100.0,0.000,0.00,"14,873.75","14,873.75","1,952.30","12,921.45",0.00,0.00,0.000,0.00,404.91,404.91,0.00,404.91,0.000,0.00,910.12,910.12,0.00,910.12,0.00,0.00,0,0,0,0,0,0,0,"16,172",99.9
경기도,성남시,태평1동,2030,0.00,"25,041.88","25,041.88",100.0,0.000,0.00,"22,675.81","22,675.81","6,457.36","16,214.39",4.06,0.00,0.000,0.00,53.61,53.61,0.00,53.61,0.000,0.00,"2,312.46","2,312.46",499.37,"1,230.41",582.68,0.00,"2,025",0,0,"1,030","1,030",2,33,"25,016",99.9
경기도,성남시,태평2동,2030,0.00,"7,148.54","7,148.54",100.0,0.000,0.00,"7,143.13","7,143.13","1,103.78","6,039.35",0.00,0.00,0.000,0.00,5.41,5.41,0.00,5.41,0.000,0.00,0.00,0.00,0.00,0.00,0.00,0.00,"2,025",0,0,"1,030","1,030",2,33,"7,141",99.9
경기도,성남시,태평3동,2030,0.00,"16,058.38","16,058.38",100.0,0.000,0.00,"16,019.04","16,019.04","1,681.90","14,337.14",0.00,0.00,0.000,0.00,0.00,0.00,0.00,0.00,0.000,0.00,39.34,39.34,39.34,0.00,0.00,0.00,"2,025",0,0,"1,030","1,030",2,33,"16,042",99.9
경기도,성남시,태평4동,2030,0.00,"8,536.49","8,536.49",100.0,0.000,0.00,"7,930.25","7,930.25","1,000.06","6,930.19",0.00,0.00,0.000,0.00,0.00,0.00,0.00,0.00,0.000,0.00,606.24,606.24,0.00,606.24,0.00,0.00,"2,024",0,0,"1,030","1,030",1,33,"8,527",99.9
경기도,성남시,수진1동,2030,0.00,"18,322.15","18,322.15",100.0,0.000,0.00,"17,958.28","17,958.28",497.76,"17,460.52",0.00,0.00,0.000,0.00,0.00,0.00,0.00,0.00,0.000,0.00,363.87,363.87,0.00,363.87,0.00,0.00,0,0,0,0,0,0,0,"18,303",99.9
경기도,성남시,수진2동,2030,0.00,"22,530.02","22,530.02",100.0,0.000,0.00,"20,425.89","20,425.89","4,947.19","15,478.70",0.00,0.00,0.000,0.00,237.28,237.28,0.00,237.28,0.000,0.00,"1,866.85","1,866.85",0.00,"1,768.07",98.78,0.00,0,0,0,0,0,0,0,"22,507",99.9
경기도,성남시,단대동,2030,0.00,"15,802.84","15,802.84",100.0,0.000,0.00,"12,901.65","12,901.65","1,609.67","11,291.98",0.00,0.00,0.000,0.00,"1,172.80","1,172.80",0.00,"1,172.80",0.000,0.00,"1,728.39","1,728.39",0.00,"1,728.39",0.00,0.00,0,0,0,0,0,0,0,"15,787",99.9
경기도,성남시,산성동,2030,0.00,"19,426.97","19,426.97",100.0,0.000,0.00,"16,025.48","16,025.48","1,517.06","14,508.42",0.00,0.00,0.000,0.00,"1,915.59","1,915.59",0.00,"1,915.59",0.000,0.00,"1,485.90","1,485.90",0.00,"1,485.90",0.00,0.00,0,0,0,0,0,0,0,"19,407",99.9
경기도,성남시,양지동,2030,0.00,"11,021.87","11,021.87",100.0,0.000,0.00,"9,534.85","9,534.85","1,458.25","8,076.60",0.00,0.00,0.000,0.00,"1,396.93","1,396.93",0.00,"1,396.93",0.000,0.00,90.09,90.09,0.00,90.09,0.00,0.00,0,0,0,0,0,0,0,"11,010",99.9
경기도,성남시,복정동,2030,0.00,"36,582.57","36,582.57",100.0,0.000,0.00,"5,672.65","5,672.65","1,125.41","4,493.14",54.10,0.00,0.000,0.00,"12,742.34","12,742.34",0.00,"12,742.34",0.000,0.00,"18,167.58","18,167.58","1,709.69","16,398.01",59.88,0.00,0,0,0,0,0,0,0,"36,545",99.9
경기도,성남시,위례동,2030,0.00,0.00,0.00,0.0,0.000,0.00,0.00,0.00,0.00,0.00,0.00,0.00,0.000,0.00,0.00,0.00,0.00,0.00,0.000,0.00,0.00,0.00,0.00,0.00,0.00,0.00,0,0,0,0,0,0,0,0,0.0
경기도,성남시,신촌동,2030,0.00,"19,181.54","19,181.54",100.0,0.000,0.00,"5,223.56","5,223.56",435.34,"4,788.22",0.00,0.00,0.000,0.00,"6,152.83","6,152.83",0.00,"6,152.83",0.000,0.00,"7,805.15","7,805.15",444.75,"7,186.61",173.79,0.00,0,0,0,0,0,0,0,"19,162",99.9
경기도,성남시,고등동,2030,0.00,"30,257.87","30,257.87",100.0,0.000,0.00,"7,751.59","7,751.59",81.07,"7,670.52",0.00,0.00,0.000,0.00,"7,854.98","7,854.98",0.00,"7,854.98",0.000,0.00,"14,651.30","14,651.30",734.14,"13,529.98",387.18,0.00,0,0,0,0,0,0,0,"30,227",99.9
경기도,성남시,시흥동,2030,0.00,"38,356.46","38,356.46",100.0,0.000,0.00,"6,489.22","6,489.22",668.26,"5,522.00",298.96,0.00,0.000,0.00,"13,919.15","13,919.15",0.00,"13,919.15",0.000,0.00,"17,948.09","17,948.09",483.01,"16,229.84","1,235.24",0.00,0,0,0,0,0,0,0,"38,318",99.9
경기도,성남시,성남동,2030,0.00,"44,846.95","44,846.95",100.0,0.000,0.00,"40,330.27","40,330.27","8,387.17","31,926.37",16.73,0.00,0.000,0.00,359.13,359.13,0.00,359.13,0.000,0.00,"4,157.55","4,157.55","1,154.29","2,424.93",578.33,0.00,"1,600",0,0,"1,201","1,201",8,14,"44,802",99.9
경기도,성남시,중앙동,2030,0.00,"1,257.75","1,257.75",100.0,0.000,0.00,0.00,0.00,0.00,0.00,0.00,0.00,0.000,0.00,604.61,604.61,0.00,604.61,0.000,0.00,653.14,653.14,0.00,653.14,0.00,0.00,"1,600",0,0,"1,201","1,201",8,14,"1,257",100.0
경기도,성남시,금광1동,2030,0.00,"24,707.97","24,707.97",100.0,0.000,0.00,"20,949.18","20,949.18","2,886.98","18,062.20",0.00,0.00,0.000,0.00,782.60,782.60,0.00,782.60,0.000,0.00,"2,976.19","2,976.19",0.00,"2,976.19",0.00,0.00,"1,600",0,0,"1,201","1,201",9,13,"24,707",100.0
경기도,성남시,금광2동,2030,0.00,"27,625.78","27,625.78",100.0,0.000,0.00,"26,508.18","26,508.18","3,686.79","22,821.39",0.00,0.00,0.000,0.00,244.69,244.69,0.00,244.69,0.000,0.00,872.91,872.91,0.00,872.91,0.00,0.00,"1,595",0,0,"1,201","1,201",9,13,"27,625",100.0
경기도,성남시,은행1동,2030,0.00,"5,711.23","5,711.23",100.0,0.000,0.00,"5,702.86","5,702.86",299.66,"5,403.20",0.00,0.00,0.000,0.00,0.00,0.00,0.00,0.00,0.000,0.00,8.37,8.37,0.00,8.37,0.00,0.00,0,0,0,0,0,0,0,"5,711",100.0
경기도,성남시,은행2동,2030,0.00,"16,520.02","16,520.02",100.0,0.000,0.00,"9,448.53","9,448.53",590.12,"8,858.41",0.00,0.00,0.000,0.00,"4,415.38","4,415.38",0.00,"4,415.38",0.000,0.00,"2,656.11","2,656.11",0.00,"2,656.11",0.00,0.00,0,0,0,0,0,0,0,"16,520",100.0
경기도,성남시,상대원1동,2030,0.00,"69,077.82","69,077.82",100.0,0.000,0.00,"53,622.93","53,622.93","11,453.60","42,169.33",0.00,0.00,0.000,0.00,"4,233.46","4,233.46",0.00,"4,233.46",0.000,0.00,"11,221.43","11,221.43","2,626.71","8,594.72",0.00,0.00,0,0,0,0,0,0,0,"69,077",100.0
경기도,성남시,상대원2동,2030,0.00,"14,697.19","14,697.19",100.0,0.000,0.00,"14,495.07","14,495.07",963.41,"13,531.66",0.00,0.00,0.000,0.00,0.00,0.00,0.00,0.00,0.000,0.00,202.12,202.12,0.00,202.12,0.00,0.00,0,0,0,0,0,0,0,"14,697",100.0
경기도,성남시,상대원3동,2030,0.00,"10,229.90","10,229.90",100.0,0.000,0.00,"10,198.30","10,198.30","2,056.41","8,141.89",0.00,0.00,0.000,0.00,0.00,0.00,0.00,0.00,0.000,0.00,31.60,31.60,0.00,31.60,0.00,0.00,0,0,0,0,0,0,0,"10,229",100.0
경기도,성남시,하대원동,2030,0.00,"25,084.16","25,084.16",100.0,0.000,0.00,"22,329.19","22,329.19","2,152.47","20,176.72",0.00,0.00,0.000,0.00,262.53,262.53,0.00,262.53,0.000,0.00,"2,492.44","2,492.44",35.63,"2,456.81",0.00,0.00,0,0,0,0,0,0,0,"25,084",100.0
경기도,성남시,도촌동,2030,0.00,"43,903.95","43,903.95",100.0,0.000,0.00,"3,300.03","3,300.03","1,630.49","1,559.04",110.50,0.00,0.000,0.00,"15,850.68","15,850.68",0.00,"15,850.68",0.000,0.00,"24,753.24","24,753.24","2,247.23","21,690.54",815.47,0.00,0,0,0,0,0,0,0,"43,903",100.0
경기도,성남시,분당동,2030,0.00,0.00,0.00,0.0,0.000,0.00,0.00,0.00,0.00,0.00,0.00,0.00,0.000,0.00,0.00,0.00,0.00,0.00,0.000,0.00,0.00,0.00,0.00,0.00,0.00,0.00,0,0,0,0,0,0,0,0,0.0
경기도,성남시,수내1동,2030,0.00,"25,435.51","25,435.51",100.0,0.000,0.00,0.00,0.00,0.00,0.00,0.00,0.00,0.000,0.00,"13,160.85","13,160.85",304.65,"12,856.20",0.000,0.00,"12,274.66","12,274.66","1,743.28","10,531.38",0.00,0.00,0,0,0,0,0,0,0,"25,359",99.7
경기도,성남시,수내2동,2030,0.00,"49,295.98","49,295.98",100.0,0.000,0.00,0.00,0.00,0.00,0.00,0.00,0.00,0.000,0.00,"24,257.45","24,257.45",95.57,"24,161.88",0.000,0.00,"25,038.53","25,038.53","6,229.80","18,808.73",0.00,0.00,0,0,0,0,0,0,0,"49,148",99.7
경기도,성남시,수내3동,2030,0.00,"15,886.78","15,886.78",100.0,0.000,0.00,0.00,0.00,0.00,0.00,0.00,0.00,0.000,0.00,"6,903.48","6,903.48",0.00,"6,903.48",0.000,0.00,"8,983.30","8,983.30","2,888.39","6,094.91",0.00,0.00,0,0,0,0,0,0,0,"15,839",99.7
경기도,성남시,정자동,2030,0.00,0.00,0.00,0.0,0.000,0.00,0.00,0.00,0.00,0.00,0.00,0.00,0.000,0.00,0.00,0.00,0.00,0.00,0.000,0.00,0.00,0.00,0.00,0.00,0.00,0.00,0,"2,000","1,803","2,759","2,758",12,94,0,0.0
경기도,성남시,정자1동,2030,0.00,"102,125.01","102,125.01",100.0,0.000,0.00,0.00,0.00,0.00,0.00,0.00,0.00,0.000,0.00,"47,197.02","47,197.02",61.57,"47,135.45",0.000,0.00,"54,927.99","54,927.99","6,813.17","48,114.82",0.00,0.00,0,"2,000","1,803","2,759","2,758",12,94,"101,818",99.7
경기도,성남시,정자2동,2030,0.00,"9,108.72","9,108.72",100.0,0.000,0.00,0.00,0.00,0.00,0.00,0.00,0.00,0.000,0.00,"3,517.91","3,517.91",0.00,"3,517.91",0.000,0.00,"5,590.81","5,590.81",757.13,"4,833.68",0.00,0.00,0,"2,000","1,803","2,759","2,758",12,93,"9,081",99.7
경기도,성남시,정자3동,2030,0.00,"22,361.42","22,361.42",100.0,0.000,0.00,0.00,0.00,0.00,0.00,0.00,0.00,0.000,0.00,"10,402.24","10,402.24",43.98,"10,358.26",0.000,0.00,"11,959.18","11,959.18","2,834.54","9,124.64",0.00,0.00,0,"2,000","1,802","2,759","2,758",11,93,"22,294",99.7
경기도,성남시,서현1동,2030,0.00,"56,641.96","56,641.96",100.0,0.000,0.00,"1,198.59","1,198.59",0.00,"1,198.59",0.00,0.00,0.000,0.00,"27,338.73","27,338.73",676.69,"26,662.04",0.000,0.00,"28,104.64","28,104.64","3,091.31","25,013.33",0.00,0.00,0,0,0,0,0,0,0,"56,472",99.7
경기도,성남시,서현2동,2030,0.00,"19,971.08","19,971.08",100.0,0.000,0.00,0.00,0.00,0.00,0.00,0.00,0.00,0.000,0.00,"9,876.31","9,876.31",0.00,"9,876.31",0.000,0.00,"10,094.77","10,094.77","1,391.28","8,703.49",0.00,0.00,0,0,0,0,0,0,0,"19,911",99.7
경기도,성남시,이매1동,2030,0.00,"41,338.77","41,338.77",100.0,0.000,0.00,"2,090.97","2,090.97",491.47,"1,599.50",0.00,0.00,0.000,0.00,"18,800.98","18,800.98","2,198.35","16,602.63",0.000,0.00,"20,446.82","20,446.82","3,869.39","16,577.43",0.00,0.00,0,0,0,0,0,0,0,"41,214",99.7
경기도,성남시,이매2동,2030,0.00,0.00,0.00,0.0,0.000,0.00,0.00,0.00,0.00,0.00,0.00,0.00,0.000,0.00,0.00,0.00,0.00,0.00,0.000,0.00,0.00,0.00,0.00,0.00,0.00,0.00,0,0,0,0,0,0,0,0,0.0
경기도,성남시,야탑1동,2030,0.00,"73,885.39","73,885.39",100.0,0.000,0.00,373.94,373.94,0.00,373.94,0.00,0.00,0.000,0.00,"31,221.83","31,221.83",800.13,"30,421.70",0.000,0.00,"42,289.62","42,289.62","6,154.91","36,134.71",0.00,0.00,0,0,0,0,0,0,0,"73,663",99.7
경기도,성남시,야탑2동,2030,0.00,"15,708.18","15,708.18",100.0,0.000,0.00,0.00,0.00,0.00,0.00,0.00,0.00,0.000,0.00,"8,537.61","8,537.61",547.15,"7,990.46",0.000,0.00,"7,170.57","7,170.57","1,150.80","6,019.77",0.00,0.00,0,0,0,0,0,0,0,"15,661",99.7
경기도,성남시,야탑3동,2030,0.00,"42,575.27","42,575.27",100.0,0.000,0.00,0.00,0.00,0.00,0.00,0.00,0.00,0.000,0.00,"22,390.66","22,390.66",0.00,"22,390.66",0.000,0.00,"20,184.61","20,184.61","1,645.13","18,539.48",0.00,0.00,0,0,0,0,0,0,0,"42,447",99.7
경기도,성남시,판교동,2030,0.00,0.00,0.00,0.0,0.000,0.00,0.00,0.00,0.00,0.00,0.00,0.00,0.000,0.00,0.00,0.00,0.00,0.00,0.000,0.00,0.00,0.00,0.00,0.00,0.00,0.00,0,0,0,0,0,0,0,0,0.0
경기도,성남시,삼평동,2030,0.00,188.21,188.21,100.0,0.000,0.00,0.00,0.00,0.00,0.00,0.00,0.00,0.000,0.00,188.21,188.21,0.00,188.21,0.000,0.00,0.00,0.00,0.00,0.00,0.00,0.00,0,0,0,0,0,0,0,187,99.7
경기도,성남시,백현동,2030,0.00,"55,135.47","55,135.47",100.0,0.000,0.00,0.00,0.00,0.00,0.00,0.00,0.00,0.000,0.00,"22,620.31","22,620.31",0.00,"22,620.31",0.000,0.00,"32,515.16","32,515.16","4,170.22","28,344.94",0.00,0.00,0,0,0,0,0,0,0,"54,970",99.7
경기도,성남시,금곡동,2030,0.00,"101,140.18","101,140.18",100.0,0.000,0.00,"2,423.10","2,423.10",398.81,"2,024.29",0.00,0.00,0.000,0.00,"41,984.63","41,984.63",0.00,"41,984.63",0.000,0.00,"56,732.45","56,732.45","4,415.39","52,317.06",0.00,0.00,0,0,0,0,0,0,0,"100,836",99.7
경기도,성남시,구미1동,2030,0.00,"35,539.84","35,539.84",100.0,0.000,0.00,573.42,573.42,441.46,131.96,0.00,0.00,0.000,0.00,"17,769.12","17,769.12",0.00,"17,769.12",0.000,0.00,"17,197.30","17,197.30","1,180.44","16,016.86",0.00,0.00,0,0,0,0,0,0,0,"35,433",99.7
경기도,성남시,구미동,2030,0.00,"54,448.02","54,448.02",100.0,0.000,0.00,0.00,0.00,0.00,0.00,0.00,0.00,0.000,0.00,"27,514.36","27,514.36",271.85,"27,242.51",0.000,0.00,"26,933.66","26,933.66","5,021.72","21,911.94",0.00,0.00,0,0,0,0,0,0,0,"54,284",99.7
경기도,성남시,운중동,2030,0.00,"1,200.70","1,200.70",100.0,0.000,0.00,97.02,97.02,0.00,97.02,0.00,0.00,0.000,0.00,911.44,911.44,0.00,911.44,0.000,0.00,192.24,192.24,0.00,192.24,0.00,0.00,0,0,0,0,0,0,0,"1,197",99.7
경기도,의정부시,소계,,"519,094.00","533,380.15","521,520.92",97.8,9.399,"260,504.00","260,551.68","260,008.45","40,903.00","219,105.45",0.00,0.00,13.199,"143,454.00","157,692.47","157,692.47",0.00,"157,692.47",13.199,"115,136.00","115,136.00","103,820.00","1,376.00","101,842.00",602.00,0.00,"11,845",0,0,0,0,69,216,"490,956",94.1
경기도,의정부시,의정부1동,2030,"28,059.00","28,728.00","28,157.64",98.0,0.445,"15,816.00","15,816.00","15,782.64","2,483.00","13,299.64",0.00,0.00,0.625,"6,792.00","7,461.00","7,461.00",0.00,"7,461.00",0.625,"5,451.00","5,451.00","4,914.00",65.00,"4,821.00",28.00,0.00,561,0,0,0,0,3,10,"26,538",94.2
경기도,의정부시,의정부2동,2030,"37,555.00","38,452.00","37,686.75",98.0,0.596,"21,169.00","21,169.00","21,121.75","3,324.00","17,797.75",0.00,0.00,0.836,"9,090.00","9,987.00","9,987.00",0.00,"9,987.00",0.836,"7,296.00","7,296.00","6,578.00",87.00,"6,453.00",38.00,0.00,751,0,0,0,0,4,14,"35,519",94.2
경기도,의정부시,의정부3동,2030,"14,463.00","14,808.00","14,512.03",98.0,0.229,"8,152.00","8,152.00","8,132.03","1,280.00","6,852.03",0.00,0.00,0.322,"3,501.00","3,846.00","3,846.00",0.00,"3,846.00",0.322,"2,810.00","2,810.00","2,534.00",34.00,"2,485.00",15.00,0.00,289,0,0,0,0,2,5,"13,679",94.3
경기도,의정부시,호원1동,2030,"48,629.00","49,789.00","48,798.37",98.0,0.771,"27,411.00","27,411.00","27,349.37","4,304.00","23,045.37",0.00,0.00,1.083,"11,771.00","12,931.00","12,931.00",0.00,"12,931.00",1.083,"9,447.00","9,447.00","8,518.00",113.00,"8,356.00",49.00,0.00,972,0,0,0,0,6,18,"45,993",94.3
경기도,의정부시,호원2동,2030,"50,197.00","51,395.00","50,373.89",98.0,0.796,"28,295.00","28,295.00","28,231.89","4,443.00","23,788.89",0.00,0.00,1.118,"12,150.00","13,348.00","13,348.00",0.00,"13,348.00",1.118,"9,752.00","9,752.00","8,794.00",117.00,"8,626.00",51.00,0.00,"1,003",0,0,0,0,6,18,"47,476",94.2
경기도,의정부시,장암동,2030,"27,141.00","27,789.00","27,236.18",98.0,0.430,"15,299.00","15,299.00","15,264.18","2,402.00","12,862.18",0.00,0.00,0.604,"6,569.00","7,217.00","7,217.00",0.00,"7,217.00",0.604,"5,273.00","5,273.00","4,755.00",63.00,"4,664.00",28.00,0.00,542,0,0,0,0,3,10,"25,670",94.2
경기도,의정부시,신곡1동,2030,"58,885.00","60,291.00","59,093.68",98.0,0.934,"33,193.00","33,193.00","33,118.68","5,212.00","27,906.68",0.00,0.00,1.312,"14,253.00","15,659.00","15,659.00",0.00,"15,659.00",1.312,"11,439.00","11,439.00","10,316.00",137.00,"10,119.00",60.00,0.00,"1,177",0,0,0,0,7,21,"55,693",94.2
경기도,의정부시,신곡2동,2030,"63,011.00","64,515.00","63,232.30",98.0,0.999,"35,518.00","35,518.00","35,438.30","5,577.00","29,861.30",0.00,0.00,1.403,"15,252.00","16,756.00","16,756.00",0.00,"16,756.00",1.403,"12,241.00","12,241.00","11,038.00",146.00,"10,828.00",64.00,0.00,"1,259",0,0,0,0,7,23,"59,596",94.2
경기도,의정부시,송산1동,2030,"18,727.00","19,782.08","18,963.08",95.9,0.681,0.00,0.00,0.00,0.00,0.00,0.00,0.00,0.956,"10,389.00","11,444.08","11,444.08",0.00,"11,444.08",0.956,"8,338.00","8,338.00","7,519.00",100.00,"7,375.00",44.00,0.00,858,0,0,0,0,5,16,"17,712",93.4
경기도,의정부시,송산2동,2030,"38,219.00","40,372.39","38,699.39",95.9,1.389,0.00,0.00,0.00,0.00,0.00,0.00,0.00,1.951,"21,202.00","23,355.39","23,355.39",0.00,"23,355.39",1.951,"17,017.00","17,017.00","15,344.00",203.00,"15,052.00",89.00,0.00,"1,751",0,0,0,0,10,32,"36,147",93.4
경기도,의정부시,자금동,2030,"40,136.00","41,094.00","40,276.85",98.0,0.637,"22,624.00","22,624.00","22,572.85","3,552.00","19,020.85",0.00,0.00,0.894,"9,715.00","10,673.00","10,673.00",0.00,"10,673.00",0.894,"7,797.00","7,797.00","7,031.00",93.00,"6,897.00",41.00,0.00,802,0,0,0,0,5,15,"37,960",94.2
경기도,의정부시,가능1동,2030,"33,657.00","34,507.68","33,865.68",98.1,0.534,"18,972.00","19,019.68","19,019.68","2,979.00","16,040.68",0.00,0.00,0.750,"8,147.00","8,950.00","8,950.00",0.00,"8,950.00",0.750,"6,538.00","6,538.00","5,896.00",78.00,"5,784.00",34.00,0.00,673,0,0,0,0,4,12,"31,833",94.0
경기도,의정부시,흥선동,2030,"28,933.00","29,624.00","29,034.00",98.0,0.459,"16,309.00","16,309.00","16,272.00","2,561.00","13,711.00",0.00,0.00,0.644,"7,003.00","7,694.00","7,694.00",0.00,"7,694.00",0.644,"5,621.00","5,621.00","5,068.00",67.00,"4,972.00",29.00,0.00,578,0,0,0,0,3,11,"27,365",94.3
경기도,의정부시,녹양동,2030,"31,482.00","32,233.00","31,591.08",98.0,0.499,"17,746.00","17,746.00","17,705.08","2,786.00","14,919.08",0.00,0.00,0.701,"7,620.00","8,371.00","8,371.00",0.00,"8,371.00",0.701,"6,116.00","6,116.00","5,515.00",73.00,"5,410.00",32.00,0.00,629,0,0,0,0,4,11,"29,775",94.3
경기도,안양시,소계,,"656,370.00","771,350.00","661,833.00",85.8,14.631,"398,149.00","446,153.00","424,546.00","68,714.00","355,832.00",0.00,0.00,11.869,"164,859.00","174,941.00","101,889.00","1,044.00","100,845.00",11.869,"93,362.00","150,256.00","135,398.00","19,056.00","116,342.00",0.00,0.00,"5,028","3,079","6,059","2,292","28,737",203,177,"661,833",100.0
경기도,안양시,안양1동,2030,"14,976.00","16,098.00","12,164.00",75.6,0.382,"13,916.00","13,916.00","10,752.00","2,366.00","8,386.00",0.00,0.00,0.138,"1,060.00","1,060.00",290.00,0.00,290.00,0.138,0.00,"1,122.00","1,122.00",0.00,"1,122.00",0.00,0.00,195,18,60,8,599,1,13,"12,164",100.0
경기도,안양시,안양2동,2030,"47,477.00","50,189.00","40,092.00",79.9,1.082,"34,736.00","36,394.00","36,394.00","6,886.00","29,508.00",0.00,0.00,0.091,"10,352.00","10,352.00",255.00,0.00,255.00,0.091,"2,389.00","3,443.00","3,443.00",373.00,"3,070.00",0.00,0.00,535,123,94,135,"1,807",38,26,"40,092",100.0
경기도,안양시,안양3동,2030,"12,491.00","18,444.00","17,418.00",94.4,0.626,"11,465.00","17,217.00","17,217.00","1,911.00","15,306.00",0.00,0.00,0.000,"1,026.00","1,026.00",0.00,0.00,0.00,0.000,0.00,201.00,201.00,0.00,201.00,0.00,0.00,339,29,50,0,978,2,0,"17,418",100.0
경기도,안양시,안양4동,2030,"10,881.00","11,115.00","8,577.00",77.2,0.303,"9,643.00","9,643.00","8,343.00",202.00,"8,141.00",0.00,0.00,0.000,"1,238.00","1,238.00",0.00,0.00,0.00,0.000,0.00,234.00,234.00,0.00,234.00,0.00,0.00,211,0,16,0,639,2,1,"8,577",100.0
경기도,안양시,안양5동,2030,"12,765.00","15,938.00","15,938.00",100.0,0.550,"12,759.00","15,209.00","15,209.00",704.00,"14,505.00",0.00,0.00,0.000,6.00,340.00,340.00,0.00,340.00,0.000,0.00,389.00,389.00,0.00,389.00,0.00,0.00,312,3,56,0,807,0,0,"15,938",100.0
경기도,안양시,안양6동,2030,"23,925.00","23,968.00","23,670.00",98.8,0.822,"23,925.00","23,925.00","23,627.00","2,094.00","21,533.00",0.00,0.00,0.000,0.00,0.00,0.00,0.00,0.00,0.000,0.00,43.00,43.00,0.00,43.00,0.00,0.00,439,0,61,0,"1,292",0,0,"23,670",100.0
경기도,안양시,안양7동,2030,"32,934.00","36,729.00","22,242.00",60.6,0.657,"24,756.00","24,756.00","17,224.00","4,577.00","12,647.00",0.00,0.00,0.263,"8,178.00","8,178.00","1,223.00",0.00,"1,223.00",0.263,0.00,"3,795.00","3,795.00",143.00,"3,652.00",0.00,0.00,254,40,158,13,937,14,21,"22,242",100.0
경기도,안양시,안양8동,2030,"15,870.00","16,719.00","15,775.00",94.4,0.602,"14,262.00","15,074.00","15,074.00","1,737.00","13,337.00",0.00,0.00,0.000,"1,608.00","1,608.00",664.00,0.00,664.00,0.000,0.00,37.00,37.00,0.00,37.00,0.00,0.00,268,17,39,0,746,0,0,"15,775",100.0
경기도,안양시,안양9동,2030,"24,663.00","26,791.00","19,546.00",73.0,0.419,"16,402.00","16,402.00","14,737.00",258.00,"14,479.00",0.00,0.00,0.417,"7,847.00","7,847.00","2,267.00",0.00,"2,267.00",0.417,414.00,"2,542.00","2,542.00",338.00,"2,204.00",0.00,0.00,355,153,89,66,712,9,17,"19,546",100.0
경기도,안양시,석수1동,2030,"23,076.00","32,904.00","31,082.00",94.5,0.793,"14,632.00","17,414.00","17,414.00","1,308.00","16,106.00",0.00,0.00,0.724,"5,536.00","5,536.00","3,714.00",0.00,"3,714.00",0.724,"2,908.00","9,954.00","9,954.00",264.00,"9,690.00",0.00,0.00,344,157,273,142,"1,072",15,32,"31,082",100.0
경기도,안양시,석수2동,2030,"49,436.00","53,461.00","46,431.00",86.9,0.807,"30,640.00","30,640.00","30,367.00","3,554.00","26,813.00",0.00,0.00,0.704,"13,057.00","13,057.00","6,300.00",1.00,"6,299.00",0.704,"5,739.00","9,764.00","9,764.00","1,627.00","8,137.00",0.00,0.00,237,213,583,121,"1,871",17,13,"46,431",100.0
경기도,안양시,석수3동,2030,"22,096.00","36,143.00","22,500.00",62.3,0.002,665.00,"14,712.00","14,712.00","5,800.00","8,912.00",0.00,0.00,0.388,"11,431.00","11,431.00","4,612.00",0.00,"4,612.00",0.388,"10,000.00","10,000.00","3,176.00",125.00,"3,051.00",0.00,0.00,209,142,73,30,"2,098",3,2,"22,500",100.0
경기도,안양시,박달1동,2030,"15,276.00","18,045.00","18,045.00",100.0,0.806,"14,170.00","16,234.00","16,234.00","2,758.00","13,476.00",0.00,0.00,0.061,"1,106.00","1,660.00","1,660.00",0.00,"1,660.00",0.061,0.00,151.00,151.00,0.00,151.00,0.00,0.00,305,54,48,0,"1,007",6,1,"18,045",100.0
경기도,안양시,박달2동,2030,"30,135.00","35,267.00","24,697.00",70.0,0.674,"15,443.00","17,658.00","17,658.00","4,662.00","12,996.00",0.00,0.00,1.140,"13,303.00","13,303.00","2,733.00",0.00,"2,733.00",1.140,"1,389.00","4,306.00","4,306.00",905.00,"3,401.00",0.00,0.00,232,134,147,145,762,18,14,"24,697",100.0
경기도,안양시,비산1동,2030,"14,049.00","15,595.00","13,276.00",85.1,0.242,"9,761.00","11,073.00","11,073.00","3,673.00","7,400.00",0.00,0.00,0.410,"4,288.00","4,288.00","1,969.00",0.00,"1,969.00",0.410,0.00,234.00,234.00,0.00,234.00,0.00,0.00,225,68,62,78,491,2,3,"13,276",100.0
경기도,안양시,비산2동,2030,"15,391.00","17,531.00","14,385.00",82.1,0.274,"10,831.00","12,777.00","12,777.00","3,698.00","9,079.00",0.00,0.00,0.129,"4,113.00","4,113.00",967.00,0.00,967.00,0.129,447.00,641.00,641.00,0.00,641.00,0.00,0.00,128,20,143,43,570,9,3,"14,385",100.0
경기도,안양시,비산3동,2030,"25,260.00","25,863.00","24,653.00",95.3,0.987,"22,665.00","22,665.00","22,394.00","4,539.00","17,855.00",0.00,0.00,0.186,"2,595.00","2,595.00","1,656.00",0.00,"1,656.00",0.186,0.00,603.00,603.00,0.00,603.00,0.00,0.00,43,65,347,2,"1,111",4,0,"24,653",100.0
경기도,안양시,부흥동,2030,"11,666.00","13,658.00","10,016.00",73.3,0.000,236.00,"2,228.00","2,228.00",546.00,"1,682.00",0.00,0.00,0.460,"4,972.00","4,972.00","3,691.00",0.00,"3,691.00",0.460,"6,458.00","6,458.00","4,097.00",567.00,"3,530.00",0.00,0.00,2,93,106,33,311,5,0,"10,016",100.0
경기도,안양시,달안동,2030,"7,600.00","10,899.00","10,899.00",100.0,0.000,0.00,"1,298.00","1,298.00",0.00,"1,298.00",0.00,0.00,0.414,"3,389.00","3,976.00","3,976.00",0.00,"3,976.00",0.414,"4,211.00","5,625.00","5,625.00",782.00,"4,843.00",0.00,0.00,0,101,146,30,306,1,0,"10,899",100.0
경기도,안양시,관양1동,2030,"30,777.00","51,575.00","48,505.00",94.0,0.813,"27,209.00","27,209.00","24,139.00","2,992.00","21,147.00",0.00,0.00,0.588,"3,568.00","9,211.00","9,211.00",0.00,"9,211.00",0.588,0.00,"15,155.00","15,155.00","1,930.00","13,225.00",0.00,0.00,41,269,720,211,"2,243",3,1,"48,505",100.0
경기도,안양시,관양2동,2030,"31,781.00","40,778.00","40,778.00",100.0,0.687,"22,544.00","24,224.00","24,224.00","4,317.00","19,907.00",0.00,0.00,0.745,"6,530.00","7,546.00","7,546.00",0.00,"7,546.00",0.745,"2,707.00","9,008.00","9,008.00",962.00,"8,046.00",0.00,0.00,95,133,505,111,"1,698",18,9,"40,778",100.0
경기도,안양시,부림동,2030,"18,320.00","24,442.00","24,442.00",100.0,0.000,678.00,"2,983.00","2,983.00","1,111.00","1,872.00",0.00,0.00,0.902,"8,858.00","9,251.00","9,251.00",0.00,"9,251.00",0.902,"8,784.00","12,208.00","12,208.00","2,291.00","9,917.00",0.00,0.00,5,239,322,91,746,2,0,"24,442",100.0
경기도,안양시,평촌동,2030,"11,430.00","14,219.00","13,141.00",92.4,0.282,"10,187.00","10,187.00","9,109.00","1,822.00","7,287.00",0.00,0.00,0.216,868.00,"1,485.00","1,485.00",0.00,"1,485.00",0.216,375.00,"2,547.00","2,547.00",343.00,"2,204.00",0.00,0.00,124,32,110,31,576,5,2,"13,141",100.0
경기도,안양시,평안동,2030,"17,986.00","18,928.00","12,025.00",63.5,0.000,158.00,"1,100.00","1,100.00",519.00,581.00,0.00,0.00,0.831,"7,759.00","7,759.00","5,055.00",0.00,"5,055.00",0.831,"10,069.00","10,069.00","5,870.00",917.00,"4,953.00",0.00,0.00,6,127,125,39,423,0,0,"12,025",100.0
경기도,안양시,귀인동,2030,"17,970.00","18,498.00","17,983.00",97.2,0.000,910.00,910.00,395.00,0.00,395.00,0.00,0.00,0.720,"7,140.00","7,666.00","7,666.00",0.00,"7,666.00",0.720,"9,920.00","9,922.00","9,922.00","1,124.00","8,798.00",0.00,0.00,10,191,207,279,634,0,0,"17,983",100.0
경기도,안양시,호계1동,2030,"24,589.00","26,947.00","24,635.00",91.4,0.587,"20,473.00","20,473.00","18,323.00","2,107.00","16,216.00",0.00,0.00,0.359,"3,697.00","3,697.00","3,535.00","1,043.00","2,492.00",0.359,419.00,"2,777.00","2,777.00",757.00,"2,020.00",0.00,0.00,37,83,314,36,"1,105",10,5,"24,635",100.0
경기도,안양시,호계2동,2030,"31,455.00","34,677.00","26,605.00",76.7,1.627,"22,250.00","25,472.00","25,472.00","4,003.00","21,469.00",0.00,0.00,0.033,"8,555.00","8,555.00",701.00,0.00,701.00,0.033,650.00,650.00,432.00,82.00,350.00,0.00,0.00,39,33,436,50,"1,184",6,14,"26,605",100.0
경기도,안양시,호계3동,2030,"14,706.00","15,448.00","14,299.00",92.6,0.582,"10,901.00","10,901.00","10,706.00",12.00,"10,694.00",0.00,0.00,0.242,"2,338.00","2,338.00","1,384.00",0.00,"1,384.00",0.242,"1,467.00","2,209.00","2,209.00",451.00,"1,758.00",0.00,0.00,18,41,259,48,550,13,0,"14,299",100.0
경기도,안양시,범계동,2030,"13,624.00","15,042.00","13,494.00",89.7,0.000,166.00,"1,584.00","1,584.00",511.00,"1,073.00",0.00,0.00,0.577,"5,829.00","5,829.00","4,913.00",0.00,"4,913.00",0.577,"7,629.00","7,629.00","6,997.00","1,381.00","5,616.00",0.00,0.00,7,133,155,75,421,0,0,"13,494",100.0
경기도,안양시,신촌동,2030,"12,773.00","14,447.00","14,447.00",100.0,0.003,983.00,"1,092.00","1,092.00",47.00,"1,045.00",0.00,0.00,0.396,"6,666.00","7,078.00","7,078.00",0.00,"7,078.00",0.396,"5,124.00","6,277.00","6,277.00","1,584.00","4,693.00",0.00,0.00,9,180,123,178,361,0,0,"14,447",100.0
경기도,안양시,갈산동,2030,"20,992.00","20,992.00","20,073.00",95.6,0.022,783.00,783.00,687.00,0.00,687.00,0.00,0.00,0.735,"7,946.00","7,946.00","7,747.00",0.00,"7,747.00",0.735,"12,263.00","12,263.00","11,639.00","2,110.00","9,529.00",0.00,0.00,4,188,232,297,680,0,0,"20,073",100.0
경기도,부천시,소계,,0.00,"889,289.00","889,289.00",100.0,0.000,0.00,"561,555.00","561,555.00","60,547.90","479,788.40",0.00,"21,218.70",0.000,0.00,"144,946.00","144,946.00","10,037.20","134,908.80",0.000,0.00,"182,788.00","182,788.00","39,169.50","137,930.40",0.00,"5,688.10","11,025","3,255","3,581","40,044",0,52,48,"889,275",100.0
경기도,부천시,심곡2동,2030,0.00,"18,900.50","18,900.50",100.0,0.000,0.00,"18,900.50","18,900.50","1,649.70","17,250.80",0.00,0.00,0.000,0.00,0.00,0.00,0.00,0.00,0.000,0.00,0.00,0.00,0.00,0.00,0.00,0.00,355,0,0,"1,086",0,0,0,"18,900",100.0
경기도,부천시,심곡1동,2030,0.00,"15,857.90","15,857.90",100.0,0.000,0.00,"15,857.90","15,857.90","2,903.20","12,954.70",0.00,0.00,0.000,0.00,0.00,0.00,0.00,0.00,0.000,0.00,0.00,0.00,0.00,0.00,0.00,0.00,297,0,0,955,0,1,0,"15,857",100.0
경기도,부천시,심곡3동,2030,0.00,"14,097.30","14,097.30",100.0,0.000,0.00,"14,097.30","14,097.30",534.50,"13,482.30",0.00,80.50,0.000,0.00,0.00,0.00,0.00,0.00,0.000,0.00,0.00,0.00,0.00,0.00,0.00,0.00,224,0,0,619,0,0,0,"14,097",100.0
경기도,부천시,원미2동,2030,0.00,"13,122.00","13,122.00",100.0,0.000,0.00,"13,122.00","13,122.00",721.90,"12,400.10",0.00,0.00,0.000,0.00,0.00,0.00,0.00,0.00,0.000,0.00,0.00,0.00,0.00,0.00,0.00,0.00,276,0,0,755,0,0,0,"13,122",100.0
경기도,부천시,소사동,2030,0.00,"11,860.10","11,860.10",100.0,0.000,0.00,"11,860.10","11,860.10","1,126.20","10,664.10",0.00,69.80,0.000,0.00,0.00,0.00,0.00,0.00,0.000,0.00,0.00,0.00,0.00,0.00,0.00,0.00,247,0,0,602,0,0,0,"11,860",100.0
경기도,부천시,원미1동,2030,0.00,"21,067.40","21,067.40",100.0,0.000,0.00,"21,067.40","21,067.40","1,681.90","19,235.60",0.00,149.90,0.000,0.00,0.00,0.00,0.00,0.00,0.000,0.00,0.00,0.00,0.00,0.00,0.00,0.00,449,0,0,960,0,0,0,"21,067",100.0
경기도,부천시,역곡1동,2030,0.00,"16,803.40","16,803.40",100.0,0.000,0.00,"16,803.40","16,803.40","1,284.80","15,444.10",0.00,74.50,0.000,0.00,0.00,0.00,0.00,0.00,0.000,0.00,0.00,0.00,0.00,0.00,0.00,0.00,379,0,0,882,0,0,0,"16,803",100.0
경기도,부천시,역곡2동,2030,0.00,"14,030.50","14,030.50",100.0,0.000,0.00,"14,030.50","14,030.50","1,342.30","12,500.20",0.00,188.00,0.000,0.00,0.00,0.00,0.00,0.00,0.000,0.00,0.00,0.00,0.00,0.00,0.00,0.00,314,0,0,814,0,0,0,"14,030",100.0
경기도,부천시,춘의동,2030,0.00,"31,182.50","31,182.50",100.0,0.000,0.00,"31,182.50","31,182.50","2,608.20","27,400.50",0.00,"1,173.80",0.000,0.00,0.00,0.00,0.00,0.00,0.000,0.00,0.00,0.00,0.00,0.00,0.00,0.00,692,0,0,"1,171",0,4,0,"31,182",100.0
경기도,부천시,도당동,2030,0.00,"35,156.30","35,156.30",100.0,0.000,0.00,"35,156.30","35,156.30","3,110.60","31,187.30",0.00,858.40,0.000,0.00,0.00,0.00,0.00,0.00,0.000,0.00,0.00,0.00,0.00,0.00,0.00,0.00,599,0,0,"2,135",0,0,0,"35,156",100.0
경기도,부천시,중동,2030,0.00,"28,200.50","28,200.50",100.0,0.000,0.00,"28,200.50","28,200.50","4,909.20","23,291.30",0.00,0.00,0.000,0.00,0.00,0.00,0.00,0.00,0.000,0.00,0.00,0.00,0.00,0.00,0.00,0.00,362,0,0,"1,003",0,0,0,"28,200",100.0
경기도,부천시,상동,2030,0.00,"30,059.30","30,059.30",100.0,0.000,0.00,"8,801.10","8,801.10",665.90,"7,940.30",0.00,194.90,0.000,0.00,"8,523.80","8,523.80",0.00,"8,523.80",0.000,0.00,"12,734.40","12,734.40","2,249.00","10,485.40",0.00,0.00,121,169,260,"1,064",0,0,0,"30,059",100.0
경기도,부천시,상1동,2030,0.00,"14,286.60","14,286.60",100.0,0.000,0.00,25.60,25.60,25.60,0.00,0.00,0.00,0.000,0.00,"6,300.00","6,300.00",0.00,"6,300.00",0.000,0.00,"7,961.00","7,961.00","2,677.00","5,170.30",0.00,113.70,0,91,163,544,0,1,0,"14,286",100.0
경기도,부천시,중4동,2030,0.00,"13,474.00","13,474.00",100.0,0.000,0.00,23.50,23.50,0.40,23.10,0.00,0.00,0.000,0.00,"5,272.00","5,272.00","1,235.00","4,037.00",0.000,0.00,"8,178.50","8,178.50","5,006.70","3,022.70",0.00,149.10,0,100,115,0,0,2,0,"13,474",100.0
경기도,부천시,약대동,2030,0.00,"19,167.10","19,167.10",100.0,0.000,0.00,"14,418.80","14,418.80","1,083.70","13,275.40",0.00,59.70,0.000,0.00,"2,505.20","2,505.20",300.60,"2,204.60",0.000,0.00,"2,243.10","2,243.10",609.00,"1,634.10",0.00,0.00,374,77,53,865,0,3,0,"19,167",100.0
경기도,부천시,중1동,2030,0.00,"30,989.10","30,989.10",100.0,0.000,0.00,450.10,450.10,0.00,450.10,0.00,0.00,0.000,0.00,"13,112.40","13,112.40","2,097.90","11,014.50",0.000,0.00,"17,426.60","17,426.60","4,773.00","12,653.60",0.00,0.00,11,250,344,"1,587",0,4,0,"30,989",100.0
경기도,부천시,중2동,2030,0.00,"20,018.50","20,018.50",100.0,0.000,0.00,"1,902.70","1,902.70",331.80,"1,570.90",0.00,0.00,0.000,0.00,"8,248.40","8,248.40",104.60,"8,143.80",0.000,0.00,"9,867.40","9,867.40","2,560.20","7,307.20",0.00,0.00,38,198,199,"1,121",0,7,0,"20,018",100.0
경기도,부천시,중3동,2030,0.00,"22,039.80","22,039.80",100.0,0.000,0.00,"2,568.70","2,568.70",94.60,"2,474.10",0.00,0.00,0.000,0.00,"8,182.90","8,182.90",0.00,"8,182.90",0.000,0.00,"11,288.20","11,288.20","2,812.90","8,247.30",0.00,228.00,54,189,225,842,0,4,0,"22,039",100.0
경기도,부천시,상2동,2030,0.00,"36,570.70","36,570.70",100.0,0.000,0.00,0.00,0.00,0.00,0.00,0.00,0.00,0.000,0.00,"15,162.70","15,162.70",0.00,"15,162.70",0.000,0.00,"21,408.00","21,408.00","3,766.40","17,641.60",0.00,0.00,0,326,381,"1,432",0,0,0,"36,570",100.0
경기도,부천시,상3동,2030,0.00,"24,923.40","24,923.40",100.0,0.000,0.00,0.00,0.00,0.00,0.00,0.00,0.00,0.000,0.00,"10,938.90","10,938.90",0.00,"10,938.90",0.000,0.00,"13,984.50","13,984.50","3,822.80","10,161.70",0.00,0.00,0,236,223,847,0,0,0,"24,923",100.0
경기도,부천시,심곡본동,2030,0.00,"16,718.00","16,718.00",100.0,0.000,0.00,"16,718.00","16,718.00","2,151.70","14,566.30",0.00,0.00,0.000,0.00,0.00,0.00,0.00,0.00,0.000,0.00,0.00,0.00,0.00,0.00,0.00,0.00,336,0,0,712,0,0,0,"16,718",100.0
경기도,부천시,심곡본1동,2030,0.00,"14,406.40","14,406.40",100.0,0.000,0.00,"14,406.40","14,406.40","1,809.40","12,597.00",0.00,0.00,0.000,0.00,0.00,0.00,0.00,0.00,0.000,0.00,0.00,0.00,0.00,0.00,0.00,0.00,320,0,0,807,0,0,0,"14,406",100.0
경기도,부천시,송내1동,2030,0.00,"22,444.00","22,444.00",100.0,0.000,0.00,"13,839.70","13,839.70","2,190.70","11,649.00",0.00,0.00,0.000,0.00,"3,979.70","3,979.70",0.00,"3,979.70",0.000,0.00,"4,624.60","4,624.60",683.80,"3,940.80",0.00,0.00,305,99,98,"1,104",0,0,2,"22,444",100.0
경기도,부천시,송내2동,2030,0.00,"17,041.70","17,041.70",100.0,0.000,0.00,"17,041.70","17,041.70","2,687.50","13,285.70",0.00,"1,068.50",0.000,0.00,0.00,0.00,0.00,0.00,0.000,0.00,0.00,0.00,0.00,0.00,0.00,0.00,332,0,0,886,0,0,0,"17,041",100.0
경기도,부천시,소사본동,2030,0.00,"15,486.50","15,486.50",100.0,0.000,0.00,"14,847.40","14,847.40","1,234.70","13,557.70",0.00,55.00,0.000,0.00,639.10,639.10,0.00,639.10,0.000,0.00,0.00,0.00,0.00,0.00,0.00,0.00,345,9,0,739,0,0,0,"15,486",100.0
경기도,부천시,소사본3동,2030,0.00,"38,398.60","38,398.60",100.0,0.000,0.00,"29,830.50","29,830.50","4,505.00","25,325.50",0.00,0.00,0.000,0.00,"3,438.40","3,438.40",0.00,"3,438.40",0.000,0.00,"5,129.70","5,129.70",0.00,"5,129.70",0.00,0.00,750,102,138,"1,899",0,0,0,"38,398",100.0
경기도,부천시,괴안동,2030,0.00,"13,672.70","13,672.70",100.0,0.000,0.00,"12,160.90","12,160.90",874.30,"11,286.60",0.00,0.00,0.000,0.00,526.90,526.90,0.00,526.90,0.000,0.00,984.90,984.90,0.00,984.90,0.00,0.00,262,20,24,760,0,0,0,"13,672",100.0
경기도,부천시,범박동,2030,0.00,"51,066.70","51,066.70",100.0,0.000,0.00,"4,780.90","4,780.90",776.30,"2,975.50",0.00,"1,029.10",0.000,0.00,"20,052.70","20,052.70",0.00,"20,052.70",0.000,0.00,"26,233.10","26,233.10","5,400.10","20,833.00",0.00,0.00,69,529,589,"1,679",0,2,5,"51,066",100.0
경기도,부천시,역곡3동,2030,0.00,"23,670.30","23,670.30",100.0,0.000,0.00,"19,734.80","19,734.80","3,238.30","16,311.20",0.00,185.30,0.000,0.00,20.70,20.70,16.70,4.00,0.000,0.00,"3,914.80","3,914.80",301.50,"3,428.00",0.00,185.30,406,93,88,"1,084",0,6,5,"23,670",100.0
경기도,부천시,성곡동,2030,0.00,"68,280.10","68,280.10",100.0,0.000,0.00,"24,991.00","24,991.00","2,491.50","22,499.50",0.00,0.00,0.000,0.00,"18,030.00","18,030.00",0.00,"18,030.00",0.000,0.00,"25,259.10","25,259.10","3,033.00","17,214.10",0.00,"5,012.00",483,479,476,"2,720",0,0,9,"68,280",100.0
경기도,부천시,고강본동,2030,0.00,"24,491.90","24,491.90",100.0,0.000,0.00,"24,491.90","24,491.90","1,734.80","21,327.30",0.00,"1,429.80",0.000,0.00,0.00,0.00,0.00,0.00,0.000,0.00,0.00,0.00,0.00,0.00,0.00,0.00,474,0,0,"1,290",0,0,3,"24,491",100.0
경기도,부천시,고강1동,2030,0.00,"17,726.60","17,726.60",100.0,0.000,0.00,"14,842.40","14,842.40",940.50,"11,566.20",0.00,"2,335.70",0.000,0.00,"1,599.80","1,599.80",0.00,"1,599.80",0.000,0.00,"1,284.40","1,284.40",0.00,"1,284.40",0.00,0.00,255,25,25,"1,012",0,2,5,"17,726",100.0
경기도,부천시,오정동,2030,0.00,"44,810.70","44,810.70",100.0,0.000,0.00,"25,435.90","25,435.90","2,482.50","15,128.00",0.00,"7,825.40",0.000,0.00,"12,348.90","12,348.90","4,482.70","7,866.20",0.000,0.00,"7,025.90","7,025.90",645.70,"6,380.20",0.00,0.00,358,189,143,"1,490",0,6,12,"44,810",100.0
경기도,부천시,원종1동,2030,0.00,"22,532.60","22,532.60",100.0,0.000,0.00,"20,639.90","20,639.90",424.20,"17,262.30",0.00,"2,953.40",0.000,0.00,"1,892.70","1,892.70",12.50,"1,880.20",0.000,0.00,0.00,0.00,0.00,0.00,0.00,0.00,367,25,0,812,0,0,0,"22,532",100.0
경기도,부천시,원종2동,2030,0.00,"11,090.70","11,090.70",100.0,0.000,0.00,"10,505.80","10,505.80","2,411.00","8,094.80",0.00,0.00,0.000,0.00,509.70,509.70,0.00,509.70,0.000,0.00,75.20,75.20,0.00,75.20,0.00,0.00,197,6,2,918,0,2,0,"11,090",100.0
경기도,부천시,신흥동,2030,0.00,"55,644.60","55,644.60",100.0,0.000,0.00,"48,818.90","48,818.90","6,521.00","40,810.90",0.00,"1,487.00",0.000,0.00,"3,661.10","3,661.10","1,787.20","1,873.90",0.000,0.00,"3,164.60","3,164.60",828.40,"2,336.20",0.00,0.00,974,43,35,"2,848",0,8,7,"55,646",100.0
경기도,광명시,소계,,"173,824.00","394,175.00","363,672.00",92.3,2.900,"24,539.00","189,037.00","187,737.00","32,231.00","155,506.00",0.00,0.00,9.700,"88,576.00","102,547.00","89,552.00","3,667.00","85,885.00",9.700,"60,709.00","99,101.00","86,383.00","10,291.00","74,631.00","1,152.00",309.00,"3,899","1,980","2,054","15,246",0,19,47,"363,672",100.0
경기도,광명시,광명1동,2025,196.00,"12,066.00","12,066.00",100.0,0.300,196.00,"12,066.00","12,066.00",862.00,"11,204.00",0.00,0.00,0.000,0.00,0.00,0.00,0.00,0.00,0.000,0.00,0.00,0.00,0.00,0.00,0.00,0.00,206,0,0,629,0,2,12,"12,066",100.0
경기도,광명시,광명2동,2025,173.00,"11,646.00","11,646.00",100.0,0.300,173.00,"11,646.00","11,646.00",832.00,"10,814.00",0.00,0.00,0.000,0.00,0.00,0.00,0.00,0.00,0.000,0.00,0.00,0.00,0.00,0.00,0.00,0.00,235,0,0,622,0,0,3,"11,646",100.0
경기도,광명시,광명3동,2025,175.00,"11,800.00","11,800.00",100.0,0.300,175.00,"11,800.00","11,800.00",843.00,"10,957.00",0.00,0.00,0.000,0.00,0.00,0.00,0.00,0.00,0.000,0.00,0.00,0.00,0.00,0.00,0.00,0.00,391,0,0,672,0,3,3,"11,800",100.0
경기도,광명시,광명4동,2025,200.00,"12,206.00","12,206.00",100.0,0.300,200.00,"12,206.00","12,206.00",872.00,"11,334.00",0.00,0.00,0.000,0.00,0.00,0.00,0.00,0.00,0.000,0.00,0.00,0.00,0.00,0.00,0.00,0.00,292,0,0,678,0,0,0,"12,206",100.0
경기도,광명시,광명5동,2025,164.00,"12,640.00","12,640.00",100.0,0.500,164.00,"12,640.00","12,640.00",903.00,"11,737.00",0.00,0.00,0.000,0.00,0.00,0.00,0.00,0.00,0.000,0.00,0.00,0.00,0.00,0.00,0.00,0.00,439,0,0,804,0,2,7,"12,640",100.0
경기도,광명시,광명6동,2025,"16,603.00","29,766.00","23,315.00",78.3,0.200,65.00,"13,228.00","13,228.00",945.00,"12,283.00",0.00,0.00,0.200,"8,951.00","8,951.00","6,871.00",0.00,"6,871.00",0.200,"7,587.00","7,587.00","3,216.00",0.00,"3,216.00",0.00,0.00,357,96,107,"1,409",0,3,2,"23,315",100.0
경기도,광명시,광명7동,2025,"32,518.00","43,761.00","26,368.00",60.3,0.200,58.00,"11,301.00","11,301.00",807.00,"10,494.00",0.00,0.00,0.400,"17,680.00","17,680.00","8,634.00",0.00,"8,634.00",0.400,"14,780.00","14,780.00","6,433.00",0.00,"6,433.00",0.00,0.00,310,122,135,"1,539",0,0,0,"26,368",100.0
경기도,광명시,철산1동,2025,"1,537.00","12,002.00","12,002.00",100.0,0.000,0.00,"5,367.00","5,367.00",983.00,"4,384.00",0.00,0.00,0.400,"1,187.00","3,731.00","3,731.00",494.00,"3,237.00",0.400,350.00,"2,904.00","2,904.00",80.00,"2,824.00",0.00,0.00,110,36,38,438,0,1,4,"12,002",100.0
경기도,광명시,철산2동,2025,"2,691.00","21,826.00","21,826.00",100.0,0.000,0.00,"9,804.00","9,804.00","1,795.00","8,009.00",0.00,0.00,0.700,"2,078.00","6,766.00","6,766.00",852.00,"5,914.00",0.700,613.00,"5,256.00","5,256.00",97.00,"5,159.00",0.00,0.00,171,232,159,802,0,0,0,"21,826",100.0
경기도,광명시,철산3동,2025,"13,487.00","24,561.00","24,561.00",100.0,0.200,"9,642.00","10,837.00","10,837.00","1,985.00","8,852.00",0.00,0.00,1.000,"2,969.00","7,860.00","7,860.00","1,324.00","6,536.00",1.000,876.00,"5,864.00","5,864.00",162.00,"5,702.00",0.00,0.00,185,222,241,884,0,1,3,"24,561",100.0
경기도,광명시,철산4동,2025,"5,377.00","8,340.00","7,040.00",84.4,0.100,"4,606.00","4,606.00","3,306.00",606.00,"2,700.00",0.00,0.00,0.200,595.00,"1,994.00","1,994.00",0.00,"1,994.00",0.200,176.00,"1,740.00","1,740.00",0.00,"1,740.00",0.00,0.00,119,19,15,270,0,0,0,"7,040",100.0
경기도,광명시,하안1동,2025,"16,648.00","35,953.00","35,953.00",100.0,0.400,"7,964.00","16,936.00","16,936.00","8,065.00","8,871.00",0.00,0.00,2.400,"7,171.00","7,171.00","10,234.00",0.00,"10,234.00",2.400,"1,513.00","8,783.00","8,783.00","1,442.00","6,729.00",612.00,0.00,175,235,224,765,0,0,0,"35,953",100.0
경기도,광명시,하안2동,2025,"3,807.00","7,671.00","7,671.00",100.0,0.000,0.00,"2,186.00","2,186.00","1,041.00","1,145.00",0.00,0.00,0.500,"3,313.00","3,762.00","3,762.00",0.00,"3,762.00",0.500,494.00,"1,723.00","1,723.00",0.00,"1,723.00",0.00,0.00,35,46,44,298,0,0,0,"7,671",100.0
경기도,광명시,하안3동,2025,"7,481.00","12,394.00","12,394.00",100.0,0.000,0.00,"2,272.00","2,272.00","1,082.00","1,190.00",0.00,0.00,0.500,"6,074.00","6,074.00","6,501.00",0.00,"6,501.00",0.500,"1,407.00","3,621.00","3,621.00",0.00,"3,621.00",0.00,0.00,30,130,69,687,0,0,3,"12,394",100.0
경기도,광명시,하안4동,2025,"5,126.00","8,213.00","8,109.00",98.7,0.000,0.00,"1,632.00","1,632.00",777.00,855.00,0.00,0.00,0.400,"4,426.00","4,426.00","4,322.00",0.00,"4,322.00",0.400,700.00,"2,155.00","2,155.00",0.00,"2,155.00",0.00,0.00,46,44,37,338,0,3,5,"8,109",100.0
경기도,광명시,소하1동,2025,"29,653.00","42,878.00","38,672.00",90.2,0.000,0.00,"12,909.00","12,909.00","3,043.00","9,866.00",0.00,0.00,1.300,"14,790.00","14,790.00","10,584.00",997.00,"9,587.00",1.300,"14,863.00","15,179.00","15,179.00","2,790.00","12,149.00",240.00,0.00,270,309,359,"1,343",0,4,5,"38,672",100.0
경기도,광명시,소하2동,2025,"37,988.00","66,130.00","65,081.00",98.4,0.100,"1,296.00","17,279.00","17,279.00","4,768.00","12,511.00",0.00,0.00,1.700,"19,342.00","19,342.00","18,293.00",0.00,"18,293.00",1.700,"17,350.00","29,509.00","29,509.00","5,720.00","23,180.00",300.00,309.00,212,489,626,"2,575",0,0,0,"65,081",100.0
경기도,광명시,학온동,2025,0.00,"20,322.00","20,322.00",100.0,0.000,0.00,"20,322.00","20,322.00","2,022.00","18,300.00",0.00,0.00,0.000,0.00,0.00,0.00,0.00,0.00,0.000,0.00,0.00,0.00,0.00,0.00,0.00,0.00,316,0,0,493,0,0,0,"20,322",100.0
경기도,평택시,소계,,"421,159.00","1,501,592.46","1,494,475.54",99.5,168.400,"417,200.00","437,973.00","430,856.08","5,663.57","398,788.51","19,538.00","6,866.00",85.800,307.00,"576,288.88","576,288.88","1,203.00","575,085.88",89.200,"3,652.00","487,330.58","487,330.58","13,298.47","460,035.11","11,534.00","2,463.00","23,001","16,549","12,402","17,746","50,733",30,232,"1,426,433",95.4
경기도,평택시,팽성읍,2020,"45,061.00","181,220.87","179,707.87",99.2,42.000,"45,000.00","45,000.00","43,487.00",127.00,"38,476.00","4,298.00",586.00,13.000,4.00,"82,269.31","82,269.31",696.00,"81,573.31",13.500,57.00,"53,951.56","53,951.56","2,478.16","51,376.40",2.00,95.00,"2,946","2,994","1,703","1,956","5,591",3,22,"174,203",96.9
경기도,평택시,안중읍,2020,"9,177.00","119,657.42","119,657.42",100.0,12.000,"9,000.00","9,180.00","9,180.00",0.00,"8,838.00",311.00,31.00,6.200,26.00,"54,696.34","54,696.34",4.00,"54,692.34",6.600,151.00,"55,781.08","55,781.08","1,672.00","54,109.08",0.00,0.00,"1,411","1,566","1,299","1,333","3,811",2,15,"118,896",99.4
경기도,평택시,포승읍,2020,"1,935.00","68,148.00","68,148.00",100.0,9.000,200.00,493.00,493.00,0.00,487.00,0.00,6.00,7.000,55.00,"33,676.00","33,676.00",0.00,"33,676.00",7.000,"1,680.00","33,979.00","33,979.00",0.00,"33,979.00",0.00,0.00,621,780,933,"1,780","5,087",0,16,"68,148",100.0
경기도,평택시,청북읍,2020,"5,605.00","81,125.00","81,027.00",99.9,6.300,"5,500.00","5,500.00","5,402.00",7.00,"4,967.00",116.00,312.00,1.600,5.00,"33,494.00","33,494.00",19.00,"33,475.00",2.100,100.00,"42,131.00","42,131.00","1,792.00","38,328.00","1,955.00",56.00,952,640,"1,032","1,168","3,339",0,9,"81,027",100.0
경기도,평택시,진위면,2020,"40,000.00","102,484.54","101,644.54",99.2,3.000,"40,000.00","40,000.00","39,160.00","2,270.00","33,418.00","2,894.00",578.00,2.400,0.00,"44,866.63","44,866.63",117.00,"44,749.63",2.500,0.00,"17,617.91","17,617.91","1,909.40","14,546.51","1,162.00",0.00,"1,128","1,053",373,744,"2,127",0,10,"82,667",81.3
경기도,평택시,서탄면,2020,"24,000.00","40,895.35","40,323.35",98.6,4.000,"24,000.00","24,000.00","23,428.00",431.00,"19,785.00","2,538.00",674.00,2.000,0.00,"7,955.32","7,955.32",0.00,"7,955.32",2.000,0.00,"8,940.03","8,940.03",331.92,"7,356.11","1,252.00",0.00,"1,255",736,260,385,"1,100",0,7,"37,961",94.1
경기도,평택시,고덕면,2020,"20,000.00","74,344.88","74,331.45",100.0,21.700,"20,000.00","20,000.00","19,986.57",440.57,"17,442.00","1,903.00",201.00,5.000,0.00,"27,226.54","27,226.54",0.00,"27,226.54",5.800,0.00,"27,118.34","27,118.34","1,037.50","25,891.84",189.00,0.00,748,633,564,740,"2,116",0,6,"72,272",97.2
경기도,평택시,오성면,2020,"8,174.00","17,527.00","17,527.00",100.0,4.400,"8,000.00","8,119.00","8,119.00","1,003.00","7,041.00",0.00,75.00,1.100,3.00,"4,997.00","4,997.00",3.00,"4,994.00",1.100,171.00,"4,411.00","4,411.00",82.00,"4,329.00",0.00,0.00,264,119,181,293,838,0,2,"17,527",100.0
경기도,평택시,현덕면,2020,"8,677.00","82,871.00","82,871.00",100.0,3.500,"8,500.00","16,596.00","16,596.00",79.00,"16,057.00",0.00,460.00,2.500,26.00,"52,368.00","52,368.00",0.00,"52,368.00",2.600,151.00,"13,907.00","13,907.00",501.00,"13,406.00",0.00,0.00,477,508,261,219,626,0,3,"82,871",100.0
경기도,평택시,중앙동,2020,"25,055.00","96,642.00","96,642.00",100.0,3.000,"25,000.00","30,520.00","30,520.00",0.00,"29,105.00","1,267.00",148.00,3.000,13.00,"30,272.55","30,272.55",7.00,"30,265.55",3.000,42.00,"35,849.45","35,849.45",0.00,"34,768.45",204.00,877.00,"1,730","1,051","1,049","1,164","3,327",1,19,"95,845",99.2
경기도,평택시,서정동,2020,"20,055.00","81,651.00","81,034.00",99.2,5.500,"20,000.00","20,000.00","19,383.00",78.00,"19,291.00",14.00,0.00,1.500,13.00,"38,835.00","38,835.00",0.00,"38,835.00",1.500,42.00,"22,816.00","22,816.00",0.00,"22,455.00",0.00,361.00,"3,155",901,473,711,"2,034",3,33,"81,034",100.0
경기도,평택시,송탄동,2020,"25,000.00","78,136.62","77,532.74",99.2,2.500,"25,000.00","25,000.00","24,396.12",324.00,"20,737.12","2,654.00",681.00,3.000,0.00,"28,448.62","28,448.62",0.00,"28,448.62",4.000,0.00,"24,688.00","24,688.00",277.00,"24,233.00",46.00,132.00,"1,163",483,647,679,"1,941",1,14,"75,973",98.0
경기도,평택시,지산동,2020,"14,055.00","24,254.00","23,748.00",97.9,4.300,"14,000.00","14,000.00","13,494.00",0.00,"13,494.00",0.00,0.00,4.000,13.00,"5,544.00","5,544.00",0.00,"5,544.00",4.000,42.00,"4,710.00","4,710.00",0.00,"4,611.00",0.00,99.00,447,354,146,305,872,2,4,"23,748",100.0
경기도,평택시,송북동,2020,"25,055.00","55,252.00","55,075.00",99.7,4.200,"25,000.00","25,000.00","24,823.00",258.00,"24,518.00",0.00,47.00,3.500,13.00,"16,097.00","16,097.00",0.00,"16,097.00",3.500,42.00,"14,155.00","14,155.00",420.00,"13,677.00",0.00,58.00,"1,001",784,569,578,"1,654",0,9,"55,075",100.0
경기도,평택시,신장1동,2020,"16,055.00","24,013.00","23,866.00",99.4,3.000,"16,000.00","16,000.00","15,853.00",522.00,"14,197.00",0.00,"1,134.00",2.500,13.00,"5,195.00","5,195.00",0.00,"5,195.00",2.500,42.00,"2,818.00","2,818.00",0.00,"2,818.00",0.00,0.00,476,284,163,344,983,0,5,"23,866",100.0
경기도,평택시,신장2동,2020,"18,055.00","29,673.34","29,673.34",100.0,3.000,"18,000.00","24,540.00","24,540.00",0.00,"24,484.00",0.00,56.00,2.500,13.00,"3,567.01","3,567.01",0.00,"3,567.01",2.500,42.00,"1,566.33","1,566.33",0.00,"1,566.33",0.00,0.00,425,115,77,308,880,0,4,"29,398",99.1
경기도,평택시,신평동,2020,"29,235.00","59,528.00","59,286.00",99.6,4.500,"29,000.00","29,000.00","28,758.00",0.00,"28,162.00",428.00,168.00,4.500,22.00,"12,712.00","12,712.00",0.00,"12,712.00",4.500,213.00,"17,816.00","17,816.00",0.00,"17,243.00",0.00,573.00,"1,182",501,140,554,"1,584",1,15,"59,286",100.0
경기도,평택시,원평동,2020,"15,235.00","41,153.93","41,153.93",100.0,4.500,"15,000.00","15,025.00","15,025.00",2.00,"13,004.00",991.00,"1,028.00",4.000,22.00,"13,168.93","13,168.93",357.00,"12,811.93",4.000,213.00,"12,960.00","12,960.00",12.00,"10,839.00","1,989.00",120.00,"1,139",386,251,348,996,1,6,"40,810",99.2
경기도,평택시,통복동,2020,"11,235.00","16,798.47","16,271.47",96.9,2.500,"11,000.00","11,000.00","10,473.00",0.00,"10,413.00",0.00,60.00,1.500,22.00,"3,939.00","3,939.00",0.00,"3,939.00",1.500,213.00,"1,859.47","1,859.47",0.00,"1,859.47",0.00,0.00,315,260,34,228,653,12,0,"16,180",99.4
경기도,평택시,비전1동,2020,"22,025.00","68,505.23","67,998.62",99.3,10.500,"22,000.00","22,000.00","21,493.39",67.00,"19,049.39","2,017.00",360.00,5.000,0.00,"22,272.81","22,272.81",0.00,"22,272.81",5.000,25.00,"24,232.42","24,232.42",491.10,"22,703.32","1,038.00",0.00,937,"1,255","1,174","1,731","4,948",2,10,"57,526",84.6
경기도,평택시,비전2동,2020,"21,235.00","97,038.40","96,456.40",99.4,11.000,"21,000.00","21,000.00","20,418.00",55.00,"20,102.00",0.00,261.00,6.000,22.00,"36,804.50","36,804.50",0.00,"36,804.50",6.000,213.00,"39,233.90","39,233.90","1,942.39","37,199.51",0.00,92.00,"1,208",849,750,"1,477","4,222",1,13,"74,489",77.2
경기도,평택시,세교동,2020,"16,235.00","60,672.41","60,500.41",99.7,4.000,"16,000.00","16,000.00","15,828.00",0.00,"15,721.00",107.00,0.00,4.000,22.00,"17,883.32","17,883.32",0.00,"17,883.32",4.000,213.00,"26,789.09","26,789.09",352.00,"22,740.09","3,697.00",0.00,21,297,323,701,"2,004",1,10,"57,631",95.3
경기도,동두천시,소계,,"462,836.90","462,837.10","462,837.10",100.0,3.600,"148,406.20","148,406.30","148,406.30","20,026.80","128,379.50",0.00,0.00,28.100,"145,177.80","145,177.80","145,177.80",0.00,"145,177.80",95.800,"169,252.90","169,253.00","169,253.00","12,075.40","144,127.80",0.00,"13,049.80","3,275","3,969","3,785","1,683","8,849",35,360,"460,304",99.5
경기도,동두천시,생연1동,2030,"25,060.00","25,060.00","25,060.00",100.0,0.500,"14,011.60","14,011.60","14,011.60","1,750.50","12,261.10",0.00,0.00,1.200,"5,905.20","5,905.20","5,905.20",0.00,"5,905.20",2.800,"5,143.20","5,143.20","5,143.20",0.00,"4,547.00",0.00,596.20,352,159,113,69,261,0,4,"32,417",129.4
경기도,동두천시,생연2동,2030,"27,295.30","27,295.30","27,295.30",100.0,0.700,"21,230.10","21,230.10","21,230.10","3,724.00","17,506.10",0.00,0.00,0.800,"2,356.60","2,356.60","2,356.60",0.00,"2,356.60",2.200,"3,708.60","3,708.60","3,708.60",13.60,"3,648.00",0.00,47.00,502,78,78,26,200,10,6,"34,420",126.1
경기도,동두천시,중앙동,2030,"32,210.60","32,210.60","32,210.60",100.0,1.000,"29,373.00","29,373.00","29,373.00","4,680.00","24,693.00",0.00,0.00,0.700,966.50,966.50,966.50,0.00,966.50,0.900,"1,871.10","1,871.10","1,871.10",0.00,"1,686.70",0.00,184.40,732,31,47,11,82,6,7,"44,424",137.9
경기도,동두천시,보산동,2030,"16,802.70","16,802.80","16,802.80",100.0,0.400,"11,799.50","11,799.50","11,799.50","2,689.10","9,110.40",0.00,0.00,4.300,"1,949.10","1,949.10","1,949.10",0.00,"1,949.10",1.300,"3,054.10","3,054.20","3,054.20",63.60,"2,990.60",0.00,0.00,313,71,94,15,117,0,3,"20,281",120.7
경기도,동두천시,불현동,2030,"113,148.50","113,148.50","113,148.50",100.0,0.700,"35,628.50","35,628.50","35,628.50","3,959.80","31,668.70",0.00,0.00,5.800,"44,659.70","44,659.70","44,659.70",0.00,"44,659.70",19.400,"32,860.30","32,860.30","32,860.30","2,322.70","30,226.30",0.00,311.30,612,"1,223",823,514,"1,792",0,85,"109,533",96.8
경기도,동두천시,송내동,2030,"60,276.30","60,276.30","60,276.30",100.0,0.100,"8,156.40","8,156.40","8,156.40","1,322.70","6,833.70",0.00,0.00,2.500,"22,011.50","22,011.50","22,011.50",0.00,"22,011.50",17.900,"30,108.40","30,108.40","30,108.40","1,740.80","28,321.30",0.00,46.30,163,560,638,258,"1,656",0,62,"52,899",87.8
경기도,동두천시,소요동,2030,"122,614.00","122,614.10","122,614.10",100.0,0.200,"21,157.90","21,158.00","21,158.00","1,802.10","19,355.90",0.00,0.00,7.400,"42,116.80","42,116.80","42,116.80",0.00,"42,116.80",30.000,"59,339.30","59,339.30","59,339.30","3,138.70","44,453.70",0.00,"11,746.90",434,"1,178","1,279",499,"2,771",6,131,"106,596",86.9
경기도,동두천시,상패동,2030,"65,429.50","65,429.50","65,429.50",100.0,0.000,"7,049.20","7,049.20","7,049.20",98.60,"6,950.60",0.00,0.00,5.400,"25,212.40","25,212.40","25,212.40",0.00,"25,212.40",21.300,"33,167.90","33,167.90","33,167.90","4,796.00","28,254.20",0.00,117.70,167,669,713,291,"1,970",13,62,"59,734",91.3
경기도,안산시,소계,,"1,675,382.10","1,675,382.10","1,663,728.00",99.3,0.000,0.00,0.00,0.00,0.00,0.00,0.00,0.00,49.800,"745,538.20","745,538.20","733,884.10",0.00,"733,884.10",49.800,"929,843.90","929,843.90","929,843.90","87,336.10","842,507.80",0.00,0.00,0,"15,265","18,949","72,584",0,127,101,"1,663,715",100.0
경기도,안산시,일동,2030,"49,708.40","49,708.40","49,708.40",100.0,0.000,0.00,0.00,0.00,0.00,0.00,0.00,0.00,0.800,"23,347.40","23,347.40","23,347.40",0.00,"23,347.40",0.800,"26,361.00","26,361.00","26,361.00","2,552.20","23,808.80",0.00,0.00,0,495,466,"2,406",0,0,0,"49,708",100.0
경기도,안산시,이동,2030,"81,445.60","81,445.60","81,445.60",100.0,0.000,0.00,0.00,0.00,0.00,0.00,0.00,0.00,1.200,"36,685.30","36,685.30","36,685.30",0.00,"36,685.30",1.200,"44,760.30","44,760.30","44,760.30","3,676.30","41,084.00",0.00,0.00,0,762,708,"3,594",0,0,6,"81,445",100.0
경기도,안산시,사동,2030,"107,684.00","107,684.00","107,684.00",100.0,0.000,0.00,0.00,0.00,0.00,0.00,0.00,0.00,1.600,"44,563.90","44,563.90","44,563.90",0.00,"44,563.90",1.600,"63,120.10","63,120.10","63,120.10","1,551.90","61,568.20",0.00,0.00,0,741,679,"3,634",0,0,7,"107,684",100.0
경기도,안산시,사이동,2030,"66,818.50","66,818.50","66,818.50",100.0,0.000,0.00,0.00,0.00,0.00,0.00,0.00,0.00,1.300,"28,536.40","28,536.40","28,536.40",0.00,"28,536.40",1.300,"38,282.10","38,282.10","38,282.10","4,078.50","34,203.60",0.00,0.00,0,480,652,"2,263",0,0,0,"66,818",100.0
경기도,안산시,해양동,2030,170.20,170.20,170.20,100.0,0.000,0.00,0.00,0.00,0.00,0.00,0.00,0.00,2.100,60.70,60.70,60.70,0.00,60.70,2.100,109.50,109.50,109.50,0.00,109.50,0.00,0.00,0,156,322,"1,102",0,0,0,170,99.9
경기도,안산시,본오1동,2030,"99,762.70","99,762.70","99,762.70",100.0,0.000,0.00,0.00,0.00,0.00,0.00,0.00,0.00,1.600,"46,185.70","46,185.70","46,185.70",0.00,"46,185.70",1.600,"53,577.00","53,577.00","53,577.00","4,513.00","49,064.00",0.00,0.00,0,977,"1,060","4,079",0,0,0,"99,762",100.0
경기도,안산시,본오2동,2030,"39,040.80","39,040.80","39,040.80",100.0,0.000,0.00,0.00,0.00,0.00,0.00,0.00,0.00,0.800,"20,579.00","20,579.00","20,579.00",0.00,"20,579.00",0.800,"18,461.80","18,461.80","18,461.80","1,507.60","16,954.20",0.00,0.00,0,498,343,"1,643",0,0,0,"39,040",100.0
경기도,안산시,본오3동,2030,"34,491.30","34,491.30","34,491.30",100.0,0.000,0.00,0.00,0.00,0.00,0.00,0.00,0.00,0.900,"14,281.70","14,281.70","14,281.70",0.00,"14,281.70",0.900,"20,209.60","20,209.60","20,209.60","2,315.40","17,894.20",0.00,0.00,0,931,"1,104","4,749",0,0,0,"34,491",100.0
경기도,안산시,부곡동,2030,"53,688.80","53,688.80","53,688.80",100.0,0.000,0.00,0.00,0.00,0.00,0.00,0.00,0.00,0.700,"22,592.20","22,592.20","22,592.20",0.00,"22,592.20",0.700,"31,096.60","31,096.60","31,096.60","3,518.20","27,578.40",0.00,0.00,0,482,573,"2,901",0,0,0,"53,688",100.0
경기도,안산시,월피동,2030,"74,359.80","74,359.80","74,359.80",100.0,0.000,0.00,0.00,0.00,0.00,0.00,0.00,0.00,1.200,"33,935.20","33,935.20","33,935.20",0.00,"33,935.20",1.200,"40,424.60","40,424.60","40,424.60","3,048.50","37,376.10",0.00,0.00,0,680,756,"3,473",0,0,9,"74,359",100.0
경기도,안산시,성포동,2030,"30,327.20","30,327.20","30,327.20",100.0,0.000,0.00,0.00,0.00,0.00,0.00,0.00,0.00,1.100,"11,091.20","11,091.20","11,091.20",0.00,"11,091.20",1.100,"19,236.00","19,236.00","19,236.00","2,327.20","16,908.80",0.00,0.00,0,245,341,826,0,0,4,"30,327",100.0
경기도,안산시,반월동,2030,"38,844.50","38,844.50","38,844.50",100.0,0.000,0.00,0.00,0.00,0.00,0.00,0.00,0.00,1.000,"13,139.40","13,139.40","13,139.40",0.00,"13,139.40",1.000,"25,705.10","25,705.10","25,705.10","2,196.40","23,508.70",0.00,0.00,0,365,778,"1,768",0,127,0,"38,844",100.0
경기도,안산시,안산동,2030,"33,023.40","33,023.40","33,023.40",100.0,0.000,0.00,0.00,0.00,0.00,0.00,0.00,0.00,0.500,"13,472.70","13,472.70","13,472.70",0.00,"13,472.70",0.500,"19,550.70","19,550.70","19,550.70","2,227.70","17,323.00",0.00,0.00,0,253,342,"1,172",0,0,0,"33,023",100.0
경기도,안산시,와동,2030,"83,634.80","83,634.80","83,634.80",100.0,0.000,0.00,0.00,0.00,0.00,0.00,0.00,0.00,1.300,"37,895.10","37,895.10","37,895.10",0.00,"37,895.10",1.300,"45,739.70","45,739.70","45,739.70","2,881.20","42,858.50",0.00,0.00,0,795,924,"3,865",0,0,11,"83,634",100.0
경기도,안산시,고잔동,2030,"36,940.80","36,940.80","36,940.80",100.0,0.000,0.00,0.00,0.00,0.00,0.00,0.00,0.00,0.200,"16,060.30","16,060.30","16,060.30",0.00,"16,060.30",0.200,"20,880.50","20,880.50","20,880.50","1,493.60","19,386.90",0.00,0.00,0,346,409,"1,424",0,0,40,"36,940",100.0
경기도,안산시,중앙동,2030,"38,813.80","38,813.80","38,813.80",100.0,0.000,0.00,0.00,0.00,0.00,0.00,0.00,0.00,1.300,"19,562.80","19,562.80","19,562.80",0.00,"19,562.80",1.300,"19,251.00","19,251.00","19,251.00","1,358.50","17,892.50",0.00,0.00,0,436,411,"1,225",0,0,0,"38,813",100.0
경기도,안산시,호수동,2030,"76,121.00","76,121.00","76,121.00",100.0,0.000,0.00,0.00,0.00,0.00,0.00,0.00,0.00,1.900,"28,638.80","28,638.80","28,638.80",0.00,"28,638.80",1.900,"47,482.20","47,482.20","47,482.20",176.00,"47,306.20",0.00,0.00,0,501,804,"2,566",0,0,0,"76,121",100.0
경기도,안산시,원곡동,2030,"91,938.40","91,938.40","91,938.40",100.0,0.000,0.00,0.00,0.00,0.00,0.00,0.00,0.00,1.200,"40,049.10","40,049.10","40,049.10",0.00,"40,049.10",1.200,"51,889.30","51,889.30","51,889.30","3,519.20","48,370.10",0.00,0.00,0,"1,118","1,320","4,687",0,0,0,"91,938",100.0
경기도,안산시,백운동,2030,"13,774.30","13,774.30","13,774.30",100.0,0.000,0.00,0.00,0.00,0.00,0.00,0.00,0.00,0.700,"6,127.50","6,127.50","6,127.50",0.00,"6,127.50",0.700,"7,646.80","7,646.80","7,646.80",250.00,"7,396.80",0.00,0.00,0,160,"1,060","4,079",0,0,0,"13,774",100.0
경기도,안산시,신길동,2030,"24,248.50","24,248.50","24,248.50",100.0,0.000,0.00,0.00,0.00,0.00,0.00,0.00,0.00,0.300,"11,834.70","11,834.70","11,834.70",0.00,"11,834.70",0.300,"12,413.80","12,413.80","12,413.80","1,118.80","11,295.00",0.00,0.00,0,301,270,883,0,0,0,"24,248",100.0
경기도,안산시,초지동,2030,"432,050.90","432,050.90","432,050.90",100.0,0.000,0.00,0.00,0.00,0.00,0.00,0.00,0.00,20.700,"195,996.90","195,996.90","195,996.90",0.00,"195,996.90",20.700,"236,054.00","236,054.00","236,054.00","33,130.30","202,923.70",0.00,0.00,0,"2,895","3,579","13,925",0,0,15,"432,050",100.0
경기도,안산시,선부1동,2030,"20,617.10","20,617.10","20,617.10",100.0,0.000,0.00,0.00,0.00,0.00,0.00,0.00,0.00,0.600,"7,337.20","7,337.20","7,337.20",0.00,"7,337.20",0.600,"13,279.90","13,279.90","13,279.90","1,803.70","11,476.20",0.00,0.00,0,132,223,670,0,0,9,"20,617",100.0
경기도,안산시,선부2동,2030,"52,119.40","52,119.40","52,119.40",100.0,0.000,0.00,0.00,0.00,0.00,0.00,0.00,0.00,0.900,"20,488.50","20,488.50","20,488.50",0.00,"20,488.50",0.900,"31,630.90","31,630.90","31,630.90","2,666.80","28,964.10",0.00,0.00,0,447,660,"2,345",0,0,0,"52,119",100.0
경기도,안산시,선부3동,2030,"42,705.90","42,705.90","42,705.90",100.0,0.000,0.00,0.00,0.00,0.00,0.00,0.00,0.00,0.900,"17,787.30","17,787.30","17,787.30",0.00,"17,787.30",0.900,"24,918.60","24,918.60","24,918.60","3,457.80","21,460.80",0.00,0.00,0,327,520,"1,784",0,0,0,"42,705",100.0
경기도,안산시,대부동,2030,"53,052.00","53,052.00","41,397.90",78.0,0.000,0.00,0.00,0.00,0.00,0.00,0.00,0.00,5.000,"35,289.20","35,289.20","23,635.10",0.00,"23,635.10",5.000,"17,762.80","17,762.80","17,762.80","1,967.30","15,795.50",0.00,0.00,0,742,645,"1,521",0,0,0,"41,397",100.0
경기도,고양시,소계,,"1,992,700.00","2,476,001.00","1,820,164.00",73.5,8.945,0.00,"367,166.00","367,166.00","37,083.00","246,662.00","15,561.00","67,860.00",43.574,"966,499.00","966,499.00","552,986.00",200.00,"552,786.00",43.574,"1,026,201.00","1,142,336.00","900,012.00","136,523.00","760,357.00",0.00,"3,132.00","7,418","11,068","18,164","65,236","32,405",154,0,"1,672,542",91.9
경기도,고양시,주교동,2035,"592,593.00","698,109.00","483,540.00",69.3,1.400,0.00,"105,516.00","105,516.00","10,657.00","70,886.00",601.00,"23,372.00",11.086,"277,141.00","277,141.00","113,651.00",41.00,"113,610.00",11.086,"315,452.00","315,452.00","264,373.00","40,103.00","223,350.00",0.00,920.00,"2,365","3,443","5,636","18,981","9,428",47,0,"509,673",105.4
경기도,고양시,원신동,2025,0.00,0.00,0.00,0.0,0.000,0.00,0.00,0.00,0.00,0.00,0.00,0.00,0.000,0.00,0.00,0.00,0.00,0.00,0.000,0.00,0.00,0.00,0.00,0.00,0.00,0.00,0,0,0,0,0,0,0,0,0.0
경기도,고양시,흥도동,2035,"117,261.00","130,627.00","121,262.00",92.8,1.140,0.00,"12,300.00","12,300.00","1,242.00","8,263.00",703.00,"2,092.00",2.776,"59,027.00","59,027.00","49,662.00",18.00,"49,644.00",2.776,"58,234.00","59,300.00","59,300.00","8,995.00","50,098.00",0.00,207.00,468,566,"1,089","3,745","1,861",17,0,"93,139",76.8
경기도,고양시,성사1동,2025,0.00,0.00,0.00,0.0,0.000,0.00,0.00,0.00,0.00,0.00,0.00,0.00,0.000,0.00,0.00,0.00,0.00,0.00,0.000,0.00,0.00,0.00,0.00,0.00,0.00,0.00,0,0,0,0,0,0,0,0,0.0
경기도,고양시,성사2동,2015,0.00,0.00,0.00,0.0,0.000,0.00,0.00,0.00,0.00,0.00,0.00,0.00,0.000,0.00,0.00,0.00,0.00,0.00,0.000,0.00,0.00,0.00,0.00,0.00,0.00,0.00,0,0,0,0,0,0,0,0,0.0
경기도,고양시,효자동,2020,0.00,0.00,0.00,0.0,0.000,0.00,0.00,0.00,0.00,0.00,0.00,0.00,0.000,0.00,0.00,0.00,0.00,0.00,0.000,0.00,0.00,0.00,0.00,0.00,0.00,0.00,0,0,0,0,0,0,0,0,0.0
경기도,고양시,신도동,2025,0.00,0.00,0.00,0.0,0.000,0.00,0.00,0.00,0.00,0.00,0.00,0.00,0.000,0.00,0.00,0.00,0.00,0.00,0.000,0.00,0.00,0.00,0.00,0.00,0.00,0.00,0,0,0,0,0,0,0,0,0.0
경기도,고양시,창릉동,2025,0.00,0.00,0.00,0.0,0.000,0.00,0.00,0.00,0.00,0.00,0.00,0.00,0.000,0.00,0.00,0.00,0.00,0.00,0.000,0.00,0.00,0.00,0.00,0.00,0.00,0.00,0,0,0,0,0,0,0,0,0.0
경기도,고양시,고양동,2020,0.00,0.00,0.00,0.0,0.000,0.00,0.00,0.00,0.00,0.00,0.00,0.00,0.000,0.00,0.00,0.00,0.00,0.00,0.000,0.00,0.00,0.00,0.00,0.00,0.00,0.00,0,0,0,0,0,0,0,0,0.0
경기도,고양시,관산동,2035,0.00,0.00,0.00,0.0,0.000,0.00,0.00,0.00,0.00,0.00,0.00,0.00,0.000,0.00,0.00,0.00,0.00,0.00,0.000,0.00,0.00,0.00,0.00,0.00,0.00,0.00,0,0,0,0,0,0,0,0,0.0
경기도,고양시,능곡동,2025,0.00,0.00,0.00,0.0,0.000,0.00,0.00,0.00,0.00,0.00,0.00,0.00,0.000,0.00,0.00,0.00,0.00,0.00,0.000,0.00,0.00,0.00,0.00,0.00,0.00,0.00,0,0,0,0,0,0,0,0,0.0
경기도,고양시,화정1동,2015,0.00,0.00,0.00,0.0,0.000,0.00,0.00,0.00,0.00,0.00,0.00,0.00,0.000,0.00,0.00,0.00,0.00,0.00,0.000,0.00,0.00,0.00,0.00,0.00,0.00,0.00,0,0,0,0,0,0,0,0,0.0
경기도,고양시,화정2동,2015,0.00,0.00,0.00,0.0,0.000,0.00,0.00,0.00,0.00,0.00,0.00,0.00,0.000,0.00,0.00,0.00,0.00,0.00,0.000,0.00,0.00,0.00,0.00,0.00,0.00,0.00,0,0,0,0,0,0,0,0,0.0
경기도,고양시,행주동,2020,0.00,0.00,0.00,0.0,0.000,0.00,0.00,0.00,0.00,0.00,0.00,0.00,0.000,0.00,0.00,0.00,0.00,0.00,0.000,0.00,0.00,0.00,0.00,0.00,0.00,0.00,0,0,0,0,0,0,0,0,0.0
경기도,고양시,행신1동,2015,0.00,0.00,0.00,0.0,0.000,0.00,0.00,0.00,0.00,0.00,0.00,0.00,0.000,0.00,0.00,0.00,0.00,0.00,0.000,0.00,0.00,0.00,0.00,0.00,0.00,0.00,0,0,0,0,0,0,0,0,0.0
경기도,고양시,행신2동,2015,0.00,0.00,0.00,0.0,0.000,0.00,0.00,0.00,0.00,0.00,0.00,0.00,0.000,0.00,0.00,0.00,0.00,0.00,0.000,0.00,0.00,0.00,0.00,0.00,0.00,0.00,0,0,0,0,0,0,0,0,0.0
경기도,고양시,행신3동,2015,0.00,0.00,0.00,0.0,0.000,0.00,0.00,0.00,0.00,0.00,0.00,0.00,0.000,0.00,0.00,0.00,0.00,0.00,0.000,0.00,0.00,0.00,0.00,0.00,0.00,0.00,0,0,0,0,0,0,0,0,0.0
경기도,고양시,화전동,2025,0.00,0.00,0.00,0.0,0.000,0.00,0.00,0.00,0.00,0.00,0.00,0.00,0.000,0.00,0.00,0.00,0.00,0.00,0.000,0.00,0.00,0.00,0.00,0.00,0.00,0.00,0,0,0,0,0,0,0,0,0.0
경기도,고양시,대덕동,2035,"152,141.00","233,441.00","129,240.00",55.4,0.605,0.00,"81,300.00","81,300.00","8,211.00","54,617.00","4,648.00","13,824.00",1.500,"76,585.00","76,585.00","24,840.00",9.00,"24,831.00",1.500,"75,556.00","75,556.00","23,100.00","3,504.00","19,516.00",0.00,80.00,607,734,"1,407","4,860","2,414",22,0,"120,843",93.5
경기도,고양시,식사동,2025,0.00,0.00,0.00,0.0,0.000,0.00,0.00,0.00,0.00,0.00,0.00,0.00,0.000,0.00,0.00,0.00,0.00,0.00,0.000,0.00,0.00,0.00,0.00,0.00,0.00,0.00,0,0,0,0,0,0,0,0,0.0
경기도,고양시,중산동,2015,0.00,0.00,0.00,0.0,0.000,0.00,0.00,0.00,0.00,0.00,0.00,0.00,0.000,0.00,0.00,0.00,0.00,0.00,0.000,0.00,0.00,0.00,0.00,0.00,0.00,0.00,0,0,0,0,0,0,0,0,0.0
경기도,고양시,정발산동,2015,0.00,0.00,0.00,0.0,0.000,0.00,0.00,0.00,0.00,0.00,0.00,0.00,0.000,0.00,0.00,0.00,0.00,0.00,0.000,0.00,0.00,0.00,0.00,0.00,0.00,0.00,0,0,0,0,0,0,0,0,0.0
경기도,고양시,풍산동,2030,0.00,0.00,0.00,0.0,0.000,0.00,0.00,0.00,0.00,0.00,0.00,0.00,0.000,0.00,0.00,0.00,0.00,0.00,0.000,0.00,0.00,0.00,0.00,0.00,0.00,0.00,0,0,0,0,0,0,0,0,0.0
경기도,고양시,백석1동,2015,0.00,0.00,0.00,0.0,0.000,0.00,0.00,0.00,0.00,0.00,0.00,0.00,0.000,0.00,0.00,0.00,0.00,0.00,0.000,0.00,0.00,0.00,0.00,0.00,0.00,0.00,0,0,0,0,0,0,0,0,0.0
경기도,고양시,백석2동,2015,0.00,0.00,0.00,0.0,0.000,0.00,0.00,0.00,0.00,0.00,0.00,0.00,0.000,0.00,0.00,0.00,0.00,0.00,0.000,0.00,0.00,0.00,0.00,0.00,0.00,0.00,0,0,0,0,0,0,0,0,0.0
경기도,고양시,마두1동,2015,0.00,0.00,0.00,0.0,0.000,0.00,0.00,0.00,0.00,0.00,0.00,0.00,0.000,0.00,0.00,0.00,0.00,0.00,0.000,0.00,0.00,0.00,0.00,0.00,0.00,0.00,0,0,0,0,0,0,0,0,0.0
경기도,고양시,마두2동,2015,0.00,0.00,0.00,0.0,0.000,0.00,0.00,0.00,0.00,0.00,0.00,0.00,0.000,0.00,0.00,0.00,0.00,0.00,0.000,0.00,0.00,0.00,0.00,0.00,0.00,0.00,0,0,0,0,0,0,0,0,0.0
경기도,고양시,장항1동,2025,0.00,0.00,0.00,0.0,0.000,0.00,0.00,0.00,0.00,0.00,0.00,0.00,0.000,0.00,0.00,0.00,0.00,0.00,0.000,0.00,0.00,0.00,0.00,0.00,0.00,0.00,0,0,0,0,0,0,0,0,0.0
경기도,고양시,장항2동,2015,0.00,0.00,0.00,0.0,0.000,0.00,0.00,0.00,0.00,0.00,0.00,0.00,0.000,0.00,0.00,0.00,0.00,0.00,0.000,0.00,0.00,0.00,0.00,0.00,0.00,0.00,0,0,0,0,0,0,0,0,0.0
경기도,고양시,고봉동,2035,"400,890.00","501,640.00","227,811.00",45.4,3.700,0.00,"100,750.00","100,750.00","10,176.00","67,684.00","5,761.00","17,129.00",6.797,"201,801.00","201,801.00","66,761.00",24.00,"66,737.00",6.797,"199,089.00","199,089.00","60,300.00","9,147.00","50,943.00",0.00,210.00,"1,600","1,932","3,698","12,805","6,361",58,0,"318,421",139.8
경기도,고양시,일산1동,2025,0.00,0.00,0.00,0.0,0.000,0.00,0.00,0.00,0.00,0.00,0.00,0.00,0.000,0.00,0.00,0.00,0.00,0.00,0.000,0.00,0.00,0.00,0.00,0.00,0.00,0.00,0,0,0,0,0,0,0,0,0.0
경기도,고양시,일산2동,2025,0.00,0.00,0.00,0.0,0.000,0.00,0.00,0.00,0.00,0.00,0.00,0.00,0.000,0.00,0.00,0.00,0.00,0.00,0.000,0.00,0.00,0.00,0.00,0.00,0.00,0.00,0,0,0,0,0,0,0,0,0.0
경기도,고양시,일산3동,2015,0.00,0.00,0.00,0.0,0.000,0.00,0.00,0.00,0.00,0.00,0.00,0.00,0.000,0.00,0.00,0.00,0.00,0.00,0.000,0.00,0.00,0.00,0.00,0.00,0.00,0.00,0,0,0,0,0,0,0,0,0.0
경기도,고양시,탄현동,2015,0.00,0.00,0.00,0.0,0.000,0.00,0.00,0.00,0.00,0.00,0.00,0.00,0.000,0.00,0.00,0.00,0.00,0.00,0.000,0.00,0.00,0.00,0.00,0.00,0.00,0.00,0,0,0,0,0,0,0,0,0.0
경기도,고양시,주엽1동,2015,0.00,0.00,0.00,0.0,0.000,0.00,0.00,0.00,0.00,0.00,0.00,0.00,0.000,0.00,0.00,0.00,0.00,0.00,0.000,0.00,0.00,0.00,0.00,0.00,0.00,0.00,0,0,0,0,0,0,0,0,0.0
경기도,고양시,주엽2동,2015,0.00,0.00,0.00,0.0,0.000,0.00,0.00,0.00,0.00,0.00,0.00,0.00,0.000,0.00,0.00,0.00,0.00,0.00,0.000,0.00,0.00,0.00,0.00,0.00,0.00,0.00,0,0,0,0,0,0,0,0,0.0
경기도,고양시,대화동,2035,"729,815.00","912,184.00","858,311.00",94.1,2.100,0.00,"67,300.00","67,300.00","6,797.00","45,212.00","3,848.00","11,443.00",21.415,"351,945.00","351,945.00","298,072.00",108.00,"297,964.00",21.415,"377,870.00","492,939.00","492,939.00","74,774.00","416,450.00",0.00,"1,715.00","2,378","4,393","6,334","24,845","12,341",10,0,"630,466",73.5
경기도,고양시,송포동,2035,0.00,0.00,0.00,0.0,0.000,0.00,0.00,0.00,0.00,0.00,0.00,0.00,0.000,0.00,0.00,0.00,0.00,0.00,0.000,0.00,0.00,0.00,0.00,0.00,0.00,0.00,0,0,0,0,0,0,0,0,0.0
경기도,고양시,송산동,2035,0.00,0.00,0.00,0.0,0.000,0.00,0.00,0.00,0.00,0.00,0.00,0.00,0.000,0.00,0.00,0.00,0.00,0.00,0.000,0.00,0.00,0.00,0.00,0.00,0.00,0.00,0,0,0,0,0,0,0,0,0.0
경기도,과천시,소계,,"208,027.00","212,691.00","207,702.00",97.7,0.000,0.00,0.00,0.00,0.00,0.00,0.00,0.00,8.037,"81,362.00","85,298.00","80,309.00",991.00,"79,318.00",35.813,"126,665.00","127,393.00","127,393.00","18,481.00","108,912.00",0.00,0.00,0,"2,552","2,553","14,253","14,253",13,0,"207,702",100.0
경기도,과천시,중앙동,,"38,723.00","40,848.00","40,848.00",100.0,0.000,0.00,0.00,0.00,0.00,0.00,0.00,0.00,1.318,"11,566.00","13,539.00","13,539.00",0.00,"13,539.00",6.981,"27,157.00","27,309.00","27,309.00","3,384.00","23,925.00",0.00,0.00,0,504,504,"2,492","2,492",1,0,"40,848",100.0
경기도,과천시,갈현동,,"20,875.00","20,941.00","20,869.00",99.7,0.000,0.00,0.00,0.00,0.00,0.00,0.00,0.00,0.678,"9,028.00","9,028.00","8,956.00",470.00,"8,486.00",4.294,"11,847.00","11,913.00","11,913.00","2,806.00","9,107.00",0.00,0.00,0,258,257,"1,779","1,779",1,0,"20,869",100.0
경기도,과천시,별양동,,"24,771.00","26,759.00","26,759.00",100.0,0.000,0.00,0.00,0.00,0.00,0.00,0.00,0.00,0.679,"10,879.00","12,767.00","12,767.00",521.00,"12,246.00",0.679,"13,892.00","13,992.00","13,992.00","1,469.00","12,523.00",0.00,0.00,0,330,330,"2,366","2,365",4,0,"26,759",100.0
경기도,과천시,부림동,,"12,273.00","12,302.00","11,320.00",92.0,0.000,0.00,0.00,0.00,0.00,0.00,0.00,0.00,0.370,"7,042.00","7,042.00","6,060.00",0.00,"6,060.00",0.370,"5,231.00","5,260.00","5,260.00",0.00,"5,260.00",0.00,0.00,0,140,140,"2,144","2,143",5,0,"11,320",100.0
경기도,과천시,과천동,,"74,739.00","74,981.00","71,046.00",94.8,0.000,0.00,0.00,0.00,0.00,0.00,0.00,0.00,2.475,"31,147.00","31,147.00","27,212.00",0.00,"27,212.00",10.756,"43,592.00","43,834.00","43,834.00","6,257.00","37,577.00",0.00,0.00,0,858,859,"3,055","3,056",1,0,"71,046",100.0
경기도,과천시,문원동,,"36,646.00","36,860.00","36,860.00",100.0,0.000,0.00,0.00,0.00,0.00,0.00,0.00,0.00,2.517,"11,700.00","11,775.00","11,775.00",0.00,"11,775.00",12.733,"24,946.00","25,085.00","25,085.00","4,565.00","20,520.00",0.00,0.00,0,462,463,"2,417","2,418",1,0,"36,860",100.0
경기도,구리시,소계,,"313,484.60","313,484.60","281,838.60",89.9,2.060,"75,224.80","75,224.80","73,946.80","9,786.40","63,975.00",14.90,170.50,11.744,"107,298.30","107,298.30","88,338.30",221.00,"88,117.30",27.240,"130,961.50","130,961.50","119,553.50","30,526.50","88,912.70",114.30,0.00,"1,475","1,766","2,389","7,363","14,930",5,0,"268,106",95.1
경기도,구리시,갈매동,2035,"54,123.90","54,123.90","37,401.90",69.1,0.000,0.00,0.00,0.00,0.00,0.00,0.00,0.00,2.900,"21,147.40","21,147.40","12,393.40",0.00,"12,393.40",4.030,"32,976.50","32,976.50","25,008.50","9,152.00","15,856.50",0.00,0.00,0,248,500,"1,033","3,126",0,0,"35,419",94.7
경기도,구리시,동구동,2035,"56,716.50","56,716.50","56,716.50",100.0,0.110,"2,874.40","2,874.40","2,874.40",268.70,"2,605.70",0.00,0.00,2.848,"25,655.20","25,655.20","25,655.20",0.00,"25,655.20",7.010,"28,186.90","28,186.90","28,186.90","5,118.10","22,954.50",114.30,0.00,57,513,561,"2,138","3,509",3,0,"53,710",94.7
경기도,구리시,인창동,2035,"20,003.40","20,003.40","20,003.40",100.0,0.390,"16,217.30","16,217.30","16,217.30","1,824.10","14,393.20",0.00,0.00,0.740,"2,256.20","2,256.20","2,256.20",0.00,"2,256.20",1.700,"1,529.90","1,529.90","1,529.90",0.00,"1,529.90",0.00,0.00,324,45,31,188,191,0,0,"19,545",97.7
경기도,구리시,교문1동,2035,"55,830.60","55,830.60","55,830.60",100.0,0.150,"13,366.20","13,366.20","13,366.20","1,971.50","11,209.30",14.90,170.50,2.375,"16,604.40","16,604.40","16,604.40",221.00,"16,383.40",9.660,"25,860.00","25,860.00","25,860.00","6,458.60","19,401.40",0.00,0.00,264,332,517,"1,384","3,233",0,0,"53,474",95.8
경기도,구리시,교문2동,2035,"17,700.00","17,700.00","17,700.00",100.0,0.000,0.00,0.00,0.00,0.00,0.00,0.00,0.00,0.560,"9,058.40","9,058.40","9,058.40",0.00,"9,058.40",0.560,"8,641.60","8,641.60","8,641.60","1,608.60","7,033.00",0.00,0.00,0,181,173,755,"1,080",0,0,"16,761",94.7
경기도,구리시,수택1동,2035,"23,600.10","23,600.10","17,912.10",75.9,0.790,"15,155.30","15,155.30","13,877.30","1,297.20","12,580.10",0.00,0.00,0.140,"4,014.30","4,014.30","1,819.30",0.00,"1,819.30",0.140,"4,430.50","4,430.50","2,215.50",498.20,"1,717.30",0.00,0.00,278,36,44,152,277,1,0,"16,962",94.7
경기도,구리시,수택2동,2035,"31,566.80","31,566.80","29,265.80",92.7,0.620,"27,611.60","27,611.60","27,611.60","4,424.90","23,186.70",0.00,0.00,0.000,"2,150.20","2,150.20","1,074.20",0.00,"1,074.20",0.000,"1,805.00","1,805.00",580.00,0.00,580.00,0.00,0.00,552,21,12,90,73,0,0,"27,714",94.7
경기도,구리시,수택3동,2035,"53,943.30","53,943.30","47,008.30",87.1,0.000,0.00,0.00,0.00,0.00,0.00,0.00,0.00,2.181,"26,412.20","26,412.20","19,477.20",0.00,"19,477.20",4.140,"27,531.10","27,531.10","27,531.10","7,691.00","19,840.10",0.00,0.00,0,390,551,"1,623","3,441",1,0,"44,516",94.7
경기도,남양주시,소계,,"1,266,065.00","1,458,655.00","1,366,467.00",93.7,8.800,"76,019.00","76,019.00","75,909.00","12,924.00","62,985.00",0.00,0.00,88.300,"691,773.00","883,771.00","791,693.00",0.00,"791,693.00",70.900,"498,273.00","498,865.00","498,865.00","13,983.00","469,239.00",0.00,"15,643.00","34,873","39,506","26,637","79,757","15,410",212,0,"1,161,684",85.0
경기도,남양주시,와부읍,2020,"99,842.00","99,842.00","98,131.00",98.3,2.100,"31,601.00","31,601.00","31,601.00","2,296.00","29,305.00",0.00,0.00,6.000,"64,925.00","64,925.00","63,214.00",0.00,"63,214.00",4.400,"3,316.00","3,316.00","3,316.00",0.00,"3,316.00",0.00,0.00,"3,426","3,540","2,450","3,914","1,310",29,0,"44,812",45.7
경기도,남양주시,진접읍,2020,"152,071.00","205,115.00","205,115.00",100.0,0.800,"6,120.00","6,120.00","6,120.00","3,392.00","2,728.00",0.00,0.00,15.300,"121,575.00","174,619.00","174,619.00",0.00,"174,619.00",14.600,"24,376.00","24,376.00","24,376.00",0.00,"23,232.00",0.00,"1,144.00","6,337","6,540","3,210","1,991","2,210",39,0,"136,196",66.4
경기도,남양주시,화도읍,2020,"297,444.00","297,444.00","253,293.00",85.2,1.700,"3,186.00","3,186.00","3,186.00",240.00,"2,946.00",0.00,0.00,22.600,"119,506.00","119,506.00","75,355.00",0.00,"75,355.00",13.500,"174,752.00","174,752.00","174,752.00",0.00,"174,752.00",0.00,0.00,"6,585","7,990","7,540","8,084","3,210",47,0,"214,810",84.8
경기도,남양주시,진건읍,2020,"135,834.00","135,834.00","126,763.00",93.3,0.600,"4,057.00","4,057.00","4,057.00","1,178.00","2,879.00",0.00,0.00,4.200,"63,601.00","63,601.00","54,530.00",0.00,"54,530.00",4.300,"68,176.00","68,176.00","68,176.00",0.00,"68,176.00",0.00,0.00,"4,083","2,351","1,320","48,080","1,110",30,0,"111,598",88.0
경기도,남양주시,오남읍,2020,"110,000.00","118,143.00","118,143.00",100.0,0.200,"2,461.00","2,461.00","2,461.00",0.00,"2,461.00",0.00,0.00,4.600,"42,211.00","50,354.00","50,354.00",0.00,"50,354.00",2.800,"65,328.00","65,328.00","65,328.00",0.00,"65,328.00",0.00,0.00,909,"3,213","2,341","2,457","1,090",0,0,"102,121",86.4
경기도,남양주시,별내면,2020,"33,140.00","93,307.00","93,307.00",100.0,0.100,"10,856.00","10,856.00","10,856.00","3,413.00","7,443.00",0.00,0.00,6.000,"7,659.00","67,454.00","67,454.00",0.00,"67,454.00",0.400,"14,625.00","14,997.00","14,997.00",0.00,"14,625.00",0.00,372.00,"1,357",874,321,"1,195",650,10,0,"92,800",99.5
경기도,남양주시,수동면,2020,"96,971.00","96,971.00","83,859.00",86.5,0.000,0.00,0.00,0.00,0.00,0.00,0.00,0.00,12.400,"82,152.00","82,152.00","69,040.00",0.00,"69,040.00",7.700,"14,819.00","14,819.00","14,819.00",0.00,"12,760.00",0.00,"2,059.00","2,239",974,421,"4,675",450,3,0,"83,859",100.0
경기도,남양주시,조안면,2020,"91,020.00","100,496.00","100,496.00",100.0,0.000,0.00,0.00,0.00,0.00,0.00,0.00,0.00,3.800,"82,604.00","91,860.00","91,860.00",0.00,"91,860.00",2.500,"8,416.00","8,636.00","8,636.00",220.00,"8,416.00",0.00,0.00,875,542,321,"1,756",320,0,0,"65,292",65.0
경기도,남양주시,퇴계원면,2020,"42,073.00","42,073.00","40,939.00",97.3,1.400,"17,628.00","17,628.00","17,628.00","2,405.00","15,223.00",0.00,0.00,0.100,"21,440.00","21,440.00","20,306.00",0.00,"20,306.00",0.900,"3,005.00","3,005.00","3,005.00",0.00,"3,005.00",0.00,0.00,582,954,851,956,360,14,0,"33,496",81.8
경기도,남양주시,호평동,2020,"22,248.00","22,793.00","22,793.00",100.0,0.100,0.00,0.00,0.00,0.00,0.00,0.00,0.00,3.100,"15,010.00","15,555.00","15,555.00",0.00,"15,555.00",2.100,"7,238.00","7,238.00","7,238.00",0.00,"7,238.00",0.00,0.00,"1,001","1,130","1,321","1,147",750,10,0,"23,750",104.2
경기도,남양주시,평내동,2020,"19,865.00","20,769.00","20,769.00",100.0,0.000,0.00,0.00,0.00,0.00,0.00,0.00,0.00,2.900,"13,540.00","14,444.00","14,444.00",0.00,"14,444.00",1.900,"6,325.00","6,325.00","6,325.00",0.00,"6,325.00",0.00,0.00,999,"3,211","1,231","1,030",980,10,0,"24,750",119.2
경기도,남양주시,금곡동,2020,"22,885.00","22,885.00","21,758.00",95.1,0.300,110.00,110.00,0.00,0.00,0.00,0.00,0.00,2.300,"16,430.00","16,430.00","15,413.00",0.00,"15,413.00",1.900,"6,345.00","6,345.00","6,345.00",0.00,"4,697.00",0.00,"1,648.00","1,111","3,621","2,340","1,100",850,10,0,"30,150",138.6
경기도,남양주시,양정동,2020,"2,142.00","12,253.00","12,253.00",100.0,0.000,0.00,0.00,0.00,0.00,0.00,0.00,0.00,1.300,0.00,"10,111.00","10,111.00",0.00,"10,111.00",1.500,"2,142.00","2,142.00","2,142.00",0.00,"2,142.00",0.00,0.00,568,840,634,600,650,0,0,"10,150",82.8
경기도,남양주시,지금동,2020,"28,158.00","28,158.00","17,217.00",61.1,0.700,0.00,0.00,0.00,0.00,0.00,0.00,0.00,0.100,"20,560.00","20,560.00","9,619.00",0.00,"9,619.00",2.600,"7,598.00","7,598.00","7,598.00",0.00,"7,598.00",0.00,0.00,"1,232",856,654,903,450,5,0,"26,850",156.0
경기도,남양주시,도농동,2020,"28,157.00","28,157.00","17,216.00",61.1,0.800,0.00,0.00,0.00,0.00,0.00,0.00,0.00,0.100,"20,560.00","20,560.00","9,619.00",0.00,"9,619.00",2.700,"7,597.00","7,597.00","7,597.00",0.00,"7,597.00",0.00,0.00,"1,231",560,362,902,310,5,0,"26,850",156.0
경기도,남양주시,별내동,2020,"84,215.00","134,415.00","134,415.00",100.0,0.000,0.00,0.00,0.00,0.00,0.00,0.00,0.00,3.500,0.00,"50,200.00","50,200.00",0.00,"50,200.00",7.100,"84,215.00","84,215.00","84,215.00","13,763.00","60,032.00",0.00,"10,420.00","2,338","2,310","1,320",967,710,0,0,"134,200",99.8
경기도,오산시,소계,,"607,598.70","688,967.50","487,641.00",70.8,6.108,"130,803.00","170,219.00","170,219.00","17,557.00","139,195.00","3,202.00","10,265.00",20.359,"209,374.00","223,419.30","141,758.00","6,879.00","134,879.00",21.352,"267,421.70","295,329.20","175,664.00","18,205.00","153,390.00","4,069.00",0.00,"4,011","3,886","3,505","28,271","8,479",26,180,"487,641",100.0
경기도,오산시,중앙동,2025,"82,960.10","87,818.10","45,002.00",51.2,0.353,"23,958.00","28,816.00","28,816.00","2,240.00","26,254.00",131.00,191.00,2.046,"27,994.50","27,994.50","5,285.00",694.00,"4,591.00",2.046,"31,007.60","31,007.60","10,901.00","1,242.00","9,659.00",0.00,0.00,641,187,211,"4,186","1,002",0,5,"45,002",100.0
경기도,오산시,남촌동,2025,"137,337.20","149,655.20","82,356.00",55.0,0.117,"17,221.00","29,539.00","29,539.00","4,357.00","24,748.00",0.00,434.00,5.163,"48,380.30","48,380.30","22,511.00","1,680.00","20,831.00",5.163,"71,735.90","71,735.90","30,306.00","2,285.00","26,151.00","1,870.00",0.00,657,611,644,"5,294","1,245",2,18,"82,356",100.0
경기도,오산시,신장동,2025,"65,976.30","96,306.00","96,306.00",100.0,1.330,"10,999.00","10,999.00","10,999.00",988.00,"7,329.00",0.00,"2,682.00",3.940,"23,940.40","33,038.00","33,038.00",0.00,"33,038.00",3.940,"31,036.90","52,269.00","52,269.00","7,380.00","43,214.00","1,675.00",0.00,508,"1,083",880,"5,553","1,702",6,36,"96,306",100.0
경기도,오산시,세마동,2025,"91,322.60","116,132.00","102,516.00",88.3,0.000,0.00,"18,134.00","18,134.00",536.00,"12,074.00",0.00,"5,524.00",2.470,"47,120.00","47,120.00","33,504.00",0.00,"33,504.00",3.463,"44,202.60","50,878.00","50,878.00","5,123.00","45,231.00",524.00,0.00,432,951,"1,083","2,922","1,917",0,39,"102,516",100.0
경기도,오산시,초평동,2025,"76,890.40","81,838.10","60,919.00",74.4,2.353,"32,106.00","32,106.00","32,106.00","2,260.00","26,241.00","2,816.00",789.00,2.836,"14,815.30","19,763.00","19,763.00","4,505.00","15,258.00",2.836,"29,969.10","29,969.10","9,050.00",174.00,"8,876.00",0.00,0.00,718,298,246,"2,101",530,18,52,"60,919",100.0
경기도,오산시,대원동,2025,"153,112.10","157,218.10","100,542.00",64.0,1.955,"46,519.00","50,625.00","50,625.00","7,176.00","42,549.00",255.00,645.00,3.904,"47,123.50","47,123.50","27,657.00",0.00,"27,657.00",3.904,"59,469.60","59,469.60","22,260.00","2,001.00","20,259.00",0.00,0.00,"1,055",756,441,"8,215","2,083",0,30,"100,542",100.0
경기도,시흥시,소계,,"1,239,447.50","1,239,447.50","971,501.50",78.4,13.100,"190,422.60","190,422.60","109,919.10","5,774.60","89,372.50","5,753.30","9,018.70",18.200,"489,337.10","489,337.10","304,137.30","299,663.10","4,474.20",17.000,"559,687.80","559,687.80","557,445.10","497,027.90","39,366.60","1,254.60","19,796.00","1,713","4,741","8,687","21,024","6,426",62,581,"971,501",100.0
경기도,시흥시,대야동,2035,"62,422.20","62,422.20","50,473.00",80.9,1.000,"14,375.00","14,375.00","8,297.70",435.90,"6,746.70",434.30,680.80,0.500,"15,166.20","15,166.20","9,426.10","9,287.50",138.60,1.000,"32,881.00","32,881.00","32,749.20","29,199.80","2,312.70",73.70,"1,163.00",129,147,510,578,378,0,89,"50,473",100.0
경기도,시흥시,신천동,2035,"72,777.50","72,777.50","58,707.10",80.7,0.700,"10,818.50","10,818.50","6,244.90",328.10,"5,077.50",326.90,512.40,0.900,"24,697.60","24,697.60","15,350.20","15,124.40",225.80,1.100,"37,261.40","37,261.40","37,112.00","33,089.80","2,620.80",83.50,"1,317.90",97,239,578,"1,040",416,35,97,"58,707",100.0
경기도,시흥시,신현동,2035,"38,557.50","38,557.50","25,182.10",65.3,2.100,"29,403.10","29,403.10","16,972.70",891.70,"13,800.00",888.40,"1,392.60",0.000,"2,424.90","2,424.90","1,507.00","1,484.90",22.10,0.200,"6,729.50","6,729.50","6,702.40","5,976.10",473.30,15.00,238.00,265,23,104,0,76,12,18,"25,182",100.0
경기도,시흥시,은행동,2035,"38,647.90","38,647.90","30,793.40",79.7,0.600,"9,184.90","9,184.90","5,301.80",278.50,"4,310.80",277.50,435.00,0.300,"10,290.20","10,290.20","6,395.70","6,301.60",94.10,0.600,"19,172.80","19,172.80","19,095.90","17,026.30","1,348.50",43.00,678.10,83,100,298,347,227,13,53,"30,793",100.0
경기도,시흥시,매화동,2035,"21,940.10","21,940.10","16,298.40",74.3,0.700,"10,234.70","10,234.70","5,907.80",310.40,"4,803.50",309.20,484.70,0.100,"3,385.20","3,385.20","2,103.90","2,073.00",30.90,0.200,"8,320.20","8,320.20","8,286.70","7,388.70",585.20,18.60,294.20,92,33,129,116,76,0,18,"16,298",100.0
경기도,시흥시,목감동,2035,"38,466.20","38,466.20","28,161.50",73.2,1.700,"23,771.20","23,771.20","13,721.80",720.90,"11,156.80",718.20,"1,125.90",0.000,524.00,524.00,325.60,320.90,4.70,0.400,"14,171.00","14,171.00","14,114.10","12,584.50",996.70,31.70,501.20,214,6,220,0,151,1,34,"28,161",100.0
경기도,시흥시,군자동,2035,"113,622.50","113,622.50","84,826.40",74.7,2.100,"29,643.90","29,643.90","17,111.70",899.00,"13,913.00",895.70,"1,404.00",1.600,"42,534.20","42,534.20","26,436.30","26,047.40",388.90,1.300,"41,444.40","41,444.40","41,278.40","36,804.50","2,915.10",92.90,"1,465.90",267,412,643,"1,848",491,0,0,"84,826",100.0
경기도,시흥시,월곶동,2035,0.00,0.00,0.00,0.0,0.000,0.00,0.00,0.00,0.00,0.00,0.00,0.00,0.000,0.00,0.00,0.00,0.00,0.00,0.000,0.00,0.00,0.00,0.00,0.00,0.00,0.00,0,0,0,0,0,0,0,0,0.0
경기도,시흥시,정왕본동,2035,"75,661.80","75,661.80","58,237.10",77.0,0.000,377.60,377.60,217.80,11.40,177.20,11.40,17.80,1.700,"45,300.30","45,300.30","28,155.50","27,741.30",414.20,0.900,"29,983.90","29,983.90","29,863.80","26,627.10","2,109.00",67.20,"1,060.50",3,439,465,0,340,0,16,"58,237",100.0
경기도,시흥시,정왕1동,2035,"286,167.30","286,167.30","228,996.00",80.0,0.300,"5,406.60","5,406.60","3,120.70",163.90,"2,537.50",163.30,256.00,5.500,"143,568.30","143,568.30","89,232.20","87,919.30","1,312.90",4.300,"137,192.40","137,192.40","136,643.10","121,833.00","9,649.80",307.70,"4,852.60",49,"1,391","2,130","1,964","1,625",0,78,"228,996",100.0
경기도,시흥시,정왕2동,2035,"143,889.50","143,889.50","116,250.90",80.8,0.600,"8,594.10","8,594.10","4,960.70",260.60,"4,033.50",259.60,407.00,2.400,"62,658.40","62,658.40","38,944.10","38,371.10",573.00,2.200,"72,637.00","72,637.00","72,346.10","64,504.90","5,109.10",162.90,"2,569.20",77,607,"1,128","6,353",831,0,40,"116,250",100.0
경기도,시흥시,정왕3동,2035,"182,802.90","182,802.90","144,524.40",79.1,1.000,"15,047.10","15,047.10","8,685.80",456.30,"7,062.20",454.60,712.70,3.200,"83,440.00","83,440.00","51,860.50","51,097.50",763.00,2.600,"84,315.80","84,315.80","83,978.10","74,876.20","5,930.50",189.10,"2,982.30",135,808,"1,309","2,772",983,0,47,"144,524",100.0
경기도,시흥시,정왕4동,2035,"34,222.30","34,222.30","28,029.60",81.9,0.200,"3,674.30","3,674.30","2,120.90",111.40,"1,724.50",111.00,174.00,0.400,"12,062.00","12,062.00","7,496.90","7,386.60",110.30,0.500,"18,486.00","18,486.00","18,411.80","16,416.40","1,300.20",41.40,653.80,33,117,287,"3,696",189,0,10,"28,029",100.0
경기도,시흥시,과림동,2035,"10,671.00","10,671.00","6,408.50",60.1,0.700,"9,941.90","9,941.90","5,738.90",301.50,"4,666.10",300.40,470.90,0.000,150.30,150.30,93.30,92.00,1.30,0.000,578.80,578.80,576.30,514.00,40.70,1.20,20.40,89,1,9,462,0,1,34,"6,408",100.0
경기도,시흥시,연성동,2035,"119,598.80","119,598.80","94,613.10",79.1,1.400,"19,949.70","19,949.70","11,515.90",605.00,"9,363.20",602.80,944.90,1.600,"43,135.50","43,135.50","26,810.00","26,415.60",394.40,1.700,"56,513.60","56,513.60","56,287.20","50,186.60","3,975.00",126.70,"1,998.90",180,418,877,0,643,0,33,"94,613",100.0
경기도,시흥시,장곡동,2035,0.00,0.00,0.00,0.0,0.000,0.00,0.00,0.00,0.00,0.00,0.00,0.00,0.000,0.00,0.00,0.00,0.00,0.00,0.000,0.00,0.00,0.00,0.00,0.00,0.00,0.00,0,0,0,"1,848",0,0,0,0,0.0
경기도,시흥시,능곡동,2035,0.00,0.00,0.00,0.0,0.000,0.00,0.00,0.00,0.00,0.00,0.00,0.00,0.000,0.00,0.00,0.00,0.00,0.00,0.000,0.00,0.00,0.00,0.00,0.00,0.00,0.00,0,0,0,0,0,0,14,0,0.0
경기도,군포시,소계,,"328,517.00","380,698.80","346,901.70",91.1,7.420,"113,532.00","113,532.00","84,181.90","7,097.30","77,084.60",0.00,0.00,5.500,"85,233.00","118,453.50","115,139.80","1,789.00","113,350.80",5.500,"129,752.00","148,713.30","147,580.00","22,630.70","124,360.30",589.00,0.00,"1,484","2,512","3,102",0,"12,344",30,154,"325,702",93.9
경기도,군포시,군포1동,2030,"81,122.00","98,253.80","90,441.80",92.0,3.100,"34,779.00","34,779.00","26,967.00",691.70,"26,275.30",0.00,0.00,0.000,"16,690.00","28,231.20","28,231.20",0.00,"28,231.20",0.000,"29,653.00","35,243.60","35,243.60","3,322.80","31,790.80",130.00,0.00,496,500,801,0,"3,418",13,40,"83,819",92.7
경기도,군포시,군포2동,2030,"47,781.00","69,579.40","65,857.80",94.7,1.350,"8,319.00","8,319.00","4,597.40",350.40,"4,247.00",0.00,0.00,1.700,"13,663.00","25,545.50","25,545.50",0.00,"25,545.50",1.700,"25,799.00","35,714.90","35,714.90","4,680.10","30,575.80",459.00,0.00,69,796,905,0,"2,557",0,11,"54,956",83.4
경기도,군포시,산본1동,2030,"24,911.00","24,911.00","23,804.60",95.6,0.740,"18,307.00","18,307.00","17,535.90","2,667.00","14,868.90",0.00,0.00,0.000,"2,603.00","2,603.00","2,420.70",123.50,"2,297.20",0.000,"4,001.00","4,001.00","3,848.00",333.40,"3,514.60",0.00,0.00,300,40,67,0,"1,037",0,0,"23,845",100.2
경기도,군포시,산본2동,2030,"19,439.00","19,439.00","18,576.50",95.6,0.830,"2,763.00","2,763.00","2,735.50","2,090.70",644.80,0.00,0.00,0.000,"7,321.00","7,321.00","6,581.90",0.00,"6,581.90",0.000,"9,355.00","9,355.00","9,259.10","1,813.30","7,445.80",0.00,0.00,14,156,200,0,626,0,0,"18,573",100.0
경기도,군포시,금정동,2030,"45,087.00","51,300.00","41,540.80",81.0,1.130,"38,044.00","38,044.00","28,445.10","1,289.30","27,155.80",0.00,0.00,0.000,"2,729.00","8,942.00","8,942.00","1,665.50","7,276.50",0.000,"4,314.00","4,314.00","4,153.70",505.80,"3,647.90",0.00,0.00,503,85,103,0,"1,544",17,38,"41,254",99.3
경기도,군포시,재궁동,2030,"19,391.00","19,391.00","18,445.30",95.1,0.000,"3,925.00","3,925.00","3,901.00",8.20,"3,892.80",0.00,0.00,0.600,"7,352.00","7,352.00","6,832.50",0.00,"6,832.50",0.600,"8,114.00","8,114.00","7,711.80",855.90,"6,855.90",0.00,0.00,57,158,179,0,671,0,0,"18,317",99.3
경기도,군포시,오금동,2030,"10,553.00","10,553.00","10,027.10",95.0,0.000,0.00,0.00,0.00,0.00,0.00,0.00,0.00,0.500,"4,340.00","4,340.00","4,028.50",0.00,"4,028.50",0.500,"6,213.00","6,213.00","5,998.60","1,177.40","4,821.20",0.00,0.00,0,97,103,0,229,0,0,"10,030",100.0
경기도,군포시,수리동,2030,"11,421.00","11,421.00","11,057.50",96.8,0.000,229.00,229.00,0.00,0.00,0.00,0.00,0.00,0.500,"4,512.00","4,512.00","4,448.70",0.00,"4,448.70",0.500,"6,680.00","6,680.00","6,608.80","3,712.20","2,896.60",0.00,0.00,5,96,71,0,291,0,0,"11,156",100.9
경기도,군포시,궁내동,2030,"10,391.00","10,593.80","9,791.10",92.4,0.000,375.00,375.00,0.00,0.00,0.00,0.00,0.00,0.500,"4,906.00","4,906.00","4,478.30",0.00,"4,478.30",0.500,"5,110.00","5,312.80","5,312.80","1,491.10","3,821.70",0.00,0.00,8,103,69,0,218,0,0,"9,777",99.9
경기도,군포시,대야동,2030,"32,971.00","39,806.80","33,015.80",82.9,0.270,"6,791.00","6,791.00",0.00,0.00,0.00,0.00,0.00,0.800,"8,974.00","12,557.80","12,557.80",0.00,"12,557.80",0.800,"17,206.00","20,458.00","20,458.00","1,252.00","19,206.00",0.00,0.00,32,237,352,0,966,0,65,"29,631",89.7
경기도,군포시,광정동,2030,"25,450.00","25,450.00","24,343.40",95.7,0.000,0.00,0.00,0.00,0.00,0.00,0.00,0.00,0.900,"12,143.00","12,143.00","11,072.70",0.00,"11,072.70",0.900,"13,307.00","13,307.00","13,270.70","3,486.70","9,784.00",0.00,0.00,0,244,252,0,787,0,0,"24,344",100.0
경기도,의왕시,소계,,"392,120.00","392,120.00","301,247.00",76.8,0.000,"67,560.00","67,560.00","67,464.00","16,543.00","49,279.00","1,073.00",569.00,17.524,"172,378.00","172,378.00","107,171.00",0.00,"107,171.00",53.972,"152,182.00","152,182.00","126,612.00","21,032.00","89,782.00","8,218.00","7,580.00","2,225","3,073","3,689","14,964","14,968",69,58,"300,612",99.8
경기도,의왕시,고천동,2035,"57,880.00","57,880.00","48,012.00",83.0,0.000,"10,565.00","10,565.00","10,565.00","1,150.00","9,149.00",210.00,56.00,2.946,"21,572.00","21,572.00","15,131.00",0.00,"15,131.00",8.644,"25,743.00","25,743.00","22,316.00","3,398.00","16,025.00","1,295.00","1,598.00",248,355,523,"1,255","1,255",6,6,"48,012",100.0
경기도,의왕시,부곡동,2035,"122,401.00","122,401.00","85,983.00",70.2,0.000,"21,359.00","21,359.00","21,359.00","4,442.00","16,778.00",95.00,44.00,5.458,"53,080.00","53,080.00","30,363.00",0.00,"30,363.00",11.281,"47,962.00","47,962.00","34,261.00","8,307.00","19,356.00","3,661.00","2,937.00",563,800,902,"4,036","4,037",18,10,"85,983",100.0
경기도,의왕시,오전동,2035,"62,545.00","62,545.00","45,263.00",72.4,0.000,"10,444.00","10,444.00","10,348.00","4,020.00","5,978.00",250.00,100.00,2.420,"29,440.00","29,440.00","15,465.00",0.00,"15,465.00",7.023,"22,661.00","22,661.00","19,450.00","3,605.00","14,455.00",670.00,720.00,415,620,779,"3,677","3,678",12,11,"44,628",98.6
경기도,의왕시,내손1동,2035,"25,185.00","25,185.00","25,185.00",100.0,0.000,"11,480.00","11,480.00","11,480.00","3,568.00","7,355.00",254.00,303.00,0.843,"5,648.00","5,648.00","5,648.00",0.00,"5,648.00",1.553,"8,057.00","8,057.00","8,057.00","1,938.00","5,243.00",351.00,525.00,442,218,308,"1,247","1,248",3,5,"25,185",100.0
경기도,의왕시,내손2동,2035,"40,598.00","40,598.00","27,227.00",67.1,0.000,"11,643.00","11,643.00","11,643.00","2,854.00","8,659.00",105.00,25.00,1.065,"19,115.00","19,115.00","6,449.00",0.00,"6,449.00",1.962,"9,840.00","9,840.00","9,135.00","1,982.00","6,177.00",501.00,475.00,508,281,397,"1,888","1,889",7,6,"27,227",100.0
경기도,의왕시,청계동,2035,"83,511.00","83,511.00","69,577.00",83.3,0.000,"2,069.00","2,069.00","2,069.00",509.00,"1,360.00",159.00,41.00,4.792,"43,523.00","43,523.00","34,115.00",0.00,"34,115.00",23.509,"37,919.00","37,919.00","33,393.00","1,802.00","28,526.00","1,740.00","1,325.00",49,799,780,"2,861","2,861",23,20,"69,577",100.0
경기도,하남시,소계,,"393,412.00","393,801.00","329,699.00",83.7,0.800,"98,847.00","98,847.00","94,096.00","5,098.00","83,703.00","2,910.00","2,385.00",29.200,"278,597.00","278,597.00","219,246.00",0.00,"219,246.00",29.200,"15,968.00","16,357.00","16,357.00",0.00,"15,416.00",0.00,941.00,"2,307","1,773","2,850","6,934","4,714",20,0,"324,267",98.4
경기도,하남시,천현동,2035,"393,412.00","393,801.00","329,699.00",83.7,0.800,"98,847.00","98,847.00","94,096.00","5,098.00","83,703.00","2,910.00","2,385.00",29.200,"278,597.00","278,597.00","219,246.00",0.00,"219,246.00",29.200,"15,968.00","16,357.00","16,357.00",0.00,"15,416.00",0.00,941.00,"2,307","1,773","2,850","6,934","4,714",20,0,"324,267",98.4
경기도,하남시,신장1동,2035,0.00,0.00,0.00,0.0,0.000,0.00,0.00,0.00,0.00,0.00,0.00,0.00,0.000,0.00,0.00,0.00,0.00,0.00,0.000,0.00,0.00,0.00,0.00,0.00,0.00,0.00,0,0,0,0,0,0,0,0,0.0
경기도,하남시,신장2동,2035,0.00,0.00,0.00,0.0,0.000,0.00,0.00,0.00,0.00,0.00,0.00,0.00,0.000,0.00,0.00,0.00,0.00,0.00,0.000,0.00,0.00,0.00,0.00,0.00,0.00,0.00,0,0,0,0,0,0,0,0,0.0
경기도,하남시,덕풍1동,2035,0.00,0.00,0.00,0.0,0.000,0.00,0.00,0.00,0.00,0.00,0.00,0.00,0.000,0.00,0.00,0.00,0.00,0.00,0.000,0.00,0.00,0.00,0.00,0.00,0.00,0.00,0,0,0,0,0,0,0,0,0.0
경기도,하남시,덕풍2동,2035,0.00,0.00,0.00,0.0,0.000,0.00,0.00,0.00,0.00,0.00,0.00,0.00,0.000,0.00,0.00,0.00,0.00,0.00,0.000,0.00,0.00,0.00,0.00,0.00,0.00,0.00,0,0,0,0,0,0,0,0,0.0
경기도,하남시,덕풍3동,2035,0.00,0.00,0.00,0.0,0.000,0.00,0.00,0.00,0.00,0.00,0.00,0.00,0.000,0.00,0.00,0.00,0.00,0.00,0.000,0.00,0.00,0.00,0.00,0.00,0.00,0.00,0,0,0,0,0,0,0,0,0.0
경기도,하남시,풍산동,2035,0.00,0.00,0.00,0.0,0.000,0.00,0.00,0.00,0.00,0.00,0.00,0.00,0.000,0.00,0.00,0.00,0.00,0.00,0.000,0.00,0.00,0.00,0.00,0.00,0.00,0.00,0,0,0,0,0,0,0,0,0.0
경기도,하남시,감북동,2035,0.00,0.00,0.00,0.0,0.000,0.00,0.00,0.00,0.00,0.00,0.00,0.00,0.000,0.00,0.00,0.00,0.00,0.00,0.000,0.00,0.00,0.00,0.00,0.00,0.00,0.00,0,0,0,0,0,0,0,0,0.0
경기도,하남시,위례동,2035,0.00,0.00,0.00,0.0,0.000,0.00,0.00,0.00,0.00,0.00,0.00,0.00,0.000,0.00,0.00,0.00,0.00,0.00,0.000,0.00,0.00,0.00,0.00,0.00,0.00,0.00,0,0,0,0,0,0,0,0,0.0
경기도,하남시,춘궁동,2035,0.00,0.00,0.00,0.0,0.000,0.00,0.00,0.00,0.00,0.00,0.00,0.00,0.000,0.00,0.00,0.00,0.00,0.00,0.000,0.00,0.00,0.00,0.00,0.00,0.00,0.00,0,0,0,0,0,0,0,0,0.0
경기도,하남시,초이동,2035,0.00,0.00,0.00,0.0,0.000,0.00,0.00,0.00,0.00,0.00,0.00,0.00,0.000,0.00,0.00,0.00,0.00,0.00,0.000,0.00,0.00,0.00,0.00,0.00,0.00,0.00,0,0,0,0,0,0,0,0,0.0
경기도,하남시,미사1동,2035,0.00,0.00,0.00,0.0,0.000,0.00,0.00,0.00,0.00,0.00,0.00,0.00,0.000,0.00,0.00,0.00,0.00,0.00,0.000,0.00,0.00,0.00,0.00,0.00,0.00,0.00,0,0,0,0,0,0,0,0,0.0
경기도,하남시,미사2동,2035,0.00,0.00,0.00,0.0,0.000,0.00,0.00,0.00,0.00,0.00,0.00,0.00,0.000,0.00,0.00,0.00,0.00,0.00,0.000,0.00,0.00,0.00,0.00,0.00,0.00,0.00,0,0,0,0,0,0,0,0,0.0
경기도,용인시,소계,,"2,351,946.00","2,351,946.00","2,195,913.00",93.4,0.000,"231,903.00","231,903.00","225,740.00","13,906.00","211,834.00",0.00,0.00,91.000,"1,260,411.00","1,260,411.00","1,188,209.00","2,161.00","1,186,048.00",159.000,"859,632.00","859,632.00","781,964.00","68,991.00","712,973.00",0.00,0.00,"5,848","28,335","19,171","35,915","44,338",210,"2,253","2,195,913",100.0
경기도,용인시,포곡읍,2030,"172,241.00","172,241.00","169,907.00",98.6,0.000,"8,566.00","8,566.00","8,566.00",663.00,"7,903.00",0.00,0.00,6.000,"104,835.00","104,835.00","103,652.00",9.00,"103,643.00",16.000,"58,840.00","58,840.00","57,689.00","3,913.00","53,776.00",0.00,0.00,249,"2,431","1,547","2,355","2,566",35,198,"169,907",100.0
경기도,용인시,모현면,2030,"156,239.00","156,239.00","152,239.00",97.4,0.000,"14,465.00","14,465.00","14,465.00",722.00,"13,743.00",0.00,0.00,7.000,"99,593.00","99,593.00","97,593.00",108.00,"97,485.00",19.000,"42,181.00","42,181.00","40,181.00","1,518.00","38,663.00",0.00,0.00,382,"2,156","1,036",917,"1,479",38,215,"152,239",100.0
경기도,용인시,남사면,2030,"125,902.00","125,902.00","109,014.00",86.6,0.000,"27,274.00","27,274.00","27,274.00","1,496.00","25,778.00",0.00,0.00,7.000,"73,915.00","73,915.00","66,130.00",0.00,"66,130.00",17.000,"24,713.00","24,713.00","15,610.00",439.00,"15,171.00",0.00,0.00,672,"1,426",325,"1,093","1,157",0,155,"109,014",100.0
경기도,용인시,이동면,2030,"126,220.00","126,220.00","108,200.00",85.7,0.000,"24,831.00","24,831.00","24,827.00","1,408.00","23,419.00",0.00,0.00,4.000,"73,020.00","73,020.00","64,004.00",0.00,"64,004.00",10.000,"28,369.00","28,369.00","19,369.00",322.00,"19,047.00",0.00,0.00,671,"1,623",502,"3,651","2,391",0,104,"108,200",100.0
경기도,용인시,원삼면,2030,"86,515.00","86,515.00","82,515.00",95.4,0.000,"25,924.00","25,924.00","25,924.00",353.00,"25,571.00",0.00,0.00,1.000,"47,610.00","47,610.00","45,610.00",164.00,"45,446.00",1.000,"12,981.00","12,981.00","10,981.00",419.00,"10,562.00",0.00,0.00,769,881,308,953,843,0,154,"82,515",100.0
경기도,용인시,백암면,2030,"83,773.00","83,773.00","79,092.00",94.4,0.000,"29,128.00","29,128.00","29,128.00","1,507.00","27,621.00",0.00,0.00,2.000,"42,040.00","42,040.00","39,822.00","1,392.00","38,430.00",5.000,"12,605.00","12,605.00","10,142.00",578.00,"9,564.00",0.00,0.00,842,758,365,935,"1,085",0,193,"79,092",100.0
경기도,용인시,양지면,2030,"131,943.00","131,943.00","127,943.00",97.0,0.000,"26,182.00","26,182.00","26,182.00",566.00,"25,616.00",0.00,0.00,2.000,"75,272.00","75,272.00","73,272.00",11.00,"73,261.00",1.000,"30,489.00","30,489.00","28,489.00",864.00,"27,625.00",0.00,0.00,682,"1,657",740,"1,494",811,27,254,"127,943",100.0
경기도,용인시,중앙동,2030,"86,617.00","86,617.00","82,611.00",95.4,0.000,"4,426.00","4,426.00","4,420.00",310.00,"4,110.00",0.00,0.00,3.000,"42,151.00","42,151.00","40,151.00",0.00,"40,151.00",9.000,"40,040.00","40,040.00","38,040.00","1,870.00","36,170.00",0.00,0.00,117,"1,006",910,"1,145","1,706",30,81,"82,611",100.0
경기도,용인시,역삼동,2030,"101,481.00","101,481.00","93,526.00",92.2,0.000,"4,365.00","4,365.00","4,365.00",943.00,"3,422.00",0.00,0.00,2.000,"46,063.00","46,063.00","43,135.00",0.00,"43,135.00",4.000,"51,053.00","51,053.00","46,026.00","2,999.00","43,027.00",0.00,0.00,111,"1,019","1,120","1,442","2,222",23,88,"93,526",100.0
경기도,용인시,유림동,2030,"97,965.00","97,965.00","91,617.00",93.5,0.000,"15,869.00","15,869.00","15,869.00","1,286.00","14,583.00",0.00,0.00,2.000,"53,605.00","53,605.00","50,657.00",0.00,"50,657.00",6.000,"28,491.00","28,491.00","25,091.00","1,202.00","23,889.00",0.00,0.00,381,"1,168",644,"1,471","1,305",33,141,"91,617",100.0
경기도,용인시,동부동,2030,"78,648.00","78,648.00","74,637.00",94.9,0.000,"9,450.00","9,450.00","9,442.00",445.00,"8,997.00",0.00,0.00,2.000,"44,430.00","44,430.00","42,430.00",163.00,"42,267.00",2.000,"24,768.00","24,768.00","22,765.00",825.00,"21,940.00",0.00,0.00,206,"1,065",625,"1,610","1,080",10,77,"74,637",100.0
경기도,용인시,신갈동,2030,"69,037.00","69,037.00","59,066.00",85.6,0.000,"7,366.00","7,366.00","3,086.00",128.00,"2,958.00",0.00,0.00,3.000,"30,062.00","30,062.00","26,208.00",31.00,"26,177.00",4.000,"31,609.00","31,609.00","29,772.00","3,173.00","26,599.00",0.00,0.00,68,690,631,507,"1,492",1,36,"59,066",100.0
경기도,용인시,영덕동,2030,"93,238.00","93,238.00","88,598.00",95.0,0.000,"4,629.00","4,629.00","4,629.00",193.00,"4,436.00",0.00,0.00,3.000,"41,312.00","41,312.00","39,312.00",47.00,"39,265.00",3.000,"47,297.00","47,297.00","44,657.00","4,759.00","39,898.00",0.00,0.00,102,"1,035",946,"3,504","2,237",2,55,"88,598",100.0
경기도,용인시,구갈동,2030,"49,842.00","49,842.00","46,127.00",92.5,0.000,210.00,210.00,209.00,0.00,209.00,0.00,0.00,3.000,"21,625.00","21,625.00","19,940.00",0.00,"19,940.00",3.000,"28,007.00","28,007.00","25,978.00","2,360.00","23,618.00",0.00,0.00,6,472,522,"1,132","1,436",0,18,"46,127",100.0
경기도,용인시,상갈동,2030,"86,968.00","86,968.00","83,966.00",96.5,0.000,"4,122.00","4,122.00","4,122.00",10.00,"4,112.00",0.00,0.00,4.000,"43,773.00","43,773.00","42,273.00",55.00,"42,218.00",5.000,"39,073.00","39,073.00","37,571.00","5,312.00","32,259.00",0.00,0.00,76,"1,219","1,015",571,"1,736",8,48,"83,966",100.0
경기도,용인시,기흥동,2030,"62,381.00","62,381.00","57,180.00",91.7,0.000,"3,029.00","3,029.00","3,026.00",199.00,"2,827.00",0.00,0.00,3.000,"40,945.00","40,945.00","38,496.00",14.00,"38,482.00",4.000,"18,407.00","18,407.00","15,658.00",720.00,"14,938.00",0.00,0.00,59,965,411,769,"1,290",0,46,"57,180",100.0
경기도,용인시,서농동,2030,"48,619.00","48,619.00","45,581.00",93.8,0.000,"1,200.00","1,200.00","1,198.00",135.00,"1,063.00",0.00,0.00,2.000,"22,253.00","22,253.00","20,753.00",0.00,"20,753.00",2.000,"25,166.00","25,166.00","23,630.00","2,126.00","21,504.00",0.00,0.00,30,542,639,677,"1,649",0,2,"45,581",100.0
경기도,용인시,구성동,2030,"52,092.00","52,092.00","47,021.00",90.3,0.000,944.00,944.00,942.00,0.00,942.00,0.00,0.00,3.000,"28,374.00","28,374.00","25,660.00",0.00,"25,660.00",3.000,"22,774.00","22,774.00","20,419.00","1,076.00","19,343.00",0.00,0.00,30,782,567,"1,574","1,446",3,27,"47,021",100.0
경기도,용인시,마북동,2030,"46,748.00","46,748.00","43,249.00",92.5,0.000,"1,509.00","1,509.00","1,509.00",125.00,"1,384.00",0.00,0.00,3.000,"24,604.00","24,604.00","22,951.00",0.00,"22,951.00",4.000,"20,635.00","20,635.00","18,789.00",507.00,"18,282.00",0.00,0.00,34,615,521,973,"1,138",0,42,"43,249",100.0
경기도,용인시,동백동,2030,"100,715.00","100,715.00","97,455.00",96.8,0.000,"1,009.00","1,009.00","1,007.00",51.00,956.00,0.00,0.00,3.000,"48,119.00","48,119.00","46,618.00",0.00,"46,618.00",4.000,"51,587.00","51,587.00","49,830.00","14,439.00","35,391.00",0.00,0.00,24,"1,122",943,"1,106","3,178",0,16,"97,455",100.0
경기도,용인시,상하동,2030,"31,822.00","31,822.00","28,434.00",89.4,0.000,"1,483.00","1,483.00","1,483.00",329.00,"1,154.00",0.00,0.00,2.000,"17,650.00","17,650.00","16,146.00",0.00,"16,146.00",3.000,"12,689.00","12,689.00","10,805.00","1,558.00","9,247.00",0.00,0.00,40,425,221,578,434,0,22,"28,434",100.0
경기도,용인시,보정동,2030,"62,150.00","62,150.00","59,150.00",95.2,0.000,"2,533.00","2,533.00","2,533.00",441.00,"2,092.00",0.00,0.00,2.000,"33,013.00","33,013.00","31,513.00",0.00,"31,513.00",3.000,"26,604.00","26,604.00","25,104.00","1,336.00","23,768.00",0.00,0.00,56,637,597,"1,058","1,799",0,63,"59,150",100.0
경기도,용인시,풍덕천1동,2030,"46,083.00","46,083.00","40,696.00",88.3,0.000,213.00,213.00,213.00,0.00,213.00,0.00,0.00,2.000,"20,713.00","20,713.00","19,002.00",21.00,"18,981.00",3.000,"25,157.00","25,157.00","21,481.00","2,106.00","19,375.00",0.00,0.00,4,436,438,532,"1,145",0,10,"40,696",100.0
경기도,용인시,풍덕천2동,2030,"42,859.00","42,859.00","40,691.00",94.9,0.000,380.00,380.00,212.00,0.00,212.00,0.00,0.00,2.000,"20,000.00","20,000.00","19,000.00",20.00,"18,980.00",3.000,"22,479.00","22,479.00","21,479.00","2,105.00","19,374.00",0.00,0.00,3,435,437,544,"1,144",0,10,"40,691",100.0
경기도,용인시,신봉동,2030,"45,557.00","45,557.00","43,550.00",95.6,0.000,"1,169.00","1,169.00","1,169.00",24.00,"1,145.00",0.00,0.00,4.000,"21,893.00","21,893.00","20,891.00",0.00,"20,891.00",5.000,"22,495.00","22,495.00","21,490.00","1,331.00","20,159.00",0.00,0.00,33,608,631,520,"1,212",0,29,"43,550",100.0
경기도,용인시,죽전1동,2030,"58,174.00","58,174.00","53,313.00",91.6,0.000,"2,066.00","2,066.00","2,066.00",747.00,"1,319.00",0.00,0.00,2.000,"29,496.00","29,496.00","28,496.00",88.00,"28,408.00",4.000,"26,612.00","26,612.00","22,751.00","2,345.00","20,406.00",0.00,0.00,40,664,587,544,"1,632",0,26,"53,313",100.0
경기도,용인시,죽전2동,2030,"28,882.00","28,882.00","22,848.00",79.1,0.000,"2,131.00","2,131.00",885.00,320.00,565.00,0.00,0.00,2.000,"16,001.00","16,001.00","12,213.00",38.00,"12,175.00",3.000,"10,750.00","10,750.00","9,750.00","1,005.00","8,745.00",0.00,0.00,17,285,252,541,699,0,11,"22,848",100.0
경기도,용인시,동천동,2030,"87,461.00","87,461.00","85,431.00",97.7,0.000,"2,871.00","2,871.00","2,871.00",212.00,"2,659.00",0.00,0.00,4.000,"55,635.00","55,635.00","54,631.00",0.00,"54,631.00",7.000,"28,955.00","28,955.00","27,929.00","2,050.00","25,879.00",0.00,0.00,67,"1,270",691,879,"1,907",0,77,"85,431",100.0
경기도,용인시,상현1동,2030,"39,942.00","39,942.00","36,186.00",90.6,0.000,"2,351.00","2,351.00","1,910.00",737.00,"1,173.00",0.00,0.00,2.000,"17,474.00","17,474.00","16,474.00",0.00,"16,474.00",2.000,"20,117.00","20,117.00","17,802.00","2,976.00","14,826.00",0.00,0.00,29,406,404,969,859,0,12,"36,186",100.0
경기도,용인시,상현2동,2030,"19,268.00","19,268.00","15,509.00",80.5,0.000,819.00,819.00,819.00,316.00,503.00,0.00,0.00,2.000,"9,820.00","9,820.00","7,061.00",0.00,"7,061.00",2.000,"8,629.00","8,629.00","7,629.00","1,276.00","6,353.00",0.00,0.00,13,174,173,941,368,0,5,"15,509",100.0
경기도,용인시,성복동,2030,"32,564.00","32,564.00","30,561.00",93.8,0.000,"1,389.00","1,389.00","1,389.00",240.00,"1,149.00",0.00,0.00,2.000,"15,115.00","15,115.00","14,115.00",0.00,"14,115.00",2.000,"16,060.00","16,060.00","15,057.00","1,482.00","13,575.00",0.00,0.00,35,363,423,930,892,0,38,"30,561",100.0
경기도,파주시,소계,,"1,184,338.00","1,525,027.00","1,167,714.00",76.6,58.250,"177,967.00","479,398.00","445,149.00","27,382.00","375,050.00","7,983.00","34,734.00",75.960,"685,934.00","695,242.00","391,002.00",0.00,"391,002.00",75.550,"320,437.00","350,387.00","331,563.00","103,773.00","213,554.00","1,917.00","12,319.00","14,500","14,491",0,"18,937",0,8,0,"633,822",54.3
경기도,파주시,문산읍,2030,"133,259.00","434,690.00","389,683.00",89.6,0.000,0.00,"301,431.00","301,431.00",0.00,"301,431.00",0.00,0.00,9.930,"88,759.00","88,759.00","43,752.00",0.00,"43,752.00",9.930,"44,500.00","44,500.00","44,500.00","15,076.00","29,424.00",0.00,0.00,"1,433","1,433",0,"1,756",0,4,0,"54,942",14.1
경기도,파주시,파주읍,2030,"139,176.00","139,176.00","124,814.00",89.7,11.860,"30,310.00","30,310.00","30,310.00","2,930.00","16,081.00",69.00,"11,230.00",11.860,"68,206.00","68,206.00","54,379.00",0.00,"54,379.00",11.860,"40,660.00","40,660.00","40,125.00","17,915.00","22,210.00",0.00,0.00,"1,702","1,702",0,"3,306",0,2,0,"80,572",64.6
경기도,파주시,법원읍,2030,"81,247.00","81,247.00","57,942.00",71.3,4.300,"4,508.00","4,508.00","4,508.00",95.00,"2,623.00",697.00,"1,093.00",4.300,"48,189.00","48,189.00","24,884.00",0.00,"24,884.00",4.300,"28,550.00","28,550.00","28,550.00","15,403.00","12,904.00",225.00,18.00,"1,104","1,104",0,"2,319",0,2,0,"41,029",70.8
경기도,파주시,조리읍,2030,"84,459.00","84,459.00","44,259.00",52.4,0.000,0.00,0.00,0.00,0.00,0.00,0.00,0.00,6.800,"59,489.00","59,489.00","19,289.00",0.00,"19,289.00",6.800,"24,970.00","24,970.00","24,970.00","9,171.00","14,171.00",106.00,"1,522.00",728,728,0,"1,332",0,0,0,"44,259",100.0
경기도,파주시,월롱면,2030,"73,164.00","73,164.00","69,622.00",95.2,2.990,"13,212.00","13,212.00","13,212.00","2,001.00","7,660.00","1,270.00","2,281.00",2.990,"36,525.00","36,525.00","33,018.00",0.00,"33,018.00",2.990,"23,427.00","23,427.00","23,392.00","9,712.00","13,680.00",0.00,0.00,639,639,0,"1,304",0,0,0,"37,430",53.8
경기도,파주시,탄현면,2030,"203,215.00","242,473.00","208,224.00",85.9,10.410,"55,933.00","55,933.00","21,684.00","1,307.00","9,382.00","4,757.00","6,238.00",10.410,"95,139.00","104,447.00","104,447.00",0.00,"104,447.00",10.410,"52,143.00","82,093.00","82,093.00","22,027.00","54,998.00",307.00,"4,761.00","4,643","4,643",0,"3,737",0,0,0,"159,603",76.6
경기도,파주시,광탄면,2030,"105,136.00","105,136.00","37,031.00",35.2,6.930,"6,817.00","6,817.00","6,817.00",803.00,"2,149.00",297.00,"3,568.00",6.930,"86,342.00","86,342.00","18,237.00",0.00,"18,237.00",6.930,"11,977.00","11,977.00","11,977.00","5,631.00","6,346.00",0.00,0.00,566,566,0,"1,122",0,0,0,"26,381",71.2
경기도,파주시,파평면,2030,"77,281.00","77,281.00","65,354.00",84.6,2.540,"34,270.00","34,270.00","34,270.00","15,181.00","16,394.00",5.00,"2,690.00",2.540,"43,011.00","43,011.00","31,084.00",0.00,"31,084.00",2.540,0.00,0.00,0.00,0.00,0.00,0.00,0.00,"1,083","1,083",0,883,0,0,0,"19,745",30.2
경기도,파주시,적성면,2030,"67,109.00","67,109.00","35,484.00",52.9,4.680,"7,044.00","7,044.00","7,044.00","2,677.00","1,754.00",539.00,"2,074.00",4.680,"50,040.00","50,040.00","18,415.00",0.00,"18,415.00",4.680,"10,025.00","10,025.00","10,025.00","2,825.00","3,954.00",0.00,"3,246.00",498,498,0,"1,089",0,0,0,"35,030",98.7
경기도,파주시,군내면,2030,"4,775.00","4,775.00",0.00,0.0,0.000,0.00,0.00,0.00,0.00,0.00,0.00,0.00,0.490,"4,775.00","4,775.00",0.00,0.00,0.00,0.490,0.00,0.00,0.00,0.00,0.00,0.00,0.00,633,633,0,742,0,0,0,0,0.0
경기도,파주시,장단면,2030,0.00,0.00,0.00,0.0,0.000,0.00,0.00,0.00,0.00,0.00,0.00,0.00,0.000,0.00,0.00,0.00,0.00,0.00,0.000,0.00,0.00,0.00,0.00,0.00,0.00,0.00,0,0,0,0,0,0,0,0,0.0
경기도,파주시,진동면,2030,470.00,470.00,470.00,100.0,0.000,0.00,0.00,0.00,0.00,0.00,0.00,0.00,0.490,470.00,470.00,470.00,0.00,470.00,0.080,0.00,0.00,0.00,0.00,0.00,0.00,0.00,9,0,0,0,0,0,0,0,0.0
경기도,파주시,진서면,2030,0.00,0.00,0.00,0.0,0.000,0.00,0.00,0.00,0.00,0.00,0.00,0.00,0.000,0.00,0.00,0.00,0.00,0.00,0.000,0.00,0.00,0.00,0.00,0.00,0.00,0.00,0,0,0,0,0,0,0,0,0.0
경기도,파주시,금촌1동,2030,0.00,0.00,0.00,0.0,0.000,0.00,0.00,0.00,0.00,0.00,0.00,0.00,0.000,0.00,0.00,0.00,0.00,0.00,0.000,0.00,0.00,0.00,0.00,0.00,0.00,0.00,0,0,0,0,0,0,0,0,0.0
경기도,파주시,금촌2동,2030,0.00,0.00,0.00,0.0,0.000,0.00,0.00,0.00,0.00,0.00,0.00,0.00,0.000,0.00,0.00,0.00,0.00,0.00,0.000,0.00,0.00,0.00,0.00,0.00,0.00,0.00,0,0,0,0,0,0,0,0,0.0
경기도,파주시,금촌3동,2030,0.00,0.00,0.00,0.0,0.000,0.00,0.00,0.00,0.00,0.00,0.00,0.00,0.000,0.00,0.00,0.00,0.00,0.00,0.000,0.00,0.00,0.00,0.00,0.00,0.00,0.00,0,0,0,0,0,0,0,0,0.0
경기도,파주시,교하동,2030,"215,047.00","215,047.00","134,831.00",62.7,14.540,"25,873.00","25,873.00","25,873.00","2,388.00","17,576.00",349.00,"5,560.00",14.540,"104,989.00","104,989.00","43,027.00",0.00,"43,027.00",14.540,"84,185.00","84,185.00","65,931.00","6,013.00","55,867.00","1,279.00","2,772.00","1,462","1,462",0,"1,347",0,0,0,"134,831",100.0
경기도,파주시,운정1동,2030,0.00,0.00,0.00,0.0,0.000,0.00,0.00,0.00,0.00,0.00,0.00,0.00,0.000,0.00,0.00,0.00,0.00,0.00,0.000,0.00,0.00,0.00,0.00,0.00,0.00,0.00,0,0,0,0,0,0,0,0,0.0
경기도,파주시,운정2동,2030,0.00,0.00,0.00,0.0,0.000,0.00,0.00,0.00,0.00,0.00,0.00,0.00,0.000,0.00,0.00,0.00,0.00,0.00,0.000,0.00,0.00,0.00,0.00,0.00,0.00,0.00,0,0,0,0,0,0,0,0,0.0
경기도,파주시,운정3동,2030,0.00,0.00,0.00,0.0,0.000,0.00,0.00,0.00,0.00,0.00,0.00,0.00,0.000,0.00,0.00,0.00,0.00,0.00,0.000,0.00,0.00,0.00,0.00,0.00,0.00,0.00,0,0,0,0,0,0,0,0,0.0
경기도,이천시,소계,,"1,408,500.00","1,408,500.00","1,259,321.00",89.4,0.000,0.00,0.00,0.00,0.00,0.00,0.00,0.00,118.700,"852,182.00","852,182.00","703,003.00",0.00,"703,003.00",354.100,"556,318.00","556,318.00","556,318.00","20,415.00","456,051.00",0.00,"79,852.00",0,"19,274","9,169","37,170","22,594",0,0,"1,259,305",100.0
경기도,이천시,장호원읍,2020,"158,608.00","158,608.00","125,871.00",79.4,0.000,0.00,0.00,0.00,0.00,0.00,0.00,0.00,12.000,"98,148.00","98,148.00","65,411.00",0.00,"65,411.00",49.700,"60,460.00","60,460.00","60,460.00","3,110.00","52,472.00",0.00,"4,878.00",0,"1,904",199,"3,723","1,759",0,0,"125,871",100.0
경기도,이천시,부발읍,2020,"170,826.00","170,826.00","149,351.00",87.4,0.000,0.00,0.00,0.00,0.00,0.00,0.00,0.00,12.200,"97,365.00","97,365.00","75,890.00",0.00,"75,890.00",30.300,"73,461.00","73,461.00","73,461.00",735.00,"58,224.00",0.00,"14,502.00",0,"1,720","1,293","2,402","2,411",0,0,"149,351",100.0
경기도,이천시,신둔면,2020,"108,996.00","108,996.00","107,101.00",98.3,0.000,0.00,0.00,0.00,0.00,0.00,0.00,0.00,35.800,"73,799.00","73,799.00","71,904.00",0.00,"71,904.00",0.800,"35,197.00","35,197.00","35,197.00",582.00,"31,128.00",0.00,"3,487.00",0,"2,656","1,107","2,322","1,945",0,0,"107,101",100.0
경기도,이천시,백사면,2020,"95,706.00","95,706.00","93,298.00",97.5,0.000,0.00,0.00,0.00,0.00,0.00,0.00,0.00,3.900,"57,779.00","57,779.00","55,371.00",0.00,"55,371.00",29.200,"37,927.00","37,927.00","37,927.00",655.00,"35,120.00",0.00,"2,152.00",0,"1,647",835,"2,145","1,206",0,0,"93,298",100.0
경기도,이천시,호법면,2020,"152,196.00","152,196.00","133,915.00",88.0,0.000,0.00,0.00,0.00,0.00,0.00,0.00,0.00,4.200,"101,194.00","101,194.00","82,913.00",0.00,"82,913.00",33.000,"51,002.00","51,002.00","51,002.00","2,628.00","33,396.00",0.00,"14,978.00",0,"1,452",898,"1,311","1,484",0,0,"133,913",100.0
경기도,이천시,마장면,2020,"101,164.00","101,164.00","101,164.00",100.0,0.000,0.00,0.00,0.00,0.00,0.00,0.00,0.00,11.500,"74,172.00","74,172.00","74,172.00",0.00,"74,172.00",20.400,"26,992.00","26,992.00","26,992.00",795.00,"23,499.00",0.00,"2,698.00",0,"2,561",939,"2,362","1,578",0,0,"101,150",100.0
경기도,이천시,대월면,2020,"113,291.00","113,291.00","88,569.00",78.2,0.000,0.00,0.00,0.00,0.00,0.00,0.00,0.00,7.200,"63,564.00","63,564.00","38,842.00",0.00,"38,842.00",44.200,"49,727.00","49,727.00","49,727.00",618.00,"39,720.00",0.00,"9,389.00",0,896,495,"1,694",693,0,0,"88,569",100.0
경기도,이천시,모가면,2020,"32,776.00","32,776.00","26,913.00",82.1,0.000,0.00,0.00,0.00,0.00,0.00,0.00,0.00,9.800,"23,226.00","23,226.00","17,363.00",0.00,"17,363.00",31.600,"9,550.00","9,550.00","9,550.00",353.00,"9,027.00",0.00,170.00,0,697,432,"1,388",459,0,0,"26,913",100.0
경기도,이천시,설성면,2020,"75,552.00","75,552.00","52,268.00",69.2,0.000,0.00,0.00,0.00,0.00,0.00,0.00,0.00,6.200,"57,209.00","57,209.00","33,925.00",0.00,"33,925.00",45.700,"18,343.00","18,343.00","18,343.00","1,520.00","15,247.00",0.00,"1,576.00",0,839,185,"1,480",511,0,0,"52,268",100.0
경기도,이천시,율면,2020,"132,452.00","132,452.00","115,384.00",87.1,0.000,0.00,0.00,0.00,0.00,0.00,0.00,0.00,5.500,"80,365.00","80,365.00","63,297.00",0.00,"63,297.00",34.700,"52,087.00","52,087.00","52,087.00","1,390.00","41,514.00",0.00,"9,183.00",0,899,46,"1,280",275,0,0,"115,384",100.0
경기도,이천시,창전동,2020,"65,971.00","65,971.00","65,971.00",100.0,0.000,0.00,0.00,0.00,0.00,0.00,0.00,0.00,2.100,"27,619.00","27,619.00","27,619.00",0.00,"27,619.00",7.000,"38,352.00","38,352.00","38,352.00","1,596.00","34,338.00",0.00,"2,418.00",0,597,515,"5,268","3,216",0,0,"65,971",100.0
경기도,이천시,증포동,2020,"83,789.00","83,789.00","83,789.00",100.0,0.000,0.00,0.00,0.00,0.00,0.00,0.00,0.00,3.100,"41,587.00","41,587.00","41,587.00",0.00,"41,587.00",10.200,"42,202.00","42,202.00","42,202.00",922.00,"34,947.00",0.00,"6,333.00",0,"1,167",930,"3,811","2,078",0,0,"83,789",100.0
경기도,이천시,중리동,2020,"95,993.00","95,993.00","94,547.00",98.5,0.000,0.00,0.00,0.00,0.00,0.00,0.00,0.00,3.500,"44,454.00","44,454.00","43,008.00",0.00,"43,008.00",11.600,"51,539.00","51,539.00","51,539.00","4,804.00","39,148.00",0.00,"7,587.00",0,"1,633",780,"5,352","3,377",0,0,"94,547",100.0
경기도,이천시,관고동,2020,"21,180.00","21,180.00","21,180.00",100.0,0.000,0.00,0.00,0.00,0.00,0.00,0.00,0.00,1.700,"11,701.00","11,701.00","11,701.00",0.00,"11,701.00",5.700,"9,479.00","9,479.00","9,479.00",707.00,"8,271.00",0.00,501.00,0,606,515,"2,632","1,602",0,0,"21,180",100.0
경기도,안성시,소계,,"1,017,736.20","1,051,921.20","664,511.90",63.2,1.200,"235,858.20","246,239.20","234,146.80","20,952.40","140,107.70","25,247.70","47,839.00",31.800,"460,384.00","484,188.00","391,866.70",0.00,"391,866.70",31.800,"321,494.00","321,494.00","38,498.40","5,085.30","32,344.70",918.40,150.00,"3,377","4,885",987,"13,928","10,738",16,0,"578,011",87.0
경기도,안성시,공도읍,2020,"127,272.80","127,272.80","109,954.60",86.4,0.000,"27,872.80","27,872.80","27,535.80",358.80,"16,087.80","6,665.10","4,424.10",5.100,"81,400.00","81,400.00","79,404.50",0.00,"79,404.50",5.100,"18,000.00","18,000.00","3,014.30",48.00,"2,966.30",0.00,0.00,468,703,465,"2,193","1,203",3,0,"105,634",96.1
경기도,안성시,보개면,2020,"47,846.90","47,846.90","21,287.60",44.5,0.000,"9,956.90","9,956.90","9,956.90","1,487.00","4,570.10","1,243.30","2,656.50",1.900,"21,170.00","21,170.00","11,330.70",0.00,"11,330.70",1.900,"16,720.00","16,720.00",0.00,0.00,0.00,0.00,0.00,39,72,0,393,335,0,0,"20,835",97.9
경기도,안성시,금광면,2020,"25,941.80","25,941.80","9,447.80",36.4,0.000,"8,311.80","8,311.80","8,311.80",497.20,"6,091.20",970.00,753.40,0.700,"9,850.00","9,850.00","1,136.00",0.00,"1,136.00",0.700,"7,780.00","7,780.00",0.00,0.00,0.00,0.00,0.00,69,130,0,207,120,0,0,"9,448",100.0
경기도,안성시,서운면,2020,"5,280.30","24,777.50","24,777.50",100.0,0.500,"5,280.30","15,188.30","15,188.30","2,335.00","11,807.60",530.80,514.90,0.000,0.00,"9,589.20","9,589.20",0.00,"9,589.20",0.000,0.00,0.00,0.00,0.00,0.00,0.00,0.00,29,30,0,263,156,0,0,"11,501",46.4
경기도,안성시,미양면,2020,"50,318.80","50,318.80","23,997.60",47.7,0.000,"9,038.80","9,038.80","9,038.80","1,680.40","4,945.70","1,340.40","1,072.30",1.400,"21,740.00","21,740.00","12,879.80",0.00,"12,879.80",1.400,"19,540.00","19,540.00","2,079.00",97.00,"1,982.00",0.00,0.00,136,104,53,389,335,0,0,"23,729",98.9
경기도,안성시,대덕면,2020,"93,335.30","93,744.30","53,929.30",57.5,0.000,"22,675.30","23,084.30","23,084.30","1,062.00","19,166.60","1,432.00","1,423.70",0.900,"39,480.00","39,480.00","22,849.10",0.00,"22,849.10",0.900,"31,180.00","31,180.00","7,995.90","1,231.20","5,937.30",827.40,0.00,240,220,60,"1,042","1,178",0,0,"50,150",93.0
경기도,안성시,양성면,2020,"27,024.30","27,478.20","17,078.20",62.2,0.500,"9,414.30","9,414.30","9,414.30",600.10,"5,309.10","2,166.40","1,338.70",0.000,"7,210.00","7,663.90","7,663.90",0.00,"7,663.90",0.000,"10,400.00","10,400.00",0.00,0.00,0.00,0.00,0.00,100,85,0,207,186,0,0,"16,893",98.9
경기도,안성시,원곡면,2020,"43,125.50","51,650.00","40,289.00",78.0,0.000,"9,325.50","9,325.50","9,325.50",549.70,"4,509.80","2,064.80","2,201.20",2.100,"16,300.00","24,824.50","24,824.50",0.00,"24,824.50",2.100,"17,500.00","17,500.00","6,139.00","1,638.00","4,501.00",0.00,0.00,172,350,48,694,359,0,0,"31,262",77.6
경기도,안성시,일죽면,2020,"119,242.00","119,242.00","76,063.90",63.8,0.000,"19,042.00","19,042.00","19,042.00",501.40,"13,214.00","1,663.90","3,662.70",4.400,"62,200.00","62,200.00","55,716.90",0.00,"55,716.90",4.400,"38,000.00","38,000.00","1,305.00",0.00,"1,305.00",0.00,0.00,444,"1,355",131,"1,786",675,0,0,"56,240",73.9
경기도,안성시,죽산면,2020,"102,791.20","102,791.20","55,459.60",54.0,0.000,"21,371.20","21,371.20","21,371.20","1,616.00","13,562.40","2,239.70","3,953.10",4.200,"43,680.00","43,680.00","33,353.30",0.00,"33,353.30",4.200,"37,740.00","37,740.00",735.10,60.00,675.10,0.00,0.00,499,717,30,"1,191",836,2,0,"47,670",86.0
경기도,안성시,삼죽면,2020,"25,082.00","25,082.00","17,321.80",69.1,0.000,"7,502.00","7,502.00","7,502.00",580.90,"5,354.00","1,415.80",151.30,0.900,"10,920.00","10,920.00","9,465.80",0.00,"9,465.80",0.900,"6,660.00","6,660.00",354.00,0.00,354.00,0.00,0.00,257,230,26,373,330,0,0,"13,885",80.2
경기도,안성시,고삼면,2020,"5,812.80","5,812.80","5,812.80",100.0,0.200,"5,812.80","5,812.80","5,812.80",19.50,"2,640.70","2,967.90",184.70,0.000,0.00,0.00,0.00,0.00,0.00,0.000,0.00,0.00,0.00,0.00,0.00,0.00,0.00,104,0,0,3,212,0,0,"4,934",84.9
경기도,안성시,안성1동,2020,"120,087.90","120,151.90","60,836.70",50.6,0.000,"23,517.90","23,581.90","23,581.90","3,263.10","11,377.10",187.80,"8,753.90",4.100,"53,980.00","53,980.00","32,242.30",0.00,"32,242.30",4.100,"42,590.00","42,590.00","5,012.50",431.50,"4,499.00",31.00,51.00,278,222,65,"2,186","1,532",3,0,"56,724",93.2
경기도,안성시,안성2동,2020,"114,983.00","114,983.00","65,610.00",57.1,0.000,"31,645.00","31,645.00","20,023.60","2,919.40","9,526.50",159.40,"7,418.30",2.500,"45,224.00","45,224.00","38,944.30",0.00,"38,944.30",2.500,"38,114.00","38,114.00","6,642.10","1,119.10","5,452.00",27.00,44.00,239,289,43,"1,362","1,887",2,0,"52,484",80.0
경기도,안성시,안성3동,2020,"109,591.60","114,828.00","82,645.50",72.0,0.000,"25,091.60","25,091.60","24,957.60","3,481.90","11,945.10",200.40,"9,330.20",3.600,"47,230.00","52,466.40","52,466.40",0.00,"52,466.40",3.600,"37,270.00","37,270.00","5,221.50",460.50,"4,673.00",33.00,55.00,303,378,66,"1,639","1,394",6,0,"76,622",92.7
경기도,김포시,소계,,"542,014.70","1,018,996.90","765,465.90",75.1,0.000,0.00,"53,058.00","53,058.00","10,266.00","42,792.00",0.00,0.00,30.200,"298,818.70","541,995.20","350,913.20",78.00,"350,835.20",29.300,"243,196.00","423,943.70","361,494.70","9,667.80","296,044.90","11,453.00","44,329.00",107,"7,282","8,671","21,061",0,6,0,"570,051",74.5
경기도,김포시,통진읍,2030,"94,361.00","145,092.00","145,092.00",100.0,0.000,0.00,0.00,0.00,0.00,0.00,0.00,0.00,8.500,"51,364.00","90,116.00","90,116.00",0.00,"90,116.00",8.000,"42,997.00","54,976.00","54,976.00","3,826.00","33,347.00","4,003.00","13,800.00",0,"1,337","2,062","4,873",0,0,0,"125,002",86.2
경기도,김포시,고촌읍,2030,"71,757.00","81,699.40","55,370.40",67.8,0.000,0.00,0.00,0.00,0.00,0.00,0.00,0.00,5.000,"38,692.00","38,692.00","12,363.00",78.00,"12,285.00",1.400,"33,065.00","43,007.40","43,007.40",729.80,"27,381.60","4,168.00","10,728.00",0,387,621,"2,199",0,0,0,"54,873",99.1
경기도,김포시,양촌읍,2030,"168,203.00","168,203.00","72,430.00",43.1,0.000,0.00,0.00,0.00,0.00,0.00,0.00,0.00,5.700,"91,815.00","91,815.00","27,229.00",0.00,"27,229.00",11.900,"76,388.00","76,388.00","45,201.00","1,982.00","37,189.00",8.00,"6,022.00",0,863,992,"3,198",0,0,0,"60,436",83.4
경기도,김포시,대곶면,2030,"113,443.00","113,443.00","32,408.00",28.6,0.000,0.00,0.00,0.00,0.00,0.00,0.00,0.00,5.900,"64,503.00","64,503.00",0.00,0.00,0.00,3.900,"48,940.00","48,940.00","32,408.00","2,091.00","25,127.00","3,116.00","2,074.00",0,0,432,0,0,0,0,"31,798",98.1
경기도,김포시,월곶면,2030,"17,280.70","21,628.30","21,628.30",100.0,0.000,0.00,0.00,0.00,0.00,0.00,0.00,0.00,1.700,"7,969.70","11,099.30","11,099.30",0.00,"11,099.30",1.600,"9,311.00","10,529.00","10,529.00",681.00,"6,941.00",4.00,"2,903.00",0,262,164,868,0,0,0,"10,529",48.7
경기도,김포시,하성면,2030,"76,970.00","76,970.00","26,576.00",34.5,0.000,0.00,0.00,0.00,0.00,0.00,0.00,0.00,3.400,"44,475.00","44,475.00","8,811.00",0.00,"8,811.00",2.500,"32,495.00","32,495.00","17,765.00",358.00,"8,451.00",154.00,"8,802.00",0,245,249,425,0,0,0,"23,297",87.7
경기도,김포시,김포본동,2030,0.00,"26,618.60","26,618.60",100.0,0.000,0.00,"13,862.00","13,862.00","2,682.00","11,180.00",0.00,0.00,0.000,0.00,"6,987.50","6,987.50",0.00,"6,987.50",0.000,0.00,"5,769.10","5,769.10",0.00,"5,769.10",0.00,0.00,28,917,963,"2,132",0,5,0,"26,619",100.0
경기도,김포시,장기본동,2030,0.00,"36,203.90","36,203.90",100.0,0.000,0.00,0.00,0.00,0.00,0.00,0.00,0.00,0.000,0.00,"25,619.30","25,619.30",0.00,"25,619.30",0.000,0.00,"10,584.60","10,584.60",0.00,"10,584.60",0.00,0.00,0,407,284,"1,173",0,0,0,"10,585",29.2
경기도,김포시,사우동,2030,0.00,"63,290.40","63,290.40",100.0,0.000,0.00,"35,377.00","35,377.00","6,845.00","28,532.00",0.00,0.00,0.000,0.00,"20,884.80","20,884.80",0.00,"20,884.80",0.000,0.00,"7,028.60","7,028.60",0.00,"7,028.60",0.00,0.00,71,486,364,"1,061",0,1,0,"63,290",100.0
경기도,김포시,풍무동,2030,0.00,"35,454.60","35,454.60",100.0,0.000,0.00,"3,819.00","3,819.00",739.00,"3,080.00",0.00,0.00,0.000,0.00,"25,576.80","25,576.80",0.00,"25,576.80",0.000,0.00,"6,058.80","6,058.80",0.00,"6,058.80",0.00,0.00,8,605,556,"1,002",0,0,0,"35,455",100.0
경기도,김포시,장기동,2030,0.00,"74,856.40","74,856.40",100.0,0.000,0.00,0.00,0.00,0.00,0.00,0.00,0.00,0.000,0.00,"34,909.40","34,909.40",0.00,"34,909.40",0.000,0.00,"39,947.00","39,947.00",0.00,"39,947.00",0.00,0.00,0,338,538,704,0,0,0,"39,947",53.4
경기도,김포시,구래동,2030,0.00,"113,892.60","113,892.60",100.0,0.000,0.00,0.00,0.00,0.00,0.00,0.00,0.00,0.000,0.00,"59,461.20","59,461.20",0.00,"59,461.20",0.000,0.00,"54,431.40","54,431.40",0.00,"54,431.40",0.00,0.00,0,741,755,"1,658",0,0,0,"54,431",47.8
경기도,김포시,운양동,2030,0.00,"61,644.70","61,644.70",100.0,0.000,0.00,0.00,0.00,0.00,0.00,0.00,0.00,0.000,0.00,"27,855.90","27,855.90",0.00,"27,855.90",0.000,0.00,"33,788.80","33,788.80",0.00,"33,788.80",0.00,0.00,0,694,691,"1,768",0,0,0,"33,789",54.8
경기도,화성시,소계,,"1,844,313.00","2,510,208.00","1,844,313.00",73.5,0.000,"369,783.00","943,965.00","726,864.00","2,969.30","706,065.70","3,512.00","14,317.00",105.540,"1,027,850.00","1,027,850.00","762,211.00","762,211.00",0.00,101.210,"446,680.00","538,393.00","355,238.00","237,492.00","117,746.00",0.00,0.00,"2,527","17,723","18,249","11,000","42,657",6,507,"500,687",27.1
경기도,화성시,봉담읍,2025,"166,340.00","189,840.00","143,915.00",75.8,0.000,"6,300.00","29,800.00","29,800.00",0.00,"27,601.00",71.00,"2,128.00",7.120,"85,944.00","85,944.00","83,488.00","83,488.00",0.00,7.120,"74,096.00","74,096.00","30,627.00","20,418.00","10,209.00",0.00,0.00,615,"1,938","1,381","2,811","3,181",0,29,"97,574",67.8
경기도,화성시,우정읍,2025,"156,268.00","156,268.00","63,969.00",40.9,0.000,"51,252.00","51,252.00","1,000.00",7.00,343.00,166.00,484.00,8.100,"63,492.00","63,492.00","49,939.00","49,939.00",0.00,8.100,"41,524.00","41,524.00","13,030.00","8,687.00","4,343.00",0.00,0.00,26,"1,118",845,"1,223","1,979",0,11,"26,113",40.8
경기도,화성시,향남읍,2025,"186,859.00","197,177.00","146,709.00",74.4,0.000,"43,456.00","43,456.00","5,900.00",351.00,"3,914.00",166.00,"1,469.00",19.300,"106,861.00","106,861.00","93,949.00","93,949.00",0.00,19.300,"36,542.00","46,860.00","46,860.00","31,240.00","15,620.00",0.00,0.00,138,"2,126","2,648","1,362","7,109",0,78,"24,026",16.4
경기도,화성시,남양읍,2025,"70,450.00","72,450.00","51,407.00",71.0,0.000,0.00,"2,000.00","2,000.00",0.00,"2,000.00",0.00,0.00,4.840,"54,033.00","54,033.00","33,057.00","33,057.00",0.00,4.840,"16,417.00","16,417.00","16,350.00","10,900.00","5,450.00",0.00,0.00,29,730,"1,443",167,"2,561",0,24,"18,316",35.6
경기도,화성시,매송면,2025,"59,963.00","59,963.00","8,537.00",14.2,0.000,"26,785.00","26,785.00",300.00,20.00,140.00,60.00,80.00,3.720,"4,100.00","4,100.00","3,347.00","3,347.00",0.00,3.720,"29,078.00","29,078.00","4,890.00","3,260.00","1,630.00",0.00,0.00,6,78,297,118,420,0,12,"8,450",99.0
경기도,화성시,비봉면,2025,"62,930.00","93,246.00","71,780.22",77.0,0.000,"24,684.00","55,000.00","55,000.00",0.00,"55,000.00",0.00,0.00,3.420,"16,975.00","16,975.00","3,780.22","3,780.22",0.00,3.420,"21,271.00","21,271.00","13,000.00","10,000.00","3,000.00",0.00,0.00,2,85,530,21,786,0,30,0,0.0
경기도,화성시,마도면,2025,"90,827.33","90,827.33","63,545.48",70.0,0.000,"12,654.00","12,654.00",700.00,0.00,700.00,0.00,0.00,3.390,"72,315.33","72,315.33","57,035.48","57,035.48",0.00,3.390,"5,858.00","5,858.00","5,810.00","3,873.00","1,937.00",0.00,0.00,0,"1,195",908,380,"2,456",0,40,"15,187",23.9
경기도,화성시,송산면,2025,"55,439.00","56,218.00","24,391.21",43.4,0.000,"2,355.00","2,355.00",300.00,16.00,121.00,97.00,66.00,2.250,"42,153.00","42,153.00","12,381.21","12,381.21",0.00,2.250,"10,931.00","11,710.00","11,710.00","7,807.00","3,903.00",0.00,0.00,8,315,570,445,"1,460",0,17,"15,532",63.7
경기도,화성시,서신면,2025,"70,242.67","78,008.67","66,442.06",85.2,0.000,"1,134.00","8,900.00","8,900.00",50.00,"8,659.00",58.00,133.00,0.850,"61,268.67","61,268.67","53,852.06","53,852.06",0.00,0.850,"7,840.00","7,840.00","3,690.00","2,460.00","1,230.00",0.00,0.00,224,"1,241",963,698,"2,838",0,59,"53,257",80.2
경기도,화성시,팔탄면,2025,"73,712.00","76,357.00","61,056.46",80.0,0.000,"1,955.00","4,600.00","4,600.00",77.00,"4,162.00",37.00,324.00,3.970,"63,000.00","63,000.00","52,676.46","52,676.46",0.00,3.970,"8,757.00","8,757.00","3,780.00","2,520.00","1,260.00",0.00,0.00,104,"1,203",807,859,794,0,36,"30,524",50.0
경기도,화성시,장안면,2025,"50,398.00","50,578.00","28,521.12",56.4,0.000,720.00,900.00,900.00,5.00,433.00,118.00,344.00,2.070,"42,476.00","42,476.00","23,901.12","23,901.12",0.00,2.070,"7,202.00","7,202.00","3,720.00","2,480.00","1,240.00",0.00,0.00,44,489,"1,101",405,"1,369",0,30,"4,973",17.4
경기도,화성시,양감면,2025,"11,741.00","14,132.00","7,067.70",50.0,0.000,"6,452.00","6,452.00","1,400.00",139.30,782.70,248.00,230.00,3.100,"5,000.00","5,000.00","2,987.70","2,987.70",0.00,0.150,289.00,"2,680.00","2,680.00","1,787.00",893.00,0.00,0.00,33,72,445,7,389,0,14,260,3.7
경기도,화성시,정남면,2025,"118,086.00","118,086.00","98,084.87",83.1,0.000,"24,935.00","24,935.00","20,700.00","1,207.00","13,609.00",889.00,"4,995.00",10.580,"83,000.00","83,000.00","67,274.87","67,274.87",0.00,10.580,"10,151.00","10,151.00","10,110.00","6,740.00","3,370.00",0.00,0.00,401,"1,695",547,892,797,0,27,"34,325",35.0
경기도,화성시,동탄면,2025,"83,412.00","158,000.00","150,557.00",95.3,0.000,"41,412.00","55,000.00","55,000.00",0.00,"55,000.00",0.00,0.00,0.000,"42,000.00","42,000.00","34,557.00","34,557.00",0.00,0.000,0.00,"61,000.00","61,000.00","40,000.00","21,000.00",0.00,0.00,0,738,"1,109",428,"3,468",5,28,"2,194",1.5
경기도,화성시,진안동,2025,"72,924.00","72,924.00","55,343.68",75.9,0.000,"10,050.00","10,050.00","9,100.00",306.00,"7,214.00",447.00,"1,133.00",2.820,"45,000.00","45,000.00","36,593.68","36,593.68",0.00,2.820,"17,874.00","17,874.00","9,650.00","6,433.00","3,217.00",0.00,0.00,181,926,778,321,"2,183",0,15,"15,586",28.2
경기도,화성시,병점1동,2025,"92,292.00","92,292.00","22,418.05",24.3,0.000,"71,666.00","71,666.00","7,800.00",290.00,"6,010.00",424.00,"1,076.00",1.530,"12,000.00","12,000.00","10,428.05","10,428.05",0.00,1.530,"8,626.00","8,626.00","4,190.00","2,793.00","1,397.00",0.00,0.00,164,245,227,49,718,0,4,"12,375",55.2
경기도,화성시,병점2동,2025,"13,194.00","15,341.00","12,433.00",81.0,0.000,"2,311.00","2,311.00",100.00,4.00,76.00,6.00,14.00,1.410,"7,200.00","7,200.00","6,503.00","6,503.00",0.00,1.410,"3,683.00","5,830.00","5,830.00","3,887.00","1,943.00",0.00,0.00,0,167,227,0,668,0,1,741,6.0
경기도,화성시,반월동,2025,"32,409.00","37,517.00","25,115.00",66.9,0.000,"16,520.00","16,520.00","4,900.00",223.00,"3,526.00",325.00,826.00,3.760,"9,027.00","9,027.00","8,245.00","8,245.00",0.00,3.760,"6,862.00","11,970.00","11,970.00","7,980.00","3,990.00",0.00,0.00,107,216,381,95,846,0,1,"16,146",64.3
경기도,화성시,기배동,2025,"46,058.00","46,058.00","35,657.22",77.4,0.000,"8,365.00","8,365.00","7,500.00",274.00,"5,811.00",400.00,"1,015.00",2.820,"21,049.00","21,049.00","15,546.22","15,546.22",0.00,2.820,"16,644.00","16,644.00","12,611.00","8,407.00","4,204.00",0.00,0.00,152,474,279,329,516,0,18,"13,062",36.6
경기도,화성시,화산동,2025,"85,551.00","188,774.00","183,214.44",97.1,0.000,"16,777.00","120,000.00","120,000.00",0.00,"120,000.00",0.00,0.00,8.470,"42,000.00","42,000.00","36,844.44","36,844.44",0.00,8.470,"26,774.00","26,774.00","26,370.00","17,580.00","8,790.00",0.00,0.00,293,904,492,390,"1,211",0,9,"15,785",8.6
경기도,화성시,동탄1동,2025,"120,853.00","230,853.00","169,610.81",73.5,0.000,0.00,"110,000.00","110,000.00",0.00,"110,000.00",0.00,0.00,6.330,"76,948.00","76,948.00","30,760.81","30,760.81",0.00,6.330,"43,905.00","43,905.00","28,850.00","19,233.00","9,617.00",0.00,0.00,0,716,"1,046",0,"2,966",0,18,"43,905",25.9
경기도,화성시,동탄2동,2025,"47,755.00","148,719.00","128,210.63",86.2,0.000,0.00,"100,964.00","100,964.00",0.00,"100,964.00",0.00,0.00,2.190,"25,399.00","25,399.00","17,976.63","17,976.63",0.00,2.190,"22,356.00","22,356.00","9,270.00","6,180.00","3,090.00",0.00,0.00,0,453,399,0,"1,468",0,1,"22,356",17.4
경기도,화성시,동탄3동,2025,"67,109.00","156,109.00","116,870.25",74.9,0.000,0.00,"89,000.00","89,000.00",0.00,"89,000.00",0.00,0.00,2.120,"37,109.00","37,109.00","18,600.25","18,600.25",0.00,2.120,"30,000.00","30,000.00","9,270.00","6,180.00","3,090.00",0.00,0.00,0,405,501,0,"1,414",0,0,"30,000",25.7
경기도,화성시,동탄4동,2025,"9,500.00","110,470.00","109,456.80",99.1,0.000,0.00,"91,000.00","91,000.00",0.00,"91,000.00",0.00,0.00,1.380,"9,500.00","9,500.00","8,486.80","8,486.80",0.00,0.000,0.00,"9,970.00","9,970.00","6,647.00","3,323.00",0.00,0.00,0,194,325,0,"1,060",1,5,0,0.0
경기도,광주시,소계,,"873,261.00","916,036.00","812,290.50",88.7,0.000,"135,434.00","135,446.00","99,087.00","8,880.00","64,561.00","6,235.00","19,411.00",37.000,"676,470.00","709,070.00","667,479.00",0.00,"667,479.00",37.000,"61,357.00","71,520.00","45,724.50","4,427.50","40,678.00",539.00,80.00,"12,369","14,908","11,927","10,437","8,647",10,0,"759,871",93.5
경기도,광주시,오포읍,2035,"246,586.00","246,586.00","183,958.00",74.6,0.000,"36,400.00","36,400.00","20,262.00","2,500.00","14,100.00",320.00,"3,342.00",10.000,"195,856.00","195,856.00","157,169.00",0.00,"157,169.00",10.000,"14,330.00","14,330.00","6,527.00",523.00,"5,786.00",218.00,0.00,"1,617","3,323","2,658","2,326","1,861",0,0,"175,546",95.4
경기도,광주시,초월읍,2035,"111,971.00","116,229.00","112,829.00",97.1,0.000,"14,481.00","14,481.00","14,481.00",380.00,"8,221.00","1,882.00","3,998.00",3.000,"90,580.00","94,838.00","94,838.00",0.00,"94,838.00",3.000,"6,910.00","6,910.00","3,510.00",454.00,"3,044.00",0.00,12.00,"1,954","1,894","1,515","1,326","1,050",0,0,"93,988",83.3
경기도,광주시,곤지암읍,2035,"89,013.00","96,359.00","80,849.00",83.9,0.000,"21,230.00","21,230.00","11,551.00",500.00,"8,324.00",517.00,"2,210.00",6.000,"56,353.00","63,699.00","63,699.00",0.00,"63,699.00",6.000,"11,430.00","11,430.00","5,599.00",262.00,"5,109.00",168.00,60.00,"2,289","2,547","2,038","1,783","1,400",5,0,"71,517",88.5
경기도,광주시,도척면,2035,"54,119.00","56,827.00","56,410.00",99.3,0.000,"6,770.00","6,770.00","6,353.00",0.00,"5,453.00",900.00,0.00,2.000,"45,488.00","48,083.00","48,083.00",0.00,"48,083.00",2.000,"1,861.00","1,974.00","1,974.00",36.00,"1,915.00",23.00,0.00,"1,418",810,648,567,444,2,0,"53,759",95.3
경기도,광주시,퇴촌면,2035,"41,842.00","42,601.00","42,601.00",100.0,0.000,"7,586.00","7,586.00","7,586.00",0.00,"7,357.00",0.00,229.00,2.000,"32,271.00","32,740.00","32,740.00",0.00,"32,740.00",2.000,"1,985.00","2,275.00","2,275.00",0.00,"2,141.00",130.00,4.00,959,"1,007",806,705,560,0,0,"40,775",95.7
경기도,광주시,남종면,2035,"28,079.00","28,087.00","28,087.00",100.0,0.000,"5,546.00","5,546.00","5,546.00",0.00,"5,546.00",0.00,0.00,1.000,"22,454.00","22,462.00","22,462.00",0.00,"22,462.00",1.000,79.00,79.00,79.00,0.00,79.00,0.00,0.00,709,401,321,281,231,0,0,"26,816",95.5
경기도,광주시,남한산성면,2035,"43,518.00","44,539.00","43,037.00",96.6,0.000,"4,600.00","4,600.00","3,098.00",0.00,"3,098.00",0.00,0.00,1.000,"38,266.00","39,192.00","39,192.00",0.00,"39,192.00",1.000,652.00,747.00,747.00,0.00,743.00,0.00,4.00,967,425,340,298,238,0,0,"41,921",97.4
경기도,광주시,경안동,2035,"98,195.00","98,207.00","91,805.50",93.5,0.000,"15,429.00","15,441.00","15,441.00","5,500.00","4,967.00",854.00,"4,120.00",6.000,"72,736.00","72,736.00","70,857.00",0.00,"70,857.00",6.000,"10,030.00","10,030.00","5,507.50","2,333.50","3,174.00",0.00,0.00,881,"1,499","1,199","1,049",850,2,0,"86,757",94.5
경기도,광주시,송정동,2035,"83,589.00","83,589.00","75,387.00",90.2,0.000,"11,958.00","11,958.00","9,020.00",0.00,"3,983.00","1,762.00","3,275.00",3.000,"64,111.00","64,111.00","63,086.00",0.00,"63,086.00",3.000,"7,520.00","7,520.00","3,281.00",754.00,"2,527.00",0.00,0.00,822,"1,481","1,185","1,037","1,055",1,0,"73,538",97.5
경기도,광주시,광남동,2035,"76,349.00","103,012.00","97,327.00",94.5,0.000,"11,434.00","11,434.00","5,749.00",0.00,"3,512.00",0.00,"2,237.00",3.000,"58,355.00","75,353.00","75,353.00",0.00,"75,353.00",3.000,"6,560.00","16,225.00","16,225.00",65.00,"16,160.00",0.00,0.00,753,"1,521","1,217","1,065",958,0,0,"95,254",97.9
경기도,양주시,소계,,"386,371.30","921,603.00","742,853.30",80.6,0.000,0.00,"294,679.90","294,679.90","6,986.70","257,940.60",963.10,"28,789.50",56.800,178.70,"240,730.50","240,730.50",0.00,"240,730.50",56.800,"386,192.60","386,192.60","207,442.90","11,346.90","177,334.50",11.50,"18,750.00","2,272","9,137","4,265","7,613","7,613",68,0,"742,853",100.0
경기도,양주시,백석읍,2035,"58,789.90","123,825.50","84,945.80",68.6,0.000,0.00,"44,163.40","44,163.40",783.20,"38,822.20",0.00,"4,558.00",11.600,38.90,"20,911.10","20,911.10",0.00,"20,911.10",11.600,"58,751.00","58,751.00","19,871.30","1,811.70","17,633.00",11.50,415.10,589,788,444,509,509,12,0,"84,946",100.0
경기도,양주시,은현면,2035,"42,074.20","107,665.30","78,243.30",72.7,0.000,0.00,"47,777.90","47,777.90","2,377.50","36,242.10",0.00,"9,158.30",4.700,29.40,"17,842.60","17,842.60",0.00,"17,842.60",4.700,"42,044.80","42,044.80","12,622.80",23.30,"11,493.10",0.00,"1,106.40",238,"1,027",325,465,465,10,0,"78,243",100.0
경기도,양주시,남면,2035,"63,634.20","118,402.20","73,015.30",61.7,0.000,0.00,"31,521.60","31,521.60",218.90,"23,672.30",0.00,"7,630.40",7.200,45.40,"23,291.80","23,291.80",0.00,"23,291.80",7.200,"63,588.80","63,588.80","18,201.90","1,432.40","15,518.40",0.00,"1,251.10",226,867,379,362,362,15,0,"73,015",100.0
경기도,양주시,광적면,2035,"52,530.50","109,739.20","68,118.10",62.1,0.000,0.00,"36,186.00","36,186.00",512.80,"33,619.80",0.00,"2,053.40",9.300,41.60,"21,064.30","21,064.30",0.00,"21,064.30",9.300,"52,488.90","52,488.90","10,867.80",166.80,"10,252.00",0.00,449.00,436,704,242,366,366,12,0,"68,118",100.0
경기도,양주시,장흥면,2035,"43,332.20","116,638.90","107,916.90",92.5,0.000,0.00,"35,140.30","35,140.30",808.00,"33,354.90",0.00,977.40,9.600,8.70,"38,175.10","38,175.10",0.00,"38,175.10",9.600,"43,323.50","43,323.50","34,601.50","1,028.70","27,553.80",0.00,"6,019.00",184,"1,538",597,"1,345","1,345",0,0,"107,917",100.0
경기도,양주시,양주1동,2035,"25,798.90","71,552.10","61,094.10",85.4,0.000,0.00,"26,575.90","26,575.90","1,026.20","24,574.90",963.10,11.70,3.000,10.50,"19,187.80","19,187.80",0.00,"19,187.80",3.000,"25,788.40","25,788.40","15,330.40",478.60,"12,612.60",0.00,"2,239.20",180,732,285,773,773,3,0,"61,094",100.0
경기도,양주시,양주2동,2035,"38,660.70","74,762.90","73,222.50",97.9,0.000,0.00,"9,105.00","9,105.00",80.20,"9,024.80",0.00,0.00,4.100,1.50,"26,998.70","26,998.70",0.00,"26,998.70",4.100,"38,659.20","38,659.20","37,118.80","2,624.40","30,813.90",0.00,"3,680.50",47,863,731,788,788,4,0,"73,223",100.0
경기도,양주시,회천1동,2035,"23,046.50","59,719.10","59,240.30",99.2,0.000,0.00,"17,686.20","17,686.20",613.30,"15,901.10",0.00,"1,171.80",1.300,0.50,"18,986.90","18,986.90",0.00,"18,986.90",1.300,"23,046.00","23,046.00","22,567.20",742.10,"21,151.60",0.00,673.50,148,690,541,917,917,3,0,"59,240",100.0
경기도,양주시,회천2동,2035,"28,527.90","75,047.70","73,274.70",97.6,0.000,0.00,"14,108.10","14,108.10",543.80,"13,544.50",0.00,19.80,3.200,1.80,"32,413.50","32,413.50",0.00,"32,413.50",3.200,"28,526.10","28,526.10","26,753.10",842.40,"23,758.70",0.00,"2,152.00",126,991,575,"1,489","1,489",3,0,"73,275",100.0
경기도,양주시,회천3동,2035,"8,308.20","22,742.80","22,297.00",98.0,0.000,0.00,"5,609.50","5,609.50",0.00,"5,609.50",0.00,0.00,1.500,0.40,"8,825.50","8,825.50",0.00,"8,825.50",1.500,"8,307.80","8,307.80","7,862.00","2,196.50","5,090.00",0.00,575.50,25,295,116,439,439,3,0,"22,297",100.0
경기도,양주시,회천4동,2035,"1,668.10","41,507.30","41,485.30",99.9,0.000,0.00,"26,806.00","26,806.00",22.80,"23,574.50",0.00,"3,208.70",1.300,0.00,"13,033.20","13,033.20",0.00,"13,033.20",1.300,"1,668.10","1,668.10","1,646.10",0.00,"1,457.40",0.00,188.70,73,642,30,160,160,3,0,"41,485",100.0
경기도,포천시,소계,,"1,807,633.00","1,884,726.00","1,376,652.00",73.0,7.300,"309,837.00","371,340.00","371,117.00","15,648.00","262,750.00","69,591.00","23,128.00",72.500,"917,159.00","917,159.00","520,380.00",0.00,"520,380.00",72.500,"580,637.00","596,227.00","485,155.00","25,266.00","373,351.00","36,602.00","49,936.00","7,946","11,141","8,535","57,729","57,729",32,385,"1,238,424",90.0
경기도,포천시,소흘읍,2030,"296,802.00","308,272.00","203,236.00",65.9,2.300,"37,502.00","48,972.00","48,972.00","3,282.00","41,440.00","2,425.00","1,825.00",11.200,"174,335.00","174,335.00","83,874.00",0.00,"83,874.00",11.200,"84,965.00","84,965.00","70,390.00","5,448.00","58,304.00","4,089.00","2,549.00","1,048","1,796","1,365","14,545","14,545",8,57,"178,848",88.0
경기도,포천시,군내면,2030,"127,536.00","127,536.00","101,226.00",79.4,0.000,"28,378.00","28,378.00","28,378.00",355.00,"21,143.00","5,613.00","1,267.00",4.700,"50,066.00","50,066.00","24,411.00",0.00,"24,411.00",4.700,"49,092.00","49,092.00","48,437.00","3,813.00","40,644.00",338.00,"3,642.00",608,523,952,"1,833","1,833",0,29,"101,226",100.0
경기도,포천시,내촌면,2030,"189,099.00","201,869.00","99,352.00",49.2,0.000,"15,939.00","28,709.00","28,709.00",569.00,"24,194.00","2,569.00","1,377.00",5.800,"92,386.00","92,386.00","36,030.00",0.00,"36,030.00",5.800,"80,774.00","80,774.00","34,613.00",882.00,"29,672.00","1,499.00","2,560.00",615,771,654,"1,959","1,959",0,57,"99,352",100.0
경기도,포천시,가산면,2030,"189,108.00","189,108.00","123,920.00",65.5,0.000,"46,951.00","46,951.00","46,951.00",868.00,"42,172.00","2,141.00","1,770.00",6.900,"87,670.00","87,670.00","35,529.00",0.00,"35,529.00",6.900,"54,487.00","54,487.00","41,440.00","1,983.00","27,863.00","3,955.00","7,639.00","1,005",761,639,"3,258","3,258",0,27,"91,081",73.5
경기도,포천시,신북면,2030,"129,799.00","158,625.00","127,343.00",80.3,0.000,"21,434.00","46,844.00","46,844.00","2,223.00","34,926.00","5,519.00","4,176.00",7.400,"85,222.00","85,222.00","53,940.00",0.00,"53,940.00",7.400,"23,143.00","26,559.00","26,559.00","1,454.00","19,359.00","3,308.00","2,438.00","1,003","1,155",446,"10,466","10,466",0,48,"124,796",98.0
경기도,포천시,창수면,2030,"42,761.00","42,761.00","31,011.00",72.5,0.300,"15,645.00","15,645.00","15,644.00",756.00,"9,024.00","5,639.00",225.00,1.100,"16,331.00","16,331.00","4,588.00",0.00,"4,588.00",1.100,"10,785.00","10,785.00","10,779.00",234.00,"9,288.00",154.00,"1,103.00",335,98,204,68,68,0,1,"17,459",56.3
경기도,포천시,영중면,2030,"104,697.00","111,197.00","91,998.00",82.7,3.200,"18,031.00","24,531.00","24,531.00","1,281.00","15,520.00","5,620.00","2,110.00",0.000,"49,712.00","49,712.00","34,067.00",0.00,"34,067.00",0.000,"36,954.00","36,954.00","33,400.00","1,795.00","19,181.00","6,722.00","5,702.00",525,729,449,"1,596","1,596",5,32,"91,998",100.0
경기도,포천시,일동면,2030,"115,364.00","115,364.00","86,193.00",74.7,0.000,"7,365.00","7,365.00","7,365.00",468.00,"3,069.00","3,531.00",297.00,5.300,"67,519.00","67,519.00","43,599.00",0.00,"43,599.00",5.300,"40,480.00","40,480.00","35,229.00","1,389.00","27,484.00","3,684.00","2,672.00",158,933,618,"4,429","4,429",0,37,"86,193",100.0
경기도,포천시,이동면,2030,"143,417.00","143,417.00","115,340.00",80.4,0.000,"2,705.00","2,705.00","2,705.00",72.00,773.00,760.00,"1,100.00",10.000,"75,280.00","75,280.00","60,070.00",0.00,"60,070.00",10.000,"65,432.00","65,432.00","52,565.00","2,452.00","31,093.00","4,846.00","14,174.00",58,"1,286",718,"3,246","3,246",0,38,"107,843",93.5
경기도,포천시,영북면,2030,"123,898.00","129,029.00","118,000.00",91.5,0.100,"41,795.00","46,926.00","46,926.00","2,208.00","28,164.00","13,705.00","2,849.00",6.100,"53,362.00","53,362.00","48,913.00",0.00,"48,913.00",6.100,"28,741.00","28,741.00","22,161.00","2,208.00","15,046.00","2,723.00","2,184.00","1,005","1,047",369,"3,576","3,576",1,13,"83,780",71.0
경기도,포천시,관인면,2030,"62,324.00","62,324.00","50,296.00",80.7,0.000,"10,531.00","10,531.00","10,531.00",18.00,"1,000.00","8,181.00","1,332.00",1.300,"20,356.00","20,356.00","16,393.00",0.00,"16,393.00",1.300,"31,437.00","31,437.00","23,372.00","1,650.00","17,259.00","3,350.00","1,113.00",225,351,405,"1,201","1,201",0,16,"50,296",100.0
경기도,포천시,화현면,2030,"41,953.00","41,953.00","17,743.00",42.3,0.000,"16,601.00","16,601.00","16,379.00",239.00,"10,229.00","5,634.00",277.00,0.300,"24,083.00","24,083.00",406.00,0.00,406.00,0.300,"1,269.00","1,269.00",958.00,649.00,309.00,0.00,0.00,351,9,21,0,0,0,0,"17,743",100.0
경기도,포천시,포천동,2030,"134,757.00","141,772.00","116,282.00",82.0,1.400,"15,373.00","15,373.00","15,373.00","2,367.00","7,282.00","2,395.00","3,329.00",7.300,"69,236.00","69,236.00","43,746.00",0.00,"43,746.00",7.300,"50,148.00","57,163.00","57,163.00",164.00,"52,380.00","1,934.00","2,685.00",329,937,"1,125","10,827","10,827",10,22,"108,724",93.5
경기도,포천시,선단동,2030,"106,118.00","111,499.00","94,712.00",84.9,0.000,"31,587.00","31,809.00","31,809.00",942.00,"23,814.00","5,859.00","1,194.00",5.100,"51,601.00","51,601.00","34,814.00",0.00,"34,814.00",5.100,"22,930.00","28,089.00","28,089.00","1,145.00","25,469.00",0.00,"1,475.00",681,745,570,725,725,8,8,"79,085",83.5
경기도,여주시,소계,,"702,324.50","758,264.40","517,645.00",68.3,0.000,0.00,"6,143.00","6,143.00","6,143.00",0.00,0.00,0.00,11.944,"624,127.30","640,262.00","402,888.00","402,888.00",0.00,11.944,"78,197.20","111,859.40","108,614.00","8,490.00","87,748.00","3,318.00","9,058.00",127,"6,527","1,581","12,516",0,10,10,"402,888",77.8
경기도,여주시,가남읍,2020,"81,345.00","91,909.00","91,909.00",100.0,0.000,0.00,"1,364.00","1,364.00","1,364.00",0.00,0.00,0.00,1.642,"70,389.00","72,691.00","72,691.00","72,691.00",0.00,1.642,"10,956.00","17,854.00","17,854.00","2,056.00","14,088.00",300.00,"1,410.00",28,723,175,"1,118",0,0,0,"72,691",79.1
경기도,여주시,점동면,2020,"43,104.00","47,222.00","32,016.00",67.8,0.000,0.00,0.00,0.00,0.00,0.00,0.00,0.00,0.530,"42,836.00","42,836.00","27,630.00","27,630.00",0.00,0.530,268.00,"4,386.00","4,386.00",0.00,"4,386.00",0.00,0.00,0,261,63,657,0,0,0,"27,630",86.3
경기도,여주시,흥천면,2020,"62,616.40","62,616.40","32,980.00",52.7,0.000,0.00,0.00,0.00,0.00,0.00,0.00,0.00,0.781,"60,610.00","60,610.00","31,151.00","31,151.00",0.00,0.781,"2,006.40","2,006.40","1,829.00",53.00,"1,776.00",0.00,0.00,0,336,81,962,0,0,0,"31,151",94.5
경기도,여주시,금사면,2020,"58,671.00","58,826.00","39,315.00",66.8,0.000,0.00,155.00,155.00,155.00,0.00,0.00,0.00,0.713,"50,092.00","50,092.00","30,581.00","30,581.00",0.00,0.713,"8,579.00","8,579.00","8,579.00","1,294.00","5,087.00",725.00,"1,473.00",3,687,166,764,0,0,0,"30,581",77.8
경기도,여주시,능서면,2020,"68,116.00","68,188.00","23,485.00",34.4,0.000,0.00,72.00,72.00,72.00,0.00,0.00,0.00,0.659,"65,504.00","65,504.00","20,954.00","20,954.00",0.00,0.659,"2,612.00","2,612.00","2,459.00",382.00,"1,550.00",0.00,527.00,2,116,28,768,0,0,0,"20,954",89.2
경기도,여주시,대신면,2020,"75,923.00","75,923.00","41,100.00",54.1,0.000,0.00,0.00,0.00,0.00,0.00,0.00,0.00,1.071,"65,934.00","65,934.00","34,026.00","34,026.00",0.00,1.071,"9,989.00","9,989.00","7,074.00",713.00,"5,450.00",330.00,581.00,0,678,164,"1,396",0,0,0,"34,026",82.8
경기도,여주시,북내면,2020,"59,981.00","63,249.00","25,364.00",40.1,0.000,0.00,"3,268.00","3,268.00","3,268.00",0.00,0.00,0.00,0.408,"58,706.00","58,706.00","20,821.00","20,821.00",0.00,0.408,"1,275.00","1,275.00","1,275.00",0.00,226.00,150.00,899.00,66,837,203,470,0,0,0,"20,821",82.1
경기도,여주시,강천면,2020,"43,856.00","43,856.00","21,518.00",49.1,0.000,0.00,0.00,0.00,0.00,0.00,0.00,0.00,0.816,"42,914.00","42,914.00","20,576.00","20,576.00",0.00,0.816,942.00,942.00,942.00,0.00,192.00,750.00,0.00,0,97,24,575,0,0,0,"20,576",95.6
경기도,여주시,산북면,2020,"53,570.00","54,339.00","31,498.00",58.0,0.000,0.00,749.00,749.00,749.00,0.00,0.00,0.00,0.527,"46,311.00","46,311.00","23,470.00","23,470.00",0.00,0.527,"7,259.00","7,279.00","7,279.00",860.00,"5,660.00",115.00,644.00,15,479,116,619,0,0,0,"23,470",74.5
경기도,여주시,여흥동,2020,"44,765.00","59,614.00","45,938.00",77.1,0.000,0.00,112.00,112.00,112.00,0.00,0.00,0.00,2.761,"37,560.00","37,560.00","23,884.00","23,884.00",0.00,2.761,"7,205.00","21,942.00","21,942.00",658.00,"20,345.00",199.00,740.00,3,485,118,"1,354",0,2,2,"23,884",52.0
경기도,여주시,중앙동,2020,"69,858.90","79,197.00","79,197.00",100.0,0.000,0.00,268.00,268.00,268.00,0.00,0.00,0.00,1.378,"52,703.30","59,556.00","59,556.00","59,556.00",0.00,1.378,"17,155.60","19,373.00","19,373.00","1,566.00","15,571.00",474.00,"1,762.00",6,"1,157",280,"2,379",0,5,5,"59,556",75.2
경기도,여주시,오학동,2020,"40,518.20","53,325.00","53,325.00",100.0,0.000,0.00,155.00,155.00,155.00,0.00,0.00,0.00,0.658,"30,568.00","37,548.00","37,548.00","37,548.00",0.00,0.658,"9,950.20","15,622.00","15,622.00",908.00,"13,417.00",275.00,"1,022.00",4,671,163,"1,454",0,3,3,"37,548",70.4
경기도,군부,합계,,"2,464,849.00","2,506,276.00","1,839,032.00",73.4,686.900,"288,121.00","288,121.00","242,286.00","20,713.00","150,950.00","70,623.00",0.00,139.740,"1,769,177.00","1,798,281.00","1,377,540.00",0.00,"1,377,540.00",482.360,"407,551.00","419,874.00","219,206.00","17,475.00","186,225.00","11,385.00","4,121.00","10,525","36,395","10,545","44,324","73,581",53,238,"1,423,677",77.4
경기도,연천군,소계,,"728,166.00","755,920.00","579,275.00",76.6,669.000,"206,721.00","206,721.00","199,286.00","18,073.00","110,590.00","70,623.00",0.00,28.300,"372,625.00","398,395.00","300,188.00",0.00,"300,188.00",26.900,"148,820.00","150,804.00","79,801.00",260.00,"79,248.00",293.00,0.00,"10,525","8,054","7,464","13,689","72,489",21,2,"254,098",43.9
경기도,연천군,연천읍,2035,"147,124.00","147,124.00","111,724.00",75.9,82.800,"35,931.00","35,931.00","28,496.00","5,178.00","12,193.00","11,125.00",0.00,5.100,"71,103.00","71,103.00","61,942.00",0.00,"61,942.00",5.100,"40,090.00","40,090.00","21,286.00",0.00,"20,993.00",293.00,0.00,"1,220","1,285",828,"3,003","9,808",6,0,"75,834",67.9
경기도,연천군,전곡읍,2035,"173,078.00","173,078.00","118,604.00",68.5,49.200,"45,454.00","45,454.00","45,454.00","3,262.00","33,747.00","8,445.00",0.00,6.000,"92,094.00","92,094.00","51,950.00",0.00,"51,950.00",6.000,"35,530.00","35,530.00","21,200.00",0.00,"21,200.00",0.00,0.00,"2,763","1,546","2,052","5,048","11,538",9,0,"73,046",61.6
경기도,연천군,군남면,2035,"87,259.00","87,259.00","58,706.00",67.3,42.000,"21,758.00","21,758.00","21,758.00","1,789.00","13,376.00","6,593.00",0.00,5.000,"53,421.00","53,421.00","34,373.00",0.00,"34,373.00",3.600,"12,080.00","12,080.00","2,575.00",0.00,"2,575.00",0.00,0.00,"1,042",958,"1,156",737,"5,817",0,1,"18,196",31.0
경기도,연천군,청산면,2035,"74,474.00","77,025.00","70,474.00",91.5,40.500,"24,874.00","24,874.00","24,874.00","1,544.00","16,656.00","6,674.00",0.00,3.200,"37,200.00","39,751.00","39,751.00",0.00,"39,751.00",3.200,"12,400.00","12,400.00","5,849.00",260.00,"5,589.00",0.00,0.00,"2,502",979,943,"1,653","4,964",0,0,"29,925",42.5
경기도,연천군,백학면,2035,"67,201.00","88,342.00","88,342.00",100.0,59.100,"23,417.00","23,417.00","23,417.00","2,067.00","11,358.00","9,992.00",0.00,2.300,"32,694.00","51,851.00","51,851.00",0.00,"51,851.00",2.300,"11,090.00","13,074.00","13,074.00",0.00,"13,074.00",0.00,0.00,"1,139","1,096","1,005","1,051","4,480",0,0,"15,499",17.5
경기도,연천군,미산면,2035,"35,319.00","35,319.00","27,156.00",76.9,39.900,"15,159.00","15,159.00","15,159.00",608.00,"5,344.00","9,207.00",0.00,1.400,"14,890.00","14,890.00","10,727.00",0.00,"10,727.00",1.400,"5,270.00","5,270.00","1,270.00",0.00,"1,270.00",0.00,0.00,375,341,449,333,"23,546",0,0,"10,305",37.9
경기도,연천군,왕징면,2035,"23,830.00","23,830.00","17,771.00",74.6,85.800,"10,524.00","10,524.00","10,524.00",903.00,"5,032.00","4,589.00",0.00,0.500,"6,506.00","6,506.00","5,337.00",0.00,"5,337.00",0.500,"6,800.00","6,800.00","1,910.00",0.00,"1,910.00",0.00,0.00,231,494,416,238,"1,588",0,0,"4,794",27.0
경기도,연천군,신서면,2035,"91,353.00","91,353.00","56,301.00",61.6,128.200,"15,556.00","15,556.00","15,556.00","1,955.00","6,710.00","6,891.00",0.00,3.800,"54,737.00","54,737.00","30,275.00",0.00,"30,275.00",3.800,"21,060.00","21,060.00","10,470.00",0.00,"10,470.00",0.00,0.00,808,854,489,"1,357","6,080",6,1,"19,558",34.7
경기도,연천군,중면,2035,"4,611.00","4,611.00","3,551.00",77.0,88.300,"1,771.00","1,771.00","1,771.00",254.00,449.00,"1,068.00",0.00,0.200,"1,840.00","1,840.00","1,780.00",0.00,"1,780.00",0.200,"1,000.00","1,000.00",0.00,0.00,0.00,0.00,0.00,56,26,68,0,"3,074",0,0,703,19.8
경기도,연천군,장남면,2035,"23,917.00","27,979.00","26,646.00",95.2,53.200,"12,277.00","12,277.00","12,277.00",513.00,"5,725.00","6,039.00",0.00,0.800,"8,140.00","12,202.00","12,202.00",0.00,"12,202.00",0.800,"3,500.00","3,500.00","2,167.00",0.00,"2,167.00",0.00,0.00,389,475,58,269,"1,594",0,0,"6,238",23.4
경기도,가평군,소계,,"727,092.00","737,431.00","522,443.00",70.8,0.000,0.00,0.00,0.00,0.00,0.00,0.00,0.00,48.940,"544,656.00","544,656.00","393,023.00",0.00,"393,023.00",455.460,"182,436.00","192,775.00","129,420.00","17,137.00","97,070.00","11,092.00","4,121.00",0,"10,411","3,081","10,606","1,092",0,193,"477,188",91.3
경기도,가평군,가평읍,2035,"183,827.00","183,827.00","170,965.00",93.0,0.000,0.00,0.00,0.00,0.00,0.00,0.00,0.00,12.940,"125,100.00","125,100.00","120,925.00",0.00,"120,925.00",80.120,"58,727.00","58,727.00","50,040.00","7,896.00","34,834.00","4,875.00","2,435.00",0,"3,020","1,448","4,643",444,0,63,"152,190",89.0
경기도,가평군,설악면,2035,"111,107.00","111,107.00","62,898.00",56.6,0.000,0.00,0.00,0.00,0.00,0.00,0.00,0.00,9.190,"84,979.00","84,979.00","52,685.00",0.00,"52,685.00",86.410,"26,128.00","26,128.00","10,213.00",463.00,"8,761.00",618.00,371.00,0,"2,366",222,"1,296",292,0,20,"62,874",100.0
경기도,가평군,청평면,2035,"155,894.00","155,894.00","123,757.00",79.4,0.000,0.00,0.00,0.00,0.00,0.00,0.00,0.00,10.400,"110,097.00","110,097.00","88,752.00",0.00,"88,752.00",169.100,"45,797.00","45,797.00","35,005.00","2,773.00","29,360.00","2,450.00",422.00,0,"1,736",798,"2,381",81,0,66,"122,671",99.1
경기도,가평군,상면,2035,"85,785.00","85,785.00","69,709.00",81.3,0.000,0.00,0.00,0.00,0.00,0.00,0.00,0.00,6.900,"62,439.00","62,439.00","62,439.00",0.00,"62,439.00",44.600,"23,346.00","23,346.00","7,270.00","1,476.00","5,076.00",533.00,185.00,0,"1,477",130,"1,005",153,0,23,"49,593",71.1
경기도,가평군,조종면,2035,"81,961.00","92,300.00","62,176.00",67.4,0.000,0.00,0.00,0.00,0.00,0.00,0.00,0.00,4.910,"71,519.00","71,519.00","41,395.00",0.00,"41,395.00",24.500,"10,442.00","20,781.00","20,781.00","3,611.00","14,981.00","1,683.00",506.00,0,"1,189",380,661,111,0,13,"57,853",93.0
경기도,가평군,북면,2035,"108,518.00","108,518.00","32,938.00",30.4,0.000,0.00,0.00,0.00,0.00,0.00,0.00,0.00,4.600,"90,522.00","90,522.00","26,827.00",0.00,"26,827.00",50.730,"17,996.00","17,996.00","6,111.00",918.00,"4,058.00",933.00,202.00,0,623,103,620,11,0,8,"32,007",97.2
경기도,양평군,소계,,"1,009,591.00","1,012,925.00","737,314.00",72.8,17.900,"81,400.00","81,400.00","43,000.00","2,640.00","40,360.00",0.00,0.00,62.500,"851,896.00","855,230.00","684,329.00",0.00,"684,329.00",0.000,"76,295.00","76,295.00","9,985.00",78.00,"9,907.00",0.00,0.00,0,"17,930",0,"20,029",0,32,43,"692,391",93.9
경기도,양평군,양평읍,2030,"179,523.00","179,523.00","149,093.00",83.0,6.600,"18,200.00","18,200.00","18,200.00","1,000.00","17,200.00",0.00,0.00,24.000,"151,323.00","151,323.00","127,550.00",0.00,"127,550.00",0.000,"10,000.00","10,000.00","3,343.00",46.00,"3,297.00",0.00,0.00,0,"3,938",0,"3,018",0,14,5,"149,093",100.0
경기도,양평군,강상면,2030,"98,840.00","98,840.00","56,864.00",57.5,0.000,0.00,0.00,0.00,0.00,0.00,0.00,0.00,5.000,"91,740.00","91,740.00","56,864.00",0.00,"56,864.00",0.000,"7,100.00","7,100.00",0.00,0.00,0.00,0.00,0.00,0,"1,162",0,894,0,0,2,"56,864",100.0
경기도,양평군,강하면,2030,"96,071.00","96,071.00","72,449.00",75.4,0.000,0.00,0.00,0.00,0.00,0.00,0.00,0.00,5.000,"88,371.00","88,371.00","72,449.00",0.00,"72,449.00",0.000,"7,700.00","7,700.00",0.00,0.00,0.00,0.00,0.00,0,"1,548",0,"1,078",0,0,3,"69,890",96.5
경기도,양평군,양서면,2030,"109,769.00","109,769.00","78,592.00",71.6,0.900,"14,800.00","14,800.00","14,800.00",580.00,"14,220.00",0.00,0.00,1.000,"82,590.00","82,590.00","63,792.00",0.00,"63,792.00",0.000,"12,379.00","12,379.00",0.00,0.00,0.00,0.00,0.00,0,761,0,"2,351",0,10,1,"78,592",100.0
경기도,양평군,옥천면,2030,"67,940.00","67,940.00","49,409.00",72.7,1.500,"9,800.00","9,800.00","3,200.00",490.00,"2,710.00",0.00,0.00,1.000,"52,140.00","52,140.00","44,453.00",0.00,"44,453.00",0.000,"6,000.00","6,000.00","1,756.00",32.00,"1,724.00",0.00,0.00,0,"1,308",0,"1,184",0,3,2,"49,409",100.0
경기도,양평군,서종면,2030,"63,042.00","63,042.00","35,895.00",56.9,0.000,0.00,0.00,0.00,0.00,0.00,0.00,0.00,5.300,"57,842.00","57,842.00","35,895.00",0.00,"35,895.00",0.000,"5,200.00","5,200.00",0.00,0.00,0.00,0.00,0.00,0,"1,192",0,"1,591",0,0,3,"35,895",100.0
경기도,양평군,단월면,2030,"62,962.00","64,748.00","55,248.00",85.3,2.200,"5,500.00","5,500.00",0.00,0.00,0.00,0.00,0.00,5.000,"53,462.00","55,248.00","55,248.00",0.00,"55,248.00",0.000,"4,000.00","4,000.00",0.00,0.00,0.00,0.00,0.00,0,"1,187",0,"1,304",0,0,3,"43,468",78.7
경기도,양평군,청운면,2030,"57,684.00","57,684.00","36,449.00",63.2,2.500,"5,800.00","5,800.00",0.00,0.00,0.00,0.00,0.00,4.000,"48,384.00","48,384.00","36,449.00",0.00,"36,449.00",0.000,"3,500.00","3,500.00",0.00,0.00,0.00,0.00,0.00,0,"1,179",0,"1,862",0,0,0,"35,200",96.6
경기도,양평군,양동면,2030,"66,580.00","68,128.00","57,528.00",84.4,0.000,"7,600.00","7,600.00",0.00,0.00,0.00,0.00,0.00,5.000,"55,980.00","57,528.00","57,528.00",0.00,"57,528.00",0.000,"3,000.00","3,000.00",0.00,0.00,0.00,0.00,0.00,0,870,0,"1,269",0,0,5,"45,720",79.5
경기도,양평군,지평면,2030,"69,546.00","69,546.00","32,567.00",46.8,0.500,"5,700.00","5,700.00",0.00,0.00,0.00,0.00,0.00,3.300,"56,846.00","56,846.00","32,567.00",0.00,"32,567.00",0.000,"7,000.00","7,000.00",0.00,0.00,0.00,0.00,0.00,0,"1,460",0,"1,380",0,0,7,"32,567",100.0
경기도,양평군,용문면,2030,"88,998.00","88,998.00","74,575.00",83.8,3.200,"8,400.00","8,400.00","6,800.00",570.00,"6,230.00",0.00,0.00,2.600,"74,598.00","74,598.00","67,305.00",0.00,"67,305.00",0.000,"6,000.00","6,000.00",470.00,0.00,470.00,0.00,0.00,0,"2,333",0,"3,368",0,5,4,"69,014",92.5
경기도,양평군,개군면,2030,"48,636.00","48,636.00","38,645.00",79.5,0.500,"5,600.00","5,600.00",0.00,0.00,0.00,0.00,0.00,1.300,"38,620.00","38,620.00","34,229.00",0.00,"34,229.00",0.000,"4,416.00","4,416.00","4,416.00",0.00,"4,416.00",0.00,0.00,0,992,0,730,0,0,8,"26,679",69.0
강원도,,합계,,"10,788,170.60","12,259,475.10","9,124,395.20",74.4,956.924,"2,605,538.30","3,094,011.80","1,966,950.60","177,453.63","1,428,220.97","129,349.00","231,927.00",433.890,"5,170,661.30","5,496,080.10","4,194,807.00","416,873.00","3,777,934.00","2,239.381","3,011,971.00","3,669,383.20","2,962,637.60","230,376.20","1,850,791.70","121,618.30","759,851.40","48,212","75,482","51,055","222,501","174,029",664,"3,758","6,542,233",71.7
강원도,시부,합계,,"6,797,299.10","7,932,288.30","5,496,650.10",69.3,78.424,"2,259,511.30","2,741,237.80","1,628,980.60","130,407.63","1,271,757.97","31,478.00","195,337.00",224.608,"2,538,294.40","2,765,850.20","2,029,970.80","177,250.00","1,852,720.80",249.271,"1,999,493.40","2,425,200.30","1,837,698.70","176,578.30","1,171,382.70","87,991.30","401,746.40","39,890","32,738","29,327","134,871","119,004",413,"2,661","4,212,235",76.6
강원도,춘천시,소계,,"1,360,197.80","1,858,636.50","1,210,861.40",65.1,0.000,0.00,"429,747.00","429,747.00","42,464.60","382,563.50","4,718.90",0.00,66.198,"660,150.70","727,426.40","498,480.00",0.00,"498,480.00",66.198,"700,047.10","701,463.10","282,634.40","14,354.90","130,526.00","46,830.70","90,922.80","7,878","9,150","5,189","25,132","16,407",95,159,"1,108,492",91.5
강원도,춘천시,신북읍,2035,"161,709.90","173,166.00","153,640.80",88.7,0.000,0.00,"11,456.10","11,456.10","1,771.80","8,280.30","1,404.00",0.00,7.644,"87,235.90","87,235.90","72,459.10",0.00,"72,459.10",7.644,"74,474.00","74,474.00","69,725.60",0.00,"7,177.00","24,103.40","38,445.20",210,"1,330","1,280","1,693","1,233",0,14,"110,043",71.6
강원도,춘천시,동면,2035,"81,687.80","98,168.70","91,441.20",93.1,0.000,0.00,"14,776.20","14,776.20",503.60,"14,272.60",0.00,0.00,6.904,"47,203.80","48,908.50","48,908.50",0.00,"48,908.50",6.904,"34,484.00","34,484.00","27,756.50",530.40,"9,478.50","9,495.70","8,251.90",271,898,509,893,622,15,26,"88,518",96.8
강원도,춘천시,동산면,2035,"9,040.00","9,040.00","7,334.20",81.1,0.000,0.00,0.00,0.00,0.00,0.00,0.00,0.00,0.558,"9,040.00","9,040.00","7,334.20",0.00,"7,334.20",0.558,0.00,0.00,0.00,0.00,0.00,0.00,0.00,0,135,0,68,83,0,15,"7,038",96.0
강원도,춘천시,신동면,2035,"45,984.60","50,435.50","35,545.50",70.5,0.000,0.00,"4,450.90","4,450.90",266.20,"3,733.60",451.10,0.00,3.018,"33,012.60","33,012.60","24,076.10",0.00,"24,076.10",3.018,"12,972.00","12,972.00","7,018.50",0.00,518.00,"1,996.40","4,504.10",81,442,129,509,348,0,20,"31,811",89.5
강원도,춘천시,남면,2035,"13,513.00","13,513.00","11,627.60",86.0,0.000,0.00,0.00,0.00,0.00,0.00,0.00,0.00,1.181,"13,513.00","13,513.00","11,627.60",0.00,"11,627.60",1.181,0.00,0.00,0.00,0.00,0.00,0.00,0.00,0,213,0,176,0,0,10,"11,252",96.8
강원도,춘천시,서면,2035,"77,901.70","92,789.90","43,937.70",47.4,0.000,0.00,"14,888.20","14,888.20",105.90,"14,782.30",0.00,0.00,5.703,"46,290.70","46,290.70","13,619.20",0.00,"13,619.20",5.703,"31,611.00","31,611.00","15,430.30",0.00,90.00,"6,584.10","8,756.20",273,250,283,40,94,0,3,"37,823",86.1
강원도,춘천시,사북면,2035,"24,373.00","25,572.20","16,081.80",62.9,0.000,0.00,0.00,0.00,0.00,0.00,0.00,0.00,1.759,"24,373.00","24,373.00","14,882.60",0.00,"14,882.60",1.759,0.00,"1,199.20","1,199.20",0.00,"1,199.20",0.00,0.00,0,273,22,303,0,0,6,"14,052",87.4
강원도,춘천시,북산면,2035,"2,290.00","2,290.00",0.00,0.0,0.000,0.00,0.00,0.00,0.00,0.00,0.00,0.00,0.000,"2,290.00","2,290.00",0.00,0.00,0.00,0.000,0.00,0.00,0.00,0.00,0.00,0.00,0.00,0,0,0,0,0,0,0,0,0.0
강원도,춘천시,동내면,2035,"94,277.30","102,148.50","59,912.60",58.7,0.000,0.00,"7,871.20","7,871.20","1,162.60","6,658.30",50.30,0.00,6.729,"64,486.30","64,486.30","34,102.30",0.00,"34,102.30",6.729,"29,791.00","29,791.00","17,939.10","1,275.80","11,246.80",849.10,"4,567.40",144,626,329,"1,568","1,731",6,9,"57,414",95.8
강원도,춘천시,남산면,2035,"59,944.70","63,771.20","42,629.60",66.8,0.000,0.00,"3,609.70","3,609.70",304.60,"2,876.50",428.60,0.00,5.502,"49,332.70","49,332.70","28,191.10",0.00,"28,191.10",5.502,"10,612.00","10,828.80","10,828.80",18.80,"3,677.40","1,019.00","6,113.60",66,517,199,61,216,0,8,"41,716",97.9
강원도,춘천시,교동,2035,"24,447.10","40,587.20","27,759.30",68.4,0.000,0.00,"12,392.90","12,392.90",815.30,"11,577.60",0.00,0.00,0.500,"11,027.80","14,775.00","14,775.00",0.00,"14,775.00",0.500,"13,419.30","13,419.30",591.40,0.00,277.00,0.00,314.40,227,271,11,"1,490",244,0,0,"24,421",88.0
강원도,춘천시,조운동,2035,"22,413.40","33,163.10","15,920.60",48.0,0.000,0.00,"10,749.70","10,749.70","1,502.90","9,246.80",0.00,0.00,0.320,"10,849.20","10,849.20","4,831.50",0.00,"4,831.50",0.320,"11,564.20","11,564.20",339.40,0.00,57.00,0.00,282.40,197,89,6,632,307,0,0,"15,666",98.4
강원도,춘천시,약사명동,2035,"36,440.30","56,198.20","34,022.00",60.5,0.000,0.00,"14,402.80","14,402.80","1,618.00","12,784.80",0.00,0.00,0.530,"12,365.10","17,720.20","17,720.20",0.00,"17,720.20",0.530,"24,075.20","24,075.20","1,899.00",589.00,207.00,0.00,"1,103.00",264,325,35,848,384,2,0,"30,750",90.4
강원도,춘천시,근화동,2035,"78,571.90","120,482.60","55,515.20",46.1,0.000,0.00,"41,910.70","41,910.70","8,836.40","31,880.00","1,194.30",0.00,3.320,"30,431.40","30,431.40","10,197.60",0.00,"10,197.60",3.320,"48,140.50","48,140.50","3,406.90",0.00,"1,930.90",250.20,"1,225.80",769,187,63,"1,094",964,5,2,"52,853",95.2
강원도,춘천시,소양동,2035,"49,217.10","75,034.50","44,929.10",59.9,0.000,0.00,"25,817.40","25,817.40","2,441.90","23,228.30",147.20,0.00,1.260,"19,909.60","19,909.60","15,623.00",0.00,"15,623.00",1.260,"29,307.50","29,307.50","3,488.70",0.00,812.50,36.10,"2,640.10",473,287,64,"1,664",474,4,0,"42,710",95.1
강원도,춘천시,후평1동,2035,"42,244.20","102,344.40","62,153.80",60.7,0.000,0.00,"41,137.70","41,137.70","3,610.80","37,193.80",333.10,0.00,1.710,205.00,"19,167.50","19,167.50",0.00,"19,167.50",1.710,"42,039.20","42,039.20","1,848.60",0.00,"1,490.00",0.00,358.60,755,352,34,"2,330","1,557",11,1,"60,971",98.1
강원도,춘천시,후평2동,2035,"18,558.40","49,972.50","31,777.40",63.6,0.000,0.00,"18,243.60","18,243.60",767.20,"17,476.40",0.00,0.00,0.690,0.00,"13,170.50","13,170.50",0.00,"13,170.50",0.690,"18,558.40","18,558.40",363.30,0.00,48.50,0.00,314.80,334,242,7,"1,045",652,0,0,"30,809",97.0
강원도,춘천시,후평3동,2035,"28,448.30","61,729.30","39,627.80",64.2,0.000,0.00,"22,154.40","22,154.40","1,054.40","21,100.00",0.00,0.00,1.260,"2,333.10","13,459.70","13,459.70",0.00,"13,459.70",1.260,"26,115.20","26,115.20","4,013.70",0.00,"3,812.70",0.00,201.00,406,247,74,"1,581","1,092",0,0,"38,773",97.8
강원도,춘천시,효자1동,2035,"32,971.90","47,295.00","19,711.70",41.7,0.000,0.00,"14,323.10","14,323.10","1,656.90","12,666.20",0.00,0.00,0.690,"17,000.60","17,000.60","3,349.90",0.00,"3,349.90",0.690,"15,971.30","15,971.30","2,038.70",0.00,"1,045.00",0.00,993.70,262,61,37,439,326,2,5,"19,122",97.0
강원도,춘천시,효자2동,2035,"67,396.60","124,383.70","81,152.60",65.2,0.000,0.00,"43,778.00","43,778.00","5,985.70","37,750.60",41.70,0.00,1.190,"21,287.50","34,496.60","34,496.60",0.00,"34,496.60",1.190,"46,109.10","46,109.10","2,878.00",310.00,"1,229.80",0.00,"1,338.20",803,633,53,"1,569","1,255",7,5,"78,013",96.1
강원도,춘천시,효자3동,2035,"24,778.00","38,369.60","23,836.70",62.1,0.000,0.00,"13,591.60","13,591.60","1,078.50","12,513.10",0.00,0.00,0.890,"10,395.60","10,395.60","9,743.70",0.00,"9,743.70",0.890,"14,382.40","14,382.40",501.40,332.00,2.80,0.00,166.60,249,179,9,867,400,1,0,"21,783",91.4
강원도,춘천시,석사동,2035,"72,961.60","85,774.70","71,569.10",83.4,0.000,0.00,"12,813.10","12,813.10","1,740.50","11,072.60",0.00,0.00,3.140,"27,315.40","27,315.40","27,128.10",0.00,"27,128.10",3.140,"45,646.20","45,646.20","31,627.90","3,478.50","26,777.40",0.00,"1,372.00",235,498,581,"2,469","1,795",2,8,"71,508",99.9
강원도,춘천시,퇴계동,2035,"76,510.30","96,149.30","74,526.60",77.5,0.000,0.00,"19,639.00","19,639.00","1,488.00","17,870.30",280.70,0.00,2.940,"28,307.30","28,307.30","25,706.70",0.00,"25,706.70",2.940,"48,203.00","48,203.00","29,180.90","3,302.40","24,680.10",341.20,857.20,360,472,536,"1,366",995,9,18,"74,436",99.9
강원도,춘천시,강남동,2035,"85,645.40","115,029.30","78,829.80",68.5,0.000,0.00,"29,383.90","29,383.90","3,944.60","25,305.00",134.30,0.00,3.340,"27,616.60","27,616.60","22,098.00",0.00,"22,098.00",3.340,"58,028.80","58,028.80","27,347.90","3,256.20","18,521.00","1,386.00","4,184.70",539,406,502,"1,427",131,7,7,"78,346",99.4
강원도,춘천시,신사우동,2035,"128,871.30","181,228.10","87,378.70",48.2,0.000,0.00,"52,356.80","52,356.80","1,808.80","50,294.40",253.60,0.00,5.420,"64,328.50","64,328.50","11,811.30",0.00,"11,811.30",5.420,"64,542.80","64,542.80","23,210.60","1,261.80","16,247.40",769.50,"4,931.90",960,217,426,"1,000","1,504",24,2,"68,664",78.6
강원도,원주시,소계,,"2,194,163.00","2,200,400.00","1,136,589.00",51.7,39.400,"914,968.00","914,968.00","59,293.00","9,245.00","44,656.00",0.00,"5,392.00",73.900,"744,874.00","751,111.00","592,750.00","176,698.00","416,052.00",55.500,"534,321.00","534,321.00","484,546.00","97,238.00","347,129.00","23,598.00","16,581.00","10,164","7,409","7,361","55,193","55,193",66,369,"643,210",56.6
강원도,원주시,문막읍,2025,"124,174.00","124,174.00","98,702.00",79.5,0.000,0.00,0.00,0.00,0.00,0.00,0.00,0.00,7.500,"73,618.00","73,618.00","55,545.00","55,545.00",0.00,4.900,"50,556.00","50,556.00","43,157.00","28,980.00","3,210.00","9,049.00","1,918.00","1,913",0,0,"3,623","3,623",0,59,"28,140",28.5
강원도,원주시,소초면,2025,"28,860.00","28,860.00","18,021.00",62.4,0.200,"2,383.00","2,383.00","2,383.00","1,156.00",241.00,0.00,986.00,2.100,"25,835.00","25,835.00","14,996.00","14,996.00",0.00,0.100,642.00,642.00,642.00,564.00,0.00,0.00,78.00,0,0,0,0,0,0,0,"3,973",22.0
강원도,원주시,호저면,2025,"9,047.00","9,047.00","1,219.00",13.5,0.000,0.00,0.00,0.00,0.00,0.00,0.00,0.00,0.900,"9,047.00","9,047.00","1,219.00","1,219.00",0.00,0.000,0.00,0.00,0.00,0.00,0.00,0.00,0.00,0,0,0,0,0,0,0,0,0.0
강원도,원주시,지정면,2025,"29,709.00","29,709.00","10,572.00",35.6,0.000,0.00,0.00,0.00,0.00,0.00,0.00,0.00,2.900,"29,709.00","29,709.00","10,572.00","10,572.00",0.00,0.000,0.00,0.00,0.00,0.00,0.00,0.00,0.00,0,0,0,0,0,0,0,660,6.2
강원도,원주시,부론면,2025,"17,200.00","17,200.00","5,914.00",34.4,0.000,0.00,0.00,0.00,0.00,0.00,0.00,0.00,1.700,"17,200.00","17,200.00","5,914.00","5,914.00",0.00,0.000,0.00,0.00,0.00,0.00,0.00,0.00,0.00,0,0,0,0,0,0,0,"3,336",56.4
강원도,원주시,귀래면,2025,"29,551.00","29,551.00","6,919.00",23.4,0.000,0.00,0.00,0.00,0.00,0.00,0.00,0.00,3.000,"29,551.00","29,551.00","6,919.00","6,919.00",0.00,0.000,0.00,0.00,0.00,0.00,0.00,0.00,0.00,0,0,0,0,0,0,0,"5,076",73.4
강원도,원주시,흥업면,2025,"116,011.00","116,011.00","86,574.00",74.6,0.000,0.00,0.00,0.00,0.00,0.00,0.00,0.00,7.200,"75,705.00","75,705.00","46,269.00","46,269.00",0.00,3.500,"40,306.00","40,306.00","40,305.00","22,175.00","3,926.00","11,791.00","2,413.00","1,756",0,0,"3,948","3,948",0,92,"27,736",32.0
강원도,원주시,판부면,2025,"15,016.00","15,016.00","14,058.00",93.6,0.000,0.00,0.00,0.00,0.00,0.00,0.00,0.00,1.200,"15,016.00","15,016.00","14,058.00","14,058.00",0.00,0.000,0.00,0.00,0.00,0.00,0.00,0.00,0.00,22,0,0,24,24,0,0,"6,959",49.5
강원도,원주시,신림면,2025,"21,704.00","27,941.00","27,939.00",100.0,0.000,0.00,0.00,0.00,0.00,0.00,0.00,0.00,1.200,"14,161.00","20,398.00","20,398.00","20,398.00",0.00,0.800,"7,543.00","7,543.00","7,541.00","4,477.00",106.00,"2,683.00",275.00,142,0,0,89,89,0,0,"9,769",35.0
강원도,원주시,중앙동,2025,"19,220.00","19,220.00","8,978.00",46.7,0.400,"9,920.00","9,920.00",617.00,88.00,482.00,0.00,47.00,0.500,"4,569.00","4,569.00","4,092.00",8.00,"4,084.00",0.500,"4,731.00","4,731.00","4,269.00",446.00,"3,694.00",0.00,129.00,68,80,80,516,516,0,0,"6,061",67.5
강원도,원주시,원인동,2025,"38,073.00","38,073.00","17,790.00",46.7,0.800,"19,650.00","19,650.00","1,225.00",174.00,956.00,0.00,95.00,1.000,"9,051.00","9,051.00","8,107.00",17.00,"8,090.00",1.000,"9,372.00","9,372.00","8,458.00",883.00,"7,318.00",1.00,256.00,136,159,158,"1,023","1,023",0,0,"12,005",67.5
강원도,원주시,개운동,2025,"89,355.00","89,355.00","41,758.00",46.7,2.000,"46,116.00","46,116.00","2,876.00",409.00,"2,244.00",0.00,223.00,2.300,"21,243.00","21,243.00","19,028.00",41.00,"18,987.00",2.300,"21,996.00","21,996.00","19,854.00","2,074.00","17,175.00",4.00,601.00,320,374,372,"2,401","2,401",7,33,"28,175",67.5
강원도,원주시,명륜1동,2025,"61,765.00","61,765.00","28,862.00",46.7,1.300,"31,877.00","31,877.00","1,987.00",282.00,"1,551.00",0.00,154.00,1.600,"14,684.00","14,684.00","13,153.00",28.00,"13,125.00",1.600,"15,204.00","15,204.00","13,722.00","1,433.00","11,872.00",2.00,415.00,221,259,257,"1,659","1,659",0,0,"19,476",67.5
강원도,원주시,명륜2동,2025,"109,545.00","109,545.00","51,196.00",46.7,2.400,"56,536.00","56,536.00","3,526.00",501.00,"2,752.00",0.00,273.00,2.900,"26,043.00","26,043.00","23,328.00",50.00,"23,278.00",2.900,"26,966.00","26,966.00","24,342.00","2,543.00","21,057.00",5.00,737.00,392,459,456,"2,943","2,943",0,0,"34,542",67.5
강원도,원주시,단구동,2025,"296,537.00","296,537.00","147,451.00",49.7,6.500,"149,473.00","149,473.00","9,324.00","1,326.00","7,276.00",0.00,722.00,7.600,"75,770.00","75,770.00","73,770.00",133.00,"73,637.00",7.600,"71,294.00","71,294.00","64,357.00","6,723.00","55,671.00",13.00,"1,950.00","1,037","1,214","1,206","7,782","7,782",8,21,"91,323",61.9
강원도,원주시,일산동,2025,"54,788.00","54,788.00","25,601.00",46.7,1.200,"28,276.00","28,276.00","1,762.00",250.00,"1,376.00",0.00,136.00,1.400,"13,025.00","13,025.00","11,667.00",25.00,"11,642.00",1.400,"13,487.00","13,487.00","12,172.00","1,271.00","10,531.00",2.00,368.00,196,229,228,"1,472","1,472",0,0,"17,276",67.5
강원도,원주시,학성동,2025,"34,678.00","34,678.00","16,204.00",46.7,0.700,"17,898.00","17,898.00","1,115.00",158.00,871.00,0.00,86.00,0.900,"8,244.00","8,244.00","7,384.00",15.00,"7,369.00",0.900,"8,536.00","8,536.00","7,705.00",805.00,"6,666.00",1.00,233.00,124,145,144,931,931,0,0,"10,935",67.5
강원도,원주시,단계동,2025,"158,815.00","158,815.00","74,222.00",46.7,3.500,"81,964.00","81,964.00","5,112.00",727.00,"3,989.00",0.00,396.00,4.200,"37,756.00","37,756.00","33,820.00",73.00,"33,747.00",4.200,"39,095.00","39,095.00","35,290.00","3,687.00","30,527.00",7.00,"1,069.00",569,666,661,"4,267","4,267",2,2,"50,078",67.5
강원도,원주시,우산동,2025,"93,553.00","93,553.00","43,721.00",46.7,2.100,"48,283.00","48,283.00","3,011.00",428.00,"2,350.00",0.00,233.00,2.400,"22,241.00","22,241.00","19,923.00",43.00,"19,880.00",2.400,"23,029.00","23,029.00","20,787.00","2,171.00","17,983.00",4.00,629.00,335,392,389,"2,514","2,514",11,65,"29,499",67.5
강원도,원주시,태장1동,2025,"67,667.00","67,667.00","31,623.00",46.7,1.500,"34,923.00","34,923.00","2,177.00",309.00,"1,700.00",0.00,168.00,1.700,"16,087.00","16,087.00","14,410.00",31.00,"14,379.00",1.700,"16,657.00","16,657.00","15,036.00","1,571.00","13,007.00",3.00,455.00,242,283,281,"1,818","1,818",15,43,"21,337",67.5
강원도,원주시,태장2동,2025,"155,262.00","155,262.00","72,562.00",46.7,3.500,"80,131.00","80,131.00","4,997.00",710.00,"3,900.00",0.00,387.00,4.100,"36,911.00","36,911.00","33,064.00",71.00,"32,993.00",4.100,"38,220.00","38,220.00","34,501.00","3,604.00","29,845.00",7.00,"1,045.00",556,651,647,"4,172","4,172",14,45,"48,958",67.5
강원도,원주시,봉산동,2025,"87,176.00","87,176.00","55,991.00",64.2,1.300,"30,673.00","30,673.00","1,913.00",272.00,"1,493.00",0.00,148.00,1.500,"41,873.00","41,873.00","40,873.00",27.00,"40,846.00",1.500,"14,630.00","14,630.00","13,205.00","1,379.00","11,424.00",2.00,400.00,213,249,247,"1,597","1,597",9,9,"18,740",33.5
강원도,원주시,행구동,2025,"51,381.00","51,381.00","24,009.00",46.7,1.100,"26,518.00","26,518.00","1,653.00",235.00,"1,290.00",0.00,128.00,1.300,"12,215.00","12,215.00","10,941.00",23.00,"10,918.00",1.300,"12,648.00","12,648.00","11,415.00","1,192.00","9,876.00",2.00,345.00,184,215,214,"1,380","1,380",0,0,"16,201",67.5
강원도,원주시,무실동,2025,"226,125.00","226,125.00","105,681.00",46.7,5.100,"116,703.00","116,703.00","7,279.00","1,035.00","5,680.00",0.00,564.00,6.000,"53,758.00","53,758.00","48,155.00",104.00,"48,051.00",6.000,"55,664.00","55,664.00","50,247.00","5,249.00","43,466.00",10.00,"1,522.00",810,948,942,"6,076","6,076",0,0,"71,302",67.5
강원도,원주시,반곡관설동,2025,"258,951.00","258,951.00","121,022.00",46.7,5.800,"133,644.00","133,644.00","8,336.00","1,185.00","6,505.00",0.00,646.00,6.800,"61,562.00","61,562.00","55,145.00",119.00,"55,026.00",6.800,"63,745.00","63,745.00","57,541.00","6,011.00","49,775.00",12.00,"1,743.00",928,"1,086","1,079","6,958","6,958",0,0,"81,653",67.5
강원도,강릉시,소계,,"1,344,656.30","1,375,779.10","1,087,699.00",79.1,1.200,"391,325.30","410,046.00","384,495.00","51,735.23","332,759.77",0.00,0.00,28.100,"449,723.70","458,386.40","300,072.10",552.00,"299,520.10",10.600,"503,607.30","507,346.70","403,131.90","25,750.00","270,095.00","13,196.00","94,090.90","8,786","6,230","7,537","21,897","4,508",15,663,"1,076,674",99.0
강원도,강릉시,주문진읍,2030,"302,980.00","302,980.00","116,552.00",38.5,1.200,"96,526.00","96,526.00","73,370.00","10,362.00","63,008.00",0.00,0.00,3.300,"119,372.00","119,372.00","22,483.00",0.00,"22,483.00",5.200,"87,082.00","87,082.00","20,699.00",51.00,"11,180.00","1,064.00","8,404.00","1,559",411,509,"2,392",471,0,132,"115,048",98.7
강원도,강릉시,성산면,2030,"45,905.10","46,304.10","42,662.00",92.1,0.000,"5,084.50","5,084.50","2,690.00",112.23,"2,577.77",0.00,0.00,0.700,"23,088.00","23,487.00","23,487.00",23.00,"23,464.00",0.100,"17,732.60","17,732.60","16,485.00","1,977.00","6,661.00",330.00,"7,517.00",105,368,249,213,93,0,77,"45,905",107.6
강원도,강릉시,왕산면,2030,"13,304.30","13,304.30","12,400.00",93.2,0.000,0.00,0.00,0.00,0.00,0.00,0.00,0.00,0.400,"13,304.30","13,304.30","12,400.00",0.00,"12,400.00",0.000,0.00,0.00,0.00,0.00,0.00,0.00,0.00,0,332,0,0,177,0,0,"13,304",107.3
강원도,강릉시,구정면,2030,"21,047.70","21,049.00","19,151.00",91.0,0.000,"1,279.50","1,279.50","1,279.00",0.00,"1,279.00",0.00,0.00,0.500,"7,403.80","7,403.80","5,506.30",0.00,"5,506.30",0.000,"12,364.40","12,365.70","12,365.70",275.00,"9,465.00",0.00,"2,625.70",29,157,213,349,3,0,29,"21,047",109.9
강원도,강릉시,강동면,2030,"31,573.50","35,304.00","24,234.00",68.6,0.000,0.00,0.00,0.00,0.00,0.00,0.00,0.00,0.500,"13,238.80","13,238.80","2,168.80",0.00,"2,168.80",0.700,"18,334.70","22,065.20","22,065.20",982.00,"14,160.00",6.00,"6,917.20",0,291,260,361,289,2,47,"31,573",130.3
강원도,강릉시,옥계면,2030,"57,791.60","57,791.60","55,718.00",96.4,0.000,0.00,0.00,0.00,0.00,0.00,0.00,0.00,1.000,"23,521.00","23,521.00","22,719.00",0.00,"22,719.00",2.200,"34,270.60","34,270.60","32,999.00","3,249.00","23,371.00",0.00,"6,379.00",0,404,813,749,625,1,82,"55,693",100.0
강원도,강릉시,사천면,2030,"72,542.50","72,544.40","43,915.00",60.5,0.000,"2,125.10","2,127.00","2,127.00",214.00,"1,913.00",0.00,0.00,0.600,"42,284.00","42,284.00","13,734.00",0.00,"13,734.00",0.500,"28,133.40","28,133.40","28,054.00","1,760.00","13,925.00",627.00,"11,742.00",79,278,514,804,69,0,17,"41,700",95.0
강원도,강릉시,연곡면,2030,"77,490.90","78,323.80","35,212.00",45.0,0.000,"5,791.10","6,624.00","6,624.00","2,512.00","4,112.00",0.00,0.00,1.800,"31,082.40","31,082.40","12,969.00",23.00,"12,946.00",1.900,"40,617.40","40,617.40","15,619.00",548.00,"9,160.00",33.00,"5,878.00",258,211,192,570,39,0,20,"30,390",86.3
강원도,강릉시,홍제동,2030,"58,904.60","58,936.60","58,935.00",100.0,0.000,"16,188.60","16,198.00","16,198.00","1,013.00","15,185.00",0.00,0.00,0.400,"9,475.40","9,498.00","9,498.00",44.00,"9,454.00",0.000,"33,240.60","33,240.60","33,239.00","1,486.00","21,017.00","2,791.00","7,945.00",448,174,584,"1,402",2,1,27,"58,904",99.9
강원도,강릉시,중앙동,2030,"33,371.50","33,425.10","33,423.00",100.0,0.000,"26,078.40","26,132.00","26,132.00","4,518.00","21,614.00",0.00,0.00,0.900,"2,161.60","2,161.60","2,160.00",0.00,"2,160.00",0.000,"5,131.50","5,131.50","5,131.00",152.00,"2,063.00",0.00,"2,916.00",830,45,53,667,5,2,8,"33,371",99.8
강원도,강릉시,옥천동,2030,"26,464.50","26,489.50","26,487.00",100.0,0.000,"23,648.00","23,673.00","23,673.00","3,038.00","20,635.00",0.00,0.00,0.500,462.60,462.60,462.00,0.00,462.00,0.000,"2,353.90","2,353.90","2,352.00",0.00,"1,144.00",0.00,"1,208.00",714,12,34,402,17,0,1,"26,464",99.9
강원도,강릉시,교1동,2030,"70,249.40","70,504.00","70,504.00",100.0,0.000,"23,302.30","23,552.00","23,552.00",636.00,"22,916.00",0.00,0.00,2.600,"20,621.80","20,623.00","20,623.00",0.00,"20,623.00",0.000,"26,325.30","26,329.00","26,329.00","3,333.00","20,514.00","1,896.00",586.00,578,471,545,"2,159",27,0,2,"70,249",99.6
강원도,강릉시,교2동,2030,"40,415.90","44,226.40","44,082.00",99.7,0.000,"25,571.50","29,382.00","29,382.00","2,092.00","27,290.00",0.00,0.00,1.000,"4,014.10","4,014.10","3,990.00",0.00,"3,990.00",0.000,"10,830.30","10,830.30","10,710.00","1,601.00","5,454.00","1,577.00","2,078.00",673,92,187,828,35,0,2,"40,415",91.7
강원도,강릉시,포남1동,2030,"55,846.30","56,408.90","56,387.00",100.0,0.000,"34,162.40","34,725.00","34,725.00","4,331.00","30,394.00",0.00,0.00,0.600,"16,245.80","16,245.80","16,230.00",0.00,"16,230.00",0.000,"5,438.10","5,438.10","5,432.00","1,667.00","3,481.00",43.00,241.00,621,372,87,"1,794",448,3,9,"55,846",99.0
강원도,강릉시,포남2동,2030,"44,675.60","46,825.00","46,806.00",100.0,0.000,"11,230.00","13,369.00","13,369.00",985.00,"12,384.00",0.00,0.00,1.000,"12,716.60","12,727.00","12,727.00",0.00,"12,727.00",0.000,"20,729.00","20,729.00","20,710.00","1,000.00","17,990.00",842.00,878.00,231,268,410,"1,384",6,0,8,"44,675",95.4
강원도,강릉시,초당동,2030,"37,659.50","38,719.10","38,588.00",99.7,0.000,"15,926.40","16,986.00","16,986.00","3,723.00","13,263.00",0.00,0.00,1.700,"10,306.50","10,306.50","10,281.00",0.00,"10,281.00",0.000,"11,426.60","11,426.60","11,321.00",657.00,"9,917.00",165.00,582.00,347,198,250,741,76,1,30,"37,659",97.6
강원도,강릉시,송정동,2030,"40,813.90","42,141.00","42,141.00",100.0,0.000,"19,928.30","20,395.00","20,395.00","2,014.00","18,381.00",0.00,0.00,0.600,"12,206.60","13,064.00","13,064.00",28.00,"13,036.00",0.000,"8,679.00","8,682.00","8,682.00",750.00,"5,860.00",44.00,"2,028.00",411,175,142,835,86,0,18,"40,813",96.8
강원도,강릉시,내곡동,2030,"52,795.90","53,100.00","53,100.00",100.0,0.000,"14,625.90","14,626.00","14,626.00","3,068.00","11,558.00",0.00,0.00,1.500,"17,371.90","17,675.00","17,675.00",0.00,"17,675.00",0.000,"20,798.10","20,799.00","20,799.00",41.00,"16,146.00",325.00,"4,287.00",375,362,346,"1,094",208,4,56,"52,795",99.4
강원도,강릉시,강남동,2030,"68,002.40","68,188.80","68,062.00",99.8,0.000,"34,258.60","34,445.00","34,445.00","4,649.00","29,796.00",0.00,0.00,2.200,"12,958.50","12,958.50","12,951.00",0.00,"12,951.00",0.000,"20,785.30","20,785.30","20,666.00",885.00,"10,817.00",122.00,"8,842.00",845,305,390,"1,478","1,438",0,13,"68,002",99.9
강원도,강릉시,성덕동,2030,"90,432.90","93,496.50","93,474.00",100.0,0.000,"25,325.40","28,389.00","28,389.00","6,120.00","22,269.00",0.00,0.00,2.800,"28,291.00","28,291.00","28,278.00",434.00,"27,844.00",0.000,"36,816.50","36,816.50","36,807.00",303.00,"29,128.00","2,453.00","4,923.00",478,596,710,"1,848",303,0,28,"90,433",96.7
강원도,강릉시,경포동,2030,"102,388.30","115,717.00","105,866.00",91.5,0.000,"10,273.30","16,533.00","16,533.00","2,348.00","14,185.00",0.00,0.00,3.500,"29,597.00","36,666.00","36,666.00",0.00,"36,666.00",0.000,"62,518.00","62,518.00","52,667.00","5,033.00","38,642.00",878.00,"8,114.00",205,708,"1,049","1,827",91,1,57,"102,388",96.7
강원도,동해시,소계,,"551,562.00","775,927.60","583,737.70",75.2,9.620,"235,685.00","253,144.80","175,248.60",329.80,"173,496.00","1,422.80",0.00,32.400,"271,567.00","293,491.30","179,197.60",0.00,"179,197.60",32.410,"44,310.00","229,291.50","229,291.50","1,902.50","166,606.30","3,193.40","57,589.30","4,350","3,370","3,797","1,765","14,152",42,601,0,0.0
강원도,동해시,천곡동,2030,"86,999.00","124,507.70","116,865.90",93.9,0.080,"38,670.00","38,670.00","31,028.20",259.80,"30,364.00",404.40,0.00,4.080,"33,053.00","50,911.70","50,911.70",0.00,"50,911.70",4.080,"15,276.00","34,926.00","34,926.00",0.00,"33,756.00",0.00,"1,170.00",700,"1,161",633,401,"2,678",1,29,0,0.0
강원도,동해시,송정동,2030,"53,145.60","64,348.10","47,645.80",74.0,0.180,"25,614.00","25,614.00","18,495.40",0.00,"18,493.40",2.00,0.00,4.240,"19,864.60","19,864.60","10,280.90",0.00,"10,280.90",4.250,"7,667.00","18,869.50","18,869.50",0.00,"12,640.80",146.70,"6,082.00",504,61,269,265,"1,271",3,44,0,0.0
강원도,동해시,북삼동,2030,"90,808.40","122,718.20","86,531.50",70.5,0.180,"38,420.00","38,420.00","26,488.50",0.00,"26,321.10",167.40,0.00,4.200,"52,388.40","52,388.40","28,133.20",0.00,"28,133.20",4.200,0.00,"31,909.80","31,909.80",0.00,"19,553.00",878.00,"11,478.80",760,545,538,156,"1,600",7,109,0,0.0
강원도,동해시,부곡동,2030,"27,414.00","31,164.60","19,133.40",61.4,0.000,"14,375.00","14,375.00","11,463.80",0.00,"11,463.80",0.00,0.00,0.910,"10,904.00","10,904.00","1,784.00",0.00,"1,784.00",0.910,"2,135.00","5,885.60","5,885.60",0.00,"3,514.50",160.80,"2,210.30",260,8,101,42,849,1,11,0,0.0
강원도,동해시,동호동,2030,"32,501.90","37,859.70","13,802.80",36.5,0.000,"14,934.00","14,934.00","8,170.50",0.00,"8,170.50",0.00,0.00,0.710,"17,567.90","17,567.90",274.50,0.00,274.50,0.710,0.00,"5,357.80","5,357.80",0.00,"2,704.70",55.30,"2,597.80",162,11,78,24,193,0,14,0,0.0
강원도,동해시,발한동,2030,"57,948.10","65,763.90","27,144.20",41.3,0.000,"34,847.00","34,847.00","16,613.00",0.00,"16,613.00",0.00,0.00,1.100,"23,101.10","23,101.10","2,715.40",0.00,"2,715.40",1.100,0.00,"7,815.80","7,815.80",0.00,"3,183.80",0.00,"4,632.00",437,39,113,47,"1,501",3,7,0,0.0
강원도,동해시,묵호동,2030,"28,516.00","40,547.30","40,547.30",100.0,0.000,"5,331.00","12,838.70","12,838.70",70.00,"12,677.60",91.10,0.00,1.770,"12,928.00","16,550.80","16,550.80",0.00,"16,550.80",1.770,"10,257.00","11,157.80","11,157.80",0.00,"7,390.20",0.00,"3,767.60",377,201,131,58,994,4,51,0,0.0
강원도,동해시,북평동,2030,"117,873.00","178,588.90","134,296.90",75.2,1.110,"44,516.00","44,516.00","24,621.20",0.00,"23,872.80",748.40,0.00,4.980,"65,523.00","65,523.00","41,125.80",0.00,"41,125.80",4.980,"7,834.00","68,549.90","68,549.90","1,844.30","51,648.30","1,620.00","13,437.30",493,846,"1,107",77,"3,482",4,149,0,0.0
강원도,동해시,망상동,2030,"13,572.00","46,701.30","46,701.30",100.0,4.050,"1,967.00","11,919.10","11,919.10",0.00,"11,919.10",0.00,0.00,5.540,"11,287.00","11,729.80","11,729.80",0.00,"11,729.80",5.540,318.00,"23,052.40","23,052.40",58.20,"20,491.60",284.70,"2,217.90",261,181,495,24,865,6,48,0,0.0
강원도,동해시,삼화동,2030,"42,784.00","63,727.90","51,068.60",80.1,4.020,"17,011.00","17,011.00","13,610.20",0.00,"13,600.70",9.50,0.00,4.870,"24,950.00","24,950.00","15,691.50",0.00,"15,691.50",4.870,823.00,"21,766.90","21,766.90",0.00,"11,723.40",47.90,"9,995.60",396,317,332,671,719,13,139,0,0.0
강원도,태백시,소계,,"470,790.00","470,790.00","329,774.00",70.0,14.194,"405,500.00","405,500.00","303,577.00","5,890.00","188,008.00","16,636.00","93,043.00",4.700,"49,476.00","49,476.00","25,064.00",0.00,"25,064.00",4.600,"15,814.00","15,814.00","1,133.00",0.00,"1,133.00",0.00,0.00,"1,607","1,287","1,199","3,973","7,178",133,462,"295,494",89.6
강원도,태백시,황지동,2025,"466,651.00","466,651.00","325,635.00",69.8,14.194,"405,500.00","405,500.00","303,577.00","5,890.00","188,008.00","16,636.00","93,043.00",4.600,"45,337.00","45,337.00","20,925.00",0.00,"20,925.00",4.600,"15,814.00","15,814.00","1,133.00",0.00,"1,133.00",0.00,0.00,"1,607","1,202","1,199","3,908","7,178",133,462,"295,494",90.7
강원도,태백시,황연동,2025,0.00,0.00,0.00,0.0,0.000,0.00,0.00,0.00,0.00,0.00,0.00,0.00,0.000,0.00,0.00,0.00,0.00,0.00,0.000,0.00,0.00,0.00,0.00,0.00,0.00,0.00,0,0,0,0,0,0,0,0,0.0
강원도,태백시,삼수동,2025,"4,139.00","4,139.00","4,139.00",100.0,0.000,0.00,0.00,0.00,0.00,0.00,0.00,0.00,0.100,"4,139.00","4,139.00","4,139.00",0.00,"4,139.00",0.000,0.00,0.00,0.00,0.00,0.00,0.00,0.00,0,85,0,65,0,0,0,0,0.0
강원도,태백시,상장동,2025,0.00,0.00,0.00,0.0,0.000,0.00,0.00,0.00,0.00,0.00,0.00,0.00,0.000,0.00,0.00,0.00,0.00,0.00,0.000,0.00,0.00,0.00,0.00,0.00,0.00,0.00,0,0,0,0,0,0,0,0,0.0
강원도,태백시,문곡소도동,2025,0.00,0.00,0.00,0.0,0.000,0.00,0.00,0.00,0.00,0.00,0.00,0.00,0.000,0.00,0.00,0.00,0.00,0.00,0.000,0.00,0.00,0.00,0.00,0.00,0.00,0.00,0,0,0,0,0,0,0,0,0.0
강원도,태백시,장성동,2025,0.00,0.00,0.00,0.0,0.000,0.00,0.00,0.00,0.00,0.00,0.00,0.00,0.000,0.00,0.00,0.00,0.00,0.00,0.000,0.00,0.00,0.00,0.00,0.00,0.00,0.00,0,0,0,0,0,0,0,0,0.0
강원도,태백시,구문소동,2025,0.00,0.00,0.00,0.0,0.000,0.00,0.00,0.00,0.00,0.00,0.00,0.00,0.000,0.00,0.00,0.00,0.00,0.00,0.000,0.00,0.00,0.00,0.00,0.00,0.00,0.00,0,0,0,0,0,0,0,0,0.0
강원도,태백시,철암동,2025,0.00,0.00,0.00,0.0,0.000,0.00,0.00,0.00,0.00,0.00,0.00,0.00,0.000,0.00,0.00,0.00,0.00,0.00,0.000,0.00,0.00,0.00,0.00,0.00,0.00,0.00,0,0,0,0,0,0,0,0,0.0
강원도,속초시,소계,,"339,160.00","500,306.00","463,973.00",92.7,3.800,"129,605.00","129,605.00","129,605.00",0.00,"69,547.00","8,409.00","51,649.00",10.230,"209,555.00","209,555.00","173,222.00",0.00,"173,222.00",10.230,0.00,"161,146.00","161,146.00","22,990.00","138,156.00",0.00,0.00,"2,403","4,324","3,274","13,998","12,851",18,148,"427,201",92.1
강원도,속초시,영랑동,2035,"339,160.00","500,306.00","463,973.00",92.7,3.800,"129,605.00","129,605.00","129,605.00",0.00,"69,547.00","8,409.00","51,649.00",10.230,"209,555.00","209,555.00","173,222.00",0.00,"173,222.00",10.230,0.00,"161,146.00","161,146.00","22,990.00","138,156.00",0.00,0.00,"2,403","4,324","3,274","13,998","12,851",18,148,"427,201",92.1
강원도,속초시,동명동,2035,0.00,0.00,0.00,0.0,0.000,0.00,0.00,0.00,0.00,0.00,0.00,0.00,0.000,0.00,0.00,0.00,0.00,0.00,0.000,0.00,0.00,0.00,0.00,0.00,0.00,0.00,0,0,0,0,0,0,0,0,0.0
강원도,속초시,금호동,2025,0.00,0.00,0.00,0.0,0.000,0.00,0.00,0.00,0.00,0.00,0.00,0.00,0.000,0.00,0.00,0.00,0.00,0.00,0.000,0.00,0.00,0.00,0.00,0.00,0.00,0.00,0,0,0,0,0,0,0,0,0.0
강원도,속초시,교동,2025,0.00,0.00,0.00,0.0,0.000,0.00,0.00,0.00,0.00,0.00,0.00,0.00,0.000,0.00,0.00,0.00,0.00,0.00,0.000,0.00,0.00,0.00,0.00,0.00,0.00,0.00,0,0,0,0,0,0,0,0,0.0
강원도,속초시,노학동,2020,0.00,0.00,0.00,0.0,0.000,0.00,0.00,0.00,0.00,0.00,0.00,0.00,0.000,0.00,0.00,0.00,0.00,0.00,0.000,0.00,0.00,0.00,0.00,0.00,0.00,0.00,0,0,0,0,0,0,0,0,0.0
강원도,속초시,조양동,2025,0.00,0.00,0.00,0.0,0.000,0.00,0.00,0.00,0.00,0.00,0.00,0.00,0.000,0.00,0.00,0.00,0.00,0.00,0.000,0.00,0.00,0.00,0.00,0.00,0.00,0.00,0,0,0,0,0,0,0,0,0.0
강원도,속초시,청호동,2030,0.00,0.00,0.00,0.0,0.000,0.00,0.00,0.00,0.00,0.00,0.00,0.00,0.000,0.00,0.00,0.00,0.00,0.00,0.000,0.00,0.00,0.00,0.00,0.00,0.00,0.00,0,0,0,0,0,0,0,0,0.0
강원도,속초시,대포동,2016,0.00,0.00,0.00,0.0,0.000,0.00,0.00,0.00,0.00,0.00,0.00,0.00,0.000,0.00,0.00,0.00,0.00,0.00,0.000,0.00,0.00,0.00,0.00,0.00,0.00,0.00,0,0,0,0,0,0,0,0,0.0
강원도,삼척시,소계,,"536,770.00","750,449.10","684,016.00",91.1,10.210,"182,428.00","198,227.00","147,015.00","20,743.00","80,727.70",291.30,"45,253.00",9.080,"152,948.00","276,404.10","261,185.10",0.00,"261,185.10",69.733,"201,394.00","275,818.00","275,815.90","14,342.90","117,737.40","1,173.20","142,562.40","4,702",968,970,"12,913","8,715",44,259,"661,164",96.7
강원도,삼척시,도계읍,2020,"84,300.00","85,169.50","85,169.00",100.0,1.600,"27,815.00","27,815.00","27,815.00","3,417.00","16,299.70",136.30,"7,962.00",1.280,"25,103.00","25,972.50","25,972.50",0.00,"25,972.50",11.023,"31,382.00","31,382.00","31,381.50","1,282.80","22,965.80",266.20,"6,866.70","1,135",0,0,374,0,30,26,"85,169",100.0
강원도,삼척시,원덕읍,2020,"40,296.00","58,161.60","58,161.00",100.0,0.280,"8,162.00","8,162.00","8,162.00",685.00,"4,712.00",0.00,"2,765.00",0.980,"10,601.00","28,466.60","28,466.60",0.00,"28,466.60",6.150,"21,533.00","21,533.00","21,532.40","2,416.10","6,596.60",0.00,"12,519.70",0,315,316,"1,332","1,165",0,45,"58,161",100.0
강원도,삼척시,근덕면,2020,"105,538.00","210,260.00","210,260.00",100.0,0.120,"12,783.00","12,783.00","12,783.00",683.00,"9,028.00",0.00,"3,072.00",2.490,"38,118.00","142,839.00","142,839.00",0.00,"142,839.00",3.080,"54,637.00","54,638.00","54,638.00","2,156.00","14,977.00",0.00,"37,505.00",0,653,654,"2,145",0,0,31,"168,138",80.0
강원도,삼척시,하장면,2020,"2,456.00","33,068.00","33,068.00",100.0,0.000,0.00,0.00,0.00,0.00,0.00,0.00,0.00,0.150,"2,456.00","2,456.00","2,456.00",0.00,"2,456.00",0.000,0.00,"30,612.00","30,612.00",0.00,"4,087.00",355.00,"26,170.00",65,0,0,177,82,0,0,"33,068",100.0
강원도,삼척시,노곡면,2020,0.00,0.00,0.00,0.0,0.000,0.00,0.00,0.00,0.00,0.00,0.00,0.00,0.000,0.00,0.00,0.00,0.00,0.00,0.000,0.00,0.00,0.00,0.00,0.00,0.00,0.00,5,0,0,61,0,0,0,"19,301",0.0
강원도,삼척시,미로면,2020,"5,435.00","27,376.00","27,376.00",100.0,0.000,0.00,"15,799.00","15,799.00",124.00,"5,394.00",16.00,"10,265.00",0.280,"5,435.00","5,435.00","5,435.00",0.00,"5,435.00",0.000,0.00,"6,142.00","6,142.00",0.00,"3,404.00",0.00,"2,738.00",172,0,0,191,0,0,0,"27,376",100.0
강원도,삼척시,가곡면,2020,"2,589.00","26,516.00","26,516.00",100.0,0.080,73.00,73.00,73.00,0.00,73.00,0.00,0.00,0.180,"2,516.00","2,516.00","2,516.00",0.00,"2,516.00",0.000,0.00,"23,927.00","23,927.00","1,027.00","2,896.00",264.00,"19,740.00",93,0,0,86,0,0,0,"26,516",100.0
강원도,삼척시,신기면,2020,"4,824.00","18,566.00","18,566.00",100.0,0.030,"2,411.00","2,411.00","2,411.00",418.00,378.00,0.00,"1,615.00",0.070,"2,413.00","2,413.00","2,413.00",0.00,"2,413.00",0.000,0.00,"13,742.00","13,742.00",517.00,"5,080.00",0.00,"8,145.00",71,0,0,250,0,0,0,"18,566",100.0
강원도,삼척시,남양동,2020,"291,332.00","291,332.00","224,900.00",77.2,8.100,"131,184.00","131,184.00","79,972.00","15,416.00","44,843.00",139.00,"19,574.00",3.650,"66,306.00","66,306.00","51,087.00",0.00,"51,087.00",49.480,"93,842.00","93,842.00","93,841.00","6,944.00","57,731.00",288.00,"28,878.00","3,161",0,0,"8,297","7,468",14,157,"224,869",100.0
강원도,삼척시,교동,2020,0.00,0.00,0.00,0.0,0.000,0.00,0.00,0.00,0.00,0.00,0.00,0.00,0.000,0.00,0.00,0.00,0.00,0.00,0.000,0.00,0.00,0.00,0.00,0.00,0.00,0.00,0,0,0,0,0,0,0,0,0.0
강원도,삼척시,정라동,2020,0.00,0.00,0.00,0.0,0.000,0.00,0.00,0.00,0.00,0.00,0.00,0.00,0.000,0.00,0.00,0.00,0.00,0.00,0.000,0.00,0.00,0.00,0.00,0.00,0.00,0.00,0,0,0,0,0,0,0,0,0.0
강원도,삼척시,성내동,2020,0.00,0.00,0.00,0.0,0.000,0.00,0.00,0.00,0.00,0.00,0.00,0.00,0.000,0.00,0.00,0.00,0.00,0.00,0.000,0.00,0.00,0.00,0.00,0.00,0.00,0.00,0,0,0,0,0,0,0,0,0.0
강원도,군부,합계,,"3,990,871.50","4,327,186.80","3,627,745.10",83.8,878.500,"346,027.00","352,774.00","337,970.00","47,046.00","156,463.00","97,871.00","36,590.00",209.282,"2,632,366.90","2,730,229.90","2,164,836.20","239,623.00","1,925,213.20","1,990.110","1,012,477.60","1,244,182.90","1,124,938.90","53,797.90","679,409.00","33,627.00","358,105.00","8,322","42,744","21,728","87,630","55,025",251,"1,097","2,329,998",64.2
강원도,홍천군,소계,,"479,693.00","479,693.00","428,753.00",89.4,0.000,0.00,0.00,0.00,0.00,0.00,0.00,0.00,21.220,"350,743.00","350,743.00","300,362.00",0.00,"300,362.00","1,819.770","128,950.00","128,950.00","128,391.00",914.00,"103,634.00","1,004.00","22,839.00",0,"6,010","2,567","7,616","7,645",0,39,"388,872",90.7
강원도,홍천군,홍천읍,2035,"237,480.00","237,480.00","229,568.00",96.7,0.000,0.00,0.00,0.00,0.00,0.00,0.00,0.00,7.790,"144,837.00","144,837.00","136,925.00",0.00,"136,925.00",107.370,"92,643.00","92,643.00","92,643.00",710.00,"76,909.00",672.00,"14,352.00",0,"2,739","1,853","3,382","3,845",0,26,"228,752",99.6
강원도,홍천군,화촌면,2035,"27,823.00","27,823.00","27,823.00",100.0,0.000,0.00,0.00,0.00,0.00,0.00,0.00,0.00,1.160,"24,303.00","24,303.00","24,303.00",0.00,"24,303.00",211.450,"3,520.00","3,520.00","3,520.00",0.00,"3,520.00",0.00,0.00,0,487,71,710,176,0,0,"24,303",87.3
강원도,홍천군,두촌면,2035,"12,417.00","12,417.00","8,628.00",69.5,0.000,0.00,0.00,0.00,0.00,0.00,0.00,0.00,0.490,"10,017.00","10,017.00","6,228.00",0.00,"6,228.00",140.570,"2,400.00","2,400.00","2,400.00",0.00,"2,400.00",0.00,0.00,0,125,48,251,120,0,0,"6,228",72.2
강원도,홍천군,내촌면,2035,"9,423.00","9,423.00","9,423.00",100.0,0.000,0.00,0.00,0.00,0.00,0.00,0.00,0.00,0.420,"5,332.00","5,332.00","5,332.00",0.00,"5,332.00",146.680,"4,091.00","4,091.00","4,091.00",0.00,"4,091.00",0.00,0.00,0,107,82,218,205,0,0,"5,332",56.6
강원도,홍천군,서석면,2035,"20,799.00","20,799.00","20,799.00",100.0,0.000,0.00,0.00,0.00,0.00,0.00,0.00,0.00,0.540,"12,511.00","12,511.00","12,511.00",0.00,"12,511.00",225.350,"8,288.00","8,288.00","8,288.00",53.00,"5,472.00",57.00,"2,706.00",0,250,166,350,"2,736",0,0,"12,511",60.2
강원도,홍천군,동면,2035,"26,013.00","26,013.00","25,301.00",97.3,0.000,0.00,0.00,0.00,0.00,0.00,0.00,0.00,1.450,"21,716.00","21,716.00","21,004.00",0.00,"21,004.00",149.750,"4,297.00","4,297.00","4,297.00",0.00,"4,297.00",0.00,0.00,0,420,86,452,215,0,0,"21,004",83.0
강원도,홍천군,남면,2035,"54,163.00","54,163.00","34,161.00",63.1,0.000,0.00,0.00,0.00,0.00,0.00,0.00,0.00,3.320,"43,794.00","43,794.00","24,351.00",0.00,"24,351.00",120.350,"10,369.00","10,369.00","9,810.00",151.00,"3,603.00",275.00,"5,781.00",0,487,196,779,180,0,10,"24,351",71.3
강원도,홍천군,서면,2035,"32,866.00","32,866.00","25,696.00",78.2,0.000,0.00,0.00,0.00,0.00,0.00,0.00,0.00,1.580,"32,028.00","32,028.00","24,858.00",0.00,"24,858.00",123.430,838.00,838.00,838.00,0.00,838.00,0.00,0.00,0,498,17,585,42,0,0,"24,858",96.7
강원도,홍천군,북방면,2035,"42,884.00","42,884.00","34,489.00",80.4,0.000,0.00,0.00,0.00,0.00,0.00,0.00,0.00,3.140,"41,148.00","41,148.00","32,753.00",0.00,"32,753.00",146.470,"1,736.00","1,736.00","1,736.00",0.00,"1,736.00",0.00,0.00,0,655,33,512,87,0,3,"29,436",85.3
강원도,홍천군,내면,2035,"15,825.00","15,825.00","12,865.00",81.3,0.000,0.00,0.00,0.00,0.00,0.00,0.00,0.00,1.330,"15,057.00","15,057.00","12,097.00",0.00,"12,097.00",448.350,768.00,768.00,768.00,0.00,768.00,0.00,0.00,0,242,15,377,39,0,0,"12,097",94.0
강원도,횡성군,소계,,"299,814.00","301,612.00","277,238.00",91.9,0.000,"98,525.00","98,525.00","94,087.00","11,319.00","51,715.00","21,699.00","9,354.00",9.402,"136,373.00","138,171.00","131,744.00","1,620.00","130,124.00",0.000,"64,916.00","64,916.00","51,407.00","5,064.00","42,058.00","3,465.00",820.00,"2,196","1,336",857,"10,305","7,651",17,138,"261,028",94.2
강원도,횡성군,횡성읍,2030,"127,211.00","127,211.00","121,352.00",95.4,0.000,"31,646.00","31,646.00","31,646.00","5,091.00","21,952.00","3,751.00",852.00,4.004,"62,105.00","62,105.00","62,105.00",0.00,"62,105.00",0.000,"33,460.00","33,460.00","27,601.00","2,692.00","23,558.00","1,351.00",0.00,"1,035",275,460,"6,656","6,111",12,55,"106,802",88.0
강원도,횡성군,우천면,2030,"50,375.00","50,375.00","46,936.00",93.2,0.000,"27,560.00","27,560.00","27,560.00","2,014.00","8,950.00","10,054.00","6,542.00",1.544,"18,665.00","18,665.00","18,665.00",0.00,"18,665.00",0.000,"4,150.00","4,150.00",711.00,711.00,0.00,0.00,0.00,311,429,12,800,88,0,50,"46,936",100.0
강원도,횡성군,안흥면,2030,"17,075.00","17,075.00","16,449.00",96.3,0.000,"10,217.00","10,217.00","9,693.00",945.00,"3,951.00","3,752.00","1,045.00",0.599,"5,321.00","5,321.00","5,321.00",0.00,"5,321.00",0.000,"1,537.00","1,537.00","1,435.00",683.00,752.00,0.00,0.00,89,63,24,446,48,0,0,"16,449",100.0
강원도,횡성군,둔내면,2030,"40,897.00","42,695.00","42,179.00",98.8,0.000,"11,335.00","11,335.00","11,335.00","2,957.00","8,031.00",347.00,0.00,1.469,"13,588.00","15,386.00","15,386.00","1,620.00","13,766.00",0.000,"15,974.00","15,974.00","15,458.00",644.00,"14,814.00",0.00,0.00,256,94,258,"1,161",722,5,33,"40,519",96.1
강원도,횡성군,갑천면,2030,"11,515.00","11,515.00","8,652.00",75.1,0.000,"3,873.00","3,873.00","3,873.00",0.00,"1,247.00","2,014.00",612.00,0.455,"6,716.00","6,716.00","4,469.00",0.00,"4,469.00",0.000,926.00,926.00,310.00,157.00,153.00,0.00,0.00,75,64,5,197,126,0,0,"8,652",100.0
강원도,횡성군,청일면,2030,"15,334.00","15,334.00","14,700.00",95.9,0.000,0.00,0.00,0.00,0.00,0.00,0.00,0.00,0.419,"9,210.00","9,210.00","8,808.00",0.00,"8,808.00",0.000,"6,124.00","6,124.00","5,892.00",177.00,"2,781.00","2,114.00",820.00,147,70,98,180,211,0,0,"14,700",100.0
강원도,횡성군,공근면,2030,"21,421.00","21,421.00","14,762.00",68.9,0.000,"6,434.00","6,434.00","2,520.00",208.00,"2,312.00",0.00,0.00,0.490,"12,242.00","12,242.00","12,242.00",0.00,"12,242.00",0.000,"2,745.00","2,745.00",0.00,0.00,0.00,0.00,0.00,204,195,0,344,205,0,0,"14,762",100.0
강원도,횡성군,서원면,2030,"8,630.00","8,630.00","8,384.00",97.1,0.000,"3,636.00","3,636.00","3,636.00",86.00,"1,686.00","1,671.00",193.00,0.204,"4,994.00","4,994.00","4,748.00",0.00,"4,748.00",0.000,0.00,0.00,0.00,0.00,0.00,0.00,0.00,79,121,0,173,139,0,0,"8,384",100.0
강원도,횡성군,강림면,2030,"7,356.00","7,356.00","3,824.00",52.0,0.000,"3,824.00","3,824.00","3,824.00",18.00,"3,586.00",110.00,110.00,0.218,"3,532.00","3,532.00",0.00,0.00,0.00,0.000,0.00,0.00,0.00,0.00,0.00,0.00,0.00,0,25,0,348,1,0,0,"3,824",100.0
강원도,영월군,소계,,"215,508.00","222,207.30","182,655.30",82.2,0.000,0.00,0.00,0.00,0.00,0.00,0.00,0.00,15.420,"215,508.00","216,602.00","177,050.00",0.00,"177,050.00",0.000,0.00,"5,605.30","5,605.30",0.00,"5,605.30",0.00,0.00,0,"6,616",0,"8,092",0,0,217,0,0.0
강원도,영월군,영월읍,2020,"83,158.00","85,788.00","74,080.00",86.4,0.000,0.00,0.00,0.00,0.00,0.00,0.00,0.00,6.300,"83,158.00","83,158.00","71,450.00",0.00,"71,450.00",0.000,0.00,"2,630.00","2,630.00",0.00,"2,630.00",0.00,0.00,0,"3,173",0,"3,778",0,0,81,0,0.0
강원도,영월군,상동읍,2020,"14,293.00","14,341.60","14,148.60",98.7,0.000,0.00,0.00,0.00,0.00,0.00,0.00,0.00,0.960,"14,293.00","14,293.00","14,100.00",0.00,"14,100.00",0.000,0.00,48.60,48.60,0.00,48.60,0.00,0.00,0,484,0,420,0,0,29,0,0.0
강원도,영월군,중동면,2020,"8,794.00","8,800.00","8,800.00",100.0,0.000,0.00,0.00,0.00,0.00,0.00,0.00,0.00,0.660,"8,794.00","8,800.00","8,800.00",0.00,"8,800.00",0.000,0.00,0.00,0.00,0.00,0.00,0.00,0.00,0,748,0,337,0,0,36,0,0.0
강원도,영월군,김삿갓면,2020,"5,428.00","5,428.00","3,000.00",55.3,0.000,0.00,0.00,0.00,0.00,0.00,0.00,0.00,0.220,"5,428.00","5,428.00","3,000.00",0.00,"3,000.00",0.000,0.00,0.00,0.00,0.00,0.00,0.00,0.00,0,643,0,128,0,0,71,0,0.0
강원도,영월군,북면,2020,"12,119.00","12,119.00","10,400.00",85.8,0.000,0.00,0.00,0.00,0.00,0.00,0.00,0.00,0.700,"12,119.00","12,119.00","10,400.00",0.00,"10,400.00",0.000,0.00,0.00,0.00,0.00,0.00,0.00,0.00,0,117,0,517,0,0,0,0,0.0
강원도,영월군,남면,2020,"9,812.00","10,900.00","10,900.00",100.0,0.000,0.00,0.00,0.00,0.00,0.00,0.00,0.00,0.780,"9,812.00","10,900.00","10,900.00",0.00,"10,900.00",0.000,0.00,0.00,0.00,0.00,0.00,0.00,0.00,0,407,0,442,0,0,0,0,0.0
강원도,영월군,한반도면,2020,"24,093.00","25,110.00","20,417.00",81.3,0.000,0.00,0.00,0.00,0.00,0.00,0.00,0.00,2.050,"24,093.00","24,093.00","19,400.00",0.00,"19,400.00",0.000,0.00,"1,017.00","1,017.00",0.00,"1,017.00",0.00,0.00,0,467,0,"1,047",0,0,0,0,0.0
강원도,영월군,주천면,2020,"37,560.00","39,469.70","27,409.70",69.4,0.000,0.00,0.00,0.00,0.00,0.00,0.00,0.00,2.440,"37,560.00","37,560.00","25,500.00",0.00,"25,500.00",0.000,0.00,"1,909.70","1,909.70",0.00,"1,909.70",0.00,0.00,0,283,0,"1,070",0,0,0,0,0.0
강원도,영월군,무릉도원면,2020,"20,251.00","20,251.00","13,500.00",66.7,0.000,0.00,0.00,0.00,0.00,0.00,0.00,0.00,1.310,"20,251.00","20,251.00","13,500.00",0.00,"13,500.00",0.000,0.00,0.00,0.00,0.00,0.00,0.00,0.00,0,294,0,353,0,0,0,0,0.0
강원도,평창군,소계,,"463,664.00","463,664.00","382,198.00",82.4,1.700,"48,983.00","48,983.00","48,983.00","5,551.00","27,686.00","11,443.00","4,303.00",5.700,"386,775.00","386,775.00","312,895.00",0.00,"312,895.00",0.000,"27,906.00","27,906.00","20,320.00",817.00,"17,908.00",0.00,"1,595.00",672,"3,905","4,577","8,452","3,047",48,0,"295,258",77.3
강원도,평창군,평창읍,2030,"114,459.00","114,459.00","64,518.00",56.4,0.600,"25,041.00","25,041.00","25,041.00","3,492.00","16,873.00","2,630.00","2,046.00",1.500,"86,207.00","86,207.00","38,245.00",0.00,"38,245.00",0.000,"3,211.00","3,211.00","1,232.00",0.00,"1,232.00",0.00,0.00,343,540,883,"1,680",588,11,0,"38,245",59.3
강원도,평창군,미탄면,2030,"9,934.00","9,934.00","4,942.00",49.7,0.000,0.00,0.00,0.00,0.00,0.00,0.00,0.00,0.200,"9,934.00","9,934.00","4,942.00",0.00,"4,942.00",0.000,0.00,0.00,0.00,0.00,0.00,0.00,0.00,0,67,67,277,44,0,0,"4,942",100.0
강원도,평창군,방림면,2030,"16,135.00","16,135.00","16,135.00",100.0,0.000,0.00,0.00,0.00,0.00,0.00,0.00,0.00,0.000,"16,135.00","16,135.00","16,135.00",0.00,"16,135.00",0.000,0.00,0.00,0.00,0.00,0.00,0.00,0.00,0,220,220,500,146,0,0,"16,135",100.0
강원도,평창군,대화면,2030,"64,414.00","64,414.00","61,733.00",95.8,0.000,0.00,0.00,0.00,0.00,0.00,0.00,0.00,1.000,"61,566.00","61,566.00","58,885.00",0.00,"58,885.00",0.000,"2,848.00","2,848.00","2,848.00",0.00,"2,848.00",0.00,0.00,0,844,844,"1,024",562,0,0,"58,885",95.4
강원도,평창군,봉평면,2030,"75,183.00","75,183.00","74,115.00",98.6,0.300,"10,344.00","10,344.00","10,344.00",49.00,"5,747.00","3,747.00",801.00,0.700,"59,209.00","59,209.00","59,209.00",0.00,"59,209.00",0.000,"5,630.00","5,630.00","4,562.00",0.00,"4,562.00",0.00,0.00,142,654,796,"1,319",530,20,0,"57,470",77.5
강원도,평창군,용평면,2030,"28,440.00","28,440.00","9,540.00",33.5,0.000,0.00,0.00,0.00,0.00,0.00,0.00,0.00,0.000,"27,785.00","27,785.00","9,540.00",0.00,"9,540.00",0.000,655.00,655.00,0.00,0.00,0.00,0.00,0.00,0,130,130,413,86,4,0,"9,540",100.0
강원도,평창군,진부면,2014,"95,575.00","95,575.00","92,927.00",97.2,0.800,"13,598.00","13,598.00","13,598.00","2,010.00","5,066.00","5,066.00","1,456.00",1.100,"68,446.00","68,446.00","68,446.00",0.00,"68,446.00",0.000,"13,531.00","13,531.00","10,883.00",817.00,"8,471.00",0.00,"1,595.00",187,850,"1,037","1,694",691,0,0,"60,129",64.7
강원도,평창군,대관령면,2030,"59,524.00","59,524.00","58,288.00",97.9,0.000,0.00,0.00,0.00,0.00,0.00,0.00,0.00,1.200,"57,493.00","57,493.00","57,493.00",0.00,"57,493.00",0.000,"2,031.00","2,031.00",795.00,0.00,795.00,0.00,0.00,0,600,600,"1,545",400,13,0,"49,912",85.6
강원도,정선군,소계,,"456,979.00","512,417.00","432,576.00",84.4,0.000,"32,889.00","32,889.00","32,889.00",0.00,"32,889.00",0.00,0.00,13.440,"214,340.00","232,467.00","193,237.00",0.00,"193,237.00",13.440,"209,750.00","247,061.00","206,450.00",0.00,"205,326.00",522.00,602.00,"1,706","3,104","3,027","9,333","7,807",142,262,"266,205",61.5
강원도,정선군,정선읍,2030,"109,798.00","109,798.00","86,995.00",79.2,0.000,"6,918.00","6,918.00","6,918.00",0.00,"6,918.00",0.00,0.00,3.295,"64,799.00","64,799.00","45,296.00",0.00,"45,296.00",3.295,"38,081.00","38,081.00","34,781.00",0.00,"34,636.00",145.00,0.00,438,740,742,"2,945","2,100",22,20,"56,858",65.4
강원도,정선군,고한읍,2030,"64,664.00","64,664.00","64,664.00",100.0,0.000,"7,214.00","7,214.00","7,214.00",0.00,"7,214.00",0.00,0.00,1.400,"27,425.00","27,425.00","27,425.00",0.00,"27,425.00",1.400,"30,025.00","30,025.00","30,025.00",0.00,"30,025.00",0.00,0.00,366,270,273,"1,001",980,35,51,"26,048",40.3
강원도,정선군,사북읍,2030,"64,664.00","64,664.00","64,664.00",100.0,0.000,"7,214.00","7,214.00","7,214.00",0.00,"7,214.00",0.00,0.00,0.900,"27,425.00","27,425.00","27,425.00",0.00,"27,425.00",0.900,"30,025.00","30,025.00","30,025.00",0.00,"30,025.00",0.00,0.00,420,320,340,"1,200",986,35,50,"30,355",46.9
강원도,정선군,신동읍,2030,"90,950.00","96,450.00","96,450.00",100.0,0.000,"11,543.00","11,543.00","11,543.00",0.00,"11,543.00",0.00,0.00,2.269,"39,596.00","45,096.00","45,096.00",0.00,"45,096.00",2.269,"39,811.00","39,811.00","39,811.00",0.00,"39,434.00",377.00,0.00,190,850,587,"1,624","1,005",50,81,"40,623",42.1
강원도,정선군,남면,2030,"8,686.00","13,257.00","13,257.00",100.0,0.000,0.00,0.00,0.00,0.00,0.00,0.00,0.00,1.100,"5,081.00","7,180.00","7,180.00",0.00,"7,180.00",1.100,"3,605.00","6,077.00","6,077.00",0.00,"5,957.00",0.00,120.00,0,230,431,780,800,0,0,"16,269",122.7
강원도,정선군,북평면,2030,"61,890.00","61,890.00","8,686.00",14.0,0.000,0.00,0.00,0.00,0.00,0.00,0.00,0.00,1.561,"24,248.00","24,248.00","5,081.00",0.00,"5,081.00",1.561,"37,642.00","37,642.00","3,605.00",0.00,"3,245.00",0.00,360.00,0,306,300,621,760,0,0,"40,927",471.2
강원도,정선군,임계면,2030,"20,178.00","23,452.00","22,892.00",97.6,0.000,0.00,0.00,0.00,0.00,0.00,0.00,0.00,0.547,"9,573.00","9,573.00","9,013.00",0.00,"9,013.00",0.547,"10,605.00","13,879.00","13,879.00",0.00,"13,879.00",0.00,0.00,0,180,143,429,560,0,40,"33,687",147.2
강원도,정선군,화암면,2030,"13,257.00","54,790.00","54,790.00",100.0,0.000,0.00,0.00,0.00,0.00,0.00,0.00,0.00,0.463,"7,180.00","17,148.00","17,148.00",0.00,"17,148.00",0.463,"6,077.00","37,642.00","37,642.00",0.00,"37,642.00",0.00,0.00,0,60,67,188,120,0,0,"7,683",14.0
강원도,정선군,여량면,2030,"22,892.00","23,452.00","20,178.00",86.0,0.000,0.00,0.00,0.00,0.00,0.00,0.00,0.00,1.905,"9,013.00","9,573.00","9,573.00",0.00,"9,573.00",1.905,"13,879.00","13,879.00","10,605.00",0.00,"10,483.00",0.00,122.00,292,148,144,545,496,0,20,"13,755",68.2
강원도,철원군,소계,,"318,051.00","325,267.00","268,607.00",82.6,870.900,"100,465.00","107,212.00","107,212.00","19,559.00","37,324.00","50,329.00",0.00,70.100,"110,772.00","110,790.00","99,497.00",0.00,"99,497.00",70.100,"106,814.00","107,265.00","61,898.00","4,423.00","12,629.00","10,183.00","34,663.00",484,"3,228","1,977","17,729","10,616",16,46,"122,811",45.7
강원도,철원군,철원읍,2030,"44,080.00","44,359.00","34,623.00",78.1,99.000,"14,751.00","15,030.00","15,030.00","3,517.00","2,312.00","9,201.00",0.00,12.000,"12,248.00","12,248.00","12,071.00",0.00,"12,071.00",12.000,"17,081.00","17,081.00","7,522.00",308.00,"2,071.00",231.00,"4,912.00",72,488,301,"1,876","1,041",0,5,"16,098",46.5
강원도,철원군,김화읍,2030,"72,409.00","73,615.00","55,268.00",75.1,79.500,"24,990.00","26,196.00","26,196.00","6,021.00","6,003.00","14,172.00",0.00,10.000,"22,179.00","22,179.00","17,853.00",0.00,"17,853.00",10.000,"25,240.00","25,240.00","11,219.00",419.00,"1,088.00",511.00,"9,201.00",66,535,296,"2,887","2,284",3,10,"13,729",24.8
강원도,철원군,갈말읍,2030,"72,883.00","74,566.00","62,913.00",84.4,161.200,"19,917.00","21,600.00","21,600.00","3,154.00","10,284.00","8,162.00",0.00,14.000,"33,359.00","33,359.00","29,375.00",0.00,"29,375.00",14.000,"19,607.00","19,607.00","11,938.00",257.00,"3,054.00","2,419.00","6,208.00",76,837,483,"6,165","2,791",3,13,"37,233",59.2
강원도,철원군,동송읍,2030,"100,587.00","104,078.00","89,677.00",86.2,128.300,"37,985.00","41,476.00","41,476.00","6,274.00","17,281.00","17,921.00",0.00,16.000,"29,427.00","29,427.00","28,460.00",0.00,"28,460.00",16.000,"33,175.00","33,175.00","19,741.00",703.00,"1,510.00","4,571.00","12,957.00",67,802,491,"3,851","3,028",6,8,"45,733",51.0
강원도,철원군,서면,2030,"14,427.00","14,486.00","13,450.00",92.8,68.400,"1,936.00","1,995.00","1,995.00",401.00,992.00,602.00,0.00,12.000,"6,364.00","6,364.00","6,012.00",0.00,"6,012.00",12.000,"6,127.00","6,127.00","5,443.00","1,081.00","2,903.00",667.00,792.00,86,454,281,"2,329","1,270",4,6,"3,298",24.5
강원도,철원군,근남면,2030,"11,192.00","11,302.00","9,815.00",86.8,128.700,886.00,915.00,915.00,192.00,452.00,271.00,0.00,6.000,"6,206.00","6,206.00","4,719.00",0.00,"4,719.00",6.000,"4,100.00","4,181.00","4,181.00",983.00,"2,003.00",602.00,593.00,98,112,107,556,202,0,3,"4,247",43.3
강원도,철원군,근북면,,"2,473.00","2,861.00","2,861.00",100.0,205.800,0.00,0.00,0.00,0.00,0.00,0.00,0.00,0.100,989.00,"1,007.00","1,007.00",0.00,"1,007.00",0.100,"1,484.00","1,854.00","1,854.00",672.00,0.00,"1,182.00",0.00,19,0,18,65,0,0,1,"2,473",86.4
강원도,철원군,근동면,,0.00,0.00,0.00,0.0,0.000,0.00,0.00,0.00,0.00,0.00,0.00,0.00,0.000,0.00,0.00,0.00,0.00,0.00,0.000,0.00,0.00,0.00,0.00,0.00,0.00,0.00,0,0,0,0,0,0,0,0,0.0
강원도,철원군,원동면,,0.00,0.00,0.00,0.0,0.000,0.00,0.00,0.00,0.00,0.00,0.00,0.00,0.000,0.00,0.00,0.00,0.00,0.00,0.000,0.00,0.00,0.00,0.00,0.00,0.00,0.00,0,0,0,0,0,0,0,0,0.0
강원도,철원군,원남면,,0.00,0.00,0.00,0.0,0.000,0.00,0.00,0.00,0.00,0.00,0.00,0.00,0.000,0.00,0.00,0.00,0.00,0.00,0.000,0.00,0.00,0.00,0.00,0.00,0.00,0.00,0,0,0,0,0,0,0,0,0.0
강원도,철원군,임남면,,0.00,0.00,0.00,0.0,0.000,0.00,0.00,0.00,0.00,0.00,0.00,0.00,0.000,0.00,0.00,0.00,0.00,0.00,0.000,0.00,0.00,0.00,0.00,0.00,0.00,0.00,0,0,0,0,0,0,0,0,0.0
강원도,화천군,소계,,"275,856.00","379,456.00","233,602.00",61.6,0.000,0.00,0.00,0.00,0.00,0.00,0.00,0.00,23.500,"275,856.00","275,856.00","130,002.00",0.00,"130,002.00",38.100,0.00,"103,600.00","103,600.00","9,554.00","48,484.00","11,211.00","34,351.00",0,"3,985","1,967","1,340","1,069",0,0,"171,673",73.5
강원도,화천군,화천읍,2025,"77,692.00","111,682.00","85,176.00",76.3,0.000,0.00,0.00,0.00,0.00,0.00,0.00,0.00,7.500,"77,692.00","77,692.00","51,186.00",0.00,"51,186.00",27.500,0.00,"33,990.00","33,990.00","4,665.00","23,323.00","2,309.00","3,693.00",0,"1,569",784,"1,208",604,0,0,"76,658",90.0
강원도,화천군,간동면,2025,"37,402.00","50,473.00","27,558.00",54.6,0.000,0.00,0.00,0.00,0.00,0.00,0.00,0.00,1.500,"37,402.00","37,402.00","14,487.00",0.00,"14,487.00",0.000,0.00,"13,071.00","13,071.00",230.00,"7,192.00","1,200.00","4,449.00",0,511,255,0,100,0,0,"15,156",55.0
강원도,화천군,하남면,2025,"24,933.00","32,655.00","13,684.00",41.9,0.000,0.00,0.00,0.00,0.00,0.00,0.00,0.00,1.900,"24,933.00","24,933.00","5,962.00",0.00,"5,962.00",0.000,0.00,"7,722.00","7,722.00","1,181.00","1,051.00","2,338.00","3,152.00",0,149,75,0,150,0,0,"7,526",55.0
강원도,화천군,상서면,2025,"53,223.00","74,343.00","53,276.00",71.7,0.000,0.00,0.00,0.00,0.00,0.00,0.00,0.00,4.800,"53,223.00","53,223.00","32,156.00",0.00,"32,156.00",5.300,0.00,"21,120.00","21,120.00",788.00,"7,392.00","1,748.00","11,192.00",0,863,433,2,150,0,0,"37,293",70.0
강원도,화천군,사내면,2025,"82,606.00","110,303.00","53,908.00",48.9,0.000,0.00,0.00,0.00,0.00,0.00,0.00,0.00,7.800,"82,606.00","82,606.00","26,211.00",0.00,"26,211.00",5.300,0.00,"27,697.00","27,697.00","2,690.00","9,526.00","3,616.00","11,865.00",0,893,420,130,65,0,0,"35,040",65.0
강원도,양구군,소계,,"499,095.50","499,095.50","457,191.80",91.6,0.000,0.00,0.00,0.00,0.00,0.00,0.00,0.00,16.600,"256,948.90","256,948.90","215,045.20",0.00,"215,045.20",16.600,"242,146.60","242,146.60","242,146.60","10,489.90","84,000.70","7,066.00","140,590.00",0,"4,961","1,462","3,715","1,779",6,33,"460,661",100.8
강원도,양구군,양구읍,2030,"190,109.20","190,109.20","182,228.40",95.9,0.000,0.00,0.00,0.00,0.00,0.00,0.00,0.00,6.900,"101,756.40","101,756.40","93,875.60",0.00,"93,875.60",6.900,"88,352.80","88,352.80","88,352.80","7,431.50","49,719.80","3,689.30","27,512.20",0,"2,110",920,"1,467","1,206",6,20,"182,228",100.0
강원도,양구군,남면,2030,"152,055.00","152,055.00","142,408.20",93.7,0.000,0.00,0.00,0.00,0.00,0.00,0.00,0.00,5.700,"73,850.80","73,850.80","64,204.00",0.00,"64,204.00",5.700,"78,204.20","78,204.20","78,204.20","1,201.90","16,284.30","2,681.20","58,036.80",0,"1,379",247,"1,124",421,0,13,"142,408",100.0
강원도,양구군,동면,2030,"89,139.80","89,139.80","70,130.70",78.7,0.000,0.00,0.00,0.00,0.00,0.00,0.00,0.00,2.100,"50,219.10","50,219.10","31,210.00",0.00,"31,210.00",2.100,"38,920.70","38,920.70","38,920.70","1,393.80","8,309.50",329.30,"28,888.10",0,879,126,617,98,0,0,"73,599",104.9
강원도,양구군,방산면,2030,"32,879.40","32,879.40","32,878.70",100.0,0.000,0.00,0.00,0.00,0.00,0.00,0.00,0.00,1.100,"11,233.00","11,233.00","11,232.30",0.00,"11,232.30",1.100,"21,646.40","21,646.40","21,646.40",253.40,"4,460.30",232.40,"16,700.30",0,361,68,280,33,0,0,"32,879",100.0
강원도,양구군,해안면,2030,"34,912.10","34,912.10","29,545.80",84.6,0.000,0.00,0.00,0.00,0.00,0.00,0.00,0.00,0.800,"19,889.60","19,889.60","14,523.30",0.00,"14,523.30",0.800,"15,022.50","15,022.50","15,022.50",209.30,"5,226.80",133.80,"9,452.60",0,232,101,227,21,0,0,"29,545",100.0
강원도,인제군,소계,,"326,025.00","326,111.00","268,237.00",82.3,0.000,0.00,0.00,0.00,0.00,0.00,0.00,0.00,14.600,"224,931.00","224,931.00","169,749.00",0.00,"169,749.00",14.600,"101,094.00","101,180.00","98,488.00",0.00,"76,218.00",0.00,"22,270.00",0,"2,236","1,247","4,517","4,922",0,118,"89,384",33.3
강원도,인제군,인제읍,2030,"80,139.00","80,139.00","74,647.00",93.1,0.000,0.00,0.00,0.00,0.00,0.00,0.00,0.00,2.700,"48,564.00","48,564.00","44,973.00",0.00,"44,973.00",2.700,"31,575.00","31,575.00","29,674.00",0.00,"28,764.00",0.00,910.00,0,789,494,"1,376","1,483",0,17,"22,659",30.4
강원도,인제군,남면,2030,"45,169.00","45,169.00","28,173.00",62.4,0.000,0.00,0.00,0.00,0.00,0.00,0.00,0.00,1.700,"30,424.00","30,424.00","13,429.00",0.00,"13,429.00",1.700,"14,745.00","14,745.00","14,744.00",0.00,"9,564.00",0.00,"5,180.00",0,224,163,544,737,0,24,"9,568",34.0
강원도,인제군,북면,2030,"97,425.00","97,469.00","76,404.00",78.4,0.000,0.00,0.00,0.00,0.00,0.00,0.00,0.00,3.500,"76,375.00","76,375.00","55,310.00",0.00,"55,310.00",3.500,"21,050.00","21,094.00","21,094.00",0.00,"19,774.00",0.00,"1,320.00",0,554,344,"1,255","1,054",0,14,"31,944",41.8
강원도,인제군,기린면,2030,"42,147.00","42,147.00","34,805.00",82.6,0.000,0.00,0.00,0.00,0.00,0.00,0.00,0.00,2.200,"27,731.00","27,731.00","20,881.00",0.00,"20,881.00",2.200,"14,416.00","14,416.00","13,924.00",0.00,"9,034.00",0.00,"4,890.00",0,332,117,608,696,0,26,"12,587",36.2
강원도,인제군,서화면,2030,"37,154.00","37,154.00","35,084.00",94.4,0.000,0.00,0.00,0.00,0.00,0.00,0.00,0.00,2.300,"21,846.00","21,846.00","20,074.00",0.00,"20,074.00",2.300,"15,308.00","15,308.00","15,010.00",0.00,"6,770.00",0.00,"8,240.00",0,244,95,519,750,0,22,"12,626",36.0
강원도,인제군,상남면,2030,"23,991.00","24,033.00","19,124.00",79.6,0.000,0.00,0.00,0.00,0.00,0.00,0.00,0.00,2.200,"19,991.00","19,991.00","15,082.00",0.00,"15,082.00",2.200,"4,000.00","4,042.00","4,042.00",0.00,"2,312.00",0.00,"1,730.00",0,93,34,215,202,0,15,0,0.0
강원도,고성군,소계,,"423,362.00","423,405.00","310,156.00",73.3,5.900,"65,165.00","65,165.00","54,799.00","10,617.00","6,849.00","14,400.00","22,933.00",15.700,"331,966.00","331,966.00","238,003.00","238,003.00",0.00,14.500,"26,231.00","26,274.00","17,354.00","6,889.00","1,854.00",0.00,"8,611.00","3,264","4,904",516,"8,430","6,654",22,11,0,0.0
강원도,고성군,간성읍,2030,"82,440.00","82,440.00","59,485.00",72.2,0.900,"20,419.00","20,419.00","19,736.00","1,657.00","4,306.00","2,930.00","10,843.00",2.000,"59,423.00","59,423.00","39,503.00","39,503.00",0.00,2.000,"2,598.00","2,598.00",246.00,0.00,12.00,0.00,234.00,770,772,136,"1,945","1,366",0,0,0,0.0
강원도,고성군,거진읍,2030,"95,846.00","95,889.00","74,704.00",77.9,1.800,"19,110.00","19,110.00","9,427.00",533.00,0.00,"5,169.00","3,725.00",3.500,"62,364.00","62,364.00","50,862.00","50,862.00",0.00,3.500,"14,372.00","14,415.00","14,415.00","4,316.00","1,842.00",0.00,"8,257.00",342,567,116,"2,153","1,477",1,0,0,0.0
강원도,고성군,현내면,2030,"46,049.00","46,049.00","44,253.00",96.1,0.600,"6,934.00","6,934.00","6,934.00","2,585.00",897.00,"2,017.00","1,435.00",1.800,"37,823.00","37,823.00","37,319.00","37,319.00",0.00,1.100,"1,292.00","1,292.00",0.00,0.00,0.00,0.00,0.00,725,719,64,788,633,7,0,0,0.0
강원도,고성군,죽왕면,2030,"80,068.00","80,068.00","64,266.00",80.3,1.200,"11,406.00","11,406.00","11,406.00","3,033.00",852.00,"2,100.00","5,421.00",2.000,"64,664.00","64,664.00","50,833.00","50,833.00",0.00,1.800,"3,998.00","3,998.00","2,027.00","1,907.00",0.00,0.00,120.00,773,808,68,"1,149",831,0,0,0,0.0
강원도,고성군,토성면,2030,"118,959.00","118,959.00","67,448.00",56.7,1.400,"7,296.00","7,296.00","7,296.00","2,809.00",794.00,"2,184.00","1,509.00",6.400,"107,692.00","107,692.00","59,486.00","59,486.00",0.00,6.100,"3,971.00","3,971.00",666.00,666.00,0.00,0.00,0.00,654,"2,038",132,"2,395","2,347",14,11,0,0.0
강원도,고성군,수동면,2030,0.00,0.00,0.00,0.0,0.000,0.00,0.00,0.00,0.00,0.00,0.00,0.00,0.000,0.00,0.00,0.00,0.00,0.00,0.000,0.00,0.00,0.00,0.00,0.00,0.00,0.00,0,0,0,0,0,0,0,0,0.0
강원도,양양군,소계,,"232,824.00","394,259.00","386,531.00",98.0,0.000,0.00,0.00,0.00,0.00,0.00,0.00,0.00,3.600,"128,154.00","204,980.00","197,252.00",0.00,"197,252.00",3.000,"104,670.00","189,279.00","189,279.00","15,647.00","81,692.00",176.00,"91,764.00",0,"2,459","3,531","8,101","3,835",0,233,"274,106",70.9
강원도,양양군,양양읍,2030,"130,190.00","176,882.00","176,882.00",100.0,0.000,0.00,0.00,0.00,0.00,0.00,0.00,0.00,1.500,"69,189.00","89,726.00","89,726.00",0.00,"89,726.00",1.300,"61,001.00","87,156.00","87,156.00","8,937.00","43,961.00",0.00,"34,258.00",0,"1,072","1,609","5,070","1,743",0,79,"114,059",64.5
강원도,양양군,서면,2030,"7,162.00","19,399.00","19,399.00",100.0,0.000,0.00,0.00,0.00,0.00,0.00,0.00,0.00,0.300,"5,758.00","8,014.00","8,014.00",0.00,"8,014.00",0.200,"1,404.00","11,385.00","11,385.00",708.00,"5,087.00",0.00,"5,590.00",0,195,130,365,278,0,29,"17,091",88.1
강원도,양양군,손양면,2030,"9,944.00","12,727.00","4,999.00",39.3,0.000,0.00,0.00,0.00,0.00,0.00,0.00,0.00,0.300,"9,125.00","9,125.00","1,397.00",0.00,"1,397.00",0.200,819.00,"3,602.00","3,602.00",354.00,930.00,176.00,"2,142.00",0,22,34,201,72,0,5,"3,958",79.2
강원도,양양군,현북면,2030,"1,282.00","61,386.00","61,386.00",100.0,0.000,0.00,0.00,0.00,0.00,0.00,0.00,0.00,0.400,560.00,"33,124.00","33,124.00",0.00,"33,124.00",0.300,722.00,"28,262.00","28,262.00","2,327.00","10,472.00",0.00,"15,463.00",0,399,600,975,565,0,36,"38,205",62.2
강원도,양양군,현남면,2030,"33,035.00","54,030.00","54,030.00",100.0,0.000,0.00,0.00,0.00,0.00,0.00,0.00,0.00,0.400,"14,336.00","30,617.00","30,617.00",0.00,"30,617.00",0.400,"18,699.00","23,413.00","23,413.00","1,473.00","10,668.00",0.00,"11,272.00",0,365,548,880,468,0,43,"43,739",81.0
강원도,양양군,강현면,2030,"51,211.00","69,835.00","69,835.00",100.0,0.000,0.00,0.00,0.00,0.00,0.00,0.00,0.00,0.700,"29,186.00","34,374.00","34,374.00",0.00,"34,374.00",0.600,"22,025.00","35,461.00","35,461.00","1,848.00","10,574.00",0.00,"23,039.00",0,406,610,610,709,0,41,"57,054",81.7
충청북도,,합계,,"7,387,504.53","8,312,525.58","6,837,562.08",82.3,35.360,"804,831.00","1,115,293.00","1,111,602.00","134,674.00","935,214.00","4,923.00","36,791.00",239.114,"4,407,474.93","4,601,655.98","3,313,783.48","111,968.00","3,201,815.48",808.170,"2,175,198.60","2,595,576.60","2,412,176.60","337,756.90","1,491,266.20","105,807.60","477,345.90","26,177","64,937","21,674","95,150","62,303",503,"66,532","5,836,276",85.4
충청북도,시부,합계,,"4,527,571.80","5,035,010.80","4,061,838.80",80.7,0.000,"713,361.00","996,752.00","996,752.00","127,568.00","860,501.00","2,349.00","6,334.00",110.327,"2,590,403.20","2,663,595.20","1,747,389.20","1,306.00","1,746,083.20",159.820,"1,223,807.60","1,374,663.60","1,317,697.60","181,971.90","963,381.20","21,940.60","150,403.90","12,942","23,662","10,419","41,931","52,959",395,"65,768","3,859,519",95.0
충청북도,청주시,소계,,"2,665,451.00","2,665,451.00","2,044,147.00",76.7,0.000,"713,361.00","713,361.00","713,361.00","126,740.00","577,938.00","2,349.00","6,334.00",0.000,"1,327,178.00","1,327,178.00","705,874.00","1,306.00","704,568.00",0.000,"624,912.00","624,912.00","624,912.00","135,377.00","452,224.00",170.00,"37,141.00","10,264","12,506","10,419","21,330","52,959",267,"65,280","1,841,840",90.1
충청북도,청주시,낭성면,2035,"9,610.00","9,610.00",0.00,0.0,0.000,0.00,0.00,0.00,0.00,0.00,0.00,0.00,0.000,"9,610.00","9,610.00",0.00,0.00,0.00,0.000,0.00,0.00,0.00,0.00,0.00,0.00,0.00,0,0,0,0,0,0,0,0,0.0
충청북도,청주시,미원면,2035,"48,984.00","48,984.00","35,297.00",72.1,0.000,0.00,0.00,0.00,0.00,0.00,0.00,0.00,0.000,"38,698.00","38,698.00","25,011.00",0.00,"25,011.00",0.000,"10,286.00","10,286.00","10,286.00",578.00,"2,628.00",0.00,"7,080.00",0,417,172,"1,160",89,0,"1,246","28,480",80.7
충청북도,청주시,가덕면,2035,"104,905.00","104,905.00","23,146.00",22.1,0.000,0.00,0.00,0.00,0.00,0.00,0.00,0.00,0.000,"81,759.00","81,759.00",0.00,0.00,0.00,0.000,"23,146.00","23,146.00","23,146.00",775.00,"13,810.00",0.00,"8,561.00",0,0,386,0,819,0,817,"19,049",82.3
충청북도,청주시,남일면,2035,"45,042.00","45,042.00","43,957.00",97.6,0.000,0.00,0.00,0.00,0.00,0.00,0.00,0.00,0.000,"24,128.00","24,128.00","23,043.00",0.00,"23,043.00",0.000,"20,914.00","20,914.00","20,914.00",82.00,"16,921.00",0.00,"3,911.00",0,2,349,848,745,0,743,"23,043",52.4
충청북도,청주시,문의면,2035,"85,552.00","85,552.00","65,921.00",77.1,0.000,0.00,0.00,0.00,0.00,0.00,0.00,0.00,0.000,"78,728.00","78,728.00","59,097.00",0.00,"59,097.00",0.000,"6,824.00","6,824.00","6,824.00",892.00,"5,932.00",0.00,0.00,0,985,114,"1,923",410,0,"2,327","28,752",43.6
충청북도,청주시,중앙동,2035,"94,008.00","94,008.00","91,541.00",97.4,0.000,"34,047.00","34,047.00","34,047.00","6,744.00","25,814.00",410.00,"1,079.00",0.000,"34,222.00","34,222.00","31,755.00",101.00,"31,654.00",0.000,"25,739.00","25,739.00","25,739.00","2,197.00","23,462.00",22.00,58.00,568,738,426,300,"2,689",15,"2,682","91,541",100.0
충청북도,청주시,성안동,2035,"104,018.00","104,018.00","77,703.00",74.7,0.000,"33,645.00","33,645.00","33,645.00","4,848.00","27,586.00",327.00,884.00,0.000,"43,802.00","43,802.00","17,487.00",72.00,"17,415.00",0.000,"26,571.00","26,571.00","26,571.00","1,434.00","25,073.00",17.00,47.00,561,292,443,0,"2,750",15,"2,742","77,703",100.0
충청북도,청주시,탑대성동,2035,"47,495.00","47,495.00","44,211.00",93.1,0.000,"18,008.00","18,008.00","18,008.00","1,028.00","16,798.00",49.00,133.00,0.000,"13,903.00","13,903.00","10,619.00",15.00,"10,604.00",0.000,"15,584.00","15,584.00","15,584.00",306.00,"15,268.00",0.00,10.00,300,177,260,0,"1,565",6,"1,560","44,211",100.0
충청북도,청주시,영운동,2035,"59,101.00","59,101.00","51,126.00",86.5,0.000,"20,862.00","20,862.00","20,862.00","1,255.00","19,387.00",59.00,161.00,0.000,"20,233.00","20,233.00","12,258.00",19.00,"12,239.00",0.000,"18,006.00","18,006.00","18,006.00",373.00,"17,621.00",0.00,12.00,348,205,300,0,"1,809",10,"1,804","51,126",100.0
충청북도,청주시,금천동,2035,"84,016.00","84,016.00","65,740.00",78.2,0.000,"27,134.00","27,134.00","27,134.00","2,352.00","24,582.00",54.00,146.00,0.000,"33,829.00","33,829.00","15,553.00",35.00,"15,518.00",0.000,"23,053.00","23,053.00","23,053.00",700.00,"22,342.00",0.00,11.00,453,259,384,0,"2,326",12,"2,320","65,740",100.0
충청북도,청주시,용담·명암·산성동,2035,"26,944.00","26,944.00","25,427.00",94.4,0.000,"11,931.00","11,931.00","11,931.00",513.00,"11,313.00",28.00,77.00,0.000,"6,988.00","6,988.00","5,471.00",8.00,"5,463.00",0.000,"8,025.00","8,025.00","8,025.00",153.00,"7,866.00",0.00,6.00,155,91,134,0,806,6,804,"20,926",82.3
충청북도,청주시,용암1동,2035,"24,795.00","24,795.00","21,979.00",88.6,0.000,"13,308.00","13,308.00","13,308.00",727.00,"12,581.00",0.00,0.00,0.000,"6,288.00","6,288.00","3,472.00",11.00,"3,461.00",0.000,"5,199.00","5,199.00","5,199.00",216.00,"4,983.00",0.00,0.00,103,58,87,0,527,5,525,"21,819",99.3
충청북도,청주시,용암2동,2035,"66,715.00","66,715.00","48,824.00",73.2,0.000,"25,788.00","25,788.00","25,788.00","3,732.00","21,328.00",197.00,531.00,0.000,"26,895.00","26,895.00","9,004.00",56.00,"8,948.00",0.000,"14,032.00","14,032.00","14,032.00","1,111.00","12,883.00",10.00,28.00,311,150,234,0,"1,475",9,"1,471","43,796",89.7
충청북도,청주시,남이면,2035,"46,682.00","46,682.00","11,639.00",24.9,0.000,0.00,0.00,0.00,0.00,0.00,0.00,0.00,0.000,"40,329.00","40,329.00","5,286.00",0.00,"5,286.00",0.000,"6,353.00","6,353.00","6,353.00",226.00,"5,159.00",0.00,968.00,0,126,107,221,0,0,220,0,0.0
충청북도,청주시,현도면,2035,"10,688.00","10,688.00","2,301.00",21.5,0.000,0.00,0.00,0.00,0.00,0.00,0.00,0.00,0.000,"10,688.00","10,688.00","2,301.00",0.00,"2,301.00",0.000,0.00,0.00,0.00,0.00,0.00,0.00,0.00,0,38,0,57,24,0,81,0,0.0
충청북도,청주시,사직1동,2035,"93,307.00","93,307.00","72,007.00",77.2,0.000,"31,685.00","31,685.00","31,685.00","5,933.00","25,659.00",25.00,68.00,0.000,"37,536.00","37,536.00","16,236.00",38.00,"16,198.00",0.000,"24,086.00","24,086.00","24,086.00",760.00,"23,321.00",0.00,5.00,471,271,402,0,"2,429",10,"2,422","72,007",100.0
충청북도,청주시,사직2동,2035,"52,067.00","52,067.00","40,503.00",77.8,0.000,"18,456.00","18,456.00","18,456.00","4,397.00","13,939.00",32.00,88.00,0.000,"20,391.00","20,391.00","8,827.00",27.00,"8,800.00",0.000,"13,220.00","13,220.00","13,220.00",545.00,"12,669.00",0.00,6.00,265,147,221,0,"1,343",6,"1,339","40,503",100.0
충청북도,청주시,사창동,2035,"79,108.00","79,108.00","62,956.00",79.6,0.000,"25,631.00","25,631.00","25,631.00","1,473.00","24,136.00",6.00,16.00,0.000,"31,284.00","31,284.00","15,132.00",22.00,"15,110.00",0.000,"22,193.00","22,193.00","22,193.00",438.00,"21,754.00",0.00,1.00,428,252,370,0,"2,221",9,"2,215","62,956",100.0
충청북도,청주시,모충동,2035,"107,763.00","107,763.00","89,503.00",83.1,0.000,"40,610.00","40,610.00","40,610.00","9,807.00","30,744.00",16.00,43.00,0.000,"37,742.00","37,742.00","19,482.00",74.00,"19,408.00",0.000,"29,411.00","29,411.00","29,411.00","1,465.00","27,943.00",0.00,3.00,596,325,490,796,"2,198",12,"2,987","89,503",100.0
충청북도,청주시,산남동,2035,"37,502.00","37,502.00","32,839.00",87.6,0.000,"13,860.00","13,860.00","13,860.00","1,886.00","11,939.00",9.00,26.00,0.000,"12,228.00","12,228.00","7,565.00",28.00,"7,537.00",0.000,"11,414.00","11,414.00","11,414.00",561.00,"10,851.00",0.00,2.00,232,126,190,0,"1,162",5,"1,159","32,839",100.0
충청북도,청주시,분평동,2035,"79,629.00","79,629.00","46,011.00",57.8,0.000,"24,913.00","24,913.00","24,913.00","1,525.00","23,388.00",0.00,0.00,0.000,"42,093.00","42,093.00","8,475.00",23.00,"8,452.00",0.000,"12,623.00","12,623.00","12,623.00",454.00,"12,169.00",0.00,0.00,249,141,211,262,"1,012",5,"1,271","37,867",82.3
충청북도,청주시,수곡1동,2035,"89,855.00","89,855.00","76,128.00",84.7,0.000,"36,733.00","36,733.00","36,733.00","12,005.00","24,629.00",27.00,72.00,0.000,"29,345.00","29,345.00","15,618.00",70.00,"15,548.00",0.000,"23,777.00","23,777.00","23,777.00","1,387.00","22,385.00",0.00,5.00,491,260,396,489,"1,945",10,"2,428","76,128",100.0
충청북도,청주시,수곡2동,2035,"4,189.00","4,189.00","4,189.00",100.0,0.000,"2,310.00","2,310.00","2,310.00","1,368.00",942.00,0.00,0.00,0.000,616.00,616.00,616.00,21.00,595.00,0.000,"1,263.00","1,263.00","1,263.00",407.00,856.00,0.00,0.00,39,10,21,0,148,1,148,"4,189",100.0
충청북도,청주시,성화·개신·죽림동,2035,"69,379.00","69,379.00","52,034.00",75.0,0.000,"24,112.00","24,112.00","24,112.00","5,522.00","18,506.00",23.00,61.00,0.000,"28,164.00","28,164.00","10,819.00",84.00,"10,735.00",0.000,"17,103.00","17,103.00","17,103.00","1,643.00","15,456.00",0.00,4.00,378,180,285,0,"1,788",7,"1,784","45,750",87.9
충청북도,청주시,오송읍,2035,"30,939.00","30,939.00","27,956.00",90.4,0.000,0.00,0.00,0.00,0.00,0.00,0.00,0.00,0.000,"23,377.00","23,377.00","20,394.00",0.00,"20,394.00",0.000,"7,562.00","7,562.00","7,562.00",337.00,"5,546.00",0.00,"1,679.00",0,340,126,"1,577",0,0,987,"23,007",82.3
충청북도,청주시,강내면,2035,"60,776.00","60,776.00","50,069.00",82.4,0.000,0.00,0.00,0.00,0.00,0.00,0.00,0.00,0.000,"46,086.00","46,086.00","35,379.00",0.00,"35,379.00",0.000,"14,690.00","14,690.00","14,690.00",857.00,"9,462.00",0.00,"4,371.00",0,644,245,"2,567",0,0,"1,605","43,613",87.1
충청북도,청주시,옥산면,2035,"43,707.00","43,707.00","35,130.00",80.4,0.000,396.00,396.00,396.00,396.00,0.00,0.00,0.00,0.000,"36,467.00","36,467.00","27,890.00",0.00,"27,890.00",0.000,"6,844.00","6,844.00","6,844.00",594.00,"4,904.00",0.00,"1,346.00",0,465,114,911,318,0,"1,226","28,286",80.5
충청북도,청주시,운천·신봉동,2035,"54,143.00","54,143.00","46,260.00",85.4,0.000,"23,929.00","23,929.00","23,929.00","9,644.00","14,061.00",60.00,164.00,0.000,"16,645.00","16,645.00","8,762.00",51.00,"8,711.00",0.000,"13,569.00","13,569.00","13,569.00","1,015.00","12,542.00",0.00,12.00,291,146,226,0,"1,407",8,"1,403","39,071",84.5
충청북도,청주시,복대1동,2035,"72,491.00","72,491.00","57,997.00",80.0,0.000,"27,586.00","27,586.00","27,586.00","1,695.00","25,886.00",0.00,5.00,0.000,"26,767.00","26,767.00","12,273.00",25.00,"12,248.00",0.000,"18,138.00","18,138.00","18,138.00",504.00,"17,634.00",0.00,0.00,352,205,302,0,"1,823",10,"1,818","57,997",100.0
충청북도,청주시,복대2동,2035,"32,219.00","32,219.00","26,033.00",80.8,0.000,"13,256.00","13,256.00","13,256.00","3,237.00","10,019.00",0.00,0.00,0.000,"11,057.00","11,057.00","4,871.00",49.00,"4,822.00",0.000,"7,906.00","7,906.00","7,906.00",963.00,"6,943.00",0.00,0.00,181,81,132,0,837,6,835,"26,033",100.0
충청북도,청주시,가경동,2035,"7,824.00","7,824.00","5,437.00",69.5,0.000,"4,025.00","4,025.00","4,025.00",922.00,"3,103.00",0.00,0.00,0.000,"2,862.00","2,862.00",475.00,14.00,461.00,0.000,937.00,937.00,937.00,274.00,663.00,0.00,0.00,27,8,16,0,108,4,108,"5,437",100.0
충청북도,청주시,봉명1동,2035,"61,566.00","61,566.00","59,624.00",96.8,0.000,"24,382.00","24,382.00","24,382.00","1,811.00","22,512.00",16.00,43.00,0.000,"16,181.00","16,181.00","14,239.00",27.00,"14,212.00",0.000,"21,003.00","21,003.00","21,003.00",539.00,"20,461.00",0.00,3.00,407,237,350,0,"2,110",11,"2,104","59,624",100.0
충청북도,청주시,봉명2·송정동,2035,"23,960.00","23,960.00","23,960.00",100.0,0.000,"11,223.00","11,223.00","11,223.00","3,671.00","7,524.00",8.00,20.00,0.000,"4,805.00","4,805.00","4,805.00",55.00,"4,750.00",0.000,"7,932.00","7,932.00","7,932.00","1,093.00","6,838.00",0.00,1.00,188,80,132,0,848,5,846,"23,960",100.0
충청북도,청주시,강서1동,2035,"98,465.00","98,465.00","61,047.00",62.0,0.000,"33,628.00","33,628.00","33,628.00","6,590.00","26,496.00",146.00,396.00,0.000,"47,898.00","47,898.00","10,480.00",99.00,"10,381.00",0.000,"16,939.00","16,939.00","16,939.00","1,964.00","14,946.00",0.00,29.00,393,175,282,0,"1,805",9,"1,800","50,241",82.3
충청북도,청주시,강서2동,2035,"64,080.00","64,080.00","39,247.00",61.2,0.000,"25,773.00","25,773.00","25,773.00","17,256.00","8,394.00",33.00,90.00,0.000,"30,083.00","30,083.00","5,250.00",36.00,"5,214.00",0.000,"8,224.00","8,224.00","8,224.00",711.00,"7,507.00",0.00,6.00,180,87,137,0,858,3,856,"24,300",61.9
충청북도,청주시,내수읍,2035,"74,071.00","74,071.00","73,772.00",99.6,0.000,0.00,0.00,0.00,0.00,0.00,0.00,0.00,0.000,"55,375.00","55,375.00","55,076.00",0.00,"55,076.00",0.000,"18,696.00","18,696.00","18,696.00","1,892.00","11,619.00",0.00,"5,185.00",0,918,312,"3,734",0,0,"2,572","60,714",82.3
충청북도,청주시,오창읍,2035,"74,131.00","74,131.00","69,527.00",93.8,0.000,0.00,0.00,0.00,0.00,0.00,0.00,0.00,0.000,"64,226.00","64,226.00","59,622.00",0.00,"59,622.00",0.000,"9,905.00","9,905.00","9,905.00",479.00,"5,676.00",78.00,"3,672.00",0,994,165,"1,388","1,062",0,"2,443","57,220",82.3
충청북도,청주시,북이면,2035,"57,984.00","57,984.00","8,661.00",14.9,0.000,0.00,0.00,0.00,0.00,0.00,0.00,0.00,0.000,"57,204.00","57,204.00","7,881.00",0.00,"7,881.00",0.000,780.00,780.00,780.00,0.00,780.00,0.00,0.00,0,39,13,285,0,0,111,"5,528",63.8
충청북도,청주시,우암동,2035,"116,305.00","116,305.00","112,645.00",96.9,0.000,"36,554.00","36,554.00","36,554.00","5,412.00","30,870.00",73.00,199.00,0.000,"50,069.00","50,069.00","46,409.00",81.00,"46,328.00",0.000,"29,682.00","29,682.00","29,682.00","28,057.00","1,611.00",4.00,10.00,610,"1,329",495,"3,531","3,036",16,"3,028","112,645",100.0
충청북도,청주시,내덕1동,2035,"90,527.00","90,527.00","89,711.00",99.1,0.000,"36,174.00","36,174.00","36,174.00","4,230.00","30,840.00",298.00,806.00,0.000,"26,449.00","26,449.00","25,633.00",63.00,"25,570.00",0.000,"27,904.00","27,904.00","27,904.00","26,585.00","1,259.00",16.00,44.00,577,614,465,668,"2,867",16,"2,859","89,711",100.0
충청북도,청주시,내덕2동,2035,"84,973.00","84,973.00","84,157.00",99.0,0.000,"32,933.00","32,933.00","32,933.00","3,842.00","28,611.00",130.00,350.00,0.000,"25,218.00","25,218.00","24,402.00",58.00,"24,344.00",0.000,"26,822.00","26,822.00","26,822.00","25,654.00","1,143.00",7.00,18.00,543,579,447,613,"2,734",15,"2,726","84,157",100.0
충청북도,청주시,율량·사천동,2035,"84,187.00","84,187.00","64,865.00",77.0,0.000,"30,867.00","30,867.00","30,867.00","2,367.00","27,336.00",314.00,850.00,0.000,"32,965.00","32,965.00","13,643.00",36.00,"13,607.00",0.000,"20,355.00","20,355.00","20,355.00","19,590.00",704.00,16.00,45.00,419,227,339,0,"2,091",14,"2,085","53,383",82.3
충청북도,청주시,오근장동,2035,"61,749.00","61,749.00","23,067.00",37.4,0.000,"9,602.00","9,602.00","9,602.00",552.00,"9,015.00",9.00,26.00,0.000,"43,945.00","43,945.00","5,263.00",8.00,"5,255.00",0.000,"8,202.00","8,202.00","8,202.00","7,566.00",634.00,0.00,2.00,148,88,139,0,775,7,773,"18,984",82.3
충청북도,충주시,소계,,"1,360,470.80","1,360,470.80","1,176,998.80",86.5,0.000,0.00,0.00,0.00,0.00,0.00,0.00,0.00,69.410,"820,905.20","820,905.20","637,433.20",0.00,"637,433.20",156.350,"539,565.60","539,565.60","539,565.60","46,552.90","358,021.20","21,728.60","113,262.90",0,"9,458",0,"14,804",0,110,434,"1,176,986",100.0
충청북도,충주시,주덕읍,2035,"81,751.50","81,751.50","67,157.50",82.1,0.000,0.00,0.00,0.00,0.00,0.00,0.00,0.00,5.450,"55,749.00","55,749.00","41,155.00",0.00,"41,155.00",14.600,"26,002.50","26,002.50","26,002.50","2,168.30","11,511.70","4,182.70","8,139.80",0,273,0,255,0,0,0,"67,157",100.0
충청북도,충주시,살미면,2035,"20,033.70","20,033.70","17,441.70",87.1,0.000,0.00,0.00,0.00,0.00,0.00,0.00,0.00,1.470,"20,033.70","20,033.70","17,441.70",0.00,"17,441.70",0.000,0.00,0.00,0.00,0.00,0.00,0.00,0.00,0,0,0,0,0,0,0,"17,441",100.0
충청북도,충주시,수안보면,2035,"86,201.30","86,201.30","71,897.30",83.4,0.000,0.00,0.00,0.00,0.00,0.00,0.00,0.00,3.210,"56,414.80","56,414.80","42,110.80",0.00,"42,110.80",14.660,"29,786.50","29,786.50","29,786.50","1,168.20","9,494.80","6,397.00","12,726.50",0,572,0,15,0,5,0,"71,897",100.0
충청북도,충주시,대소원면,2035,"54,089.60","54,089.60","53,192.60",98.3,0.000,0.00,0.00,0.00,0.00,0.00,0.00,0.00,5.750,"31,217.30","31,217.30","30,320.30",0.00,"30,320.30",15.350,"22,872.30","22,872.30","22,872.30",909.10,"14,301.20","2,495.10","5,166.90",0,0,0,0,0,0,0,"53,192",100.0
충청북도,충주시,신니면,2035,"58,506.90","58,506.90","32,793.90",56.1,0.000,0.00,0.00,0.00,0.00,0.00,0.00,0.00,4.550,"46,068.70","46,068.70","20,355.70",0.00,"20,355.70",7.830,"12,438.20","12,438.20","12,438.20",922.50,"4,245.40","3,566.60","3,703.70",0,0,0,0,0,0,0,"32,793",100.0
충청북도,충주시,노은면,2035,"22,188.90","22,188.90","9,061.90",40.8,0.000,0.00,0.00,0.00,0.00,0.00,0.00,0.00,1.490,"22,188.90","22,188.90","9,061.90",0.00,"9,061.90",0.000,0.00,0.00,0.00,0.00,0.00,0.00,0.00,0,0,0,0,0,0,0,"9,061",100.0
충청북도,충주시,앙성면,2035,"68,045.70","68,045.70","43,103.70",63.3,0.000,0.00,0.00,0.00,0.00,0.00,0.00,0.00,3.390,"49,551.90","49,551.90","24,609.90",0.00,"24,609.90",24.500,"18,493.80","18,493.80","18,493.80","2,291.70","8,007.50","4,954.50","3,240.10",0,138,0,282,0,0,0,"43,103",100.0
충청북도,충주시,중앙탑면,2035,"28,806.90","28,806.90","19,296.90",67.0,0.000,0.00,0.00,0.00,0.00,0.00,0.00,0.00,2.760,"28,806.90","28,806.90","19,296.90",0.00,"19,296.90",0.000,0.00,0.00,0.00,0.00,0.00,0.00,0.00,0,0,0,0,0,0,0,"19,296",100.0
충청북도,충주시,금가면,2035,"25,902.50","25,902.50","16,184.50",62.5,0.000,0.00,0.00,0.00,0.00,0.00,0.00,0.00,2.090,"25,902.50","25,902.50","16,184.50",0.00,"16,184.50",0.000,0.00,0.00,0.00,0.00,0.00,0.00,0.00,0,0,0,0,0,0,0,"16,184",100.0
충청북도,충주시,동량면,2035,"45,244.80","45,244.80","28,004.80",61.9,0.000,0.00,0.00,0.00,0.00,0.00,0.00,0.00,6.240,"45,244.80","45,244.80","28,004.80",0.00,"28,004.80",18.920,0.00,0.00,0.00,0.00,0.00,0.00,0.00,0,"1,219",0,"1,073",0,0,0,"28,004",100.0
충청북도,충주시,산척면,2035,"14,903.80","14,903.80","3,567.80",23.9,0.000,0.00,0.00,0.00,0.00,0.00,0.00,0.00,1.180,"14,903.80","14,903.80","3,567.80",0.00,"3,567.80",0.000,0.00,0.00,0.00,0.00,0.00,0.00,0.00,0,0,0,0,0,0,0,"3,567",100.0
충청북도,충주시,엄정면,2035,"13,434.10","13,434.10","13,434.10",100.0,0.000,0.00,0.00,0.00,0.00,0.00,0.00,0.00,1.260,"13,434.10","13,434.10","13,434.10",0.00,"13,434.10",0.000,0.00,0.00,0.00,0.00,0.00,0.00,0.00,0,0,0,0,0,0,0,"13,434",100.0
충청북도,충주시,소태면,2035,"22,989.80","22,989.80","16,687.80",72.6,0.000,0.00,0.00,0.00,0.00,0.00,0.00,0.00,2.220,"22,989.80","22,989.80","16,687.80",0.00,"16,687.80",0.000,0.00,0.00,0.00,0.00,0.00,0.00,0.00,0,0,0,0,0,0,0,"16,687",100.0
충청북도,충주시,성내·충인동,2035,"35,388.50","35,388.50","35,388.50",100.0,0.000,0.00,0.00,0.00,0.00,0.00,0.00,0.00,0.500,"13,740.90","13,740.90","13,740.90",0.00,"13,740.90",16.390,"21,647.60","21,647.60","21,647.60",380.80,"6,192.70",0.00,"15,074.10",0,"7,256",0,"13,179",0,105,434,"35,388",100.0
충청북도,충주시,교현·안림동,2035,"162,851.80","162,851.80","162,851.80",100.0,0.000,0.00,0.00,0.00,0.00,0.00,0.00,0.00,3.910,"83,371.10","83,371.10","83,371.10",0.00,"83,371.10",13.250,"79,480.70","79,480.70","79,480.70","5,568.00","58,307.30",0.00,"15,605.40",0,0,0,0,0,0,0,"162,851",100.0
충청북도,충주시,교현2동,2035,0.00,0.00,0.00,0.0,0.000,0.00,0.00,0.00,0.00,0.00,0.00,0.00,0.900,0.00,0.00,0.00,0.00,0.00,0.000,0.00,0.00,0.00,0.00,0.00,0.00,0.00,0,0,0,0,0,0,0,0,0.0
충청북도,충주시,용산동,2035,"41,144.20","41,144.20","41,144.20",100.0,0.000,0.00,0.00,0.00,0.00,0.00,0.00,0.00,0.990,"16,660.50","16,660.50","16,660.50",0.00,"16,660.50",0.000,"24,483.70","24,483.70","24,483.70","2,936.40","14,793.10",0.00,"6,754.20",0,0,0,0,0,0,0,"41,144",100.0
충청북도,충주시,지현동,2035,"31,425.10","31,425.10","31,425.10",100.0,0.000,0.00,0.00,0.00,0.00,0.00,0.00,0.00,0.530,"12,007.90","12,007.90","12,007.90",0.00,"12,007.90",0.000,"19,417.20","19,417.20","19,417.20","1,021.80","13,925.00",0.00,"4,470.40",0,0,0,0,0,0,0,"31,425",100.0
충청북도,충주시,문화동,2035,"52,385.70","52,385.70","52,385.70",100.0,0.000,0.00,0.00,0.00,0.00,0.00,0.00,0.00,0.980,"23,410.50","23,410.50","23,410.50",0.00,"23,410.50",0.000,"28,975.20","28,975.20","28,975.20","1,306.20","20,507.90",0.00,"7,161.10",0,0,0,0,0,0,0,"52,385",100.0
충청북도,충주시,호암·직동,2035,"41,763.80","41,763.80","41,763.80",100.0,0.000,0.00,0.00,0.00,0.00,0.00,0.00,0.00,1.630,"18,092.90","18,092.90","18,092.90",0.00,"18,092.90",0.000,"23,670.90","23,670.90","23,670.90","2,008.00","20,470.70",0.00,"1,192.20",0,0,0,0,0,0,0,"41,763",100.0
충청북도,충주시,달천동,2035,"97,685.40","97,685.40","64,488.40",66.0,0.000,0.00,0.00,0.00,0.00,0.00,0.00,0.00,5.290,"63,543.90","63,543.90","30,346.90",0.00,"30,346.90",9.010,"34,141.50","34,141.50","34,141.50","4,284.10","26,784.30",0.00,"3,073.10",0,0,0,0,0,0,0,"64,488",100.0
충청북도,충주시,봉방동,2035,"66,945.10","66,945.10","66,945.10",100.0,0.000,0.00,0.00,0.00,0.00,0.00,0.00,0.00,1.400,"31,355.40","31,355.40","31,355.40",0.00,"31,355.40",0.000,"35,589.70","35,589.70","35,589.70","3,077.80","23,828.90",0.00,"8,683.00",0,0,0,0,0,0,0,"66,945",100.0
충청북도,충주시,칠금·금릉동,2035,"89,172.00","89,172.00","89,172.00",100.0,0.000,0.00,0.00,0.00,0.00,0.00,0.00,0.00,3.210,"38,373.30","38,373.30","38,373.30",0.00,"38,373.30",0.000,"50,798.70","50,798.70","50,798.70","5,685.10","43,130.20",10.50,"1,972.90",0,0,0,0,0,0,0,"89,172",100.0
충청북도,충주시,연수동,2035,"87,261.20","87,261.20","87,261.20",100.0,0.000,0.00,0.00,0.00,0.00,0.00,0.00,0.00,2.380,"39,917.30","39,917.30","39,917.30",0.00,"39,917.30",8.450,"47,343.90","47,343.90","47,343.90","5,860.30","39,561.60",0.00,"1,922.00",0,0,0,0,0,0,0,"87,261",100.0
충청북도,충주시,목행용탄동,2035,"112,348.50","112,348.50","112,348.50",100.0,0.000,0.00,0.00,0.00,0.00,0.00,0.00,0.00,6.630,"47,925.30","47,925.30","47,925.30",0.00,"47,925.30",13.390,"64,423.20","64,423.20","64,423.20","6,964.60","42,958.90",122.20,"14,377.50",0,0,0,0,0,0,0,"112,348",100.0
충청북도,제천시,소계,,"501,650.00","1,009,089.00","840,693.00",83.3,0.000,0.00,"283,391.00","283,391.00",828.00,"282,563.00",0.00,0.00,40.917,"442,320.00","515,512.00","404,082.00",0.00,"404,082.00",3.470,"59,330.00","210,186.00","153,220.00",42.00,"153,136.00",42.00,0.00,"2,678","1,698",0,"5,797",0,18,54,"840,693",100.0
충청북도,제천시,봉양읍,2035,"72,730.00","73,558.00","34,763.00",47.3,0.000,0.00,828.00,828.00,828.00,0.00,0.00,0.00,3.157,"50,700.00","50,700.00","32,672.00",0.00,"32,672.00",3.470,"22,030.00","22,030.00","1,263.00",0.00,"1,263.00",0.00,0.00,0,632,0,825,0,0,8,"34,763",100.0
충청북도,제천시,금성면,2035,0.00,"22,068.00","22,068.00",100.0,0.000,0.00,0.00,0.00,0.00,0.00,0.00,0.00,2.330,0.00,"21,836.00","21,836.00",0.00,"21,836.00",0.000,0.00,232.00,232.00,0.00,232.00,0.00,0.00,467,0,0,575,0,0,0,"22,068",100.0
충청북도,제천시,청풍면,2035,"2,800.00","13,978.00","13,978.00",100.0,0.000,0.00,0.00,0.00,0.00,0.00,0.00,0.00,1.002,"2,800.00","11,216.00","11,216.00",0.00,"11,216.00",0.000,0.00,"2,762.00","2,762.00",0.00,"2,762.00",0.00,0.00,212,0,0,295,0,0,0,"13,838",99.0
충청북도,제천시,수산면,2035,0.00,"26,372.00","26,372.00",100.0,0.000,0.00,0.00,0.00,0.00,0.00,0.00,0.00,2.230,0.00,"26,276.00","26,276.00",0.00,"26,276.00",0.000,0.00,96.00,96.00,0.00,96.00,0.00,0.00,566,1,0,645,0,0,9,"26,678",101.2
충청북도,제천시,덕산면,2035,"56,910.00","56,974.00","30,452.00",53.4,0.000,0.00,0.00,0.00,0.00,0.00,0.00,0.00,3.920,"30,340.00","30,404.00","30,404.00",0.00,"30,404.00",0.000,"26,570.00","26,570.00",48.00,0.00,48.00,0.00,0.00,769,0,0,852,0,0,17,"30,452",100.0
충청북도,제천시,한수면,2035,"15,470.00","16,368.00","15,902.00",97.2,0.000,0.00,0.00,0.00,0.00,0.00,0.00,0.00,0.420,"15,470.00","15,470.00","15,004.00",0.00,"15,004.00",0.000,0.00,898.00,898.00,0.00,898.00,0.00,0.00,267,0,0,283,0,0,0,"15,902",100.0
충청북도,제천시,백운면,2035,0.00,"17,280.00","17,280.00",100.0,0.000,0.00,0.00,0.00,0.00,0.00,0.00,0.00,2.780,0.00,"16,600.00","16,600.00",0.00,"16,600.00",0.000,0.00,680.00,680.00,0.00,680.00,0.00,0.00,397,0,0,605,0,0,8,"16,606",96.1
충청북도,제천시,송학면,2035,"70,420.00","70,420.00","59,153.00",84.0,0.000,0.00,0.00,0.00,0.00,0.00,0.00,0.00,4.258,"59,690.00","59,690.00","58,100.00",0.00,"58,100.00",0.000,"10,730.00","10,730.00","1,053.00",0.00,"1,053.00",0.00,0.00,0,"1,065",0,"1,573",0,0,12,"59,230",100.1
충청북도,제천시,교동,2035,"35,320.00","92,583.00","75,417.00",81.5,0.000,0.00,"41,063.00","41,063.00",0.00,"41,063.00",0.00,0.00,3.000,"35,320.00","35,320.00","18,154.00",0.00,"18,154.00",0.000,0.00,"16,200.00","16,200.00",0.00,"16,200.00",0.00,0.00,0,0,0,1,0,1,0,"74,976",99.4
충청북도,제천시,의림지동,2035,"30,500.00","78,286.00","68,186.00",87.1,0.000,0.00,"31,500.00","31,500.00",0.00,"31,500.00",0.00,0.00,1.100,"30,500.00","30,500.00","20,400.00",0.00,"20,400.00",0.000,0.00,"16,286.00","16,286.00",0.00,"16,244.00",42.00,0.00,0,0,0,0,0,1,0,"68,186",100.0
충청북도,제천시,중앙동,2035,"31,480.00","79,812.00","70,236.00",88.0,0.000,0.00,"32,000.00","32,000.00",0.00,"32,000.00",0.00,0.00,1.000,"31,480.00","31,480.00","21,904.00",0.00,"21,904.00",0.000,0.00,"16,332.00","16,332.00",0.00,"16,332.00",0.00,0.00,0,0,0,14,0,0,0,"70,236",100.0
충청북도,제천시,남현동,2035,"30,000.00","75,718.00","59,829.00",79.0,0.000,0.00,"29,500.00","29,500.00",0.00,"29,500.00",0.00,0.00,1.900,"30,000.00","30,000.00","14,111.00",0.00,"14,111.00",0.000,0.00,"16,218.00","16,218.00",0.00,"16,218.00",0.00,0.00,0,0,0,1,0,1,0,"59,829",100.0
충청북도,제천시,영서동,2035,"30,500.00","76,722.00","65,498.00",85.4,0.000,0.00,"30,000.00","30,000.00",0.00,"30,000.00",0.00,0.00,1.700,"30,500.00","30,500.00","19,276.00",0.00,"19,276.00",0.000,0.00,"16,222.00","16,222.00",0.00,"16,222.00",0.00,0.00,0,0,0,21,0,2,0,"65,498",100.0
충청북도,제천시,용두동,2035,"34,520.00","83,284.00","75,962.00",91.2,0.000,0.00,"32,500.00","32,500.00",0.00,"32,500.00",0.00,0.00,2.800,"34,520.00","34,520.00","27,198.00",0.00,"27,198.00",0.000,0.00,"16,264.00","16,264.00",42.00,"16,222.00",0.00,0.00,0,0,0,39,0,8,0,"76,562",100.8
충청북도,제천시,신백동,2035,"31,680.00","82,402.00","74,976.00",91.0,0.000,0.00,"34,500.00","34,500.00",0.00,"34,500.00",0.00,0.00,3.400,"31,680.00","31,680.00","24,254.00",0.00,"24,254.00",0.000,0.00,"16,222.00","16,222.00",0.00,"16,222.00",0.00,0.00,0,0,0,66,0,5,0,"74,733",99.7
충청북도,제천시,청전동,2035,"24,000.00","62,722.00","60,717.00",96.8,0.000,0.00,"22,500.00","22,500.00",0.00,"22,500.00",0.00,0.00,2.700,"24,000.00","24,000.00","21,995.00",0.00,"21,995.00",0.000,0.00,"16,222.00","16,222.00",0.00,"16,222.00",0.00,0.00,0,0,0,1,0,0,0,"60,717",100.0
충청북도,제천시,화산동,2035,"35,320.00","80,542.00","69,904.00",86.8,0.000,0.00,"29,000.00","29,000.00",0.00,"29,000.00",0.00,0.00,3.220,"35,320.00","35,320.00","24,682.00",0.00,"24,682.00",0.000,0.00,"16,222.00","16,222.00",0.00,"16,222.00",0.00,0.00,0,0,0,1,0,0,0,"70,419",100.7
충청북도,군부,합계,,"2,859,932.73","3,277,514.78","2,775,723.28",84.7,35.360,"91,470.00","118,541.00","114,850.00","7,106.00","74,713.00","2,574.00","30,457.00",128.787,"1,817,071.73","1,938,060.78","1,566,394.28","110,662.00","1,455,732.28",648.350,"951,391.00","1,220,913.00","1,094,479.00","155,785.00","527,885.00","83,867.00","326,942.00","13,235","41,275","11,255","53,219","9,344",108,764,"1,976,757",71.2
충청북도,보은군,소계,,"553,208.00","553,208.00","446,038.00",80.6,0.000,0.00,0.00,0.00,0.00,0.00,0.00,0.00,18.616,"354,693.00","354,693.00","280,086.00",0.00,"280,086.00",584.250,"198,515.00","198,515.00","165,952.00","12,789.00","68,507.00","7,464.00","77,192.00",0,"9,925","4,446","7,815",0,0,303,"417,996",93.7
충청북도,보은군,보은읍,2020,"194,366.00","194,366.00","165,585.00",85.2,0.000,0.00,0.00,0.00,0.00,0.00,0.00,0.00,6.040,"108,978.00","108,978.00","90,266.00",0.00,"90,266.00",62.320,"85,388.00","85,388.00","75,319.00","6,384.00","32,901.00","4,815.00","31,219.00",0,"3,578","1,837","2,785",0,0,49,"160,655",97.0
충청북도,보은군,속리산면,2020,"54,378.00","54,378.00","48,634.00",89.4,0.000,0.00,0.00,0.00,0.00,0.00,0.00,0.00,2.110,"41,956.00","41,956.00","38,924.00",0.00,"38,924.00",92.240,"12,422.00","12,422.00","9,710.00",305.00,"4,706.00",0.00,"4,699.00",0,954,501,851,0,0,60,"41,641",85.6
충청북도,보은군,장안면,2020,"36,130.00","36,130.00","32,953.00",91.2,0.000,0.00,0.00,0.00,0.00,0.00,0.00,0.00,1.330,"21,071.00","21,071.00","17,894.00",0.00,"17,894.00",29.860,"15,059.00","15,059.00","15,059.00",521.00,"3,621.00",709.00,"10,208.00",0,806,332,428,0,0,29,"30,623",92.9
충청북도,보은군,마로면,2020,"55,119.00","55,119.00","44,301.00",80.4,0.000,0.00,0.00,0.00,0.00,0.00,0.00,0.00,3.220,"41,064.00","41,064.00","36,958.00",0.00,"36,958.00",68.460,"14,055.00","14,055.00","7,343.00",739.00,"2,487.00",0.00,"4,117.00",0,"1,117",272,893,0,0,45,"44,125",99.6
충청북도,보은군,탄부면,2020,"47,721.00","47,721.00","40,091.00",84.0,0.000,0.00,0.00,0.00,0.00,0.00,0.00,0.00,0.570,"39,885.00","39,885.00","32,255.00",0.00,"32,255.00",31.610,"7,836.00","7,836.00","7,836.00","1,477.00","2,584.00",0.00,"3,775.00",0,781,140,476,0,0,17,"37,877",94.5
충청북도,보은군,삼승면,2020,"61,560.00","61,560.00","57,530.00",93.5,0.000,0.00,0.00,0.00,0.00,0.00,0.00,0.00,1.220,"31,264.00","31,264.00","31,264.00",0.00,"31,264.00",28.290,"30,296.00","30,296.00","26,266.00","2,496.00","11,988.00","1,940.00","9,842.00",0,"1,366",534,825,0,0,45,"57,473",99.9
충청북도,보은군,수한면,2020,"8,252.00","8,252.00","7,200.00",87.3,0.000,0.00,0.00,0.00,0.00,0.00,0.00,0.00,0.830,"5,701.00","5,701.00","4,649.00",0.00,"4,649.00",48.740,"2,551.00","2,551.00","2,551.00",126.00,"1,029.00",0.00,"1,396.00",0,205,80,322,0,0,16,"6,949",96.5
충청북도,보은군,회남면,2020,"10,992.00","10,992.00",0.00,0.0,0.000,0.00,0.00,0.00,0.00,0.00,0.00,0.00,0.296,"10,992.00","10,992.00",0.00,0.00,0.00,46.540,0.00,0.00,0.00,0.00,0.00,0.00,0.00,0,0,0,0,0,0,0,0,0.0
충청북도,보은군,회인면,2020,"40,910.00","40,910.00","20,002.00",48.9,0.000,0.00,0.00,0.00,0.00,0.00,0.00,0.00,1.350,"22,083.00","22,083.00","10,215.00",0.00,"10,215.00",54.030,"18,827.00","18,827.00","9,787.00",408.00,"3,925.00",0.00,"5,454.00",0,465,349,690,0,0,17,"15,749",78.7
충청북도,보은군,내북면,2020,"19,594.00","19,594.00","14,321.00",73.1,0.000,0.00,0.00,0.00,0.00,0.00,0.00,0.00,0.570,"13,584.00","13,584.00","8,311.00",0.00,"8,311.00",63.470,"6,010.00","6,010.00","6,010.00",333.00,"2,571.00",0.00,"3,106.00",0,428,173,381,0,0,16,"13,955",97.4
충청북도,보은군,산외면,2020,"24,186.00","24,186.00","15,421.00",63.8,0.000,0.00,0.00,0.00,0.00,0.00,0.00,0.00,1.080,"18,115.00","18,115.00","9,350.00",0.00,"9,350.00",58.690,"6,071.00","6,071.00","6,071.00",0.00,"2,695.00",0.00,"3,376.00",0,225,228,164,0,0,9,"8,949",58.0
충청북도,옥천군,소계,,"684,600.00","684,602.00","625,322.00",91.3,33.400,"21,343.00","21,343.00","21,343.00",753.00,"19,393.00",428.00,769.00,16.891,"356,661.00","356,661.00","297,383.00",0.00,"297,383.00",0.000,"306,596.00","306,598.00","306,596.00","24,076.00","149,496.00","67,675.00","65,349.00",0,"2,785","1,493","9,473",0,49,154,0,0.0
충청북도,옥천군,옥천읍,2035,"235,580.00","235,580.00","228,948.00",97.2,33.400,"21,343.00","21,343.00","21,343.00",753.00,"19,393.00",428.00,769.00,11.507,"101,991.00","101,991.00","95,359.00",0.00,"95,359.00",0.000,"112,246.00","112,246.00","112,246.00","8,825.00","59,527.00","13,723.00","30,171.00",0,"1,301",797,"3,363",0,49,97,0,0.0
충청북도,옥천군,동이면,2035,"58,193.00","58,194.00","55,459.00",95.3,0.000,0.00,0.00,0.00,0.00,0.00,0.00,0.00,0.820,"32,048.00","32,048.00","29,313.00",0.00,"29,313.00",0.000,"26,145.00","26,146.00","26,146.00","1,296.00","14,662.00","7,305.00","2,883.00",0,165,81,"1,036",0,0,0,0,0.0
충청북도,옥천군,안남면,2035,"26,197.00","26,197.00","23,440.00",89.5,0.000,0.00,0.00,0.00,0.00,0.00,0.00,0.00,0.354,"14,451.00","14,451.00","11,695.00",0.00,"11,695.00",0.000,"11,746.00","11,746.00","11,745.00",889.00,"3,581.00","3,156.00","4,119.00",0,165,49,231,0,0,0,0,0.0
충청북도,옥천군,안내면,2035,"38,182.00","38,182.00","34,355.00",90.0,0.000,0.00,0.00,0.00,0.00,0.00,0.00,0.00,0.429,"21,453.00","21,453.00","17,627.00",0.00,"17,627.00",0.000,"16,729.00","16,729.00","16,728.00","1,106.00","5,757.00","5,797.00","4,068.00",0,181,60,516,0,0,0,0,0.0
충청북도,옥천군,청성면,2035,"34,959.00","34,960.00","20,649.00",59.1,0.000,0.00,0.00,0.00,0.00,0.00,0.00,0.00,0.230,"21,291.00","21,291.00","6,980.00",0.00,"6,980.00",0.000,"13,668.00","13,669.00","13,669.00",949.00,"6,865.00","3,791.00","2,064.00",0,48,48,328,0,0,0,0,0.0
충청북도,옥천군,청산면,2035,"65,540.00","65,540.00","63,324.00",96.6,0.000,0.00,0.00,0.00,0.00,0.00,0.00,0.00,1.119,"41,805.00","41,805.00","39,589.00",0.00,"39,589.00",0.000,"23,735.00","23,735.00","23,735.00","1,623.00","9,431.00","6,826.00","5,855.00",0,128,30,"1,440",0,0,0,0,0.0
충청북도,옥천군,이원면,2035,"107,643.00","107,643.00","96,047.00",89.2,0.000,0.00,0.00,0.00,0.00,0.00,0.00,0.00,1.831,"59,866.00","59,866.00","48,270.00",0.00,"48,270.00",0.000,"47,777.00","47,777.00","47,777.00","3,260.00","22,376.00","13,133.00","9,008.00",0,466,220,"1,036",0,0,57,0,0.0
충청북도,옥천군,군서면,2035,"58,426.00","58,426.00","47,503.00",81.3,0.000,0.00,0.00,0.00,0.00,0.00,0.00,0.00,0.390,"33,348.00","33,348.00","22,425.00",0.00,"22,425.00",0.000,"25,078.00","25,078.00","25,078.00","3,138.00","9,308.00","7,813.00","4,819.00",0,80,33,634,0,0,0,0,0.0
충청북도,옥천군,군북면,2035,"59,880.00","59,880.00","55,597.00",92.8,0.000,0.00,0.00,0.00,0.00,0.00,0.00,0.00,0.211,"30,408.00","30,408.00","26,125.00",0.00,"26,125.00",0.000,"29,472.00","29,472.00","29,472.00","2,990.00","17,989.00","6,131.00","2,362.00",0,251,175,889,0,0,0,0,0.0
충청북도,영동군,소계,,"272,901.00","442,596.00","380,583.00",86.0,0.000,0.00,256.00,256.00,256.00,0.00,0.00,0.00,14.480,"272,901.00","272,901.00","210,888.00",0.00,"210,888.00",0.000,0.00,"169,439.00","169,439.00","13,576.00","54,923.00",0.00,"100,940.00",0,"7,958",0,"7,709",0,1,24,"375,645",98.7
충청북도,영동군,영동읍,2017,"79,011.00","146,398.00","141,637.00",96.7,0.000,0.00,256.00,256.00,256.00,0.00,0.00,0.00,5.380,"79,011.00","79,011.00","74,250.00",0.00,"74,250.00",0.000,0.00,"67,131.00","67,131.00","6,026.00","37,557.00",0.00,"23,548.00",0,"2,868",0,"2,208",0,1,24,"141,637",100.0
충청북도,영동군,용산면,2017,"15,002.00","25,357.00","24,084.00",95.0,0.000,0.00,0.00,0.00,0.00,0.00,0.00,0.00,0.600,"15,002.00","15,002.00","13,729.00",0.00,"13,729.00",0.000,0.00,"10,355.00","10,355.00",895.00,"1,610.00",0.00,"7,850.00",0,538,0,533,0,0,0,"24,084",100.0
충청북도,영동군,황간면,2017,"28,949.00","44,308.00","40,820.00",92.1,0.000,0.00,0.00,0.00,0.00,0.00,0.00,0.00,2.400,"28,949.00","28,949.00","25,461.00",0.00,"25,461.00",0.000,0.00,"15,359.00","15,359.00","1,921.00","3,866.00",0.00,"9,572.00",0,728,0,874,0,0,0,"40,820",100.0
충청북도,영동군,추풍령면,2017,"13,730.00","31,412.00","31,274.00",99.6,0.000,0.00,0.00,0.00,0.00,0.00,0.00,0.00,0.700,"13,730.00","13,730.00","13,592.00",0.00,"13,592.00",0.000,0.00,"17,682.00","17,682.00",900.00,"1,766.00",0.00,"15,016.00",0,577,0,524,0,0,0,"31,274",100.0
충청북도,영동군,매곡면,2017,"16,013.00","20,545.00","9,181.00",44.7,0.000,0.00,0.00,0.00,0.00,0.00,0.00,0.00,0.500,"16,013.00","16,013.00","4,649.00",0.00,"4,649.00",0.000,0.00,"4,532.00","4,532.00",465.00,368.00,0.00,"3,699.00",0,213,0,229,0,0,0,"9,181",100.0
충청북도,영동군,상촌면,2017,"16,072.00","21,675.00","14,098.00",65.0,0.000,0.00,0.00,0.00,0.00,0.00,0.00,0.00,0.700,"16,072.00","16,072.00","8,495.00",0.00,"8,495.00",0.000,0.00,"5,603.00","5,603.00",438.00,347.00,0.00,"4,818.00",0,317,0,381,0,0,0,"14,098",100.0
충청북도,영동군,양강면,2017,"21,842.00","33,379.00","26,455.00",79.3,0.000,0.00,0.00,0.00,0.00,0.00,0.00,0.00,0.900,"21,842.00","21,842.00","14,918.00",0.00,"14,918.00",0.000,0.00,"11,537.00","11,537.00",197.00,"1,263.00",0.00,"10,077.00",0,544,0,478,0,0,0,"26,455",100.0
충청북도,영동군,용화면,2017,"5,514.00","8,848.00","8,848.00",100.0,0.000,0.00,0.00,0.00,0.00,0.00,0.00,0.00,0.200,"5,514.00","5,514.00","5,514.00",0.00,"5,514.00",0.000,0.00,"3,334.00","3,334.00",0.00,190.00,0.00,"3,144.00",0,207,0,229,0,0,0,"8,848",100.0
충청북도,영동군,학산면,2017,"28,688.00","41,893.00","33,789.00",80.7,0.000,0.00,0.00,0.00,0.00,0.00,0.00,0.00,1.100,"28,688.00","28,688.00","20,584.00",0.00,"20,584.00",0.000,0.00,"13,205.00","13,205.00",533.00,"2,801.00",0.00,"9,871.00",0,811,0,876,0,0,0,"33,789",100.0
충청북도,영동군,양산면,2017,"20,051.00","29,950.00","22,192.00",74.1,0.000,0.00,0.00,0.00,0.00,0.00,0.00,0.00,0.900,"20,051.00","20,051.00","12,293.00",0.00,"12,293.00",0.000,0.00,"9,899.00","9,899.00",940.00,"2,451.00",0.00,"6,508.00",0,579,0,539,0,0,0,"22,192",100.0
충청북도,영동군,심천면,2017,"28,029.00","38,831.00","28,205.00",72.6,0.000,0.00,0.00,0.00,0.00,0.00,0.00,0.00,1.100,"28,029.00","28,029.00","17,403.00",0.00,"17,403.00",0.000,0.00,"10,802.00","10,802.00","1,261.00","2,704.00",0.00,"6,837.00",0,576,0,838,0,0,0,"23,267",82.5
충청북도,증평군,소계,,"357,402.00","357,402.00","312,943.00",87.6,0.000,"23,226.00","23,226.00","23,226.00",683.00,"9,702.00",0.00,"12,841.00",17.950,"198,268.00","198,268.00","153,809.00",0.00,"153,809.00",17.950,"135,908.00","135,908.00","135,908.00","18,364.00","84,393.00",0.00,"33,151.00","6,686","6,686",0,"3,811",0,3,0,"304,173",97.2
충청북도,증평군,증평읍,2035,"299,882.00","299,882.00","281,924.00",94.0,0.000,"14,365.00","14,365.00","14,365.00",577.00,"6,145.00",0.00,"7,643.00",15.230,"161,297.00","161,297.00","143,339.00",0.00,"143,339.00",15.230,"124,220.00","124,220.00","124,220.00","16,610.00","77,500.00",0.00,"30,110.00","5,975","5,975",0,"3,652",0,2,0,"273,154",96.9
충청북도,증평군,도안면,2035,"57,520.00","57,520.00","31,019.00",53.9,0.000,"8,861.00","8,861.00","8,861.00",106.00,"3,557.00",0.00,"5,198.00",2.720,"36,971.00","36,971.00","10,470.00",0.00,"10,470.00",2.720,"11,688.00","11,688.00","11,688.00","1,754.00","6,893.00",0.00,"3,041.00",711,711,0,159,0,1,0,"31,019",100.0
충청북도,진천군,소계,,"343,217.73","343,217.78","243,840.28",71.0,0.410,"22,685.00","22,685.00","18,994.00",158.00,"3,988.00","1,765.00","13,083.00",19.150,"241,965.73","241,965.78","202,650.28",447.00,"202,203.28",19.150,"78,567.00","78,567.00","22,196.00",957.00,"17,464.00",0.00,"3,775.00","3,717","3,268",542,"5,776","9,344",12,0,"166,456",68.3
충청북도,진천군,진천읍,2025,"138,420.60","138,420.60","99,710.15",72.0,0.080,"17,983.00","17,983.00","14,292.00",0.00,0.00,"1,665.00","12,627.00",10.040,"91,615.60","91,615.60","80,248.15",146.00,"80,102.15",10.040,"28,822.00","28,822.00","5,170.00",0.00,"5,170.00",0.00,0.00,"1,912","1,294",104,"2,847","3,702",12,0,"83,508",83.8
충청북도,진천군,덕산면,2025,"51,239.00","51,239.00","32,763.00",63.9,0.000,0.00,0.00,0.00,0.00,0.00,0.00,0.00,2.890,"37,904.00","37,904.00","29,412.00",0.00,"29,412.00",2.890,"13,335.00","13,335.00","3,351.00",348.00,"1,579.00",0.00,"1,424.00",504,475,68,642,"1,534",0,0,"22,237",67.9
충청북도,진천군,초평면,2025,"35,308.05","35,308.10","35,308.10",100.0,0.000,0.00,0.00,0.00,0.00,0.00,0.00,0.00,0.510,"33,626.05","33,626.10","33,626.10",0.00,"33,626.10",0.510,"1,682.00","1,682.00","1,682.00",0.00,990.00,0.00,692.00,358,542,34,684,890,0,0,"14,396",40.8
충청북도,진천군,문백면,2025,"14,466.20","14,466.20","9,750.15",67.4,0.000,0.00,0.00,0.00,0.00,0.00,0.00,0.00,0.290,"8,598.20","8,598.20","8,598.15",0.00,"8,598.15",0.290,"5,868.00","5,868.00","1,152.00",62.00,528.00,0.00,562.00,215,139,118,231,932,0,0,0,0.0
충청북도,진천군,백곡면,2025,0.00,0.00,0.00,0.0,0.000,0.00,0.00,0.00,0.00,0.00,0.00,0.00,0.000,0.00,0.00,0.00,0.00,0.00,0.000,0.00,0.00,0.00,0.00,0.00,0.00,0.00,0,0,0,0,0,0,0,0,0.0
충청북도,진천군,이월면,2025,"52,619.88","52,619.88","33,613.88",63.9,0.000,0.00,0.00,0.00,0.00,0.00,0.00,0.00,1.630,"42,300.88","42,300.88","29,902.88",0.00,"29,902.88",1.630,"10,319.00","10,319.00","3,711.00",0.00,"2,614.00",0.00,"1,097.00",406,482,75,882,"1,024",0,0,"25,321",75.3
충청북도,진천군,광혜원면,2025,"51,164.00","51,164.00","32,695.00",63.9,0.330,"4,702.00","4,702.00","4,702.00",158.00,"3,988.00",100.00,456.00,3.790,"27,921.00","27,921.00","20,863.00",301.00,"20,562.00",3.790,"18,541.00","18,541.00","7,130.00",547.00,"6,583.00",0.00,0.00,322,336,143,490,"1,262",0,0,"20,994",64.2
충청북도,괴산군,소계,,"69,981.00","266,993.00","246,038.00",92.2,0.000,0.00,0.00,0.00,0.00,0.00,0.00,0.00,11.600,"63,376.00","168,210.00","147,255.00",0.00,"147,255.00",11.600,"6,605.00","98,783.00","98,783.00","47,192.00","6,118.00","8,100.00","37,373.00",0,"6,315",0,"6,164",0,27,0,"246,038",100.0
충청북도,괴산군,괴산읍,2020,"9,102.00","84,109.00","84,109.00",100.0,0.000,0.00,0.00,0.00,0.00,0.00,0.00,0.00,7.600,"2,497.00","50,991.00","50,991.00",0.00,"50,991.00",7.600,"6,605.00","33,118.00","33,118.00","17,784.00","3,461.00","2,524.00","9,349.00",0,"2,948",0,"3,074",0,14,0,"84,109",100.0
충청북도,괴산군,감물면,2020,"1,415.00","25,476.00","25,476.00",100.0,0.000,0.00,0.00,0.00,0.00,0.00,0.00,0.00,0.400,"1,415.00","20,912.00","20,912.00",0.00,"20,912.00",0.400,0.00,"4,564.00","4,564.00","1,692.00",7.00,7.00,"2,858.00",0,445,0,225,0,0,0,"25,476",100.0
충청북도,괴산군,장연면,2020,"11,477.00","12,958.00","7,128.00",55.0,0.000,0.00,0.00,0.00,0.00,0.00,0.00,0.00,0.300,"11,477.00","11,477.00","5,647.00",0.00,"5,647.00",0.300,0.00,"1,481.00","1,481.00",655.00,0.00,128.00,698.00,0,211,0,145,0,0,0,"7,128",100.0
충청북도,괴산군,연풍면,2020,0.00,"21,915.00","21,915.00",100.0,0.000,0.00,0.00,0.00,0.00,0.00,0.00,0.00,0.500,0.00,"13,340.00","13,340.00",0.00,"13,340.00",0.500,0.00,"8,575.00","8,575.00","5,215.00",0.00,0.00,"3,360.00",0,252,0,476,0,0,0,"21,915",100.0
충청북도,괴산군,칠성면,2020,"13,873.00","23,426.00","20,294.00",86.6,0.000,0.00,0.00,0.00,0.00,0.00,0.00,0.00,0.900,"13,873.00","13,873.00","10,741.00",0.00,"10,741.00",0.900,0.00,"9,553.00","9,553.00","3,320.00",0.00,181.00,"6,052.00",0,291,0,493,0,0,0,"20,294",100.0
충청북도,괴산군,문광면,2020,"4,750.00","5,315.00","4,456.00",83.8,0.000,0.00,0.00,0.00,0.00,0.00,0.00,0.00,0.100,"4,750.00","4,750.00","3,891.00",0.00,"3,891.00",0.100,0.00,565.00,565.00,565.00,0.00,0.00,0.00,0,381,0,173,0,0,0,"4,456",100.0
충청북도,괴산군,청천면,2020,"4,031.00","29,380.00","29,380.00",100.0,0.000,0.00,0.00,0.00,0.00,0.00,0.00,0.00,0.600,"4,031.00","17,622.00","17,622.00",0.00,"17,622.00",0.600,0.00,"11,758.00","11,758.00","5,572.00","1,660.00","1,660.00","2,866.00",0,618,0,372,0,11,0,"29,380",100.0
충청북도,괴산군,청안면,2020,"5,944.00","21,653.00","21,653.00",100.0,0.000,0.00,0.00,0.00,0.00,0.00,0.00,0.00,0.500,"5,944.00","11,686.00","11,686.00",0.00,"11,686.00",0.500,0.00,"9,967.00","9,967.00","4,964.00",0.00,"1,598.00","3,405.00",0,603,0,379,0,0,0,"21,653",100.0
충청북도,괴산군,사리면,2020,"7,180.00","15,070.00","9,690.00",64.3,0.000,0.00,0.00,0.00,0.00,0.00,0.00,0.00,0.300,"7,180.00","7,180.00","1,800.00",0.00,"1,800.00",0.300,0.00,"7,890.00","7,890.00","4,870.00",0.00,"1,012.00","2,008.00",0,199,0,260,0,2,0,"9,690",100.0
충청북도,괴산군,소수면,2020,0.00,"6,256.00","6,256.00",100.0,0.000,0.00,0.00,0.00,0.00,0.00,0.00,0.00,0.200,0.00,"4,170.00","4,170.00",0.00,"4,170.00",0.200,0.00,"2,086.00","2,086.00",105.00,447.00,447.00,"1,087.00",0,154,0,183,0,0,0,"6,256",100.0
충청북도,괴산군,불정면,2020,"12,209.00","21,435.00","15,681.00",73.2,0.000,0.00,0.00,0.00,0.00,0.00,0.00,0.00,0.200,"12,209.00","12,209.00","6,455.00",0.00,"6,455.00",0.200,0.00,"9,226.00","9,226.00","2,450.00",543.00,543.00,"5,690.00",0,213,0,384,0,0,0,"15,681",100.0
충청북도,음성군,소계,,"371,305.00","379,685.00","337,355.00",88.9,1.550,"24,216.00","24,216.00","24,216.00","3,863.00","19,249.00",0.00,"1,104.00",19.200,"201,435.00","201,912.00","163,637.00",0.00,"163,637.00",15.400,"145,654.00","153,557.00","149,502.00","5,763.00","143,373.00",0.00,366.00,112,"4,338","4,774","5,260",0,16,283,"337,337",100.0
충청북도,음성군,음성읍,2025,"96,755.00","96,755.00","75,275.00",77.8,1.550,"24,216.00","24,216.00","24,216.00","3,863.00","19,249.00",0.00,"1,104.00",4.200,"55,828.00","55,828.00","36,555.00",0.00,"36,555.00",4.200,"16,711.00","16,711.00","14,504.00",0.00,"14,504.00",0.00,0.00,112,911,"1,119",925,0,4,88,"75,257",100.0
충청북도,음성군,금왕읍,2025,"68,855.00","74,063.00","71,567.00",96.6,0.000,0.00,0.00,0.00,0.00,0.00,0.00,0.00,3.100,"37,551.00","37,551.00","35,055.00",0.00,"35,055.00",3.100,"31,304.00","36,512.00","36,512.00",0.00,"36,512.00",0.00,0.00,0,936,"1,020","1,071",0,9,37,"71,567",100.0
충청북도,음성군,소이면,2025,"2,838.00","2,838.00",0.00,0.0,0.000,0.00,0.00,0.00,0.00,0.00,0.00,0.00,0.100,"2,838.00","2,838.00",0.00,0.00,0.00,0.100,0.00,0.00,0.00,0.00,0.00,0.00,0.00,0,0,0,0,0,0,0,0,0.0
충청북도,음성군,원남면,2025,"3,349.00","3,349.00",0.00,0.0,0.000,0.00,0.00,0.00,0.00,0.00,0.00,0.00,0.100,"3,349.00","3,349.00",0.00,0.00,0.00,0.100,0.00,0.00,0.00,0.00,0.00,0.00,0.00,0,0,0,0,0,0,0,0,0.0
충청북도,음성군,맹동면,2025,"78,642.00","78,642.00","78,642.00",100.0,0.000,0.00,0.00,0.00,0.00,0.00,0.00,0.00,3.900,"32,441.00","32,441.00","32,441.00",0.00,"32,441.00",0.100,"46,201.00","46,201.00","46,201.00","5,001.00","41,200.00",0.00,0.00,0,819,963,855,0,0,0,"78,642",100.0
충청북도,음성군,대소면,2025,"51,377.00","51,714.00","49,866.00",96.4,0.000,0.00,0.00,0.00,0.00,0.00,0.00,0.00,3.300,"29,497.00","29,834.00","29,834.00",0.00,"29,834.00",3.300,"21,880.00","21,880.00","20,032.00",762.00,"18,904.00",0.00,366.00,0,539,536,846,0,3,58,"49,866",100.0
충청북도,음성군,삼성면,2025,"17,595.00","20,017.00","15,395.00",76.9,0.000,0.00,0.00,0.00,0.00,0.00,0.00,0.00,1.600,"12,735.00","12,735.00","8,113.00",0.00,"8,113.00",1.600,"4,860.00","7,282.00","7,282.00",0.00,"7,282.00",0.00,0.00,0,435,335,655,0,0,56,"15,395",100.0
충청북도,음성군,생극면,2025,"19,209.00","19,209.00","13,512.00",70.3,0.000,0.00,0.00,0.00,0.00,0.00,0.00,0.00,1.100,"11,752.00","11,752.00","6,055.00",0.00,"6,055.00",1.100,"7,457.00","7,457.00","7,457.00",0.00,"7,457.00",0.00,0.00,0,235,217,314,0,0,18,"13,512",100.0
충청북도,음성군,감곡면,2025,"32,685.00","33,098.00","33,098.00",100.0,0.000,0.00,0.00,0.00,0.00,0.00,0.00,0.00,1.800,"15,444.00","15,584.00","15,584.00",0.00,"15,584.00",1.800,"17,241.00","17,514.00","17,514.00",0.00,"17,514.00",0.00,0.00,0,463,584,594,0,0,26,"33,098",100.0
충청북도,단양군,소계,,"207,318.00","249,811.00","183,604.00",73.5,0.000,0.00,"26,815.00","26,815.00","1,393.00","22,381.00",381.00,"2,660.00",10.900,"127,772.00","143,450.00","110,686.00","110,215.00",471.00,0.000,"79,546.00","79,546.00","46,103.00","33,068.00","3,611.00",628.00,"8,796.00","2,720",0,0,"7,211",0,0,0,"129,112",70.3
충청북도,단양군,단양읍,,"109,522.00","124,421.00","76,299.00",61.3,0.000,0.00,"14,899.00","14,899.00","1,219.00","13,063.00",144.00,473.00,3.100,"56,844.00","56,844.00","38,232.00","38,181.00",51.00,0.000,"52,678.00","52,678.00","23,168.00","15,401.00","2,101.00",160.00,"5,506.00","1,206",0,0,"2,879",0,0,0,"73,373",96.2
충청북도,단양군,매포읍,,"65,176.00","77,092.00","62,189.00",80.7,0.000,0.00,"11,916.00","11,916.00",174.00,"9,318.00",237.00,"2,187.00",4.100,"38,308.00","38,308.00","27,338.00","26,918.00",420.00,0.000,"26,868.00","26,868.00","22,935.00","17,667.00","1,510.00",468.00,"3,290.00","1,062",0,0,"2,001",0,0,0,"55,739",89.6
충청북도,단양군,대강면,,"7,170.00","7,170.00","4,610.00",64.3,0.000,0.00,0.00,0.00,0.00,0.00,0.00,0.00,0.500,"7,170.00","7,170.00","4,610.00","4,610.00",0.00,0.000,0.00,0.00,0.00,0.00,0.00,0.00,0.00,111,0,0,321,0,0,0,0,0.0
충청북도,단양군,가곡면,,"2,324.00","12,577.00","12,577.00",100.0,0.000,0.00,0.00,0.00,0.00,0.00,0.00,0.00,0.700,"2,324.00","12,577.00","12,577.00","12,577.00",0.00,0.000,0.00,0.00,0.00,0.00,0.00,0.00,0.00,34,0,0,400,0,0,0,0,0.0
충청북도,단양군,영춘면,,"7,667.00","9,198.00","9,198.00",100.0,0.000,0.00,0.00,0.00,0.00,0.00,0.00,0.00,0.900,"7,667.00","9,198.00","9,198.00","9,198.00",0.00,0.000,0.00,0.00,0.00,0.00,0.00,0.00,0.00,92,0,0,498,0,0,0,0,0.0
충청북도,단양군,어상천면,,"2,394.00","5,768.00","5,768.00",100.0,0.000,0.00,0.00,0.00,0.00,0.00,0.00,0.00,0.700,"2,394.00","5,768.00","5,768.00","5,768.00",0.00,0.000,0.00,0.00,0.00,0.00,0.00,0.00,0.00,59,0,0,401,0,0,0,0,0.0
충청북도,단양군,적성면,,"3,983.00","3,983.00","3,361.00",84.4,0.000,0.00,0.00,0.00,0.00,0.00,0.00,0.00,0.300,"3,983.00","3,983.00","3,361.00","3,361.00",0.00,0.000,0.00,0.00,0.00,0.00,0.00,0.00,0.00,74,0,0,130,0,0,0,0,0.0
충청북도,단양군,단성면,,"9,082.00","9,602.00","9,602.00",100.0,0.000,0.00,0.00,0.00,0.00,0.00,0.00,0.00,0.600,"9,082.00","9,602.00","9,602.00","9,602.00",0.00,0.000,0.00,0.00,0.00,0.00,0.00,0.00,0.00,82,0,0,581,0,0,0,0,0.0
충청남도,,합계,,"10,266,428.32","11,262,362.77","7,998,827.27",71.0,"27,888.489","2,056,184.10","2,260,983.83","1,368,072.53","270,477.24","544,796.13","182,139.47","370,659.67",420.827,"5,332,529.31","5,604,820.49","4,179,558.20","7,189.90","4,172,368.30",195.732,"2,877,714.91","3,396,558.45","2,451,196.54","485,136.60","1,614,910.20","74,957.00","276,192.74","58,440","71,991","37,325","336,031","24,483",842,"1,332","6,463,700",80.8
충청남도,시부,합계,,"6,873,168.22","7,647,878.97","5,802,330.27",75.9,91.013,"1,197,181.00","1,375,588.03","889,382.73","117,328.24","398,030.43","150,126.47","223,897.57",271.253,"3,432,789.31","3,661,402.49","2,907,544.20","7,188.90","2,900,355.30",133.817,"2,243,197.91","2,610,888.45","2,005,403.34","365,783.90","1,416,440.30","11,455.00","211,724.14","45,020","47,716","30,423","280,847","15,547",589,"1,061","4,637,651",79.9
충청남도,천안시,소계,,"1,688,592.00","1,804,840.00","1,517,412.00",84.1,0.000,"692,685.00","692,685.00","454,413.00","27,093.00","146,166.00","138,745.00","142,409.00",82.554,"772,690.00","846,713.00","798,548.00",133.00,"798,415.00",0.000,"223,217.00","265,442.00","264,451.00","41,133.00","218,989.00","4,026.00",303.00,"9,061","15,922","5,271","207,510",0,141,406,"1,429,941",94.2
충청남도,천안시,목천읍,2030,"73,376.00","111,126.00","110,077.00",99.1,0.000,"20,716.00","20,716.00","19,667.00",729.00,"6,138.00","3,736.00","9,064.00",3.833,"51,588.00","89,338.00","89,338.00",0.00,"89,338.00",0.000,"1,072.00","1,072.00","1,072.00",0.00,572.00,500.00,0.00,767,"1,347",446,"2,599",0,0,0,"86,578",78.7
충청남도,천안시,풍세면,2030,"62,777.00","66,265.00","61,267.00",92.5,0.000,"13,238.00","13,238.00","8,240.00","1,061.00","1,377.00","2,680.00","3,122.00",1.709,"49,008.00","52,496.00","52,496.00",0.00,"52,496.00",0.000,531.00,531.00,531.00,0.00,131.00,400.00,0.00,287,505,167,"1,913",0,0,14,"61,267",100.0
충청남도,천안시,광덕면,2030,"17,114.00","18,162.00","15,162.00",83.5,0.000,"8,326.00","8,326.00","5,326.00",156.00,"1,809.00","2,144.00","1,217.00",1.404,"8,207.00","9,255.00","9,255.00",0.00,"9,255.00",0.000,581.00,581.00,581.00,0.00,515.00,66.00,0.00,42,74,24,286,0,0,0,"15,162",100.0
충청남도,천안시,북면,2030,"18,577.00","21,077.00","20,199.00",95.8,0.000,"3,192.00","3,192.00","2,658.00",0.00,970.00,468.00,"1,220.00",1.056,"15,041.00","17,541.00","17,541.00",0.00,"17,541.00",0.000,344.00,344.00,0.00,0.00,0.00,0.00,0.00,143,252,83,708,0,0,0,"17,699",87.6
충청남도,천안시,성남면,2030,"20,654.00","20,693.00","18,445.00",89.1,0.000,"2,500.00","2,500.00",300.00,300.00,0.00,0.00,0.00,2.063,"17,654.00","17,693.00","17,693.00",0.00,"17,693.00",0.000,500.00,500.00,452.00,408.00,44.00,0.00,0.00,138,243,80,621,0,0,10,"12,854",69.7
충청남도,천안시,수신면,2030,"40,125.00","57,554.00","57,174.00",99.3,0.000,"13,141.00","13,141.00","12,915.00",197.00,"2,442.00","5,545.00","4,731.00",1.674,"26,459.00","43,888.00","43,888.00",0.00,"43,888.00",0.000,525.00,525.00,371.00,165.00,206.00,0.00,0.00,349,614,203,"1,633",0,0,1,"39,745",69.5
충청남도,천안시,병천면,2030,"44,450.00","47,522.00","45,454.00",95.6,0.000,"11,202.00","11,202.00","9,441.00","1,666.00","2,725.00","2,371.00","2,679.00",2.633,"32,441.00","35,513.00","35,513.00",0.00,"35,513.00",0.000,807.00,807.00,500.00,0.00,300.00,200.00,0.00,286,502,166,"1,102",0,0,16,"42,382",93.2
충청남도,천안시,동면,2030,"17,266.00","17,266.00","12,010.00",69.6,0.000,210.00,210.00,134.00,0.00,104.00,0.00,30.00,1.404,"16,156.00","16,156.00","11,114.00",0.00,"11,114.00",0.000,900.00,900.00,762.00,0.00,762.00,0.00,0.00,100,176,58,337,0,0,0,"4,896",40.8
충청남도,천안시,중앙동,2030,"1,092,997.00","1,135,222.00","914,351.00",80.5,0.000,"481,691.00","481,691.00","290,857.00","15,322.00","90,483.00","97,558.00","87,494.00",45.400,"407,097.00","407,097.00","377,060.00",133.00,"376,927.00",0.000,"204,209.00","246,434.00","246,434.00","39,945.00","206,186.00",0.00,303.00,"5,819","10,225","3,386","188,984",0,101,251,"914,351",100.0
충청남도,천안시,문성동,,0.00,0.00,0.00,0.0,0.000,0.00,0.00,0.00,0.00,0.00,0.00,0.00,0.000,0.00,0.00,0.00,0.00,0.00,0.000,0.00,0.00,0.00,0.00,0.00,0.00,0.00,0,0,0,0,0,0,0,0,0.0
충청남도,천안시,원성1동,,0.00,0.00,0.00,0.0,0.000,0.00,0.00,0.00,0.00,0.00,0.00,0.00,0.000,0.00,0.00,0.00,0.00,0.00,0.000,0.00,0.00,0.00,0.00,0.00,0.00,0.00,0,0,0,0,0,0,0,0,0.0
충청남도,천안시,원성2동,,0.00,0.00,0.00,0.0,0.000,0.00,0.00,0.00,0.00,0.00,0.00,0.00,0.000,0.00,0.00,0.00,0.00,0.00,0.000,0.00,0.00,0.00,0.00,0.00,0.00,0.00,0,0,0,0,0,0,0,0,0.0
충청남도,천안시,봉명동,,0.00,0.00,0.00,0.0,0.000,0.00,0.00,0.00,0.00,0.00,0.00,0.00,0.000,0.00,0.00,0.00,0.00,0.00,0.000,0.00,0.00,0.00,0.00,0.00,0.00,0.00,0,0,0,0,0,0,0,0,0.0
충청남도,천안시,일봉동,,0.00,0.00,0.00,0.0,0.000,0.00,0.00,0.00,0.00,0.00,0.00,0.00,0.000,0.00,0.00,0.00,0.00,0.00,0.000,0.00,0.00,0.00,0.00,0.00,0.00,0.00,0,0,0,0,0,0,0,0,0.0
충청남도,천안시,신방동,,0.00,0.00,0.00,0.0,0.000,0.00,0.00,0.00,0.00,0.00,0.00,0.00,0.000,0.00,0.00,0.00,0.00,0.00,0.000,0.00,0.00,0.00,0.00,0.00,0.00,0.00,0,0,0,0,0,0,0,0,0.0
충청남도,천안시,청룡동,,0.00,0.00,0.00,0.0,0.000,0.00,0.00,0.00,0.00,0.00,0.00,0.00,0.000,0.00,0.00,0.00,0.00,0.00,0.000,0.00,0.00,0.00,0.00,0.00,0.00,0.00,0,0,0,0,0,0,0,0,0.0
충청남도,천안시,신안동,,0.00,0.00,0.00,0.0,0.000,0.00,0.00,0.00,0.00,0.00,0.00,0.00,0.000,0.00,0.00,0.00,0.00,0.00,0.000,0.00,0.00,0.00,0.00,0.00,0.00,0.00,0,0,0,0,0,0,0,0,0.0
충청남도,천안시,성환읍,2030,"162,802.00","171,499.00","164,660.00",96.0,0.000,"82,201.00","82,201.00","75,362.00","5,367.00","28,040.00","18,758.00","23,197.00",7.668,"71,437.00","80,134.00","80,134.00",0.00,"80,134.00",0.000,"9,164.00","9,164.00","9,164.00",344.00,"7,460.00","1,360.00",0.00,479,841,278,"4,674",0,16,53,"136,394",82.8
충청남도,천안시,성거읍,2030,"49,656.00","49,656.00","36,817.00",74.1,0.000,"17,513.00","17,513.00","9,792.00",785.00,"3,717.00","1,234.00","4,056.00",5.038,"30,403.00","30,403.00","25,285.00",0.00,"25,285.00",0.000,"1,740.00","1,740.00","1,740.00",165.00,"1,075.00",500.00,0.00,194,341,113,"1,719",0,0,0,"36,817",100.0
충청남도,천안시,직산읍,2030,"51,540.00","51,540.00","35,245.00",68.4,0.000,"23,760.00","23,760.00","13,996.00","1,298.00","6,241.00","3,108.00","3,349.00",5.912,"26,355.00","26,355.00","19,824.00",0.00,"19,824.00",0.000,"1,425.00","1,425.00","1,425.00",27.00,898.00,500.00,0.00,239,419,139,"1,583",0,0,0,"35,245",100.0
충청남도,천안시,입장면,2030,"37,258.00","37,258.00","26,551.00",71.3,0.000,"14,995.00","14,995.00","5,725.00",212.00,"2,120.00","1,143.00","2,250.00",2.760,"20,844.00","20,844.00","19,407.00",0.00,"19,407.00",0.000,"1,419.00","1,419.00","1,419.00",79.00,840.00,500.00,0.00,218,383,128,"1,351",0,24,61,"26,551",100.0
충청남도,천안시,성정1동,,0.00,0.00,0.00,0.0,0.000,0.00,0.00,0.00,0.00,0.00,0.00,0.00,0.000,0.00,0.00,0.00,0.00,0.00,0.000,0.00,0.00,0.00,0.00,0.00,0.00,0.00,0,0,0,0,0,0,0,0,0.0
충청남도,천안시,성정2동,,0.00,0.00,0.00,0.0,0.000,0.00,0.00,0.00,0.00,0.00,0.00,0.00,0.000,0.00,0.00,0.00,0.00,0.00,0.000,0.00,0.00,0.00,0.00,0.00,0.00,0.00,0,0,0,0,0,0,0,0,0.0
충청남도,천안시,쌍용1동,,0.00,0.00,0.00,0.0,0.000,0.00,0.00,0.00,0.00,0.00,0.00,0.00,0.000,0.00,0.00,0.00,0.00,0.00,0.000,0.00,0.00,0.00,0.00,0.00,0.00,0.00,0,0,0,0,0,0,0,0,0.0
충청남도,천안시,쌍용2동,,0.00,0.00,0.00,0.0,0.000,0.00,0.00,0.00,0.00,0.00,0.00,0.00,0.000,0.00,0.00,0.00,0.00,0.00,0.000,0.00,0.00,0.00,0.00,0.00,0.00,0.00,0,0,0,0,0,0,0,0,0.0
충청남도,천안시,쌍용3동,,0.00,0.00,0.00,0.0,0.000,0.00,0.00,0.00,0.00,0.00,0.00,0.00,0.000,0.00,0.00,0.00,0.00,0.00,0.000,0.00,0.00,0.00,0.00,0.00,0.00,0.00,0,0,0,0,0,0,0,0,0.0
충청남도,천안시,백석동,,0.00,0.00,0.00,0.0,0.000,0.00,0.00,0.00,0.00,0.00,0.00,0.00,0.000,0.00,0.00,0.00,0.00,0.00,0.000,0.00,0.00,0.00,0.00,0.00,0.00,0.00,0,0,0,0,0,0,0,0,0.0
충청남도,천안시,불당동,,0.00,0.00,0.00,0.0,0.000,0.00,0.00,0.00,0.00,0.00,0.00,0.00,0.000,0.00,0.00,0.00,0.00,0.00,0.000,0.00,0.00,0.00,0.00,0.00,0.00,0.00,0,0,0,0,0,0,0,0,0.0
충청남도,천안시,부성1동,,0.00,0.00,0.00,0.0,0.000,0.00,0.00,0.00,0.00,0.00,0.00,0.00,0.000,0.00,0.00,0.00,0.00,0.00,0.000,0.00,0.00,0.00,0.00,0.00,0.00,0.00,0,0,0,0,0,0,0,0,0.0
충청남도,천안시,부성2동,,0.00,0.00,0.00,0.0,0.000,0.00,0.00,0.00,0.00,0.00,0.00,0.00,0.000,0.00,0.00,0.00,0.00,0.00,0.000,0.00,0.00,0.00,0.00,0.00,0.00,0.00,0,0,0,0,0,0,0,0,0.0
충청남도,공주시,소계,,"463,376.50","505,386.50","415,891.00",82.3,26.700,"106,799.00","106,799.00","49,675.00","9,577.00","26,742.50","2,429.00","10,926.50",48.020,"301,060.00","336,461.00","304,447.00",0.00,"304,447.00",44.000,"55,517.50","62,126.50","61,769.00","7,893.00","50,639.00","1,572.00","1,665.00","2,322","1,826","1,151","11,173","6,500",336,156,"320,885",77.2
충청남도,공주시,유구읍,2035,"60,260.00","80,306.00","79,793.00",99.4,3.130,"4,353.00","4,353.00","3,840.00","3,203.50",636.50,0.00,0.00,2.000,"45,907.00","65,607.00","65,607.00",0.00,"65,607.00",2.000,"10,000.00","10,346.00","10,346.00","1,353.00","8,053.00",490.00,450.00,514,0,0,"1,341",0,0,0,"35,347",44.3
충청남도,공주시,이인면,2035,"1,150.00","1,150.00",150.00,13.0,1.200,0.00,0.00,0.00,0.00,0.00,0.00,0.00,1.000,"1,150.00","1,150.00",150.00,0.00,150.00,2.000,0.00,0.00,0.00,0.00,0.00,0.00,0.00,37,0,0,30,0,0,0,"1,250",833.3
충청남도,공주시,탄천면,2035,"5,672.00","5,911.00","5,911.00",100.0,0.000,0.00,0.00,0.00,0.00,0.00,0.00,0.00,1.500,"5,672.00","5,911.00","5,911.00",0.00,"5,911.00",0.000,0.00,0.00,0.00,0.00,0.00,0.00,0.00,87,0,0,110,0,0,0,"2,540",43.0
충청남도,공주시,계룡면,2035,"10,255.00","14,535.00","14,535.00",100.0,0.000,0.00,0.00,0.00,0.00,0.00,0.00,0.00,2.000,"10,125.00","14,405.00","14,405.00",0.00,"14,405.00",0.000,130.00,130.00,130.00,0.00,130.00,0.00,0.00,76,0,0,7,0,0,0,"4,451",30.6
충청남도,공주시,반포면,2035,"9,871.00","9,871.00","6,732.00",68.2,0.000,0.00,0.00,0.00,0.00,0.00,0.00,0.00,2.000,"9,841.00","9,841.00","6,702.00",0.00,"6,702.00",2.000,30.00,30.00,30.00,0.00,30.00,0.00,0.00,388,0,0,307,0,0,0,"24,656",366.3
충청남도,공주시,의당면,2035,"2,850.00","2,850.00","2,596.00",91.1,0.000,0.00,0.00,0.00,0.00,0.00,0.00,0.00,1.000,"2,850.00","2,850.00","2,596.00",0.00,"2,596.00",0.000,0.00,0.00,0.00,0.00,0.00,0.00,0.00,26,0,0,63,0,0,0,985,37.9
충청남도,공주시,정안면,2035,"6,770.00","6,770.00","5,875.00",86.8,6.200,0.00,0.00,0.00,0.00,0.00,0.00,0.00,1.500,"6,412.50","6,412.50","5,875.00",0.00,"5,875.00",2.000,357.50,357.50,0.00,0.00,0.00,0.00,0.00,60,0,0,24,0,0,0,"2,450",41.7
충청남도,공주시,우성면,2035,"1,057.50","1,057.50",757.50,71.6,1.200,0.00,0.00,0.00,0.00,0.00,0.00,0.00,1.000,"1,057.50","1,057.50",757.50,0.00,757.50,0.000,0.00,0.00,0.00,0.00,0.00,0.00,0.00,17,0,0,7,0,0,0,"1,005",132.7
충청남도,공주시,사곡면,2035,"3,173.50","4,045.00","4,045.00",100.0,1.300,0.00,0.00,0.00,0.00,0.00,0.00,0.00,1.520,"3,173.50","4,045.00","4,045.00",0.00,"4,045.00",0.000,0.00,0.00,0.00,0.00,0.00,0.00,0.00,106,0,0,120,0,0,0,"2,130",52.7
충청남도,공주시,신풍면,2035,"4,858.00","6,075.50","6,075.50",100.0,0.300,146.50,146.50,146.50,146.50,0.00,0.00,0.00,1.000,"4,711.50","5,929.00","5,929.00",0.00,"5,929.00",0.000,0.00,0.00,0.00,0.00,0.00,0.00,0.00,11,0,0,25,0,0,0,"1,519",25.0
충청남도,공주시,중학동,2035,"34,000.00","34,000.00","34,000.00",100.0,2.000,0.00,0.00,0.00,0.00,0.00,0.00,0.00,0.000,"34,000.00","34,000.00","34,000.00",0.00,"34,000.00",0.000,0.00,0.00,0.00,0.00,0.00,0.00,0.00,0,0,0,0,0,0,0,0,0.0
충청남도,공주시,웅진동,2035,"34,000.00","34,000.00","34,000.00",100.0,2.000,0.00,0.00,0.00,0.00,0.00,0.00,0.00,0.000,"34,000.00","34,000.00","34,000.00",0.00,"34,000.00",0.000,0.00,0.00,0.00,0.00,0.00,0.00,0.00,0,0,0,0,0,0,0,0,0.0
충청남도,공주시,금학동,2035,"65,860.00","79,619.00","34,520.00",43.4,2.000,"48,900.00","48,900.00","3,801.00",0.00,"1,801.00","1,000.00","1,000.00",10.000,"11,960.00","21,053.00","21,053.00",0.00,"21,053.00",14.000,"5,000.00","9,666.00","9,666.00","2,202.50","6,785.00",296.00,382.50,0,826,0,"2,303","2,500",168,78,"84,109",243.7
충청남도,공주시,옥룡동,2035,"35,100.00","35,100.00","35,100.00",100.0,2.800,0.00,0.00,0.00,0.00,0.00,0.00,0.00,0.000,"35,100.00","35,100.00","35,100.00",0.00,"35,100.00",0.000,0.00,0.00,0.00,0.00,0.00,0.00,0.00,0,0,0,0,0,0,0,0,0.0
충청남도,공주시,신관동,2035,"187,399.50","188,996.50","150,701.00",79.7,3.370,"53,399.50","53,399.50","41,887.50","6,227.00","24,305.00","1,429.00","9,926.50",23.500,"94,000.00","94,000.00","67,216.50",0.00,"67,216.50",22.000,"40,000.00","41,597.00","41,597.00","4,337.50","35,641.00",786.00,832.50,"1,000","1,000","1,151","6,836","4,000",168,78,"160,443",106.5
충청남도,공주시,월송동,2035,"1,100.00","1,100.00","1,100.00",100.0,1.200,0.00,0.00,0.00,0.00,0.00,0.00,0.00,0.000,"1,100.00","1,100.00","1,100.00",0.00,"1,100.00",0.000,0.00,0.00,0.00,0.00,0.00,0.00,0.00,0,0,0,0,0,0,0,0,0.0
충청남도,보령시,소계,,"846,380.00","971,598.30","621,689.80",64.0,0.000,"29,447.00","73,524.60","68,059.30","25,878.90","42,180.40",0.00,0.00,22.600,"330,659.00","368,318.40","226,361.60","6,912.90","219,448.70",17.000,"486,274.00","529,755.30","327,268.90","35,113.90","177,069.80",0.00,"115,085.20","12,369","7,394","4,979","10,888",590,70,66,"402,154",64.7
충청남도,보령시,웅천읍,2025,"81,991.00","93,416.50","57,990.70",62.1,0.000,0.00,"11,425.50","11,425.50","7,046.00","4,379.50",0.00,0.00,2.700,"41,403.00","41,403.00","19,301.60",424.70,"18,876.90",2.700,"40,588.00","40,588.00","27,263.60","4,701.70","11,585.20",0.00,"10,976.70","1,325","1,022",325,"1,252",585,27,24,"47,309",81.6
충청남도,보령시,주포면,2025,"48,483.00","53,871.80","18,482.10",34.3,0.000,0.00,"5,388.80","5,388.80","2,764.10","2,624.70",0.00,0.00,0.100,"2,510.00","2,510.00","1,036.30",0.00,"1,036.30",0.000,"45,973.00","45,973.00","12,057.00","1,036.00","4,445.90",0.00,"6,575.10",59,24,35,65,0,0,0,"2,260",12.2
충청남도,보령시,오천면,2025,"31,999.00","31,999.00","6,276.10",19.6,0.000,0.00,0.00,0.00,0.00,0.00,0.00,0.00,1.000,"31,193.00","31,193.00","6,276.10",0.00,"6,276.10",0.000,806.00,806.00,0.00,0.00,0.00,0.00,0.00,225,135,90,547,0,0,0,"6,288",100.2
충청남도,보령시,천북면,2025,"4,934.00","4,934.00","4,535.50",91.9,0.000,0.00,0.00,0.00,0.00,0.00,0.00,0.00,0.300,"4,934.00","4,934.00","4,535.50",0.00,"4,535.50",0.000,0.00,0.00,0.00,0.00,0.00,0.00,0.00,20,17,3,27,0,0,0,0,0.0
충청남도,보령시,청소면,2025,"7,407.00","14,814.00","7,407.00",50.0,0.000,0.00,"2,053.70","2,053.70",0.00,"2,053.70",0.00,0.00,0.300,"7,407.00","7,407.00",0.00,0.00,0.00,0.000,0.00,"5,353.30","5,353.30",0.00,"4,049.50",0.00,"1,303.80",199,103,96,276,0,0,0,"6,162",83.2
충청남도,보령시,청라면,2025,"12,050.00","12,924.50",874.50,6.8,0.000,0.00,242.50,242.50,0.00,242.50,0.00,0.00,1.400,"12,050.00","12,050.00",0.00,0.00,0.00,0.000,0.00,632.00,632.00,0.00,478.10,0.00,153.90,76,70,6,120,0,0,0,0,0.0
충청남도,보령시,남포면,2025,"24,431.00","42,118.60","24,431.00",58.0,0.000,0.00,"1,076.30","1,076.30",403.20,673.10,0.00,0.00,0.000,"19,621.00","19,621.00","1,933.40",0.00,"1,933.40",0.000,"4,810.00","21,421.30","21,421.30","1,700.30","11,414.50",0.00,"8,306.50",288,105,138,409,0,0,0,"7,654",31.3
충청남도,보령시,주산면,2025,"5,610.00","5,610.00","5,610.00",100.0,0.000,0.00,0.00,0.00,0.00,0.00,0.00,0.00,0.400,"5,610.00","5,610.00","5,610.00","5,610.00",0.00,0.000,0.00,0.00,0.00,0.00,0.00,0.00,0.00,124,87,37,178,0,0,0,"4,281",76.3
충청남도,보령시,미산면,2025,"29,317.00","33,550.30","29,316.30",87.4,0.000,0.00,0.00,0.00,0.00,0.00,0.00,0.00,2.500,"25,026.00","29,259.30","29,259.30",15.90,"29,243.40",0.000,"4,291.00","4,291.00",57.00,46.80,10.20,0.00,0.00,78,45,18,217,0,0,0,"8,495",29.0
충청남도,보령시,성주면,2025,"24,625.00","31,746.30","20,689.30",65.2,0.000,0.00,0.00,0.00,0.00,0.00,0.00,0.00,2.000,"13,568.00","20,689.30","20,689.30",352.00,"20,337.30",2.000,"11,057.00","11,057.00",0.00,0.00,0.00,0.00,0.00,19,62,0,515,5,0,0,0,0.0
충청남도,보령시,주교면,2025,"57,717.00","70,663.00","57,716.10",81.7,0.000,0.00,"12,946.00","12,946.00","3,846.70","9,099.30",0.00,0.00,0.100,"11,331.00","11,331.00","8,217.30",12.50,"8,204.80",0.100,"46,386.00","46,386.00","36,552.80","2,567.50","11,685.60",0.00,"22,299.70",103,55,48,206,0,0,0,0,0.0
충청남도,보령시,대천1동,2025,"120,935.00","125,828.10","41,599.00",33.1,0.000,"1,364.00","6,257.10","6,257.10","2,003.40","4,253.70",0.00,0.00,1.500,"34,090.00","34,090.00","13,987.20",0.00,"13,987.20",1.500,"85,481.00","85,481.00","21,354.70","2,148.00","12,150.50",0.00,"7,056.20","4,904","3,430","1,471","1,501",0,15,14,"41,599",100.0
충청남도,보령시,대천2동,2025,"103,117.00","128,765.30","103,111.20",80.1,0.000,"3,186.00","6,894.40","6,894.40","1,162.20","5,732.20",0.00,0.00,1.600,"17,045.00","38,984.90","38,984.90",0.00,"38,984.90",1.600,"82,886.00","82,886.00","57,231.90","4,244.80","33,837.10",0.00,"19,150.00","1,556",467,"1,089","1,549",0,14,7,"78,370",76.0
충청남도,보령시,대천3동,2025,"100,956.00","107,664.20","73,923.40",68.7,0.000,"5,976.00","8,319.30","8,319.30","3,221.00","5,098.30",0.00,0.00,2.500,"21,861.00","26,225.90","26,225.90",96.70,"26,129.20",2.500,"73,119.00","73,119.00","39,378.20","5,074.40","26,609.70",0.00,"7,694.10",803,423,402,"1,697",0,4,15,"73,924",100.0
충청남도,보령시,대천4동,2025,"86,208.00","86,208.00","65,771.40",76.3,0.000,"7,446.00","7,446.00","5,553.70","2,067.00","3,486.70",0.00,0.00,3.100,"32,361.00","32,361.00","19,611.30",10.60,"19,600.70",3.500,"46,401.00","46,401.00","40,606.40","6,118.90","19,983.80",0.00,"14,503.70","1,578",944,614,690,0,10,6,"51,293",78.0
충청남도,보령시,대천5동,2025,"106,600.00","127,484.70","103,956.20",81.5,0.000,"11,475.00","11,475.00","7,902.00","3,365.30","4,536.70",0.00,0.00,3.100,"50,649.00","50,649.00","30,693.50",390.50,"30,303.00",3.100,"44,476.00","65,360.70","65,360.70","7,475.50","40,819.70",0.00,"17,065.50","1,012",405,607,"1,639",0,0,0,"74,519",71.7
충청남도,아산시,소계,,"1,284,929.00","1,301,231.00","1,138,535.00",87.5,1.000,"13,800.00","13,800.00","13,800.00",0.00,"13,800.00",0.00,0.00,31.900,"730,044.00","734,325.00","594,849.00",0.00,"594,849.00",0.000,"541,085.00","553,106.00","529,886.00","111,220.00","359,406.00",0.00,"59,260.00",0,"12,451","11,543","16,170",0,4,164,"831,826",73.1
충청남도,아산시,염치읍,2030,"28,014.00","28,014.00","9,960.00",35.6,0.000,0.00,0.00,0.00,0.00,0.00,0.00,0.00,0.400,"22,374.00","22,374.00","7,300.00",0.00,"7,300.00",0.000,"5,640.00","5,640.00","2,660.00","1,310.00","1,350.00",0.00,0.00,0,174,64,0,0,0,0,"9,923",99.6
충청남도,아산시,배방읍,2030,"222,560.00","223,010.00","221,845.00",99.5,0.000,0.00,0.00,0.00,0.00,0.00,0.00,0.00,7.100,"111,600.00","111,600.00","110,435.00",0.00,"110,435.00",0.000,"110,960.00","111,410.00","111,410.00","17,570.00","92,950.00",0.00,890.00,0,"1,809","1,825","2,793",0,0,31,"88,604",39.9
충청남도,아산시,송악면,2030,"80,560.00","80,560.00","62,933.00",78.1,0.000,0.00,0.00,0.00,0.00,0.00,0.00,0.00,1.100,"71,550.00","71,550.00","53,923.00",0.00,"53,923.00",0.000,"9,010.00","9,010.00","9,010.00","4,070.00","4,940.00",0.00,0.00,0,473,79,416,0,0,13,"11,409",18.1
충청남도,아산시,탕정면,2030,"120,413.00","121,984.00","91,493.00",75.0,0.000,0.00,0.00,0.00,0.00,0.00,0.00,0.00,3.200,"76,273.00","76,273.00","45,782.00",0.00,"45,782.00",0.000,"44,140.00","45,711.00","45,711.00","6,750.00","28,571.00",0.00,"10,390.00",0,639,639,300,0,0,18,"56,821",62.1
충청남도,아산시,음봉면,2030,"11,040.00","15,321.00","15,321.00",100.0,0.000,0.00,0.00,0.00,0.00,0.00,0.00,0.00,1.700,"11,040.00","15,321.00","15,321.00",0.00,"15,321.00",0.000,0.00,0.00,0.00,0.00,0.00,0.00,0.00,0,200,0,0,0,0,1,0,0.0
충청남도,아산시,둔포면,2030,"74,837.00","74,837.00","71,437.00",95.5,0.000,0.00,0.00,0.00,0.00,0.00,0.00,0.00,1.400,"43,007.00","43,007.00","41,087.00",0.00,"41,087.00",0.000,"31,830.00","31,830.00","30,350.00","12,940.00","11,900.00",0.00,"5,510.00",0,"1,503","1,110",822,0,0,12,"60,469",84.6
충청남도,아산시,영인면,2030,"29,070.00","29,070.00","10,220.00",35.2,0.000,0.00,0.00,0.00,0.00,0.00,0.00,0.00,0.500,"21,120.00","21,120.00","9,720.00",0.00,"9,720.00",0.000,"7,950.00","7,950.00",500.00,0.00,500.00,0.00,0.00,0,222,11,0,0,0,0,0,0.0
충청남도,아산시,인주면,2030,"60,377.00","60,377.00","27,090.00",44.9,0.000,0.00,0.00,0.00,0.00,0.00,0.00,0.00,0.100,"33,287.00","33,287.00",0.00,0.00,0.00,0.000,"27,090.00","27,090.00","27,090.00","7,760.00","12,290.00",0.00,"7,040.00",0,0,751,64,0,0,14,"20,044",74.0
충청남도,아산시,선장면,2030,"43,297.00","43,297.00","33,822.00",78.1,0.000,0.00,0.00,0.00,0.00,0.00,0.00,0.00,0.800,"28,569.00","28,569.00","21,774.00",0.00,"21,774.00",0.000,"14,728.00","14,728.00","12,048.00","7,550.00","4,498.00",0.00,0.00,0,371,206,507,0,0,6,"33,822",100.0
충청남도,아산시,도고면,2030,"91,675.00","101,675.00","101,337.00",99.7,0.000,0.00,0.00,0.00,0.00,0.00,0.00,0.00,1.300,"36,659.00","36,659.00","36,321.00",0.00,"36,321.00",0.000,"55,016.00","65,016.00","65,016.00","12,420.00","33,736.00",0.00,"18,860.00",0,641,"1,147",771,0,0,20,"101,337",100.0
충청남도,아산시,신창면,2030,"63,454.00","63,454.00","37,070.00",58.4,0.000,0.00,0.00,0.00,0.00,0.00,0.00,0.00,3.100,"35,604.00","35,604.00","17,850.00",0.00,"17,850.00",0.000,"27,850.00","27,850.00","19,220.00","7,270.00","11,950.00",0.00,0.00,0,349,375,0,0,0,9,"32,171",86.8
충청남도,아산시,온양1동,2030,"459,632.00","459,632.00","456,007.00",99.2,1.000,"13,800.00","13,800.00","13,800.00",0.00,"13,800.00",0.00,0.00,11.200,"238,961.00","238,961.00","235,336.00",0.00,"235,336.00",0.000,"206,871.00","206,871.00","206,871.00","33,580.00","156,721.00",0.00,"16,570.00",0,"6,070","5,336","10,497",0,4,40,"417,226",91.5
충청남도,아산시,온양2동,2030,0.00,0.00,0.00,0.0,0.000,0.00,0.00,0.00,0.00,0.00,0.00,0.00,0.000,0.00,0.00,0.00,0.00,0.00,0.000,0.00,0.00,0.00,0.00,0.00,0.00,0.00,0,0,0,0,0,0,0,0,0.0
충청남도,아산시,온양3동,2030,0.00,0.00,0.00,0.0,0.000,0.00,0.00,0.00,0.00,0.00,0.00,0.00,0.000,0.00,0.00,0.00,0.00,0.00,0.000,0.00,0.00,0.00,0.00,0.00,0.00,0.00,0,0,0,0,0,0,0,0,0.0
충청남도,아산시,온양4동,2030,0.00,0.00,0.00,0.0,0.000,0.00,0.00,0.00,0.00,0.00,0.00,0.00,0.000,0.00,0.00,0.00,0.00,0.00,0.000,0.00,0.00,0.00,0.00,0.00,0.00,0.00,0,0,0,0,0,0,0,0,0.0
충청남도,아산시,온양5동,2030,0.00,0.00,0.00,0.0,0.000,0.00,0.00,0.00,0.00,0.00,0.00,0.00,0.000,0.00,0.00,0.00,0.00,0.00,0.000,0.00,0.00,0.00,0.00,0.00,0.00,0.00,0,0,0,0,0,0,0,0,0.0
충청남도,아산시,온양6동,2030,0.00,0.00,0.00,0.0,0.000,0.00,0.00,0.00,0.00,0.00,0.00,0.00,0.000,0.00,0.00,0.00,0.00,0.00,0.000,0.00,0.00,0.00,0.00,0.00,0.00,0.00,0,0,0,0,0,0,0,0,0.0
충청남도,서산시,소계,,"1,180,641.00","1,436,966.00","824,244.00",57.4,0.000,"254,016.00","254,016.00","68,672.00","2,412.00","37,065.00","6,282.00","22,913.00",14.900,"465,943.00","498,662.00","351,872.00",0.00,"351,872.00",14.900,"460,682.00","684,288.00","403,700.00","139,933.00","251,342.50",830.00,"11,594.50",0,"4,892","4,896","11,497","3,291",3,114,"698,745",84.8
충청남도,서산시,대산읍,2020,"244,557.00","244,557.00","36,900.00",15.1,0.000,"18,379.00","18,379.00",0.00,0.00,0.00,0.00,0.00,2.100,"91,592.00","91,592.00","18,387.00",0.00,"18,387.00",2.100,"134,586.00","134,586.00","18,513.00","1,219.00","12,589.00",18.00,"4,687.00",0,142,142,343,190,0,0,"27,675",75.0
충청남도,서산시,인지면,2020,"37,480.00","37,480.00","35,263.00",94.1,0.000,"7,558.00","7,558.00","7,558.00",383.00,"3,414.00",61.00,"3,700.00",1.300,"28,996.00","28,996.00","27,479.00",0.00,"27,479.00",1.300,926.00,926.00,226.00,0.00,226.00,0.00,0.00,0,303,304,738,0,0,23,"31,737",90.0
충청남도,서산시,부석면,2020,"16,684.00","21,061.00","13,700.00",65.0,0.000,"4,583.00","4,583.00",0.00,0.00,0.00,0.00,0.00,0.300,"7,518.00","11,895.00","11,895.00",0.00,"11,895.00",0.300,"4,583.00","4,583.00","1,805.00",588.00,699.00,201.00,317.00,0,86,87,365,0,0,0,"10,275",75.0
충청남도,서산시,팔봉면,2020,"7,026.00","7,026.00","2,300.00",32.7,0.000,"1,048.00","1,048.00",0.00,0.00,0.00,0.00,0.00,0.100,"5,790.00","5,790.00","2,300.00",0.00,"2,300.00",0.100,188.00,188.00,0.00,0.00,0.00,0.00,0.00,0,31,32,54,0,0,0,"2,070",90.0
충청남도,서산시,지곡면,2020,"6,002.00","9,652.00","6,600.00",68.4,0.000,"3,052.00","3,052.00",0.00,0.00,0.00,0.00,0.00,0.400,"2,570.00","4,552.00","4,552.00",0.00,"4,552.00",0.400,380.00,"2,048.00","2,048.00",37.00,512.50,0.00,"1,498.50",0,73,73,136,7,0,0,"5,280",80.0
충청남도,서산시,성연면,2020,"19,546.00","22,249.00","12,100.00",54.4,0.000,"4,644.00","4,644.00",0.00,0.00,0.00,0.00,0.00,0.100,"13,077.00","13,077.00","7,572.00",0.00,"7,572.00",0.100,"1,825.00","4,528.00","4,528.00","1,830.00","1,390.00",0.00,"1,308.00",0,86,87,162,0,0,0,"9,075",75.0
충청남도,서산시,음암면,2020,"27,161.00","27,161.00","14,000.00",51.5,0.000,"5,900.00","5,900.00",0.00,0.00,0.00,0.00,0.00,0.300,"12,677.00","12,677.00","8,196.00",0.00,"8,196.00",0.300,"8,584.00","8,584.00","5,804.00",55.00,"3,359.00",0.00,"2,390.00",0,14,14,160,33,0,0,"10,500",75.0
충청남도,서산시,운산면,2020,"48,405.00","48,405.00","16,300.00",33.7,0.000,"9,240.00","9,240.00",0.00,0.00,0.00,0.00,0.00,0.400,"21,225.00","21,225.00","6,867.00",0.00,"6,867.00",0.400,"17,940.00","17,940.00","9,433.00","2,820.00","4,608.00",611.00,"1,394.00",0,76,77,270,2,0,0,"12,225",75.0
충청남도,서산시,해미면,2020,"95,393.00","112,471.00","102,663.00",91.3,0.000,"36,534.00","36,534.00","26,726.00","1,843.00","9,729.00","4,022.00","11,132.00",2.600,"58,103.00","75,181.00","75,181.00",0.00,"75,181.00",2.600,756.00,756.00,756.00,0.00,756.00,0.00,0.00,0,437,437,522,0,0,38,"92,397",90.0
충청남도,서산시,고북면,2020,"165,789.00","175,071.00","15,146.00",8.7,0.000,"10,363.00","10,363.00",0.00,0.00,0.00,0.00,0.00,0.300,"5,864.00","15,146.00","15,146.00",0.00,"15,146.00",0.300,"149,562.00","149,562.00",0.00,0.00,0.00,0.00,0.00,0,189,188,435,0,0,0,"13,631",90.0
충청남도,서산시,부춘동,2020,"102,519.00","146,291.00","113,278.00",77.4,0.000,"30,543.00","30,543.00","6,876.00",37.00,"4,784.00",439.00,"1,616.00",1.400,"43,706.00","43,706.00","34,360.00",0.00,"34,360.00",1.400,"28,270.00","72,042.00","72,042.00","26,504.00","45,538.00",0.00,0.00,0,691,691,"1,660",614,2,12,"96,286",85.0
충청남도,서산시,동문1동,2020,"102,519.00","146,291.00","113,278.00",77.4,0.000,"30,543.00","30,543.00","6,876.00",37.00,"4,784.00",439.00,"1,616.00",1.400,"43,706.00","43,706.00","34,360.00",0.00,"34,360.00",1.400,"28,270.00","72,042.00","72,042.00","26,504.00","45,538.00",0.00,0.00,0,691,691,"1,663",611,0,0,"96,286",85.0
충청남도,서산시,동문2동,2020,"102,519.00","146,291.00","113,278.00",77.4,0.000,"30,543.00","30,543.00","6,876.00",37.00,"4,784.00",439.00,"1,616.00",1.400,"43,706.00","43,706.00","34,360.00",0.00,"34,360.00",1.400,"28,270.00","72,042.00","72,042.00","26,504.00","45,538.00",0.00,0.00,0,691,691,"1,663",611,0,0,"96,286",85.0
충청남도,서산시,수석동,2020,"102,519.00","146,291.00","113,278.00",77.4,0.000,"30,543.00","30,543.00","6,876.00",37.00,"4,784.00",439.00,"1,616.00",1.400,"43,706.00","43,706.00","34,360.00",0.00,"34,360.00",1.400,"28,270.00","72,042.00","72,042.00","26,504.00","45,538.00",0.00,0.00,0,691,691,"1,663",611,1,15,"96,286",85.0
충청남도,서산시,석남동,2020,"102,522.00","146,669.00","116,160.00",79.2,0.000,"30,543.00","30,543.00","6,884.00",38.00,"4,786.00",443.00,"1,617.00",1.400,"43,707.00","43,707.00","36,857.00",0.00,"36,857.00",1.400,"28,272.00","72,419.00","72,419.00","27,368.00","45,051.00",0.00,0.00,0,691,691,"1,663",612,0,26,"98,736",85.0
충청남도,논산시,소계,,"687,631.92","797,971.37","601,314.47",75.4,24.513,0.00,"77,595.43","77,595.43","39,197.34","36,283.53","1,812.47",302.07,26.079,"495,971.51","502,088.29","314,556.60",28.00,"314,528.60",12.017,"191,660.41","218,287.65","209,162.44",0.00,"199,418.00",0.00,"9,744.44","15,784",0,0,"13,777",0,0,0,"566,263",94.2
충청남도,논산시,강경읍,2030,"68,838.12","76,557.05","60,784.23",79.4,1.884,0.00,"7,718.93","7,718.93","7,358.84",2.53,306.47,51.07,2.439,"43,101.71","43,101.71","28,617.70",0.00,"28,617.70",1.006,"25,736.41","25,736.41","24,447.60",0.00,"24,447.60",0.00,0.00,"1,501",0,0,"1,538",0,0,0,"56,172",92.4
충청남도,논산시,연무읍,2030,"98,164.00","120,765.00","111,670.00",92.5,2.900,0.00,"22,601.00","22,601.00","22,601.00",0.00,0.00,0.00,5.200,"69,970.00","69,970.00","62,379.00",0.00,"62,379.00",1.670,"28,194.00","28,194.00","26,690.00",0.00,"26,690.00",0.00,0.00,"3,722",0,0,"2,330",0,0,0,"111,670",100.0
충청남도,논산시,성동면,2030,"11,041.33","14,777.33","5,189.00",35.1,0.621,0.00,164.00,164.00,164.00,0.00,0.00,0.00,0.363,"11,041.33","11,041.33","1,453.00",0.00,"1,453.00",0.291,0.00,"3,572.00","3,572.00",0.00,"3,572.00",0.00,0.00,140,0,0,126,0,0,0,"5,954",114.8
충청남도,논산시,광석면,2030,"11,600.80","12,292.50","3,061.30",24.9,0.652,0.00,428.50,428.50,428.50,0.00,0.00,0.00,0.382,"11,600.80","11,600.80","2,369.60",0.00,"2,369.60",0.306,0.00,263.20,263.20,0.00,263.20,0.00,0.00,64,0,0,132,0,0,0,"6,256",204.4
충청남도,논산시,노성면,2030,"4,311.22","13,800.00","13,800.00",100.0,0.242,0.00,283.00,283.00,283.00,0.00,0.00,0.00,0.142,"4,311.22","10,428.00","10,428.00",0.00,"10,428.00",0.114,0.00,"3,089.00","3,089.00",0.00,"1,246.00",0.00,"1,843.00",91,0,0,49,0,0,0,"2,325",16.8
충청남도,논산시,상월면,2030,0.00,0.00,0.00,0.0,0.000,0.00,0.00,0.00,0.00,0.00,0.00,0.00,0.000,0.00,0.00,0.00,0.00,0.00,0.000,0.00,0.00,0.00,0.00,0.00,0.00,0.00,0,0,0,0,0,0,0,0,0.0
충청남도,논산시,부적면,2030,"16,109.48","21,597.48","20,416.00",94.5,0.906,0.00,482.00,482.00,351.00,131.00,0.00,0.00,0.530,"16,109.48","16,109.48","14,928.00",28.00,"14,900.00",0.424,0.00,"5,006.00","5,006.00",0.00,"3,100.00",0.00,"1,906.00",232,0,0,184,0,0,0,"8,687",42.6
충청남도,논산시,연산면,2030,"30,584.00","40,568.00","40,568.00",100.0,1.900,0.00,"7,999.00","7,999.00","7,999.00",0.00,0.00,0.00,1.440,"19,284.00","19,284.00","19,284.00",0.00,"19,284.00",0.470,"11,300.00","13,285.00","13,285.00",0.00,"13,285.00",0.00,0.00,"1,352",0,0,617,0,0,0,"40,568",100.0
충청남도,논산시,벌곡면,2030,"24,156.00","30,908.00","17,227.00",55.7,1.358,0.00,0.00,0.00,0.00,0.00,0.00,0.00,0.795,"24,155.99","24,156.00","10,475.00",0.00,"10,475.00",0.636,0.00,"6,752.00","6,752.00",0.00,"4,071.00",0.00,"2,681.00",417,0,0,275,0,0,0,"13,027",75.6
충청남도,논산시,양촌면,2030,"27,628.01","28,877.01","15,197.00",52.6,1.553,0.00,0.00,0.00,0.00,0.00,0.00,0.00,0.910,"27,628.00","27,628.01","13,948.00",0.00,"13,948.00",0.728,0.00,"1,249.00","1,249.00",0.00,0.00,0.00,"1,249.00",391,0,0,619,0,0,0,"14,899",98.0
충청남도,논산시,가야곡면,2030,"14,513.34","16,668.18","8,338.14",50.0,0.816,0.00,0.00,0.00,0.00,0.00,0.00,0.00,0.478,"14,513.34","14,513.34","6,183.30",0.00,"6,183.30",0.382,0.00,"2,154.84","2,154.84",0.00,511.80,0.00,"1,643.04",147,0,0,165,0,0,0,"7,826",93.9
충청남도,논산시,은진면,2030,"35,016.32","37,149.92","7,088.60",19.1,1.969,0.00,0.00,0.00,0.00,0.00,0.00,0.00,1.153,"35,016.32","35,016.32","4,955.00",0.00,"4,955.00",0.922,0.00,"2,133.60","2,133.60",0.00,"1,711.20",0.00,422.40,317,0,0,100,0,0,0,"18,884",266.4
충청남도,논산시,채운면,2030,"7,503.50","7,926.10","5,374.60",67.8,0.422,0.00,0.00,0.00,0.00,0.00,0.00,0.00,0.247,"7,503.49","7,503.50","4,952.00",0.00,"4,952.00",0.198,0.00,422.60,422.60,0.00,422.60,0.00,0.00,35,0,0,85,0,0,0,"4,046",75.3
충청남도,논산시,취암동,2030,"236,716.00","263,259.30","203,020.70",77.1,6.500,0.00,"26,543.30","26,543.30",8.40,"25,305.00","1,054.20",175.70,8.400,"148,215.00","148,215.00","92,408.80",0.00,"92,408.80",3.400,"88,501.00","88,501.00","84,068.60",0.00,"84,068.60",0.00,0.00,"5,163",0,0,"5,290",0,0,0,"193,162",95.1
충청남도,논산시,부창동,2030,"101,449.80","112,825.50","89,579.90",79.4,2.790,0.00,"11,375.70","11,375.70",3.60,"10,845.00",451.80,75.30,3.600,"63,520.80","63,520.80","42,175.20",0.00,"42,175.20",1.470,"37,929.00","37,929.00","36,029.00",0.00,"36,029.00",0.00,0.00,"2,212",0,0,"2,267",0,0,0,"82,783",92.4
충청남도,계룡시,소계,,"179,049.80","179,351.80","174,224.00",97.1,0.000,"8,212.00","8,212.00","8,212.00","1,137.00","5,696.00",19.00,"1,360.00",6.900,"78,721.80","79,023.80","73,896.00",0.00,"73,896.00",6.900,"92,116.00","92,116.00","92,116.00","8,961.00","73,294.00","3,385.00","6,476.00",231,"1,760","2,583","1,654","5,166",0,43,"173,922",99.8
충청남도,계룡시,두마면,2030,"46,151.00","46,453.00","46,453.00",100.0,0.000,"1,050.00","1,050.00","1,050.00",0.00,914.00,0.00,136.00,3.200,"18,930.00","19,232.00","19,232.00",0.00,"19,232.00",3.200,"26,171.00","26,171.00","26,171.00","2,596.00","18,336.00","1,855.00","3,384.00",59,451,662,296,"1,324",0,21,"46,151",99.3
충청남도,계룡시,엄사면,2030,"63,807.80","63,807.80","58,680.00",92.0,0.000,"5,683.00","5,683.00","5,683.00","1,137.00","4,233.00",19.00,294.00,1.900,"29,183.80","29,183.80","24,056.00",0.00,"24,056.00",1.900,"28,941.00","28,941.00","28,941.00","3,212.00","24,183.00",332.00,"1,214.00",84,639,938,826,"1,876",0,6,"58,680",100.0
충청남도,계룡시,신도안면,2030,"18,985.00","18,985.00","18,985.00",100.0,0.000,"1,479.00","1,479.00","1,479.00",0.00,549.00,0.00,930.00,0.600,"8,817.00","8,817.00","8,817.00",0.00,"8,817.00",0.600,"8,689.00","8,689.00","8,689.00",860.00,"7,688.00",0.00,141.00,16,120,176,187,352,0,4,"18,985",100.0
충청남도,계룡시,금암동,2030,"50,106.00","50,106.00","50,106.00",100.0,0.000,0.00,0.00,0.00,0.00,0.00,0.00,0.00,1.200,"21,791.00","21,791.00","21,791.00",0.00,"21,791.00",1.200,"28,315.00","28,315.00","28,315.00","2,293.00","23,087.00","1,198.00","1,737.00",72,550,807,345,"1,614",0,12,"50,106",100.0
충청남도,당진시,소계,,"542,568.00","650,534.00","509,020.00",78.2,38.800,"92,222.00","148,956.00","148,956.00","12,033.00","90,097.00",839.00,"45,987.00",38.300,"257,700.00","295,811.00","243,014.00",115.00,"242,899.00",39.000,"192,646.00","205,767.00","117,050.00","21,530.00","86,282.00","1,642.00","7,596.00","5,253","3,471",0,"8,178",0,35,112,"213,914",42.0
충청남도,당진시,합덕읍,2035,"127,622.00","136,559.00","103,831.00",76.0,1.600,"34,815.00","34,815.00","34,815.00","3,013.00","12,775.00",248.00,"18,779.00",8.200,"52,732.00","61,669.00","61,669.00",0.00,"61,669.00",8.000,"40,075.00","40,075.00","7,347.00","1,105.00","4,742.00","1,500.00",0.00,662,880,0,"1,960",0,27,34,"80,324",77.4
충청남도,당진시,송악읍,2035,"151,196.00","207,930.00","119,585.00",57.5,10.100,"5,527.00","62,261.00","62,261.00","1,267.00","56,327.00",0.00,"4,667.00",14.500,"73,294.00","73,294.00","20,497.00",0.00,"20,497.00",15.000,"72,375.00","72,375.00","36,827.00","13,263.00","23,564.00",0.00,0.00,"1,020",293,0,"2,519",0,0,33,"94,760",79.2
충청남도,당진시,고대면,2035,0.00,0.00,0.00,0.0,0.000,0.00,0.00,0.00,0.00,0.00,0.00,0.00,0.000,0.00,0.00,0.00,0.00,0.00,0.000,0.00,0.00,0.00,0.00,0.00,0.00,0.00,0,0,0,0,0,0,0,0,0.0
충청남도,당진시,석문면,2035,0.00,"6,453.00","6,453.00",100.0,0.000,0.00,0.00,0.00,0.00,0.00,0.00,0.00,0.000,0.00,"2,271.00","2,271.00",0.00,"2,271.00",0.000,0.00,"4,182.00","4,182.00",648.00,"2,339.00",0.00,"1,195.00",0,32,0,0,0,0,0,0,0.0
충청남도,당진시,대호지면,2035,0.00,0.00,0.00,0.0,0.000,0.00,0.00,0.00,0.00,0.00,0.00,0.00,0.000,0.00,0.00,0.00,0.00,0.00,0.000,0.00,0.00,0.00,0.00,0.00,0.00,0.00,0,0,0,0,0,0,0,0,0.0
충청남도,당진시,정미면,2035,0.00,0.00,0.00,0.0,0.000,0.00,0.00,0.00,0.00,0.00,0.00,0.00,0.000,0.00,0.00,0.00,0.00,0.00,0.000,0.00,0.00,0.00,0.00,0.00,0.00,0.00,0,0,0,0,0,0,0,0,0.0
충청남도,당진시,면천면,2035,0.00,"5,152.00","5,152.00",100.0,0.000,0.00,0.00,0.00,0.00,0.00,0.00,0.00,0.000,0.00,"5,152.00","5,152.00",0.00,"5,152.00",0.000,0.00,0.00,0.00,0.00,0.00,0.00,0.00,0,73,0,0,0,0,0,0,0.0
충청남도,당진시,순성면,2035,0.00,"16,447.00","16,447.00",100.0,0.000,0.00,0.00,0.00,0.00,0.00,0.00,0.00,0.000,0.00,"7,508.00","7,508.00",0.00,"7,508.00",0.000,0.00,"8,939.00","8,939.00","2,575.00","2,347.00",0.00,"4,017.00",0,107,0,0,0,0,0,0,0.0
충청남도,당진시,우강면,2035,0.00,0.00,0.00,0.0,0.000,0.00,0.00,0.00,0.00,0.00,0.00,0.00,0.000,0.00,0.00,0.00,0.00,0.00,0.000,0.00,0.00,0.00,0.00,0.00,0.00,0.00,0,0,0,0,0,0,0,0,0.0
충청남도,당진시,신평면,2035,"48,865.00","63,108.00","59,000.00",93.5,0.600,"4,590.00","4,590.00","4,590.00",186.00,"1,310.00",0.00,"3,094.00",2.500,"27,023.00","41,266.00","41,266.00",0.00,"41,266.00",3.000,"17,252.00","17,252.00","13,144.00",0.00,"13,144.00",0.00,0.00,42,591,0,10,0,0,11,"10,700",18.1
충청남도,당진시,송산면,2035,0.00,0.00,0.00,0.0,0.000,0.00,0.00,0.00,0.00,0.00,0.00,0.00,0.000,0.00,0.00,0.00,0.00,0.00,0.000,0.00,0.00,0.00,0.00,0.00,0.00,0.00,0,0,0,0,0,0,0,0,0.0
충청남도,당진시,당진1동,2035,0.00,0.00,0.00,0.0,0.000,0.00,0.00,0.00,0.00,0.00,0.00,0.00,0.000,0.00,0.00,0.00,0.00,0.00,0.000,0.00,0.00,0.00,0.00,0.00,0.00,0.00,0,0,0,0,0,0,0,0,0.0
충청남도,당진시,당진2동,2035,0.00,0.00,0.00,0.0,0.000,0.00,0.00,0.00,0.00,0.00,0.00,0.00,0.000,0.00,0.00,0.00,0.00,0.00,0.000,0.00,0.00,0.00,0.00,0.00,0.00,0.00,0,0,0,0,0,0,0,0,0.0
충청남도,당진시,당진3동,2035,"214,885.00","214,885.00","198,552.00",92.4,26.500,"47,290.00","47,290.00","47,290.00","7,567.00","19,685.00",591.00,"19,447.00",13.100,"104,651.00","104,651.00","104,651.00",115.00,"104,536.00",13.000,"62,944.00","62,944.00","46,611.00","3,939.00","40,146.00",142.00,"2,384.00","3,529","1,495",0,"3,689",0,8,34,"28,130",14.2
충청남도,군부,합계,,"3,393,260.10","3,614,483.80","2,196,497.00",60.8,"27,797.476","859,003.10","885,395.80","478,689.80","153,149.00","146,765.70","32,013.00","146,762.10",149.574,"1,899,740.00","1,943,418.00","1,272,014.00",1.00,"1,272,013.00",61.915,"634,517.00","785,670.00","445,793.20","119,352.70","198,469.90","63,502.00","64,468.60","13,420","24,275","6,902","55,184","8,936",253,271,"1,826,049",83.1
충청남도,금산군,소계,,"637,938.00","638,010.00","377,722.00",59.2,5.590,"268,963.00","268,963.00","69,167.00","21,923.00","17,741.00","2,222.00","27,281.00",10.820,"330,548.00","330,548.00","304,821.00",0.00,"304,821.00",10.600,"38,427.00","38,499.00","3,734.00",0.00,"2,959.00",0.00,775.00,0,"3,621","1,674","11,867",185,42,37,"308,555",81.7
충청남도,금산군,금산읍,2030,"375,095.00","375,095.00","163,169.00",43.5,5.590,"268,963.00","268,963.00","69,167.00","21,923.00","17,741.00","2,222.00","27,281.00",3.500,"90,340.00","90,340.00","90,340.00",0.00,"90,340.00",3.300,"15,792.00","15,792.00","3,662.00",0.00,"2,887.00",0.00,775.00,0,962,"1,670","5,032",183,42,37,"94,002",57.6
충청남도,금산군,금성면,2030,"28,343.00","28,343.00","26,450.00",93.3,0.000,0.00,0.00,0.00,0.00,0.00,0.00,0.00,1.120,"28,343.00","28,343.00","26,450.00",0.00,"26,450.00",1.120,0.00,0.00,0.00,0.00,0.00,0.00,0.00,0,174,0,453,0,0,0,"26,450",100.0
충청남도,금산군,제원면,2030,"24,879.00","24,879.00","23,434.00",94.2,0.000,0.00,0.00,0.00,0.00,0.00,0.00,0.00,0.420,"24,879.00","24,879.00","23,434.00",0.00,"23,434.00",0.400,0.00,0.00,0.00,0.00,0.00,0.00,0.00,0,194,0,700,0,0,0,"23,434",100.0
충청남도,금산군,부리면,2030,"29,300.00","29,372.00","28,758.00",97.9,0.000,0.00,0.00,0.00,0.00,0.00,0.00,0.00,0.860,"29,300.00","29,300.00","28,686.00",0.00,"28,686.00",0.860,0.00,72.00,72.00,0.00,72.00,0.00,0.00,0,402,4,834,2,0,0,"28,758",100.0
충청남도,금산군,군북면,2030,"33,505.00","33,505.00","30,999.00",92.5,0.000,0.00,0.00,0.00,0.00,0.00,0.00,0.00,0.710,"33,505.00","33,505.00","30,999.00",0.00,"30,999.00",0.710,0.00,0.00,0.00,0.00,0.00,0.00,0.00,0,688,0,"1,121",0,0,0,"30,999",100.0
충청남도,금산군,남일면,2030,"16,319.00","16,319.00","16,161.00",99.0,0.000,0.00,0.00,0.00,0.00,0.00,0.00,0.00,0.440,"16,319.00","16,319.00","16,161.00",0.00,"16,161.00",0.440,0.00,0.00,0.00,0.00,0.00,0.00,0.00,0,166,0,942,0,0,0,"16,161",100.0
충청남도,금산군,남이면,2030,"9,195.00","9,195.00","6,763.00",73.6,0.000,0.00,0.00,0.00,0.00,0.00,0.00,0.00,0.220,"9,195.00","9,195.00","6,763.00",0.00,"6,763.00",0.220,0.00,0.00,0.00,0.00,0.00,0.00,0.00,0,116,0,214,0,0,0,"6,763",100.0
충청남도,금산군,진산면,2030,"21,356.00","21,356.00","21,356.00",100.0,0.000,0.00,0.00,0.00,0.00,0.00,0.00,0.00,0.430,"21,356.00","21,356.00","21,356.00",0.00,"21,356.00",0.430,0.00,0.00,0.00,0.00,0.00,0.00,0.00,0,149,0,426,0,0,0,"21,356",100.0
충청남도,금산군,복수면,2030,"29,305.00","29,305.00","12,626.00",43.1,0.000,0.00,0.00,0.00,0.00,0.00,0.00,0.00,0.620,"29,305.00","29,305.00","12,626.00",0.00,"12,626.00",0.620,0.00,0.00,0.00,0.00,0.00,0.00,0.00,0,220,0,498,0,0,0,"12,626",100.0
충청남도,금산군,추부면,2030,"70,641.00","70,641.00","48,006.00",68.0,0.000,0.00,0.00,0.00,0.00,0.00,0.00,0.00,2.500,"48,006.00","48,006.00","48,006.00",0.00,"48,006.00",2.500,"22,635.00","22,635.00",0.00,0.00,0.00,0.00,0.00,0,550,0,"1,647",0,0,0,"48,006",100.0
충청남도,부여군,소계,,"649,173.10","701,373.80","453,358.00",64.6,9.700,"139,789.10","165,401.80","165,401.80","99,015.00","13,311.70",0.00,"53,075.10",19.600,"365,874.00","392,462.00","269,582.00",0.00,"269,582.00",19.600,"143,510.00","143,510.00","18,374.20","13,091.70","2,916.90",0.00,"2,365.60","3,160","12,057",0,"12,671",0,13,22,"371,284",81.9
충청남도,부여군,부여읍,2020,"221,928.70","247,541.40","165,370.50",66.8,7.100,"99,295.70","124,908.40","124,908.40","75,114.00","10,430.10",0.00,"39,364.30",4.400,"66,255.00","66,255.00","37,229.00",0.00,"37,229.00",4.400,"56,378.00","56,378.00","3,233.10","2,803.50",0.00,0.00,429.60,"2,050","7,465",0,"7,465",0,7,9,"129,167",78.1
충청남도,부여군,규암면,2020,"119,824.40","119,824.40","100,294.50",83.7,2.600,"40,493.40","40,493.40","40,493.40","23,901.00","2,881.60",0.00,"13,710.80",6.600,"61,376.00","61,376.00","44,660.00",0.00,"44,660.00",6.600,"17,955.00","17,955.00","15,141.10","10,288.20","2,916.90",0.00,"1,936.00","1,110","1,015",0,"1,015",0,6,13,"84,274",84.0
충청남도,부여군,은산면,2020,"41,448.00","41,448.00","33,534.00",80.9,0.000,0.00,0.00,0.00,0.00,0.00,0.00,0.00,1.000,"33,534.00","33,534.00","33,534.00",0.00,"33,534.00",1.000,"7,914.00","7,914.00",0.00,0.00,0.00,0.00,0.00,0,998,0,998,0,0,0,"26,150",78.0
충청남도,부여군,외산면,2020,"26,957.00","37,581.00","31,850.00",84.8,0.000,0.00,0.00,0.00,0.00,0.00,0.00,0.00,0.500,"21,226.00","31,850.00","31,850.00",0.00,"31,850.00",0.500,"5,731.00","5,731.00",0.00,0.00,0.00,0.00,0.00,0,725,0,725,0,0,0,"22,402",70.3
충청남도,부여군,내산면,2020,"17,991.00","19,920.00","15,940.00",80.0,0.000,0.00,0.00,0.00,0.00,0.00,0.00,0.00,0.100,"14,011.00","15,940.00","15,940.00",0.00,"15,940.00",0.100,"3,980.00","3,980.00",0.00,0.00,0.00,0.00,0.00,0,238,0,238,0,0,0,"13,021",81.7
충청남도,부여군,구룡면,2020,"8,453.00","8,453.00",0.00,0.0,0.000,0.00,0.00,0.00,0.00,0.00,0.00,0.00,0.400,"5,770.00","5,770.00",0.00,0.00,0.00,0.400,"2,683.00","2,683.00",0.00,0.00,0.00,0.00,0.00,0,81,0,81,0,0,0,"5,732",0.0
충청남도,부여군,홍산면,2020,"17,839.00","19,227.00","11,600.00",60.3,0.000,0.00,0.00,0.00,0.00,0.00,0.00,0.00,0.700,"10,212.00","11,600.00","11,600.00",0.00,"11,600.00",0.700,"7,627.00","7,627.00",0.00,0.00,0.00,0.00,0.00,0,307,0,307,0,0,0,"8,900",76.7
충청남도,부여군,옥산면,2020,"5,856.00","7,110.00","4,780.00",67.2,0.000,0.00,0.00,0.00,0.00,0.00,0.00,0.00,0.200,"3,526.00","4,780.00","4,780.00",0.00,"4,780.00",0.200,"2,330.00","2,330.00",0.00,0.00,0.00,0.00,0.00,0,15,0,15,0,0,0,"3,831",80.1
충청남도,부여군,남면,2020,"24,978.00","24,978.00",0.00,0.0,0.000,0.00,0.00,0.00,0.00,0.00,0.00,0.00,0.600,"20,220.00","20,220.00",0.00,0.00,0.00,0.600,"4,758.00","4,758.00",0.00,0.00,0.00,0.00,0.00,0,54,0,54,0,0,0,"4,468",0.0
충청남도,부여군,충화면,2020,"10,739.00","10,739.00","5,270.00",49.1,0.000,0.00,0.00,0.00,0.00,0.00,0.00,0.00,0.300,"7,631.00","7,631.00","5,270.00",0.00,"5,270.00",0.300,"3,108.00","3,108.00",0.00,0.00,0.00,0.00,0.00,0,62,0,62,0,0,0,"4,310",81.8
충청남도,부여군,양화면,2020,"17,362.00","17,362.00","9,880.00",56.9,0.000,0.00,0.00,0.00,0.00,0.00,0.00,0.00,0.300,"14,296.00","14,296.00","9,880.00",0.00,"9,880.00",0.300,"3,066.00","3,066.00",0.00,0.00,0.00,0.00,0.00,0,356,0,356,0,0,0,"7,449",75.4
충청남도,부여군,임천면,2020,"6,745.00","6,745.00",0.00,0.0,0.000,0.00,0.00,0.00,0.00,0.00,0.00,0.00,0.700,"5,320.00","5,320.00",0.00,0.00,0.00,0.700,"1,425.00","1,425.00",0.00,0.00,0.00,0.00,0.00,0,55,0,55,0,0,0,"5,347",0.0
충청남도,부여군,장암면,2020,"22,194.00","22,194.00","7,300.00",32.9,0.000,0.00,0.00,0.00,0.00,0.00,0.00,0.00,0.800,"16,319.00","16,319.00","7,300.00",0.00,"7,300.00",0.800,"5,875.00","5,875.00",0.00,0.00,0.00,0.00,0.00,0,34,0,34,0,0,0,"5,850",80.1
충청남도,부여군,세도면,2020,"56,746.00","56,746.00","19,980.00",35.2,0.000,0.00,0.00,0.00,0.00,0.00,0.00,0.00,1.500,"50,012.00","50,012.00","19,980.00",0.00,"19,980.00",1.500,"6,734.00","6,734.00",0.00,0.00,0.00,0.00,0.00,0,0,0,614,0,0,0,"14,618",73.2
충청남도,부여군,석성면,2020,"20,740.00","32,133.00","25,698.00",80.0,0.000,0.00,0.00,0.00,0.00,0.00,0.00,0.00,1.000,"14,305.00","25,698.00","25,698.00",0.00,"25,698.00",1.000,"6,435.00","6,435.00",0.00,0.00,0.00,0.00,0.00,0,96,0,96,0,0,0,"19,899",77.4
충청남도,부여군,초촌면,2020,"29,372.00","29,372.00","21,861.00",74.4,0.000,0.00,0.00,0.00,0.00,0.00,0.00,0.00,0.500,"21,861.00","21,861.00","21,861.00",0.00,"21,861.00",0.500,"7,511.00","7,511.00",0.00,0.00,0.00,0.00,0.00,0,556,0,556,0,0,0,"15,866",72.6
충청남도,서천군,소계,,"362,792.00","375,177.00","281,491.00",75.0,0.630,"36,050.00","36,050.00","30,303.00","6,641.00","11,665.00","11,997.00",0.00,13.790,"185,771.00","198,156.00","150,196.00",1.00,"150,195.00",13.790,"140,971.00","140,971.00","100,992.00","7,615.00","30,031.00","62,646.00",700.00,194,"2,554","5,136","9,661","4,827",8,47,"272,968",97.0
충청남도,서천군,장항읍,,"114,818.00","117,156.00","115,146.00",98.3,0.000,0.00,0.00,0.00,0.00,0.00,0.00,0.00,3.840,"54,371.00","56,709.00","56,709.00",1.00,"56,708.00",3.840,"60,447.00","60,447.00","58,437.00","6,047.00","20,990.00","31,100.00",300.00,0,774,"1,270","3,989","1,994",0,17,"112,808",98.0
충청남도,서천군,서천읍,,"95,804.00","95,804.00","68,517.00",71.5,0.630,"36,050.00","36,050.00","30,303.00","6,641.00","11,665.00","11,997.00",0.00,2.670,"44,000.00","44,000.00","36,454.00",0.00,"36,454.00",2.670,"15,754.00","15,754.00","1,760.00",0.00,"1,360.00",0.00,400.00,194,684,"1,121","2,610","1,305",8,30,"67,817",99.0
충청남도,서천군,마서면,,"33,100.00","33,100.00","11,593.00",35.0,0.000,0.00,0.00,0.00,0.00,0.00,0.00,0.00,1.250,"27,100.00","27,100.00","7,095.00",0.00,"7,095.00",1.250,"6,000.00","6,000.00","4,498.00",871.00,479.00,"3,148.00",0.00,0,180,295,351,175,0,0,"11,593",100.0
충청남도,서천군,화양면,,"10,556.00","10,556.00","5,854.00",55.5,0.000,0.00,0.00,0.00,0.00,0.00,0.00,0.00,0.070,"5,036.00","5,036.00","1,736.00",0.00,"1,736.00",0.070,"5,520.00","5,520.00","4,118.00",0.00,"1,076.00","3,042.00",0.00,0,41,67,71,35,0,0,"5,854",100.0
충청남도,서천군,기산면,,"12,050.00","12,050.00","10,158.00",84.3,0.000,0.00,0.00,0.00,0.00,0.00,0.00,0.00,1.040,"8,500.00","8,500.00","7,188.00",0.00,"7,188.00",1.040,"3,550.00","3,550.00","2,970.00",0.00,77.00,"2,893.00",0.00,0,67,109,182,91,0,0,"10,158",100.0
충청남도,서천군,한산면,,"17,074.00","26,349.00","22,936.00",87.0,0.000,0.00,0.00,0.00,0.00,0.00,0.00,0.00,1.650,"10,264.00","19,539.00","19,539.00",0.00,"19,539.00",1.650,"6,810.00","6,810.00","3,397.00",0.00,47.00,"3,350.00",0.00,0,164,268,776,388,0,0,"22,936",100.0
충청남도,서천군,마산면,,"2,150.00","2,150.00","1,139.00",53.0,0.000,0.00,0.00,0.00,0.00,0.00,0.00,0.00,0.000,0.00,0.00,0.00,0.00,0.00,0.000,"2,150.00","2,150.00","1,139.00",0.00,483.00,656.00,0.00,0,0,297,0,0,0,0,"1,139",100.0
충청남도,서천군,시초면,,"3,550.00","3,550.00","1,668.00",47.0,0.000,0.00,0.00,0.00,0.00,0.00,0.00,0.00,0.000,0.00,0.00,0.00,0.00,0.00,0.000,"3,550.00","3,550.00","1,668.00",33.00,589.00,"1,046.00",0.00,0,0,82,0,0,0,0,"1,668",100.0
충청남도,서천군,문산면,,"5,050.00","5,050.00","1,552.00",30.7,0.000,0.00,0.00,0.00,0.00,0.00,0.00,0.00,0.000,"2,500.00","2,500.00",0.00,0.00,0.00,0.000,"2,550.00","2,550.00","1,552.00",135.00,65.00,"1,352.00",0.00,0,0,131,0,0,0,0,"1,552",100.0
충청남도,서천군,판교면,,"14,370.00","15,142.00","10,118.00",66.8,0.000,0.00,0.00,0.00,0.00,0.00,0.00,0.00,0.970,"4,800.00","5,572.00","5,572.00",0.00,"5,572.00",0.970,"9,570.00","9,570.00","4,546.00",350.00,"1,313.00","2,883.00",0.00,0,189,309,429,214,0,0,"10,118",100.0
충청남도,서천군,종천면,,"9,420.00","9,420.00","5,128.00",54.4,0.000,0.00,0.00,0.00,0.00,0.00,0.00,0.00,0.000,"2,300.00","2,300.00",0.00,0.00,0.00,0.000,"7,120.00","7,120.00","5,128.00",127.00,755.00,"4,246.00",0.00,0,0,442,0,0,0,0,"5,128",100.0
충청남도,서천군,비인면,,"22,800.00","22,800.00","14,187.00",62.2,0.000,0.00,0.00,0.00,0.00,0.00,0.00,0.00,0.640,"13,800.00","13,800.00","10,238.00",0.00,"10,238.00",0.640,"9,000.00","9,000.00","3,949.00",0.00,555.00,"3,394.00",0.00,0,315,516,677,337,0,0,"14,187",100.0
충청남도,서천군,서면,,"22,050.00","22,050.00","13,495.00",61.2,0.000,0.00,0.00,0.00,0.00,0.00,0.00,0.00,1.660,"13,100.00","13,100.00","5,665.00",0.00,"5,665.00",1.660,"8,950.00","8,950.00","7,830.00",52.00,"2,242.00","5,536.00",0.00,0,140,229,576,288,0,0,"8,010",59.4
충청남도,청양군,소계,,"390,899.00","390,899.00","299,388.00",76.6,0.356,"65,461.00","65,461.00","26,808.00","13,413.00","2,212.00",0.00,"11,183.00",10.064,"181,320.00","181,320.00","137,621.00",0.00,"137,621.00",0.725,"144,118.00","144,118.00","134,959.00","66,669.00","7,662.00",0.00,"60,628.00","3,357",0,0,"3,168",0,0,163,"299,388",100.0
충청남도,청양군,청양읍,,"125,083.00","125,083.00","120,868.00",96.6,0.356,"12,208.00","12,208.00","12,208.00","9,351.00","2,161.00",0.00,696.00,2.969,"55,130.00","55,130.00","53,857.00",0.00,"53,857.00",0.725,"57,745.00","57,745.00","54,803.00","32,790.00","4,435.00",0.00,"17,578.00","1,145",0,0,586,0,0,126,"120,868",100.0
충청남도,청양군,운곡면,,"17,822.00","17,822.00","7,214.00",40.5,0.000,"5,310.00","5,310.00",414.00,99.00,0.00,0.00,315.00,0.646,"10,433.00","10,433.00","4,721.00",0.00,"4,721.00",0.000,"2,079.00","2,079.00","2,079.00",682.00,30.00,0.00,"1,367.00",123,0,0,175,0,0,0,"7,214",100.0
충청남도,청양군,대치면,,"23,581.00","23,581.00","12,270.00",52.0,0.000,"3,968.00","3,968.00",0.00,0.00,0.00,0.00,0.00,0.458,"10,709.00","10,709.00","6,258.00",0.00,"6,258.00",0.000,"8,904.00","8,904.00","6,012.00","4,260.00",54.00,0.00,"1,698.00",104,0,0,159,0,0,0,"12,270",100.0
충청남도,청양군,정산면,,"52,824.00","52,824.00","40,183.00",76.1,0.000,0.00,0.00,0.00,0.00,0.00,0.00,0.00,0.890,"27,569.00","27,569.00","15,254.00",0.00,"15,254.00",0.000,"25,255.00","25,255.00","24,929.00","12,357.00","1,178.00",0.00,"11,394.00",423,0,0,142,0,0,37,"40,183",100.0
충청남도,청양군,목면,,"19,610.00","19,610.00","19,610.00",100.0,0.000,0.00,0.00,0.00,0.00,0.00,0.00,0.00,0.841,"10,173.00","10,173.00","10,173.00",0.00,"10,173.00",0.000,"9,437.00","9,437.00","9,437.00","4,137.00",128.00,0.00,"5,172.00",163,0,0,293,0,0,0,"19,610",100.0
충청남도,청양군,청남면,,"27,410.00","27,410.00","14,044.00",51.2,0.000,"12,399.00","12,399.00","2,485.00",587.00,0.00,0.00,"1,898.00",0.812,"8,807.00","8,807.00","5,355.00",0.00,"5,355.00",0.000,"6,204.00","6,204.00","6,204.00","3,020.00",643.00,0.00,"2,541.00",257,0,0,377,0,0,0,"14,044",100.0
충청남도,청양군,장평면,,"37,708.00","37,708.00","17,374.00",46.1,0.000,"13,891.00","13,891.00","3,178.00","1,797.00",5.00,0.00,"1,376.00",0.768,"18,706.00","18,706.00","9,085.00",0.00,"9,085.00",0.000,"5,111.00","5,111.00","5,111.00","2,144.00",78.00,0.00,"2,889.00",245,0,0,364,0,0,0,"17,374",100.0
충청남도,청양군,남양면,,"24,840.00","24,840.00","13,958.00",56.2,0.000,"10,255.00","10,255.00","5,481.00",985.00,8.00,0.00,"4,488.00",0.235,"8,069.00","8,069.00","4,960.00",0.00,"4,960.00",0.000,"6,516.00","6,516.00","3,517.00","1,475.00",278.00,0.00,"1,764.00",118,0,0,159,0,0,0,"13,958",100.0
충청남도,청양군,화성면,,"14,579.00","14,579.00","13,655.00",93.7,0.000,0.00,0.00,0.00,0.00,0.00,0.00,0.00,0.661,"8,713.00","8,713.00","7,789.00",0.00,"7,789.00",0.000,"5,866.00","5,866.00","5,866.00","2,793.00",0.00,0.00,"3,073.00",221,0,0,298,0,0,0,"13,655",100.0
충청남도,청양군,비봉면,,"47,442.00","47,442.00","40,212.00",84.8,0.000,"7,430.00","7,430.00","3,042.00",594.00,38.00,0.00,"2,410.00",1.784,"23,011.00","23,011.00","20,169.00",0.00,"20,169.00",0.000,"17,001.00","17,001.00","17,001.00","3,011.00",838.00,0.00,"13,152.00",558,0,0,615,0,0,0,"40,212",100.0
충청남도,홍성군,소계,,"341,188.00","492,269.00","399,786.00",81.2,"27,750.000","27,750.00","27,750.00","27,750.00","2,155.00","14,262.00",0.00,"11,333.00",15.400,"313,438.00","313,438.00","220,955.00",0.00,"220,955.00",0.000,0.00,"151,081.00","151,081.00",0.00,"151,081.00",0.00,0.00,"3,444","5,022",0,"8,487",0,84,0,"305,347",76.4
충청남도,홍성군,홍성읍,2035,"146,737.00","246,615.00","210,877.00",85.5,"14,441.000","14,441.00","14,441.00","14,441.00","1,051.00","10,837.00",0.00,"2,553.00",0.300,"132,296.00","132,296.00","96,558.00",0.00,"96,558.00",0.000,0.00,"99,878.00","99,878.00",0.00,"99,878.00",0.00,0.00,"2,167","2,855",0,"3,979",0,62,0,"162,944",77.3
충청남도,홍성군,광천읍,2035,"67,400.00","112,021.00","106,758.00",95.3,"13,309.000","13,309.00","13,309.00","13,309.00","1,104.00","3,425.00",0.00,"8,780.00",0.200,"54,091.00","54,091.00","48,828.00",0.00,"48,828.00",0.000,0.00,"44,621.00","44,621.00",0.00,"44,621.00",0.00,0.00,"1,277","1,578",0,"2,646",0,22,0,"72,084",67.5
충청남도,홍성군,홍북읍,2035,"18,555.00","25,137.00","15,590.00",62.0,0.000,0.00,0.00,0.00,0.00,0.00,0.00,0.00,10.300,"18,555.00","18,555.00","9,008.00",0.00,"9,008.00",0.000,0.00,"6,582.00","6,582.00",0.00,"6,582.00",0.00,0.00,0,589,0,286,0,0,0,"6,758",43.3
충청남도,홍성군,금마면,2035,"21,724.00","21,724.00","6,579.00",30.3,0.000,0.00,0.00,0.00,0.00,0.00,0.00,0.00,0.300,"21,724.00","21,724.00","6,579.00",0.00,"6,579.00",0.000,0.00,0.00,0.00,0.00,0.00,0.00,0.00,0,0,0,117,0,0,0,"6,579",100.0
충청남도,홍성군,홍동면,2035,"7,864.00","7,864.00","4,119.00",52.4,0.000,0.00,0.00,0.00,0.00,0.00,0.00,0.00,0.100,"7,864.00","7,864.00","4,119.00",0.00,"4,119.00",0.000,0.00,0.00,0.00,0.00,0.00,0.00,0.00,0,0,0,85,0,0,0,"4,119",100.0
충청남도,홍성군,장곡면,2035,"12,457.00","12,457.00","6,894.00",55.3,0.000,0.00,0.00,0.00,0.00,0.00,0.00,0.00,0.500,"12,457.00","12,457.00","6,894.00",0.00,"6,894.00",0.000,0.00,0.00,0.00,0.00,0.00,0.00,0.00,0,0,0,204,0,0,0,"6,894",100.0
충청남도,홍성군,은하면,2035,"5,140.00","5,140.00","1,243.00",24.2,0.000,0.00,0.00,0.00,0.00,0.00,0.00,0.00,0.100,"5,140.00","5,140.00","1,243.00",0.00,"1,243.00",0.000,0.00,0.00,0.00,0.00,0.00,0.00,0.00,0,0,0,57,0,0,0,"1,243",100.0
충청남도,홍성군,결성면,2035,"8,223.00","8,223.00","8,223.00",100.0,0.000,0.00,0.00,0.00,0.00,0.00,0.00,0.00,0.800,"8,223.00","8,223.00","8,223.00",0.00,"8,223.00",0.000,0.00,0.00,0.00,0.00,0.00,0.00,0.00,0,0,0,238,0,0,0,"8,223",100.0
충청남도,홍성군,서부면,2035,"13,498.00","13,498.00","13,498.00",100.0,0.000,0.00,0.00,0.00,0.00,0.00,0.00,0.00,1.200,"13,498.00","13,498.00","13,498.00",0.00,"13,498.00",0.000,0.00,0.00,0.00,0.00,0.00,0.00,0.00,0,0,0,337,0,0,0,"13,498",100.0
충청남도,홍성군,갈산면,2035,"23,365.00","23,365.00","9,780.00",41.9,0.000,0.00,0.00,0.00,0.00,0.00,0.00,0.00,0.800,"23,365.00","23,365.00","9,780.00",0.00,"9,780.00",0.000,0.00,0.00,0.00,0.00,0.00,0.00,0.00,0,0,0,303,0,0,0,"6,780",69.3
충청남도,홍성군,구항면,2035,"16,225.00","16,225.00","16,225.00",100.0,0.000,0.00,0.00,0.00,0.00,0.00,0.00,0.00,0.800,"16,225.00","16,225.00","16,225.00",0.00,"16,225.00",0.000,0.00,0.00,0.00,0.00,0.00,0.00,0.00,0,0,0,235,0,0,0,"16,225",100.0
충청남도,예산군,소계,,"430,769.00","431,549.00","160,924.00",37.3,15.400,"110,101.00","110,881.00","106,313.00","3,577.00","58,959.00","12,764.00","31,013.00",65.400,"277,343.00","277,343.00","49,122.00",0.00,"49,122.00",3.000,"43,325.00","43,325.00","5,489.00","1,588.00","3,045.00",856.00,0.00,380,"1,001",92,"2,491","3,924",104,0,"125,316",77.9
충청남도,예산군,예산읍,2020,"154,251.00","154,703.00","69,798.00",45.1,10.600,"60,583.00","61,035.00","61,035.00",762.00,"36,906.00","6,573.00","16,794.00",11.300,"88,660.00","88,660.00","6,945.00",0.00,"6,945.00",1.000,"5,008.00","5,008.00","1,818.00",0.00,"1,315.00",503.00,0.00,200,34,34,0,"2,679",94,0,"62,799",90.0
충청남도,예산군,삽교읍,2020,"120,090.00","120,418.00","24,806.00",20.6,2.100,"20,565.00","20,893.00","20,893.00","1,090.00","4,312.00","5,400.00","10,091.00",45.300,"63,846.00","63,846.00","2,880.00",0.00,"2,880.00",1.000,"35,679.00","35,679.00","1,033.00",0.00,680.00,353.00,0.00,150,28,28,932,466,2,0,"11,957",48.2
충청남도,예산군,대술면,2020,"5,501.00","5,501.00",0.00,0.0,0.000,0.00,0.00,0.00,0.00,0.00,0.00,0.00,0.300,"5,501.00","5,501.00",0.00,0.00,0.00,0.000,0.00,0.00,0.00,0.00,0.00,0.00,0.00,0,0,0,0,0,0,0,0,0.0
충청남도,예산군,신양면,2020,"18,396.00","18,396.00","12,782.00",69.5,0.000,0.00,0.00,0.00,0.00,0.00,0.00,0.00,0.700,"18,396.00","18,396.00","12,782.00",0.00,"12,782.00",0.000,0.00,0.00,0.00,0.00,0.00,0.00,0.00,0,95,0,160,80,0,0,"12,782",100.0
충청남도,예산군,광시면,2020,"18,006.00","18,006.00","10,848.00",60.2,0.000,0.00,0.00,0.00,0.00,0.00,0.00,0.00,1.200,"18,006.00","18,006.00","10,848.00",0.00,"10,848.00",0.000,0.00,0.00,0.00,0.00,0.00,0.00,0.00,0,563,0,192,96,0,0,"10,848",100.0
충청남도,예산군,대흥면,2020,"7,915.00","7,915.00","1,406.00",17.8,0.000,0.00,0.00,0.00,0.00,0.00,0.00,0.00,0.600,"7,915.00","7,915.00","1,406.00",0.00,"1,406.00",0.000,0.00,0.00,0.00,0.00,0.00,0.00,0.00,0,109,0,67,33,0,0,"1,406",100.0
충청남도,예산군,응봉면,2020,"8,282.00","8,282.00",274.00,3.3,0.000,0.00,0.00,0.00,0.00,0.00,0.00,0.00,0.600,"8,282.00","8,282.00",274.00,0.00,274.00,0.000,0.00,0.00,0.00,0.00,0.00,0.00,0.00,0,8,0,13,7,0,0,274,100.0
충청남도,예산군,덕산면,2020,"85,566.00","85,566.00","38,760.00",45.3,2.700,"28,953.00","28,953.00","24,385.00","1,725.00","17,741.00",791.00,"4,128.00",4.300,"53,975.00","53,975.00","11,737.00",0.00,"11,737.00",1.000,"2,638.00","2,638.00","2,638.00","1,588.00","1,050.00",0.00,0.00,30,100,30,"1,046",523,8,0,"23,000",59.3
충청남도,예산군,봉산면,2020,0.00,0.00,0.00,0.0,0.000,0.00,0.00,0.00,0.00,0.00,0.00,0.00,0.000,0.00,0.00,0.00,0.00,0.00,0.000,0.00,0.00,0.00,0.00,0.00,0.00,0.00,0,0,0,0,0,0,0,0,0.0
충청남도,예산군,고덕면,2020,0.00,0.00,0.00,0.0,0.000,0.00,0.00,0.00,0.00,0.00,0.00,0.00,0.000,0.00,0.00,0.00,0.00,0.00,0.000,0.00,0.00,0.00,0.00,0.00,0.00,0.00,0,0,0,0,0,0,0,0,0.0
충청남도,예산군,신암면,2020,"12,762.00","12,762.00","2,250.00",17.6,0.000,0.00,0.00,0.00,0.00,0.00,0.00,0.00,0.100,"12,762.00","12,762.00","2,250.00",0.00,"2,250.00",0.000,0.00,0.00,0.00,0.00,0.00,0.00,0.00,0,64,0,81,40,0,0,"2,250",100.0
충청남도,예산군,오가면,2020,0.00,0.00,0.00,0.0,0.000,0.00,0.00,0.00,0.00,0.00,0.00,0.00,1.000,0.00,0.00,0.00,0.00,0.00,0.000,0.00,0.00,0.00,0.00,0.00,0.00,0.00,0,0,0,0,0,0,0,0,0.0
충청남도,태안군,소계,,"580,501.00","585,206.00","223,828.00",38.2,15.800,"210,889.00","210,889.00","52,947.00","6,425.00","28,615.00","5,030.00","12,877.00",14.500,"245,446.00","250,151.00","139,717.00",0.00,"139,717.00",14.200,"124,166.00","124,166.00","31,164.00","30,389.00",775.00,0.00,0.00,"2,885",20,0,"6,839",0,2,2,"143,191",64.0
충청남도,태안군,태안읍,2030,"193,666.00","193,952.00","105,833.00",54.6,4.700,"95,515.00","95,515.00","29,843.00","3,111.00","20,276.00",710.00,"5,746.00",2.800,"53,182.00","53,468.00","53,468.00",0.00,"53,468.00",2.500,"44,969.00","44,969.00","22,522.00","21,747.00",775.00,0.00,0.00,"1,660",20,0,"3,339",0,1,1,"81,129",76.7
충청남도,태안군,안면읍,2030,"90,160.00","90,160.00","48,309.00",53.6,2.700,"26,880.00","26,880.00","7,037.00","1,745.00","2,676.00",490.00,"2,126.00",2.200,"47,246.00","47,246.00","38,056.00",0.00,"38,056.00",2.200,"16,034.00","16,034.00","3,216.00","3,216.00",0.00,0.00,0.00,454,0,0,"1,864",0,1,1,"24,371",50.4
충청남도,태안군,고남면,2030,"32,705.00","37,124.00","18,434.00",49.7,1.000,"12,420.00","12,420.00","2,453.00",253.00,"1,100.00",420.00,680.00,1.200,"11,562.00","15,981.00","15,981.00",0.00,"15,981.00",1.200,"8,723.00","8,723.00",0.00,0.00,0.00,0.00,0.00,138,0,0,407,0,0,0,"11,065",60.0
충청남도,태안군,남면,2030,"39,599.00","39,599.00","6,874.00",17.4,1.000,"10,324.00","10,324.00","1,983.00",183.00,486.00,532.00,782.00,1.400,"18,543.00","18,543.00","4,891.00",0.00,"4,891.00",1.400,"10,732.00","10,732.00",0.00,0.00,0.00,0.00,0.00,60,0,0,120,0,0,0,"3,466",50.4
충청남도,태안군,근흥면,2030,"72,125.00","72,125.00","18,493.00",25.6,2.200,"18,230.00","18,230.00","3,497.00",247.00,"1,204.00",632.00,"1,414.00",2.000,"38,572.00","38,572.00","9,570.00",0.00,"9,570.00",2.000,"15,323.00","15,323.00","5,426.00","5,426.00",0.00,0.00,0.00,228,0,0,388,0,0,0,"14,996",81.1
충청남도,태안군,소원면,2030,"61,362.00","61,362.00","5,079.00",8.3,1.800,"18,260.00","18,260.00","3,341.00",326.00,"1,423.00",852.00,740.00,1.900,"29,781.00","29,781.00","1,738.00",0.00,"1,738.00",1.900,"13,321.00","13,321.00",0.00,0.00,0.00,0.00,0.00,162,0,0,368,0,0,0,"1,338",26.3
충청남도,태안군,원북면,2030,"68,002.00","68,002.00","19,258.00",28.3,1.600,"19,420.00","19,420.00","3,245.00",432.00,"1,024.00",923.00,866.00,2.000,"34,250.00","34,250.00","16,013.00",0.00,"16,013.00",2.000,"14,332.00","14,332.00",0.00,0.00,0.00,0.00,0.00,178,0,0,353,0,0,0,"6,826",35.4
충청남도,태안군,이원면,2030,"22,882.00","22,882.00","1,548.00",6.8,0.800,"9,840.00","9,840.00","1,548.00",128.00,426.00,471.00,523.00,1.000,"12,310.00","12,310.00",0.00,0.00,0.00,1.000,732.00,732.00,0.00,0.00,0.00,0.00,0.00,5,0,0,0,0,0,0,0,0.0
전라북도,,합계,,"10,522,371.79","11,217,680.09","9,004,428.34",80.3,118.148,"1,837,985.00","2,098,886.43","1,535,911.43","480,283.89","752,713.11","27,929.00","274,985.43",350.772,"5,940,487.17","6,220,944.24","5,071,946.48","950,406.32","4,121,540.16","1,060.479","2,743,899.62","2,897,849.42","2,396,570.43","465,042.61","1,513,107.84","58,151.97","360,268.01","47,912","90,039","70,004","441,249","93,213",548,"1,503","7,534,742",83.7
전라북도,시부,합계,,"7,284,121.09","7,594,792.69","6,236,991.34",82.1,83.648,"1,676,463.00","1,917,442.43","1,447,051.43","427,966.89","731,813.11","23,086.00","264,185.43",186.967,"3,573,023.97","3,628,912.14","3,043,244.98","589,207.32","2,454,037.66",141.857,"2,034,634.12","2,048,438.12","1,746,694.93","386,111.61","1,109,135.94","46,223.07","205,224.31","36,448","43,470","30,581","356,917","33,562",527,826,"4,945,541",79.3
전라북도,전주시,소계,,"2,042,383.00","2,042,399.00","1,819,695.00",89.1,19.208,"657,968.00","657,968.00","448,948.00","61,351.00","174,769.00","19,746.00","193,082.00",47.017,"856,718.00","856,734.00","856,718.00","31,655.00","825,063.00",47.017,"527,697.00","527,697.00","514,029.00","53,958.00","428,073.00","3,700.00","28,298.00","9,500","7,600","8,635","296,010",0,341,0,"1,791,156",98.4
전라북도,전주시,중앙동,2035,"28,769.00","28,769.00","25,601.00",89.0,0.933,"9,268.00","9,268.00","6,280.00",864.00,"2,461.00",278.00,"2,677.00",0.000,"12,068.00","12,068.00","12,067.00",445.00,"11,622.00",0.000,"7,433.00","7,433.00","7,254.00",760.00,"6,044.00",52.00,398.00,133,108,121,"4,182",0,4,0,"25,321",98.9
전라북도,전주시,풍남동,2035,"14,368.00","14,368.00","12,783.00",89.0,0.466,"4,629.00","4,629.00","3,135.00",431.00,"1,229.00",138.00,"1,337.00",0.000,"6,027.00","6,027.00","6,026.00",222.00,"5,804.00",0.000,"3,712.00","3,712.00","3,622.00",379.00,"3,018.00",26.00,199.00,66,54,60,"2,088",0,2,0,"12,647",98.9
전라북도,전주시,노송동,2035,"106,629.00","106,629.00","94,895.00",89.0,2.402,"34,351.00","34,351.00","23,280.00","3,203.00","9,124.00","1,030.00","9,923.00",1.056,"44,728.00","44,728.00","44,727.00","1,652.00","43,075.00",1.056,"27,550.00","27,550.00","26,888.00","2,817.00","22,401.00",193.00,"1,477.00",495,402,450,"15,506",0,17,0,"93,849",98.9
전라북도,전주시,완산동,2035,"11,162.00","11,162.00","9,930.00",89.0,0.362,"3,596.00","3,596.00","2,435.00",335.00,955.00,107.00,"1,038.00",0.000,"4,682.00","4,682.00","4,682.00",173.00,"4,509.00",0.000,"2,884.00","2,884.00","2,813.00",294.00,"2,345.00",20.00,154.00,51,42,47,"1,622",0,1,0,"9,824",98.9
전라북도,전주시,동서학동,2035,"37,557.00","37,557.00","33,423.00",89.0,0.000,"12,099.00","12,099.00","8,199.00","1,128.00","3,213.00",363.00,"3,495.00",1.218,"15,754.00","15,754.00","15,754.00",582.00,"15,172.00",1.218,"9,704.00","9,704.00","9,470.00",992.00,"7,890.00",68.00,520.00,174,141,158,"5,461",0,6,0,"33,056",98.9
전라북도,전주시,서서학동,2035,"69,040.00","69,040.00","61,441.00",89.0,0.000,"22,242.00","22,242.00","15,072.00","2,073.00","5,907.00",667.00,"6,425.00",2.239,"28,960.00","28,960.00","28,960.00","1,070.00","27,890.00",2.239,"17,838.00","17,838.00","17,409.00","1,824.00","14,504.00",125.00,956.00,321,260,291,"10,040",0,11,0,"60,765",98.9
전라북도,전주시,중화산1동,2035,"34,350.00","34,350.00","30,567.00",89.0,0.319,"11,066.00","11,066.00","7,499.00","1,031.00","2,939.00",332.00,"3,197.00",0.794,"14,409.00","14,409.00","14,408.00",532.00,"13,876.00",0.794,"8,875.00","8,875.00","8,660.00",907.00,"7,216.00",62.00,475.00,159,129,145,"4,994",0,5,0,"30,233",98.9
전라북도,전주시,중화산2동,2035,"56,089.00","56,089.00","49,914.00",89.0,0.000,"18,069.00","18,069.00","12,245.00","1,684.00","4,799.00",542.00,"5,220.00",1.819,"23,528.00","23,528.00","23,527.00",869.00,"22,658.00",1.819,"14,492.00","14,492.00","14,142.00","1,481.00","11,783.00",101.00,777.00,260,211,236,"8,156",0,9,0,"49,367",98.9
전라북도,전주시,서신동,2035,"62,934.00","62,934.00","56,008.00",89.0,0.000,"20,275.00","20,275.00","13,740.00","1,890.00","5,385.00",608.00,"5,857.00",2.041,"26,399.00","26,399.00","26,399.00",975.00,"25,424.00",2.041,"16,260.00","16,260.00","15,869.00","1,662.00","13,221.00",114.00,872.00,292,237,265,"8,151",0,10,0,"55,392",98.9
전라북도,전주시,평화1동,2035,"36,863.00","36,863.00","32,803.00",89.0,0.111,"11,876.00","11,876.00","8,047.00","1,107.00","3,154.00",356.00,"3,430.00",1.083,"15,463.00","15,463.00","15,463.00",571.00,"14,892.00",1.083,"9,524.00","9,524.00","9,293.00",973.00,"7,744.00",66.00,510.00,171,138,155,"5,360",0,6,0,"32,445",98.9
전라북도,전주시,평화2동,2035,"36,863.00","36,863.00","32,803.00",89.0,0.111,"11,876.00","11,876.00","8,047.00","1,107.00","3,154.00",356.00,"3,430.00",1.083,"15,463.00","15,463.00","15,463.00",571.00,"14,892.00",1.083,"9,524.00","9,524.00","9,293.00",973.00,"7,744.00",66.00,510.00,171,138,155,"5,360",0,6,0,"32,445",98.9
전라북도,전주시,삼천1동,2035,"36,863.00","36,863.00","32,803.00",89.0,0.111,"11,876.00","11,876.00","8,047.00","1,107.00","3,154.00",356.00,"3,430.00",1.083,"15,463.00","15,463.00","15,463.00",571.00,"14,892.00",1.083,"9,524.00","9,524.00","9,293.00",973.00,"7,744.00",66.00,510.00,171,138,155,"5,360",0,6,0,"32,445",98.9
전라북도,전주시,삼천2동,2035,"36,863.00","36,863.00","32,803.00",89.0,0.111,"11,876.00","11,876.00","8,047.00","1,107.00","3,154.00",356.00,"3,430.00",1.083,"15,463.00","15,463.00","15,463.00",571.00,"14,892.00",1.083,"9,524.00","9,524.00","9,293.00",973.00,"7,744.00",66.00,510.00,171,138,155,"5,360",0,6,0,"32,445",98.9
전라북도,전주시,삼천3동,2035,"8,570.00","8,570.00","7,622.00",88.9,0.278,"2,761.00","2,761.00","1,869.00",257.00,733.00,82.00,797.00,0.000,"3,595.00","3,595.00","3,594.00",132.00,"3,462.00",0.000,"2,214.00","2,214.00","2,159.00",226.00,"1,800.00",15.00,118.00,39,32,36,"1,246",0,1,0,"7,544",99.0
전라북도,전주시,효자1동,2035,"34,350.00","34,350.00","30,567.00",89.0,0.319,"11,066.00","11,066.00","7,499.00","1,031.00","2,939.00",332.00,"3,197.00",0.794,"14,409.00","14,409.00","14,408.00",532.00,"13,876.00",0.794,"8,875.00","8,875.00","8,660.00",907.00,"7,216.00",62.00,475.00,159,129,145,"4,994",0,5,0,"30,233",98.9
전라북도,전주시,효자2동,2035,"34,350.00","34,350.00","30,567.00",89.0,0.319,"11,066.00","11,066.00","7,499.00","1,031.00","2,939.00",332.00,"3,197.00",0.794,"14,409.00","14,409.00","14,408.00",532.00,"13,876.00",0.794,"8,875.00","8,875.00","8,660.00",907.00,"7,216.00",62.00,475.00,159,129,145,"4,994",0,5,0,"30,233",98.9
전라북도,전주시,효자3동,2035,"20,720.00","20,720.00","18,438.00",89.0,0.672,"6,675.00","6,675.00","4,523.00",622.00,"1,773.00",200.00,"1,928.00",0.000,"8,692.00","8,692.00","8,691.00",321.00,"8,370.00",0.000,"5,353.00","5,353.00","5,224.00",547.00,"4,353.00",37.00,287.00,96,78,87,"3,012",0,3,0,"18,237",98.9
전라북도,전주시,효자4동,2035,"293,279.00","293,279.00","261,011.00",89.0,0.000,"94,482.00","94,482.00","64,035.00","8,809.00","25,096.00","2,835.00","27,295.00",9.511,"123,022.00","123,022.00","123,021.00","4,545.00","118,476.00",9.511,"75,775.00","75,775.00","73,955.00","7,748.00","61,613.00",531.00,"4,063.00","1,364","1,105","1,238","42,649",0,48,0,"251,726",96.4
전라북도,전주시,진북동,2035,"21,183.00","21,183.00","18,848.00",89.0,0.687,"6,824.00","6,824.00","4,623.00",636.00,"1,812.00",204.00,"1,971.00",0.000,"8,886.00","8,886.00","8,885.00",328.00,"8,557.00",0.000,"5,473.00","5,473.00","5,340.00",559.00,"4,450.00",38.00,293.00,98,79,89,"3,080",0,3,0,"18,645",98.9
전라북도,전주시,인후1동,2035,"32,746.00","32,746.00","28,140.00",85.9,0.000,"10,549.00","10,549.00","7,148.00",983.00,"2,802.00",316.00,"3,047.00",1.062,"13,736.00","13,736.00","13,736.00",507.00,"13,229.00",1.062,"8,461.00","8,461.00","7,256.00",865.00,"5,879.00",59.00,453.00,152,123,138,"4,761",0,5,0,"28,822",102.4
전라북도,전주시,인후2동,2035,"90,903.00","90,903.00","80,897.00",89.0,0.000,"29,285.00","29,285.00","19,846.00","2,730.00","7,778.00",878.00,"8,460.00",2.948,"38,131.00","38,131.00","38,130.00","1,408.00","36,722.00",2.948,"23,487.00","23,487.00","22,921.00","2,401.00","19,097.00",164.00,"1,259.00",422,342,383,"13,219",0,15,0,"80,008",98.9
전라북도,전주시,인후3동,2035,"57,785.00","57,785.00","54,424.00",94.2,0.000,"18,616.00","18,616.00","15,615.00","1,735.00","4,944.00",558.00,"8,378.00",1.874,"24,239.00","24,239.00","24,239.00",895.00,"23,344.00",1.874,"14,930.00","14,930.00","14,570.00","1,526.00","12,140.00",104.00,800.00,268,217,244,"8,402",0,9,0,"50,859",93.4
전라북도,전주시,덕진동,2035,"39,623.00","39,623.00","35,260.00",89.0,0.000,"12,765.00","12,765.00","8,650.00","1,190.00","3,390.00",383.00,"3,687.00",1.285,"16,621.00","16,621.00","16,620.00",614.00,"16,006.00",1.285,"10,237.00","10,237.00","9,990.00","1,046.00","8,324.00",71.00,549.00,184,149,167,"5,761",0,6,0,"34,874",98.9
전라북도,전주시,금암1동,2035,"39,684.00","39,684.00","35,314.00",89.0,0.000,"12,785.00","12,785.00","8,663.00","1,192.00","3,395.00",383.00,"3,693.00",1.287,"16,646.00","16,646.00","16,646.00",615.00,"16,031.00",1.287,"10,253.00","10,253.00","10,005.00","1,048.00","8,337.00",71.00,549.00,184,149,167,"5,770",0,6,0,"34,928",98.9
전라북도,전주시,금암2동,2035,"26,117.00","26,117.00","23,238.00",89.0,0.847,"8,414.00","8,414.00","5,700.00",784.00,"2,234.00",252.00,"2,430.00",0.000,"10,955.00","10,955.00","10,954.00",404.00,"10,550.00",0.000,"6,748.00","6,748.00","6,584.00",690.00,"5,486.00",47.00,361.00,121,98,110,"3,797",0,4,0,"22,987",98.9
전라북도,전주시,팔복동,2035,"195,899.00","195,899.00","174,343.00",89.0,4.808,"63,110.00","63,110.00","42,772.00","5,884.00","16,763.00","1,893.00","18,232.00",1.545,"82,174.00","82,174.00","82,173.00","3,036.00","79,137.00",1.545,"50,615.00","50,615.00","49,398.00","5,175.00","41,155.00",354.00,"2,714.00",911,738,837,"28,487",0,32,0,"172,418",98.9
전라북도,전주시,우아1동,2035,"74,744.00","74,744.00","66,519.00",89.0,1.860,"24,079.00","24,079.00","16,319.00","2,245.00","6,396.00",722.00,"6,956.00",0.564,"31,353.00","31,353.00","31,353.00","1,158.00","30,195.00",0.564,"19,312.00","19,312.00","18,847.00","1,974.00","15,703.00",135.00,"1,035.00",347,281,315,"10,869",0,12,0,"65,786",98.9
전라북도,전주시,우아2동,2035,"61,948.00","61,948.00","55,129.00",89.0,0.516,"19,957.00","19,957.00","13,524.00","1,860.00","5,301.00",598.00,"5,765.00",1.493,"25,985.00","25,985.00","25,985.00",960.00,"25,025.00",1.493,"16,006.00","16,006.00","15,620.00","1,636.00","13,014.00",112.00,858.00,288,233,261,"9,007",0,10,0,"54,523",98.9
전라북도,전주시,호성동,2035,"70,150.00","70,150.00","62,429.00",89.0,0.000,"22,599.00","22,599.00","15,315.00","2,107.00","6,002.00",678.00,"6,528.00",2.275,"29,426.00","29,426.00","29,426.00","1,087.00","28,339.00",2.275,"18,125.00","18,125.00","17,688.00","1,853.00","14,737.00",127.00,971.00,326,264,296,"10,201",0,11,0,"61,742",98.9
전라북도,전주시,송천1동,2035,"50,075.00","50,075.00","44,564.00",89.0,0.000,"16,132.00","16,132.00","10,933.00","1,504.00","4,285.00",484.00,"4,660.00",1.624,"21,005.00","21,005.00","21,005.00",776.00,"20,229.00",1.624,"12,938.00","12,938.00","12,626.00","1,323.00","10,520.00",90.00,693.00,232,188,211,"7,281",0,8,0,"44,074",98.9
전라북도,전주시,송천2동,2035,"76,441.00","76,441.00","68,029.00",89.0,0.000,"24,626.00","24,626.00","16,690.00","2,296.00","6,541.00",739.00,"7,114.00",2.479,"32,065.00","32,065.00","32,064.00","1,184.00","30,880.00",2.479,"19,750.00","19,750.00","19,275.00","2,019.00","16,059.00",138.00,"1,059.00",355,188,322,"11,116",0,12,0,"67,279",98.9
전라북도,전주시,조촌동,2035,"15,880.00","15,880.00","14,129.00",89.0,0.389,"5,116.00","5,116.00","3,465.00",477.00,"1,358.00",153.00,"1,477.00",0.126,"6,661.00","6,661.00","6,661.00",246.00,"6,415.00",0.126,"4,103.00","4,103.00","4,003.00",419.00,"3,336.00",28.00,220.00,73,59,67,"2,308",0,2,0,"13,976",98.9
전라북도,전주시,동산동,2035,"229,586.00","229,602.00","204,453.00",89.0,3.587,"73,962.00","73,962.00","50,187.00","6,911.00","19,660.00","2,235.00","21,381.00",3.857,"96,301.00","96,317.00","96,317.00","3,571.00","92,746.00",3.857,"59,323.00","59,323.00","57,949.00","6,081.00","48,240.00",430.00,"3,198.00","1,087",883,984,"33,416",0,55,0,"202,028",98.8
전라북도,군산시,소계,,"1,757,670.00","1,757,670.00","1,255,009.55",71.4,14.530,"371,072.00","371,072.00","303,479.00","260,114.00","26,464.00",673.00,"16,228.00",37.480,"802,222.00","802,222.00","548,919.74","534,315.83","14,603.91",37.480,"584,376.00","584,376.00","402,610.81","258,282.95","92,808.91","7,358.07","44,160.88","10,913","6,721","6,537","11,372","11,372",71,282,"1,240,531",98.8
전라북도,군산시,옥구읍,2035,"24,582.01","24,582.01","21,444.23",87.2,0.000,"4,562.00","4,562.00","4,562.00","4,561.00",0.00,0.00,1.00,0.780,"9,932.01","9,932.01","9,932.01","9,879.34",52.67,0.780,"10,088.00","10,088.00","6,950.22",346.55,"4,913.65",722.72,967.30,524,0,0,899,899,0,4,"19,522",91.0
전라북도,군산시,옥산면,2035,"6,852.69","6,852.69","5,186.13",75.7,0.000,0.00,0.00,0.00,0.00,0.00,0.00,0.00,0.090,"1,494.69","1,494.69","1,494.69","1,494.69",0.00,0.090,"5,358.00","5,358.00","3,691.44",163.28,"2,215.00",325.88,987.28,165,0,0,84,84,0,0,"5,893",113.6
전라북도,군산시,회현면,2035,"17,957.74","17,957.74","16,649.82",92.7,0.000,0.00,0.00,0.00,0.00,0.00,0.00,0.00,2.050,"13,752.74","13,752.74","13,752.74","13,669.93",82.81,2.050,"4,205.00","4,205.00","2,897.08",260.43,"1,956.64",287.30,392.71,504,0,0,"1,003","1,003",0,6,"17,817",107.0
전라북도,군산시,임피면,2035,"53,612.41","53,612.41","45,320.97",84.5,0.000,"1,174.00","1,174.00","1,174.00",709.00,147.00,0.00,318.00,0.750,"25,781.41","25,781.41","25,781.41","25,750.29",31.12,0.750,"26,657.00","26,657.00","18,365.56","3,371.07","9,378.79","1,378.61","4,237.09","1,380",0,0,"2,272","2,272",0,35,"50,101",110.5
전라북도,군산시,서수면,2035,"26,453.78","26,453.78","22,384.11",84.6,0.000,835.00,835.00,835.00,366.00,0.00,0.00,469.00,1.810,"12,534.78","12,534.78","12,534.78","12,534.78",0.00,1.810,"13,084.00","13,084.00","9,014.33",779.90,"4,224.00",620.75,"3,389.68",645,0,0,"1,083","1,083",0,13,"22,241",99.4
전라북도,군산시,대야면,2035,"55,740.06","55,740.06","48,896.22",87.7,0.000,592.00,592.00,592.00,418.00,76.00,0.00,98.00,1.870,"33,145.06","33,145.06","33,145.06","33,120.00",25.06,1.870,"22,003.00","22,003.00","15,159.16",437.49,"6,181.34",908.74,"7,631.59",663,0,0,"1,681","1,681",0,17,"26,002",53.2
전라북도,군산시,개정면,2035,"37,827.10","37,827.10","30,475.02",80.6,0.000,0.00,0.00,0.00,0.00,0.00,0.00,0.00,1.220,"14,190.10","14,190.10","14,190.10","14,190.10",0.00,1.220,"23,637.00","23,637.00","16,284.92",790.24,"4,943.28",726.85,"9,824.55",787,0,0,"1,460","1,460",0,16,"27,592",90.5
전라북도,군산시,성산면,2035,"8,281.49","8,281.49","6,254.12",75.5,0.000,0.00,0.00,0.00,0.00,0.00,0.00,0.00,0.000,"1,763.49","1,763.49","1,763.49","1,763.49",0.00,0.000,"6,518.00","6,518.00","4,490.63",323.81,"3,358.67",493.98,314.17,278,0,0,226,226,0,5,"8,045",128.6
전라북도,군산시,나포면,2035,"7,373.13","7,373.13","5,976.87",81.1,0.000,0.00,0.00,0.00,0.00,0.00,0.00,0.00,0.620,"2,884.13","2,884.13","2,884.13","2,884.13",0.00,0.620,"4,489.00","4,489.00","3,092.74",491.92,"1,832.63",269.38,498.81,137,0,0,253,253,0,3,"7,194",120.4
전라북도,군산시,옥도면,2035,0.00,0.00,0.00,0.0,0.000,0.00,0.00,0.00,0.00,0.00,0.00,0.00,0.000,0.00,0.00,0.00,0.00,0.00,0.000,0.00,0.00,0.00,0.00,0.00,0.00,0.00,0,0,0,0,0,0,0,0,0.0
전라북도,군산시,옥서면,2035,"30,845.16","30,845.16","26,177.99",84.9,0.000,0.00,0.00,0.00,0.00,0.00,0.00,0.00,1.190,"15,840.16","15,840.16","15,840.16","15,447.70",392.46,1.190,"15,005.00","15,005.00","10,337.83","1,302.13","6,317.75",928.72,"1,789.23",814,0,0,"1,366","1,366",0,0,"29,887",114.2
전라북도,군산시,해신동,2035,"5,974.00","5,974.00","4,836.72",81.0,0.200,0.00,0.00,0.00,0.00,0.00,0.00,0.00,0.500,"3,453.00","3,453.00","3,099.86","2,260.48",839.38,0.500,"2,521.00","2,521.00","1,736.86","1,390.32",263.87,4.13,78.54,28,37,36,6,6,0,1,"4,836",100.0
전라북도,군산시,월명동,2035,"5,757.00","5,757.00","1,777.88",30.9,1.050,0.00,0.00,0.00,0.00,0.00,0.00,0.00,0.090,"3,328.00","3,328.00",104.40,104.40,0.00,0.090,"2,429.00","2,429.00","1,673.48","1,340.02",254.23,3.44,75.79,27,36,35,6,6,0,1,"1,777",100.0
전라북도,군산시,신풍동,2035,"24,569.96","24,569.96","23,768.78",96.7,1.040,0.00,0.00,0.00,0.00,0.00,0.00,0.00,0.160,"21,991.96","21,991.96","21,991.96","21,489.85",502.11,0.160,"2,578.00","2,578.00","1,776.82","1,422.01",270.07,4.13,80.61,29,38,37,6,6,0,1,"23,768",100.0
전라북도,군산시,삼학동,2035,"132,834.46","132,834.46","132,495.67",99.7,0.030,"126,825.00","126,825.00","126,825.00","117,878.00","3,216.00",0.00,"5,731.00",0.530,"4,922.46","4,922.46","4,922.46","4,922.46",0.00,0.530,"1,087.00","1,087.00",748.21,599.39,113.68,1.38,33.76,12,16,16,3,3,0,0,"132,495",100.0
전라북도,군산시,중앙동,2035,"27,802.83","27,802.83","27,552.44",99.1,0.390,"22,401.00","22,401.00","22,401.00","15,797.00","4,771.00",0.00,"1,833.00",0.270,"4,596.83","4,596.83","4,596.83","4,377.23",219.60,0.270,805.00,805.00,554.61,444.38,84.05,1.38,24.80,9,12,12,2,2,0,0,"27,552",100.0
전라북도,군산시,흥남동,2035,"60,536.78","60,536.78","59,683.28",98.6,0.600,"43,159.00","43,159.00","43,159.00","33,612.00","5,902.00",0.00,"3,645.00",0.390,"14,633.78","14,633.78","14,633.78","14,633.78",0.00,0.390,"2,744.00","2,744.00","1,890.50","1,513.64",287.30,4.13,85.43,30,41,40,6,6,0,1,"59,683",100.0
전라북도,군산시,조촌동,2035,"106,137.38","106,137.38","102,287.00",96.4,1.170,"58,740.00","58,740.00","58,740.00","50,886.00","6,267.00",132.00,"1,455.00",1.940,"35,018.38","35,018.38","35,018.38","34,172.27",846.11,1.940,"12,379.00","12,379.00","8,528.62","6,826.89","1,296.62",19.29,385.82,137,184,179,29,29,2,5,"102,287",100.0
전라북도,군산시,경암동,2035,"19,196.85","19,196.85","18,279.34",95.2,0.000,0.00,0.00,0.00,0.00,0.00,0.00,0.00,1.220,"16,244.85","16,244.85","16,244.85","16,244.85",0.00,1.220,"2,952.00","2,952.00","2,034.49","1,628.01",309.34,4.82,92.32,33,44,43,7,7,0,1,"18,279",100.0
전라북도,군산시,구암동,2035,"30,376.00","30,376.00","20,967.14",69.0,1.640,"10,379.00","10,379.00","10,379.00","9,423.00",907.00,49.00,0.00,0.130,"11,559.00","11,559.00","4,774.71","4,504.93",269.78,0.130,"8,438.00","8,438.00","5,813.43","4,653.23",883.93,13.09,263.18,93,125,122,19,19,1,3,"20,967",100.0
전라북도,군산시,개정동,2035,"29,136.00","29,136.00","25,948.29",89.1,0.300,"19,479.00","19,479.00","19,479.00","16,307.00",865.00,323.00,"1,984.00",0.050,"5,582.00","5,582.00","3,661.79","3,661.79",0.00,0.050,"4,075.00","4,075.00","2,807.50","2,247.38",427.15,6.20,126.77,45,60,59,9,9,1,2,"25,948",100.0
전라북도,군산시,수송동,2035,"136,100.00","136,100.00","91,893.17",67.5,0.000,0.00,0.00,0.00,0.00,0.00,0.00,0.00,4.740,"78,670.00","78,670.00","52,326.28","49,761.88","2,564.40",4.740,"57,430.00","57,430.00","39,566.89","31,672.80","6,015.99",88.19,"1,789.91",635,851,828,132,132,9,23,"91,893",100.0
전라북도,군산시,나운1동,2035,"43,628.31","43,628.31","41,520.76",95.2,0.000,0.00,0.00,0.00,0.00,0.00,0.00,0.00,1.190,"36,850.31","36,850.31","36,850.31","36,620.46",229.85,1.190,"6,778.00","6,778.00","4,670.45","3,738.29",710.32,10.33,211.51,75,100,98,16,16,1,3,"41,520",100.0
전라북도,군산시,나운2동,2035,"33,418.00","33,418.00","10,931.01",32.7,0.820,0.00,0.00,0.00,0.00,0.00,0.00,0.00,0.000,"17,552.00","17,552.00",0.00,0.00,0.00,0.000,"15,866.00","15,866.00","10,931.01","8,750.46","1,661.77",24.11,494.67,176,235,229,37,37,2,6,"10,931",100.0
전라북도,군산시,나운3동,2035,"62,500.00","62,500.00","32,976.93",52.8,1.910,0.00,0.00,0.00,0.00,0.00,0.00,0.00,0.750,"31,907.00","31,907.00","11,900.31","11,865.57",34.74,0.750,"30,593.00","30,593.00","21,076.62","16,871.90","3,204.35",46.85,953.52,339,454,441,71,71,5,12,"32,976",100.0
전라북도,군산시,소룡동,2035,"414,908.00","414,908.00","283,195.14",68.3,5.380,"42,887.00","42,887.00","8,149.00","7,750.00",230.00,169.00,0.00,11.190,"202,381.00","202,381.00","158,170.53","149,854.27","8,316.26",11.190,"169,640.00","169,640.00","116,875.61","93,557.80","17,770.31",260.43,"5,287.07","1,877","2,515","2,446",391,391,27,68,"283,195",100.0
전라북도,군산시,미성동,2035,"355,268.86","355,268.86","148,130.52",41.7,0.000,"40,039.00","40,039.00","7,184.00","2,407.00","4,083.00",0.00,694.00,3.950,"182,212.86","182,212.86","49,304.72","49,107.16",197.56,3.950,"133,017.00","133,017.00","91,641.80","73,359.61","13,934.18",203.24,"4,144.77","1,471","1,973","1,916",305,305,23,56,"148,130",100.0
전라북도,익산시,소계,,"1,418,551.00","1,418,551.00","1,318,570.00",93.0,15.110,"451,281.00","451,281.00","451,281.00","32,782.00","363,778.00","1,678.00","53,043.00",26.660,"598,305.00","598,305.00","510,474.00",853.00,"509,621.00",26.660,"368,965.00","368,965.00","356,815.00","29,741.00","252,273.00","1,802.00","72,999.00","10,656","9,036","7,972","18,501",0,43,179,"717,250",54.4
전라북도,익산시,함열읍,2020,"125,473.00","125,473.00","101,177.00",80.6,0.940,"16,441.00","16,441.00","16,441.00",30.00,"15,006.00",306.00,"1,099.00",1.870,"53,920.00","53,920.00","38,050.00",0.00,"38,050.00",1.870,"55,112.00","55,112.00","46,686.00","1,950.00","38,666.00",43.00,"6,027.00",261,"1,302","1,972",412,0,12,45,0,0.0
전라북도,익산시,오산면,2020,"47,202.00","47,202.00","35,223.00",74.6,0.490,"19,232.00","19,232.00","19,232.00",673.00,"13,587.00",0.00,"4,972.00",1.000,"17,539.00","17,539.00","5,560.00",0.00,"5,560.00",1.000,"10,431.00","10,431.00","10,431.00",0.00,"9,050.00",0.00,"1,381.00",291,54,581,23,0,0,0,0,0.0
전라북도,익산시,황등면,2020,"77,107.00","77,107.00","74,501.00",96.6,0.960,"18,920.00","18,920.00","18,920.00",53.00,"15,631.00",134.00,"3,102.00",1.910,"36,657.00","36,657.00","36,657.00",0.00,"36,657.00",1.910,"21,530.00","21,530.00","18,924.00",994.00,"11,912.00",0.00,"6,018.00",669,"1,451",429,"1,854",0,4,28,0,0.0
전라북도,익산시,함라면,2020,"12,468.00","12,468.00","12,468.00",100.0,0.140,856.00,856.00,856.00,0.00,676.00,0.00,180.00,0.290,"5,161.00","5,161.00","5,161.00",0.00,"5,161.00",0.290,"6,451.00","6,451.00","6,451.00","1,152.00","3,750.00","1,140.00",409.00,35,103,148,15,0,0,0,0,0.0
전라북도,익산시,웅포면,2020,"11,333.00","11,333.00","11,333.00",100.0,0.100,"2,470.00","2,470.00","2,470.00",0.00,"1,538.00",0.00,932.00,0.210,"4,937.00","4,937.00","4,937.00",0.00,"4,937.00",0.210,"3,926.00","3,926.00","3,926.00",462.00,"2,950.00",0.00,514.00,167,107,200,6,0,0,0,0,0.0
전라북도,익산시,성당면,2020,"25,838.00","25,838.00","21,547.00",83.4,0.310,"15,787.00","15,787.00","15,787.00",434.00,"7,289.00",0.00,"8,064.00",0.620,"10,051.00","10,051.00","5,760.00",0.00,"5,760.00",0.620,0.00,0.00,0.00,0.00,0.00,0.00,0.00,373,2,0,161,0,0,0,0,0.0
전라북도,익산시,용안면,2020,"44,124.00","44,124.00","42,042.00",95.3,0.380,"4,987.00","4,987.00","4,987.00",27.00,"2,776.00",248.00,"1,936.00",0.750,"24,282.00","24,282.00","22,200.00",0.00,"22,200.00",0.750,"14,855.00","14,855.00","14,855.00",402.00,"11,750.00",0.00,"2,703.00",126,508,506,306,0,2,17,0,0.0
전라북도,익산시,낭산면,2020,"26,771.00","26,771.00","21,285.00",79.5,0.150,"14,507.00","14,507.00","14,507.00",27.00,"9,503.00",0.00,"4,977.00",0.300,"12,264.00","12,264.00","6,778.00",0.00,"6,778.00",0.300,0.00,0.00,0.00,0.00,0.00,0.00,0.00,429,31,0,219,0,0,0,0,0.0
전라북도,익산시,망성면,2020,"23,924.00","23,924.00","20,662.00",86.4,0.100,"11,962.00","11,962.00","11,962.00",0.00,"7,077.00",483.00,"4,402.00",0.200,"11,962.00","11,962.00","8,700.00",0.00,"8,700.00",0.200,0.00,0.00,0.00,0.00,0.00,0.00,0.00,329,0,0,265,0,0,0,0,0.0
전라북도,익산시,여산면,2020,"44,324.00","44,324.00","43,328.00",97.8,0.240,0.00,0.00,0.00,0.00,0.00,0.00,0.00,0.470,"32,196.00","32,196.00","31,200.00",0.00,"31,200.00",0.470,"12,128.00","12,128.00","12,128.00",501.00,"9,100.00",171.00,"2,356.00",0,0,312,0,0,0,9,0,0.0
전라북도,익산시,금마면,2020,"38,420.00","38,420.00","33,970.00",88.4,0.560,"5,695.00","5,695.00","5,695.00",11.00,"3,848.00",10.00,"1,826.00",1.120,"24,770.00","24,770.00","20,320.00",0.00,"20,320.00",1.120,"7,955.00","7,955.00","7,955.00",902.00,"4,210.00",0.00,"2,843.00",0,523,297,59,0,8,23,0,0.0
전라북도,익산시,왕궁면,2020,"59,340.00","59,340.00","44,628.00",75.2,1.470,"27,033.00","27,033.00","27,033.00","1,348.00","11,117.00",405.00,"14,163.00",1.470,"29,618.00","29,618.00","14,906.00",0.00,"14,906.00",1.470,"2,689.00","2,689.00","2,689.00",223.00,"1,890.00",0.00,576.00,359,61,53,422,0,0,0,0,0.0
전라북도,익산시,춘포면,2020,"60,477.00","60,477.00","47,829.00",79.1,2.000,"8,087.00","8,087.00","8,087.00",235.00,"6,038.00",0.00,"1,814.00",2.000,"37,140.00","37,140.00","24,492.00",0.00,"24,492.00",2.000,"15,250.00","15,250.00","15,250.00","1,670.00","11,269.00",0.00,"2,311.00",0,324,909,"1,093",0,4,15,0,0.0
전라북도,익산시,삼기면,2020,"20,703.00","20,703.00","20,602.00",99.5,0.180,"6,308.00","6,308.00","6,308.00",0.00,"4,947.00",0.00,"1,361.00",0.370,"8,021.00","8,021.00","7,920.00",0.00,"7,920.00",0.370,"6,374.00","6,374.00","6,374.00",0.00,"5,620.00",0.00,754.00,39,139,193,4,0,0,0,0,0.0
전라북도,익산시,용동면,2020,"14,259.00","14,259.00","8,714.00",61.1,0.010,"7,383.00","7,383.00","7,383.00",0.00,"5,406.00",0.00,"1,977.00",0.030,"6,107.00","6,107.00",562.00,0.00,562.00,0.030,769.00,769.00,769.00,11.00,720.00,0.00,38.00,286,12,32,1,0,0,0,0,0.0
전라북도,익산시,중앙동,2020,"786,788.00","786,788.00","779,261.00",99.0,7.080,"291,613.00","291,613.00","291,613.00","29,944.00","259,339.00",92.00,"2,238.00",14.050,"283,680.00","283,680.00","277,271.00",853.00,"276,418.00",14.050,"211,495.00","211,495.00","210,377.00","21,474.00","141,386.00",448.00,"47,069.00",28,0,369,"13,661",0,0,35,"717,250",92.0
전라북도,익산시,평화동,2020,0.00,0.00,0.00,0.0,0.000,0.00,0.00,0.00,0.00,0.00,0.00,0.00,0.000,0.00,0.00,0.00,0.00,0.00,0.000,0.00,0.00,0.00,0.00,0.00,0.00,0.00,0,67,85,0,0,3,0,0,0.0
전라북도,익산시,인화동,2020,0.00,0.00,0.00,0.0,0.000,0.00,0.00,0.00,0.00,0.00,0.00,0.00,0.000,0.00,0.00,0.00,0.00,0.00,0.000,0.00,0.00,0.00,0.00,0.00,0.00,0.00,125,232,304,0,0,0,0,0,0.0
전라북도,익산시,동산동,2020,0.00,0.00,0.00,0.0,0.000,0.00,0.00,0.00,0.00,0.00,0.00,0.00,0.000,0.00,0.00,0.00,0.00,0.00,0.000,0.00,0.00,0.00,0.00,0.00,0.00,0.00,787,456,99,0,0,2,0,0,0.0
전라북도,익산시,마동,2020,0.00,0.00,0.00,0.0,0.000,0.00,0.00,0.00,0.00,0.00,0.00,0.00,0.000,0.00,0.00,0.00,0.00,0.00,0.000,0.00,0.00,0.00,0.00,0.00,0.00,0.00,711,198,45,0,0,0,0,0,0.0
전라북도,익산시,남중동,2020,0.00,0.00,0.00,0.0,0.000,0.00,0.00,0.00,0.00,0.00,0.00,0.00,0.000,0.00,0.00,0.00,0.00,0.00,0.000,0.00,0.00,0.00,0.00,0.00,0.00,0.00,"1,457",136,80,0,0,0,0,0,0.0
전라북도,익산시,모현동,2020,0.00,0.00,0.00,0.0,0.000,0.00,0.00,0.00,0.00,0.00,0.00,0.00,0.000,0.00,0.00,0.00,0.00,0.00,0.000,0.00,0.00,0.00,0.00,0.00,0.00,0.00,"1,134",562,303,0,0,2,0,0,0.0
전라북도,익산시,송학동,2020,0.00,0.00,0.00,0.0,0.000,0.00,0.00,0.00,0.00,0.00,0.00,0.00,0.000,0.00,0.00,0.00,0.00,0.00,0.000,0.00,0.00,0.00,0.00,0.00,0.00,0.00,122,60,148,0,0,1,0,0,0.0
전라북도,익산시,영등1동,2020,0.00,0.00,0.00,0.0,0.000,0.00,0.00,0.00,0.00,0.00,0.00,0.00,0.000,0.00,0.00,0.00,0.00,0.00,0.000,0.00,0.00,0.00,0.00,0.00,0.00,0.00,633,223,256,0,0,0,0,0,0.0
전라북도,익산시,영등2동,2020,0.00,0.00,0.00,0.0,0.000,0.00,0.00,0.00,0.00,0.00,0.00,0.00,0.000,0.00,0.00,0.00,0.00,0.00,0.000,0.00,0.00,0.00,0.00,0.00,0.00,0.00,872,668,21,0,0,1,0,0,0.0
전라북도,익산시,어양동,2020,0.00,0.00,0.00,0.0,0.000,0.00,0.00,0.00,0.00,0.00,0.00,0.00,0.000,0.00,0.00,0.00,0.00,0.00,0.000,0.00,0.00,0.00,0.00,0.00,0.00,0.00,178,259,90,0,0,1,0,0,0.0
전라북도,익산시,신동,2020,0.00,0.00,0.00,0.0,0.000,0.00,0.00,0.00,0.00,0.00,0.00,0.00,0.000,0.00,0.00,0.00,0.00,0.00,0.000,0.00,0.00,0.00,0.00,0.00,0.00,0.00,336,329,91,0,0,3,5,0,0.0
전라북도,익산시,팔봉동,2020,0.00,0.00,0.00,0.0,0.000,0.00,0.00,0.00,0.00,0.00,0.00,0.00,0.000,0.00,0.00,0.00,0.00,0.00,0.000,0.00,0.00,0.00,0.00,0.00,0.00,0.00,800,"1,229",446,0,0,0,2,0,0.0
전라북도,익산시,삼성동,2020,0.00,0.00,0.00,0.0,0.000,0.00,0.00,0.00,0.00,0.00,0.00,0.00,0.000,0.00,0.00,0.00,0.00,0.00,0.000,0.00,0.00,0.00,0.00,0.00,0.00,0.00,109,0,3,0,0,0,0,0,0.0
전라북도,정읍시,소계,,"535,814.69","680,155.09","644,856.09",94.8,0.000,0.00,"128,852.43","128,852.43","28,083.09","98,936.91",0.00,"1,832.43",7.410,"367,460.57","382,948.54","347,649.54",495.49,"347,154.05",0.000,"168,354.12","168,354.12","168,354.12","20,977.66","145,243.03",0.00,"2,133.43","4,621","9,767","4,592","3,226","10,250",27,141,"644,845",100.0
전라북도,정읍시,신태인읍,2035,"55,501.56","74,974.66","74,974.66",100.0,0.000,0.00,"19,473.10","19,473.10","3,809.14","15,609.98",0.00,53.98,0.280,"39,242.64","39,242.64","39,242.64",0.00,"39,242.64",0.000,"16,258.92","16,258.92","16,258.92","4,459.86","11,672.15",0.00,126.91,633,"1,082",459,365,813,0,2,"74,974",100.0
전라북도,정읍시,북면,2035,"14,076.00","29,563.97","29,563.97",100.0,0.000,0.00,0.00,0.00,0.00,0.00,0.00,0.00,0.440,"14,060.50","29,548.47","29,548.47",0.00,"29,548.47",0.000,15.50,15.50,15.50,0.00,15.50,0.00,0.00,0,875,1,96,0,0,0,"29,563",100.0
전라북도,정읍시,입암면,2035,"8,225.20","8,225.20","8,225.20",100.0,0.000,0.00,0.00,0.00,0.00,0.00,0.00,0.00,0.680,"7,958.60","7,958.60","7,958.60",0.00,"7,958.60",0.000,266.60,266.60,266.60,0.00,266.60,0.00,0.00,0,207,8,0,16,0,0,"8,225",100.0
전라북도,정읍시,소성면,2035,"9,136.49","9,327.74","9,327.74",100.0,0.000,0.00,191.25,191.25,0.00,191.25,0.00,0.00,0.420,"7,134.10","7,134.10","7,134.10",0.00,"7,134.10",0.000,"2,002.39","2,002.39","2,002.39",286.67,"1,715.72",0.00,0.00,6,92,35,0,161,0,5,"9,327",100.0
전라북도,정읍시,고부면,2035,"3,068.71","3,068.71","3,068.71",100.0,0.000,0.00,0.00,0.00,0.00,0.00,0.00,0.00,0.710,"3,068.71","3,068.71","3,068.71",0.00,"3,068.71",0.000,0.00,0.00,0.00,0.00,0.00,0.00,0.00,0,90,0,14,0,0,0,"3,068",100.0
전라북도,정읍시,영원면,2035,0.00,0.00,0.00,0.0,0.000,0.00,0.00,0.00,0.00,0.00,0.00,0.00,0.350,0.00,0.00,0.00,0.00,0.00,0.000,0.00,0.00,0.00,0.00,0.00,0.00,0.00,0,0,0,0,0,0,0,0,0.0
전라북도,정읍시,덕천면,2035,0.00,0.00,0.00,0.0,0.000,0.00,0.00,0.00,0.00,0.00,0.00,0.00,0.000,0.00,0.00,0.00,0.00,0.00,0.000,0.00,0.00,0.00,0.00,0.00,0.00,0.00,0,0,0,0,0,0,0,0,0.0
전라북도,정읍시,이평면,2035,0.00,0.00,0.00,0.0,0.000,0.00,0.00,0.00,0.00,0.00,0.00,0.00,0.820,0.00,0.00,0.00,0.00,0.00,0.000,0.00,0.00,0.00,0.00,0.00,0.00,0.00,0,0,0,0,0,0,0,0,0.0
전라북도,정읍시,정우면,2035,52.37,89.40,89.40,100.0,0.000,0.00,37.03,37.03,20.91,16.12,0.00,0.00,0.520,0.00,0.00,0.00,0.00,0.00,0.000,52.37,52.37,52.37,52.37,0.00,0.00,0.00,0,319,0,0,0,0,0,89,99.6
전라북도,정읍시,태인면,2035,0.00,0.00,0.00,0.0,0.000,0.00,0.00,0.00,0.00,0.00,0.00,0.00,0.000,0.00,0.00,0.00,0.00,0.00,0.000,0.00,0.00,0.00,0.00,0.00,0.00,0.00,0,0,0,0,0,0,0,0,0.0
전라북도,정읍시,감곡면,2035,167.70,199.82,199.82,100.0,0.000,0.00,32.12,32.12,0.00,32.12,0.00,0.00,0.490,0.00,0.00,0.00,0.00,0.00,0.000,167.70,167.70,167.70,0.00,167.70,0.00,0.00,2,0,9,0,8,0,0,199,99.6
전라북도,정읍시,옹동면,2035,0.00,0.00,0.00,0.0,0.000,0.00,0.00,0.00,0.00,0.00,0.00,0.00,0.000,0.00,0.00,0.00,0.00,0.00,0.000,0.00,0.00,0.00,0.00,0.00,0.00,0.00,0,0,0,0,0,0,0,0,0.0
전라북도,정읍시,칠보면,2035,"9,369.27","9,369.27","9,369.27",100.0,0.000,0.00,0.00,0.00,0.00,0.00,0.00,0.00,0.440,"7,473.85","7,473.85","7,473.85",0.00,"7,473.85",0.000,"1,895.42","1,895.42","1,895.42",0.00,"1,895.42",0.00,0.00,0,158,65,0,16,0,5,"9,369",100.0
전라북도,정읍시,산내면,2035,"10,556.00","10,556.00",0.00,0.0,0.000,0.00,0.00,0.00,0.00,0.00,0.00,0.00,0.000,"10,556.00","10,556.00",0.00,0.00,0.00,0.000,0.00,0.00,0.00,0.00,0.00,0.00,0.00,0,0,0,0,0,0,0,0,0.0
전라북도,정읍시,산외면,2035,"4,162.70","4,162.70","4,162.70",100.0,0.000,0.00,0.00,0.00,0.00,0.00,0.00,0.00,0.330,"4,162.70","4,162.70","4,162.70",0.00,"4,162.70",0.000,0.00,0.00,0.00,0.00,0.00,0.00,0.00,0,0,0,0,0,0,0,"4,162",100.0
전라북도,정읍시,수성동,2035,"396,755.69","505,874.62","505,874.62",100.0,0.000,0.00,"109,118.93","109,118.93","24,253.04","83,087.44",0.00,"1,778.45",1.930,"249,060.47","249,060.47","249,060.47",495.49,"248,564.98",0.000,"147,695.22","147,695.22","147,695.22","16,178.76","129,509.94",0.00,"2,006.52","3,980","6,944","4,015","2,751","9,236",27,129,"505,869",100.0
전라북도,정읍시,장명동,2035,"8,700.00","8,700.00",0.00,0.0,0.000,0.00,0.00,0.00,0.00,0.00,0.00,0.00,0.000,"8,700.00","8,700.00",0.00,0.00,0.00,0.000,0.00,0.00,0.00,0.00,0.00,0.00,0.00,0,0,0,0,0,0,0,0,0.0
전라북도,정읍시,내장상동,2035,"1,298.60","1,298.60",0.00,0.0,0.000,0.00,0.00,0.00,0.00,0.00,0.00,0.00,0.000,"1,298.60","1,298.60",0.00,0.00,0.00,0.000,0.00,0.00,0.00,0.00,0.00,0.00,0.00,0,0,0,0,0,0,0,0,0.0
전라북도,정읍시,시기동,2035,0.00,0.00,0.00,0.0,0.000,0.00,0.00,0.00,0.00,0.00,0.00,0.00,0.000,0.00,0.00,0.00,0.00,0.00,0.000,0.00,0.00,0.00,0.00,0.00,0.00,0.00,0,0,0,0,0,0,0,0,0.0
전라북도,정읍시,초산동,2035,0.00,0.00,0.00,0.0,0.000,0.00,0.00,0.00,0.00,0.00,0.00,0.00,0.000,0.00,0.00,0.00,0.00,0.00,0.000,0.00,0.00,0.00,0.00,0.00,0.00,0.00,0,0,0,0,0,0,0,0,0.0
전라북도,정읍시,연지동,2035,"1,536.00","1,536.00",0.00,0.0,0.000,0.00,0.00,0.00,0.00,0.00,0.00,0.00,0.000,"1,536.00","1,536.00",0.00,0.00,0.00,0.000,0.00,0.00,0.00,0.00,0.00,0.00,0.00,0,0,0,0,0,0,0,0,0.0
전라북도,정읍시,농소동,2035,"3,516.70","3,516.70",0.00,0.0,0.000,0.00,0.00,0.00,0.00,0.00,0.00,0.00,0.000,"3,516.70","3,516.70",0.00,0.00,0.00,0.000,0.00,0.00,0.00,0.00,0.00,0.00,0.00,0,0,0,0,0,0,0,0,0.0
전라북도,정읍시,상교동,2035,"9,691.70","9,691.70",0.00,0.0,0.000,0.00,0.00,0.00,0.00,0.00,0.00,0.00,0.000,"9,691.70","9,691.70",0.00,0.00,0.00,0.000,0.00,0.00,0.00,0.00,0.00,0.00,0.00,0,0,0,0,0,0,0,0,0.0
전라북도,남원시,소계,,"712,364.00","824,491.70","618,870.70",75.1,22.000,"30,085.00","142,212.00","112,127.00","45,636.80","66,490.20",0.00,0.00,14.800,"537,730.00","537,730.70","363,526.70",0.00,"363,526.70",11.900,"144,549.00","144,549.00","143,217.00","18,815.00","115,262.00","3,583.00","5,557.00",758,"2,829","1,434","18,040",0,43,194,"391,535",63.3
전라북도,남원시,운봉읍,2030,"58,244.00","58,244.00","41,463.00",71.2,0.900,"10,294.00","10,294.00",0.00,0.00,0.00,0.00,0.00,1.100,"31,865.00","31,865.00","25,378.00",0.00,"25,378.00",1.100,"16,085.00","16,085.00","16,085.00","2,158.00","11,491.00",930.00,"1,506.00",0,516,422,"1,664",0,0,9,"33,015",79.6
전라북도,남원시,주천면,2025,"3,985.00","3,985.00","3,985.00",100.0,0.000,0.00,0.00,0.00,0.00,0.00,0.00,0.00,0.000,"3,985.00","3,985.00","3,985.00",0.00,"3,985.00",0.000,0.00,0.00,0.00,0.00,0.00,0.00,0.00,0,0,0,53,0,0,0,"2,653",66.6
전라북도,남원시,수지면,2025,"9,965.00","9,965.00","1,232.00",12.4,0.000,0.00,0.00,0.00,0.00,0.00,0.00,0.00,0.200,"9,965.00","9,965.00","1,232.00",0.00,"1,232.00",0.000,0.00,0.00,0.00,0.00,0.00,0.00,0.00,0,0,0,353,0,0,0,0,0.0
전라북도,남원시,송동면,2025,"14,291.00","14,291.00","14,286.00",100.0,0.000,0.00,0.00,0.00,0.00,0.00,0.00,0.00,0.300,"14,291.00","14,291.00","14,286.00",0.00,"14,286.00",0.000,0.00,0.00,0.00,0.00,0.00,0.00,0.00,0,0,0,477,0,0,0,"6,486",45.4
전라북도,남원시,주생면,2035,"439,724.00","551,851.00","422,070.00",76.5,0.000,0.00,"112,127.00","112,127.00","45,636.80","66,490.20",0.00,0.00,9.900,"334,609.00","334,609.00","206,060.00",0.00,"206,060.00",9.900,"105,115.00","105,115.00","103,883.00","14,481.00","87,143.00",209.00,"2,050.00",758,"1,843",628,"10,671",0,43,169,"293,604",69.6
전라북도,남원시,금지면,2020,"18,307.00","18,307.00","15,288.00",83.5,0.000,0.00,0.00,0.00,0.00,0.00,0.00,0.00,0.600,"18,307.00","18,307.00","15,288.00",0.00,"15,288.00",0.000,0.00,0.00,0.00,0.00,0.00,0.00,0.00,0,0,0,857,0,0,0,"2,019",13.2
전라북도,남원시,대강면,2020,"7,377.00","7,377.00","7,377.00",100.0,0.000,0.00,0.00,0.00,0.00,0.00,0.00,0.00,0.200,"7,377.00","7,377.00","7,377.00",0.00,"7,377.00",0.000,0.00,0.00,0.00,0.00,0.00,0.00,0.00,0,0,0,297,0,0,0,0,0.0
전라북도,남원시,대산면,2025,"1,668.00","1,668.00","1,668.00",100.0,0.000,0.00,0.00,0.00,0.00,0.00,0.00,0.00,0.000,"1,668.00","1,668.00","1,668.00",0.00,"1,668.00",0.000,0.00,0.00,0.00,0.00,0.00,0.00,0.00,0,0,0,47,0,0,0,0,0.0
전라북도,남원시,사매면,2025,"7,946.00","7,946.00","4,506.00",56.7,0.000,0.00,0.00,0.00,0.00,0.00,0.00,0.00,0.200,"7,946.00","7,946.00","4,506.00",0.00,"4,506.00",0.000,0.00,0.00,0.00,0.00,0.00,0.00,0.00,0,0,0,317,0,0,0,0,0.0
전라북도,남원시,덕과면,2015,"4,877.00","4,877.00","3,069.00",62.9,0.000,0.00,0.00,0.00,0.00,0.00,0.00,0.00,0.100,"4,877.00","4,877.00","3,069.00",0.00,"3,069.00",0.000,0.00,0.00,0.00,0.00,0.00,0.00,0.00,0,0,0,115,0,0,0,0,0.0
전라북도,남원시,보절면,2020,"20,987.00","20,987.00","20,197.00",96.2,0.000,0.00,0.00,0.00,0.00,0.00,0.00,0.00,0.400,"20,987.00","20,987.00","20,197.00",0.00,"20,197.00",0.000,0.00,0.00,0.00,0.00,0.00,0.00,0.00,0,0,0,437,0,0,0,"2,319",11.5
전라북도,남원시,산동면,2025,"17,238.00","17,238.40","17,238.40",100.0,0.000,0.00,0.00,0.00,0.00,0.00,0.00,0.00,0.300,"17,238.00","17,238.40","17,238.40",0.00,"17,238.40",0.000,0.00,0.00,0.00,0.00,0.00,0.00,0.00,0,0,0,593,0,0,0,"9,555",55.4
전라북도,남원시,이백면,2025,412.00,412.00,412.00,100.0,0.000,0.00,0.00,0.00,0.00,0.00,0.00,0.00,0.000,412.00,412.00,412.00,0.00,412.00,0.000,0.00,0.00,0.00,0.00,0.00,0.00,0.00,0,0,0,17,0,0,0,0,0.0
전라북도,남원시,아영면,2025,"9,327.00","9,327.00","3,927.00",42.1,0.000,0.00,0.00,0.00,0.00,0.00,0.00,0.00,0.200,"9,327.00","9,327.00","3,927.00",0.00,"3,927.00",0.000,0.00,0.00,0.00,0.00,0.00,0.00,0.00,0,0,0,279,0,0,0,0,0.0
전라북도,남원시,산내면,2030,"17,417.00","17,417.30","17,417.30",100.0,0.000,0.00,0.00,0.00,0.00,0.00,0.00,0.00,0.400,"17,417.00","17,417.30","17,417.30",0.00,"17,417.30",0.000,0.00,0.00,0.00,0.00,0.00,0.00,0.00,0,0,0,517,0,0,0,"6,673",38.3
전라북도,남원시,인월면,2025,"66,361.00","66,361.00","44,735.00",67.4,1.200,"5,553.00","5,553.00",0.00,0.00,0.00,0.00,0.00,0.900,"37,459.00","37,459.00","21,486.00",0.00,"21,486.00",0.900,"23,349.00","23,349.00","23,249.00","2,176.00","16,628.00","2,444.00","2,001.00",0,470,384,"1,346",0,0,16,"35,211",78.7
전라북도,남원시,동충동,2015,"2,034.00","2,034.00",0.00,0.0,2.800,"2,034.00","2,034.00",0.00,0.00,0.00,0.00,0.00,0.000,0.00,0.00,0.00,0.00,0.00,0.000,0.00,0.00,0.00,0.00,0.00,0.00,0.00,0,0,0,0,0,0,0,0,0.0
전라북도,남원시,죽항동,2015,"2,041.00","2,041.00",0.00,0.0,2.800,"2,041.00","2,041.00",0.00,0.00,0.00,0.00,0.00,0.000,0.00,0.00,0.00,0.00,0.00,0.000,0.00,0.00,0.00,0.00,0.00,0.00,0.00,0,0,0,0,0,0,0,0,0.0
전라북도,남원시,노암동,2025,"2,036.00","2,036.00",0.00,0.0,2.800,"2,036.00","2,036.00",0.00,0.00,0.00,0.00,0.00,0.000,0.00,0.00,0.00,0.00,0.00,0.000,0.00,0.00,0.00,0.00,0.00,0.00,0.00,0,0,0,0,0,0,0,0,0.0
전라북도,남원시,금동,2015,"2,981.00","2,981.00",0.00,0.0,2.800,"2,981.00","2,981.00",0.00,0.00,0.00,0.00,0.00,0.000,0.00,0.00,0.00,0.00,0.00,0.000,0.00,0.00,0.00,0.00,0.00,0.00,0.00,0,0,0,0,0,0,0,0,0.0
전라북도,남원시,왕정동,2015,"2,156.00","2,156.00",0.00,0.0,2.900,"2,156.00","2,156.00",0.00,0.00,0.00,0.00,0.00,0.000,0.00,0.00,0.00,0.00,0.00,0.000,0.00,0.00,0.00,0.00,0.00,0.00,0.00,0,0,0,0,0,0,0,0,0.0
전라북도,남원시,향교동,2025,"1,665.00","1,665.00",0.00,0.0,2.900,"1,665.00","1,665.00",0.00,0.00,0.00,0.00,0.00,0.000,0.00,0.00,0.00,0.00,0.00,0.000,0.00,0.00,0.00,0.00,0.00,0.00,0.00,0,0,0,0,0,0,0,0,0.0
전라북도,남원시,도통동,2015,"1,325.00","1,325.00",0.00,0.0,2.900,"1,325.00","1,325.00",0.00,0.00,0.00,0.00,0.00,0.000,0.00,0.00,0.00,0.00,0.00,0.000,0.00,0.00,0.00,0.00,0.00,0.00,0.00,0,0,0,0,0,0,0,0,0.0
전라북도,김제시,소계,,"817,338.40","871,525.90","579,990.00",66.5,12.800,"166,057.00","166,057.00","2,364.00",0.00,"1,375.00",989.00,0.00,53.600,"410,588.40","450,971.90","415,957.00","21,888.00","394,069.00",18.800,"240,693.00","254,497.00","161,669.00","4,337.00","75,476.00","29,780.00","52,076.00",0,"7,517","1,411","9,768","11,940",2,30,"160,224",27.6
전라북도,김제시,만경읍,2035,"46,614.60","50,554.60","29,997.00",59.3,0.500,"13,648.00","13,648.00",0.00,0.00,0.00,0.00,0.00,1.700,"25,812.60","25,812.60","18,903.00",390.00,"18,513.00",1.700,"7,154.00","11,094.00","11,094.00",0.00,"4,667.00","3,223.00","3,204.00",0,403,95,613,665,0,0,0,0.0
전라북도,김제시,죽산면,2035,"19,424.90","33,952.00","24,913.00",73.4,0.400,"9,039.00","9,039.00",0.00,0.00,0.00,0.00,0.00,0.800,"7,882.90","15,118.00","15,118.00","1,130.00","13,988.00",0.800,"2,503.00","9,795.00","9,795.00",0.00,"2,043.00","7,752.00",0.00,0,316,47,431,441,0,0,0,0.0
전라북도,김제시,백산면,2035,"4,138.80","5,700.00","5,700.00",100.0,0.000,0.00,0.00,0.00,0.00,0.00,0.00,0.00,0.000,"4,138.80","5,700.00","5,700.00",0.00,"5,700.00",0.000,0.00,0.00,0.00,0.00,0.00,0.00,0.00,0,49,0,109,98,0,0,0,0.0
전라북도,김제시,용지면,2035,"18,467.90","18,467.90","11,700.00",63.4,0.000,0.00,0.00,0.00,0.00,0.00,0.00,0.00,0.000,"18,467.90","18,467.90","11,700.00",0.00,"11,700.00",0.000,0.00,0.00,0.00,0.00,0.00,0.00,0.00,0,219,0,378,394,0,0,0,0.0
전라북도,김제시,백구면,2035,"4,169.20","5,300.00","5,300.00",100.0,0.000,0.00,0.00,0.00,0.00,0.00,0.00,0.00,0.000,"4,169.20","5,300.00","5,300.00",0.00,"5,300.00",0.000,0.00,0.00,0.00,0.00,0.00,0.00,0.00,0,49,0,127,154,0,0,0,0.0
전라북도,김제시,부량면,2035,"1,193.30","2,100.00","2,100.00",100.0,0.000,0.00,0.00,0.00,0.00,0.00,0.00,0.00,0.000,"1,193.30","2,100.00","2,100.00",0.00,"2,100.00",0.000,0.00,0.00,0.00,0.00,0.00,0.00,0.00,0,14,0,102,151,0,0,0,0.0
전라북도,김제시,공덕면,2035,"4,179.80","4,179.80","2,700.00",64.6,0.000,0.00,0.00,0.00,0.00,0.00,0.00,0.00,0.000,"4,179.80","4,179.80","2,700.00",0.00,"2,700.00",0.000,0.00,0.00,0.00,0.00,0.00,0.00,0.00,0,49,0,79,109,0,0,0,0.0
전라북도,김제시,청하면,2035,862.70,"1,800.00","1,800.00",100.0,0.000,0.00,0.00,0.00,0.00,0.00,0.00,0.00,0.000,862.70,"1,800.00","1,800.00",0.00,"1,800.00",0.000,0.00,0.00,0.00,0.00,0.00,0.00,0.00,0,10,0,92,121,0,0,0,0.0
전라북도,김제시,성덕면,2035,"2,440.50","4,300.00","4,300.00",100.0,0.000,0.00,0.00,0.00,0.00,0.00,0.00,0.00,0.000,"2,440.50","4,300.00","4,300.00",0.00,"4,300.00",0.000,0.00,0.00,0.00,0.00,0.00,0.00,0.00,0,29,0,107,111,0,0,0,0.0
전라북도,김제시,진봉면,2035,"6,467.60","6,467.60","5,200.00",80.4,0.000,0.00,0.00,0.00,0.00,0.00,0.00,0.00,0.000,"6,467.60","6,467.60","5,200.00",0.00,"5,200.00",0.000,0.00,0.00,0.00,0.00,0.00,0.00,0.00,0,76,0,137,164,0,0,0,0.0
전라북도,김제시,금구면,2035,"18,956.50","28,767.00","23,016.00",80.0,0.300,"5,751.00","5,751.00",0.00,0.00,0.00,0.00,0.00,1.000,"10,301.50","18,145.00","18,145.00",75.00,"18,070.00",1.000,"2,904.00","4,871.00","4,871.00",0.00,"2,658.00","2,213.00",0.00,0,320,62,692,774,0,0,0,0.0
전라북도,김제시,봉남면,2035,"3,840.60","4,300.00","4,300.00",100.0,0.000,0.00,0.00,0.00,0.00,0.00,0.00,0.00,0.000,"3,840.60","4,300.00","4,300.00",0.00,"4,300.00",0.000,0.00,0.00,0.00,0.00,0.00,0.00,0.00,0,45,0,71,104,0,0,0,0.0
전라북도,김제시,황산면,2035,"3,775.50","6,100.00","6,100.00",100.0,0.000,0.00,0.00,0.00,0.00,0.00,0.00,0.00,0.000,"3,775.50","6,100.00","6,100.00",0.00,"6,100.00",0.000,0.00,0.00,0.00,0.00,0.00,0.00,0.00,0,45,0,107,133,0,0,0,0.0
전라북도,김제시,금산면,2035,"50,829.10","55,538.00","46,726.00",84.1,0.600,"8,812.00","8,812.00",0.00,0.00,0.00,0.00,0.00,2.000,"29,996.10","34,100.00","34,100.00","2,188.00","31,912.00",2.000,"12,021.00","12,626.00","12,626.00",0.00,"8,705.00","3,921.00",0.00,0,771,165,"1,319","1,843",0,0,0,0.0
전라북도,김제시,광활면,2035,"3,130.40","3,130.40","1,100.00",35.1,0.000,0.00,0.00,0.00,0.00,0.00,0.00,0.00,0.000,"3,130.40","3,130.40","1,100.00",0.00,"1,100.00",0.000,0.00,0.00,0.00,0.00,0.00,0.00,0.00,0,31,0,0,0,0,0,0,0.0
전라북도,김제시,요촌동,2035,"188,654.10","193,198.40","127,940.00",66.2,3.300,"38,642.10","38,642.10",0.00,0.00,0.00,0.00,0.00,14.500,"85,178.70","89,723.00","89,723.00","5,432.00","84,291.00",4.000,"64,833.30","64,833.30","38,217.00","1,301.00","18,452.00","3,802.00","14,662.00",0,"1,527",313,"1,323","1,846",1,9,"48,067",37.6
전라북도,김제시,신풍동,2035,"125,769.40","128,214.60","83,535.00",65.2,2.200,"25,761.40","25,761.40",0.00,0.00,0.00,0.00,0.00,9.600,"56,785.80","59,231.00","59,231.00","3,621.00","55,610.00",2.700,"43,222.20","43,222.20","24,304.00",867.00,"11,129.00","2,534.00","9,774.00",0,"1,018",208,"1,076","1,334",1,6,"32,045",38.4
전라북도,김제시,검산동,2035,"251,538.80","251,538.80","145,622.00",57.9,4.400,"51,522.80","51,522.80",0.00,0.00,0.00,0.00,0.00,19.200,"113,571.60","113,571.60","97,012.00","7,241.00","89,771.00",5.300,"86,444.40","86,444.40","48,610.00","1,735.00","22,258.00","5,068.00","19,549.00",0,"2,037",417,"2,352","2,784",0,12,"64,090",44.0
전라북도,김제시,교월동,2035,"62,884.70","67,916.80","47,941.00",70.6,1.100,"12,880.70","12,880.70","2,364.00",0.00,"1,375.00",989.00,0.00,4.800,"28,392.90","33,425.00","33,425.00","1,811.00","31,614.00",1.300,"21,611.10","21,611.10","12,152.00",434.00,"5,564.00","1,267.00","4,887.00",0,509,104,653,714,0,3,"16,022",33.4
전라북도,군부,합계,,"3,238,250.70","3,622,887.40","2,767,437.00",76.4,34.500,"161,522.00","181,444.00","88,860.00","52,317.00","20,900.00","4,843.00","10,800.00",163.805,"2,367,463.20","2,592,032.10","2,028,701.50","361,199.00","1,667,502.50",918.622,"709,265.50","849,411.30","649,875.50","78,931.00","403,971.90","11,928.90","155,043.70","11,464","46,569","39,423","84,332","59,651",21,677,"2,589,201",93.6
전라북도,완주군,소계,,"784,225.00","790,409.00","653,094.00",82.6,0.000,0.00,0.00,0.00,0.00,0.00,0.00,0.00,34.200,"594,584.00","600,024.00","462,709.00",0.00,"462,709.00",819.900,"189,641.00","190,385.00","190,385.00","14,412.00","110,274.00",0.00,"65,699.00",0,"9,796","4,168","31,043","13,220",1,251,"653,094",100.0
전라북도,완주군,삼례읍,2030,"140,913.00","140,913.00","132,280.00",93.9,0.000,0.00,0.00,0.00,0.00,0.00,0.00,0.00,4.200,"89,440.00","89,440.00","80,807.00",0.00,"80,807.00",28.600,"51,473.00","51,473.00","51,473.00","3,313.00","27,534.00",0.00,"20,626.00",0,"1,389",884,"17,574","7,254",1,25,"132,280",100.0
전라북도,완주군,봉동읍,2030,"134,393.00","134,393.00","116,144.00",86.4,0.000,0.00,0.00,0.00,0.00,0.00,0.00,0.00,11.600,"92,673.00","92,673.00","74,424.00",0.00,"74,424.00",46.000,"41,720.00","41,720.00","41,720.00","4,421.00","23,843.00",0.00,"13,456.00",0,"1,746",978,411,212,0,10,"116,144",100.0
전라북도,완주군,용진읍,2030,"89,557.00","89,557.00","85,773.00",95.8,0.000,0.00,0.00,0.00,0.00,0.00,0.00,0.00,3.200,"71,700.00","71,700.00","67,916.00",0.00,"67,916.00",38.500,"17,857.00","17,857.00","17,857.00",466.00,"9,841.00",0.00,"7,550.00",0,667,176,"1,213",540,0,0,"85,773",100.0
전라북도,완주군,상관면,2030,"73,067.00","73,067.00","68,142.00",93.3,0.000,0.00,0.00,0.00,0.00,0.00,0.00,0.00,1.100,"55,077.00","55,077.00","50,152.00",0.00,"50,152.00",68.600,"17,990.00","17,990.00","17,990.00","1,358.00","6,926.00",0.00,"9,706.00",0,976,350,414,186,0,11,"68,142",100.0
전라북도,완주군,이서면,2030,"51,206.00","51,206.00","38,195.00",74.6,0.000,0.00,0.00,0.00,0.00,0.00,0.00,0.00,7.000,"51,206.00","51,206.00","38,195.00",0.00,"38,195.00",33.400,0.00,0.00,0.00,0.00,0.00,0.00,0.00,0,838,0,906,399,0,0,"38,195",100.0
전라북도,완주군,소양면,2030,"78,736.00","84,176.00","84,176.00",100.0,0.000,0.00,0.00,0.00,0.00,0.00,0.00,0.00,1.900,"51,872.00","57,312.00","57,312.00",0.00,"57,312.00",94.100,"26,864.00","26,864.00","26,864.00","1,357.00","17,825.00",0.00,"7,682.00",0,"1,974",926,"4,374","1,874",0,94,"84,176",100.0
전라북도,완주군,구이면,2030,"60,906.00","61,650.00","47,769.00",77.5,0.000,0.00,0.00,0.00,0.00,0.00,0.00,0.00,1.500,"48,376.00","48,376.00","34,495.00",0.00,"34,495.00",89.000,"12,530.00","13,274.00","13,274.00",876.00,"10,847.00",0.00,"1,551.00",0,817,314,"2,246","1,002",0,66,"47,769",100.0
전라북도,완주군,고산면,2030,"70,893.00","70,893.00","44,895.00",63.3,0.000,0.00,0.00,0.00,0.00,0.00,0.00,0.00,1.600,"49,686.00","49,686.00","23,688.00",0.00,"23,688.00",69.400,"21,207.00","21,207.00","21,207.00","2,621.00","13,458.00",0.00,"5,128.00",0,604,540,"3,281","1,467",0,45,"44,895",100.0
전라북도,완주군,비봉면,2030,"21,898.00","21,898.00","20,813.00",95.0,0.000,0.00,0.00,0.00,0.00,0.00,0.00,0.00,0.400,"21,898.00","21,898.00","20,813.00",0.00,"20,813.00",44.500,0.00,0.00,0.00,0.00,0.00,0.00,0.00,0,410,0,261,115,0,0,"20,813",100.0
전라북도,완주군,운주면,2030,"30,338.00","30,338.00","8,324.00",27.4,0.000,0.00,0.00,0.00,0.00,0.00,0.00,0.00,1.000,"30,338.00","30,338.00","8,324.00",0.00,"8,324.00",91.800,0.00,0.00,0.00,0.00,0.00,0.00,0.00,0,204,0,150,61,0,0,"8,324",100.0
전라북도,완주군,화산면,2030,"23,154.00","23,154.00","4,609.00",19.9,0.000,0.00,0.00,0.00,0.00,0.00,0.00,0.00,0.500,"23,154.00","23,154.00","4,609.00",0.00,"4,609.00",70.800,0.00,0.00,0.00,0.00,0.00,0.00,0.00,0,126,0,125,45,0,0,"4,609",100.0
전라북도,완주군,동상면,2030,0.00,0.00,0.00,0.0,0.000,0.00,0.00,0.00,0.00,0.00,0.00,0.00,0.000,0.00,0.00,0.00,0.00,0.00,106.400,0.00,0.00,0.00,0.00,0.00,0.00,0.00,0,0,0,0,38,0,0,0,0.0
전라북도,완주군,경천면,2030,"9,164.00","9,164.00","1,974.00",21.5,0.000,0.00,0.00,0.00,0.00,0.00,0.00,0.00,0.200,"9,164.00","9,164.00","1,974.00",0.00,"1,974.00",38.800,0.00,0.00,0.00,0.00,0.00,0.00,0.00,0,45,0,88,27,0,0,"1,974",100.0
전라북도,진안군,소계,,"399,308.00","399,308.00","293,187.00",73.4,0.000,0.00,0.00,0.00,0.00,0.00,0.00,0.00,9.968,"346,994.00","346,994.00","240,873.00",0.00,"240,873.00",0.000,"52,314.00","52,314.00","52,314.00","4,404.00","35,423.00",582.00,"11,905.00",0,"5,188","1,311","8,738",406,0,102,"278,229",94.9
전라북도,진안군,진안읍,2035,"149,604.00","149,604.00","128,091.00",85.6,0.000,0.00,0.00,0.00,0.00,0.00,0.00,0.00,3.776,"106,622.00","106,622.00","85,109.00",0.00,"85,109.00",0.000,"42,982.00","42,982.00","42,982.00","3,852.00","29,906.00",0.00,"9,224.00",0,"2,036","1,128","4,566",258,0,82,"127,454",99.5
전라북도,진안군,용담면,2035,"30,945.00","30,945.00","25,852.00",83.5,0.000,0.00,0.00,0.00,0.00,0.00,0.00,0.00,0.473,"21,613.00","21,613.00","16,520.00",0.00,"16,520.00",0.000,"9,332.00","9,332.00","9,332.00",552.00,"5,517.00",582.00,"2,681.00",0,318,183,319,148,0,20,"23,112",89.4
전라북도,진안군,안천면,2035,"21,571.00","21,571.00","20,467.00",94.9,0.000,0.00,0.00,0.00,0.00,0.00,0.00,0.00,0.459,"21,571.00","21,571.00","20,467.00",0.00,"20,467.00",0.000,0.00,0.00,0.00,0.00,0.00,0.00,0.00,0,347,0,463,0,0,0,"14,228",69.5
전라북도,진안군,동향면,2035,"15,506.00","15,506.00","7,749.00",50.0,0.000,0.00,0.00,0.00,0.00,0.00,0.00,0.00,0.452,"15,506.00","15,506.00","7,749.00",0.00,"7,749.00",0.000,0.00,0.00,0.00,0.00,0.00,0.00,0.00,0,176,0,272,0,0,0,"7,749",100.0
전라북도,진안군,상전면,2035,"13,478.00","13,478.00","2,757.00",20.5,0.000,0.00,0.00,0.00,0.00,0.00,0.00,0.00,0.315,"13,478.00","13,478.00","2,757.00",0.00,"2,757.00",0.000,0.00,0.00,0.00,0.00,0.00,0.00,0.00,0,75,0,163,0,0,0,"2,757",100.0
전라북도,진안군,백운면,2035,"24,125.00","24,125.00","19,857.00",82.3,0.000,0.00,0.00,0.00,0.00,0.00,0.00,0.00,0.728,"24,125.00","24,125.00","19,857.00",0.00,"19,857.00",0.000,0.00,0.00,0.00,0.00,0.00,0.00,0.00,0,389,0,509,0,0,0,"17,098",86.1
전라북도,진안군,성수면,2035,"26,508.00","26,508.00","15,209.00",57.4,0.000,0.00,0.00,0.00,0.00,0.00,0.00,0.00,0.574,"26,508.00","26,508.00","15,209.00",0.00,"15,209.00",0.000,0.00,0.00,0.00,0.00,0.00,0.00,0.00,0,319,0,418,0,0,0,"15,209",100.0
전라북도,진안군,마령면,2035,"22,858.00","22,858.00","17,677.00",77.3,0.000,0.00,0.00,0.00,0.00,0.00,0.00,0.00,0.720,"22,858.00","22,858.00","17,677.00",0.00,"17,677.00",0.000,0.00,0.00,0.00,0.00,0.00,0.00,0.00,0,357,0,563,0,0,0,"15,322",86.7
전라북도,진안군,부귀면,2035,"39,151.00","39,151.00","10,584.00",27.0,0.000,0.00,0.00,0.00,0.00,0.00,0.00,0.00,0.788,"39,151.00","39,151.00","10,584.00",0.00,"10,584.00",0.000,0.00,0.00,0.00,0.00,0.00,0.00,0.00,0,279,0,357,0,0,0,"10,584",100.0
전라북도,진안군,정천면,2035,"18,206.00","18,206.00","12,308.00",67.6,0.000,0.00,0.00,0.00,0.00,0.00,0.00,0.00,0.404,"18,206.00","18,206.00","12,308.00",0.00,"12,308.00",0.000,0.00,0.00,0.00,0.00,0.00,0.00,0.00,0,242,0,375,0,0,0,"12,308",100.0
전라북도,진안군,주천면,2035,"37,356.00","37,356.00","32,636.00",87.4,0.000,0.00,0.00,0.00,0.00,0.00,0.00,0.00,1.279,"37,356.00","37,356.00","32,636.00",0.00,"32,636.00",0.000,0.00,0.00,0.00,0.00,0.00,0.00,0.00,0,650,0,733,0,0,0,"32,408",99.3
전라북도,무주군,소계,,"294,988.00","310,563.00","234,019.00",75.4,0.000,0.00,"12,318.00","12,318.00","4,514.00","2,589.00","1,992.00","3,223.00",11.200,"194,783.00","198,040.00","149,568.00",0.00,"149,568.00",11.200,"100,205.00","100,205.00","72,133.00","1,407.00","70,726.00",0.00,0.00,"2,637","1,773",962,"3,395","1,923",0,0,"234,019",100.0
전라북도,무주군,무주읍,2020,"68,513.00","75,684.00","66,717.00",88.2,0.000,0.00,"7,171.00","7,171.00","4,009.00","1,282.00","1,260.00",620.00,2.500,"35,200.00","35,200.00","30,784.00",0.00,"30,784.00",2.500,"33,313.00","33,313.00","28,762.00",310.00,"28,452.00",0.00,0.00,671,394,383,945,767,0,0,"66,717",100.0
전라북도,무주군,무풍면,2020,"27,600.00","31,125.00","26,157.00",84.0,0.000,0.00,268.00,268.00,27.00,100.00,40.00,101.00,0.800,"16,500.00","19,757.00","19,757.00",0.00,"19,757.00",0.800,"11,100.00","11,100.00","6,132.00",0.00,"6,132.00",0.00,0.00,429,247,82,643,164,0,0,"28,657",109.6
전라북도,무주군,설천면,2020,"77,679.00","79,025.00","70,982.00",89.8,0.000,0.00,"1,346.00","1,346.00",21.00,99.00,0.00,"1,226.00",4.800,"49,000.00","49,000.00","45,881.00",0.00,"45,881.00",4.800,"28,679.00","28,679.00","23,755.00",210.00,"23,545.00",0.00,0.00,354,487,317,540,633,0,0,"68,482",96.5
전라북도,무주군,적상면,2020,"27,878.00","27,878.00","15,397.00",55.2,0.000,0.00,0.00,0.00,0.00,0.00,0.00,0.00,0.600,"21,898.00","21,898.00","11,442.00",0.00,"11,442.00",0.600,"5,980.00","5,980.00","3,955.00",266.00,"3,689.00",0.00,0.00,351,153,53,252,105,0,0,"15,397",100.0
전라북도,무주군,안성면,2020,"72,400.00","75,933.00","48,902.00",64.4,0.000,0.00,"3,533.00","3,533.00",457.00,"1,108.00",692.00,"1,276.00",2.400,"56,000.00","56,000.00","38,463.00",0.00,"38,463.00",2.400,"16,400.00","16,400.00","6,906.00",0.00,"6,906.00",0.00,0.00,832,449,92,895,184,0,0,"48,902",100.0
전라북도,무주군,부남면,2020,"20,918.00","20,918.00","5,864.00",28.0,0.000,0.00,0.00,0.00,0.00,0.00,0.00,0.00,0.100,"16,185.00","16,185.00","3,241.00",0.00,"3,241.00",0.100,"4,733.00","4,733.00","2,623.00",621.00,"2,002.00",0.00,0.00,0,43,35,120,70,0,0,"5,864",100.0
전라북도,장수군,소계,,"98,139.00","244,610.00","217,918.00",89.1,0.000,0.00,0.00,0.00,0.00,0.00,0.00,0.00,5.880,"98,139.00","175,423.00","148,731.00",0.00,"148,731.00",0.000,0.00,"69,187.00","69,187.00",0.00,"48,972.00","3,458.00","16,757.00",0,"4,466","1,238","4,744","4,952",0,0,"190,014",87.2
전라북도,장수군,장수읍,2035,"5,770.00","77,324.00","77,324.00",100.0,0.000,0.00,0.00,0.00,0.00,0.00,0.00,0.00,1.810,"5,770.00","48,159.00","48,159.00",0.00,"48,159.00",0.000,0.00,"29,165.00","29,165.00",0.00,"23,959.00",851.00,"4,355.00",0,"1,841",709,"1,945","2,836",0,0,"75,684",97.9
전라북도,장수군,산서면,2035,"27,132.00","31,481.00","17,020.00",54.1,0.000,0.00,0.00,0.00,0.00,0.00,0.00,0.00,1.020,"27,132.00","27,132.00","12,671.00",0.00,"12,671.00",0.000,0.00,"4,349.00","4,349.00",0.00,"1,733.00",0.00,"2,616.00",0,285,0,91,0,0,0,"12,569",73.8
전라북도,장수군,번암면,2035,"11,214.00","23,588.00","23,588.00",100.0,0.000,0.00,0.00,0.00,0.00,0.00,0.00,0.00,0.620,"11,214.00","19,708.00","19,708.00",0.00,"19,708.00",0.000,0.00,"3,880.00","3,880.00",0.00,"1,295.00",0.00,"2,585.00",0,384,0,449,0,0,0,"22,713",96.3
전라북도,장수군,장계면,2035,"28,427.00","71,548.00","71,548.00",100.0,0.000,0.00,0.00,0.00,0.00,0.00,0.00,0.00,1.470,"28,427.00","43,829.00","43,829.00",0.00,"43,829.00",0.000,0.00,"27,719.00","27,719.00",0.00,"19,704.00","2,607.00","5,408.00",0,"1,610",529,"1,418","2,116",0,0,"54,200",75.8
전라북도,장수군,천천면,2035,"12,525.00","18,363.00","18,363.00",100.0,0.000,0.00,0.00,0.00,0.00,0.00,0.00,0.00,0.590,"12,525.00","14,699.00","14,699.00",0.00,"14,699.00",0.000,0.00,"3,664.00","3,664.00",0.00,"2,281.00",0.00,"1,383.00",0,346,0,362,0,0,0,"16,817",91.6
전라북도,장수군,계남면,2035,"13,071.00","13,071.00",840.00,6.4,0.000,0.00,0.00,0.00,0.00,0.00,0.00,0.00,0.030,"13,071.00","13,071.00",840.00,0.00,840.00,0.000,0.00,0.00,0.00,0.00,0.00,0.00,0.00,0,0,0,119,0,0,0,840,100.0
전라북도,장수군,계북면,2035,0.00,"9,235.00","9,235.00",100.0,0.000,0.00,0.00,0.00,0.00,0.00,0.00,0.00,0.340,0.00,"8,825.00","8,825.00",0.00,"8,825.00",0.000,0.00,410.00,410.00,0.00,0.00,0.00,410.00,0,0,0,360,0,0,0,"7,191",77.9
전라북도,임실군,소계,,"326,592.00","452,751.70","320,350.00",70.8,0.000,0.00,0.00,0.00,0.00,0.00,0.00,0.00,8.300,"185,332.90","271,874.80","210,402.50",0.00,"210,402.50",15.100,"141,259.10","180,876.90","109,947.50",0.00,"70,243.90","1,247.90","38,455.70",0,"3,176",864,"8,144","8,244",3,274,"320,350",100.0
전라북도,임실군,임실읍,2025,"88,955.20","191,761.00","191,761.00",100.0,0.000,0.00,0.00,0.00,0.00,0.00,0.00,0.00,2.500,"35,620.00","98,808.00","98,808.00",0.00,"98,808.00",6.700,"53,335.20","92,953.00","92,953.00",0.00,"66,756.80",89.90,"26,106.30",0,894,250,"2,516","2,616",2,133,"191,761",100.0
전라북도,임실군,청웅면,2025,"21,320.00","21,320.00","7,400.00",34.7,0.000,0.00,0.00,0.00,0.00,0.00,0.00,0.00,0.400,"16,840.00","16,840.00","7,400.00",0.00,"7,400.00",0.600,"4,480.00","4,480.00",0.00,0.00,0.00,0.00,0.00,0,180,41,362,362,0,9,"7,400",100.0
전라북도,임실군,운암면,2025,"22,164.60","25,464.10","19,000.00",74.6,0.000,0.00,0.00,0.00,0.00,0.00,0.00,0.00,0.400,"14,494.60","17,794.10","17,794.10",0.00,"17,794.10",0.800,"7,670.00","7,670.00","1,205.90",0.00,744.60,0.00,461.30,0,250,65,452,452,0,6,"19,000",100.0
전라북도,임실군,신평면,2025,"12,349.00","20,121.90","16,331.00",81.2,0.000,0.00,0.00,0.00,0.00,0.00,0.00,0.00,0.300,"7,825.00","15,597.90","15,597.90",0.00,"15,597.90",0.400,"4,524.00","4,524.00",733.10,0.00,85.50,418.10,229.50,0,89,89,389,389,0,8,"16,331",100.0
전라북도,임실군,성수면,2025,"13,831.20","13,831.20","7,536.00",54.5,0.000,0.00,0.00,0.00,0.00,0.00,0.00,0.00,0.300,"11,031.20","11,031.20","7,415.70",0.00,"7,415.70",0.500,"2,800.00","2,800.00",120.30,0.00,120.30,0.00,0.00,0,100,45,388,388,0,4,"7,536",100.0
전라북도,임실군,오수면,2025,"65,612.20","65,612.20","21,300.00",32.5,0.000,0.00,0.00,0.00,0.00,0.00,0.00,0.00,2.300,"38,545.30","38,545.30","7,036.80",0.00,"7,036.80",2.400,"27,066.90","27,066.90","14,263.20",0.00,"2,321.30",739.90,"11,202.00",0,551,138,"1,584","1,584",1,49,"21,300",100.0
전라북도,임실군,신덕면,2025,"11,354.50","21,480.00","19,716.00",91.8,0.000,0.00,0.00,0.00,0.00,0.00,0.00,0.00,0.300,"8,918.50","19,044.00","19,044.00",0.00,"19,044.00",0.300,"2,436.00","2,436.00",672.00,0.00,215.40,0.00,456.60,0,200,46,303,303,0,6,"19,716",100.0
전라북도,임실군,삼계면,2025,"10,050.00","10,050.00","6,130.00",61.0,0.000,0.00,0.00,0.00,0.00,0.00,0.00,0.00,0.300,"7,625.00","7,625.00","6,130.00",0.00,"6,130.00",0.600,"2,425.00","2,425.00",0.00,0.00,0.00,0.00,0.00,0,110,15,226,226,0,8,"6,130",100.0
전라북도,임실군,관촌면,2025,"31,954.80","31,954.80","4,537.00",14.2,0.000,0.00,0.00,0.00,0.00,0.00,0.00,0.00,0.400,"11,940.80","11,940.80","4,537.00",0.00,"4,537.00",1.400,"20,014.00","20,014.00",0.00,0.00,0.00,0.00,0.00,0,300,68,986,986,0,22,"4,537",100.0
전라북도,임실군,강진면,2025,"18,558.00","20,714.00","15,870.00",76.6,0.000,0.00,0.00,0.00,0.00,0.00,0.00,0.00,0.400,"13,714.00","15,870.00","15,870.00",0.00,"15,870.00",0.300,"4,844.00","4,844.00",0.00,0.00,0.00,0.00,0.00,0,215,48,462,462,0,6,"15,870",100.0
전라북도,임실군,덕치면,2025,"12,703.00","12,703.00","4,900.00",38.6,0.000,0.00,0.00,0.00,0.00,0.00,0.00,0.00,0.300,"8,893.00","8,893.00","4,900.00",0.00,"4,900.00",0.400,"3,810.00","3,810.00",0.00,0.00,0.00,0.00,0.00,0,132,32,224,224,0,11,"4,900",100.0
전라북도,임실군,지사면,2025,"17,739.50","17,739.50","5,869.00",33.1,0.000,0.00,0.00,0.00,0.00,0.00,0.00,0.00,0.400,"9,885.50","9,885.50","5,869.00",0.00,"5,869.00",0.700,"7,854.00","7,854.00",0.00,0.00,0.00,0.00,0.00,0,155,27,252,252,0,12,"5,869",100.0
전라북도,순창군,소계,,"234,065.00","273,135.00","187,641.00",68.7,17.900,"68,306.00","75,910.00","24,405.00","9,886.00","14,519.00",0.00,0.00,35.000,"144,466.00","145,335.00","123,150.00",0.00,"123,150.00",14.700,"21,293.00","51,890.00","40,086.00",615.00,"35,365.00","3,549.00",557.00,332,"5,516","3,857","6,767","5,409",11,50,"140,775",75.0
전라북도,순창군,순창읍,2020,"149,820.00","149,820.00","85,593.00",57.1,17.000,"68,306.00","68,306.00","16,801.00","9,886.00","6,915.00",0.00,0.00,16.300,"68,490.00","68,490.00","67,571.00",0.00,"67,571.00",11.100,"13,024.00","13,024.00","1,221.00",615.00,0.00,549.00,57.00,215,"3,126","2,188","2,154","1,723",11,50,"82,451",96.3
전라북도,순창군,인계면,2020,"5,007.00","12,183.00","12,024.00",98.7,0.000,0.00,"2,290.00","2,290.00",0.00,"2,290.00",0.00,0.00,1.200,"5,007.00","5,007.00","4,848.00",0.00,"4,848.00",0.200,0.00,"4,886.00","4,886.00",0.00,"4,886.00",0.00,0.00,0,253,177,431,344,0,0,"4,848",40.3
전라북도,순창군,동계면,2020,"4,661.00","8,515.00","8,515.00",100.0,0.000,0.00,0.00,0.00,0.00,0.00,0.00,0.00,1.100,"4,661.00","5,530.00","5,530.00",0.00,"5,530.00",0.400,0.00,"2,985.00","2,985.00",0.00,"2,985.00",0.00,0.00,0,272,190,542,433,0,0,"4,661",54.7
전라북도,순창군,풍산면,2020,"3,905.00","9,748.00","9,748.00",100.0,0.000,0.00,"1,845.00","1,845.00",0.00,"1,845.00",0.00,0.00,0.900,"3,905.00","3,905.00","3,905.00",0.00,"3,905.00",0.200,0.00,"3,998.00","3,998.00",0.00,"3,998.00",0.00,0.00,0,283,198,377,301,0,0,"3,905",40.1
전라북도,순창군,금과면,2020,"13,013.00","16,483.00","12,112.00",73.5,0.000,0.00,0.00,0.00,0.00,0.00,0.00,0.00,3.200,"13,013.00","13,013.00","8,642.00",0.00,"8,642.00",0.700,0.00,"3,470.00","3,470.00",0.00,"3,470.00",0.00,0.00,0,147,102,622,497,0,0,"2,160",17.8
전라북도,순창군,팔덕면,2020,"5,906.00","11,956.00","11,956.00",100.0,0.000,0.00,"1,180.00","1,180.00",0.00,"1,180.00",0.00,0.00,1.400,"5,906.00","5,906.00","5,906.00",0.00,"5,906.00",0.400,0.00,"4,870.00","4,870.00",0.00,"4,870.00",0.00,0.00,0,192,134,453,362,0,0,"5,906",49.4
전라북도,순창군,쌍치면,2020,"8,032.00","8,032.00","8,031.00",100.0,0.000,0.00,0.00,0.00,0.00,0.00,0.00,0.00,1.100,"4,765.00","4,765.00","4,765.00",0.00,"4,765.00",0.200,"3,267.00","3,267.00","3,266.00",0.00,"3,266.00",0.00,0.00,0,163,114,334,267,0,0,"8,032",100.0
전라북도,순창군,복흥면,2020,"16,649.00","17,323.00","7,261.00",41.9,0.000,0.00,0.00,0.00,0.00,0.00,0.00,0.00,3.800,"15,340.00","15,340.00","5,278.00",0.00,"5,278.00",0.500,"1,309.00","1,983.00","1,983.00",0.00,"1,983.00",0.00,0.00,0,327,228,350,280,0,0,"7,049",97.1
전라북도,순창군,적성면,2020,"3,589.00","8,471.00","8,030.00",94.8,0.000,0.00,"2,039.00","2,039.00",0.00,"2,039.00",0.00,0.00,0.800,"3,589.00","3,589.00","3,148.00",0.00,"3,148.00",0.200,0.00,"2,843.00","2,843.00",0.00,"2,843.00",0.00,0.00,0,184,128,468,374,0,0,"3,148",39.2
전라북도,순창군,유등면,2020,"10,169.00","17,289.00","11,580.00",67.0,0.900,0.00,250.00,250.00,0.00,250.00,0.00,0.00,2.400,"10,039.00","10,039.00","4,330.00",0.00,"4,330.00",0.400,130.00,"7,000.00","7,000.00",0.00,"3,500.00","3,000.00",500.00,32,313,219,453,362,0,0,"9,825",84.8
전라북도,순창군,구림면,2020,"13,314.00","13,315.00","12,791.00",96.1,0.000,0.00,0.00,0.00,0.00,0.00,0.00,0.00,2.800,"9,751.00","9,751.00","9,227.00",0.00,"9,227.00",0.400,"3,563.00","3,564.00","3,564.00",0.00,"3,564.00",0.00,0.00,85,256,179,583,466,0,0,"8,790",68.7
전라북도,고창군,소계,,"498,578.70","549,755.70","466,642.00",84.9,16.600,"93,216.00","93,216.00","52,137.00","37,917.00","3,792.00","2,851.00","7,577.00",17.335,"321,193.30","372,370.30","361,199.00","361,199.00",0.00,15.800,"84,169.40","84,169.40","53,306.00","52,958.00",242.00,106.00,0.00,58,"7,521","15,036","11,405","7,515",5,0,"433,533",92.9
전라북도,고창군,고창읍,2020,"226,176.60","233,436.00","193,144.00",82.7,6.800,"54,285.00","54,285.00","23,641.00","17,107.00","2,129.00",423.00,"3,982.00",6.800,"123,241.60","130,501.00","130,501.00","130,501.00",0.00,6.800,"48,650.00","48,650.00","39,002.00","38,760.00",242.00,0.00,0.00,58,"2,786","5,072","4,383","2,536",5,0,"193,144",100.0
전라북도,고창군,고수면,2020,"23,301.70","23,301.70","13,310.00",57.1,0.800,"2,724.00","2,724.00",700.00,700.00,0.00,0.00,0.00,0.800,"19,367.70","19,367.70","12,610.00","12,610.00",0.00,0.800,"1,210.00","1,210.00",0.00,0.00,0.00,0.00,0.00,0,378,514,475,257,0,0,"13,310",100.0
전라북도,고창군,아산면,2020,"29,109.30","32,268.30","30,135.50",93.4,0.800,"3,360.00","3,360.00","2,160.00","1,808.00",0.00,0.00,352.00,1.098,"23,851.50","27,010.50","27,010.50","27,010.50",0.00,0.800,"1,897.80","1,897.80",965.00,965.00,0.00,0.00,0.00,0,638,"1,062",932,531,0,0,"30,135",100.0
전라북도,고창군,무장면,2020,"15,497.00","15,497.00","11,778.00",76.0,0.600,"5,231.00","5,231.00","4,232.00","1,249.00",600.00,"1,236.00","1,147.00",0.600,"6,844.00","6,844.00","5,590.00","5,590.00",0.00,0.600,"3,422.00","3,422.00","1,956.00","1,956.00",0.00,0.00,0.00,0,195,351,382,175,0,0,"11,778",100.0
전라북도,고창군,공음면,2020,"11,204.00","11,204.00","8,455.00",75.5,0.500,"1,177.00","1,177.00",490.00,490.00,0.00,0.00,0.00,0.500,"7,966.00","7,966.00","7,965.00","7,965.00",0.00,0.500,"2,061.00","2,061.00",0.00,0.00,0.00,0.00,0.00,0,290,521,268,260,0,0,"8,455",100.0
전라북도,고창군,상하면,2020,"13,510.00","19,725.00","17,063.00",86.5,1.300,"1,670.00","1,670.00","1,670.00","1,670.00",0.00,0.00,0.00,1.300,"7,966.00","14,181.00","14,181.00","14,181.00",0.00,1.300,"3,874.00","3,874.00","1,212.00","1,212.00",0.00,0.00,0.00,0,327,723,529,361,0,0,"15,356",90.0
전라북도,고창군,해리면,2020,"24,983.00","24,983.00","22,504.00",90.1,1.000,"5,401.00","5,401.00","4,381.00","2,254.00",696.00,227.00,"1,204.00",0.800,"16,052.00","16,052.00","14,888.00","14,888.00",0.00,0.800,"3,530.00","3,530.00","3,235.00","3,235.00",0.00,0.00,0.00,0,390,850,690,425,0,0,"21,611",96.0
전라북도,고창군,성송면,2020,"15,251.20","22,654.00","21,855.00",96.5,0.600,"1,548.00","1,548.00","1,100.00","1,100.00",0.00,0.00,0.00,0.600,"13,246.20","20,649.00","20,649.00","20,649.00",0.00,0.600,457.00,457.00,106.00,0.00,0.00,106.00,0.00,0,294,566,272,283,0,0,"21,855",100.0
전라북도,고창군,대산면,2020,"35,796.20","35,796.20","28,591.00",79.9,0.900,"2,928.00","2,928.00","1,970.00","1,970.00",0.00,0.00,0.00,0.900,"26,328.60","26,328.60","24,334.00","24,334.00",0.00,0.900,"6,539.60","6,539.60","2,287.00","2,287.00",0.00,0.00,0.00,0,473,920,836,460,0,0,"25,900",90.6
전라북도,고창군,심원면,2020,"29,221.90","33,594.70","32,417.70",96.5,0.600,"2,385.00","2,385.00","1,969.00","1,969.00",0.00,0.00,0.00,0.600,"23,191.90","27,564.70","27,564.70","27,564.70",0.00,0.600,"3,645.00","3,645.00","2,884.00","2,884.00",0.00,0.00,0.00,0,361,725,656,362,0,0,"30,068",92.8
전라북도,고창군,흥덕면,2020,"26,295.00","41,322.00","36,055.00",87.3,1.800,"8,203.00","8,203.00","6,769.00","4,545.00",367.00,965.00,892.00,1.800,"12,850.00","27,877.00","27,877.00","27,877.00",0.00,1.000,"5,242.00","5,242.00","1,409.00","1,409.00",0.00,0.00,0.00,0,431,"2,290",522,"1,145",0,0,"18,525",51.4
전라북도,고창군,성내면,2020,"9,432.00","16,050.00","15,018.00",93.6,0.100,"1,128.00","1,128.00",900.00,900.00,0.00,0.00,0.00,0.300,"7,500.00","14,118.00","14,118.00","14,118.00",0.00,0.300,804.00,804.00,0.00,0.00,0.00,0.00,0.00,0,218,425,301,212,0,0,"15,018",100.0
전라북도,고창군,신림면,2020,"11,649.00","12,683.00","11,968.00",94.4,0.300,"1,080.00","1,080.00",931.00,931.00,0.00,0.00,0.00,0.300,"9,753.00","10,787.00","10,787.00","10,787.00",0.00,0.300,816.00,816.00,250.00,250.00,0.00,0.00,0.00,0,382,465,384,232,0,0,"11,715",97.9
전라북도,고창군,부안면,2020,"27,151.80","27,240.80","24,347.80",89.4,0.500,"2,096.00","2,096.00","1,224.00","1,224.00",0.00,0.00,0.00,0.937,"23,034.80","23,123.80","23,123.80","23,123.80",0.00,0.500,"2,021.00","2,021.00",0.00,0.00,0.00,0.00,0.00,0,358,552,775,276,0,0,"16,663",68.4
전라북도,부안군,소계,,"602,355.00","602,355.00","394,586.00",65.5,0.000,0.00,0.00,0.00,0.00,0.00,0.00,0.00,41.922,"481,971.00","481,971.00","332,069.00",0.00,"332,069.00",41.922,"120,384.00","120,384.00","62,517.00","5,135.00","32,726.00","2,986.00","21,670.00","8,437","9,133","11,987","10,096","17,982",1,0,"339,187",86.0
전라북도,부안군,부안읍,2035,"186,046.00","186,046.00","137,126.00",73.7,0.000,0.00,0.00,0.00,0.00,0.00,0.00,0.00,6.400,"92,600.00","92,600.00","77,491.00",0.00,"77,491.00",6.400,"93,446.00","93,446.00","59,635.00","5,135.00","29,844.00","2,986.00","21,670.00","2,982","1,550","11,930","3,200","17,895",1,0,"77,491",56.5
전라북도,부안군,주산면,2035,"27,754.00","27,754.00",0.00,0.0,0.000,0.00,0.00,0.00,0.00,0.00,0.00,0.00,1.500,"27,754.00","27,754.00",0.00,0.00,0.00,1.500,0.00,0.00,0.00,0.00,0.00,0.00,0.00,0,0,0,0,0,0,0,0,0.0
전라북도,부안군,동진면,2035,"37,934.00","37,934.00","33,686.00",88.8,0.000,0.00,0.00,0.00,0.00,0.00,0.00,0.00,3.000,"37,934.00","37,934.00","33,686.00",0.00,"33,686.00",3.000,0.00,0.00,0.00,0.00,0.00,0.00,0.00,674,674,0,"1,010",0,0,0,"33,686",100.0
전라북도,부안군,행안면,2035,"10,000.00","10,000.00","7,000.00",70.0,0.000,0.00,0.00,0.00,0.00,0.00,0.00,0.00,0.080,"10,000.00","10,000.00","7,000.00",0.00,"7,000.00",0.080,0.00,0.00,0.00,0.00,0.00,0.00,0.00,140,140,0,360,0,0,0,"7,000",100.0
전라북도,부안군,계화면,2035,"55,746.00","55,746.00","43,749.00",78.5,0.000,0.00,0.00,0.00,0.00,0.00,0.00,0.00,3.580,"53,997.00","53,997.00","42,000.00",0.00,"42,000.00",3.580,"1,749.00","1,749.00","1,749.00",0.00,"1,749.00",0.00,0.00,944,840,35,"1,180",53,0,0,"42,000",96.0
전라북도,부안군,보안면,2035,"30,000.00","30,000.00","9,224.00",30.7,0.000,0.00,0.00,0.00,0.00,0.00,0.00,0.00,0.200,"30,000.00","30,000.00","9,224.00",0.00,"9,224.00",0.200,0.00,0.00,0.00,0.00,0.00,0.00,0.00,222,184,0,230,0,0,0,"9,224",100.0
전라북도,부안군,변산면,2035,"80,271.00","80,271.00","74,285.00",92.5,0.000,0.00,0.00,0.00,0.00,0.00,0.00,0.00,7.000,"79,601.00","79,601.00","73,615.00",0.00,"73,615.00",7.000,670.00,670.00,670.00,0.00,670.00,0.00,0.00,"1,567","1,472",13,"1,510",20,0,0,"73,615",99.1
전라북도,부안군,진서면,2035,"50,460.00","50,460.00","15,829.00",31.4,0.000,0.00,0.00,0.00,0.00,0.00,0.00,0.00,4.830,"25,941.00","25,941.00","15,366.00",0.00,"15,366.00",4.830,"24,519.00","24,519.00",463.00,0.00,463.00,0.00,0.00,307,307,9,772,14,0,0,"15,366",97.1
전라북도,부안군,백산면,2035,"33,750.00","33,750.00","33,750.00",100.0,0.000,0.00,0.00,0.00,0.00,0.00,0.00,0.00,3.110,"33,750.00","33,750.00","33,750.00",0.00,"33,750.00",3.110,0.00,0.00,0.00,0.00,0.00,0.00,0.00,675,675,0,660,0,0,0,"33,750",100.0
전라북도,부안군,상서면,2035,"15,281.00","15,281.00","13,871.00",90.8,0.000,0.00,0.00,0.00,0.00,0.00,0.00,0.00,3.500,"15,281.00","15,281.00","13,871.00",0.00,"13,871.00",3.500,0.00,0.00,0.00,0.00,0.00,0.00,0.00,277,"2,770",0,262,0,0,0,"13,871",100.0
전라북도,부안군,하서면,2035,"20,000.00","20,000.00","13,000.00",65.0,0.000,0.00,0.00,0.00,0.00,0.00,0.00,0.00,3.200,"20,000.00","20,000.00","13,000.00",0.00,"13,000.00",3.200,0.00,0.00,0.00,0.00,0.00,0.00,0.00,260,260,0,167,0,0,0,"20,000",153.8
전라북도,부안군,줄포면,2035,"50,550.00","50,550.00","13,066.00",25.8,0.000,0.00,0.00,0.00,0.00,0.00,0.00,0.00,5.300,"50,550.00","50,550.00","13,066.00",0.00,"13,066.00",5.300,0.00,0.00,0.00,0.00,0.00,0.00,0.00,389,261,0,745,0,0,0,"13,184",100.9
전라북도,부안군,위도면,2035,"4,563.00","4,563.00",0.00,0.0,0.000,0.00,0.00,0.00,0.00,0.00,0.00,0.00,0.222,"4,563.00","4,563.00",0.00,0.00,0.00,0.222,0.00,0.00,0.00,0.00,0.00,0.00,0.00,0,0,0,0,0,0,0,0,0.0
전라남도,,합계,,"11,983,721.34","14,864,579.77","11,195,097.37",75.3,154.836,"1,648,120.99","2,053,542.57","1,434,817.61","202,862.30","678,196.11","130,890.21","422,868.99",669.574,"6,605,133.85","8,181,674.32","6,527,147.34","708,791.60","5,818,355.74","1,045.110","3,730,466.50","4,629,362.88","3,233,132.42","459,278.70","1,939,484.90","331,179.33","503,189.49","55,636","100,013","46,694","424,046","259,213",333,"1,518","6,884,486",61.5
전라남도,시부,합계,,"3,696,735.04","5,334,366.18","4,282,543.14",80.3,100.700,"1,139,798.99","1,504,310.57","1,207,199.01","166,529.00","598,123.01","103,053.01","339,493.99",214.560,"1,797,628.45","2,566,472.82","1,855,709.74","43,989.20","1,811,720.54",222.160,"759,307.60","1,263,582.79","1,219,634.39","140,886.50","900,484.60","60,488.00","117,775.29","36,946","29,661","18,864","222,356","199,342",212,852,"2,420,088",56.5
전라남도,목포시,소계,,"1,032,776.04","1,038,042.88","860,747.24",82.9,5.000,"560,339.99","564,781.57","428,716.01","99,047.00","251,513.01","6,396.01","71,759.99",47.000,"270,260.45","270,262.72","229,032.64",0.00,"229,032.64",47.000,"202,175.60","202,998.59","202,998.59","26,958.60","166,356.00",856.00,"8,827.99","8,060","4,702","4,703","23,552","99,982",32,249,"827,952",96.2
전라남도,목포시,용당1동,2025,"53,602.50","53,605.10","44,207.15",82.5,0.471,"52,779.10","52,779.10","43,381.28","9,329.36","26,690.31",602.45,"6,759.16",0.032,184.00,184.00,183.87,0.00,183.87,0.149,639.40,642.00,642.00,642.00,0.00,0.00,0.00,759,0,15,0,"4,141",0,10,"42,939",97.1
전라남도,목포시,용당2동,2025,"34,044.66","35,843.73","35,843.37",100.0,0.274,"30,680.26","32,473.46","32,473.46","5,423.11","20,771.08",350.20,"5,929.07",0.334,"1,922.00","1,922.00","1,921.64",0.00,"1,921.64",0.335,"1,442.40","1,448.27","1,448.27",845.00,570.09,2.93,30.25,441,16,34,80,"2,599",2,6,"27,275",76.1
전라남도,목포시,연동,2025,"37,631.30","37,643.00","18,547.40",49.3,0.243,"27,278.82","27,278.82","8,183.39","1,659.59","4,214.25",107.17,"2,202.38",1.300,"7,477.35","7,477.35","7,477.18",0.00,"7,477.18",0.668,"2,875.13","2,886.83","2,886.83",383.38,"2,365.74",12.17,125.54,135,67,67,334,"1,533",0,3,"30,153",162.6
전라남도,목포시,산정동,2025,"35,328.74","35,355.95","18,634.40",52.7,0.176,"19,711.63","19,711.63","4,408.22","1,018.44","2,586.15",65.77,737.86,1.554,"8,933.87","8,933.87","7,515.73",0.00,"7,515.73",1.554,"6,683.24","6,710.45","6,710.45",891.17,"5,499.16",28.30,291.82,82,155,155,778,"2,304",0,5,"28,321",152.0
전라남도,목포시,연산동,2025,"76,475.24","79,221.84","79,221.84",100.0,0.362,"40,566.56","43,214.94","43,214.94","9,673.71","24,486.07",495.53,"8,559.63",2.060,"11,843.00","11,843.26","11,843.26",0.00,"11,843.26",5.595,"24,065.68","24,163.64","24,163.64","1,999.28","20,945.10",107.77,"1,111.49",624,592,560,"2,965","10,459",5,26,"61,338",77.4
전라남도,목포시,원산동,2025,"28,963.78","28,986.08","27,817.62",96.0,0.044,"4,974.05","4,974.05","3,805.64",879.22,"2,232.64",56.78,637.00,3.219,"18,510.00","18,510.00","18,509.95",0.00,"18,509.95",1.274,"5,479.73","5,502.03","5,502.03",730.69,"4,508.87",23.20,239.27,71,127,127,638,"1,909",0,4,"23,218",83.5
전라남도,목포시,대성동,2025,"14,550.67","14,551.01","12,193.89",83.8,0.128,"14,291.67","14,291.67","11,934.55","2,526.23","6,414.93",163.13,"2,830.26",0.045,259.00,259.34,259.34,0.00,259.34,0.000,0.00,0.00,0.00,0.00,0.00,0.00,0.00,205,0,0,0,"1,121",0,2,"11,655",95.6
전라남도,목포시,목원동,2025,"62,920.74","62,920.74","47,240.65",75.1,0.561,"62,920.74","62,920.74","47,240.65","10,222.02","28,242.47",718.21,"8,057.95",0.000,0.00,0.00,0.00,0.00,0.00,0.000,0.00,0.00,0.00,0.00,0.00,0.00,0.00,"1,736",0,0,0,"4,937",4,12,"50,401",106.7
전라남도,목포시,동명동,2025,"19,814.21","19,843.06","19,843.06",100.0,0.000,0.00,0.00,0.00,0.00,0.00,0.00,0.00,2.220,"12,765.00","12,765.16","12,765.16",0.00,"12,765.16",1.639,"7,049.21","7,077.90","7,077.90",939.97,"5,800.28",29.85,307.80,0,164,164,821,"1,953",0,4,"15,894",80.1
전라남도,목포시,삼학동,2025,"27,654.34","27,690.03","26,173.80",94.5,0.058,"6,454.81","6,454.81","4,938.58","1,140.97","2,897.29",73.68,826.64,2.165,"12,448.71","12,448.78","12,448.78",0.00,"12,448.78",2.034,"8,750.82","8,786.44","8,786.44","1,166.87","7,200.42",37.05,382.10,703,204,204,"1,019","2,931",0,7,"22,180",84.7
전라남도,목포시,만호동,2025,"42,762.37","42,762.37","34,912.92",81.6,0.374,"41,928.37","41,928.37","34,079.39","7,411.36","18,819.88",478.59,"7,369.56",0.145,834.00,834.00,833.53,0.00,833.53,0.000,0.00,0.00,0.00,0.00,0.00,0.00,0.00,603,0,0,0,"3,290",7,8,"34,254",98.1
전라남도,목포시,유달동,2025,"80,456.58","80,479.49","65,745.89",81.7,0.601,"67,303.91","67,303.91","56,494.20","13,896.79","33,209.89",768.24,"8,619.28",1.308,"7,524.07","7,524.07","3,600.18",0.00,"3,600.18",1.308,"5,628.60","5,651.51","5,651.51",750.54,"4,631.37",23.83,245.77,968,131,131,655,"6,840",6,17,"64,467",98.1
전라남도,목포시,죽교동,2025,"29,601.53","29,602.79","26,888.67",90.8,0.251,"28,157.14","28,157.14","25,443.02","7,877.12","12,638.55",321.40,"4,605.95",0.202,"1,160.00","1,160.10","1,160.10",0.00,"1,160.10",0.066,284.39,285.55,285.55,37.92,234.01,1.20,12.42,808,7,7,33,"2,288",0,5,"23,712",88.2
전라남도,목포시,북항동,2025,"47,208.92","47,225.50","7,867.13",16.7,0.336,"37,690.00","37,690.00",0.00,0.00,0.00,0.00,0.00,0.947,"5,445.36","5,445.36","3,776.99",0.00,"3,776.99",0.947,"4,073.56","4,090.14","4,090.14",543.18,"3,351.84",17.25,177.87,0,95,95,474,"1,129",0,2,"37,829",480.9
전라남도,목포시,용해동,2025,"41,010.72","41,049.27","37,079.89",90.3,0.168,"18,880.38","18,880.38","18,545.38","3,337.34","12,574.61",215.51,"2,417.92",2.202,"12,659.80","12,659.80","9,025.42",0.00,"9,025.42",2.202,"9,470.54","9,509.09","9,509.09","1,262.84","7,792.62",40.10,413.53,271,220,220,"1,103","4,105",2,10,"32,882",88.7
전라남도,목포시,이로동,2025,"74,765.62","74,765.62","60,473.51",80.9,0.565,"63,276.62","63,276.62","56,076.93","12,184.92","35,066.21",722.27,"8,103.53",1.998,"11,489.00","11,489.00","4,396.58",0.00,"4,396.58",0.000,0.00,0.00,0.00,0.00,0.00,0.00,0.00,597,0,0,0,"4,965",3,12,"59,890",99.0
전라남도,목포시,상동,2025,"51,105.87","51,192.10","41,253.75",80.6,0.148,"16,556.55","16,556.55","11,607.14","3,371.30","7,942.85",23.98,269.01,2.324,"13,366.00","13,366.00","8,377.06",0.00,"8,377.06",4.925,"21,183.32","21,269.55","21,269.55","2,824.67","17,430.22",89.69,924.97,30,493,493,"2,467","6,034",3,15,"41,006",99.4
전라남도,목포시,하당동,2025,"45,690.93","45,746.87","45,746.87",100.0,0.000,0.00,0.00,0.00,0.00,0.00,0.00,0.00,5.575,"32,058.00","32,058.45","32,058.45",0.00,"32,058.45",3.169,"13,632.93","13,688.42","13,688.42","1,817.87","11,217.55",57.72,595.28,0,317,317,"1,588","3,777",0,9,"36,644",80.1
전라남도,목포시,신흥동,2025,"51,218.44","51,296.51","51,296.51",100.0,0.000,0.00,0.00,0.00,0.00,0.00,0.00,0.00,5.588,"32,132.00","32,132.37","32,132.37",0.00,"32,132.37",4.437,"19,086.44","19,164.14","19,164.14","2,545.07","15,704.85",80.81,833.41,0,444,444,"2,223","5,288",0,13,"41,090",80.1
전라남도,목포시,삼향동,2025,"83,869.79","83,976.97","65,474.07",78.0,0.240,"26,889.38","26,889.38","26,889.24","9,095.52","12,725.83","1,233.10","3,834.79",5.330,"30,649.29","30,649.29","12,146.53",0.00,"12,146.53",6.121,"26,331.12","26,438.30","26,438.30","3,511.10","21,665.97",111.48,"1,149.75",23,612,612,"3,067","15,772",0,39,"67,268",102.7
전라남도,목포시,옥암동,2025,"25,921.18","25,962.25","25,962.25",100.0,0.000,0.00,0.00,0.00,0.00,0.00,0.00,0.00,2.773,"15,945.00","15,945.45","15,945.45",0.00,"15,945.45",2.319,"9,976.18","10,016.80","10,016.80","1,330.27","8,208.68",42.24,435.61,0,232,232,"1,162","2,764",0,6,"20,796",80.1
전라남도,목포시,부흥동,2025,"19,749.04","19,779.84","19,779.84",100.0,0.000,0.00,0.00,0.00,0.00,0.00,0.00,0.00,2.120,"12,192.00","12,192.03","12,192.03",0.00,"12,192.03",1.757,"7,557.04","7,587.81","7,587.81","1,007.69","6,218.14",32.00,329.98,0,176,176,880,"2,094",0,5,"15,844",80.1
전라남도,목포시,부주동,2025,"48,428.87","48,542.76","48,542.76",100.0,0.000,0.00,0.00,0.00,0.00,0.00,0.00,0.00,3.559,"20,463.00","20,463.04","20,463.04",0.00,"20,463.04",6.501,"27,965.87","28,079.72","28,079.72","3,729.09","23,011.09",118.41,"1,221.13",0,650,650,"3,257","7,749",0,19,"38,884",80.1
전라남도,여수시,소계,,"1,202,338.00","1,252,968.00","1,145,166.00",91.4,67.100,"276,168.00","292,498.00","284,034.00","23,338.00","142,567.00","29,115.00","89,014.00",52.900,"516,235.00","541,684.00","442,515.00",0.00,"442,515.00",53.100,"409,935.00","418,786.00","418,617.00","57,608.00","271,533.00","46,663.00","42,813.00","4,312","7,611","6,506","101,466","24,660",87,85,"475,338",41.5
전라남도,여수시,돌산읍,2025,"80,599.00","80,599.00","77,388.00",96.0,0.000,0.00,0.00,0.00,0.00,0.00,0.00,0.00,5.000,"48,471.00","48,471.00","45,260.00",0.00,"45,260.00",4.900,"32,128.00","32,128.00","32,128.00","3,311.00","23,301.00","1,863.00","3,653.00",0,314,184,"4,024","1,331",0,0,"61,562",79.5
전라남도,여수시,소라면,2025,"41,740.00","41,740.00","40,186.00",96.3,0.100,"10,629.00","10,629.00","10,575.00",888.00,"4,692.00","2,196.00","2,799.00",3.000,"16,176.00","16,176.00","14,676.00",0.00,"14,676.00",3.300,"14,935.00","14,935.00","14,935.00","13,609.00","1,326.00",0.00,0.00,85,222,226,"2,760","1,026",0,3,"33,902",84.4
전라남도,여수시,율촌면,2025,"41,107.00","41,107.00","41,044.00",99.8,0.200,"10,508.00","10,508.00","10,508.00",886.00,"3,742.00","2,599.00","3,281.00",8.600,"30,599.00","30,599.00","30,536.00",0.00,"30,536.00",8.600,0.00,0.00,0.00,0.00,0.00,0.00,0.00,16,55,0,770,231,0,0,"3,793",9.2
전라남도,여수시,화양면,2025,"6,724.00","6,724.00","5,224.00",77.7,0.000,0.00,0.00,0.00,0.00,0.00,0.00,0.00,1.500,"6,724.00","6,724.00","5,224.00",0.00,"5,224.00",1.500,0.00,0.00,0.00,0.00,0.00,0.00,0.00,0,103,0,"1,821",0,0,0,"3,273",62.7
전라남도,여수시,남면,2025,"6,280.00","6,280.00","5,180.00",82.5,0.000,0.00,0.00,0.00,0.00,0.00,0.00,0.00,1.800,"6,280.00","6,280.00","5,180.00",0.00,"5,180.00",1.800,0.00,0.00,0.00,0.00,0.00,0.00,0.00,0,102,0,864,0,0,0,0,0.0
전라남도,여수시,화정면,2025,"1,826.00","1,826.00",926.00,50.7,0.000,0.00,0.00,0.00,0.00,0.00,0.00,0.00,0.300,"1,826.00","1,826.00",926.00,0.00,926.00,0.300,0.00,0.00,0.00,0.00,0.00,0.00,0.00,0,18,0,540,0,0,0,0,0.0
전라남도,여수시,삼산면,2025,"2,904.00","2,904.00","1,904.00",65.6,0.000,0.00,0.00,0.00,0.00,0.00,0.00,0.00,0.300,"2,904.00","2,904.00","1,904.00",0.00,"1,904.00",0.300,0.00,0.00,0.00,0.00,0.00,0.00,0.00,0,37,0,688,0,0,0,0,0.0
전라남도,여수시,동문동,2025,"11,526.00","11,526.00","5,707.00",49.5,0.900,"7,707.00","7,707.00","5,707.00",384.00,"3,514.00",99.00,"1,710.00",0.000,"3,819.00","3,819.00",0.00,0.00,0.00,0.000,0.00,0.00,0.00,0.00,0.00,0.00,0.00,242,0,0,"2,400",195,0,7,"5,707",100.0
전라남도,여수시,한려동,2025,"12,257.00","18,770.00","15,770.00",84.0,0.900,"8,547.00","8,547.00","5,547.00",326.00,"3,624.00",87.00,"1,510.00",0.000,"3,710.00","10,223.00","10,223.00",0.00,"10,223.00",0.000,0.00,0.00,0.00,0.00,0.00,0.00,0.00,55,143,0,"1,684",198,4,0,"3,928",24.9
전라남도,여수시,중앙동,2025,"6,790.00","6,790.00","4,904.00",72.2,0.400,"4,778.00","4,778.00","3,368.00",261.00,"1,942.00",64.00,"1,101.00",0.000,"2,012.00","2,012.00","1,536.00",0.00,"1,536.00",0.000,0.00,0.00,0.00,0.00,0.00,0.00,0.00,110,76,0,"2,499",110,6,13,"4,904",100.0
전라남도,여수시,충무동,2025,"15,716.00","15,716.00","9,193.00",58.5,1.300,"10,173.00","10,173.00","8,173.00",557.00,"4,991.00",143.00,"2,482.00",0.000,"5,543.00","5,543.00","1,020.00",0.00,"1,020.00",0.000,0.00,0.00,0.00,0.00,0.00,0.00,0.00,305,56,0,"2,282",277,16,7,"3,165",34.4
전라남도,여수시,광림동,2025,"35,822.00","35,822.00","26,240.00",73.3,3.400,"21,861.00","21,861.00","21,861.00","1,403.00","13,847.00",361.00,"6,250.00",0.000,"13,961.00","13,961.00","4,379.00",0.00,"4,379.00",0.000,0.00,0.00,0.00,0.00,0.00,0.00,0.00,728,156,0,"3,230",763,9,3,"1,855",7.1
전라남도,여수시,서강동,2025,"7,157.00","7,484.00","4,815.00",64.3,0.600,"4,488.00","4,815.00","4,815.00",268.00,"3,283.00",69.00,"1,195.00",0.000,"2,669.00","2,669.00",0.00,0.00,0.00,0.000,0.00,0.00,0.00,0.00,0.00,0.00,0.00,169,0,0,"1,920",136,0,0,159,3.3
전라남도,여수시,대교동,2025,"30,001.00","30,302.00","23,990.00",79.2,1.100,"9,817.00","9,817.00","9,817.00",660.00,"6,046.00",170.00,"2,941.00",0.400,"12,280.00","12,280.00","5,968.00",0.00,"5,968.00",0.400,"7,904.00","8,205.00","8,205.00",777.00,"5,094.00",481.00,"1,853.00",155,132,129,"3,239",614,0,0,"4,251",17.7
전라남도,여수시,국동,2025,"31,642.00","31,642.00","25,280.00",79.9,0.900,"9,387.00","9,387.00","9,387.00",631.00,"5,781.00",162.00,"2,813.00",0.600,"14,391.00","14,391.00","8,109.00",0.00,"8,109.00",0.600,"7,864.00","7,864.00","7,784.00",681.00,"4,871.00",460.00,"1,772.00",127,161,110,"5,586",598,20,4,"4,173",16.5
전라남도,여수시,월호동,2025,"98,043.00","99,043.00","92,295.00",93.2,4.700,"40,595.00","41,595.00","41,595.00","2,797.00","25,115.00",720.00,"12,963.00",2.000,"24,956.00","24,956.00","18,208.00",0.00,"18,208.00",2.000,"32,492.00","32,492.00","32,492.00","1,017.00","21,585.00","2,037.00","7,853.00",715,467,580,"2,959","2,526",0,1,"1,311",1.4
전라남도,여수시,여서동,2025,"72,904.00","84,403.00","84,403.00",100.0,1.000,"15,831.00","16,831.00","16,831.00","1,065.00","9,749.00",774.00,"5,243.00",1.500,"24,729.00","35,228.00","35,228.00",0.00,"35,228.00",1.500,"32,344.00","32,344.00","32,344.00","2,367.00","20,214.00","1,775.00","7,988.00",106,344,221,"7,835","1,670",0,2,"30,345",36.0
전라남도,여수시,문수동,2025,"81,227.00","82,230.00","73,962.00",89.9,0.600,"13,805.00","14,808.00","14,808.00",928.00,"8,502.00",739.00,"4,639.00",1.500,"36,595.00","36,595.00","28,356.00",0.00,"28,356.00",1.500,"30,827.00","30,827.00","30,798.00","2,374.00","19,836.00","2,006.00","6,582.00",119,356,279,"8,525","1,582",15,6,"26,019",35.2
전라남도,여수시,미평동,2025,"60,709.00","60,709.00","48,021.00",79.1,1.800,"18,959.00","18,959.00","18,959.00","1,275.00","11,676.00",328.00,"5,680.00",1.200,"25,986.00","25,986.00","13,298.00",0.00,"13,298.00",1.200,"15,764.00","15,764.00","15,764.00","1,419.00","9,838.00",928.00,"3,579.00",277,285,241,"5,465","1,210",4,5,"19,445",40.5
전라남도,여수시,둔덕동,2025,"71,508.00","72,508.00","57,745.00",79.6,2.800,"25,033.00","26,033.00","26,033.00","1,683.00","15,917.00",933.00,"7,500.00",1.200,"25,660.00","25,660.00","10,957.00",0.00,"10,957.00",1.200,"20,815.00","20,815.00","20,755.00","1,814.00","12,989.00","1,226.00","4,726.00",430,268,362,"3,917","1,620",8,9,"6,344",11.0
전라남도,여수시,만덕동,2025,"25,471.00","40,499.00","40,499.00",100.0,15.800,"13,421.00","25,421.00","25,421.00","6,298.00","6,411.00","5,446.00","7,266.00",0.000,"12,050.00","15,078.00","15,078.00",0.00,"15,078.00",0.000,0.00,0.00,0.00,0.00,0.00,0.00,0.00,122,145,0,"3,756",635,2,0,"15,078",37.2
전라남도,여수시,쌍봉동,2025,"115,036.00","122,165.00","122,165.00",100.0,0.000,0.00,0.00,0.00,0.00,0.00,0.00,0.00,7.100,"52,673.00","58,082.00","58,082.00",0.00,"58,082.00",7.100,"62,363.00","64,083.00","64,083.00","9,636.00","40,319.00","12,915.00","1,213.00",0,847,718,"13,285","2,462",2,21,"78,102",63.9
전라남도,여수시,시전동,2025,"98,206.00","105,036.00","103,876.00",98.9,0.000,0.00,0.00,0.00,0.00,0.00,0.00,0.00,6.000,"45,511.00","45,511.00","44,351.00",0.00,"44,351.00",6.000,"52,695.00","59,525.00","59,525.00","8,502.00","38,264.00","10,441.00","2,318.00",0,"2,277","2,402","10,773","2,338",0,2,"54,488",52.5
전라남도,여수시,여천동,2025,"120,727.00","120,727.00","118,247.00",97.9,0.000,0.00,0.00,0.00,0.00,0.00,0.00,0.00,7.500,"55,141.00","55,141.00","52,661.00",0.00,"52,661.00",7.500,"65,586.00","65,586.00","65,586.00","9,377.00","42,402.00","12,531.00","1,276.00",0,829,816,"9,159","2,589",1,1,"84,814",71.7
전라남도,여수시,주삼동,2025,"102,222.00","102,222.00","92,008.00",90.0,2.200,"26,435.00","26,435.00","26,435.00","1,958.00","8,010.00","5,895.00","10,572.00",3.400,"41,569.00","41,569.00","31,355.00",0.00,"31,355.00",3.400,"34,218.00","34,218.00","34,218.00","2,724.00","31,494.00",0.00,0.00,69,218,238,"1,485","2,209",0,1,"4,908",5.3
전라남도,여수시,삼일동,2025,"24,194.00","24,194.00","24,194.00",100.0,28.400,"24,194.00","24,194.00","24,194.00","1,070.00","5,725.00","8,330.00","9,069.00",0.000,0.00,0.00,0.00,0.00,0.00,0.000,0.00,0.00,0.00,0.00,0.00,0.00,0.00,482,0,0,0,340,0,0,"23,812",98.4
전라남도,여수시,묘도동,2025,0.00,0.00,0.00,0.0,0.000,0.00,0.00,0.00,0.00,0.00,0.00,0.00,0.000,0.00,0.00,0.00,0.00,0.00,0.000,0.00,0.00,0.00,0.00,0.00,0.00,0.00,0,0,0,0,0,0,0,0,0.0
전라남도,순천시,소계,,"684,314.00","1,358,853.00","867,191.00",63.8,24.800,0.00,"329,649.00","329,649.00","28,945.00","116,900.00","62,500.00","121,304.00",49.600,"684,314.00","908,174.00","416,512.00","4,657.00","411,855.00",49.600,0.00,"121,030.00","121,030.00","14,403.00","83,248.00","12,969.00","10,410.00","6,074","6,209","2,772","45,532",0,60,222,"807,485",93.1
전라남도,순천시,승주읍,2030,"20,953.00","70,440.00","70,440.00",100.0,0.000,0.00,"23,100.00","23,100.00","1,267.00","15,485.00",55.00,"6,293.00",9.900,"20,953.00","46,067.00","46,067.00",0.00,"46,067.00",9.900,0.00,"1,273.00","1,273.00",0.00,"1,273.00",0.00,0.00,0,"1,000",571,"1,455",0,0,39,"70,404",99.9
전라남도,순천시,해룡면,2030,"53,255.00","61,202.00","33,447.00",54.7,0.000,0.00,"1,053.00","1,053.00",0.00,"1,053.00",0.00,0.00,11.700,"53,255.00","53,255.00","25,500.00",0.00,"25,500.00",11.700,0.00,"6,894.00","6,894.00",0.00,"6,894.00",0.00,0.00,0,26,0,450,0,0,0,"1,053",3.1
전라남도,순천시,서면,2030,"28,457.00","31,607.00","4,095.00",13.0,0.000,0.00,"3,150.00","3,150.00",650.00,300.00,50.00,"2,150.00",2.500,"28,457.00","28,457.00",945.00,0.00,945.00,2.500,0.00,0.00,0.00,0.00,0.00,0.00,0.00,0,31,0,250,0,0,0,"4,095",100.0
전라남도,순천시,황전면,2030,"17,738.00","23,084.00","23,084.00",100.0,0.000,0.00,0.00,0.00,0.00,0.00,0.00,0.00,2.800,"17,738.00","23,084.00","23,084.00",0.00,"23,084.00",2.800,0.00,0.00,0.00,0.00,0.00,0.00,0.00,0,500,78,458,0,0,21,"23,066",99.9
전라남도,순천시,월등면,2030,"16,271.00","20,324.00","20,324.00",100.0,0.000,0.00,0.00,0.00,0.00,0.00,0.00,0.00,1.700,"16,271.00","20,324.00","20,324.00",0.00,"20,324.00",1.700,0.00,0.00,0.00,0.00,0.00,0.00,0.00,0,300,208,435,0,0,0,"20,324",100.0
전라남도,순천시,주암면,2030,"13,269.00","33,406.00","33,406.00",100.0,0.000,0.00,0.00,0.00,0.00,0.00,0.00,0.00,6.200,"13,269.00","33,406.00","33,406.00",0.00,"33,406.00",6.200,0.00,0.00,0.00,0.00,0.00,0.00,0.00,0,578,270,"1,402",0,0,22,"30,804",92.2
전라남도,순천시,송광면,2030,"2,218.00","13,522.00","13,522.00",100.0,0.000,0.00,0.00,0.00,0.00,0.00,0.00,0.00,1.100,"2,218.00","13,522.00","13,522.00",0.00,"13,522.00",1.100,0.00,0.00,0.00,0.00,0.00,0.00,0.00,0,200,138,475,0,0,16,"13,522",100.0
전라남도,순천시,외서면,2030,"3,538.00","16,451.00","16,451.00",100.0,0.000,0.00,"6,883.00","6,883.00","1,850.00",733.00,100.00,"4,200.00",0.700,"3,538.00","9,568.00","9,568.00",0.00,"9,568.00",0.700,0.00,0.00,0.00,0.00,0.00,0.00,0.00,0,150,108,150,0,0,0,"16,451",100.0
전라남도,순천시,낙안면,2030,"1,798.00","43,558.00","43,558.00",100.0,0.000,0.00,0.00,0.00,0.00,0.00,0.00,0.00,3.100,"1,798.00","43,558.00","43,558.00",0.00,"43,558.00",3.100,0.00,0.00,0.00,0.00,0.00,0.00,0.00,0,600,497,"1,341",0,0,25,"39,714",91.2
전라남도,순천시,별량면,2030,"13,220.00","13,220.00","7,932.00",60.0,0.000,0.00,0.00,0.00,0.00,0.00,0.00,0.00,1.500,"13,220.00","13,220.00","7,932.00",0.00,"7,932.00",1.500,0.00,0.00,0.00,0.00,0.00,0.00,0.00,0,100,98,830,0,0,0,"6,100",76.9
전라남도,순천시,상사면,2030,0.00,"11,475.00","11,475.00",100.0,0.000,0.00,0.00,0.00,0.00,0.00,0.00,0.00,0.400,0.00,"11,475.00","11,475.00",0.00,"11,475.00",0.400,0.00,0.00,0.00,0.00,0.00,0.00,0.00,0,200,87,385,0,0,0,"11,475",100.0
전라남도,순천시,향동,2030,"66,105.00","90,710.00","24,605.00",27.1,1.500,0.00,"24,605.00","24,605.00","2,097.00","8,272.00","5,186.00","9,050.00",0.000,"66,105.00","66,105.00",0.00,0.00,0.00,0.000,0.00,0.00,0.00,0.00,0.00,0.00,0.00,506,0,0,"2,105",0,0,0,"24,605",100.0
전라남도,순천시,매곡동,2030,0.00,"13,957.00","13,957.00",100.0,1.000,0.00,"13,957.00","13,957.00","1,189.00","4,692.00","2,943.00","5,133.00",0.000,0.00,0.00,0.00,0.00,0.00,0.000,0.00,0.00,0.00,0.00,0.00,0.00,0.00,287,0,0,"1,194",0,10,10,"13,957",100.0
전라남도,순천시,삼산동,2030,"147,682.00","184,225.00","36,543.00",19.8,3.000,0.00,"36,543.00","36,543.00","3,114.00","12,285.00","7,705.00","13,439.00",0.000,"147,682.00","147,682.00",0.00,0.00,0.00,0.000,0.00,0.00,0.00,0.00,0.00,0.00,0.00,751,0,0,"3,127",0,10,20,"36,543",100.0
전라남도,순천시,조곡동,2030,"65,835.00","91,860.00","32,078.00",34.9,1.500,0.00,"25,158.00","25,158.00","2,144.00","8,458.00","5,304.00","9,252.00",0.000,"65,835.00","65,835.00","6,053.00",0.00,"6,053.00",0.000,0.00,867.00,867.00,0.00,867.00,0.00,0.00,517,222,5,"2,721",0,10,19,"25,158",78.4
전라남도,순천시,덕연동,2030,0.00,"85,046.00","85,046.00",100.0,0.500,0.00,0.00,0.00,0.00,0.00,0.00,0.00,2.000,0.00,"50,469.00","50,469.00","1,440.00","49,029.00",2.000,0.00,"34,577.00","34,577.00","4,454.00","22,894.00","4,010.00","3,219.00",0,500,308,"3,362",0,0,10,"85,046",100.0
전라남도,순천시,풍덕동,2030,0.00,"51,417.00","51,417.00",100.0,3.000,0.00,"51,417.00","51,417.00","4,382.00","17,285.00","10,841.00","18,909.00",0.000,0.00,0.00,0.00,0.00,0.00,0.000,0.00,0.00,0.00,0.00,0.00,0.00,0.00,"1,057",0,0,"4,399",0,10,20,"51,417",100.0
전라남도,순천시,남제동,2030,"54,962.00","70,142.00","23,178.00",33.0,1.000,0.00,"15,058.00","15,058.00","1,283.00","5,062.00","3,175.00","5,538.00",0.000,"54,962.00","54,962.00","7,998.00",0.00,"7,998.00",0.000,0.00,122.00,122.00,0.00,122.00,0.00,0.00,310,268,0,"2,075",0,10,0,"15,058",65.0
전라남도,순천시,저전동,2030,0.00,"13,587.00","13,587.00",100.0,1.000,0.00,"13,587.00","13,587.00","1,158.00","4,568.00","2,865.00","4,996.00",0.000,0.00,0.00,0.00,0.00,0.00,0.000,0.00,0.00,0.00,0.00,0.00,0.00,0.00,279,0,0,"2,163",0,0,0,"13,587",100.0
전라남도,순천시,장천동,2030,"39,270.00","46,065.00","6,795.00",14.8,0.500,0.00,"6,795.00","6,795.00",579.00,"2,284.00","1,433.00","2,499.00",0.000,"39,270.00","39,270.00",0.00,0.00,0.00,0.000,0.00,0.00,0.00,0.00,0.00,0.00,0.00,140,0,0,"1,581",0,10,10,"6,795",100.0
전라남도,순천시,중앙동,2030,0.00,"9,549.00","9,549.00",100.0,0.500,0.00,"9,549.00","9,549.00",814.00,"3,210.00","2,013.00","3,512.00",0.000,0.00,0.00,0.00,0.00,0.00,0.000,0.00,0.00,0.00,0.00,0.00,0.00,0.00,196,0,0,"1,817",0,0,0,"9,549",100.0
전라남도,순천시,도사동,2030,"75,183.00","174,038.00","102,734.00",59.0,11.300,0.00,"98,794.00","98,794.00","8,418.00","33,213.00","20,830.00","36,333.00",0.000,"75,183.00","75,183.00","3,879.00",0.00,"3,879.00",0.000,0.00,61.00,61.00,0.00,61.00,0.00,0.00,"2,031",134,0,"5,847",0,0,10,"98,794",96.2
전라남도,순천시,왕조1동,2030,"32,280.00","82,266.00","82,266.00",100.0,0.000,0.00,0.00,0.00,0.00,0.00,0.00,0.00,3.000,"32,280.00","48,819.00","48,819.00","1,393.00","47,426.00",3.000,0.00,"33,447.00","33,447.00","4,308.00","22,145.00","3,880.00","3,114.00",0,500,281,"3,252",0,0,0,"82,266",100.0
전라남도,순천시,왕조2동,2030,"32,280.00","107,702.00","107,702.00",100.0,0.000,0.00,0.00,0.00,0.00,0.00,0.00,0.00,3.000,"32,280.00","63,913.00","63,913.00","1,824.00","62,089.00",3.000,0.00,"43,789.00","43,789.00","5,641.00","28,992.00","5,079.00","4,077.00",0,900,123,"4,258",0,0,0,"107,702",100.0
전라남도,나주시,소계,,"648,686.00","1,060,768.00","785,883.00",74.1,3.800,"303,291.00","317,382.00","164,800.00","15,199.00","87,143.00","5,042.00","57,416.00",20.600,"243,857.00","498,759.00","420,057.00",0.00,"420,057.00",30.100,"101,538.00","244,627.00","201,026.00",0.00,"201,026.00",0.00,0.00,"7,781","4,834",0,"39,536","68,936",30,55,"263,654",33.5
전라남도,나주시,남평읍,2030,"51,475.00","146,603.00","116,373.00",79.4,2.000,"38,089.00","38,089.00","7,859.00",4.00,"1,950.00",780.00,"5,125.00",1.200,"11,701.00","56,303.00","56,303.00",0.00,"56,303.00",2.500,"1,685.00","52,211.00","52,211.00",0.00,"52,211.00",0.00,0.00,391,391,0,"5,163","17,780",2,2,"18,733",16.1
전라남도,나주시,세지면,2030,0.00,"1,283.00","1,283.00",100.0,0.000,0.00,0.00,0.00,0.00,0.00,0.00,0.00,0.000,0.00,"1,283.00","1,283.00",0.00,"1,283.00",0.000,0.00,0.00,0.00,0.00,0.00,0.00,0.00,18,11,0,303,0,0,0,0,0.0
전라남도,나주시,왕곡면,2030,0.00,"27,400.00","27,400.00",100.0,0.000,0.00,0.00,0.00,0.00,0.00,0.00,0.00,0.000,0.00,"27,400.00","27,400.00",0.00,"27,400.00",0.000,0.00,0.00,0.00,0.00,0.00,0.00,0.00,0,0,0,488,0,0,0,0,0.0
전라남도,나주시,반남면,2030,0.00,"4,618.00","4,618.00",100.0,0.000,0.00,0.00,0.00,0.00,0.00,0.00,0.00,0.000,0.00,"4,251.00","4,251.00",0.00,"4,251.00",0.000,0.00,367.00,367.00,0.00,367.00,0.00,0.00,43,26,0,101,202,0,0,0,0.0
전라남도,나주시,공산면,2030,"52,762.00","101,433.00","92,221.00",90.9,0.800,"31,068.00","31,068.00","29,280.00",12.00,"16,409.00","2,001.00","10,858.00",0.700,"13,095.00","61,766.00","61,766.00",0.00,"61,766.00",1.600,"8,599.00","8,599.00","1,175.00",0.00,"1,175.00",0.00,0.00,411,247,0,"1,518","3,602",2,4,"6,267",6.8
전라남도,나주시,동강면,2030,0.00,"12,200.00","12,200.00",100.0,0.000,0.00,0.00,0.00,0.00,0.00,0.00,0.00,0.000,0.00,"12,200.00","12,200.00",0.00,"12,200.00",0.000,0.00,0.00,0.00,0.00,0.00,0.00,0.00,0,0,0,400,0,0,0,0,0.0
전라남도,나주시,다시면,2030,"41,658.00","42,762.00","25,272.00",59.1,0.000,0.00,0.00,0.00,0.00,0.00,0.00,0.00,2.400,"41,658.00","41,658.00","24,168.00",0.00,"24,168.00",0.000,0.00,"1,104.00","1,104.00",0.00,"1,104.00",0.00,0.00,378,227,0,"3,022",936,0,0,0,0.0
전라남도,나주시,문평면,2030,0.00,"15,352.00","15,352.00",100.0,0.000,0.00,0.00,0.00,0.00,0.00,0.00,0.00,0.000,0.00,"15,352.00","15,352.00",0.00,"15,352.00",0.000,0.00,0.00,0.00,0.00,0.00,0.00,0.00,183,110,0,466,0,0,0,0,0.0
전라남도,나주시,노안면,2030,0.00,"10,281.00","10,281.00",100.0,0.000,0.00,0.00,0.00,0.00,0.00,0.00,0.00,0.000,0.00,"10,281.00","10,281.00",0.00,"10,281.00",0.000,0.00,0.00,0.00,0.00,0.00,0.00,0.00,120,72,0,505,0,0,0,0,0.0
전라남도,나주시,금천면,2030,"35,383.00","46,880.00","34,597.00",73.8,0.000,0.00,0.00,0.00,0.00,0.00,0.00,0.00,0.400,"35,383.00","35,383.00","23,100.00",0.00,"23,100.00",0.000,0.00,"11,497.00","11,497.00",0.00,"11,497.00",0.00,0.00,609,366,0,984,534,0,0,"22,651",65.5
전라남도,나주시,산포면,2030,"27,451.00","58,032.00","58,032.00",100.0,0.000,0.00,"14,091.00","14,091.00","2,427.00","6,337.00","1,949.00","3,378.00",0.600,"27,451.00","38,326.00","38,326.00",0.00,"38,326.00",1.000,0.00,"5,615.00","5,615.00",0.00,"5,615.00",0.00,0.00,342,206,0,"4,310",452,4,6,"25,000",43.1
전라남도,나주시,다도면,2030,0.00,"13,400.00","13,400.00",100.0,0.000,0.00,0.00,0.00,0.00,0.00,0.00,0.00,0.000,0.00,"13,400.00","13,400.00",0.00,"13,400.00",0.000,0.00,0.00,0.00,0.00,0.00,0.00,0.00,0,0,0,212,0,0,0,0,0.0
전라남도,나주시,봉황면,2030,0.00,"10,300.00","10,300.00",100.0,0.000,0.00,0.00,0.00,0.00,0.00,0.00,0.00,0.000,0.00,"10,300.00","10,300.00",0.00,"10,300.00",0.000,0.00,0.00,0.00,0.00,0.00,0.00,0.00,0,0,0,185,0,0,0,0,0.0
전라남도,나주시,송월동,2030,"214,304.00","214,304.00","114,113.00",53.2,1.000,"114,047.00","114,047.00","55,312.00","6,213.00","30,410.00",152.00,"18,537.00",4.000,"55,807.00","55,807.00","31,973.00",0.00,"31,973.00",12.000,"44,450.00","44,450.00","26,828.00",0.00,"26,828.00",0.00,0.00,"1,564",710,0,"4,022","22,129",11,21,"39,927",35.0
전라남도,나주시,영강동,2030,"141,358.00","141,358.00","75,281.00",53.3,0.000,"75,227.00","75,227.00","36,495.00","4,099.00","20,069.00",100.00,"12,227.00",3.000,"36,811.00","36,811.00","21,090.00",0.00,"21,090.00",8.000,"29,320.00","29,320.00","17,696.00",0.00,"17,696.00",0.00,0.00,"1,031",468,0,"2,042","14,596",7,14,"26,336",35.0
전라남도,나주시,금남동,2030,0.00,890.00,890.00,100.0,0.000,0.00,0.00,0.00,0.00,0.00,0.00,0.00,0.000,0.00,890.00,890.00,0.00,890.00,0.000,0.00,0.00,0.00,0.00,0.00,0.00,0.00,0,20,0,"3,931",0,0,0,0,0.0
전라남도,나주시,성북동,2030,0.00,"20,342.00","20,342.00",100.0,0.000,0.00,0.00,0.00,0.00,0.00,0.00,0.00,0.000,0.00,"20,342.00","20,342.00",0.00,"20,342.00",0.000,0.00,0.00,0.00,0.00,0.00,0.00,0.00,0,452,0,"5,773",0,0,0,0,0.0
전라남도,나주시,영산동,2030,"63,265.00","63,265.00","33,697.00",53.3,0.000,"33,668.00","33,668.00","16,338.00","1,834.00","8,987.00",45.00,"5,472.00",1.000,"16,475.00","16,475.00","9,439.00",0.00,"9,439.00",4.000,"13,122.00","13,122.00","7,920.00",0.00,"7,920.00",0.00,0.00,462,210,0,"2,814","6,533",3,6,"11,787",35.0
전라남도,나주시,이창동,2030,"21,030.00","21,030.00","11,196.00",53.2,0.000,"11,192.00","11,192.00","5,425.00",610.00,"2,981.00",15.00,"1,819.00",0.000,"5,476.00","5,476.00","3,138.00",0.00,"3,138.00",1.000,"4,362.00","4,362.00","2,633.00",0.00,"2,633.00",0.00,0.00,153,70,0,"2,921","2,172",1,2,"3,918",35.0
전라남도,나주시,빛가람동,2030,0.00,"109,035.00","109,035.00",100.0,0.000,0.00,0.00,0.00,0.00,0.00,0.00,0.00,7.300,0.00,"35,055.00","35,055.00",0.00,"35,055.00",0.000,0.00,"73,980.00","73,980.00",0.00,"73,980.00",0.00,0.00,"2,076","1,248",0,376,0,0,0,"109,035",100.0
전라남도,광양시,소계,,"128,621.00","623,734.30","623,555.90",100.0,0.000,0.00,0.00,0.00,0.00,0.00,0.00,0.00,44.460,"82,962.00","347,593.10","347,593.10","39,332.20","308,260.90",42.360,"45,659.00","276,141.20","275,962.80","41,916.90","178,321.60",0.00,"55,724.30","10,719","6,305","4,883","12,270","5,764",3,241,"45,659",7.3
전라남도,광양시,광양읍,2030,"96,986.00","266,833.60","266,833.60",100.0,0.000,0.00,0.00,0.00,0.00,0.00,0.00,0.00,15.680,"77,476.00","154,328.20","154,328.20","37,592.00","116,736.20",15.680,"19,510.00","112,505.40","112,505.40","14,703.70","68,329.20",0.00,"29,472.50","4,099","2,589","1,800","8,006","3,484",3,60,"19,510",7.3
전라남도,광양시,봉강면,2030,0.00,0.00,0.00,0.0,0.000,0.00,0.00,0.00,0.00,0.00,0.00,0.00,0.020,0.00,0.00,0.00,0.00,0.00,0.020,0.00,0.00,0.00,0.00,0.00,0.00,0.00,0,0,0,54,26,0,0,0,0.0
전라남도,광양시,옥룡면,2030,0.00,0.00,0.00,0.0,0.000,0.00,0.00,0.00,0.00,0.00,0.00,0.00,0.000,0.00,0.00,0.00,0.00,0.00,0.000,0.00,0.00,0.00,0.00,0.00,0.00,0.00,0,0,0,46,17,0,0,0,0.0
전라남도,광양시,옥곡면,2030,0.00,0.00,0.00,0.0,0.000,0.00,0.00,0.00,0.00,0.00,0.00,0.00,0.000,0.00,0.00,0.00,0.00,0.00,0.000,0.00,0.00,0.00,0.00,0.00,0.00,0.00,770,0,0,481,219,0,12,0,0.0
전라남도,광양시,진상면,2030,0.00,0.00,0.00,0.0,0.000,0.00,0.00,0.00,0.00,0.00,0.00,0.00,0.600,0.00,0.00,0.00,0.00,0.00,0.000,0.00,0.00,0.00,0.00,0.00,0.00,0.00,484,0,0,315,135,0,12,0,0.0
전라남도,광양시,진월면,2030,"6,173.00","51,536.40","51,460.00",99.9,0.000,0.00,0.00,0.00,0.00,0.00,0.00,0.00,1.200,0.00,"45,363.40","45,363.40","1,740.20","43,623.20",0.500,"6,173.00","6,173.00","6,096.60",150.00,"1,817.20",0.00,"4,129.40",523,837,59,508,218,0,24,"6,173",12.0
전라남도,광양시,다압면,2030,102.00,102.00,0.00,0.0,0.000,0.00,0.00,0.00,0.00,0.00,0.00,0.00,1.000,0.00,0.00,0.00,0.00,0.00,0.200,102.00,102.00,0.00,0.00,0.00,0.00,0.00,0,0,0,38,14,0,0,102,0.0
전라남도,광양시,골약동,2030,0.00,0.00,0.00,0.0,0.000,0.00,0.00,0.00,0.00,0.00,0.00,0.00,0.000,0.00,0.00,0.00,0.00,0.00,0.000,0.00,0.00,0.00,0.00,0.00,0.00,0.00,0,0,136,136,60,0,25,0,0.0
전라남도,광양시,중마동,2030,"14,946.00","183,798.50","183,798.50",100.0,0.000,0.00,0.00,0.00,0.00,0.00,0.00,0.00,21.680,"5,092.00","75,291.10","75,291.10",0.00,"75,291.10",21.680,"9,854.00","108,507.40","108,507.40","11,252.50","82,096.40",0.00,"15,158.50","3,107","1,337","1,972","1,205","1,202",0,72,"9,854",5.4
전라남도,광양시,광영동,2030,"10,414.00","121,463.80","121,463.80",100.0,0.000,0.00,0.00,0.00,0.00,0.00,0.00,0.00,4.280,394.00,"72,610.40","72,610.40",0.00,"72,610.40",4.280,"10,020.00","48,853.40","48,853.40","15,810.70","26,078.80",0.00,"6,963.90",751,"1,212",675,216,75,0,3,"10,020",8.2
전라남도,광양시,금호동,2030,0.00,0.00,0.00,0.0,0.000,0.00,0.00,0.00,0.00,0.00,0.00,0.00,0.000,0.00,0.00,0.00,0.00,0.00,0.000,0.00,0.00,0.00,0.00,0.00,0.00,0.00,0,0,0,0,0,0,0,0,0.0
전라남도,광양시,태인동,2030,0.00,0.00,0.00,0.0,0.000,0.00,0.00,0.00,0.00,0.00,0.00,0.00,0.000,0.00,0.00,0.00,0.00,0.00,0.000,0.00,0.00,0.00,0.00,0.00,0.00,0.00,985,330,241,"1,265",314,0,33,0,0.0
전라남도,군부,합계,,"8,286,986.30","9,530,213.59","6,912,554.23",72.5,54.136,"508,322.00","549,232.00","227,618.60","36,333.30","80,073.10","27,837.20","83,375.00",455.014,"4,807,505.40","5,615,201.50","4,671,437.60","664,802.40","4,006,635.20",822.950,"2,971,158.90","3,365,780.09","2,013,498.03","318,392.20","1,039,000.30","270,691.33","385,414.20","18,690","70,352","27,830","201,690","59,871",121,666,"4,464,398",64.6
전라남도,담양군,소계,,"211,496.00","489,552.00","473,445.00",96.7,0.000,0.00,0.00,0.00,0.00,0.00,0.00,0.00,6.000,"111,157.00","368,528.20","354,844.30",0.00,"354,844.30",6.000,"100,339.00","121,023.80","118,600.70","12,635.90","80,135.40","5,289.20","20,540.20",0,"12,732","2,961","17,704","2,371",0,162,"473,442",100.0
전라남도,담양군,담양읍,2035,"69,095.00","153,006.00","153,006.00",100.0,0.000,0.00,0.00,0.00,0.00,0.00,0.00,0.00,2.300,"12,708.00","90,471.90","90,471.90",0.00,"90,471.90",2.300,"56,387.00","62,534.10","62,534.10","10,607.10","39,338.60","1,472.70","11,115.70",0,"4,085","1,251","6,765","1,250",0,60,"153,006",100.0
전라남도,담양군,봉산면,2035,"3,854.00","7,980.00","7,980.00",100.0,0.000,0.00,0.00,0.00,0.00,0.00,0.00,0.00,0.700,"3,854.00","7,980.00","7,980.00",0.00,"7,980.00",0.700,0.00,0.00,0.00,0.00,0.00,0.00,0.00,0,208,0,665,0,0,0,"7,980",100.0
전라남도,담양군,고서면,2035,"26,179.00","29,263.10","27,459.70",93.8,0.000,0.00,0.00,0.00,0.00,0.00,0.00,0.00,0.600,"21,850.00","21,850.00","20,046.60",0.00,"20,046.60",0.600,"4,329.00","7,413.10","7,413.10",446.00,"6,265.20",409.40,292.50,0,677,149,975,148,0,29,"27,459",100.0
전라남도,담양군,남면,2035,0.00,"20,471.00","20,471.00",100.0,0.000,0.00,0.00,0.00,0.00,0.00,0.00,0.00,0.000,0.00,"20,471.00","20,471.00",0.00,"20,471.00",0.000,0.00,0.00,0.00,0.00,0.00,0.00,0.00,0,549,0,553,0,0,0,"20,471",100.0
전라남도,담양군,창평면,2035,"32,493.00","58,819.30","58,819.30",100.0,0.000,0.00,0.00,0.00,0.00,0.00,0.00,0.00,0.700,"16,202.00","40,242.60","40,242.60",0.00,"40,242.60",0.700,"16,291.00","18,576.70","18,576.70",366.70,"11,853.90",150.20,"6,205.90",0,"1,606",372,"1,366",371,0,26,"58,819",100.0
전라남도,담양군,대덕면,2035,"13,692.00","13,692.00","12,107.40",88.4,0.000,0.00,0.00,0.00,0.00,0.00,0.00,0.00,0.400,"10,817.00","10,817.00","10,232.80",0.00,"10,232.80",0.400,"2,875.00","2,875.00","1,874.60",0.00,"1,113.90",0.00,760.70,0,291,38,442,38,0,3,"12,107",100.0
전라남도,담양군,무정면,2035,"24,790.00","30,294.60","18,998.30",62.7,0.000,0.00,0.00,0.00,0.00,0.00,0.00,0.00,0.600,"24,790.00","24,790.00","13,493.70",0.00,"13,493.70",0.600,0.00,"5,504.60","5,504.60",978.10,"3,988.90",0.00,537.60,0,529,111,645,110,0,8,"18,998",100.0
전라남도,담양군,금성면,2035,"13,031.00","39,765.90","39,765.90",100.0,0.000,0.00,0.00,0.00,0.00,0.00,0.00,0.00,0.300,"6,278.00","29,696.60","29,696.60",0.00,"29,696.60",0.300,"6,753.00","10,069.30","10,069.30",0.00,"6,819.10","2,424.00",826.20,0,894,202,918,201,0,15,"39,765",100.0
전라남도,담양군,용면,2035,"2,682.00","25,027.00","25,027.00",100.0,0.000,0.00,0.00,0.00,0.00,0.00,0.00,0.00,0.100,"2,682.00","25,027.00","25,027.00",0.00,"25,027.00",0.100,0.00,0.00,0.00,0.00,0.00,0.00,0.00,0,742,0,754,0,0,0,"25,027",100.0
전라남도,담양군,월산면,2035,0.00,"12,114.00","12,114.00",100.0,0.000,0.00,0.00,0.00,0.00,0.00,0.00,0.00,0.000,0.00,"12,114.00","12,114.00",0.00,"12,114.00",0.000,0.00,0.00,0.00,0.00,0.00,0.00,0.00,0,368,0,775,0,0,0,"12,114",100.0
전라남도,담양군,수북면,2035,"4,799.00","57,589.00","57,589.00",100.0,0.000,0.00,0.00,0.00,0.00,0.00,0.00,0.00,0.100,"1,907.00","54,350.00","54,350.00",0.00,"54,350.00",0.100,"2,892.00","3,239.00","3,239.00",238.00,"1,570.80",832.90,597.30,0,"1,681",650,"1,991",65,0,2,"57,589",100.0
전라남도,담양군,대전면,2035,"20,881.00","41,530.10","40,107.40",96.6,0.000,0.00,0.00,0.00,0.00,0.00,0.00,0.00,0.200,"10,069.00","30,718.10","30,718.10",0.00,"30,718.10",0.200,"10,812.00","10,812.00","9,389.30",0.00,"9,185.00",0.00,204.30,0,"1,102",188,"1,855",188,0,19,"40,107",100.0
전라남도,곡성군,소계,,"358,098.00","390,760.00","350,970.00",89.8,0.000,0.00,0.00,0.00,0.00,0.00,0.00,0.00,6.730,"265,926.00","268,884.00","229,094.00",0.00,"229,094.00",6.110,"92,172.00","121,876.00","121,876.00","27,707.00","68,581.00","25,588.00",0.00,"6,509","5,459",110,"9,830",55,7,54,"338,217",96.4
전라남도,곡성군,곡성읍,2035,"61,447.00","61,447.00","60,866.00",99.1,0.000,0.00,0.00,0.00,0.00,0.00,0.00,0.00,1.750,"34,801.00","34,801.00","34,220.00",0.00,"34,220.00",1.740,"26,646.00","26,646.00","26,646.00","6,224.00","16,955.00","3,467.00",0.00,"1,392","1,855",10,"3,986",5,4,11,"60,866",100.0
전라남도,곡성군,오곡면,2035,"61,446.00","61,446.00","60,865.00",99.1,0.000,0.00,0.00,0.00,0.00,0.00,0.00,0.00,1.750,"34,801.00","34,801.00","34,220.00",0.00,"34,220.00",1.740,"26,645.00","26,645.00","26,645.00","6,223.00","16,955.00","3,467.00",0.00,"1,391",928,10,171,5,0,11,"60,865",100.0
전라남도,곡성군,삼기면,2035,"18,616.00","23,567.00","17,621.00",74.8,0.000,0.00,0.00,0.00,0.00,0.00,0.00,0.00,0.100,"18,616.00","18,616.00","12,670.00",0.00,"12,670.00",0.000,0.00,"4,951.00","4,951.00",856.00,"1,890.00","2,205.00",0.00,175,151,10,369,5,0,0,"17,624",100.0
전라남도,곡성군,석곡면,2035,"35,883.00","35,883.00","32,086.00",89.4,0.000,0.00,0.00,0.00,0.00,0.00,0.00,0.00,0.770,"23,050.00","23,050.00","19,253.00",0.00,"19,253.00",0.770,"12,833.00","12,833.00","12,833.00","4,870.00","6,509.00","1,454.00",0.00,714,714,10,936,5,3,13,"32,086",100.0
전라남도,곡성군,목사동면,2035,"18,616.00","23,566.00","17,620.00",74.8,0.000,0.00,0.00,0.00,0.00,0.00,0.00,0.00,0.100,"18,616.00","18,616.00","12,670.00",0.00,"12,670.00",0.000,0.00,"4,950.00","4,950.00",856.00,"1,890.00","2,204.00",0.00,175,151,10,245,5,0,0,"17,624",100.0
전라남도,곡성군,죽곡면,2035,"18,616.00","23,566.00","17,620.00",74.8,0.000,0.00,0.00,0.00,0.00,0.00,0.00,0.00,0.100,"18,616.00","18,616.00","12,670.00",0.00,"12,670.00",0.000,0.00,"4,950.00","4,950.00",856.00,"1,890.00","2,204.00",0.00,175,152,10,427,5,0,0,"17,624",100.0
전라남도,곡성군,고달면,2035,"18,616.00","23,566.00","20,739.00",88.0,0.000,0.00,0.00,0.00,0.00,0.00,0.00,0.00,0.100,"18,616.00","18,616.00","15,789.00",0.00,"15,789.00",0.000,0.00,"4,950.00","4,950.00",856.00,"1,890.00","2,204.00",0.00,175,151,10,257,5,0,0,"17,624",85.0
전라남도,곡성군,옥과면,2035,"49,448.00","49,448.00","41,616.00",84.2,0.000,0.00,0.00,0.00,0.00,0.00,0.00,0.00,0.840,"30,800.00","30,800.00","22,968.00",0.00,"22,968.00",0.840,"18,648.00","18,648.00","18,648.00","4,171.00","12,356.00","2,121.00",0.00,904,904,10,"1,900",5,0,11,"41,616",100.0
전라남도,곡성군,입면,2035,"38,176.00","41,134.00","41,134.00",100.0,0.000,0.00,0.00,0.00,0.00,0.00,0.00,0.00,1.020,"30,776.00","33,734.00","33,734.00",0.00,"33,734.00",1.020,"7,400.00","7,400.00","7,400.00","1,083.00","4,463.00","1,854.00",0.00,"1,058",151,10,"1,048",5,0,8,"37,040",90.0
전라남도,곡성군,겸면,2035,"18,616.00","23,566.00","21,907.00",93.0,0.000,0.00,0.00,0.00,0.00,0.00,0.00,0.00,0.100,"18,616.00","18,616.00","16,957.00",0.00,"16,957.00",0.000,0.00,"4,950.00","4,950.00",856.00,"1,890.00","2,204.00",0.00,175,151,10,314,5,0,0,"17,624",80.4
전라남도,곡성군,오산면,2035,"18,618.00","23,571.00","18,896.00",80.2,0.000,0.00,0.00,0.00,0.00,0.00,0.00,0.00,0.100,"18,618.00","18,618.00","13,943.00",0.00,"13,943.00",0.000,0.00,"4,953.00","4,953.00",856.00,"1,893.00","2,204.00",0.00,175,151,10,177,5,0,0,"17,624",93.3
전라남도,구례군,소계,,"381,435.00","381,435.00","381,435.00",100.0,0.000,0.00,0.00,0.00,0.00,0.00,0.00,0.00,161.054,"325,619.00","325,619.00","325,619.00",0.00,"325,619.00",57.000,"55,816.00","55,816.00","55,816.00",0.00,"51,658.00",0.00,"4,158.00",0,"3,739",0,"8,881",0,0,189,"353,843",92.8
전라남도,구례군,구례읍,2025,"185,583.00","185,583.00","185,583.00",100.0,0.000,0.00,0.00,0.00,0.00,0.00,0.00,0.00,71.550,"143,799.00","143,799.00","143,799.00",0.00,"143,799.00",12.800,"41,784.00","41,784.00","41,784.00",0.00,"38,811.00",0.00,"2,973.00",0,"2,073",0,"4,643",0,0,112,"173,051",93.2
전라남도,구례군,문척면,2025,"16,500.00","16,500.00","16,500.00",100.0,0.000,0.00,0.00,0.00,0.00,0.00,0.00,0.00,0.780,"16,500.00","16,500.00","16,500.00",0.00,"16,500.00",0.000,0.00,0.00,0.00,0.00,0.00,0.00,0.00,0,160,0,460,0,0,0,"16,500",100.0
전라남도,구례군,간전면,2025,"24,290.00","24,290.00","24,290.00",100.0,0.000,0.00,0.00,0.00,0.00,0.00,0.00,0.00,0.315,"24,290.00","24,290.00","24,290.00",0.00,"24,290.00",0.000,0.00,0.00,0.00,0.00,0.00,0.00,0.00,0,180,0,480,0,0,0,"24,290",100.0
전라남도,구례군,토지면,2025,"31,590.00","31,590.00","31,590.00",100.0,0.000,0.00,0.00,0.00,0.00,0.00,0.00,0.00,0.735,"31,590.00","31,590.00","31,590.00",0.00,"31,590.00",0.000,0.00,0.00,0.00,0.00,0.00,0.00,0.00,0,210,0,510,0,0,0,"21,150",67.0
전라남도,구례군,마산면,2025,"23,391.00","23,391.00","23,391.00",100.0,0.000,0.00,0.00,0.00,0.00,0.00,0.00,0.00,14.900,"14,734.00","14,734.00","14,734.00",0.00,"14,734.00",14.900,"8,657.00","8,657.00","8,657.00",0.00,"7,472.00",0.00,"1,185.00",0,538,0,828,0,0,17,"23,391",100.0
전라남도,구례군,광의면,2025,"54,240.00","54,240.00","54,240.00",100.0,0.000,0.00,0.00,0.00,0.00,0.00,0.00,0.00,1.407,"54,240.00","54,240.00","54,240.00",0.00,"54,240.00",0.000,0.00,0.00,0.00,0.00,0.00,0.00,0.00,0,160,0,460,0,0,0,"49,620",91.5
전라남도,구례군,용방면,2025,"16,400.00","16,400.00","16,400.00",100.0,0.000,0.00,0.00,0.00,0.00,0.00,0.00,0.00,0.662,"16,400.00","16,400.00","16,400.00",0.00,"16,400.00",0.000,0.00,0.00,0.00,0.00,0.00,0.00,0.00,0,150,0,480,0,0,0,"16,400",100.0
전라남도,구례군,산동면,2025,"29,441.00","29,441.00","29,441.00",100.0,0.000,0.00,0.00,0.00,0.00,0.00,0.00,0.00,70.705,"24,066.00","24,066.00","24,066.00",0.00,"24,066.00",29.300,"5,375.00","5,375.00","5,375.00",0.00,"5,375.00",0.00,0.00,0,268,0,"1,020",0,0,60,"29,441",100.0
전라남도,고흥군,소계,,"549,411.00","549,411.00","549,411.00",100.0,0.000,0.00,0.00,0.00,0.00,0.00,0.00,0.00,17.700,"538,089.00","538,089.00","538,089.00",0.00,"538,089.00",0.200,"11,322.00","11,322.00","11,322.00",0.00,"11,322.00",0.00,0.00,0,"1,087",166,"18,501",0,12,1,0,0.0
전라남도,고흥군,고흥읍,2021,"111,932.00","111,932.00","111,932.00",100.0,0.000,0.00,0.00,0.00,0.00,0.00,0.00,0.00,4.200,"108,808.00","108,808.00","108,808.00",0.00,"108,808.00",0.100,"3,124.00","3,124.00","3,124.00",0.00,"3,124.00",0.00,0.00,0,690,95,"4,554",0,0,1,0,0.0
전라남도,고흥군,도양읍,2021,"79,876.00","79,876.00","79,876.00",100.0,0.000,0.00,0.00,0.00,0.00,0.00,0.00,0.00,2.000,"77,826.00","77,826.00","77,826.00",0.00,"77,826.00",0.100,"2,050.00","2,050.00","2,050.00",0.00,"2,050.00",0.00,0.00,0,397,71,"4,044",0,0,0,0,0.0
전라남도,고흥군,풍양면,2021,"36,050.00","36,050.00","36,050.00",100.0,0.000,0.00,0.00,0.00,0.00,0.00,0.00,0.00,1.200,"34,827.00","34,827.00","34,827.00",0.00,"34,827.00",0.000,"1,223.00","1,223.00","1,223.00",0.00,"1,223.00",0.00,0.00,0,0,0,"1,535",0,4,0,0,0.0
전라남도,고흥군,도덕면,2021,"13,000.00","13,000.00","13,000.00",100.0,0.000,0.00,0.00,0.00,0.00,0.00,0.00,0.00,0.700,"13,000.00","13,000.00","13,000.00",0.00,"13,000.00",0.000,0.00,0.00,0.00,0.00,0.00,0.00,0.00,0,0,0,482,0,0,0,0,0.0
전라남도,고흥군,금산면,2021,"101,306.00","101,306.00","101,306.00",100.0,0.000,0.00,0.00,0.00,0.00,0.00,0.00,0.00,2.000,"100,400.00","100,400.00","100,400.00",0.00,"100,400.00",0.000,906.00,906.00,906.00,0.00,906.00,0.00,0.00,0,0,0,"1,465",0,0,0,0,0.0
전라남도,고흥군,도화면,2021,"32,841.00","32,841.00","32,841.00",100.0,0.000,0.00,0.00,0.00,0.00,0.00,0.00,0.00,1.500,"30,420.00","30,420.00","30,420.00",0.00,"30,420.00",0.000,"2,421.00","2,421.00","2,421.00",0.00,"2,421.00",0.00,0.00,0,0,0,"1,666",0,0,0,0,0.0
전라남도,고흥군,포두면,2021,"40,668.00","40,668.00","40,668.00",100.0,0.000,0.00,0.00,0.00,0.00,0.00,0.00,0.00,0.900,"39,070.00","39,070.00","39,070.00",0.00,"39,070.00",0.000,"1,598.00","1,598.00","1,598.00",0.00,"1,598.00",0.00,0.00,0,0,0,841,0,5,0,0,0.0
전라남도,고흥군,봉래면,2021,"14,445.00","14,445.00","14,445.00",100.0,0.000,0.00,0.00,0.00,0.00,0.00,0.00,0.00,0.600,"14,445.00","14,445.00","14,445.00",0.00,"14,445.00",0.000,0.00,0.00,0.00,0.00,0.00,0.00,0.00,0,0,0,643,0,0,0,0,0.0
전라남도,고흥군,점암면,2021,"9,000.00","9,000.00","9,000.00",100.0,0.000,0.00,0.00,0.00,0.00,0.00,0.00,0.00,0.300,"9,000.00","9,000.00","9,000.00",0.00,"9,000.00",0.000,0.00,0.00,0.00,0.00,0.00,0.00,0.00,0,0,0,220,0,0,0,0,0.0
전라남도,고흥군,과역면,2021,"50,293.00","50,293.00","50,293.00",100.0,0.000,0.00,0.00,0.00,0.00,0.00,0.00,0.00,1.000,"50,293.00","50,293.00","50,293.00",0.00,"50,293.00",0.000,0.00,0.00,0.00,0.00,0.00,0.00,0.00,0,0,0,"1,053",0,3,0,0,0.0
전라남도,고흥군,남양면,2021,0.00,0.00,0.00,0.0,0.000,0.00,0.00,0.00,0.00,0.00,0.00,0.00,0.000,0.00,0.00,0.00,0.00,0.00,0.000,0.00,0.00,0.00,0.00,0.00,0.00,0.00,0,0,0,0,0,0,0,0,0.0
전라남도,고흥군,동강면,2021,"29,810.00","29,810.00","29,810.00",100.0,0.000,0.00,0.00,0.00,0.00,0.00,0.00,0.00,1.600,"29,810.00","29,810.00","29,810.00",0.00,"29,810.00",0.000,0.00,0.00,0.00,0.00,0.00,0.00,0.00,0,0,0,894,0,0,0,0,0.0
전라남도,고흥군,대서면,2021,"8,190.00","8,190.00","8,190.00",100.0,0.000,0.00,0.00,0.00,0.00,0.00,0.00,0.00,0.600,"8,190.00","8,190.00","8,190.00",0.00,"8,190.00",0.000,0.00,0.00,0.00,0.00,0.00,0.00,0.00,0,0,0,339,0,0,0,0,0.0
전라남도,고흥군,두원면,2021,"7,700.00","7,700.00","7,700.00",100.0,0.000,0.00,0.00,0.00,0.00,0.00,0.00,0.00,0.500,"7,700.00","7,700.00","7,700.00",0.00,"7,700.00",0.000,0.00,0.00,0.00,0.00,0.00,0.00,0.00,0,0,0,226,0,0,0,0,0.0
전라남도,고흥군,영남면,2021,"5,200.00","5,200.00","5,200.00",100.0,0.000,0.00,0.00,0.00,0.00,0.00,0.00,0.00,0.300,"5,200.00","5,200.00","5,200.00",0.00,"5,200.00",0.000,0.00,0.00,0.00,0.00,0.00,0.00,0.00,0,0,0,359,0,0,0,0,0.0
전라남도,고흥군,동일면,2021,"9,100.00","9,100.00","9,100.00",100.0,0.000,0.00,0.00,0.00,0.00,0.00,0.00,0.00,0.300,"9,100.00","9,100.00","9,100.00",0.00,"9,100.00",0.000,0.00,0.00,0.00,0.00,0.00,0.00,0.00,0,0,0,180,0,0,0,0,0.0
전라남도,보성군,소계,,"614,314.00","618,021.00","354,642.00",57.4,0.000,0.00,0.00,0.00,0.00,0.00,0.00,0.00,21.000,"291,173.00","294,880.00","220,677.00",0.00,"220,677.00",0.000,"323,141.00","323,141.00","133,965.00","8,676.00","62,999.00","16,004.00","46,286.00",0,"3,976",580,"16,543","16,665",0,48,"351,937",99.2
전라남도,보성군,보성읍,2035,"100,647.00","100,647.00","77,122.00",76.6,0.000,0.00,0.00,0.00,0.00,0.00,0.00,0.00,5.000,"29,269.00","29,269.00","21,810.00",0.00,"21,810.00",0.000,"71,378.00","71,378.00","55,312.00","2,611.00","25,600.00","12,296.00","14,805.00",0,993,140,"5,520","4,540",0,13,"77,122",100.0
전라남도,보성군,벌교읍,2035,"83,724.00","83,724.00","68,412.00",81.7,0.000,0.00,0.00,0.00,0.00,0.00,0.00,0.00,9.000,"25,583.00","25,583.00","25,583.00",0.00,"25,583.00",0.000,"58,141.00","58,141.00","42,829.00","4,555.00","21,017.00",953.00,"16,304.00",0,"1,026",160,"4,540","5,520",0,16,"62,687",91.6
전라남도,보성군,노동면,2035,"33,169.00","33,169.00","10,940.00",33.0,0.000,0.00,0.00,0.00,0.00,0.00,0.00,0.00,1.000,"18,200.00","18,200.00","10,710.00",0.00,"10,710.00",0.000,"14,969.00","14,969.00",230.00,0.00,230.00,0.00,0.00,0,29,5,173,173,0,0,"10,940",100.0
전라남도,보성군,미력면,2035,"22,605.00","22,605.00","7,122.00",31.5,0.000,0.00,0.00,0.00,0.00,0.00,0.00,0.00,0.300,"10,020.00","10,020.00","7,014.00",0.00,"7,014.00",0.000,"12,585.00","12,585.00",108.00,0.00,108.00,0.00,0.00,0,92,14,276,276,0,0,"7,122",100.0
전라남도,보성군,겸백면,2035,"28,932.00","28,932.00","10,725.00",37.1,0.000,0.00,0.00,0.00,0.00,0.00,0.00,0.00,0.000,"15,150.00","15,150.00","10,605.00",0.00,"10,605.00",0.000,"13,782.00","13,782.00",120.00,0.00,120.00,0.00,0.00,0,28,4,155,166,0,0,"10,725",100.0
전라남도,보성군,율어면,2035,"30,638.00","30,638.00","12,230.00",39.9,0.000,0.00,0.00,0.00,0.00,0.00,0.00,0.00,0.100,"16,702.00","16,702.00","12,112.00",0.00,"12,112.00",0.000,"13,936.00","13,936.00",118.00,0.00,118.00,0.00,0.00,0,82,12,242,242,0,0,"15,250",124.7
전라남도,보성군,복내면,2035,"33,249.00","33,249.00","21,387.00",64.3,0.000,0.00,0.00,0.00,0.00,0.00,0.00,0.00,0.100,"23,449.00","23,449.00","16,205.00",0.00,"16,205.00",0.000,"9,800.00","9,800.00","5,182.00",0.00,"4,841.00",0.00,341.00,0,113,17,880,880,0,0,"21,387",100.0
전라남도,보성군,문덕면,2035,"19,173.00","19,173.00","12,670.00",66.1,0.000,0.00,0.00,0.00,0.00,0.00,0.00,0.00,0.000,"13,200.00","13,200.00","10,401.00",0.00,"10,401.00",0.000,"5,973.00","5,973.00","2,269.00",35.00,856.00,0.00,"1,378.00",0,118,12,453,463,0,0,"12,670",100.0
전라남도,보성군,조성면,2035,"86,838.00","86,838.00","39,242.00",45.2,0.000,0.00,0.00,0.00,0.00,0.00,0.00,0.00,4.000,"47,761.00","47,761.00","29,812.00",0.00,"29,812.00",0.000,"39,077.00","39,077.00","9,430.00",194.00,"3,080.00","2,114.00","4,042.00",0,72,12,"1,145","1,146",0,0,"39,242",100.0
전라남도,보성군,득량면,2035,"122,607.00","122,607.00","64,980.00",53.0,0.000,0.00,0.00,0.00,0.00,0.00,0.00,0.00,1.000,"67,433.00","67,433.00","54,468.00",0.00,"54,468.00",0.000,"55,174.00","55,174.00","10,512.00",768.00,"2,060.00",641.00,"7,043.00",0,371,55,"1,848","1,848",0,0,"64,980",100.0
전라남도,보성군,회천면,2035,"27,802.00","27,802.00","13,115.00",47.2,0.000,0.00,0.00,0.00,0.00,0.00,0.00,0.00,0.300,"11,976.00","11,976.00","5,820.00",0.00,"5,820.00",0.000,"15,826.00","15,826.00","7,295.00",513.00,"4,409.00",0.00,"2,373.00",0,579,87,810,810,0,19,"13,115",100.0
전라남도,보성군,웅치면,2035,"24,930.00","28,637.00","16,697.00",58.3,0.000,0.00,0.00,0.00,0.00,0.00,0.00,0.00,0.200,"12,430.00","16,137.00","16,137.00",0.00,"16,137.00",0.000,"12,500.00","12,500.00",560.00,0.00,560.00,0.00,0.00,0,473,62,501,601,0,0,"16,697",100.0
전라남도,화순군,소계,,"401,997.00","410,587.00","323,148.00",78.7,3.200,"43,566.00","43,566.00","19,740.00","10,321.00","9,419.00",0.00,0.00,15.500,"207,206.00","215,796.00","209,628.00",0.00,"209,628.00",0.000,"151,225.00","151,225.00","93,780.00","8,570.00","66,778.00","11,230.00","7,202.00",41,"5,308","3,508","28,216","2,413",10,0,"322,898",99.9
전라남도,화순군,화순읍,2020,"323,930.00","331,590.00","264,140.00",79.7,3.200,"35,613.00","35,613.00","18,841.00","10,021.00","8,820.00",0.00,0.00,9.500,"160,236.00","167,896.00","167,896.00",0.00,"167,896.00",0.000,"128,081.00","128,081.00","77,403.00","7,098.00","57,219.00","8,893.00","4,193.00",13,"4,284","2,296","26,482","2,119",9,0,"264,140",100.0
전라남도,화순군,한천면,,0.00,0.00,0.00,0.0,0.000,0.00,0.00,0.00,0.00,0.00,0.00,0.00,0.000,0.00,0.00,0.00,0.00,0.00,0.000,0.00,0.00,0.00,0.00,0.00,0.00,0.00,0,0,0,0,0,0,0,0,0.0
전라남도,화순군,춘양면,,0.00,0.00,0.00,0.0,0.000,0.00,0.00,0.00,0.00,0.00,0.00,0.00,0.000,0.00,0.00,0.00,0.00,0.00,0.000,0.00,0.00,0.00,0.00,0.00,0.00,0.00,0,0,0,0,0,0,0,0,0.0
전라남도,화순군,청풍면,,0.00,0.00,0.00,0.0,0.000,0.00,0.00,0.00,0.00,0.00,0.00,0.00,0.000,0.00,0.00,0.00,0.00,0.00,0.000,0.00,0.00,0.00,0.00,0.00,0.00,0.00,0,0,0,0,0,0,0,0,0.0
전라남도,화순군,이양면,,0.00,0.00,0.00,0.0,0.000,0.00,0.00,0.00,0.00,0.00,0.00,0.00,0.000,0.00,0.00,0.00,0.00,0.00,0.000,0.00,0.00,0.00,0.00,0.00,0.00,0.00,0,0,0,0,0,0,0,0,0.0
전라남도,화순군,능주면,,0.00,0.00,0.00,0.0,0.000,0.00,0.00,0.00,0.00,0.00,0.00,0.00,0.000,0.00,0.00,0.00,0.00,0.00,0.000,0.00,0.00,0.00,0.00,0.00,0.00,0.00,0,0,0,0,0,0,0,0,0.0
전라남도,화순군,도곡면,2020,"16,827.00","17,564.00","13,940.00",79.4,0.000,"2,655.00","2,655.00",209.00,0.00,209.00,0.00,0.00,0.600,"7,963.00","8,700.00","8,700.00",0.00,"8,700.00",0.000,"6,209.00","6,209.00","5,031.00","1,211.00","3,820.00",0.00,0.00,5,152,950,364,48,0,0,"13,940",100.0
전라남도,화순군,도암면,,0.00,0.00,0.00,0.0,0.000,0.00,0.00,0.00,0.00,0.00,0.00,0.00,0.000,0.00,0.00,0.00,0.00,0.00,0.000,0.00,0.00,0.00,0.00,0.00,0.00,0.00,0,0,0,0,0,0,0,0,0.0
전라남도,화순군,이서면,,0.00,0.00,0.00,0.0,0.000,0.00,0.00,0.00,0.00,0.00,0.00,0.00,0.000,0.00,0.00,0.00,0.00,0.00,0.000,0.00,0.00,0.00,0.00,0.00,0.00,0.00,0,0,0,0,0,0,0,0,0.0
전라남도,화순군,북면,2020,"12,420.00","12,420.00","5,168.00",41.6,0.000,"4,748.00","4,748.00",140.00,0.00,140.00,0.00,0.00,0.600,"2,935.00","2,935.00","2,698.00",0.00,"2,698.00",0.000,"4,737.00","4,737.00","2,330.00",173.00,"2,157.00",0.00,0.00,3,0,0,257,7,0,0,"5,168",100.0
전라남도,화순군,동복면,2020,"22,100.00","22,100.00","13,867.00",62.7,0.000,250.00,250.00,250.00,0.00,250.00,0.00,0.00,2.100,"14,766.00","14,766.00","8,835.00",0.00,"8,835.00",0.000,"7,084.00","7,084.00","4,782.00",23.00,"2,055.00","1,415.00","1,289.00",18,54,47,523,149,0,0,"13,617",98.2
전라남도,화순군,남면,2020,"26,720.00","26,913.00","26,033.00",96.7,0.000,300.00,300.00,300.00,300.00,0.00,0.00,0.00,2.700,"21,306.00","21,499.00","21,499.00",0.00,"21,499.00",0.000,"5,114.00","5,114.00","4,234.00",65.00,"1,527.00",922.00,"1,720.00",2,307,120,590,90,1,0,"26,033",100.0
전라남도,화순군,동면,,0.00,0.00,0.00,0.0,0.000,0.00,0.00,0.00,0.00,0.00,0.00,0.00,0.000,0.00,0.00,0.00,0.00,0.00,0.000,0.00,0.00,0.00,0.00,0.00,0.00,0.00,0,511,95,0,0,0,0,0,0.0
전라남도,장흥군,소계,,"356,636.00","427,350.00","312,514.00",73.1,0.000,0.00,0.00,0.00,0.00,0.00,0.00,0.00,11.880,"234,324.00","234,324.00","154,836.00",0.00,"154,836.00",618.190,"122,312.00","193,026.00","157,678.00","61,512.00","56,236.00",0.00,"39,930.00","3,393","2,425",262,"4,461","4,461",0,0,"245,722",78.6
전라남도,장흥군,장흥읍,2023,"103,040.00","173,753.00","155,835.00",89.7,0.000,0.00,0.00,0.00,0.00,0.00,0.00,0.00,4.070,"83,919.00","83,919.00","66,001.00",0.00,"66,001.00",55.920,"19,121.00","89,834.00","89,834.00","42,815.00","22,319.00",0.00,"24,700.00","1,621",583,0,"2,607","2,607",0,0,"103,131",66.2
전라남도,장흥군,관산읍,2023,"76,359.00","76,359.00","42,411.00",55.5,0.000,0.00,0.00,0.00,0.00,0.00,0.00,0.00,1.640,"29,731.00","29,731.00","23,842.00",0.00,"23,842.00",71.820,"46,628.00","46,628.00","18,569.00","3,569.00","12,085.00",0.00,"2,915.00",475,230,0,558,558,0,0,"42,411",100.0
전라남도,장흥군,대덕읍,2023,"70,735.00","70,735.00","50,621.00",71.6,0.000,0.00,0.00,0.00,0.00,0.00,0.00,0.00,2.460,"44,317.00","44,317.00","28,580.00",0.00,"28,580.00",58.080,"26,418.00","26,418.00","22,041.00","9,144.00","10,426.00",0.00,"2,471.00",833,529,0,785,785,0,0,"40,671",80.3
전라남도,장흥군,용산면,2023,"11,234.00","11,234.00","6,297.00",56.1,0.000,0.00,0.00,0.00,0.00,0.00,0.00,0.00,0.370,"4,937.00","4,937.00","2,421.00",0.00,"2,421.00",72.340,"6,297.00","6,297.00","3,876.00",644.00,678.00,0.00,"2,554.00",0,80,47,0,0,0,0,"6,296",100.0
전라남도,장흥군,안양면,2023,"30,260.00","30,261.00","14,307.00",47.3,0.000,0.00,0.00,0.00,0.00,0.00,0.00,0.00,1.080,"24,140.00","24,140.00","8,186.00",0.00,"8,186.00",51.160,"6,120.00","6,121.00","6,121.00",557.00,"2,165.00",0.00,"3,399.00",0,332,103,0,0,0,0,"14,307",100.0
전라남도,장흥군,장동면,2023,"4,380.00","4,380.00",0.00,0.0,0.000,0.00,0.00,0.00,0.00,0.00,0.00,0.00,0.180,"4,380.00","4,380.00",0.00,0.00,0.00,44.840,0.00,0.00,0.00,0.00,0.00,0.00,0.00,0,0,0,0,0,0,0,0,0.0
전라남도,장흥군,장평면,2023,"6,837.00","6,837.00",0.00,0.0,0.000,0.00,0.00,0.00,0.00,0.00,0.00,0.00,0.040,"6,837.00","6,837.00",0.00,0.00,0.00,77.860,0.00,0.00,0.00,0.00,0.00,0.00,0.00,0,0,0,0,0,0,0,0,0.0
전라남도,장흥군,유치면,2023,"16,576.00","16,576.00","16,576.00",100.0,0.000,0.00,0.00,0.00,0.00,0.00,0.00,0.00,1.230,"11,063.00","11,063.00","11,063.00",0.00,"11,063.00",122.170,"5,513.00","5,513.00","5,513.00",0.00,"3,621.00",0.00,"1,892.00",0,385,112,0,0,0,0,"16,576",100.0
전라남도,장흥군,부산면,2023,"7,089.00","7,089.00",0.00,0.0,0.000,0.00,0.00,0.00,0.00,0.00,0.00,0.00,0.220,"7,089.00","7,089.00",0.00,0.00,0.00,38.010,0.00,0.00,0.00,0.00,0.00,0.00,0.00,0,0,0,0,0,0,0,0,0.0
전라남도,장흥군,회진면,2023,"30,126.00","30,126.00","26,467.00",87.9,0.000,0.00,0.00,0.00,0.00,0.00,0.00,0.00,0.590,"17,911.00","17,911.00","14,743.00",0.00,"14,743.00",25.990,"12,215.00","12,215.00","11,724.00","4,783.00","4,942.00",0.00,"1,999.00",464,286,0,511,511,0,0,"22,330",84.4
전라남도,강진군,소계,,"334,907.00","355,588.00","351,166.00",98.8,0.000,0.00,0.00,0.00,0.00,0.00,0.00,0.00,6.100,"196,236.00","216,917.00","213,110.00",0.00,"213,110.00",6.000,"138,671.00","138,671.00","138,056.00","37,803.00","56,957.00",777.00,"42,519.00",0,"3,486","2,624","8,135",0,0,40,"274,640",78.2
전라남도,강진군,강진읍,2021,"136,236.00","136,236.00","135,540.00",99.5,0.000,0.00,0.00,0.00,0.00,0.00,0.00,0.00,2.500,"75,524.00","75,524.00","75,443.00",0.00,"75,443.00",3.200,"60,712.00","60,712.00","60,097.00","21,551.00","31,260.00",0.00,"7,286.00",0,"1,495","1,203","3,082",0,0,16,"128,170",94.6
전라남도,강진군,군동면,2021,"18,563.00","18,563.00","18,563.00",100.0,0.000,0.00,0.00,0.00,0.00,0.00,0.00,0.00,0.400,"13,826.00","13,826.00","13,826.00",0.00,"13,826.00",0.200,"4,737.00","4,737.00","4,737.00",973.00,501.00,0.00,"3,263.00",0,159,137,505,0,0,0,"13,213",71.2
전라남도,강진군,칠량면,2021,"11,561.00","11,561.00","11,257.00",97.4,0.000,0.00,0.00,0.00,0.00,0.00,0.00,0.00,0.300,"9,276.00","9,276.00","8,972.00",0.00,"8,972.00",0.100,"2,285.00","2,285.00","2,285.00",248.00,519.00,0.00,"1,518.00",0,14,9,256,0,0,0,"8,050",71.5
전라남도,강진군,대구면,2021,"13,339.00","13,339.00","13,339.00",100.0,0.000,0.00,0.00,0.00,0.00,0.00,0.00,0.00,0.100,"4,350.00","4,350.00","4,350.00",0.00,"4,350.00",0.300,"8,989.00","8,989.00","8,989.00","1,168.00","2,527.00",129.00,"5,165.00",0,101,84,358,0,0,0,"4,692",35.2
전라남도,강진군,도암면,2021,"16,346.00","16,346.00","16,093.00",98.5,0.000,0.00,0.00,0.00,0.00,0.00,0.00,0.00,0.400,"12,110.00","12,110.00","11,857.00",0.00,"11,857.00",0.200,"4,236.00","4,236.00","4,236.00","1,272.00","1,870.00",0.00,"1,094.00",0,189,148,398,0,0,0,"10,627",66.0
전라남도,강진군,신전면,2021,"16,575.00","16,575.00","16,575.00",100.0,0.000,0.00,0.00,0.00,0.00,0.00,0.00,0.00,0.300,"10,186.00","10,186.00","10,186.00",0.00,"10,186.00",0.200,"6,389.00","6,389.00","6,389.00",941.00,"2,450.00",0.00,"2,998.00",0,151,130,402,0,0,0,"13,970",84.3
전라남도,강진군,성전면,2021,"19,643.00","40,243.00","40,243.00",100.0,0.000,0.00,0.00,0.00,0.00,0.00,0.00,0.00,0.500,"16,834.00","37,434.00","37,434.00",0.00,"37,434.00",0.100,"2,809.00","2,809.00","2,809.00",423.00,"1,047.00",152.00,"1,187.00",0,166,133,843,0,0,0,"18,283",45.4
전라남도,강진군,작천면,2021,"11,585.00","11,585.00","11,585.00",100.0,0.000,0.00,0.00,0.00,0.00,0.00,0.00,0.00,0.100,"5,216.00","5,216.00","5,216.00",0.00,"5,216.00",0.300,"6,369.00","6,369.00","6,369.00","3,829.00",588.00,8.00,"1,944.00",0,80,76,276,0,0,0,"4,783",41.3
전라남도,강진군,병영면,2021,"33,897.00","33,897.00","30,728.00",90.7,0.000,0.00,0.00,0.00,0.00,0.00,0.00,0.00,0.500,"15,981.00","15,981.00","12,812.00",0.00,"12,812.00",0.600,"17,916.00","17,916.00","17,916.00","4,353.00","7,526.00",0.00,"6,037.00",0,348,253,793,0,0,0,"19,144",62.3
전라남도,강진군,옴천면,2021,"11,539.00","11,539.00","11,539.00",100.0,0.000,0.00,0.00,0.00,0.00,0.00,0.00,0.00,0.300,"11,182.00","11,182.00","11,182.00",0.00,"11,182.00",0.000,357.00,357.00,357.00,0.00,199.00,77.00,81.00,0,219,140,366,0,0,0,"11,072",96.0
전라남도,강진군,마량면,2021,"45,623.00","45,704.00","45,704.00",100.0,0.000,0.00,0.00,0.00,0.00,0.00,0.00,0.00,0.700,"21,751.00","21,832.00","21,832.00",0.00,"21,832.00",0.800,"23,872.00","23,872.00","23,872.00","3,045.00","8,470.00",411.00,"11,946.00",0,564,311,856,0,0,24,"42,636",93.3
전라남도,해남군,소계,,"797,043.00","859,520.39","446,076.33",51.9,0.000,0.00,0.00,0.00,0.00,0.00,0.00,0.00,9.920,"591,696.00","591,696.00","215,014.40","215,014.40",0.00,4.300,"205,347.00","267,824.39","231,061.93","11,241.00","57,545.00","160,584.93","1,691.00",0,"3,851",0,"10,236",0,0,0,"227,608",51.0
전라남도,해남군,해남읍,2025,"201,857.00","232,292.75","179,304.75",77.2,0.000,0.00,0.00,0.00,0.00,0.00,0.00,0.00,2.600,"136,888.00","136,888.00","83,900.00","83,900.00",0.00,1.000,"64,969.00","95,404.75","95,404.75","4,260.00","28,668.00","62,476.75",0.00,0,"1,562",0,"4,757",0,0,0,"164,109",91.5
전라남도,해남군,삼산면,2025,"39,359.00","46,652.82","34,021.02",72.9,0.000,0.00,0.00,0.00,0.00,0.00,0.00,0.00,0.540,"33,559.00","33,559.00","20,927.20","20,927.20",0.00,0.200,"5,800.00","13,093.82","13,093.82",775.00,"3,469.00","8,849.82",0.00,0,536,0,558,0,0,0,0,0.0
전라남도,해남군,화산면,2025,"58,966.00","58,966.00",0.00,0.0,0.000,0.00,0.00,0.00,0.00,0.00,0.00,0.00,0.300,"47,566.00","47,566.00",0.00,0.00,0.00,0.200,"11,400.00","11,400.00",0.00,0.00,0.00,0.00,0.00,0,0,0,0,0,0,0,0,0.0
전라남도,해남군,현산면,2025,"54,543.00","54,543.00",0.00,0.0,0.000,0.00,0.00,0.00,0.00,0.00,0.00,0.00,0.200,"44,743.00","44,743.00",0.00,0.00,0.00,0.200,"9,800.00","9,800.00",0.00,0.00,0.00,0.00,0.00,0,0,0,0,0,0,0,0,0.0
전라남도,해남군,송지면,2025,"50,534.00","54,950.81","37,198.01",67.7,0.000,0.00,0.00,0.00,0.00,0.00,0.00,0.00,0.380,"36,216.00","36,216.00","18,463.20","18,463.20",0.00,0.200,"14,318.00","18,734.81","18,734.81","1,050.00","4,912.00","11,935.81",837.00,0,356,0,"1,245",0,0,0,"31,433",84.5
전라남도,해남군,북평면,2025,"51,992.00","57,184.97","43,120.97",75.4,0.000,0.00,0.00,0.00,0.00,0.00,0.00,0.00,0.350,"40,414.00","40,414.00","26,350.00","26,350.00",0.00,0.200,"11,578.00","16,770.97","16,770.97",916.00,"3,498.00","12,236.97",120.00,0,383,0,943,0,0,0,0,0.0
전라남도,해남군,북일면,2025,"35,896.00","45,450.62","34,785.62",76.5,0.000,0.00,0.00,0.00,0.00,0.00,0.00,0.00,0.200,"30,965.00","30,965.00","20,300.00","20,300.00",0.00,0.100,"4,931.00","14,485.62","14,485.62","1,218.00","1,866.00","11,401.62",0.00,0,208,0,434,0,0,0,0,0.0
전라남도,해남군,옥천면,2025,"55,936.00","55,936.00",0.00,0.0,0.000,0.00,0.00,0.00,0.00,0.00,0.00,0.00,0.400,"49,653.00","49,653.00",0.00,0.00,0.00,0.200,"6,283.00","6,283.00",0.00,0.00,0.00,0.00,0.00,0,0,0,0,0,0,0,0,0.0
전라남도,해남군,계곡면,2025,"35,398.00","36,310.22","9,556.22",26.3,0.000,0.00,0.00,0.00,0.00,0.00,0.00,0.00,0.300,"28,454.00","28,454.00","1,700.00","1,700.00",0.00,0.200,"6,944.00","7,856.22","7,856.22",200.00,"2,070.00","5,586.22",0.00,0,44,0,67,0,0,0,0,0.0
전라남도,해남군,마산면,2025,"33,640.00","34,507.37","12,167.37",35.3,0.000,0.00,0.00,0.00,0.00,0.00,0.00,0.00,0.200,"25,140.00","25,140.00","2,800.00","2,800.00",0.00,0.200,"8,500.00","9,367.37","9,367.37",105.00,"1,558.00","7,704.37",0.00,0,29,0,138,0,0,0,0,0.0
전라남도,해남군,황산면,2025,"48,185.00","51,988.83","30,555.83",58.8,0.000,0.00,0.00,0.00,0.00,0.00,0.00,0.00,0.300,"32,433.00","32,433.00","11,000.00","11,000.00",0.00,0.200,"15,752.00","19,555.83","19,555.83","2,655.00","5,434.00","11,231.83",235.00,0,229,0,626,0,0,0,"25,078",82.1
전라남도,해남군,산이면,2025,"40,411.00","40,411.00","15,377.04",38.1,0.000,0.00,0.00,0.00,0.00,0.00,0.00,0.00,0.450,"27,975.00","27,975.00","4,974.00","4,974.00",0.00,0.200,"12,436.00","12,436.00","10,403.04",0.00,"2,382.00","8,007.04",14.00,0,86,0,225,0,0,0,0,0.0
전라남도,해남군,문내면,2025,"50,543.00","50,543.00","20,491.43",40.5,0.000,0.00,0.00,0.00,0.00,0.00,0.00,0.00,0.200,"31,684.00","31,684.00","6,900.00","6,900.00",0.00,0.200,"18,859.00","18,859.00","13,591.43",62.00,"2,027.00","11,207.43",295.00,0,283,0,616,0,0,0,"6,988",34.1
전라남도,해남군,화원면,2025,"39,783.00","39,783.00","29,498.07",74.1,0.000,0.00,0.00,0.00,0.00,0.00,0.00,0.00,3.500,"26,006.00","26,006.00","17,700.00","17,700.00",0.00,1.000,"13,777.00","13,777.00","11,798.07",0.00,"1,661.00","9,947.07",190.00,0,135,0,627,0,0,0,0,0.0
전라남도,영암군,소계,,"791,856.00","856,720.00","538,460.00",62.9,40.800,"201,952.00","210,693.00","88,168.00",0.00,"35,726.00","15,784.00","36,658.00",40.800,"233,257.00","289,380.00","262,441.00",0.00,"262,441.00",19.000,"356,647.00","356,647.00","187,851.00","43,281.00","118,093.00","13,714.00","12,763.00","4,695","5,130","3,755","5,672",0,72,76,"455,617",84.6
전라남도,영암군,영암읍,2025,"122,488.00","127,340.00","113,816.00",89.4,3.300,200.00,"2,648.00","2,648.00",0.00,"2,648.00",0.00,0.00,3.300,"57,065.00","59,469.00","59,469.00",0.00,"59,469.00",1.000,"65,223.00","65,223.00","51,699.00","5,532.00","27,984.00","9,539.00","8,644.00","2,353","1,189","1,034","1,314",0,17,18,"111,117",97.6
전라남도,영암군,삼호읍,2025,"314,164.00","341,718.00","245,801.00",71.9,33.500,"19,810.00","19,810.00","5,010.00",0.00,"3,662.00","1,348.00",0.00,33.500,"87,474.00","115,028.00","115,028.00",0.00,"115,028.00",16.000,"206,880.00","206,880.00","125,763.00","37,357.00","84,702.00",756.00,"2,948.00",737,"2,301","2,515",986,0,0,0,"231,914",94.4
전라남도,영암군,덕진면,2025,"16,684.00","22,330.00","19,220.00",86.1,0.000,412.00,"2,510.00","2,510.00",0.00,"2,510.00",0.00,0.00,0.000,"6,191.00","9,739.00","9,739.00",0.00,"9,739.00",0.000,"10,081.00","10,081.00","6,971.00",392.00,"3,543.00","1,865.00","1,171.00",285,195,139,280,0,6,6,"16,272",84.7
전라남도,영암군,금정면,2025,"6,033.00","13,048.00","11,460.00",87.8,0.000,"4,006.00","7,181.00","7,181.00",0.00,"2,350.00","1,881.00","2,950.00",0.000,77.00,"3,917.00","3,917.00",0.00,"3,917.00",0.000,"1,950.00","1,950.00",362.00,0.00,0.00,362.00,0.00,180,78,7,171,0,7,8,"7,884",68.8
전라남도,영암군,신북면,2025,"92,836.00","97,534.00","45,275.00",46.4,1.000,"56,155.00","56,155.00","23,936.00",0.00,"8,440.00","5,672.00","9,824.00",1.000,"15,741.00","20,439.00","20,439.00",0.00,"20,439.00",0.000,"20,940.00","20,940.00",900.00,0.00,800.00,100.00,0.00,157,409,18,994,0,11,11,"30,957",68.4
전라남도,영암군,시종면,2025,"53,960.00","53,960.00","17,642.00",32.7,0.000,"21,822.00","21,822.00","9,312.00",0.00,"2,639.00","1,306.00","5,367.00",0.000,"22,035.00","22,035.00","8,179.00",0.00,"8,179.00",1.000,"10,103.00","10,103.00",151.00,0.00,0.00,151.00,0.00,78,164,3,364,0,4,5,"9,930",56.3
전라남도,영암군,도포면,2025,"10,460.00","10,460.00","5,482.00",52.4,0.000,"10,097.00","10,097.00","5,119.00",0.00,"3,048.00","1,109.00",962.00,0.000,193.00,193.00,193.00,0.00,193.00,0.000,170.00,170.00,170.00,0.00,0.00,170.00,0.00,41,4,3,78,0,0,0,"3,812",69.5
전라남도,영암군,군서면,2025,"74,113.00","84,839.00","38,449.00",45.3,1.600,"47,354.00","47,354.00","14,718.00",0.00,"4,663.00","1,260.00","8,795.00",1.600,"12,402.00","23,128.00","23,128.00",0.00,"23,128.00",1.000,"14,357.00","14,357.00",603.00,0.00,269.00,334.00,0.00,459,412,12,296,0,17,17,"22,995",59.8
전라남도,영암군,서호면,2025,"38,297.00","38,297.00","10,114.00",26.4,0.000,"14,367.00","14,367.00","6,323.00",0.00,"2,781.00","1,407.00","2,135.00",0.000,"12,684.00","12,684.00","3,569.00",0.00,"3,569.00",0.000,"11,246.00","11,246.00",222.00,0.00,0.00,222.00,0.00,49,3,4,362,0,10,11,"5,144",50.9
전라남도,영암군,학산면,2025,"54,408.00","57,761.00","29,284.00",50.7,1.400,"27,262.00","27,262.00","9,924.00",0.00,"1,632.00","1,667.00","6,625.00",1.400,"15,212.00","18,565.00","18,565.00",0.00,"18,565.00",0.000,"11,934.00","11,934.00",795.00,0.00,795.00,0.00,0.00,352,371,16,750,0,0,0,"15,592",53.2
전라남도,영암군,미암면,2025,"8,413.00","9,433.00","1,917.00",20.3,0.000,467.00,"1,487.00","1,487.00",0.00,"1,353.00",134.00,0.00,0.000,"4,183.00","4,183.00",215.00,0.00,215.00,0.000,"3,763.00","3,763.00",215.00,0.00,0.00,215.00,0.00,4,4,4,77,0,0,0,0,0.0
전라남도,무안군,소계,,"687,549.00","884,998.00","755,503.00",85.4,5.636,"134,016.00","134,016.00","58,055.00","9,062.00","12,552.00","4,265.00","32,176.00",25.500,"251,787.00","422,364.00","407,864.00",0.00,"407,864.00",8.700,"301,746.00","328,618.00","289,584.00","18,366.00","205,161.00","27,555.00","38,502.00",625,"1,580","1,110","12,777","7,098",2,2,"43,764",5.8
전라남도,무안군,무안읍,2035,"287,742.00","364,114.00","323,202.00",88.8,3.636,"62,958.00","62,958.00","35,723.00","5,345.00","6,666.00","1,992.00","21,720.00",4.500,"101,669.00","178,041.00","178,041.00",0.00,"178,041.00",3.800,"123,115.00","123,115.00","109,438.00","8,928.00","82,762.00","8,410.00","9,338.00",305,480,250,"5,743","3,925",1,1,"24,188",7.5
전라남도,무안군,일로읍,2035,"221,838.00","299,367.00","227,859.00",76.1,2.000,"71,058.00","71,058.00","22,332.00","3,717.00","5,886.00","2,273.00","10,456.00",3.000,"56,924.00","134,453.00","134,453.00",0.00,"134,453.00",2.700,"93,856.00","93,856.00","71,074.00","6,130.00","44,865.00","8,762.00","11,317.00",320,500,300,"4,431","1,015",1,1,"10,243",4.5
전라남도,무안군,삼향읍,2035,"15,566.00","16,890.00","8,244.00",48.8,0.000,0.00,0.00,0.00,0.00,0.00,0.00,0.00,7.200,"15,566.00","15,566.00","6,920.00",0.00,"6,920.00",0.000,0.00,"1,324.00","1,324.00",180.00,117.00,200.00,827.00,0,70,50,600,350,0,0,0,0.0
전라남도,무안군,몽탄면,2035,"51,697.00","51,697.00","45,093.00",87.2,0.000,0.00,0.00,0.00,0.00,0.00,0.00,0.00,3.500,"28,126.00","28,126.00","22,561.00",0.00,"22,561.00",0.000,"23,571.00","23,571.00","22,532.00",735.00,"17,617.00","1,930.00","2,250.00",0,45,55,511,570,0,0,0,0.0
전라남도,무안군,청계면,2035,"22,666.00","43,508.00","43,508.00",100.0,0.000,0.00,0.00,0.00,0.00,0.00,0.00,0.00,1.900,"12,524.00","20,572.00","20,572.00",0.00,"20,572.00",1.300,"10,142.00","22,936.00","22,936.00",993.00,"17,036.00","1,747.00","3,160.00",0,170,150,502,420,0,0,"7,713",17.7
전라남도,무안군,현경면,2035,"14,978.00","14,978.00","14,415.00",96.2,0.000,0.00,0.00,0.00,0.00,0.00,0.00,0.00,1.000,"10,783.00","10,783.00","10,507.00",0.00,"10,507.00",0.000,"4,195.00","4,195.00","3,908.00",200.00,"2,078.00",840.00,790.00,0,30,35,100,120,0,0,0,0.0
전라남도,무안군,망운면,2035,"21,459.00","21,459.00","20,625.00",96.1,0.000,0.00,0.00,0.00,0.00,0.00,0.00,0.00,1.200,"5,349.00","5,349.00","5,336.00",0.00,"5,336.00",0.000,"16,110.00","16,110.00","15,289.00",250.00,"10,605.00","1,304.00","3,130.00",0,45,55,60,85,0,0,0,0.0
전라남도,무안군,해제면,2035,"28,231.00","48,986.00","48,986.00",100.0,0.000,0.00,0.00,0.00,0.00,0.00,0.00,0.00,2.300,"14,998.00","22,999.00","22,999.00",0.00,"22,999.00",0.900,"13,233.00","25,987.00","25,987.00",300.00,"18,093.00","2,504.00","5,090.00",0,95,85,533,353,0,0,"1,620",3.3
전라남도,무안군,운남면,2035,"23,372.00","23,999.00","23,571.00",98.2,0.000,0.00,0.00,0.00,0.00,0.00,0.00,0.00,0.900,"5,848.00","6,475.00","6,475.00",0.00,"6,475.00",0.000,"17,524.00","17,524.00","17,096.00",650.00,"11,988.00","1,858.00","2,600.00",0,145,130,297,260,0,0,0,0.0
전라남도,함평군,소계,,"475,470.00","613,109.00","559,594.00",91.3,0.000,"25,812.00","26,933.00","18,686.00","6,983.00","1,557.00","6,259.00","3,887.00",7.530,"328,064.00","460,393.00","456,704.00","449,788.00","6,916.00",2.500,"121,594.00","125,783.00","84,204.00","61,155.00","5,499.00","6,474.00","11,076.00",241,"3,029","3,266","3,267","3,568",10,5,"531,898",95.1
전라남도,함평군,함평읍,2025,"143,540.00","171,420.00","166,736.00",97.3,0.000,"17,225.00","17,225.00","12,541.00","5,310.00",827.00,"3,710.00","2,694.00",2.760,"88,420.00","113,519.00","113,519.00","113,199.00",320.00,0.300,"37,895.00","40,676.00","40,676.00","34,208.00","2,230.00","1,398.00","2,840.00",171,721,758,579,626,3,5,"156,094",93.6
전라남도,함평군,손불면,2025,"25,415.00","74,537.00","74,537.00",100.0,0.000,0.00,121.00,121.00,0.00,8.00,51.00,62.00,0.200,"23,794.00","72,484.00","72,484.00","72,484.00",0.00,0.100,"1,621.00","1,932.00","1,932.00","1,932.00",0.00,0.00,0.00,0,157,180,200,231,0,0,"74,424",99.8
전라남도,함평군,신광면,2025,"10,984.00","16,192.00","16,192.00",100.0,0.000,0.00,229.00,229.00,31.00,0.00,198.00,0.00,0.500,"9,934.00","14,823.00","14,823.00","14,531.00",292.00,0.300,"1,050.00","1,140.00","1,140.00",978.00,45.00,71.00,46.00,0,155,171,110,121,0,0,"15,877",98.1
전라남도,함평군,학교면,2025,"93,579.00","102,361.00","90,804.00",88.7,0.000,"8,587.00","8,587.00","5,024.00","1,231.00",722.00,"2,017.00","1,054.00",1.060,"60,131.00","68,913.00","68,913.00","62,883.00","6,030.00",0.500,"24,861.00","24,861.00","16,867.00","12,545.00",844.00,"1,662.00","1,816.00",70,411,440,462,517,6,0,"84,255",92.8
전라남도,함평군,엄다면,2025,"23,141.00","43,084.00","39,909.00",92.6,0.000,0.00,235.00,235.00,196.00,0.00,39.00,0.00,0.600,"14,592.00","34,300.00","34,300.00","34,300.00",0.00,0.100,"8,549.00","8,549.00","5,374.00","4,006.00",0.00,461.00,907.00,0,253,285,250,280,1,0,"38,502",96.5
전라남도,함평군,대동면,2025,"31,865.00","32,872.00","32,157.00",97.8,0.000,0.00,0.00,0.00,0.00,0.00,0.00,0.00,0.400,"28,331.00","28,331.00","27,616.00","27,342.00",274.00,0.200,"3,534.00","4,541.00","4,541.00","3,625.00",106.00,560.00,250.00,0,271,286,372,392,0,0,"31,347",97.5
전라남도,함평군,나산면,2025,"45,030.00","45,334.00","37,091.00",81.8,0.000,0.00,0.00,0.00,0.00,0.00,0.00,0.00,0.850,"31,521.00","31,825.00","31,825.00","31,825.00",0.00,0.300,"13,509.00","13,509.00","5,266.00","1,761.00","1,196.00",732.00,"1,577.00",0,627,650,521,570,0,0,"34,782",93.8
전라남도,함평군,해보면,2025,"64,499.00","64,729.00","47,025.00",72.6,0.000,0.00,230.00,230.00,153.00,0.00,0.00,77.00,0.660,"45,149.00","45,149.00","42,175.00","42,175.00",0.00,0.400,"19,350.00","19,350.00","4,620.00","1,451.00",539.00,810.00,"1,820.00",0,300,342,512,533,0,0,"44,318",94.2
전라남도,함평군,월야면,2025,"37,417.00","62,580.00","55,143.00",88.1,0.000,0.00,306.00,306.00,62.00,0.00,244.00,0.00,0.500,"26,192.00","51,049.00","51,049.00","51,049.00",0.00,0.300,"11,225.00","11,225.00","3,788.00",649.00,539.00,780.00,"1,820.00",0,134,154,261,298,0,0,"52,299",94.8
전라남도,영광군,소계,,"477,478.30","519,717.30","313,981.90",60.4,4.500,"102,976.00","102,976.00","11,921.60","8,966.30",688.10,"1,529.20",738.00,11.200,"281,402.40","322,081.40","208,408.20",0.00,"208,408.20",11.200,"93,099.90","94,659.90","93,652.10",9.20,"70,383.00",750.20,"22,509.70","2,353","4,064",0,"20,209",0,2,0,"313,075",99.7
전라남도,영광군,영광읍,2030,"239,168.90","239,218.90","108,909.70",45.5,4.500,"80,636.00","80,636.00","5,419.80","5,419.80",0.00,0.00,0.00,0.100,"113,538.30","113,538.30","58,445.30",0.00,"58,445.30",0.100,"44,994.60","45,044.60","45,044.60",0.00,"41,928.10",80.60,"3,035.90","2,353",0,0,"9,115",0,2,0,"108,909",100.0
전라남도,영광군,백수읍,2030,"24,785.80","43,950.80","42,950.80",97.7,0.000,0.00,0.00,0.00,0.00,0.00,0.00,0.00,3.200,"22,015.00","41,180.00","41,180.00",0.00,"41,180.00",3.200,"2,770.80","2,770.80","1,770.80",0.00,"1,770.80",0.00,0.00,0,"1,082",0,"1,648",0,0,0,"42,950",100.0
전라남도,영광군,홍농읍,2030,"71,858.30","71,858.30","40,701.00",56.6,0.000,"8,630.00","8,630.00","2,014.70","2,014.70",0.00,0.00,0.00,1.200,"46,134.00","46,134.00","21,592.00",0.00,"21,592.00",1.200,"17,094.30","17,094.30","17,094.30",0.00,"8,127.10",0.00,"8,967.20",0,664,0,"2,366",0,0,0,"40,701",100.0
전라남도,영광군,대마면,2030,"8,555.20","8,555.20","2,011.60",23.5,0.000,0.00,0.00,0.00,0.00,0.00,0.00,0.00,0.100,"7,460.00","7,460.00",916.40,0.00,916.40,0.100,"1,095.20","1,095.20","1,095.20",0.00,347.80,139.90,607.50,0,38,0,81,0,0,0,"2,011",100.0
전라남도,영광군,묘량면,2030,"10,465.90","10,465.90","1,771.40",16.9,0.000,0.00,0.00,0.00,0.00,0.00,0.00,0.00,0.100,"9,754.00","9,754.00","1,059.50",0.00,"1,059.50",0.100,711.90,711.90,711.90,0.00,0.00,0.00,711.90,0,40,0,80,0,0,0,"1,771",100.0
전라남도,영광군,불갑면,2030,"6,530.10","6,530.10","2,971.50",45.5,0.000,0.00,0.00,0.00,0.00,0.00,0.00,0.00,0.200,"6,014.00","6,014.00","2,455.40",0.00,"2,455.40",0.200,516.10,516.10,516.10,0.00,516.10,0.00,0.00,0,79,0,125,0,0,0,"2,971",100.0
전라남도,영광군,군서면,2030,"14,247.00","14,247.00","6,928.20",48.6,0.000,"1,161.00","1,161.00","1,160.70",0.00,536.30,624.40,0.00,0.300,"13,086.00","13,086.00","5,767.50",0.00,"5,767.50",0.300,0.00,0.00,0.00,0.00,0.00,0.00,0.00,0,173,0,217,0,0,0,"6,928",100.0
전라남도,영광군,군남면,2030,"13,776.90","15,286.90","13,068.90",85.5,0.000,0.00,0.00,0.00,0.00,0.00,0.00,0.00,0.700,"12,758.00","12,758.00","10,540.00",0.00,"10,540.00",0.700,"1,018.90","2,528.90","2,528.90",0.00,"2,396.00",132.90,0.00,0,118,0,264,0,0,0,"13,068",100.0
전라남도,영광군,염산면,2030,"16,399.10","37,913.10","37,912.90",100.0,0.000,273.00,273.00,272.80,0.00,5.40,267.40,0.00,2.600,"12,723.00","34,237.00","34,237.00",0.00,"34,237.00",2.600,"3,403.10","3,403.10","3,403.10",9.20,"2,997.10",396.80,0.00,0,808,0,"1,625",0,0,0,"37,011",97.6
전라남도,영광군,법성면,2030,"63,154.10","63,154.10","48,219.00",76.4,0.000,"11,548.00","11,548.00","2,325.70","1,441.30",146.40,0.00,738.00,2.200,"30,111.10","30,111.10","24,406.10",0.00,"24,406.10",2.200,"21,495.00","21,495.00","21,487.20",0.00,"12,300.00",0.00,"9,187.20",0,901,0,"4,300",0,0,0,"48,219",100.0
전라남도,영광군,낙월면,2030,"8,537.00","8,537.00","8,536.90",100.0,0.000,728.00,728.00,727.90,90.50,0.00,637.40,0.00,0.500,"7,809.00","7,809.00","7,809.00",0.00,"7,809.00",0.500,0.00,0.00,0.00,0.00,0.00,0.00,0.00,0,161,0,388,0,0,0,"8,536",100.0
전라남도,장성군,소계,,"287,452.00","496,472.00","436,499.00",87.9,0.000,0.00,"31,048.00","31,048.00","1,001.00","20,131.00",0.00,"9,916.00",21.240,"287,452.00","287,452.00","227,479.00",0.00,"227,479.00",0.000,0.00,"177,972.00","177,972.00","15,971.00","74,424.00","2,725.00","84,852.00",833,"5,092","3,885","9,714","23,240",6,89,"176,606",40.5
전라남도,장성군,장성읍,2030,"82,439.00","190,728.00","187,248.00",98.2,0.000,0.00,"18,599.00","18,599.00",642.00,"14,789.00",0.00,"3,168.00",6.010,"82,439.00","82,439.00","78,959.00",0.00,"78,959.00",0.000,0.00,"89,690.00","89,690.00","8,623.00","45,182.00","1,556.00","34,329.00",410,"1,785","1,928","3,897","11,427",6,42,"123,889",66.2
전라남도,장성군,진원면,2030,"15,820.00","20,421.00","11,503.00",56.3,0.000,0.00,0.00,0.00,0.00,0.00,0.00,0.00,0.830,"15,820.00","15,820.00","6,902.00",0.00,"6,902.00",0.000,0.00,"4,601.00","4,601.00",342.00,826.00,0.00,"3,433.00",0,157,102,276,780,0,0,0,0.0
전라남도,장성군,남면,2030,"23,163.00","28,426.00","10,625.00",37.4,0.000,0.00,514.00,514.00,134.00,123.00,0.00,257.00,1.450,"23,163.00","23,163.00","5,362.00",0.00,"5,362.00",0.000,0.00,"4,749.00","4,749.00",558.00,"2,193.00",0.00,"1,998.00",124,119,106,304,846,0,0,0,0.0
전라남도,장성군,동화면,2030,"9,482.00","13,580.00","9,607.00",70.7,0.000,0.00,0.00,0.00,0.00,0.00,0.00,0.00,0.770,"9,482.00","9,482.00","5,509.00",0.00,"5,509.00",0.000,0.00,"4,098.00","4,098.00",72.00,"2,274.00",0.00,"1,752.00",0,122,91,312,"1,009",0,0,0,0.0
전라남도,장성군,삼서면,2030,"7,691.00","9,848.00","3,810.00",38.7,0.000,0.00,0.00,0.00,0.00,0.00,0.00,0.00,0.590,"7,691.00","7,691.00","1,653.00",0.00,"1,653.00",0.000,0.00,"2,157.00","2,157.00",0.00,680.00,0.00,"1,477.00",0,37,48,152,315,0,0,0,0.0
전라남도,장성군,삼계면,2030,"34,398.00","52,384.00","48,941.00",93.4,0.000,0.00,166.00,166.00,0.00,23.00,0.00,143.00,2.630,"34,398.00","34,398.00","30,955.00",0.00,"30,955.00",0.000,0.00,"17,820.00","17,820.00","1,981.00","7,336.00",0.00,"8,503.00",38,683,396,"1,275","1,827",0,16,0,0.0
전라남도,장성군,황룡면,2030,"42,221.00","85,578.00","85,578.00",100.0,0.000,0.00,"6,453.00","6,453.00",0.00,"5,099.00",0.00,"1,354.00",3.200,"42,221.00","42,221.00","42,221.00",0.00,"42,221.00",0.000,0.00,"36,904.00","36,904.00","2,415.00","10,496.00",330.00,"23,663.00",143,930,820,"1,295","3,885",0,22,"52,717",61.6
전라남도,장성군,서삼면,2030,"24,791.00","31,804.00","20,911.00",65.7,0.000,0.00,"5,316.00","5,316.00",225.00,97.00,0.00,"4,994.00",2.260,"24,791.00","24,791.00","13,898.00",0.00,"13,898.00",0.000,0.00,"1,697.00","1,697.00",363.00,595.00,0.00,739.00,118,341,38,489,"1,137",0,9,0,0.0
전라남도,장성군,북일면,2030,"8,668.00","10,219.00","8,934.00",87.4,0.000,0.00,0.00,0.00,0.00,0.00,0.00,0.00,0.380,"8,668.00","8,668.00","7,383.00",0.00,"7,383.00",0.000,0.00,"1,551.00","1,551.00","1,214.00",63.00,0.00,274.00,0,156,30,193,193,0,0,0,0.0
전라남도,장성군,북이면,2030,"22,991.00","31,227.00","31,227.00",100.0,0.000,0.00,0.00,0.00,0.00,0.00,0.00,0.00,1.650,"22,991.00","22,991.00","22,991.00",0.00,"22,991.00",0.000,0.00,"8,236.00","8,236.00",14.00,"3,579.00",228.00,"4,415.00",0,510,183,740,681,0,0,0,0.0
전라남도,장성군,북하면,2030,"15,788.00","22,257.00","18,115.00",81.4,0.000,0.00,0.00,0.00,0.00,0.00,0.00,0.00,1.470,"15,788.00","15,788.00","11,646.00",0.00,"11,646.00",0.000,0.00,"6,469.00","6,469.00",389.00,"1,200.00",611.00,"4,269.00",0,252,143,781,"1,140",0,0,0,0.0
전라남도,완도군,소계,,"296,779.00","393,185.40","315,042.00",80.1,0.000,0.00,0.00,0.00,0.00,0.00,0.00,0.00,7.840,"293,325.00","389,283.40","311,140.00",0.00,"311,140.00",3.890,"3,454.00","3,902.00","3,902.00","3,454.00",448.00,0.00,0.00,0,270,3,"10,908",0,0,0,0,0.0
전라남도,완도군,완도읍,2030,"85,776.00","147,097.20","147,097.20",100.0,0.000,0.00,0.00,0.00,0.00,0.00,0.00,0.00,1.010,"85,546.00","146,867.20","146,867.20",0.00,"146,867.20",0.700,230.00,230.00,230.00,230.00,0.00,0.00,0.00,0,0,0,"3,911",0,0,0,0,0.0
전라남도,완도군,금일읍,2030,"19,794.00","34,719.00","34,719.00",100.0,0.000,0.00,0.00,0.00,0.00,0.00,0.00,0.00,1.280,"18,434.00","33,359.00","33,359.00",0.00,"33,359.00",0.700,"1,360.00","1,360.00","1,360.00","1,360.00",0.00,0.00,0.00,0,0,0,"2,005",0,0,0,0,0.0
전라남도,완도군,노화읍,2030,"31,875.00","32,996.60","32,996.60",100.0,0.000,0.00,0.00,0.00,0.00,0.00,0.00,0.00,1.920,"30,597.00","31,718.60","31,718.60",0.00,"31,718.60",0.900,"1,278.00","1,278.00","1,278.00","1,278.00",0.00,0.00,0.00,0,0,0,"1,270",0,0,0,0,0.0
전라남도,완도군,군외면,2030,"16,644.00","22,476.60","22,476.60",100.0,0.000,0.00,0.00,0.00,0.00,0.00,0.00,0.00,0.570,"16,333.00","22,165.60","22,165.60",0.00,"22,165.60",0.500,311.00,311.00,311.00,311.00,0.00,0.00,0.00,0,0,0,526,0,0,0,0,0.0
전라남도,완도군,신지면,2030,"78,944.00","78,944.00","27,768.30",35.2,0.000,0.00,0.00,0.00,0.00,0.00,0.00,0.00,1.030,"78,944.00","78,944.00","27,768.30",0.00,"27,768.30",0.400,0.00,0.00,0.00,0.00,0.00,0.00,0.00,0,0,0,"1,380",0,0,0,0,0.0
전라남도,완도군,고금면,2035,"23,089.00","23,537.00","11,401.10",48.4,0.000,0.00,0.00,0.00,0.00,0.00,0.00,0.00,0.700,"23,089.00","23,089.00","10,953.10",0.00,"10,953.10",0.000,0.00,448.00,448.00,0.00,448.00,0.00,0.00,0,225,3,404,0,0,0,0,0.0
전라남도,완도군,약산면,2030,"3,775.00","8,405.20","8,405.20",100.0,0.000,0.00,0.00,0.00,0.00,0.00,0.00,0.00,0.420,"3,500.00","8,130.20","8,130.20",0.00,"8,130.20",0.400,275.00,275.00,275.00,275.00,0.00,0.00,0.00,0,0,0,363,0,0,0,0,0.0
전라남도,완도군,청산면,2030,0.00,0.00,0.00,0.0,0.000,0.00,0.00,0.00,0.00,0.00,0.00,0.00,0.000,0.00,0.00,0.00,0.00,0.00,0.000,0.00,0.00,0.00,0.00,0.00,0.00,0.00,0,0,0,0,0,0,0,0,0.0
전라남도,완도군,소안면,2030,"3,724.00","4,998.30","4,998.30",100.0,0.000,0.00,0.00,0.00,0.00,0.00,0.00,0.00,0.220,"3,724.00","4,998.30","4,998.30",0.00,"4,998.30",0.050,0.00,0.00,0.00,0.00,0.00,0.00,0.00,0,0,0,245,0,0,0,0,0.0
전라남도,완도군,금당면,2030,"2,318.00","4,895.90","4,895.90",100.0,0.000,0.00,0.00,0.00,0.00,0.00,0.00,0.00,0.120,"2,318.00","4,895.90","4,895.90",0.00,"4,895.90",0.010,0.00,0.00,0.00,0.00,0.00,0.00,0.00,0,0,0,210,0,0,0,0,0.0
전라남도,완도군,보길면,2030,"23,603.00","23,603.00","8,771.20",37.2,0.000,0.00,0.00,0.00,0.00,0.00,0.00,0.00,0.500,"23,603.00","23,603.00","8,771.20",0.00,"8,771.20",0.210,0.00,0.00,0.00,0.00,0.00,0.00,0.00,0,45,0,547,0,0,0,0,0.0
전라남도,완도군,생일면,2030,"7,237.00","11,512.60","11,512.60",100.0,0.000,0.00,0.00,0.00,0.00,0.00,0.00,0.00,0.070,"7,237.00","11,512.60","11,512.60",0.00,"11,512.60",0.020,0.00,0.00,0.00,0.00,0.00,0.00,0.00,0,0,0,47,0,0,0,0,0.0
전라남도,진도군,소계,,"1,105,265.00","1,123,987.50","290,867.00",25.9,0.000,0.00,0.00,0.00,0.00,0.00,0.00,0.00,80.820,"210,992.00","229,714.50","176,689.70",0.00,"176,689.70",79.860,"894,273.00","894,273.00","114,177.30","8,011.10","52,780.90",0.00,"53,385.30",0,"5,816","5,600","10,117",0,0,0,"195,331",67.2
전라남도,진도군,진도읍,2019,"108,115.00","126,527.00","91,269.50",72.1,0.000,0.00,0.00,0.00,0.00,0.00,0.00,0.00,18.520,"44,789.00","63,201.00","63,201.00",0.00,"63,201.00",18.500,"63,326.00","63,326.00","28,068.50","1,691.50","16,948.00",0.00,"9,429.00",0,"1,825","2,075","4,005",0,0,0,"53,768",58.9
전라남도,진도군,군내면,2019,"185,126.00","185,436.50","28,962.70",15.6,0.000,0.00,0.00,0.00,0.00,0.00,0.00,0.00,14.960,"17,742.00","18,052.50","18,052.50",0.00,"18,052.50",14.800,"167,384.00","167,384.00","10,910.20",475.10,"2,400.00",0.00,"8,035.10",0,579,487,944,0,0,0,"22,889",79.0
전라남도,진도군,고군면,2019,"103,270.00","103,270.00","32,760.70",31.7,0.000,0.00,0.00,0.00,0.00,0.00,0.00,0.00,12.500,"27,780.00","27,780.00","19,766.00",0.00,"19,766.00",12.500,"75,490.00","75,490.00","12,994.70",592.00,"4,299.80",0.00,"8,102.90",0,655,588,"1,113",0,0,0,"32,760",100.0
전라남도,진도군,의신면,2019,"244,150.00","244,150.00","58,762.50",24.1,0.000,0.00,0.00,0.00,0.00,0.00,0.00,0.00,15.920,"33,996.00","33,996.00","27,158.10",0.00,"27,158.10",15.800,"210,154.00","210,154.00","31,604.40","1,986.50","14,631.80",0.00,"14,986.10",0,"1,175","1,001","1,493",0,0,0,"41,340",70.4
전라남도,진도군,임회면,2019,"194,492.00","194,492.00","42,432.40",21.8,0.000,0.00,0.00,0.00,0.00,0.00,0.00,0.00,9.960,"58,877.00","58,877.00","33,409.80",0.00,"33,409.80",9.430,"135,615.00","135,615.00","9,022.60",423.90,"3,600.40",0.00,"4,998.30",0,849,834,"1,291",0,0,0,"19,951",47.0
전라남도,진도군,지산면,2019,"146,049.00","146,049.00","27,612.00",18.9,0.000,0.00,0.00,0.00,0.00,0.00,0.00,0.00,6.660,"21,068.00","21,068.00","10,227.30",0.00,"10,227.30",6.530,"124,981.00","124,981.00","17,384.70",896.00,"10,394.80",0.00,"6,093.90",0,552,496,822,0,0,0,"15,556",56.3
전라남도,진도군,조도면,2019,"124,063.00","124,063.00","9,067.20",7.3,0.000,0.00,0.00,0.00,0.00,0.00,0.00,0.00,2.300,"6,740.00","6,740.00","4,875.00",0.00,"4,875.00",2.300,"117,323.00","117,323.00","4,192.20","1,946.10",506.10,0.00,"1,740.00",0,181,119,449,0,0,0,"9,067",100.0
전라남도,신안군,소계,,"159,800.00","159,800.00","159,800.00",100.0,0.000,0.00,0.00,0.00,0.00,0.00,0.00,0.00,4.200,"159,800.00","159,800.00","159,800.00",0.00,"159,800.00",0.000,0.00,0.00,0.00,0.00,0.00,0.00,0.00,0,"3,308",0,"6,519",0,0,0,"159,800",100.0
전라남도,신안군,지도읍,2020,"10,300.00","10,300.00","10,300.00",100.0,0.000,0.00,0.00,0.00,0.00,0.00,0.00,0.00,0.300,"10,300.00","10,300.00","10,300.00",0.00,"10,300.00",0.000,0.00,0.00,0.00,0.00,0.00,0.00,0.00,0,165,0,508,0,0,0,"10,300",100.0
전라남도,신안군,압해읍,2020,"28,900.00","28,900.00","28,900.00",100.0,0.000,0.00,0.00,0.00,0.00,0.00,0.00,0.00,0.300,"28,900.00","28,900.00","28,900.00",0.00,"28,900.00",0.000,0.00,0.00,0.00,0.00,0.00,0.00,0.00,0,"1,090",0,"1,164",0,0,0,"28,900",100.0
전라남도,신안군,증도면,2020,"6,000.00","6,000.00","6,000.00",100.0,0.000,0.00,0.00,0.00,0.00,0.00,0.00,0.00,0.300,"6,000.00","6,000.00","6,000.00",0.00,"6,000.00",0.000,0.00,0.00,0.00,0.00,0.00,0.00,0.00,0,146,0,306,0,0,0,"6,000",100.0
전라남도,신안군,임자면,2020,"27,100.00","27,100.00","27,100.00",100.0,0.000,0.00,0.00,0.00,0.00,0.00,0.00,0.00,0.300,"27,100.00","27,100.00","27,100.00",0.00,"27,100.00",0.000,0.00,0.00,0.00,0.00,0.00,0.00,0.00,0,537,0,898,0,0,0,"27,100",100.0
전라남도,신안군,자은면,2020,"9,000.00","9,000.00","9,000.00",100.0,0.000,0.00,0.00,0.00,0.00,0.00,0.00,0.00,0.300,"9,000.00","9,000.00","9,000.00",0.00,"9,000.00",0.000,0.00,0.00,0.00,0.00,0.00,0.00,0.00,0,212,0,249,0,0,0,"9,000",100.0
전라남도,신안군,비금면,2020,"12,500.00","12,500.00","12,500.00",100.0,0.000,0.00,0.00,0.00,0.00,0.00,0.00,0.00,0.300,"12,500.00","12,500.00","12,500.00",0.00,"12,500.00",0.000,0.00,0.00,0.00,0.00,0.00,0.00,0.00,0,300,0,335,0,0,0,"12,500",100.0
전라남도,신안군,도초면,2020,"7,300.00","7,300.00","7,300.00",100.0,0.000,0.00,0.00,0.00,0.00,0.00,0.00,0.00,0.300,"7,300.00","7,300.00","7,300.00",0.00,"7,300.00",0.000,0.00,0.00,0.00,0.00,0.00,0.00,0.00,0,133,0,349,0,0,0,"7,300",100.0
전라남도,신안군,흑산면,2020,"25,900.00","25,900.00","25,900.00",100.0,0.000,0.00,0.00,0.00,0.00,0.00,0.00,0.00,0.300,"25,900.00","25,900.00","25,900.00",0.00,"25,900.00",0.000,0.00,0.00,0.00,0.00,0.00,0.00,0.00,0,185,0,"1,219",0,0,0,"25,900",100.0
전라남도,신안군,하의면,2020,"10,000.00","10,000.00","10,000.00",100.0,0.000,0.00,0.00,0.00,0.00,0.00,0.00,0.00,0.300,"10,000.00","10,000.00","10,000.00",0.00,"10,000.00",0.000,0.00,0.00,0.00,0.00,0.00,0.00,0.00,0,117,0,364,0,0,0,"10,000",100.0
전라남도,신안군,신의면,2020,"3,600.00","3,600.00","3,600.00",100.0,0.000,0.00,0.00,0.00,0.00,0.00,0.00,0.00,0.300,"3,600.00","3,600.00","3,600.00",0.00,"3,600.00",0.000,0.00,0.00,0.00,0.00,0.00,0.00,0.00,0,40,0,140,0,0,0,"3,600",100.0
전라남도,신안군,장산면,2020,"5,500.00","5,500.00","5,500.00",100.0,0.000,0.00,0.00,0.00,0.00,0.00,0.00,0.00,0.300,"5,500.00","5,500.00","5,500.00",0.00,"5,500.00",0.000,0.00,0.00,0.00,0.00,0.00,0.00,0.00,0,106,0,200,0,0,0,"5,500",100.0
전라남도,신안군,안좌면,2020,"3,100.00","3,100.00","3,100.00",100.0,0.000,0.00,0.00,0.00,0.00,0.00,0.00,0.00,0.300,"3,100.00","3,100.00","3,100.00",0.00,"3,100.00",0.000,0.00,0.00,0.00,0.00,0.00,0.00,0.00,0,101,0,315,0,0,0,"3,100",100.0
전라남도,신안군,팔금면,2020,"4,700.00","4,700.00","4,700.00",100.0,0.000,0.00,0.00,0.00,0.00,0.00,0.00,0.00,0.300,"4,700.00","4,700.00","4,700.00",0.00,"4,700.00",0.000,0.00,0.00,0.00,0.00,0.00,0.00,0.00,0,120,0,280,0,0,0,"4,700",100.0
전라남도,신안군,암태면,2020,"5,900.00","5,900.00","5,900.00",100.0,0.000,0.00,0.00,0.00,0.00,0.00,0.00,0.00,0.300,"5,900.00","5,900.00","5,900.00",0.00,"5,900.00",0.000,0.00,0.00,0.00,0.00,0.00,0.00,0.00,0,56,0,192,0,0,0,"5,900",100.0
경상북도,,합계,,"15,683,648.60","16,844,998.29","13,389,367.02",79.5,648.390,"2,930,263.90","3,103,857.90","2,327,384.00","407,701.00","932,560.00","272,792.00","714,331.00",984.663,"8,084,790.60","8,564,709.40","6,814,526.68","447,970.10","6,366,556.58","1,317.815","4,668,594.10","5,136,761.99","4,247,456.34","705,411.57","2,084,833.43","550,690.23","906,521.11","60,202","141,661","55,198","435,487","65,002",576,"20,491","10,896,639",81.4
경상북도,시부,합계,,"12,196,818.10","12,740,373.40","10,324,846.90",81.0,617.040,"2,604,394.90","2,677,890.90","1,930,677.00","309,670.00","809,646.00","228,930.00","582,431.00",845.472,"6,003,786.10","6,226,100.80","5,156,200.20","446,718.10","4,709,482.10","1,223.020","3,588,637.10","3,796,712.70","3,237,969.70","411,270.10","1,735,460.50","358,925.10","732,314.00","40,935","102,711","34,475","352,258","36,935",538,"1,653","8,765,675",84.9
경상북도,포항시,소계,,"1,873,220.00","1,876,236.00","1,600,415.00",85.3,132.380,"969,069.00","969,069.00","832,774.00","193,169.00","373,546.00","29,329.00","236,730.00",397.695,"700,550.00","700,566.00","590,275.00",0.00,"590,275.00",48.800,"203,601.00","206,601.00","177,366.00","17,378.00","136,469.00","5,464.00","18,055.00","17,945",0,0,"30,091",0,262,275,"971,272",60.7
경상북도,포항시,구룡포읍,2020,"100,411.00","100,427.00","86,446.00",86.1,14.310,"24,402.00","24,402.00","24,036.00","1,068.00","9,430.00","1,721.00","11,817.00",15.050,"60,028.00","60,044.00","60,044.00",0.00,"60,044.00",10.200,"15,981.00","15,981.00","2,366.00",0.00,"2,366.00",0.00,0.00,981,0,0,"1,730",0,14,16,"48,461",56.1
경상북도,포항시,연일읍,2020,"72,364.00","72,364.00","48,379.00",66.9,14.270,"48,198.00","48,198.00","38,358.00","2,130.00","3,176.00","5,486.00","27,566.00",12.023,"11,947.00","11,947.00","5,900.00",0.00,"5,900.00",4.800,"12,219.00","12,219.00","4,121.00",82.00,"4,039.00",0.00,0.00,930,0,0,948,0,8,12,"48,126",99.5
경상북도,포항시,오천읍,2020,"40,158.00","40,158.00","26,804.00",66.7,20.970,"31,304.00","31,304.00","26,804.00","5,824.00","3,522.00","2,553.00","14,905.00",23.520,"8,854.00","8,854.00",0.00,0.00,0.00,0.000,0.00,0.00,0.00,0.00,0.00,0.00,0.00,460,0,0,818,0,8,7,"26,054",97.2
경상북도,포항시,대송면,2020,"106,439.00","106,439.00","104,610.00",98.3,5.680,"55,600.00","55,600.00","53,967.00","5,461.00","14,607.00","6,659.00","27,240.00",32.600,"32,839.00","32,839.00","32,839.00",0.00,"32,839.00",1.800,"18,000.00","18,000.00","17,804.00","1,780.00","2,671.00","4,273.00","9,080.00",12,0,0,0,0,0,0,0,0.0
경상북도,포항시,동해면,2020,"44,411.00","44,411.00","35,636.00",80.2,4.010,"20,572.00","20,572.00","19,274.00","4,989.00","4,703.00","1,987.00","7,595.00",14.533,"16,139.00","16,139.00","11,398.00",0.00,"11,398.00",0.900,"7,700.00","7,700.00","4,964.00",496.00,745.00,"1,191.00","2,532.00",0,0,0,0,0,0,0,0,0.0
경상북도,포항시,장기면,2020,"44,623.00","44,623.00",502.00,1.1,0.000,"1,350.00","1,350.00",502.00,0.00,302.00,200.00,0.00,33.413,"43,273.00","43,273.00",0.00,0.00,0.00,0.000,0.00,0.00,0.00,0.00,0.00,0.00,0.00,0,0,0,0,0,0,0,0,0.0
경상북도,포항시,호미곶면,2020,"21,255.00","21,255.00","18,077.00",85.0,0.000,"2,610.00","2,610.00","2,610.00","2,460.00",150.00,0.00,0.00,6.813,"18,645.00","18,645.00","15,467.00",0.00,"15,467.00",0.000,0.00,0.00,0.00,0.00,0.00,0.00,0.00,0,0,0,0,0,0,0,0,0.0
경상북도,포항시,상대동,2020,"1,133,448.00","1,136,448.00","1,033,519.00",90.9,51.090,"670,269.00","670,269.00","567,340.00","154,913.00","299,387.00","1,996.00","111,044.00",25.210,"343,134.00","343,134.00","343,134.00",0.00,"343,134.00",8.900,"120,045.00","123,045.00","123,045.00","14,519.00","102,083.00",0.00,"6,443.00","12,966",0,0,"22,213",0,220,227,"753,488",72.9
경상북도,포항시,해도동,,0.00,0.00,0.00,0.0,0.000,0.00,0.00,0.00,0.00,0.00,0.00,0.00,0.000,0.00,0.00,0.00,0.00,0.00,0.000,0.00,0.00,0.00,0.00,0.00,0.00,0.00,0,0,0,0,0,0,0,0,0.0
경상북도,포항시,송도동,,0.00,0.00,0.00,0.0,0.000,0.00,0.00,0.00,0.00,0.00,0.00,0.00,0.000,0.00,0.00,0.00,0.00,0.00,0.000,0.00,0.00,0.00,0.00,0.00,0.00,0.00,0,0,0,0,0,0,0,0,0.0
경상북도,포항시,청림동,,0.00,0.00,0.00,0.0,0.000,0.00,0.00,0.00,0.00,0.00,0.00,0.00,0.000,0.00,0.00,0.00,0.00,0.00,0.000,0.00,0.00,0.00,0.00,0.00,0.00,0.00,0,0,0,0,0,0,0,0,0.0
경상북도,포항시,제철동,,0.00,0.00,0.00,0.0,0.000,0.00,0.00,0.00,0.00,0.00,0.00,0.00,0.000,0.00,0.00,0.00,0.00,0.00,0.000,0.00,0.00,0.00,0.00,0.00,0.00,0.00,0,0,0,0,0,0,0,0,0.0
경상북도,포항시,효곡동,,0.00,0.00,0.00,0.0,0.000,0.00,0.00,0.00,0.00,0.00,0.00,0.00,0.000,0.00,0.00,0.00,0.00,0.00,0.000,0.00,0.00,0.00,0.00,0.00,0.00,0.00,0,0,0,0,0,0,0,0,0.0
경상북도,포항시,대이동,,0.00,0.00,0.00,0.0,0.000,0.00,0.00,0.00,0.00,0.00,0.00,0.00,0.000,0.00,0.00,0.00,0.00,0.00,0.000,0.00,0.00,0.00,0.00,0.00,0.00,0.00,0,0,0,0,0,0,0,0,0.0
경상북도,포항시,흥해읍,2020,"159,306.00","159,306.00","154,584.00",97.0,17.120,"57,937.00","57,937.00","56,197.00","3,929.00","28,039.00","4,715.00","19,514.00",35.247,"76,203.00","76,203.00","73,321.00",0.00,"73,321.00",10.000,"25,166.00","25,166.00","25,066.00",501.00,"24,565.00",0.00,0.00,"2,596",0,0,"4,382",0,12,13,"95,143",61.5
경상북도,포항시,신광면,2020,"23,164.00","23,164.00","6,900.00",29.8,0.000,"6,900.00","6,900.00","6,900.00","1,795.00","2,050.00",582.00,"2,473.00",26.723,"16,264.00","16,264.00",0.00,0.00,0.00,0.000,0.00,0.00,0.00,0.00,0.00,0.00,0.00,0,0,0,0,0,0,0,0,0.0
경상북도,포항시,청하면,2020,"45,570.00","45,570.00","44,780.00",98.3,0.000,"22,180.00","22,180.00","21,490.00","5,794.00","5,830.00","1,879.00","7,987.00",26.067,"23,390.00","23,390.00","23,290.00",0.00,"23,290.00",0.000,0.00,0.00,0.00,0.00,0.00,0.00,0.00,0,0,0,0,0,0,0,0,0.0
경상북도,포항시,송라면,2020,"27,314.00","27,314.00","8,240.00",30.2,0.000,"8,240.00","8,240.00","8,240.00","2,638.00","1,110.00",856.00,"3,636.00",19.800,"14,584.00","14,584.00",0.00,0.00,0.00,12.200,"4,490.00","4,490.00",0.00,0.00,0.00,0.00,0.00,0,0,0,0,0,0,0,0,0.0
경상북도,포항시,기계면,2020,"30,004.00","30,004.00","19,473.00",64.9,4.930,"16,520.00","16,520.00","6,893.00","2,168.00","1,077.00",695.00,"2,953.00",30.670,"13,484.00","13,484.00","12,580.00",0.00,"12,580.00",0.000,0.00,0.00,0.00,0.00,0.00,0.00,0.00,0,0,0,0,0,0,0,0,0.0
경상북도,포항시,죽장면,2020,"14,320.00","14,320.00","12,302.00",85.9,0.000,"1,487.00","1,487.00",0.00,0.00,0.00,0.00,0.00,78.563,"12,833.00","12,833.00","12,302.00",0.00,"12,302.00",0.000,0.00,0.00,0.00,0.00,0.00,0.00,0.00,0,0,0,0,0,0,0,0,0.0
경상북도,포항시,기북면,2020,"10,433.00","10,433.00",163.00,1.6,0.000,"1,500.00","1,500.00",163.00,0.00,163.00,0.00,0.00,17.463,"8,933.00","8,933.00",0.00,0.00,0.00,0.000,0.00,0.00,0.00,0.00,0.00,0.00,0.00,0,0,0,0,0,0,0,0,0.0
경상북도,포항시,중앙동,,0.00,0.00,0.00,0.0,0.000,0.00,0.00,0.00,0.00,0.00,0.00,0.00,0.000,0.00,0.00,0.00,0.00,0.00,0.000,0.00,0.00,0.00,0.00,0.00,0.00,0.00,0,0,0,0,0,0,0,0,0.0
경상북도,포항시,양학동,,0.00,0.00,0.00,0.0,0.000,0.00,0.00,0.00,0.00,0.00,0.00,0.00,0.000,0.00,0.00,0.00,0.00,0.00,0.000,0.00,0.00,0.00,0.00,0.00,0.00,0.00,0,0,0,0,0,0,0,0,0.0
경상북도,포항시,죽도동,,0.00,0.00,0.00,0.0,0.000,0.00,0.00,0.00,0.00,0.00,0.00,0.00,0.000,0.00,0.00,0.00,0.00,0.00,0.000,0.00,0.00,0.00,0.00,0.00,0.00,0.00,0,0,0,0,0,0,0,0,0.0
경상북도,포항시,용흥동,,0.00,0.00,0.00,0.0,0.000,0.00,0.00,0.00,0.00,0.00,0.00,0.00,0.000,0.00,0.00,0.00,0.00,0.00,0.000,0.00,0.00,0.00,0.00,0.00,0.00,0.00,0,0,0,0,0,0,0,0,0.0
경상북도,포항시,우창동,,0.00,0.00,0.00,0.0,0.000,0.00,0.00,0.00,0.00,0.00,0.00,0.00,0.000,0.00,0.00,0.00,0.00,0.00,0.000,0.00,0.00,0.00,0.00,0.00,0.00,0.00,0,0,0,0,0,0,0,0,0.0
경상북도,포항시,두호동,,0.00,0.00,0.00,0.0,0.000,0.00,0.00,0.00,0.00,0.00,0.00,0.00,0.000,0.00,0.00,0.00,0.00,0.00,0.000,0.00,0.00,0.00,0.00,0.00,0.00,0.00,0,0,0,0,0,0,0,0,0.0
경상북도,포항시,장량동,,0.00,0.00,0.00,0.0,0.000,0.00,0.00,0.00,0.00,0.00,0.00,0.00,0.000,0.00,0.00,0.00,0.00,0.00,0.000,0.00,0.00,0.00,0.00,0.00,0.00,0.00,0,0,0,0,0,0,0,0,0.0
경상북도,포항시,환여동,,0.00,0.00,0.00,0.0,0.000,0.00,0.00,0.00,0.00,0.00,0.00,0.00,0.000,0.00,0.00,0.00,0.00,0.00,0.000,0.00,0.00,0.00,0.00,0.00,0.00,0.00,0,0,0,0,0,0,0,0,0.0
경상북도,경주시,소계,,"2,128,579.00","2,146,767.10","1,910,817.10",89.0,10.340,"114,163.00","114,164.00","114,164.00","4,403.00","26,431.00","47,525.00","35,805.00",98.630,"1,179,173.00","1,182,920.60","956,578.60",0.00,"956,578.60",0.000,"835,243.00","849,682.50","840,074.50","68,335.00","233,701.50","146,161.00","391,877.00","9,655",116,50,"98,310",0,45,277,"1,806,234",94.5
경상북도,경주시,감포읍,2035,"94,158.00","94,196.00","93,861.00",99.6,0.370,"6,950.00","6,950.00","6,950.00",148.00,"3,165.00","1,362.00","2,275.00",2.590,"55,930.00","55,930.00","55,595.00",0.00,"55,595.00",0.000,"31,278.00","31,316.00","31,316.00","1,436.00","10,503.00","9,336.00","10,041.00","1,205",0,0,686,0,0,18,"83,048",88.5
경상북도,경주시,안강읍,2035,"345,394.00","346,266.00","307,504.00",88.8,2.190,"24,240.00","24,240.00","24,240.00","1,294.00","4,620.00","10,590.00","7,736.00",16.160,"202,240.00","202,240.00","163,478.00",0.00,"163,478.00",0.000,"118,914.00","119,786.00","119,786.00","8,010.00","27,764.00","27,636.00","56,376.00","1,983",0,9,"13,975",0,0,51,"306,522",99.7
경상북도,경주시,건천읍,2035,"134,256.00","134,256.00","107,222.00",79.9,0.800,"13,495.00","13,495.00","13,495.00",466.00,"1,534.00","2,779.00","8,716.00",2.560,"94,348.00","94,348.00","67,314.00",0.00,"67,314.00",0.000,"26,413.00","26,413.00","26,413.00","1,965.00","10,619.00","1,459.00","12,370.00",327,0,0,"3,144",0,0,24,"96,916",90.4
경상북도,경주시,외동읍,2035,"200,755.00","201,207.50","166,993.50",83.0,1.520,"19,716.00","19,716.00","19,716.00",885.00,"6,251.00","7,639.00","4,941.00",12.870,"143,473.00","143,473.00","109,259.00",0.00,"109,259.00",0.000,"37,566.00","38,018.50","38,018.50","1,772.00","15,570.50","3,413.00","17,263.00",317,0,4,"5,678",0,0,57,"156,119",93.5
경상북도,경주시,양북면,2035,"61,274.00","61,274.00","44,865.00",73.2,0.050,554.00,554.00,554.00,0.00,546.00,0.00,8.00,1.630,"30,360.00","30,360.00","23,559.00",0.00,"23,559.00",0.000,"30,360.00","30,360.00","20,752.00","1,326.00","2,693.00","10,178.00","6,555.00",0,0,0,700,0,0,20,"41,719",93.0
경상북도,경주시,양남면,2035,"59,205.00","59,205.00","38,001.00",64.2,0.360,"4,638.00","4,638.00","4,638.00",345.00,713.00,439.00,"3,141.00",2.010,"41,861.00","41,861.00","20,657.00",0.00,"20,657.00",0.000,"12,706.00","12,706.00","12,706.00",995.00,"5,762.00",576.00,"5,373.00",356,0,1,"1,064",0,0,23,"38,001",100.0
경상북도,경주시,내남면,2035,"56,968.00","56,968.00","47,594.00",83.5,0.640,"7,453.00","7,453.00","7,453.00",239.00,"1,203.00","5,811.00",200.00,1.220,"28,777.00","28,777.00","19,403.00",0.00,"19,403.00",0.000,"20,738.00","20,738.00","20,738.00","1,276.00","4,896.00","6,543.00","8,023.00",0,0,0,612,0,0,16,"47,594",100.0
경상북도,경주시,산내면,2035,"50,727.00","60,250.00","54,323.00",90.2,0.000,"1,612.00","1,612.00","1,612.00",94.00,183.00,923.00,412.00,0.000,"28,377.00","28,377.00","22,450.00",0.00,"22,450.00",0.000,"20,738.00","30,261.00","30,261.00","1,186.00","4,175.00","20,656.00","4,244.00",549,0,0,309,0,0,0,"53,700",98.9
경상북도,경주시,서면,2035,"60,699.00","61,710.00","56,572.00",91.7,0.510,"4,317.00","4,317.00","4,317.00",77.00,"1,518.00","1,364.00","1,358.00",3.490,"34,263.00","34,263.00","29,125.00",0.00,"29,125.00",0.000,"22,119.00","23,130.00","23,130.00",975.00,"3,252.00","7,361.00","11,542.00",0,0,33,"1,023",0,0,28,"55,561",98.2
경상북도,경주시,현곡면,2035,"1,047,755.00","1,047,756.00","974,754.00",93.0,3.900,"31,188.00","31,189.00","31,189.00",855.00,"6,698.00","16,618.00","7,018.00",56.100,"502,156.00","502,156.00","429,154.00",0.00,"429,154.00",0.000,"514,411.00","514,411.00","514,411.00","49,348.00","146,513.00","58,799.00","259,751.00","4,918",0,0,"69,905",0,45,40,"911,897",93.6
경상북도,경주시,강동면,2035,0.00,0.00,0.00,0.0,0.000,0.00,0.00,0.00,0.00,0.00,0.00,0.00,0.000,0.00,0.00,0.00,0.00,0.00,0.000,0.00,0.00,0.00,0.00,0.00,0.00,0.00,0,0,0,0,0,0,0,0,0.0
경상북도,경주시,천북면,2035,"17,388.00","17,388.00","12,837.00",73.8,0.000,0.00,0.00,0.00,0.00,0.00,0.00,0.00,0.000,"17,388.00","17,388.00","12,837.00",0.00,"12,837.00",0.000,0.00,0.00,0.00,0.00,0.00,0.00,0.00,0,0,0,621,0,0,0,"12,837",100.0
경상북도,경주시,중부동,2035,0.00,106.00,106.00,100.0,0.000,0.00,0.00,0.00,0.00,0.00,0.00,0.00,0.000,0.00,0.00,0.00,0.00,0.00,0.000,0.00,106.00,106.00,0.00,39.00,0.00,67.00,0,0,0,18,0,0,0,20,18.9
경상북도,경주시,황오동,2035,0.00,252.00,252.00,100.0,0.000,0.00,0.00,0.00,0.00,0.00,0.00,0.00,0.000,0.00,0.00,0.00,0.00,0.00,0.000,0.00,252.00,252.00,0.00,252.00,0.00,0.00,0,0,0,17,0,0,0,0,0.0
경상북도,경주시,성건동,2035,0.00,0.00,0.00,0.0,0.000,0.00,0.00,0.00,0.00,0.00,0.00,0.00,0.000,0.00,0.00,0.00,0.00,0.00,0.000,0.00,0.00,0.00,0.00,0.00,0.00,0.00,0,0,0,48,0,0,0,0,0.0
경상북도,경주시,황남동,2035,0.00,131.00,131.00,100.0,0.000,0.00,0.00,0.00,0.00,0.00,0.00,0.00,0.000,0.00,131.00,131.00,0.00,131.00,0.000,0.00,0.00,0.00,0.00,0.00,0.00,0.00,0,0,0,34,0,0,0,0,0.0
경상북도,경주시,선도동,2035,0.00,"1,368.00","1,368.00",100.0,0.000,0.00,0.00,0.00,0.00,0.00,0.00,0.00,0.000,0.00,325.00,325.00,0.00,325.00,0.000,0.00,"1,043.00","1,043.00",0.00,839.00,204.00,0.00,0,33,0,69,0,0,0,650,47.5
경상북도,경주시,월성동,2035,0.00,0.00,0.00,0.0,0.000,0.00,0.00,0.00,0.00,0.00,0.00,0.00,0.000,0.00,0.00,0.00,0.00,0.00,0.000,0.00,0.00,0.00,0.00,0.00,0.00,0.00,0,0,0,134,0,0,0,0,0.0
경상북도,경주시,용강동,2035,0.00,560.10,560.10,100.0,0.000,0.00,0.00,0.00,0.00,0.00,0.00,0.00,0.000,0.00,394.10,394.10,0.00,394.10,0.000,0.00,166.00,166.00,46.00,48.00,0.00,72.00,0,10,3,66,0,0,0,395,70.5
경상북도,경주시,황성동,2035,0.00,613.50,613.50,100.0,0.000,0.00,0.00,0.00,0.00,0.00,0.00,0.00,0.000,0.00,613.50,613.50,0.00,613.50,0.000,0.00,0.00,0.00,0.00,0.00,0.00,0.00,0,20,0,46,0,0,0,615,100.2
경상북도,경주시,동천동,2035,0.00,0.00,0.00,0.0,0.000,0.00,0.00,0.00,0.00,0.00,0.00,0.00,0.000,0.00,0.00,0.00,0.00,0.00,0.000,0.00,0.00,0.00,0.00,0.00,0.00,0.00,0,0,0,33,0,0,0,0,0.0
경상북도,경주시,불국동,2035,0.00,450.00,450.00,100.0,0.000,0.00,0.00,0.00,0.00,0.00,0.00,0.00,0.000,0.00,450.00,450.00,0.00,450.00,0.000,0.00,0.00,0.00,0.00,0.00,0.00,0.00,0,19,0,118,0,0,0,450,100.0
경상북도,경주시,보덕동,2035,0.00,"2,810.00","2,810.00",100.0,0.000,0.00,0.00,0.00,0.00,0.00,0.00,0.00,0.000,0.00,"1,834.00","1,834.00",0.00,"1,834.00",0.000,0.00,976.00,976.00,0.00,776.00,0.00,200.00,0,34,0,10,0,0,0,190,6.8
경상북도,김천시,소계,,"1,075,422.00","1,088,824.00","896,948.00",82.4,0.000,"69,714.00","69,714.00","69,714.00","2,045.00","35,695.00",841.00,"31,133.00",32.300,"538,545.00","551,947.00","481,878.00",123.00,"481,755.00",32.300,"467,163.00","467,163.00","345,356.00","42,926.00","221,792.00","6,736.00","73,902.00",239,"11,254","10,961","20,052",486,20,31,"698,172",77.8
경상북도,김천시,아포읍,2025,"121,503.00","121,503.00","64,838.00",53.4,0.000,0.00,0.00,0.00,0.00,0.00,0.00,0.00,3.200,"53,623.00","53,623.00","37,218.00",0.00,"37,218.00",3.200,"67,880.00","67,880.00","27,620.00","2,802.00","20,285.00",164.00,"4,369.00",0,598,775,"1,278",52,0,0,"48,737",75.2
경상북도,김천시,농소면,2025,"12,069.00","12,069.00","8,773.00",72.7,0.000,0.00,0.00,0.00,0.00,0.00,0.00,0.00,0.800,"4,576.00","4,576.00","4,576.00",0.00,"4,576.00",0.800,"7,493.00","7,493.00","4,197.00",84.00,"1,665.00",516.00,"1,932.00",0,397,183,569,11,0,0,"6,401",73.0
경상북도,김천시,남면,2025,"47,262.00","47,262.00","39,193.00",82.9,0.000,0.00,0.00,0.00,0.00,0.00,0.00,0.00,0.800,"35,635.00","35,635.00","32,314.00",0.00,"32,314.00",0.800,"11,627.00","11,627.00","6,879.00",730.00,"4,261.00","1,007.00",881.00,0,448,122,726,12,0,0,"15,961",40.7
경상북도,김천시,개령면,2025,"24,159.00","25,252.00","22,792.00",90.3,0.000,0.00,0.00,0.00,0.00,0.00,0.00,0.00,0.600,"10,205.00","11,298.00","11,298.00",0.00,"11,298.00",0.600,"13,954.00","13,954.00","11,494.00",788.00,"7,379.00",769.00,"2,558.00",0,289,220,418,39,0,0,"11,800",51.8
경상북도,김천시,감문면,2025,"22,001.00","22,001.00","8,841.00",40.2,0.000,0.00,0.00,0.00,0.00,0.00,0.00,0.00,1.200,"14,458.00","14,458.00","1,298.00",0.00,"1,298.00",1.200,"7,543.00","7,543.00","7,543.00",534.00,"3,672.00",150.00,"3,187.00",0,23,35,196,0,0,0,"8,841",100.0
경상북도,김천시,어모면,2025,"16,930.00","16,930.00","16,362.00",96.6,0.000,0.00,0.00,0.00,0.00,0.00,0.00,0.00,1.500,"9,071.00","9,071.00","9,070.00",0.00,"9,070.00",1.500,"7,859.00","7,859.00","7,292.00",243.00,"4,680.00",296.00,"2,073.00",0,99,199,191,26,0,0,"13,663",83.5
경상북도,김천시,봉산면,2025,"23,967.00","29,963.00","26,945.00",89.9,0.000,0.00,0.00,0.00,0.00,0.00,0.00,0.00,1.100,"12,433.00","18,429.00","18,429.00",0.00,"18,429.00",1.100,"11,534.00","11,534.00","8,516.00",283.00,"5,580.00","1,095.00","1,558.00",0,174,249,361,8,0,0,"20,385",75.7
경상북도,김천시,대항면,2025,"89,355.00","95,378.00","72,814.00",76.3,0.000,0.00,0.00,0.00,0.00,0.00,0.00,0.00,2.200,"37,005.00","43,028.00","43,028.00",0.00,"43,028.00",2.200,"52,350.00","52,350.00","29,786.00","1,275.00","20,428.00",971.00,"7,112.00",0,632,982,872,64,0,0,"51,338",70.5
경상북도,김천시,감천면,2025,"17,227.00","17,227.00","13,032.00",75.6,0.000,0.00,0.00,0.00,0.00,0.00,0.00,0.00,0.700,"8,238.00","8,238.00","5,253.00",0.00,"5,253.00",0.700,"8,989.00","8,989.00","7,779.00",210.00,"4,449.00",0.00,"3,120.00",0,155,129,287,0,0,0,"13,032",100.0
경상북도,김천시,조마면,2025,"12,483.00","12,483.00","3,411.00",27.3,0.000,0.00,0.00,0.00,0.00,0.00,0.00,0.00,0.800,"10,514.00","10,514.00","1,443.00",0.00,"1,443.00",0.800,"1,969.00","1,969.00","1,968.00",69.00,370.00,54.00,"1,475.00",0,25,49,161,5,0,0,"3,410",100.0
경상북도,김천시,구성면,2025,"13,740.00","13,740.00","5,921.00",43.1,0.000,0.00,0.00,0.00,0.00,0.00,0.00,0.00,0.800,"8,819.00","8,819.00","1,310.00",0.00,"1,310.00",0.800,"4,921.00","4,921.00","4,611.00",146.00,"1,004.00",106.00,"3,355.00",0,50,93,37,0,0,0,"5,921",100.0
경상북도,김천시,지례면,2025,"18,413.00","18,413.00","16,416.00",89.2,0.000,0.00,0.00,0.00,0.00,0.00,0.00,0.00,0.600,"11,977.00","11,977.00","11,141.00",0.00,"11,141.00",0.600,"6,436.00","6,436.00","5,275.00",502.00,"1,242.00",547.00,"2,984.00",0,169,140,400,11,0,0,"16,416",100.0
경상북도,김천시,부항면,2025,0.00,0.00,0.00,0.0,0.000,0.00,0.00,0.00,0.00,0.00,0.00,0.00,0.000,0.00,0.00,0.00,0.00,0.00,0.000,0.00,0.00,0.00,0.00,0.00,0.00,0.00,0,0,0,0,0,0,0,0,0.0
경상북도,김천시,대덕면,2025,"10,609.00","10,609.00","9,518.00",89.7,0.000,0.00,0.00,0.00,0.00,0.00,0.00,0.00,0.400,"9,743.00","9,743.00","8,841.00",0.00,"8,841.00",0.400,866.00,866.00,677.00,189.00,54.00,0.00,434.00,0,165,14,290,3,0,0,"2,726",28.6
경상북도,김천시,증산면,2025,"4,460.00","4,750.00","4,201.00",88.4,0.000,0.00,0.00,0.00,0.00,0.00,0.00,0.00,0.400,"1,475.00","1,765.00","1,765.00",0.00,"1,765.00",0.400,"2,985.00","2,985.00","2,436.00",40.00,"1,641.00",125.00,630.00,0,43,39,59,0,0,0,"3,911",93.1
경상북도,김천시,자산동,2025,"641,244.00","641,244.00","583,891.00",91.1,0.000,"69,714.00","69,714.00","69,714.00","2,045.00","35,695.00",841.00,"31,133.00",17.200,"310,773.00","310,773.00","294,894.00",123.00,"294,771.00",17.200,"260,757.00","260,757.00","219,283.00","35,031.00","145,082.00",936.00,"38,234.00",239,"7,987","7,732","14,207",255,20,31,"475,630",81.5
경상북도,김천시,평화남산동,2025,0.00,0.00,0.00,0.0,0.000,0.00,0.00,0.00,0.00,0.00,0.00,0.00,0.000,0.00,0.00,0.00,0.00,0.00,0.000,0.00,0.00,0.00,0.00,0.00,0.00,0.00,0,0,0,0,0,0,0,0,0.0
경상북도,김천시,양금동,2025,0.00,0.00,0.00,0.0,0.000,0.00,0.00,0.00,0.00,0.00,0.00,0.00,0.000,0.00,0.00,0.00,0.00,0.00,0.000,0.00,0.00,0.00,0.00,0.00,0.00,0.00,0,0,0,0,0,0,0,0,0.0
경상북도,김천시,대신동,2025,0.00,0.00,0.00,0.0,0.000,0.00,0.00,0.00,0.00,0.00,0.00,0.00,0.000,0.00,0.00,0.00,0.00,0.00,0.000,0.00,0.00,0.00,0.00,0.00,0.00,0.00,0,0,0,0,0,0,0,0,0.0
경상북도,김천시,대곡동,2025,0.00,0.00,0.00,0.0,0.000,0.00,0.00,0.00,0.00,0.00,0.00,0.00,0.000,0.00,0.00,0.00,0.00,0.00,0.000,0.00,0.00,0.00,0.00,0.00,0.00,0.00,0,0,0,0,0,0,0,0,0.0
경상북도,김천시,지좌동,2025,0.00,0.00,0.00,0.0,0.000,0.00,0.00,0.00,0.00,0.00,0.00,0.00,0.000,0.00,0.00,0.00,0.00,0.00,0.000,0.00,0.00,0.00,0.00,0.00,0.00,0.00,0,0,0,0,0,0,0,0,0.0
경상북도,김천시,율곡동,2025,0.00,0.00,0.00,0.0,0.000,0.00,0.00,0.00,0.00,0.00,0.00,0.00,0.000,0.00,0.00,0.00,0.00,0.00,0.000,0.00,0.00,0.00,0.00,0.00,0.00,0.00,0,0,0,0,0,0,0,0,0.0
경상북도,안동시,소계,,"1,370,462.00","1,398,363.00","909,988.00",65.1,0.000,"360,584.00","363,597.00","363,284.00","47,928.00","147,447.00","19,513.00","148,396.00",7.137,"608,200.00","633,088.00","363,700.00",0.00,"363,700.00",0.000,"401,678.00","401,678.00","183,004.00","13,980.00","132,262.00","5,332.00","31,430.00","6,893","6,923","3,775","41,514",0,37,109,"620,066",68.1
경상북도,안동시,풍산읍,2030,"93,778.00","93,778.00","77,436.00",82.6,0.000,"43,155.00","43,155.00","42,925.00","2,785.00","19,416.00","8,077.00","12,647.00",3.066,"39,093.00","39,093.00","29,132.00",0.00,"29,132.00",0.000,"11,530.00","11,530.00","5,379.00","1,614.00",959.00,"1,867.00",939.00,688,467,86,"1,040",0,9,18,"44,472",57.4
경상북도,안동시,와룡면,2030,"33,920.00","34,516.00","12,140.00",35.2,0.000,"5,540.00","6,136.00","6,136.00",615.00,"1,606.00",597.00,"3,318.00",0.339,"19,760.00","19,760.00","3,260.00",0.00,"3,260.00",0.000,"8,620.00","8,620.00","2,744.00",70.00,"2,291.00",143.00,240.00,79,42,35,108,0,0,0,0,0.0
경상북도,안동시,북후면,2030,"47,839.00","47,853.00","21,745.00",45.4,0.000,"8,256.00","8,270.00","8,270.00",650.00,"1,345.00",180.00,"6,095.00",0.540,"32,023.00","32,023.00","12,570.00",0.00,"12,570.00",0.000,"7,560.00","7,560.00",905.00,80.00,255.00,110.00,460.00,147,224,16,591,0,0,0,0,0.0
경상북도,안동시,서후면,2030,"41,819.00","41,834.00","6,840.00",16.4,0.000,"5,550.00","5,565.00","5,565.00",802.00,"1,649.00",572.00,"2,542.00",0.000,"28,409.00","28,409.00",426.00,0.00,426.00,0.000,"7,860.00","7,860.00",849.00,80.00,139.00,120.00,510.00,98,8,15,110,0,0,0,0,0.0
경상북도,안동시,풍천면,2030,"50,607.00","50,607.00","8,846.00",17.5,0.000,"8,022.00","8,022.00","7,954.00",621.00,"1,780.00",131.00,"5,422.00",0.000,"33,465.00","33,465.00",0.00,0.00,0.00,0.000,"9,120.00","9,120.00",892.00,73.00,267.00,135.00,417.00,117,84,13,105,0,0,0,0,0.0
경상북도,안동시,일직면,2030,"58,293.00","58,526.00","22,286.00",38.1,0.000,"10,950.00","11,183.00","11,183.00",652.00,"1,822.00",259.00,"8,450.00",0.501,"39,823.00","39,823.00","10,386.00",0.00,"10,386.00",0.000,"7,520.00","7,520.00",717.00,64.00,103.00,125.00,425.00,127,163,8,369,0,0,0,0,0.0
경상북도,안동시,남후면,2030,"37,495.00","37,786.00","6,404.00",16.9,0.000,"5,325.00","5,616.00","5,616.00",621.00,"1,298.00",984.00,"2,713.00",0.000,"25,640.00","25,640.00",0.00,0.00,0.00,0.000,"6,530.00","6,530.00",788.00,60.00,113.00,140.00,475.00,90,0,3,79,0,0,0,0,0.0
경상북도,안동시,남선면,2030,"34,101.00","34,101.00","5,685.00",16.7,0.000,"4,730.00","4,730.00","4,715.00",695.00,910.00,585.00,"2,525.00",0.000,"22,884.00","22,884.00",0.00,0.00,0.00,0.000,"6,487.00","6,487.00",970.00,60.00,100.00,130.00,680.00,77,0,16,83,0,0,17,0,0.0
경상북도,안동시,임하면,2030,"37,360.00","44,290.00","40,006.00",90.3,0.000,"9,410.00","9,549.00","9,549.00",578.00,"1,312.00","2,547.00","5,112.00",1.080,"21,060.00","27,851.00","27,851.00",0.00,"27,851.00",0.000,"6,890.00","6,890.00","2,606.00",65.00,95.00,282.00,"2,164.00",23,71,8,84,0,0,0,0,0.0
경상북도,안동시,길안면,2030,"47,202.00","47,230.00","15,363.00",32.5,0.000,"7,260.00","7,288.00","7,288.00",810.00,"1,060.00",339.00,"5,079.00",0.532,"32,222.00","32,222.00","7,300.00",0.00,"7,300.00",0.000,"7,720.00","7,720.00",775.00,50.00,95.00,180.00,450.00,51,51,5,90,0,0,0,0,0.0
경상북도,안동시,임동면,2030,"25,594.00","25,622.00","12,911.00",50.4,0.000,"3,064.00","3,092.00","3,092.00",380.00,696.00,426.00,"1,590.00",0.177,"16,490.00","16,490.00","4,279.00",0.00,"4,279.00",0.000,"6,040.00","6,040.00","5,540.00",37.00,547.00,306.00,"4,650.00",23,32,41,62,0,0,0,0,0.0
경상북도,안동시,예안면,2030,"36,073.00","36,658.00","6,682.00",18.2,0.000,"3,850.00","4,435.00","4,435.00",393.00,"1,063.00",404.00,"2,575.00",0.095,"26,253.00","26,253.00","1,600.00",0.00,"1,600.00",0.000,"5,970.00","5,970.00",647.00,45.00,102.00,120.00,380.00,62,23,9,50,0,0,0,0,0.0
경상북도,안동시,도산면,2030,"26,470.00","26,530.00","11,172.00",42.1,0.000,"6,580.00","6,640.00","6,640.00",399.00,608.00,306.00,"5,327.00",0.573,"14,020.00","14,020.00","3,931.00",0.00,"3,931.00",0.000,"5,870.00","5,870.00",601.00,45.00,95.00,115.00,346.00,50,30,5,43,0,0,0,0,0.0
경상북도,안동시,녹전면,2030,"22,592.00","23,270.00","6,081.00",26.1,0.000,"3,022.00","3,700.00","3,700.00",576.00,833.00,196.00,"2,095.00",0.234,"13,890.00","13,890.00","1,700.00",0.00,"1,700.00",0.000,"5,680.00","5,680.00",681.00,51.00,90.00,125.00,415.00,49,22,9,40,0,0,0,0,0.0
경상북도,안동시,중구동,2030,"59,557.00","60,397.00","49,718.00",82.3,0.000,"18,072.00","18,099.00","18,099.00","2,862.00","8,585.00",300.00,"6,352.00",0.000,"18,631.00","19,444.00","19,444.00",0.00,"19,444.00",0.000,"22,854.00","22,854.00","12,175.00",888.00,"9,731.00",110.00,"1,446.00",254,273,171,"1,930",0,0,3,"45,343",91.2
경상북도,안동시,명륜동,2030,"35,429.00","35,928.00","29,575.00",82.3,0.000,"10,751.00","10,766.00","10,766.00","1,702.00","5,107.00",178.00,"3,779.00",0.000,"11,083.00","11,567.00","11,567.00",0.00,"11,567.00",0.000,"13,595.00","13,595.00","7,242.00",528.00,"5,789.00",65.00,860.00,478,514,322,"2,002",0,0,0,"26,972",91.2
경상북도,안동시,용상동,2030,"225,954.00","229,138.00","188,626.00",82.3,0.000,"68,564.00","68,665.00","68,665.00","10,858.00","32,571.00","1,137.00","24,099.00",0.000,"70,685.00","73,768.00","73,768.00",0.00,"73,768.00",0.000,"86,705.00","86,705.00","46,193.00","3,368.00","36,920.00",417.00,"5,488.00","1,611","1,731","1,084","7,390",0,9,24,"172,027",91.2
경상북도,안동시,서구동,2030,"22,463.00","22,780.00","18,752.00",82.3,0.000,"6,816.00","6,826.00","6,826.00","1,079.00","3,238.00",113.00,"2,396.00",0.000,"7,027.00","7,334.00","7,334.00",0.00,"7,334.00",0.000,"8,620.00","8,620.00","4,592.00",335.00,"3,670.00",41.00,546.00,96,103,64,"3,437",0,0,0,"17,102",91.2
경상북도,안동시,태화동,2030,"42,362.00","42,959.00","35,363.00",82.3,0.000,"12,854.00","12,873.00","12,873.00","2,036.00","6,106.00",213.00,"4,518.00",0.000,"13,252.00","13,830.00","13,830.00",0.00,"13,830.00",0.000,"16,256.00","16,256.00","8,660.00",631.00,"6,922.00",78.00,"1,029.00",143,153,96,"2,435",0,5,0,"32,251",91.2
경상북도,안동시,평화동,2030,"29,466.00","29,881.00","24,598.00",82.3,0.000,"8,941.00","8,954.00","8,954.00","1,416.00","4,247.00",148.00,"3,143.00",0.000,"9,218.00","9,620.00","9,620.00",0.00,"9,620.00",0.000,"11,307.00","11,307.00","6,024.00",439.00,"4,815.00",54.00,716.00,52,56,35,"2,455",0,0,0,"22,433",91.2
경상북도,안동시,안기동,2030,"38,756.00","46,793.00","39,845.00",85.2,0.000,"11,760.00","11,778.00","11,778.00","1,862.00","5,587.00",195.00,"4,134.00",0.000,"12,124.00","20,143.00","20,143.00",0.00,"20,143.00",0.000,"14,872.00","14,872.00","7,924.00",578.00,"6,333.00",72.00,941.00,451,590,303,"2,721",0,0,0,"29,507",74.1
경상북도,안동시,옥동,2030,"34,840.00","35,330.00","29,083.00",82.3,0.000,"10,572.00","10,587.00","10,587.00","1,674.00","5,022.00",175.00,"3,716.00",0.000,"10,899.00","11,374.00","11,374.00",0.00,"11,374.00",0.000,"13,369.00","13,369.00","7,122.00",519.00,"5,693.00",64.00,846.00,273,294,184,"7,793",0,0,6,"26,524",91.2
경상북도,안동시,송하동,2030,"167,680.00","170,042.00","139,978.00",82.3,0.000,"50,881.00","50,955.00","50,955.00","8,057.00","24,171.00",843.00,"17,884.00",0.000,"52,455.00","54,743.00","54,743.00",0.00,"54,743.00",0.000,"64,344.00","64,344.00","34,280.00","2,499.00","27,398.00",310.00,"4,073.00",595,639,400,"5,002",0,3,7,"127,660",91.2
경상북도,안동시,강남동,2030,"120,812.00","122,514.00","100,853.00",82.3,0.000,"36,659.00","36,713.00","36,713.00","5,805.00","17,415.00",608.00,"12,885.00",0.000,"37,794.00","39,442.00","39,442.00",0.00,"39,442.00",0.000,"46,359.00","46,359.00","24,698.00","1,801.00","19,740.00",223.00,"2,934.00","1,259","1,353",847,"3,495",0,11,34,"75,775",75.1
경상북도,구미시,소계,,"1,391,642.00","1,391,642.00","1,275,809.00",91.7,0.000,0.00,0.00,0.00,0.00,0.00,0.00,0.00,69.280,"871,832.00","871,832.00","779,779.00",0.00,"779,779.00",65.300,"519,810.00","519,810.00","496,030.00","61,356.00","315,817.00","57,900.00","60,957.00",0,"33,370",0,"58,145",0,7,0,"1,262,123",98.9
경상북도,구미시,선산읍,2030,"125,403.00","125,403.00","116,843.00",93.2,0.000,0.00,0.00,0.00,0.00,0.00,0.00,0.00,5.620,"105,464.00","105,464.00","97,646.00",0.00,"97,646.00",5.300,"19,939.00","19,939.00","19,197.00","4,568.00","2,859.00","11,770.00",0.00,0,"3,303",0,"3,075",0,0,0,"112,711",96.5
경상북도,구미시,고아읍,2030,"65,666.00","65,666.00","46,386.00",70.6,0.000,0.00,0.00,0.00,0.00,0.00,0.00,0.00,6.160,"58,704.00","58,704.00","41,183.00",0.00,"41,183.00",5.800,"6,962.00","6,962.00","5,203.00",0.00,"5,203.00",0.00,0.00,0,"2,337",0,"2,943",0,0,0,"46,386",100.0
경상북도,구미시,무을면,2030,"9,765.00","9,765.00","4,229.00",43.3,0.000,0.00,0.00,0.00,0.00,0.00,0.00,0.00,0.530,"9,765.00","9,765.00","4,229.00",0.00,"4,229.00",0.500,0.00,0.00,0.00,0.00,0.00,0.00,0.00,0,863,0,169,0,0,0,"4,229",100.0
경상북도,구미시,옥성면,2030,"4,912.00","4,912.00","3,715.00",75.6,0.000,0.00,0.00,0.00,0.00,0.00,0.00,0.00,0.210,"4,912.00","4,912.00","3,715.00",0.00,"3,715.00",0.200,0.00,0.00,0.00,0.00,0.00,0.00,0.00,0,43,0,3,0,0,0,"3,715",100.0
경상북도,구미시,도개면,2030,"47,178.00","47,178.00","45,771.00",97.0,0.000,0.00,0.00,0.00,0.00,0.00,0.00,0.00,1.380,"37,672.00","37,672.00","37,672.00",0.00,"37,672.00",1.300,"9,506.00","9,506.00","8,099.00","5,922.00","2,118.00",59.00,0.00,0,"1,180",0,587,0,0,0,"45,771",100.0
경상북도,구미시,해평면,2030,"51,704.00","51,704.00","50,364.00",97.4,0.000,0.00,0.00,0.00,0.00,0.00,0.00,0.00,4.030,"46,904.00","46,904.00","46,476.00",0.00,"46,476.00",3.800,"4,800.00","4,800.00","3,888.00",0.00,"3,888.00",0.00,0.00,0,"1,281",0,154,0,0,0,"50,364",100.0
경상북도,구미시,산동면,2030,"131,965.00","131,965.00","57,151.00",43.3,0.000,0.00,0.00,0.00,0.00,0.00,0.00,0.00,10.190,"112,361.00","112,361.00","56,507.00",0.00,"56,507.00",9.600,"19,604.00","19,604.00",644.00,0.00,644.00,0.00,0.00,0,"1,411",0,"2,160",0,0,0,"57,151",100.0
경상북도,구미시,장천면,2030,"39,531.00","39,531.00","37,633.00",95.2,0.000,0.00,0.00,0.00,0.00,0.00,0.00,0.00,2.760,"39,531.00","39,531.00","37,633.00",0.00,"37,633.00",2.600,0.00,0.00,0.00,0.00,0.00,0.00,0.00,0,976,0,443,0,0,0,"37,633",100.0
경상북도,구미시,송정동,2030,0.00,0.00,0.00,0.0,0.000,0.00,0.00,0.00,0.00,0.00,0.00,0.00,0.000,0.00,0.00,0.00,0.00,0.00,0.000,0.00,0.00,0.00,0.00,0.00,0.00,0.00,0,0,0,0,0,0,0,0,0.0
경상북도,구미시,원평1동,2030,0.00,0.00,0.00,0.0,0.000,0.00,0.00,0.00,0.00,0.00,0.00,0.00,0.000,0.00,0.00,0.00,0.00,0.00,0.000,0.00,0.00,0.00,0.00,0.00,0.00,0.00,0,0,0,0,0,0,0,0,0.0
경상북도,구미시,원평2동,2030,0.00,0.00,0.00,0.0,0.000,0.00,0.00,0.00,0.00,0.00,0.00,0.00,0.000,0.00,0.00,0.00,0.00,0.00,0.000,0.00,0.00,0.00,0.00,0.00,0.00,0.00,0,0,0,0,0,0,0,0,0.0
경상북도,구미시,도량동,2030,0.00,0.00,0.00,0.0,0.000,0.00,0.00,0.00,0.00,0.00,0.00,0.00,0.000,0.00,0.00,0.00,0.00,0.00,0.000,0.00,0.00,0.00,0.00,0.00,0.00,0.00,0,0,0,0,0,0,0,0,0.0
경상북도,구미시,지산동,2030,0.00,0.00,0.00,0.0,0.000,0.00,0.00,0.00,0.00,0.00,0.00,0.00,0.000,0.00,0.00,0.00,0.00,0.00,0.000,0.00,0.00,0.00,0.00,0.00,0.00,0.00,0,0,0,0,0,0,0,0,0.0
경상북도,구미시,선주원남동,2030,0.00,0.00,0.00,0.0,0.000,0.00,0.00,0.00,0.00,0.00,0.00,0.00,0.000,0.00,0.00,0.00,0.00,0.00,0.000,0.00,0.00,0.00,0.00,0.00,0.00,0.00,0,0,0,0,0,0,0,0,0.0
경상북도,구미시,형곡1동,2030,0.00,0.00,0.00,0.0,0.000,0.00,0.00,0.00,0.00,0.00,0.00,0.00,0.000,0.00,0.00,0.00,0.00,0.00,0.000,0.00,0.00,0.00,0.00,0.00,0.00,0.00,0,0,0,0,0,0,0,0,0.0
경상북도,구미시,형곡2동,2030,0.00,0.00,0.00,0.0,0.000,0.00,0.00,0.00,0.00,0.00,0.00,0.00,0.000,0.00,0.00,0.00,0.00,0.00,0.000,0.00,0.00,0.00,0.00,0.00,0.00,0.00,0,0,0,0,0,0,0,0,0.0
경상북도,구미시,신평1동,2030,0.00,0.00,0.00,0.0,0.000,0.00,0.00,0.00,0.00,0.00,0.00,0.00,0.000,0.00,0.00,0.00,0.00,0.00,0.000,0.00,0.00,0.00,0.00,0.00,0.00,0.00,0,0,0,0,0,0,0,0,0.0
경상북도,구미시,신평2동,2030,0.00,0.00,0.00,0.0,0.000,0.00,0.00,0.00,0.00,0.00,0.00,0.00,0.000,0.00,0.00,0.00,0.00,0.00,0.000,0.00,0.00,0.00,0.00,0.00,0.00,0.00,0,0,0,0,0,0,0,0,0.0
경상북도,구미시,비산동,2030,0.00,0.00,0.00,0.0,0.000,0.00,0.00,0.00,0.00,0.00,0.00,0.00,0.000,0.00,0.00,0.00,0.00,0.00,0.000,0.00,0.00,0.00,0.00,0.00,0.00,0.00,0,0,0,0,0,0,0,0,0.0
경상북도,구미시,공단1동,2030,0.00,0.00,0.00,0.0,0.000,0.00,0.00,0.00,0.00,0.00,0.00,0.00,0.000,0.00,0.00,0.00,0.00,0.00,0.000,0.00,0.00,0.00,0.00,0.00,0.00,0.00,0,0,0,0,0,0,0,0,0.0
경상북도,구미시,공단2동,2030,0.00,0.00,0.00,0.0,0.000,0.00,0.00,0.00,0.00,0.00,0.00,0.00,0.000,0.00,0.00,0.00,0.00,0.00,0.000,0.00,0.00,0.00,0.00,0.00,0.00,0.00,0,0,0,0,0,0,0,0,0.0
경상북도,구미시,광평동,2030,0.00,0.00,0.00,0.0,0.000,0.00,0.00,0.00,0.00,0.00,0.00,0.00,0.000,0.00,0.00,0.00,0.00,0.00,0.000,0.00,0.00,0.00,0.00,0.00,0.00,0.00,0,0,0,0,0,0,0,0,0.0
경상북도,구미시,상모사곡동,2030,0.00,0.00,0.00,0.0,0.000,0.00,0.00,0.00,0.00,0.00,0.00,0.00,0.000,0.00,0.00,0.00,0.00,0.00,0.000,0.00,0.00,0.00,0.00,0.00,0.00,0.00,0,0,0,0,0,0,0,0,0.0
경상북도,구미시,임오동,2030,0.00,0.00,0.00,0.0,0.000,0.00,0.00,0.00,0.00,0.00,0.00,0.00,0.000,0.00,0.00,0.00,0.00,0.00,0.000,0.00,0.00,0.00,0.00,0.00,0.00,0.00,0,0,0,0,0,0,0,0,0.0
경상북도,구미시,인동동,2030,0.00,0.00,0.00,0.0,0.000,0.00,0.00,0.00,0.00,0.00,0.00,0.00,0.000,0.00,0.00,0.00,0.00,0.00,0.000,0.00,0.00,0.00,0.00,0.00,0.00,0.00,0,0,0,0,0,0,0,0,0.0
경상북도,구미시,진미동,2030,0.00,0.00,0.00,0.0,0.000,0.00,0.00,0.00,0.00,0.00,0.00,0.00,0.000,0.00,0.00,0.00,0.00,0.00,0.000,0.00,0.00,0.00,0.00,0.00,0.00,0.00,0,0,0,0,0,0,0,0,0.0
경상북도,구미시,양포동,2030,"915,518.00","915,518.00","913,717.00",99.8,0.000,0.00,0.00,0.00,0.00,0.00,0.00,0.00,38.400,"456,519.00","456,519.00","454,718.00",0.00,"454,718.00",36.200,"458,999.00","458,999.00","458,999.00","50,866.00","301,105.00","46,071.00","60,957.00",0,"21,976",0,"48,611",0,7,0,"904,163",99.0
경상북도,영주시,소계,,"687,338.00","813,225.00","644,580.00",79.3,113.100,"279,742.00","350,224.00","257,618.00","35,259.00","53,377.00","42,330.00","126,652.00",71.500,"269,921.00","325,326.00","302,039.00",0.00,"302,039.00",55.100,"137,675.00","137,675.00","84,923.00","9,847.00","20,535.00","34,112.00","20,429.00","3,436","4,027","1,132","14,233","17,128",30,205,"644,580",100.0
경상북도,영주시,풍기읍,2035,"89,368.00","92,505.00","90,744.00",98.1,17.000,"19,111.00","22,248.00","22,248.00","2,805.00","4,623.00","4,683.00","10,137.00",17.000,"65,857.00","65,857.00","65,857.00",0.00,"65,857.00",1.800,"4,400.00","4,400.00","2,639.00",236.00,657.00,"1,092.00",654.00,297,878,0,"2,701","1,244",1,5,"90,744",100.0
경상북도,영주시,이산면,2035,"20,809.00","26,250.00","24,121.00",91.9,1.200,"13,200.00","18,641.00","18,641.00","2,127.00","3,484.00","3,751.00","9,279.00",1.200,"2,289.00","2,289.00","2,289.00",0.00,"2,289.00",2.100,"5,320.00","5,320.00","3,191.00",285.00,795.00,"1,320.00",791.00,249,31,0,25,"1,092",0,12,"24,121",100.0
경상북도,영주시,평은면,2035,"16,623.00","17,730.00","16,523.00",93.2,1.000,"11,234.00","12,341.00","12,341.00","1,803.00","2,391.00","1,905.00","6,242.00",1.000,"2,119.00","2,119.00","2,119.00",0.00,"2,119.00",1.300,"3,270.00","3,270.00","2,063.00",276.00,489.00,812.00,486.00,165,28,0,22,720,0,18,"16,523",100.0
경상북도,영주시,문수면,2035,"32,951.00","35,308.00","21,096.00",59.7,0.400,"22,350.00","22,350.00","10,287.00","1,234.00","2,019.00","1,609.00","5,425.00",0.400,"5,665.00","8,022.00","8,022.00",0.00,"8,022.00",2.000,"4,936.00","4,936.00","2,787.00",249.00,694.00,"1,153.00",691.00,137,107,0,105,654,0,16,"21,096",100.0
경상북도,영주시,장수면,2035,"37,438.00","37,438.00","28,579.00",76.3,5.200,"24,865.00","24,865.00","20,385.00","2,518.00","3,985.00","3,175.00","10,707.00",5.200,"3,808.00","3,808.00","3,808.00",0.00,"3,808.00",3.500,"8,765.00","8,765.00","4,386.00",470.00,"1,310.00","1,303.00","1,303.00",272,51,0,20,"1,239",0,17,"28,579",100.0
경상북도,영주시,안정면,2035,"45,980.00","47,617.00","43,355.00",91.0,1.100,"18,956.00","20,593.00","20,593.00","2,782.00","4,463.00","1,356.00","11,992.00",1.100,"16,364.00","16,364.00","16,364.00",0.00,"16,364.00",4.300,"10,660.00","10,660.00","6,398.00",572.00,"1,594.00","2,647.00","1,585.00",275,218,0,30,"1,350",0,14,"43,355",100.0
경상북도,영주시,봉현면,2035,"30,745.00","30,745.00","23,296.00",75.8,10.000,"21,445.00","21,445.00","16,500.00","1,253.00","3,401.00","2,709.00","9,137.00",10.000,"2,428.00","2,428.00","2,428.00",0.00,"2,428.00",2.700,"6,872.00","6,872.00","4,368.00",614.00,"1,027.00","1,706.00","1,021.00",220,32,0,27,"1,043",3,18,"23,296",100.0
경상북도,영주시,순흥면,2035,"41,837.00","41,837.00","24,338.00",58.2,7.000,"26,987.00","26,987.00","13,191.00","2,438.00","3,826.00","3,048.00","3,879.00",7.000,"10,730.00","10,730.00","7,933.00",0.00,"7,933.00",1.600,"4,120.00","4,120.00","3,214.00",962.00,616.00,"1,023.00",613.00,176,106,35,26,820,3,23,"24,338",100.0
경상북도,영주시,단산면,2035,"145,012.00","145,012.00","76,626.00",52.8,17.100,"55,689.00","55,689.00","17,559.00","2,955.00","4,835.00","4,051.00","5,718.00",17.100,"47,406.00","47,406.00","32,524.00",0.00,"32,524.00",16.800,"41,917.00","41,917.00","26,543.00","3,637.00","6,265.00","10,408.00","6,233.00",234,434,43,15,"2,205",2,16,"76,626",100.0
경상북도,영주시,부석면,2035,"67,357.00","116,986.00","98,905.00",84.5,7.000,"2,977.00","52,606.00","52,606.00","7,789.00","10,019.00","7,958.00","26,840.00",3.800,"16,965.00","16,965.00","16,965.00",0.00,"16,965.00",19.000,"47,415.00","47,415.00","29,334.00","2,546.00","7,088.00","12,648.00","7,052.00",701,226,28,37,"4,097",16,33,"98,905",100.0
경상북도,영주시,상망동,2035,"5,162.00","11,350.00","11,350.00",100.0,0.600,"2,185.00","2,926.00","2,926.00",531.00,534.00,426.00,"1,435.00",0.200,"2,977.00","8,424.00","8,424.00",0.00,"8,424.00",0.000,0.00,0.00,0.00,0.00,0.00,0.00,0.00,39,112,37,346,146,0,5,"11,350",100.0
경상북도,영주시,하망동,2035,"4,210.00","22,110.00","22,110.00",100.0,2.100,"2,025.00","2,110.00","2,110.00",353.00,392.00,312.00,"1,053.00",0.000,"2,185.00","20,000.00","20,000.00",0.00,"20,000.00",0.000,0.00,0.00,0.00,0.00,0.00,0.00,0.00,28,267,58,"2,133",106,0,0,"22,110",100.0
경상북도,영주시,영주1동,2035,"5,616.00","18,591.00","17,006.00",91.5,1.900,"3,591.00","3,591.00","2,006.00",339.00,372.00,296.00,999.00,0.000,"2,025.00","15,000.00","15,000.00",0.00,"15,000.00",0.000,0.00,0.00,0.00,0.00,0.00,0.00,0.00,27,200,85,"1,400",100,0,0,"17,006",100.0
경상북도,영주시,영주2동,2035,"19,553.00","31,962.00","19,361.00",60.6,10.800,"15,962.00","15,962.00","3,361.00",472.00,638.00,508.00,"1,743.00",1.200,"3,591.00","16,000.00","16,000.00",0.00,"16,000.00",0.000,0.00,0.00,0.00,0.00,0.00,0.00,0.00,45,213,58,"1,501",168,0,0,"19,361",100.0
경상북도,영주시,휴천1동,2035,"44,805.00","52,423.00","52,423.00",100.0,6.800,"7,452.00","15,070.00","15,070.00","2,206.00","2,869.00","2,286.00","7,709.00",2.000,"37,353.00","37,353.00","37,353.00",0.00,"37,353.00",0.000,0.00,0.00,0.00,0.00,0.00,0.00,0.00,201,498,43,939,754,3,16,"52,423",100.0
경상북도,영주시,휴천2동,2035,"14,813.00","14,813.00","8,835.00",59.6,6.100,"7,361.00","7,361.00","6,991.00",853.00,"1,511.00","1,058.00","3,569.00",1.400,"7,452.00","7,452.00","1,844.00",0.00,"1,844.00",0.000,0.00,0.00,0.00,0.00,0.00,0.00,0.00,93,25,354,"2,001",350,2,12,"8,835",100.0
경상북도,영주시,휴천3동,2035,"28,964.00","30,051.00","30,051.00",100.0,6.500,"5,801.00","6,888.00","6,888.00",933.00,"1,328.00","1,058.00","3,569.00",1.000,"23,163.00","23,163.00","23,163.00",0.00,"23,163.00",0.000,0.00,0.00,0.00,0.00,0.00,0.00,0.00,92,309,391,"1,084",344,0,0,"30,051",100.0
경상북도,영주시,가흥1동,2035,"15,767.00","18,573.00","14,736.00",79.3,8.400,"9,251.00","9,251.00","5,414.00",649.00,"1,063.00",847.00,"2,855.00",1.100,"6,516.00","9,322.00","9,322.00",0.00,"9,322.00",0.000,0.00,0.00,0.00,0.00,0.00,0.00,0.00,72,124,0,"1,510",271,0,0,"14,736",100.0
경상북도,영주시,가흥2동,2035,"20,328.00","21,924.00","21,125.00",96.4,2.900,"9,300.00","9,300.00","8,501.00","1,219.00","1,624.00","1,294.00","4,364.00",0.800,"11,028.00","12,624.00","12,624.00",0.00,"12,624.00",0.000,0.00,0.00,0.00,0.00,0.00,0.00,0.00,113,168,0,311,425,0,0,"21,125",100.0
경상북도,영천시,소계,,"782,958.00","783,074.00","594,320.00",75.9,43.000,"191,357.00","191,357.00","78,892.00","11,273.00","52,739.00","11,165.00","3,715.00",22.795,"489,185.00","489,185.00","437,412.00","9,113.00","428,299.00",22.795,"102,416.00","102,532.00","78,016.00","20,270.00","45,838.00","10,102.00","1,806.00",0,"20,212",0,"29,264",0,32,231,"510,522",85.9
경상북도,영천시,금호읍,2013,"184,950.00","184,950.00","131,988.00",71.4,15.000,"51,800.00","51,800.00",0.00,0.00,0.00,0.00,0.00,3.882,"115,793.00","115,793.00","115,793.00",0.00,"115,793.00",3.882,"17,357.00","17,357.00","16,195.00","11,567.00","2,728.00","1,791.00",109.00,0,"3,269",0,"3,033",0,5,75,"107,829",81.7
경상북도,영천시,청통면,2013,"60,825.00","60,825.00","50,274.00",82.7,0.000,0.00,0.00,0.00,0.00,0.00,0.00,0.00,1.726,"60,825.00","60,825.00","50,274.00",0.00,"50,274.00",1.726,0.00,0.00,0.00,0.00,0.00,0.00,0.00,0,712,0,609,0,0,20,"44,700",88.9
경상북도,영천시,신녕면,2013,"29,125.00","29,125.00","23,470.00",80.6,0.000,0.00,0.00,0.00,0.00,0.00,0.00,0.00,1.219,"29,125.00","29,125.00","23,470.00",0.00,"23,470.00",1.219,0.00,0.00,0.00,0.00,0.00,0.00,0.00,0,782,0,"1,132",0,0,26,"23,470",100.0
경상북도,영천시,화산면,2013,"7,030.00","7,030.00","6,400.00",91.0,0.000,0.00,0.00,0.00,0.00,0.00,0.00,0.00,0.402,"7,030.00","7,030.00","6,400.00",0.00,"6,400.00",0.402,0.00,0.00,0.00,0.00,0.00,0.00,0.00,0,192,0,228,0,0,0,"6,400",100.0
경상북도,영천시,화북면,2013,"6,361.00","6,361.00","6,361.00",100.0,0.000,0.00,0.00,0.00,0.00,0.00,0.00,0.00,0.295,"5,895.00","5,895.00","5,895.00",0.00,"5,895.00",0.295,466.00,466.00,466.00,0.00,466.00,0.00,0.00,0,203,0,383,0,0,0,"5,895",92.7
경상북도,영천시,화남면,2013,"9,942.00","9,942.00","9,942.00",100.0,0.000,0.00,0.00,0.00,0.00,0.00,0.00,0.00,0.535,"9,733.00","9,733.00","9,733.00",0.00,"9,733.00",0.535,209.00,209.00,209.00,0.00,209.00,0.00,0.00,0,350,0,288,0,0,0,"9,733",97.9
경상북도,영천시,자양면,2013,"2,937.00","2,937.00",0.00,0.0,0.000,0.00,0.00,0.00,0.00,0.00,0.00,0.00,0.000,"2,937.00","2,937.00",0.00,0.00,0.00,0.000,0.00,0.00,0.00,0.00,0.00,0.00,0.00,0,0,0,0,0,0,0,0,0.0
경상북도,영천시,임고면,2013,"8,198.00","8,198.00",0.00,0.0,0.000,0.00,0.00,0.00,0.00,0.00,0.00,0.00,0.000,"7,633.00","7,633.00",0.00,0.00,0.00,0.000,565.00,565.00,0.00,0.00,0.00,0.00,0.00,0,0,0,0,0,0,0,0,0.0
경상북도,영천시,고경면,2013,"12,250.00","12,250.00",0.00,0.0,0.000,0.00,0.00,0.00,0.00,0.00,0.00,0.00,0.506,"12,250.00","12,250.00",0.00,0.00,0.00,0.506,0.00,0.00,0.00,0.00,0.00,0.00,0.00,0,0,0,0,0,0,6,0,0.0
경상북도,영천시,북안면,2013,"12,400.00","12,516.00","12,142.00",97.0,0.000,0.00,0.00,0.00,0.00,0.00,0.00,0.00,0.556,"12,400.00","12,400.00","12,026.00",0.00,"12,026.00",0.556,0.00,116.00,116.00,0.00,116.00,0.00,0.00,0,271,0,403,0,0,0,0,0.0
경상북도,영천시,대창면,2013,"11,643.00","11,643.00","9,538.00",81.9,0.000,0.00,0.00,0.00,0.00,0.00,0.00,0.00,1.090,"9,538.00","9,538.00","7,433.00",0.00,"7,433.00",1.090,"2,105.00","2,105.00","2,105.00",100.00,"2,005.00",0.00,0.00,0,63,0,154,0,0,0,"7,433",77.9
경상북도,영천시,동부동,2013,"126,885.00","126,885.00","94,167.00",74.2,12.000,"61,041.00","61,041.00","34,507.00","4,931.00","23,068.00","4,883.00","1,625.00",2.717,"46,573.00","46,573.00","45,763.00","2,176.00","43,587.00",2.717,"19,271.00","19,271.00","13,897.00","2,029.00","9,507.00","1,960.00",401.00,0,"3,344",0,"5,361",0,7,29,"87,694",93.1
경상북도,영천시,중앙동,2013,"60,774.00","60,774.00","54,267.00",89.3,2.000,"7,957.00","7,957.00","4,497.00",642.00,"3,006.00",637.00,212.00,1.215,"41,888.00","41,888.00","41,888.00",978.00,"40,910.00",1.215,"10,929.00","10,929.00","7,882.00","1,150.00","5,393.00","1,112.00",227.00,0,"2,516",0,"3,127",0,12,14,"30,422",56.1
경상북도,영천시,서부동,2013,"76,382.00","76,382.00","61,298.00",80.3,4.000,"18,157.00","18,157.00","10,265.00","1,467.00","6,862.00","1,453.00",483.00,2.843,"44,438.00","44,438.00","41,091.00","2,076.00","39,015.00",2.843,"13,787.00","13,787.00","9,942.00","1,452.00","6,802.00","1,402.00",286.00,0,"2,731",0,"4,578",0,1,18,"58,768",95.9
경상북도,영천시,완산동,2013,"94,879.00","94,879.00","66,258.00",69.8,10.000,"52,402.00","52,402.00","29,623.00","4,233.00","19,803.00","4,192.00","1,395.00",1.434,"29,502.00","29,502.00","27,279.00","1,378.00","25,901.00",1.434,"12,975.00","12,975.00","9,356.00","1,366.00","6,401.00","1,320.00",269.00,0,"2,351",0,"4,980",0,2,14,"63,526",95.9
경상북도,영천시,남부동,2013,"78,377.00","78,377.00","68,215.00",87.0,0.000,0.00,0.00,0.00,0.00,0.00,0.00,0.00,4.375,"53,625.00","53,625.00","50,367.00","2,505.00","47,862.00",4.375,"24,752.00","24,752.00","17,848.00","2,606.00","12,211.00","2,517.00",514.00,0,"3,428",0,"4,988",0,5,29,"64,652",94.8
경상북도,상주시,소계,,"853,329.00","861,904.00","704,026.00",81.7,0.000,0.00,0.00,0.00,0.00,0.00,0.00,0.00,23.015,"481,987.00","450,893.00","387,504.00",0.00,"387,504.00",23.015,"371,342.00","371,342.00","316,522.00","29,545.00","208,145.00","27,727.00","51,105.00",0,"8,833","4,128","11,707",0,38,25,"574,138",81.6
경상북도,상주시,함창읍,2035,"116,477.00","116,477.00","90,529.00",77.7,0.000,0.00,0.00,0.00,0.00,0.00,0.00,0.00,2.683,"38,635.00","38,635.00","30,197.00",0.00,"30,197.00",2.683,"77,842.00","77,842.00","60,332.00","3,483.00","42,216.00",241.00,"14,392.00",0,676,742,"1,786",0,10,0,"90,429",99.9
경상북도,상주시,중동면,2035,"8,866.00","8,866.00","6,146.00",69.3,0.000,0.00,0.00,0.00,0.00,0.00,0.00,0.00,0.266,"7,844.00","5,124.00","5,124.00",0.00,"5,124.00",0.266,"1,022.00","1,022.00","1,022.00",56.00,368.00,598.00,0.00,0,106,8,79,0,0,0,"3,570",58.1
경상북도,상주시,사벌면,2035,"18,689.00","26,480.00","26,480.00",100.0,0.000,0.00,0.00,0.00,0.00,0.00,0.00,0.00,2.062,"17,195.00","17,195.00","24,986.00",0.00,"24,986.00",2.062,"1,494.00","1,494.00","1,494.00",26.00,781.00,687.00,0.00,0,538,32,553,0,0,0,"6,236",23.5
경상북도,상주시,낙동면,2035,"17,671.00","17,671.00","13,665.00",77.3,0.000,0.00,0.00,0.00,0.00,0.00,0.00,0.00,0.752,"14,243.00","14,243.00","10,237.00",0.00,"10,237.00",0.752,"3,428.00","3,428.00","3,428.00",353.00,"1,252.00","1,823.00",0.00,0,133,45,410,0,0,0,"9,907",72.5
경상북도,상주시,청리면,2035,"47,952.00","47,952.00","43,551.00",90.8,0.000,0.00,0.00,0.00,0.00,0.00,0.00,0.00,1.452,"41,984.00","41,984.00","37,583.00",0.00,"37,583.00",1.452,"5,968.00","5,968.00","5,968.00",0.00,"3,395.00","2,573.00",0.00,0,836,396,811,0,0,0,"24,997",57.4
경상북도,상주시,공성면,2035,"27,013.00","27,013.00","25,434.00",94.2,0.000,0.00,0.00,0.00,0.00,0.00,0.00,0.00,0.828,"17,364.00","17,364.00","15,785.00",0.00,"15,785.00",0.828,"9,649.00","9,649.00","9,649.00",717.00,"6,582.00","2,350.00",0.00,0,351,45,465,0,0,0,"17,253",67.8
경상북도,상주시,외남면,2035,"7,850.00","7,850.00","2,092.00",26.6,0.000,0.00,0.00,0.00,0.00,0.00,0.00,0.00,0.207,"7,220.00","1,462.00","1,462.00",0.00,"1,462.00",0.207,630.00,630.00,630.00,0.00,265.00,365.00,0.00,0,65,0,61,0,0,0,0,0.0
경상북도,상주시,내서면,2035,"8,703.00","8,703.00","2,639.00",30.3,0.000,0.00,0.00,0.00,0.00,0.00,0.00,0.00,0.219,"6,064.00","6,064.00",0.00,0.00,0.00,0.219,"2,639.00","2,639.00","2,639.00",56.00,598.00,"1,985.00",0.00,0,0,15,32,0,0,0,0,0.0
경상북도,상주시,모동면,2035,"28,685.00","28,685.00","27,846.00",97.1,0.000,0.00,0.00,0.00,0.00,0.00,0.00,0.00,1.022,"21,861.00","21,861.00","21,022.00",0.00,"21,022.00",1.022,"6,824.00","6,824.00","6,824.00",425.00,"1,257.00","5,142.00",0.00,0,415,25,358,0,0,0,"13,360",48.0
경상북도,상주시,모서면,2035,"19,509.00","20,017.00","20,017.00",100.0,0.000,0.00,0.00,0.00,0.00,0.00,0.00,0.00,0.614,"14,830.00","14,830.00","15,338.00",0.00,"15,338.00",0.614,"4,679.00","4,679.00","4,679.00",551.00,698.00,"3,430.00",0.00,0,290,13,240,0,0,0,"6,326",31.6
경상북도,상주시,화동면,2035,"12,408.00","12,684.00","12,684.00",100.0,0.000,0.00,0.00,0.00,0.00,0.00,0.00,0.00,0.594,"9,236.00","9,236.00","9,512.00",0.00,"9,512.00",0.594,"3,172.00","3,172.00","3,172.00",462.00,765.00,"1,945.00",0.00,0,280,19,309,0,0,0,"8,772",69.2
경상북도,상주시,화서면,2035,"33,320.00","33,320.00","33,172.00",99.6,0.000,0.00,0.00,0.00,0.00,0.00,0.00,0.00,1.168,"28,423.00","28,423.00","28,275.00",0.00,"28,275.00",1.168,"4,897.00","4,897.00","4,897.00",40.00,"2,567.00","2,290.00",0.00,0,482,27,455,0,0,0,"25,759",77.7
경상북도,상주시,화북면,2035,"21,316.00","21,316.00","17,740.00",83.2,0.000,0.00,0.00,0.00,0.00,0.00,0.00,0.00,1.015,"18,696.00","18,696.00","15,120.00",0.00,"15,120.00",1.015,"2,620.00","2,620.00","2,620.00",283.00,"1,819.00",518.00,0.00,0,303,17,255,0,0,0,"7,424",41.8
경상북도,상주시,외서면,2035,"5,994.00","5,994.00","1,271.00",21.2,0.000,0.00,0.00,0.00,0.00,0.00,0.00,0.00,0.079,"5,587.00","5,587.00",864.00,0.00,864.00,0.079,407.00,407.00,407.00,0.00,351.00,56.00,0.00,0,49,16,77,0,0,0,0,0.0
경상북도,상주시,은척면,2035,"8,061.00","8,061.00","8,061.00",100.0,0.000,0.00,0.00,0.00,0.00,0.00,0.00,0.00,0.152,"6,322.00","6,322.00","6,322.00",0.00,"6,322.00",0.152,"1,739.00","1,739.00","1,739.00",53.00,745.00,941.00,0.00,0,184,27,205,0,0,0,"6,322",78.4
경상북도,상주시,공검면,2035,"9,641.00","9,641.00","9,641.00",100.0,0.000,0.00,0.00,0.00,0.00,0.00,0.00,0.00,0.356,"8,085.00","8,085.00","8,085.00",0.00,"8,085.00",0.356,"1,556.00","1,556.00","1,556.00",194.00,733.00,629.00,0.00,0,179,20,390,0,0,0,"5,418",56.2
경상북도,상주시,이안면,2035,"6,886.00","6,886.00","1,804.00",26.2,0.000,0.00,0.00,0.00,0.00,0.00,0.00,0.00,0.162,"5,082.00","5,082.00",0.00,0.00,0.00,0.162,"1,804.00","1,804.00","1,804.00",152.00,985.00,667.00,0.00,0,0,24,16,0,0,0,0,0.0
경상북도,상주시,화남면,2035,"4,272.00","4,272.00","1,396.00",32.7,0.000,0.00,0.00,0.00,0.00,0.00,0.00,0.00,0.218,"3,261.00","3,261.00",385.00,0.00,385.00,0.218,"1,011.00","1,011.00","1,011.00",25.00,421.00,565.00,0.00,0,15,94,97,0,0,0,385,27.6
경상북도,상주시,남원동,2035,"91,224.00","91,224.00","67,362.00",73.8,0.000,0.00,0.00,0.00,0.00,0.00,0.00,0.00,1.602,"43,019.00","43,019.00","27,351.00",0.00,"27,351.00",1.602,"48,205.00","48,205.00","40,011.00","4,476.00","28,104.00",182.00,"7,249.00",0,684,532,956,0,0,0,"65,206",96.8
경상북도,상주시,북문동,2035,"82,056.00","82,056.00","59,404.00",72.4,0.000,0.00,0.00,0.00,0.00,0.00,0.00,0.00,1.910,"36,872.00","21,902.00","21,902.00",0.00,"21,902.00",1.910,"45,184.00","45,184.00","37,502.00","4,195.00","26,343.00",170.00,"6,794.00",0,548,524,843,0,0,0,"57,440",96.7
경상북도,상주시,계림동,2035,"65,410.00","65,410.00","53,321.00",81.5,0.000,0.00,0.00,0.00,0.00,0.00,0.00,0.00,1.549,"21,476.00","18,172.00","18,172.00",0.00,"18,172.00",1.549,"43,934.00","43,934.00","35,149.00","3,932.00","24,689.00",160.00,"6,368.00",0,454,508,757,0,0,0,"51,507",96.6
경상북도,상주시,동문동,2035,"90,297.00","90,297.00","77,138.00",85.4,0.000,0.00,0.00,0.00,0.00,0.00,0.00,0.00,1.728,"37,420.00","37,420.00","31,663.00",0.00,"31,663.00",1.728,"52,877.00","52,877.00","45,475.00","5,087.00","31,943.00",207.00,"8,238.00",0,792,600,"1,095",0,0,0,"74,515",96.6
경상북도,상주시,동성동,2035,"53,916.00","53,916.00","46,494.00",86.2,0.000,0.00,0.00,0.00,0.00,0.00,0.00,0.00,0.665,"28,226.00","23,884.00","23,884.00",0.00,"23,884.00",0.665,"25,690.00","25,690.00","22,610.00","2,529.00","15,882.00",103.00,"4,096.00",0,597,242,660,0,0,0,"44,913",96.6
경상북도,상주시,신흥동,2035,"67,113.00","67,113.00","56,139.00",83.6,0.000,0.00,0.00,0.00,0.00,0.00,0.00,0.00,1.712,"43,042.00","43,042.00","34,235.00",0.00,"34,235.00",1.712,"24,071.00","24,071.00","21,904.00","2,450.00","15,386.00",100.00,"3,968.00",0,856,157,797,0,28,25,"54,399",96.9
경상북도,문경시,소계,,"845,616.20","845,616.30","804,877.20",95.2,0.000,0.00,0.00,0.00,0.00,0.00,0.00,0.00,29.560,"471,412.10","471,412.10","436,723.10","436,723.10",0.00,882.150,"374,204.10","374,204.20","368,154.10","117,560.00","148,587.00","19,254.10","82,753.00",0,"7,854","6,621","23,262",404,0,180,"804,878",100.0
경상북도,문경시,문경읍,2035,"126,162.00","126,162.00","121,377.00",96.2,0.000,0.00,0.00,0.00,0.00,0.00,0.00,0.00,4.400,"72,943.00","72,943.00","68,158.00","68,158.00",0.00,152.320,"53,219.00","53,219.00","53,219.00","22,953.00","20,709.00","2,514.00","7,043.00",0,"1,257","1,060","3,817",0,0,25,"121,377",100.0
경상북도,문경시,가은읍,2035,"120,945.00","120,945.00","120,924.00",100.0,0.000,0.00,0.00,0.00,0.00,0.00,0.00,0.00,3.100,"61,257.00","61,257.00","61,236.00","61,236.00",0.00,149.350,"59,688.00","59,688.00","59,688.00","9,884.00","25,516.00","1,088.00","23,200.00",0,930,784,"2,722",0,0,47,"120,924",100.0
경상북도,문경시,영순면,2035,"38,706.00","38,706.00","36,021.00",93.1,0.000,0.00,0.00,0.00,0.00,0.00,0.00,0.00,1.800,"26,558.00","26,558.00","23,873.00","23,873.00",0.00,36.750,"12,148.00","12,148.00","12,148.00","3,479.00","3,025.00",260.00,"5,384.00",0,319,269,785,0,0,4,"36,021",100.0
경상북도,문경시,산양면,2035,"37,264.00","37,264.00","29,413.00",78.9,0.000,0.00,0.00,0.00,0.00,0.00,0.00,0.00,2.400,"28,654.00","28,654.00","20,803.00","20,803.00",0.00,30.240,"8,610.00","8,610.00","8,610.00","3,396.00",942.00,"4,272.00",0.00,0,133,113,407,0,0,4,"29,413",100.0
경상북도,문경시,호계면,2035,"40,326.00","40,326.00","38,445.00",95.3,0.000,0.00,0.00,0.00,0.00,0.00,0.00,0.00,3.100,"18,841.00","18,841.00","16,960.00","16,960.00",0.00,50.160,"21,485.00","21,485.00","21,485.00","2,974.00","4,884.00",104.00,"13,523.00",0,290,245,880,0,0,18,"38,445",100.0
경상북도,문경시,산북면,2035,"38,376.00","38,376.00","36,055.00",94.0,0.000,0.00,0.00,0.00,0.00,0.00,0.00,0.00,1.800,"38,376.00","38,376.00","36,055.00","36,055.00",0.00,109.480,0.00,0.00,0.00,0.00,0.00,0.00,0.00,0,164,138,315,0,0,0,"36,055",100.0
경상북도,문경시,동로면,2035,"5,068.00","5,068.00","5,049.00",99.6,0.000,0.00,0.00,0.00,0.00,0.00,0.00,0.00,0.200,"4,945.00","4,945.00","4,926.00","4,926.00",0.00,141.920,123.00,123.00,123.00,123.00,0.00,0.00,0.00,0,101,85,258,0,0,0,"5,049",100.0
경상북도,문경시,마성면,2035,"26,704.00","26,704.00","18,637.00",69.8,0.000,0.00,0.00,0.00,0.00,0.00,0.00,0.00,3.700,"16,822.00","16,822.00","14,805.00","14,805.00",0.00,71.400,"9,882.00","9,882.00","3,832.00","1,317.00",895.00,309.00,"1,311.00",0,905,762,"2,725",0,0,12,"18,637",100.0
경상북도,문경시,농암면,2035,"71,093.00","71,093.00","59,102.00",83.1,0.000,0.00,0.00,0.00,0.00,0.00,0.00,0.00,1.700,"46,521.00","46,521.00","34,530.00","34,530.00",0.00,101.780,"24,572.00","24,572.00","24,572.00","3,872.00","7,014.00",686.00,"13,000.00",0,427,360,"1,253",0,0,23,"59,102",100.0
경상북도,문경시,점촌1동,2035,"75,013.80","75,013.80","74,767.70",99.7,0.000,0.00,0.00,0.00,0.00,0.00,0.00,0.00,0.710,"34,428.90","34,428.90","34,182.90","34,182.90",0.00,0.180,"40,584.90","40,584.90","40,584.80","15,303.60","18,832.40","2,204.60","4,244.20",0,732,617,"2,222",0,0,10,"74,768",100.0
경상북도,문경시,점촌2동,2035,"68,194.40","68,194.40","67,970.80",99.7,0.000,0.00,0.00,0.00,0.00,0.00,0.00,0.00,1.900,"31,299.00","31,299.00","31,075.40","31,075.40",0.00,2.680,"36,895.40","36,895.40","36,895.40","13,912.40","17,120.40","2,004.20","3,858.40",0,666,561,"2,020",0,0,10,"67,971",100.0
경상북도,문경시,점촌3동,2035,"61,375.00","61,375.10","61,173.90",99.7,0.000,0.00,0.00,0.00,0.00,0.00,0.00,0.00,1.700,"28,169.10","28,169.10","27,967.90","27,967.90",0.00,7.240,"33,205.90","33,206.00","33,206.00","12,521.20","15,408.40","1,803.80","3,472.60",0,599,505,"1,818",0,0,8,"61,174",100.0
경상북도,문경시,점촌4동,2035,"51,145.90","51,145.90","50,978.20",99.7,0.000,0.00,0.00,0.00,0.00,0.00,0.00,0.00,1.400,"23,474.30","23,474.30","23,306.60","23,306.60",0.00,28.240,"27,671.60","27,671.60","27,671.60","10,434.30","12,840.30","1,503.20","2,893.80",0,499,421,"1,515",27,0,8,"50,978",100.0
경상북도,문경시,점촌5동,2035,"85,243.10","85,243.10","84,963.60",99.7,0.000,0.00,0.00,0.00,0.00,0.00,0.00,0.00,1.650,"39,123.80","39,123.80","38,844.30","38,844.30",0.00,0.410,"46,119.30","46,119.30","46,119.30","17,390.50","21,400.50","2,505.30","4,823.00",0,832,701,"2,525",377,0,11,"84,964",100.0
경상북도,경산시,소계,,"1,188,251.90","1,534,722.00","983,066.60",64.1,318.220,"619,765.90","619,765.90","214,231.00","15,593.00","120,411.00","78,227.00",0.00,93.560,"392,981.00","548,931.10","420,311.50",759.00,"419,552.50",93.560,"175,505.00","366,025.00","348,524.10","30,073.10","272,314.00","46,137.00",0.00,"2,767","10,122","7,808","25,680","18,917",67,320,"873,690",88.9
경상북도,경산시,하양읍,2035,"186,153.00","186,153.00","85,316.50",45.8,37.120,"85,317.00","85,317.00","12,032.00","2,401.00","5,236.00","4,395.00",0.00,11.530,"58,542.00","58,542.00","37,948.40",0.00,"37,948.40",11.530,"42,294.00","42,294.00","35,336.10","5,425.10","25,797.00","4,114.00",0.00,190,945,778,"2,680","2,205",4,33,"72,689",85.2
경상북도,경산시,진량읍,2035,"342,895.00","353,347.00","200,168.00",56.6,23.390,"189,662.00","189,662.00","61,294.00","1,261.00","31,776.00","28,257.00",0.00,22.790,"95,234.00","95,234.00","70,423.00",397.00,"70,026.00",22.790,"57,999.00","68,451.00","68,451.00","7,804.00","51,747.00","8,900.00",0.00,684,"1,456","1,232","2,877","2,435",5,61,"171,151",85.5
경상북도,경산시,와촌면,2035,"91,667.00","95,311.00","61,018.00",64.0,36.440,"57,374.00","57,374.00","23,081.00","1,844.00","14,111.00","7,126.00",0.00,11.410,"34,293.00","37,187.00","37,187.00",0.00,"37,187.00",11.410,0.00,750.00,750.00,0.00,174.00,576.00,0.00,335,782,4,"2,850",13,16,11,"51,987",85.2
경상북도,경산시,자인면,2035,"143,957.00","143,957.00","63,635.00",44.2,14.720,"61,060.00","61,060.00","22,914.00","1,191.00","16,168.00","5,555.00",0.00,7.330,"55,650.00","55,650.00","21,418.00",0.00,"21,418.00",7.330,"27,247.00","27,247.00","19,303.00","1,479.00","16,043.00","1,781.00",0.00,382,414,386,"1,098","1,021",4,64,"58,689",92.2
경상북도,경산시,용성면,2035,"74,271.00","74,271.00","44,763.00",60.3,77.180,"44,763.00","44,763.00","35,572.00","1,740.00","23,327.00","10,505.00",0.00,2.250,"25,200.00","25,200.00","7,482.00",0.00,"7,482.00",2.250,"4,308.00","4,308.00","1,709.00",0.00,591.00,"1,118.00",0.00,206,62,5,454,36,0,0,"41,137",91.9
경상북도,경산시,남산면,2035,"31,762.00","31,762.00","2,206.00",6.9,31.370,"1,710.00","1,710.00",0.00,0.00,0.00,0.00,0.00,6.820,"30,052.00","30,052.00","2,206.00",0.00,"2,206.00",6.820,0.00,0.00,0.00,0.00,0.00,0.00,0.00,0,58,0,104,0,0,0,"2,067",93.7
경상북도,경산시,압량면,2035,"64,476.00","79,094.00","56,328.00",71.2,10.640,"30,560.00","30,560.00","7,794.00",159.00,"6,550.00","1,085.00",0.00,7.700,"22,907.00","30,518.00","30,518.00",0.00,"30,518.00",7.700,"11,009.00","18,016.00","18,016.00","1,228.00","13,639.00","3,149.00",0.00,94,271,208,321,247,11,14,"49,777",88.4
경상북도,경산시,남천면,2035,"41,008.00","55,334.00","35,581.00",64.3,66.920,"20,408.00","20,408.00","4,074.00",287.00,"2,232.00","1,555.00",0.00,3.630,"20,600.00","20,600.00","17,181.00",0.00,"17,181.00",3.630,0.00,"14,326.00","14,326.00","1,086.00","10,252.00","2,988.00",0.00,73,470,326,"1,184",822,11,40,"32,350",90.9
경상북도,경산시,중방동,2035,"21,051.40","52,452.00","43,893.00",83.7,0.000,"12,492.00","12,492.00","3,933.00",548.00,"1,548.00","1,837.00",0.00,1.200,"5,207.40","20,345.00","20,345.00",0.00,"20,345.00",1.200,"3,352.00","19,615.00","19,615.00","1,117.00","16,009.00","2,489.00",0.00,63,609,512,"1,489","1,254",4,12,"39,811",90.7
경상북도,경산시,중앙동,2035,"13,319.00","40,002.00","35,263.30",88.2,0.020,"7,830.70","7,830.70","3,092.00",431.00,"1,217.00","1,444.00",0.00,0.900,"2,852.30","16,747.30","16,747.30",0.00,"16,747.30",0.900,"2,636.00","15,424.00","15,424.00",879.00,"12,588.00","1,957.00",0.00,49,479,403,"1,171",986,0,10,"32,054",90.9
경상북도,경산시,남부동,2035,"32,583.10","82,586.00","69,404.20",84.0,0.000,"19,400.80","19,400.80","6,219.00",867.00,"2,448.00","2,904.00",0.00,3.700,"7,883.30","32,169.20","32,169.20",0.00,"32,169.20",3.700,"5,299.00","31,016.00","31,016.00","1,767.00","25,313.00","3,936.00",0.00,99,963,811,"2,355","1,982",3,15,"62,950",90.7
경상북도,경산시,서부1동,2035,"50,192.70","125,563.00","106,638.60",84.9,0.010,"31,268.40","31,268.40","12,344.00","2,327.00","5,296.00","4,721.00",0.00,5.600,"10,245.30","46,397.60","46,397.60",280.00,"46,117.60",5.600,"8,679.00","47,897.00","47,897.00","4,425.00","37,921.00","5,551.00",0.00,217,"1,318","1,203","3,314","3,025",6,25,"96,721",90.7
경상북도,경산시,서부2동,2035,"13,225.40","35,931.00","31,119.30",86.6,0.000,"8,413.70","8,413.70","3,602.00",679.00,"1,545.00","1,378.00",0.00,1.500,"4,811.70","13,540.30","13,540.30",82.00,"13,458.30",1.500,0.00,"13,977.00","13,977.00","1,291.00","11,066.00","1,620.00",0.00,63,385,351,967,883,3,10,"28,225",90.7
경상북도,경산시,북부동,2035,"26,648.90","60,032.00","49,355.10",82.2,6.910,"15,012.90","15,012.90","4,336.00",604.00,"1,707.00","2,025.00",0.00,2.600,"6,680.00","23,391.10","23,391.10",0.00,"23,391.10",2.600,"4,956.00","21,628.00","21,628.00","1,232.00","17,651.00","2,745.00",0.00,69,672,565,"1,642","1,382",0,15,"44,854",90.9
경상북도,경산시,동부동,2035,"55,042.40","118,927.00","98,377.60",82.7,13.500,"34,493.40","34,493.40","13,944.00","1,254.00","7,250.00","5,440.00",0.00,4.600,"12,823.00","43,357.60","43,357.60",0.00,"43,357.60",4.600,"7,726.00","41,076.00","41,076.00","2,340.00","33,523.00","5,213.00",0.00,243,"1,238","1,024","3,174","2,626",0,10,"89,228",90.7
경상북도,군부,합계,,"3,486,830.50","4,104,624.89","3,064,520.12",74.7,31.350,"325,869.00","425,967.00","396,707.00","98,031.00","122,914.00","43,862.00","131,900.00",139.191,"2,081,004.50","2,338,608.60","1,658,326.48","1,252.00","1,657,074.48",94.795,"1,079,957.00","1,340,049.29","1,009,486.64","294,141.47","349,372.93","191,765.13","174,207.11","19,267","38,950","20,723","83,229","28,067",38,"18,838","2,130,964",69.5
경상북도,군위군,소계,,"200,467.00","296,753.00","245,799.00",82.8,0.000,0.00,"29,282.00","29,282.00","1,230.00","6,409.00",0.00,"21,643.00",5.400,"71,453.00","109,026.00","96,016.00",0.00,"96,016.00",5.400,"129,014.00","158,445.00","120,501.00","19,298.00","47,429.00",0.00,"53,774.00","2,399",0,0,"4,922",0,0,35,0,0.0
경상북도,군위군,군위읍,2020,"77,510.00","104,720.00","104,720.00",100.0,0.000,0.00,0.00,0.00,0.00,0.00,0.00,0.00,1.900,"28,165.00","29,736.00","29,736.00",0.00,"29,736.00",1.900,"49,345.00","74,984.00","74,984.00","12,031.00","47,429.00",0.00,"15,524.00","1,208",0,0,"2,736",0,0,35,0,0.0
경상북도,군위군,소보면,2020,"14,326.00","33,269.00","18,943.00",56.9,0.000,0.00,"18,943.00","18,943.00",449.00,"4,093.00",0.00,"14,401.00",0.300,"4,093.00","4,093.00",0.00,0.00,0.00,0.300,"10,233.00","10,233.00",0.00,0.00,0.00,0.00,0.00,43,0,0,0,0,0,0,0,0.0
경상북도,군위군,효령면,2020,"37,152.00","37,152.00","23,603.00",63.5,0.000,0.00,0.00,0.00,0.00,0.00,0.00,0.00,0.600,"17,708.00","17,708.00","10,528.00",0.00,"10,528.00",0.600,"19,444.00","19,444.00","13,075.00",456.00,0.00,0.00,"12,619.00",117,0,0,86,0,0,0,0,0.0
경상북도,군위군,부계면,2020,"23,542.00","27,300.00","24,610.00",90.1,0.000,0.00,0.00,0.00,0.00,0.00,0.00,0.00,1.400,"15,923.00","19,681.00","19,681.00",0.00,"19,681.00",1.400,"7,619.00","7,619.00","4,929.00",576.00,0.00,0.00,"4,353.00",364,0,0,954,0,0,0,0,0.0
경상북도,군위군,우보면,2020,"15,739.00","28,886.00","28,886.00",100.0,0.000,0.00,0.00,0.00,0.00,0.00,0.00,0.00,0.400,"3,595.00","12,950.00","12,950.00",0.00,"12,950.00",0.400,"12,144.00","15,936.00","15,936.00","4,409.00",0.00,0.00,"11,527.00",232,0,0,446,0,0,0,0,0.0
경상북도,군위군,의흥면,2020,"13,959.00","22,052.00","17,031.00",77.2,0.000,0.00,0.00,0.00,0.00,0.00,0.00,0.00,0.300,0.00,"8,093.00","8,093.00",0.00,"8,093.00",0.300,"13,959.00","13,959.00","8,938.00","1,606.00",0.00,0.00,"7,332.00",135,0,0,344,0,0,0,0,0.0
경상북도,군위군,산성면,2020,"12,091.00","22,430.00","10,339.00",46.1,0.000,0.00,"10,339.00","10,339.00",781.00,"2,316.00",0.00,"7,242.00",0.200,"1,737.00","1,737.00",0.00,0.00,0.00,0.200,"10,354.00","10,354.00",0.00,0.00,0.00,0.00,0.00,27,0,0,0,0,0,0,0,0.0
경상북도,군위군,고로면,2020,"6,148.00","20,944.00","17,667.00",84.4,0.000,0.00,0.00,0.00,0.00,0.00,0.00,0.00,0.300,232.00,"15,028.00","15,028.00",0.00,"15,028.00",0.300,"5,916.00","5,916.00","2,639.00",220.00,0.00,0.00,"2,419.00",273,0,0,356,0,0,0,0,0.0
경상북도,의성군,소계,,"308,126.00","407,128.00","272,549.00",66.9,0.150,"6,142.00","17,150.00","17,150.00","2,117.00","6,964.00","1,502.00","6,567.00",19.220,"197,840.00","272,626.00","175,208.00",0.00,"175,208.00",17.200,"104,144.00","117,352.00","80,191.00","7,776.00","22,894.00","17,427.00","32,094.00","2,469","5,020",777,"6,833","2,302",2,0,"196,452",72.1
경상북도,의성군,의성읍,2035,"54,325.00","107,576.00","107,576.00",100.0,0.050,"2,642.00","3,052.00","3,052.00","1,592.00","1,354.00",106.00,0.00,4.520,"11,040.00","53,384.00","53,384.00",0.00,"53,384.00",4.600,"40,643.00","51,140.00","51,140.00","2,742.00","7,385.00","13,234.00","27,779.00",127,"1,590",408,"2,421",580,1,0,"78,184",72.7
경상북도,의성군,단촌면,2025,"14,880.00","14,880.00",0.00,0.0,0.000,0.00,0.00,0.00,0.00,0.00,0.00,0.00,0.520,"14,880.00","14,880.00",0.00,0.00,0.00,0.000,0.00,0.00,0.00,0.00,0.00,0.00,0.00,0,0,0,0,0,0,0,0,0.0
경상북도,의성군,점곡면,2020,"13,600.00","13,600.00",0.00,0.0,0.000,0.00,0.00,0.00,0.00,0.00,0.00,0.00,0.760,"13,600.00","13,600.00",0.00,0.00,0.00,0.000,0.00,0.00,0.00,0.00,0.00,0.00,0.00,0,0,0,0,0,0,0,0,0.0
경상북도,의성군,옥산면,2025,"8,200.00","8,200.00",0.00,0.0,0.000,0.00,0.00,0.00,0.00,0.00,0.00,0.00,0.370,"8,200.00","8,200.00",0.00,0.00,0.00,0.000,0.00,0.00,0.00,0.00,0.00,0.00,0.00,0,0,0,0,0,0,0,0,0.0
경상북도,의성군,사곡면,2020,"14,700.00","14,700.00",0.00,0.0,0.000,0.00,0.00,0.00,0.00,0.00,0.00,0.00,0.450,"14,700.00","14,700.00",0.00,0.00,0.00,0.000,0.00,0.00,0.00,0.00,0.00,0.00,0.00,0,0,0,0,0,0,0,0,0.0
경상북도,의성군,춘산면,2020,"2,920.00","5,031.00","5,031.00",100.0,0.000,0.00,"1,956.00","1,956.00",0.00,"1,956.00",0.00,0.00,0.160,"2,920.00","3,075.00","3,075.00",0.00,"3,075.00",0.000,0.00,0.00,0.00,0.00,0.00,0.00,0.00,0,0,0,78,26,0,0,0,0.0
경상북도,의성군,가음면,2020,"7,590.00","7,590.00",0.00,0.0,0.000,0.00,0.00,0.00,0.00,0.00,0.00,0.00,0.400,"7,590.00","7,590.00",0.00,0.00,0.00,0.000,0.00,0.00,0.00,0.00,0.00,0.00,0.00,0,0,0,0,0,0,0,0,0.0
경상북도,의성군,금성면,2020,"38,943.00","53,834.00","46,049.00",85.5,0.100,"3,500.00","10,234.00","10,234.00",525.00,"1,746.00","1,396.00","6,567.00",3.450,"14,020.00","22,177.00","22,177.00",0.00,"22,177.00",3.200,"21,423.00","21,423.00","13,638.00","2,738.00","9,500.00","1,400.00",0.00,402,952,99,602,411,1,0,"35,100",76.2
경상북도,의성군,봉양면,2035,"23,583.00","33,996.00","26,263.00",77.3,0.000,0.00,0.00,0.00,0.00,0.00,0.00,0.00,1.460,"15,850.00","26,263.00","26,263.00",0.00,"26,263.00",2.000,"7,733.00","7,733.00",0.00,0.00,0.00,0.00,0.00,511,649,135,947,413,0,0,"13,988",53.3
경상북도,의성군,비안면,2025,"10,100.00","10,100.00",0.00,0.0,0.000,0.00,0.00,0.00,0.00,0.00,0.00,0.00,0.440,"10,100.00","10,100.00",0.00,0.00,0.00,0.000,0.00,0.00,0.00,0.00,0.00,0.00,0.00,0,0,0,0,0,0,0,0,0.0
경상북도,의성군,구천면,2035,"2,230.00","4,138.00","4,037.00",97.6,0.000,0.00,"1,908.00","1,908.00",0.00,"1,908.00",0.00,0.00,0.950,"2,230.00","2,230.00","2,129.00",0.00,"2,129.00",0.000,0.00,0.00,0.00,0.00,0.00,0.00,0.00,0,0,0,66,20,0,0,0,0.0
경상북도,의성군,단밀면,2035,"16,051.00","16,051.00","7,095.00",44.2,0.000,0.00,0.00,0.00,0.00,0.00,0.00,0.00,0.750,"12,685.00","12,685.00","7,095.00",0.00,"7,095.00",1.100,"3,366.00","3,366.00",0.00,0.00,0.00,0.00,0.00,125,153,0,208,174,0,0,"7,095",100.0
경상북도,의성군,단북면,2035,"14,323.00","14,323.00","10,324.00",72.1,0.000,0.00,0.00,0.00,0.00,0.00,0.00,0.00,0.650,"8,440.00","8,440.00","6,893.00",0.00,"6,893.00",2.000,"5,883.00","5,883.00","3,431.00",0.00,"1,264.00","2,167.00",0.00,210,829,21,414,196,0,0,"7,893",76.5
경상북도,의성군,안계면,2035,"43,771.00","52,469.00","36,644.00",69.8,0.000,0.00,0.00,0.00,0.00,0.00,0.00,0.00,2.150,"22,585.00","31,283.00","31,283.00",0.00,"31,283.00",2.700,"21,186.00","21,186.00","5,361.00","1,550.00","3,811.00",0.00,0.00,508,224,93,"1,449",382,0,0,"31,283",85.4
경상북도,의성군,다인면,2035,"21,800.00","29,530.00","29,530.00",100.0,0.000,0.00,0.00,0.00,0.00,0.00,0.00,0.00,1.550,"17,890.00","22,909.00","22,909.00",0.00,"22,909.00",1.600,"3,910.00","6,621.00","6,621.00",746.00,934.00,626.00,"4,315.00",586,623,21,648,100,0,0,"22,909",77.6
경상북도,의성군,신평면,2025,"4,910.00","4,910.00",0.00,0.0,0.000,0.00,0.00,0.00,0.00,0.00,0.00,0.00,0.180,"4,910.00","4,910.00",0.00,0.00,0.00,0.000,0.00,0.00,0.00,0.00,0.00,0.00,0.00,0,0,0,0,0,0,0,0,0.0
경상북도,의성군,안평면,2025,"14,240.00","14,240.00",0.00,0.0,0.000,0.00,0.00,0.00,0.00,0.00,0.00,0.00,0.390,"14,240.00","14,240.00",0.00,0.00,0.00,0.000,0.00,0.00,0.00,0.00,0.00,0.00,0.00,0,0,0,0,0,0,0,0,0.0
경상북도,의성군,안사면,2025,"1,960.00","1,960.00",0.00,0.0,0.000,0.00,0.00,0.00,0.00,0.00,0.00,0.00,0.070,"1,960.00","1,960.00",0.00,0.00,0.00,0.000,0.00,0.00,0.00,0.00,0.00,0.00,0.00,0,0,0,0,0,0,0,0,0.0
경상북도,청송군,소계,,"183,209.90","183,211.00","155,774.00",85.0,0.000,0.00,0.00,0.00,0.00,0.00,0.00,0.00,5.600,"126,920.90","126,921.00","99,484.00","1,246.00","98,238.00",5.600,"56,289.00","56,290.00","56,290.00","6,026.00","17,070.00",0.00,"33,194.00",0,"2,733",0,"2,062",728,0,69,"147,319",94.6
경상북도,청송군,청송읍,2030,"52,921.00","52,921.00","52,921.00",100.0,0.000,0.00,0.00,0.00,0.00,0.00,0.00,0.00,1.600,"30,758.00","30,758.00","30,758.00",698.00,"30,060.00",1.600,"22,163.00","22,163.00","22,163.00","2,129.00","8,479.00",0.00,"11,555.00",0,938,0,771,178,0,23,"52,921",100.0
경상북도,청송군,부동면,2030,0.00,0.00,0.00,0.0,0.000,0.00,0.00,0.00,0.00,0.00,0.00,0.00,0.000,0.00,0.00,0.00,0.00,0.00,0.000,0.00,0.00,0.00,0.00,0.00,0.00,0.00,0,0,0,0,28,0,0,0,0.0
경상북도,청송군,부남면,2030,"12,869.70","12,869.70","3,337.00",25.9,0.000,0.00,0.00,0.00,0.00,0.00,0.00,0.00,0.500,"12,869.70","12,869.70","3,337.00",0.00,"3,337.00",0.500,0.00,0.00,0.00,0.00,0.00,0.00,0.00,0,45,0,95,79,0,0,"1,883",56.4
경상북도,청송군,현동면,2030,"8,978.00","8,978.00",0.00,0.0,0.000,0.00,0.00,0.00,0.00,0.00,0.00,0.00,0.400,"8,978.00","8,978.00",0.00,0.00,0.00,0.400,0.00,0.00,0.00,0.00,0.00,0.00,0.00,0,0,0,0,52,0,0,0,0.0
경상북도,청송군,현서면,2030,"15,926.00","15,926.00","7,000.00",44.0,0.000,0.00,0.00,0.00,0.00,0.00,0.00,0.00,0.600,"15,926.00","15,926.00","7,000.00",0.00,"7,000.00",0.600,0.00,0.00,0.00,0.00,0.00,0.00,0.00,0,0,0,68,71,0,0,0,0.0
경상북도,청송군,안덕면,2030,"26,534.90","26,536.00","26,536.00",100.0,0.000,0.00,0.00,0.00,0.00,0.00,0.00,0.00,0.600,"21,048.90","21,049.00","21,049.00",0.00,"21,049.00",0.600,"5,486.00","5,487.00","5,487.00",0.00,538.00,0.00,"4,949.00",0,644,0,452,83,0,38,"26,535",100.0
경상북도,청송군,파천면,2030,0.00,0.00,0.00,0.0,0.000,0.00,0.00,0.00,0.00,0.00,0.00,0.00,0.000,0.00,0.00,0.00,0.00,0.00,0.000,0.00,0.00,0.00,0.00,0.00,0.00,0.00,0,0,0,0,22,0,0,0,0.0
경상북도,청송군,진보면,2030,"65,980.30","65,980.30","65,980.00",100.0,0.000,0.00,0.00,0.00,0.00,0.00,0.00,0.00,1.900,"37,340.30","37,340.30","37,340.00",548.00,"36,792.00",1.900,"28,640.00","28,640.00","28,640.00","3,897.00","8,053.00",0.00,"16,690.00",0,"1,106",0,676,215,0,8,"65,980",100.0
경상북도,영양군,소계,,"241,347.00","248,671.00","215,400.00",86.6,0.000,"4,854.00","4,854.00","4,854.00","2,705.00","1,411.00",738.00,0.00,3.100,"120,420.00","127,744.00","98,981.00",0.00,"98,981.00",0.000,"116,073.00","116,073.00","111,565.00","64,109.00","20,156.00","27,300.00",0.00,0,"1,249",666,"3,237","1,997",12,142,"83,721",38.9
경상북도,영양군,영양읍,2030,"90,293.00","90,293.00","80,783.00",89.5,0.000,0.00,0.00,0.00,0.00,0.00,0.00,0.00,1.000,"48,370.00","48,370.00","40,368.00",0.00,"40,368.00",0.000,"41,923.00","41,923.00","40,415.00","20,491.00","11,321.00","8,603.00",0.00,0,563,403,"1,717","1,208",0,38,"27,577",34.1
경상북도,영양군,입암면,2030,"47,189.00","47,189.00","40,412.00",85.6,0.000,"1,426.00","1,426.00","1,426.00","1,015.00",285.00,126.00,0.00,0.500,"19,366.00","19,366.00","12,589.00",0.00,"12,589.00",0.000,"26,397.00","26,397.00","26,397.00","16,406.00","2,960.00","7,031.00",0.00,0,154,94,394,282,0,20,"12,589",31.2
경상북도,영양군,청기면,2030,"29,986.00","33,546.00","33,546.00",100.0,0.000,530.00,530.00,530.00,425.00,105.00,0.00,0.00,0.600,"16,792.00","20,352.00","20,352.00",0.00,"20,352.00",0.000,"12,664.00","12,664.00","12,664.00","7,885.00","1,399.00","3,380.00",0.00,0,241,58,363,175,11,29,"17,883",53.3
경상북도,영양군,일월면,2030,"24,853.00","24,853.00","15,372.00",61.9,0.000,0.00,0.00,0.00,0.00,0.00,0.00,0.00,0.300,"16,106.00","16,106.00","6,625.00",0.00,"6,625.00",0.000,"8,747.00","8,747.00","8,747.00","5,602.00",743.00,"2,402.00",0.00,0,53,32,135,97,0,18,"6,625",43.1
경상북도,영양군,수비면,2030,"21,340.00","21,340.00","16,837.00",78.9,0.000,0.00,0.00,0.00,0.00,0.00,0.00,0.00,0.300,"10,223.00","10,223.00","5,720.00",0.00,"5,720.00",0.000,"11,117.00","11,117.00","11,117.00","7,304.00",682.00,"3,131.00",0.00,0,42,37,319,110,1,21,"5,720",34.0
경상북도,영양군,석보면,2030,"27,686.00","31,450.00","28,450.00",90.5,0.000,"2,898.00","2,898.00","2,898.00","1,265.00","1,021.00",612.00,0.00,0.400,"9,563.00","13,327.00","13,327.00",0.00,"13,327.00",0.000,"15,225.00","15,225.00","12,225.00","6,421.00","3,051.00","2,753.00",0.00,0,196,42,309,125,0,16,"13,327",46.8
경상북도,영덕군,소계,,"229,344.00","405,214.00","324,044.00",80.0,0.000,0.00,"29,450.00","29,450.00","3,670.00","25,780.00",0.00,0.00,8.025,"229,344.00","229,344.00","148,174.00",0.00,"148,174.00",0.000,0.00,"146,420.00","146,420.00","12,996.00","32,615.00","100,809.00",0.00,153,"2,245",0,"8,327","1,420",3,0,"138,472",42.7
경상북도,영덕군,영덕읍,2030,"50,235.00","93,845.00","80,330.00",85.6,0.000,0.00,"7,150.00","7,150.00",250.00,"6,900.00",0.00,0.00,1.839,"50,235.00","50,235.00","36,720.00",0.00,"36,720.00",0.000,0.00,"36,460.00","36,460.00","1,367.00","9,309.00","25,784.00",0.00,39,799,0,"2,393",500,0,0,"34,189",42.6
경상북도,영덕군,강구면,2030,"40,796.00","85,995.00","80,398.00",93.5,0.000,0.00,"1,800.00","1,800.00",300.00,"1,500.00",0.00,0.00,1.570,"40,796.00","40,796.00","35,199.00",0.00,"35,199.00",0.000,0.00,"43,399.00","43,399.00","3,053.00","8,075.00","32,271.00",0.00,15,864,0,"2,179",400,0,0,"34,356",42.7
경상북도,영덕군,남정면,2030,"18,530.00","23,078.00","16,362.00",70.9,0.000,0.00,"4,280.00","4,280.00",380.00,"3,900.00",0.00,0.00,0.664,"18,530.00","18,530.00","11,814.00",0.00,"11,814.00",0.000,0.00,268.00,268.00,0.00,268.00,0.00,0.00,23,45,0,893,100,2,0,"3,460",21.1
경상북도,영덕군,달산면,2030,"4,560.00","5,660.00","1,100.00",19.4,0.000,0.00,"1,100.00","1,100.00",150.00,950.00,0.00,0.00,0.000,"4,560.00","4,560.00",0.00,0.00,0.00,0.000,0.00,0.00,0.00,0.00,0.00,0.00,0.00,0,0,0,0,0,0,0,0,0.0
경상북도,영덕군,지품면,2030,"3,691.00","4,491.00",800.00,17.8,0.000,0.00,800.00,800.00,210.00,590.00,0.00,0.00,0.000,"3,691.00","3,691.00",0.00,0.00,0.00,0.000,0.00,0.00,0.00,0.00,0.00,0.00,0.00,0,0,0,0,0,0,0,0,0.0
경상북도,영덕군,축산면,2030,"21,177.00","40,099.00","32,409.00",80.8,0.000,0.00,"3,980.00","3,980.00",580.00,"3,400.00",0.00,0.00,0.545,"21,177.00","21,177.00","13,487.00",0.00,"13,487.00",0.000,0.00,"14,942.00","14,942.00",973.00,"4,049.00","9,920.00",0.00,24,201,0,636,50,0,0,"11,642",35.9
경상북도,영덕군,영해면,2030,"48,990.00","100,404.00","87,228.00",86.9,0.000,0.00,"5,790.00","5,790.00",950.00,"4,840.00",0.00,0.00,1.520,"48,990.00","48,990.00","35,814.00",0.00,"35,814.00",0.000,0.00,"45,624.00","45,624.00","6,782.00","9,551.00","29,291.00",0.00,28,244,0,"1,684",300,0,0,"37,190",42.6
경상북도,영덕군,병곡면,2030,"35,463.00","45,740.00","19,515.00",42.7,0.000,0.00,"4,550.00","4,550.00",850.00,"3,700.00",0.00,0.00,1.887,"35,463.00","35,463.00","9,238.00",0.00,"9,238.00",0.000,0.00,"5,727.00","5,727.00",821.00,"1,363.00","3,543.00",0.00,24,92,0,351,50,1,0,"11,733",60.1
경상북도,영덕군,창수면,2030,"5,902.00","5,902.00","5,902.00",100.0,0.000,0.00,0.00,0.00,0.00,0.00,0.00,0.00,0.000,"5,902.00","5,902.00","5,902.00",0.00,"5,902.00",0.000,0.00,0.00,0.00,0.00,0.00,0.00,0.00,0,0,0,191,20,0,0,"5,902",100.0
경상북도,청도군,소계,,"173,316.00","271,763.00","232,419.00",85.5,8.600,"69,250.00","95,003.00","83,345.00","10,784.00","15,641.00","18,902.00","38,018.00",8.947,"74,076.00","136,368.00","119,084.00",0.00,"119,084.00",8.277,"29,990.00","40,392.00","29,990.00","1,209.00","24,673.00","1,972.00","2,136.00","2,744","1,765",0,"8,490",0,0,0,"219,714",94.5
경상북도,청도군,화양읍,2030,"41,293.00","78,125.00","78,125.00",100.0,2.100,"18,555.00","24,678.00","24,678.00","2,989.00","5,221.00","8,537.00","7,931.00",2.083,"18,410.00","41,275.00","41,275.00",0.00,"41,275.00",2.083,"4,328.00","12,172.00","12,172.00",526.00,"7,538.00","1,972.00","2,136.00",937,0,0,"2,452",0,0,0,"71,092",91.0
경상북도,청도군,청도읍,2030,"51,644.00","86,754.00","80,465.00",92.8,1.700,"16,303.00","34,934.00","34,934.00","4,624.00","7,826.00","6,284.00","16,200.00",2.498,"16,077.00","32,556.00","32,556.00",0.00,"32,556.00",2.498,"19,264.00","19,264.00","12,975.00",448.00,"12,527.00",0.00,0.00,"1,568","1,568",0,"4,349",0,0,0,"87,933",109.3
경상북도,청도군,각남면,2030,"5,176.00","15,800.00","15,316.00",96.9,0.000,0.00,0.00,0.00,0.00,0.00,0.00,0.00,0.776,"4,311.00","14,935.00","14,935.00",0.00,"14,935.00",0.776,865.00,865.00,381.00,0.00,381.00,0.00,0.00,42,0,0,122,0,0,0,"15,320",100.0
경상북도,청도군,풍각면,2030,"28,323.00","28,323.00","21,107.00",74.5,2.200,"19,450.00","19,450.00","14,996.00","1,849.00","1,332.00","2,574.00","9,241.00",0.815,"5,031.00","5,031.00","4,207.00",0.00,"4,207.00",0.815,"3,842.00","3,842.00","1,904.00",0.00,"1,904.00",0.00,0.00,80,80,0,808,0,0,0,"17,909",84.8
경상북도,청도군,각북면,2030,"13,940.00","13,940.00","5,460.00",39.2,0.900,0.00,0.00,0.00,0.00,0.00,0.00,0.00,0.576,"13,940.00","13,940.00","5,460.00",0.00,"5,460.00",0.576,0.00,0.00,0.00,0.00,0.00,0.00,0.00,0,0,0,0,0,0,0,0,0.0
경상북도,청도군,이서면,2030,"13,353.00","14,352.00","13,237.00",92.2,0.900,"7,738.00","8,737.00","8,737.00","1,322.00","1,262.00","1,507.00","4,646.00",0.576,"5,615.00","5,615.00","4,500.00",0.00,"4,500.00",0.576,0.00,0.00,0.00,0.00,0.00,0.00,0.00,48,48,0,490,0,0,0,"12,251",92.6
경상북도,청도군,운문면,2030,"6,469.00","9,027.00","5,282.00",58.5,0.000,0.00,0.00,0.00,0.00,0.00,0.00,0.00,0.351,"6,469.00","6,469.00","2,724.00",0.00,"2,724.00",0.351,0.00,"2,558.00","2,558.00",235.00,"2,323.00",0.00,0.00,45,24,0,0,0,0,0,"5,282",100.0
경상북도,청도군,금천면,2030,"9,998.00","22,322.00","13,427.00",60.2,0.800,"7,204.00","7,204.00",0.00,0.00,0.00,0.00,0.00,0.602,"1,103.00","13,427.00","13,427.00",0.00,"13,427.00",0.602,"1,691.00","1,691.00",0.00,0.00,0.00,0.00,0.00,24,45,0,269,0,0,0,"9,927",73.9
경상북도,청도군,매전면,2030,"3,120.00","3,120.00",0.00,0.0,0.000,0.00,0.00,0.00,0.00,0.00,0.00,0.00,0.670,"3,120.00","3,120.00",0.00,0.00,0.00,0.000,0.00,0.00,0.00,0.00,0.00,0.00,0.00,0,0,0,0,0,0,0,0,0.0
경상북도,고령군,소계,,"372,118.00","372,118.00","255,631.00",68.7,0.000,0.00,0.00,0.00,0.00,0.00,0.00,0.00,7.156,"224,018.00","224,018.00","139,389.00",0.00,"139,389.00",6.835,"148,100.00","148,100.00","116,242.00","17,071.00","65,074.00","12,856.00","21,241.00",0,"3,472","4,668","4,427","2,574",0,47,"254,447",99.5
경상북도,고령군,대가야읍,2035,"167,237.00","167,237.00","129,630.00",77.5,0.000,0.00,0.00,0.00,0.00,0.00,0.00,0.00,2.657,"73,568.00","73,568.00","52,580.00",0.00,"52,580.00",2.657,"93,669.00","93,669.00","77,050.00","10,452.00","39,596.00","10,534.00","16,468.00",0,"1,369","3,175","1,848","1,219",0,37,"129,630",100.0
경상북도,고령군,덕곡면,2035,"1,800.00","1,800.00",0.00,0.0,0.000,0.00,0.00,0.00,0.00,0.00,0.00,0.00,0.102,"1,800.00","1,800.00",0.00,0.00,0.00,0.102,0.00,0.00,0.00,0.00,0.00,0.00,0.00,0,0,0,0,0,0,0,0,0.0
경상북도,고령군,운수면,2035,"16,618.00","16,618.00","10,218.00",61.5,0.000,0.00,0.00,0.00,0.00,0.00,0.00,0.00,0.460,"11,902.00","11,902.00","5,502.00",0.00,"5,502.00",0.460,"4,716.00","4,716.00","4,716.00",527.00,"2,547.00",381.00,"1,261.00",0,188,182,378,151,0,0,"10,218",100.0
경상북도,고령군,성산면,2035,"20,658.00","20,658.00","18,868.00",91.3,0.000,0.00,0.00,0.00,0.00,0.00,0.00,0.00,0.422,"19,150.00","19,150.00","17,360.00",0.00,"17,360.00",0.422,"1,508.00","1,508.00","1,508.00",279.00,"1,229.00",0.00,0.00,0,229,91,442,221,0,0,"18,868",100.0
경상북도,고령군,다산면,2035,"86,679.00","86,679.00","62,437.00",72.0,0.000,0.00,0.00,0.00,0.00,0.00,0.00,0.00,1.499,"42,962.00","42,962.00","33,959.00",0.00,"33,959.00",1.499,"43,717.00","43,717.00","28,478.00","5,216.00","18,594.00","1,929.00","2,739.00",0,996,"1,074",941,602,0,10,"62,437",100.0
경상북도,고령군,개진면,2035,"23,861.00","23,861.00","14,077.00",59.0,0.000,0.00,0.00,0.00,0.00,0.00,0.00,0.00,0.770,"23,861.00","23,861.00","14,077.00",0.00,"14,077.00",0.770,0.00,0.00,0.00,0.00,0.00,0.00,0.00,0,377,0,362,199,0,0,"14,077",100.0
경상북도,고령군,우곡면,2035,"13,197.00","13,197.00",0.00,0.0,0.000,0.00,0.00,0.00,0.00,0.00,0.00,0.00,0.337,"13,197.00","13,197.00",0.00,0.00,0.00,0.337,0.00,0.00,0.00,0.00,0.00,0.00,0.00,0,0,0,0,0,0,0,0,0.0
경상북도,고령군,쌍림면,2035,"42,068.00","42,068.00","20,401.00",48.5,0.000,0.00,0.00,0.00,0.00,0.00,0.00,0.00,0.909,"37,578.00","37,578.00","15,911.00",0.00,"15,911.00",0.588,"4,490.00","4,490.00","4,490.00",597.00,"3,108.00",12.00,773.00,0,313,146,456,182,0,0,"19,217",94.2
경상북도,성주군,소계,,"316,502.00","332,264.00","287,407.00",86.5,0.700,"29,793.00","29,793.00","29,793.00","3,478.00","8,988.00","9,690.00","7,637.00",4.600,"178,594.00","193,960.00","184,342.00",0.00,"184,342.00",8.100,"108,115.00","108,511.00","73,272.00","18,639.00","39,895.00",187.00,"14,551.00","2,123","7,187","5,703","4,525",426,1,16,"246,600",85.8
경상북도,성주군,성주읍,2035,"135,887.00","146,246.00","118,406.00",81.0,0.700,"29,793.00","29,793.00","29,793.00","3,478.00","8,988.00","9,690.00","7,637.00",1.700,"63,030.00","73,389.00","73,389.00",0.00,"73,389.00",1.700,"43,064.00","43,064.00","15,224.00","1,137.00","5,331.00",187.00,"8,569.00",975,"2,960","2,366","2,217",212,1,16,"87,909",74.2
경상북도,성주군,선남면,2035,"39,531.00","39,531.00","34,667.00",87.7,0.000,0.00,0.00,0.00,0.00,0.00,0.00,0.00,0.500,"27,453.00","27,453.00","22,589.00",0.00,"22,589.00",0.500,"12,078.00","12,078.00","12,078.00","6,039.00","6,039.00",0.00,0.00,126,867,689,461,44,0,0,"32,631",94.1
경상북도,성주군,용암면,2025,"18,857.00","20,703.00","20,703.00",100.0,0.000,0.00,0.00,0.00,0.00,0.00,0.00,0.00,0.300,"7,619.00","9,069.00","9,069.00",0.00,"9,069.00",0.300,"11,238.00","11,634.00","11,634.00","5,619.00","6,015.00",0.00,0.00,166,518,404,255,21,0,0,"20,703",100.0
경상북도,성주군,수륜면,2020,"8,616.00","8,616.00","3,862.00",44.8,0.000,0.00,0.00,0.00,0.00,0.00,0.00,0.00,0.100,"8,616.00","8,616.00","3,862.00",0.00,"3,862.00",0.000,0.00,0.00,0.00,0.00,0.00,0.00,0.00,65,97,72,93,9,0,0,0,0.0
경상북도,성주군,가천면,2025,"35,500.00","35,500.00","35,500.00",100.0,0.000,0.00,0.00,0.00,0.00,0.00,0.00,0.00,0.500,"18,684.00","18,684.00","18,684.00",0.00,"18,684.00",0.500,"16,816.00","16,816.00","16,816.00","3,363.00","10,089.00",0.00,"3,364.00",206,888,698,380,34,0,0,"35,500",100.0
경상북도,성주군,금수면,2020,0.00,0.00,0.00,0.0,0.000,0.00,0.00,0.00,0.00,0.00,0.00,0.00,0.000,0.00,0.00,0.00,0.00,0.00,0.000,0.00,0.00,0.00,0.00,0.00,0.00,0.00,0,0,0,0,0,0,0,0,0.0
경상북도,성주군,대가면,2020,0.00,0.00,0.00,0.0,0.000,0.00,0.00,0.00,0.00,0.00,0.00,0.00,0.000,0.00,0.00,0.00,0.00,0.00,0.000,0.00,0.00,0.00,0.00,0.00,0.00,0.00,0,0,0,0,0,0,0,0,0.0
경상북도,성주군,벽진면,2025,"32,714.00","32,714.00","32,714.00",100.0,0.000,0.00,0.00,0.00,0.00,0.00,0.00,0.00,0.400,"28,602.00","28,602.00","28,602.00",0.00,"28,602.00",4.000,"4,112.00","4,112.00","4,112.00",0.00,"3,977.00",0.00,135.00,240,818,651,457,44,0,0,"32,714",100.0
경상북도,성주군,초전면,2035,"37,010.00","40,567.00","33,405.00",82.3,0.000,0.00,0.00,0.00,0.00,0.00,0.00,0.00,0.600,"20,176.00","23,733.00","23,733.00",0.00,"23,733.00",0.600,"16,834.00","16,834.00","9,672.00","1,934.00","5,803.00",0.00,"1,935.00",302,835,664,487,47,0,0,"33,405",100.0
경상북도,성주군,월항면,2025,"8,387.00","8,387.00","8,150.00",97.2,0.000,0.00,0.00,0.00,0.00,0.00,0.00,0.00,0.500,"4,414.00","4,414.00","4,414.00",0.00,"4,414.00",0.500,"3,973.00","3,973.00","3,736.00",547.00,"2,641.00",0.00,548.00,43,204,159,175,15,0,0,"3,738",45.9
경상북도,칠곡군,소계,,"454,897.00","500,276.00","343,314.00",68.6,8.400,"96,738.00","96,738.00","85,114.00","11,634.00","32,212.00","13,030.00","28,238.00",32.200,"210,580.00","255,959.00","191,867.00",0.00,"191,867.00",0.000,"147,579.00","147,579.00","66,333.00","28,276.00","37,690.00",50.00,317.00,"7,483","5,508","3,965","23,939","9,732",20,163,"345,703",100.7
경상북도,칠곡군,왜관읍,2030,"230,490.00","230,490.00","152,137.00",66.0,4.800,"52,706.00","52,706.00","52,706.00","7,195.00","12,649.00","11,420.00","21,442.00",11.400,"103,571.00","103,571.00","73,894.00",0.00,"73,894.00",0.000,"74,213.00","74,213.00","25,537.00","9,399.00","15,771.00",50.00,317.00,"3,708","2,915","3,112","11,540","5,234",6,34,"152,137",100.0
경상북도,칠곡군,북삼읍,2030,"79,169.00","79,169.00","79,163.00",100.0,0.900,"12,863.00","12,863.00","12,863.00","2,404.00","9,412.00",294.00,753.00,3.900,"42,934.00","42,934.00","42,934.00",0.00,"42,934.00",0.000,"23,372.00","23,372.00","23,366.00","5,485.00","17,881.00",0.00,0.00,"2,206",743,0,"8,700","2,045",4,1,"79,163",100.0
경상북도,칠곡군,석적읍,2030,"52,739.00","52,739.00","4,500.00",8.5,0.600,"1,513.00","1,513.00",0.00,0.00,0.00,0.00,0.00,2.300,"34,985.00","34,985.00","4,500.00",0.00,"4,500.00",0.000,"16,241.00","16,241.00",0.00,0.00,0.00,0.00,0.00,0,0,0,0,0,0,23,0,0.0
경상북도,칠곡군,지천면,2030,"6,907.00","50,686.00","50,686.00",100.0,0.000,0.00,0.00,0.00,0.00,0.00,0.00,0.00,2.900,0.00,"43,779.00","43,779.00",0.00,"43,779.00",0.000,"6,907.00","6,907.00","6,907.00","6,696.00",211.00,0.00,0.00,138,"1,362",853,"1,009",0,5,43,"59,175",116.7
경상북도,칠곡군,동명면,2030,0.00,"1,600.00","1,600.00",100.0,0.000,0.00,0.00,0.00,0.00,0.00,0.00,0.00,2.500,0.00,"1,600.00","1,600.00",0.00,"1,600.00",0.000,0.00,0.00,0.00,0.00,0.00,0.00,0.00,0,0,0,0,0,0,20,0,0.0
경상북도,칠곡군,가산면,2030,0.00,0.00,0.00,0.0,0.000,0.00,0.00,0.00,0.00,0.00,0.00,0.00,5.300,0.00,0.00,0.00,0.00,0.00,0.000,0.00,0.00,0.00,0.00,0.00,0.00,0.00,0,0,0,0,0,0,16,0,0.0
경상북도,칠곡군,약목면,2030,"84,624.00","84,624.00","55,228.00",65.3,2.100,"29,656.00","29,656.00","19,545.00","2,035.00","10,151.00","1,316.00","6,043.00",3.800,"28,122.00","28,122.00","25,160.00",0.00,"25,160.00",0.000,"26,846.00","26,846.00","10,523.00","6,696.00","3,827.00",0.00,0.00,"1,431",488,0,"2,690","2,453",5,19,"55,228",100.0
경상북도,칠곡군,기산면,2030,968.00,968.00,0.00,0.0,0.000,0.00,0.00,0.00,0.00,0.00,0.00,0.00,0.100,968.00,968.00,0.00,0.00,0.00,0.000,0.00,0.00,0.00,0.00,0.00,0.00,0.00,0,0,0,0,0,0,7,0,0.0
경상북도,예천군,소계,,"379,283.00","390,349.00","274,200.00",70.2,13.000,"111,302.00","115,907.00","111,029.00","58,286.00","25,179.00",0.00,"27,564.00",15.000,"167,928.00","174,389.00","125,318.00",6.00,"125,312.00",16.000,"100,053.00","100,053.00","37,853.00","37,853.00",0.00,0.00,0.00,"1,384","1,582","2,058","5,301","4,863",0,"18,108","150,389",54.8
경상북도,예천군,예천읍,2020,"225,734.00","225,734.00","146,204.00",64.8,2.000,"73,886.00","73,886.00","70,824.00","31,755.00","11,505.00",0.00,"27,564.00",4.000,"90,901.00","90,901.00","64,345.00",0.00,"64,345.00",4.000,"60,947.00","60,947.00","11,035.00","11,035.00",0.00,0.00,0.00,794,"1,059","1,377","2,581","3,177",0,"14,349","114,486",78.3
경상북도,예천군,용문면,2020,"13,105.00","18,253.00","17,282.00",94.7,1.000,"3,009.00","3,242.00","3,242.00","2,210.00","1,032.00",0.00,0.00,1.000,"6,628.00","11,543.00","11,543.00",0.00,"11,543.00",1.000,"3,468.00","3,468.00","2,497.00","2,497.00",0.00,0.00,0.00,52,63,82,158,189,0,419,"6,407",37.1
경상북도,예천군,감천면,2020,"16,041.00","16,777.00","12,115.00",72.2,1.000,"4,037.00","4,773.00","4,773.00","3,248.00","1,525.00",0.00,0.00,1.000,"7,880.00","7,880.00","4,435.00",0.00,"4,435.00",1.000,"4,124.00","4,124.00","2,907.00","2,907.00",0.00,0.00,0.00,68,26,34,205,78,0,499,"1,053",8.7
경상북도,예천군,보문면,2020,"9,859.00","10,143.00","6,597.00",65.0,1.000,"2,455.00","2,739.00","2,739.00","2,033.00",706.00,0.00,0.00,1.000,"4,860.00","4,860.00","2,168.00",0.00,"2,168.00",1.000,"2,544.00","2,544.00","1,690.00","1,690.00",0.00,0.00,0.00,0,0,0,123,63,0,0,"6,597",100.0
경상북도,예천군,호명면,2020,"13,949.00","14,133.00","9,482.00",67.1,1.000,"3,179.00","3,363.00","3,363.00","2,171.00","1,192.00",0.00,0.00,1.000,"7,070.00","7,070.00","3,539.00",0.00,"3,539.00",1.000,"3,700.00","3,700.00","2,580.00","2,580.00",0.00,0.00,0.00,50,22,29,150,87,0,336,"1,514",16.0
경상북도,예천군,유천면,2020,"17,239.00","17,862.00","13,880.00",77.7,1.000,"3,988.00","4,611.00","4,611.00","2,740.00","1,871.00",0.00,0.00,1.000,"8,521.00","8,521.00","6,332.00",6.00,"6,326.00",1.000,"4,730.00","4,730.00","2,937.00","2,937.00",0.00,0.00,0.00,148,152,198,167,446,0,503,0,0.0
경상북도,예천군,용궁면,2020,"20,459.00","20,459.00","17,479.00",85.4,1.000,"5,303.00","5,303.00","3,566.00","3,215.00",351.00,0.00,0.00,1.000,"10,917.00","10,917.00","10,917.00",0.00,"10,917.00",1.000,"4,239.00","4,239.00","2,996.00","2,996.00",0.00,0.00,0.00,162,167,217,597,489,0,513,"10,917",62.5
경상북도,예천군,개포면,2020,"9,904.00","10,489.00","6,848.00",65.3,1.000,"2,275.00","2,860.00","2,860.00","1,817.00","1,043.00",0.00,0.00,1.000,"5,008.00","5,008.00","2,239.00",0.00,"2,239.00",1.000,"2,621.00","2,621.00","1,749.00","1,749.00",0.00,0.00,0.00,20,0,0,127,61,0,0,0,0.0
경상북도,예천군,지보면,2020,"17,693.00","20,107.00","18,812.00",93.6,1.000,"4,682.00","5,550.00","5,550.00","3,246.00","2,304.00",0.00,0.00,1.000,"8,542.00","10,088.00","10,088.00",0.00,"10,088.00",1.000,"4,469.00","4,469.00","3,174.00","3,174.00",0.00,0.00,0.00,45,46,60,145,135,0,541,"3,546",18.8
경상북도,예천군,풍양면,2020,"21,492.00","21,492.00","15,174.00",70.6,1.000,"5,450.00","5,450.00","5,371.00","3,392.00","1,979.00",0.00,0.00,1.000,"10,531.00","10,531.00","5,826.00",0.00,"5,826.00",2.000,"5,511.00","5,511.00","3,977.00","3,977.00",0.00,0.00,0.00,25,26,34,860,77,0,666,"3,792",25.0
경상북도,예천군,효자면,2020,"5,963.00","6,189.00","4,559.00",73.7,1.000,"1,139.00","1,365.00","1,365.00",941.00,424.00,0.00,0.00,1.000,"3,167.00","3,167.00","2,187.00",0.00,"2,187.00",1.000,"1,657.00","1,657.00","1,007.00","1,007.00",0.00,0.00,0.00,17,18,23,89,52,0,200,"2,077",45.6
경상북도,예천군,은풍면,2020,"7,845.00","8,711.00","5,768.00",66.2,1.000,"1,899.00","2,765.00","2,765.00","1,518.00","1,247.00",0.00,0.00,1.000,"3,903.00","3,903.00","1,699.00",0.00,"1,699.00",1.000,"2,043.00","2,043.00","1,304.00","1,304.00",0.00,0.00,0.00,3,3,4,99,9,0,82,0,0.0
경상북도,봉화군,소계,,"162,834.00","162,834.00","122,172.00",75.0,0.000,0.00,0.00,0.00,0.00,0.00,0.00,0.00,8.241,"136,645.00","136,645.00","95,983.00",0.00,"95,983.00",3.083,"26,189.00","26,189.00","26,189.00",0.00,0.00,"26,189.00",0.00,0,"2,828","1,517","1,718","3,329",0,0,"26,189",21.4
경상북도,봉화군,봉화읍,2025,"62,335.00","62,335.00","50,771.00",81.4,0.000,0.00,0.00,0.00,0.00,0.00,0.00,0.00,2.591,"39,604.00","39,604.00","28,040.00",0.00,"28,040.00",1.216,"22,731.00","22,731.00","22,731.00",0.00,0.00,"22,731.00",0.00,0,"1,141",988,325,"1,853",0,0,"22,731",44.8
경상북도,봉화군,물야면,2025,"16,730.00","16,730.00","7,250.00",43.3,0.000,0.00,0.00,0.00,0.00,0.00,0.00,0.00,1.031,"16,730.00","16,730.00","7,250.00",0.00,"7,250.00",0.000,0.00,0.00,0.00,0.00,0.00,0.00,0.00,0,286,47,167,64,0,0,0,0.0
경상북도,봉화군,봉성면,2025,"21,251.00","21,251.00","13,906.00",65.4,0.000,0.00,0.00,0.00,0.00,0.00,0.00,0.00,1.321,"21,251.00","21,251.00","13,906.00",0.00,"13,906.00",0.000,0.00,0.00,0.00,0.00,0.00,0.00,0.00,0,406,74,256,63,0,0,0,0.0
경상북도,봉화군,법전면,2025,"4,945.00","4,945.00","4,728.00",95.6,0.000,0.00,0.00,0.00,0.00,0.00,0.00,0.00,0.231,"4,945.00","4,945.00","4,728.00",0.00,"4,728.00",0.000,0.00,0.00,0.00,0.00,0.00,0.00,0.00,0,142,13,67,38,0,0,0,0.0
경상북도,봉화군,춘양면,2025,"26,692.00","26,692.00","20,607.00",77.2,0.000,0.00,0.00,0.00,0.00,0.00,0.00,0.00,1.279,"23,234.00","23,234.00","17,149.00",0.00,"17,149.00",1.867,"3,458.00","3,458.00","3,458.00",0.00,0.00,"3,458.00",0.00,0,113,93,311,"1,089",0,0,"3,458",16.8
경상북도,봉화군,소천면,2025,"7,253.00","7,253.00","6,993.00",96.4,0.000,0.00,0.00,0.00,0.00,0.00,0.00,0.00,0.383,"7,253.00","7,253.00","6,993.00",0.00,"6,993.00",0.000,0.00,0.00,0.00,0.00,0.00,0.00,0.00,0,172,26,146,12,0,0,0,0.0
경상북도,봉화군,재산면,2025,"9,883.00","9,883.00","7,547.00",76.4,0.000,0.00,0.00,0.00,0.00,0.00,0.00,0.00,0.401,"9,883.00","9,883.00","7,547.00",0.00,"7,547.00",0.000,0.00,0.00,0.00,0.00,0.00,0.00,0.00,0,200,53,114,16,0,0,0,0.0
경상북도,봉화군,명호면,2025,"3,870.00","3,870.00","1,132.00",29.3,0.000,0.00,0.00,0.00,0.00,0.00,0.00,0.00,0.237,"3,870.00","3,870.00","1,132.00",0.00,"1,132.00",0.000,0.00,0.00,0.00,0.00,0.00,0.00,0.00,0,0,0,0,0,0,0,0,0.0
경상북도,봉화군,상운면,2025,"3,786.00","3,786.00","3,750.00",99.0,0.000,0.00,0.00,0.00,0.00,0.00,0.00,0.00,0.284,"3,786.00","3,786.00","3,750.00",0.00,"3,750.00",0.000,0.00,0.00,0.00,0.00,0.00,0.00,0.00,0,106,124,92,0,0,0,0,0.0
경상북도,봉화군,석포면,2025,"6,089.00","6,089.00","5,488.00",90.1,0.000,0.00,0.00,0.00,0.00,0.00,0.00,0.00,0.483,"6,089.00","6,089.00","5,488.00",0.00,"5,488.00",0.000,0.00,0.00,0.00,0.00,0.00,0.00,0.00,0,262,99,240,194,0,0,0,0.0
경상북도,울진군,소계,,"429,736.60","493,653.89","324,381.12",65.7,0.000,0.00,0.00,0.00,0.00,0.00,0.00,0.00,21.002,"315,960.60","319,643.60","179,740.48",0.00,"179,740.48",24.200,"113,776.00","174,010.29","144,640.64","80,888.47","41,876.93","4,975.13","16,900.11",0,"5,308","1,369","9,424",696,0,258,"321,958",99.3
경상북도,울진군,울진읍,2030,"79,171.20","79,171.20","62,710.83",79.2,0.000,0.00,0.00,0.00,0.00,0.00,0.00,0.00,3.192,"45,356.20","45,356.20","29,657.48",0.00,"29,657.48",11.390,"33,815.00","33,815.00","33,053.35","19,789.55","7,177.83",217.00,"5,868.97",0,880,226,"1,631",95,0,40,"61,598",98.2
경상북도,울진군,평해읍,2030,"65,017.00","65,017.00","22,538.50",34.7,0.000,0.00,0.00,0.00,0.00,0.00,0.00,0.00,2.389,"49,839.00","49,839.00","21,989.50",0.00,"21,989.50",4.240,"15,178.00","15,178.00",549.00,0.00,549.00,0.00,0.00,0,833,11,877,0,0,1,"22,539",100.0
경상북도,울진군,북면,2030,"49,770.00","67,002.46","36,586.26",54.6,0.000,0.00,0.00,0.00,0.00,0.00,0.00,0.00,3.150,"49,770.00","49,770.00","19,353.80",0.00,"19,353.80",2.000,0.00,"17,232.46","17,232.46","7,476.12","5,117.36","3,363.50","1,275.48",0,562,204,652,141,0,47,"36,586",100.0
경상북도,울진군,근남면,2030,"46,778.80","64,046.23","33,255.83",51.9,0.000,0.00,0.00,0.00,0.00,0.00,0.00,0.00,2.947,"46,778.80","46,778.80","15,988.40",0.00,"15,988.40",0.000,0.00,"17,267.43","17,267.43","13,541.92","3,009.96",246.48,469.07,0,339,61,615,0,0,12,"33,256",100.0
경상북도,울진군,기성면,2030,"27,431.00","34,443.90","19,300.50",56.0,0.000,0.00,0.00,0.00,0.00,0.00,0.00,0.00,1.716,"27,431.00","27,431.00","12,287.60",0.00,"12,287.60",0.000,0.00,"7,012.90","7,012.90","3,212.30","2,725.40","1,075.20",0.00,0,410,129,650,54,0,18,"19,301",100.0
경상북도,울진군,온정면,2030,"24,739.00","28,422.00","14,443.00",50.8,0.000,0.00,0.00,0.00,0.00,0.00,0.00,0.00,0.766,"10,760.00","14,443.00","14,443.00",0.00,"14,443.00",0.570,"13,979.00","13,979.00",0.00,0.00,0.00,0.00,0.00,0,301,0,377,0,0,0,"13,132",90.9
경상북도,울진군,죽변면,2030,"51,074.00","58,036.24","51,798.34",89.3,0.000,0.00,0.00,0.00,0.00,0.00,0.00,0.00,2.780,"33,284.00","33,284.00","27,046.10",0.00,"27,046.10",2.000,"17,790.00","24,752.24","24,752.24","14,021.44","7,240.04",22.34,"3,468.42",0,889,290,"1,809",6,0,47,"51,798",100.0
경상북도,울진군,후포면,2030,"70,355.60","77,677.66","71,669.06",92.3,0.000,0.00,0.00,0.00,0.00,0.00,0.00,0.00,2.886,"37,341.60","37,341.60","31,333.00",0.00,"31,333.00",4.000,"33,014.00","40,336.06","40,336.06","20,366.24","14,970.24",50.61,"4,948.97",0,847,369,"2,423",218,0,84,"71,669",100.0
경상북도,울진군,금강송면,2030,"3,000.00","3,000.00","2,097.30",69.9,0.000,0.00,0.00,0.00,0.00,0.00,0.00,0.00,0.154,"3,000.00","3,000.00","2,097.30",0.00,"2,097.30",0.000,0.00,0.00,0.00,0.00,0.00,0.00,0.00,0,80,0,100,0,0,0,"2,097",100.0
경상북도,울진군,매화면,2030,"12,400.00","16,837.20","9,981.50",59.3,0.000,0.00,0.00,0.00,0.00,0.00,0.00,0.00,1.022,"12,400.00","12,400.00","5,544.30",0.00,"5,544.30",0.000,0.00,"4,437.20","4,437.20","2,480.90","1,087.10",0.00,869.20,0,167,79,290,182,0,9,"9,982",100.0
경상북도,울릉군,소계,,"35,650.00","40,390.00","11,430.00",28.3,0.500,"7,790.00","7,790.00","6,690.00","4,127.00",330.00,0.00,"2,233.00",0.700,"27,225.00","31,965.00","4,740.00",0.00,"4,740.00",0.100,635.00,635.00,0.00,0.00,0.00,0.00,0.00,512,53,0,24,0,0,0,0,0.0
경상북도,울릉군,울릉읍,2025,"35,015.00","35,015.00","6,690.00",19.1,0.500,"7,790.00","7,790.00","6,690.00","4,127.00",330.00,0.00,"2,233.00",0.700,"27,225.00","27,225.00",0.00,0.00,0.00,0.000,0.00,0.00,0.00,0.00,0.00,0.00,0.00,0,0,0,0,0,0,0,0,0.0
경상북도,울릉군,서면,2020,0.00,0.00,0.00,0.0,0.000,0.00,0.00,0.00,0.00,0.00,0.00,0.00,0.000,0.00,0.00,0.00,0.00,0.00,0.000,0.00,0.00,0.00,0.00,0.00,0.00,0.00,0,0,0,0,0,0,0,0,0.0
경상북도,울릉군,북면,2025,635.00,"5,375.00","4,740.00",88.2,0.000,0.00,0.00,0.00,0.00,0.00,0.00,0.00,0.000,0.00,"4,740.00","4,740.00",0.00,"4,740.00",0.100,635.00,635.00,0.00,0.00,0.00,0.00,0.00,512,53,0,24,0,0,0,0,0.0
경상남도,,합계,,"10,874,423.66","16,858,184.12","14,231,761.40",84.4,"1,170.165","1,447,106.00","1,726,219.50","1,526,253.60","246,197.90","527,258.90","83,995.90","668,800.90",405.057,"6,141,451.46","8,912,077.22","7,493,430.10","60,511.40","7,432,918.70","1,495.922","3,285,866.20","6,219,887.40","5,212,077.70","614,599.70","3,045,853.20","198,213.10","1,353,411.70","61,791","181,195","102,395","447,066","463,605","1,053","4,431","10,873,373",76.4
경상남도,시부,합계,,"6,504,688.96","12,095,849.72","10,427,057.90",86.2,65.370,"1,078,800.00","1,352,658.50","1,202,665.10","179,715.80","423,584.40","64,180.90","535,184.00",256.330,"3,274,004.96","5,785,658.02","5,129,460.20","51,410.40","5,078,049.80",417.850,"2,151,884.00","4,957,533.20","4,094,932.60","508,418.50","2,409,005.30","72,851.60","1,104,657.20","18,436","152,924","100,479","325,225","424,483",991,"3,491","8,285,670",79.5
경상남도,창원시,소계,,"296,311.96","3,946,683.12","3,871,545.70",98.1,0.370,0.00,"8,826.50","8,826.50","2,671.10","5,420.50",734.90,0.00,13.850,"196,829.96","1,680,391.72","1,605,254.30","9,788.00","1,595,466.30",68.570,"99,482.00","2,257,464.90","2,257,464.90","259,196.10","1,198,063.30","10,156.30","790,049.20",331,"38,444","49,763","34,463","196,233",248,"2,437","3,871,521",100.0
경상남도,창원시,동읍,2030,"23,204.00","87,606.30","87,606.30",100.0,0.000,0.00,0.00,0.00,0.00,0.00,0.00,0.00,0.630,"16,293.00","72,830.80","72,830.80",0.00,"72,830.80",41.430,"6,911.00","14,775.50","14,775.50",244.80,"8,556.90",0.00,"5,973.80",0,"1,356",353,"1,121",258,0,3,"87,606",100.0
경상남도,창원시,북면,2030,"27,973.00","152,250.30","152,250.30",100.0,0.000,0.00,0.00,0.00,0.00,0.00,0.00,0.00,1.040,"5,218.00","117,185.70","117,185.70",1.80,"117,183.90",9.250,"22,755.00","35,064.60","35,064.60","3,105.20","30,972.70",0.00,986.70,0,"2,972","1,007",527,"3,623",0,43,"152,250",100.0
경상남도,창원시,대산면,2030,"8,428.00","86,998.70","86,998.70",100.0,0.000,0.00,0.00,0.00,0.00,0.00,0.00,0.00,0.300,"4,854.00","73,877.30","73,877.30",0.00,"73,877.30",5.300,"3,574.00","13,121.40","13,121.40","2,541.60","8,441.30","1,136.80","1,001.70",0,"1,354",253,"1,184",782,0,3,"86,998",100.0
경상남도,창원시,의창동,2030,"18,750.00","101,323.30","101,323.30",100.0,0.000,0.00,0.00,0.00,0.00,0.00,0.00,0.00,0.000,0.00,"44,206.70","44,206.70",0.00,"44,206.70",0.000,"18,750.00","57,116.60","57,116.60","6,323.90","39,324.10",11.70,"11,456.90",0,"1,175","1,335",543,"5,357",8,31,"101,323",100.0
경상남도,창원시,팔룡동,2030,0.00,"203,151.10","203,151.10",100.0,0.000,0.00,0.00,0.00,0.00,0.00,0.00,0.00,0.000,0.00,"87,571.50","87,571.50",0.00,"87,571.50",0.000,0.00,"115,579.60","115,579.60","6,112.70","87,814.00",0.00,"21,652.90",0,"1,644","2,156",303,"12,798",32,103,"203,151",100.0
경상남도,창원시,명곡동,2030,0.00,"129,558.70","129,558.70",100.0,0.000,0.00,0.00,0.00,0.00,0.00,0.00,0.00,0.000,0.00,"61,176.10","61,176.10",83.60,"61,092.50",0.000,0.00,"68,382.60","68,382.60","2,769.60","60,468.20",0.00,"5,144.80",0,"1,377","1,440",536,"6,512",38,90,"129,558",100.0
경상남도,창원시,봉림동,2030,0.00,"158,799.10","158,799.10",100.0,0.000,0.00,0.00,0.00,0.00,0.00,0.00,0.00,0.000,0.00,"67,359.50","67,359.50",0.00,"67,359.50",0.000,0.00,"91,439.60","91,439.60","3,995.80","76,799.60",0.00,"10,644.20",0,"1,704","2,353",642,"5,848",26,43,"158,799",100.0
경상남도,창원시,용지동,2030,0.00,"101,206.10","101,206.10",100.0,0.000,0.00,0.00,0.00,0.00,0.00,0.00,0.00,0.000,0.00,"45,038.80","45,038.80",0.00,"45,038.80",0.000,0.00,"56,167.30","56,167.30","1,083.70","52,187.70",0.00,"2,895.90",0,870,"1,060",407,"4,847",31,29,"101,206",100.0
경상남도,창원시,반송동,2030,"2,181.00","58,110.00","58,110.00",100.0,0.000,0.00,0.00,0.00,0.00,0.00,0.00,0.00,0.000,0.00,"29,673.90","29,673.90",0.00,"29,673.90",0.000,"2,181.00","28,436.10","28,436.10",881.80,"27,038.30",0.00,516.00,0,592,600,663,"2,578",30,66,"58,110",100.0
경상남도,창원시,중앙동,2030,0.00,"120,788.90","120,788.90",100.0,0.000,0.00,0.00,0.00,0.00,0.00,0.00,0.00,0.000,0.00,"53,728.00","53,728.00",0.00,"53,728.00",0.000,0.00,"67,060.90","67,060.90","6,261.90","60,117.20",0.00,681.80,0,"1,006","1,201",663,"4,082",1,53,"120,788",100.0
경상남도,창원시,상남동,2030,0.00,"39,140.60","39,140.60",100.0,0.000,0.00,0.00,0.00,0.00,0.00,0.00,0.00,0.000,0.00,"17,078.00","17,078.00",0.00,"17,078.00",0.000,0.00,"22,062.60","22,062.60",932.50,"18,692.40",0.00,"2,437.70",0,363,394,430,"1,734",6,11,"39,140",100.0
경상남도,창원시,사파동,2030,0.00,"85,764.20","85,764.20",100.0,0.000,0.00,0.00,0.00,0.00,0.00,0.00,0.00,0.000,0.00,"32,357.80","32,357.80",0.00,"32,357.80",0.000,0.00,"53,406.40","53,406.40","2,154.10","40,788.10",0.00,"10,464.20",0,689,"1,043",932,"3,051",12,32,"85,764",100.0
경상남도,창원시,가음정동,2030,"1,065.00","75,363.20","75,363.20",100.0,0.000,0.00,0.00,0.00,0.00,0.00,0.00,0.00,0.000,0.00,"32,092.00","32,092.00",0.00,"32,092.00",0.940,"1,065.00","43,271.20","43,271.20","2,813.20","33,873.60",0.00,"6,584.40",0,693,870,460,"2,212",15,30,"75,363",100.0
경상남도,창원시,성주동,2030,943.00,"130,899.10","130,899.10",100.0,0.000,0.00,0.00,0.00,0.00,0.00,0.00,0.00,0.000,0.00,"41,060.60","41,060.60",0.00,"41,060.60",0.000,943.00,"89,838.50","89,838.50","5,704.30","59,315.80",0.00,"24,818.40",0,918,"1,964",520,"2,424",2,73,"130,899",100.0
경상남도,창원시,웅남동,2030,471.00,"172,608.40","172,608.40",100.0,0.000,0.00,0.00,0.00,0.00,0.00,0.00,0.00,0.000,0.00,"43,972.30","43,972.30",0.00,"43,972.30",5.070,471.00,"128,636.10","128,636.10","4,084.40","85,946.80",0.00,"38,604.90",0,871,"2,192",647,"2,047",3,140,"172,608",100.0
경상남도,창원시,구산면,2030,"59,420.62","78,952.72","45,255.90",57.3,0.000,0.00,0.00,0.00,0.00,0.00,0.00,0.00,6.360,"52,378.62","52,378.62","18,681.80","5,137.70","13,544.10",0.740,"7,042.00","26,574.10","26,574.10","7,249.80","4,449.40",105.80,"14,769.10",0,439,687,106,"1,750",0,97,"45,255",100.0
경상남도,창원시,진동면,2030,"15,022.34","74,388.60","74,388.60",100.0,0.000,0.00,0.00,0.00,0.00,0.00,0.00,0.00,0.520,"10,765.34","30,700.90","30,700.90",0.00,"30,700.90",5.530,"4,257.00","43,687.70","43,687.70","12,635.10","9,460.50",97.10,"21,495.00",0,836,"1,019","1,273","4,490",0,68,"74,388",100.0
경상남도,창원시,진북면,2030,"46,588.00","92,812.90","65,251.00",70.3,0.000,0.00,0.00,0.00,0.00,0.00,0.00,0.00,1.750,"40,554.00","40,554.00","12,992.10",0.00,"12,992.10",0.000,"6,034.00","52,258.90","52,258.90","19,636.00","17,210.80",417.80,"14,994.30",0,322,"1,123",217,"2,841",0,35,"65,250",100.0
경상남도,창원시,진전면,2030,"25,489.00","75,003.30","61,124.60",81.5,0.000,0.00,0.00,0.00,0.00,0.00,0.00,0.00,1.470,"25,489.00","25,489.00","11,610.30",0.00,"11,610.30",0.000,0.00,"49,514.30","49,514.30","32,669.00","5,162.00",53.90,"11,629.40",0,575,823,237,"2,080",0,26,"61,124",100.0
경상남도,창원시,현동,2030,"5,698.00","50,696.70","50,696.70",100.0,0.000,0.00,0.00,0.00,0.00,0.00,0.00,0.00,0.390,"5,698.00","24,819.80","24,819.80","4,422.40","20,397.40",0.000,0.00,"25,876.90","25,876.90","7,304.20","13,688.30",0.00,"4,884.40",0,524,715,15,"1,323",0,59,"50,696",100.0
경상남도,창원시,가포동,2030,0.00,"19,867.00","19,867.00",100.0,0.000,0.00,0.00,0.00,0.00,0.00,0.00,0.00,0.000,0.00,"7,646.80","7,646.80",0.00,"7,646.80",0.000,0.00,"12,220.20","12,220.20",259.10,"7,199.50",111.50,"4,650.10",0,233,247,29,604,0,17,"19,867",100.0
경상남도,창원시,월영동,2030,0.00,"57,240.20","57,240.20",100.0,0.000,0.00,0.00,0.00,0.00,0.00,0.00,0.00,0.000,0.00,"22,262.00","22,262.00",0.00,"22,262.00",0.000,0.00,"34,978.20","34,978.20","6,682.30","18,561.00",225.50,"9,509.40",0,630,939,760,"3,563",0,15,"57,240",100.0
경상남도,창원시,문화동,2030,0.00,"43,738.60","43,738.60",100.0,0.000,0.00,0.00,0.00,0.00,0.00,0.00,0.00,0.000,0.00,"13,727.80","13,727.80",0.00,"13,727.80",0.000,0.00,"30,010.80","30,010.80","1,477.60","6,023.70",144.70,"22,364.80",0,432,839,634,"4,850",0,38,"43,738",100.0
경상남도,창원시,반월중앙동,2030,0.00,"39,404.00","39,404.00",100.0,0.000,0.00,0.00,0.00,0.00,0.00,0.00,0.00,0.000,0.00,"13,941.50","13,941.50",0.00,"13,941.50",0.000,0.00,"25,462.50","25,462.50","2,271.20","4,518.80",111.90,"18,560.60",0,385,637,680,"3,944",1,6,"39,404",100.0
경상남도,창원시,완월동,2030,0.00,"27,881.00","27,881.00",100.0,0.000,0.00,0.00,0.00,0.00,0.00,0.00,0.00,0.000,0.00,"8,740.90","8,740.90",27.90,"8,713.00",0.000,0.00,"19,140.10","19,140.10","1,711.80","4,485.30",73.50,"12,869.50",0,341,573,587,"3,680",0,12,"27,881",100.0
경상남도,창원시,자산동,2030,0.00,"30,728.00","30,728.00",100.0,0.000,0.00,0.00,0.00,0.00,0.00,0.00,0.00,0.000,0.00,"8,764.00","8,764.00",0.00,"8,764.00",0.000,0.00,"21,964.00","21,964.00","3,120.90","3,452.40",41.80,"15,348.90",0,311,509,186,"3,276",0,4,"30,728",100.0
경상남도,창원시,교방동,2030,900.00,"24,147.00","24,147.00",100.0,0.000,0.00,0.00,0.00,0.00,0.00,0.00,0.00,0.020,900.00,"8,119.20","8,119.20",0.00,"8,119.20",0.000,0.00,"16,027.80","16,027.80",810.60,"3,723.10",47.50,"11,446.60",0,286,441,206,"2,680",0,37,"24,146",100.0
경상남도,창원시,노산동,2030,0.00,"21,151.80","21,151.80",100.0,0.000,0.00,0.00,0.00,0.00,0.00,0.00,0.00,0.000,0.00,"7,639.90","7,639.90",0.00,"7,639.90",0.000,0.00,"13,511.90","13,511.90",441.80,"4,597.70",0.00,"8,472.40",0,265,449,191,"2,459",0,35,"21,151",100.0
경상남도,창원시,오동동,2030,0.00,"103,695.30","103,695.30",100.0,0.000,0.00,0.00,0.00,0.00,0.00,0.00,0.00,0.000,0.00,"37,091.40","37,091.40",0.00,"37,091.40",0.000,0.00,"66,603.90","66,603.90","2,504.70","16,201.60",81.20,"47,816.40",0,"1,044","1,441",974,"9,820",2,16,"103,695",100.0
경상남도,창원시,합포동,2030,0.00,"28,292.20","28,292.20",100.0,0.000,0.00,0.00,0.00,0.00,0.00,0.00,0.00,0.000,0.00,"10,801.50","10,801.50",0.00,"10,801.50",0.000,0.00,"17,490.70","17,490.70",494.50,"5,737.60",0.00,"11,258.60",0,305,702,235,"3,313",1,45,"28,292",100.0
경상남도,창원시,산호동,2030,"2,330.00","49,303.10","49,303.10",100.0,0.000,0.00,0.00,0.00,0.00,0.00,0.00,0.00,0.000,0.00,"16,863.80","16,863.80",0.00,"16,863.80",0.310,"2,330.00","32,439.30","32,439.30","1,158.60","1,759.20",0.00,"29,521.50",0,392,507,"1,909","7,112",1,12,"49,303",100.0
경상남도,창원시,내서읍,2030,"11,869.00","143,054.80","143,054.80",100.0,0.000,0.00,0.00,0.00,0.00,0.00,0.00,0.00,0.450,"11,869.00","62,966.80","62,966.80",0.00,"62,966.80",0.000,0.00,"80,088.00","80,088.00","20,681.20","48,610.20",467.30,"10,329.30",0,"1,547","1,958","1,728","4,443",2,45,"143,054",100.0
경상남도,창원시,회원1동,2030,0.00,"36,613.10","36,613.10",100.0,0.000,0.00,0.00,0.00,0.00,0.00,0.00,0.00,0.000,0.00,"11,794.60","11,794.60",0.00,"11,794.60",0.000,0.00,"24,818.50","24,818.50","1,288.50","5,142.30",0.00,"18,387.70",0,324,508,"1,637","5,775",0,12,"36,613",100.0
경상남도,창원시,회원2동,2030,0.00,"42,490.20","42,490.20",100.0,0.000,0.00,0.00,0.00,0.00,0.00,0.00,0.00,0.000,0.00,"15,075.80","15,075.80",0.00,"15,075.80",0.000,0.00,"27,414.40","27,414.40","1,517.20","6,612.20",0.00,"19,285.00",0,513,689,933,"5,184",0,41,"42,490",100.0
경상남도,창원시,석전동,2030,0.00,"59,400.80","59,400.80",100.0,0.000,0.00,0.00,0.00,0.00,0.00,0.00,0.00,0.000,0.00,"18,495.80","18,495.80",0.00,"18,495.80",0.000,0.00,"40,905.00","40,905.00","2,154.10","10,937.00",0.00,"27,813.90",0,557,981,"1,354","7,739",4,44,"59,400",100.0
경상남도,창원시,회성동,2030,"2,188.00","40,407.50","40,407.50",100.0,0.000,0.00,0.00,0.00,0.00,0.00,0.00,0.00,0.070,"2,188.00","14,101.60","14,101.60",0.00,"14,101.60",0.000,0.00,"26,305.90","26,305.90","2,333.80","9,510.00",0.00,"14,462.10",0,387,668,"1,095","4,093",0,56,"40,407",100.0
경상남도,창원시,양덕1동,2030,0.00,"29,449.60","29,449.60",100.0,0.000,0.00,0.00,0.00,0.00,0.00,0.00,0.00,0.000,0.00,"11,077.30","11,077.30",0.00,"11,077.30",0.000,0.00,"18,372.30","18,372.30","1,136.40","1,129.30",0.00,"16,106.60",0,331,300,"1,223","4,403",2,35,"29,449",100.0
경상남도,창원시,양덕2동,2030,0.00,"40,373.50","40,373.50",100.0,0.000,0.00,0.00,0.00,0.00,0.00,0.00,0.00,0.000,0.00,"15,094.10","15,094.10",0.00,"15,094.10",0.000,0.00,"25,279.40","25,279.40","3,487.70","3,207.60",0.00,"18,584.10",0,366,548,412,"5,164",17,24,"40,373",100.0
경상남도,창원시,합성1동,2030,"1,437.00","34,038.40","34,038.40",100.0,0.000,0.00,0.00,0.00,0.00,0.00,0.00,0.00,0.020,"1,437.00","9,939.80","9,939.80",0.00,"9,939.80",0.000,0.00,"24,098.60","24,098.60","1,042.10","5,761.90",105.00,"17,189.60",0,327,474,"1,200","4,456",3,28,"34,038",100.0
경상남도,창원시,합성2동,2030,0.00,"35,325.60","35,325.60",100.0,0.000,0.00,0.00,0.00,0.00,0.00,0.00,0.00,0.000,0.00,"10,962.10","10,962.10",0.00,"10,962.10",0.000,0.00,"24,363.50","24,363.50","2,907.90","2,334.50",0.00,"19,121.10",0,305,491,"1,216","5,097",3,5,"35,325",100.0
경상남도,창원시,구암1동,2030,0.00,"35,056.50","35,056.50",100.0,0.000,0.00,0.00,0.00,0.00,0.00,0.00,0.00,0.000,0.00,"11,330.00","11,330.00",0.00,"11,330.00",0.000,0.00,"23,726.50","23,726.50","2,104.10","3,771.40",0.00,"17,851.00",0,303,453,"1,027","4,282",2,20,"35,056",100.0
경상남도,창원시,구암2동,2030,0.00,"28,126.00","28,126.00",100.0,0.000,0.00,0.00,0.00,0.00,0.00,0.00,0.00,0.000,0.00,"9,019.70","9,019.70",0.00,"9,019.70",0.000,0.00,"19,106.30","19,106.30",541.60,"6,537.40",0.00,"12,027.30",0,255,432,922,"3,111",0,6,"28,126",100.0
경상남도,창원시,봉암동,2030,0.00,"58,120.60","58,120.60",100.0,0.000,0.00,0.00,0.00,0.00,0.00,0.00,0.00,0.000,0.00,"19,830.40","19,830.40",0.00,"19,830.40",0.000,0.00,"38,290.20","38,290.20","2,750.70","13,077.30",0.00,"22,462.20",0,439,474,315,"4,145",1,63,"58,120",100.0
경상남도,창원시,중앙동,2030,0.00,"23,280.60","23,280.60",100.0,0.000,0.00,371.00,371.00,0.00,53.40,317.60,0.00,0.000,0.00,"8,078.40","8,078.40",0.00,"8,078.40",0.000,0.00,"14,831.20","14,831.20",240.60,"2,105.50",252.10,"12,233.00",8,226,269,51,323,0,7,"23,280",100.0
경상남도,창원시,태평동,2030,0.00,"31,330.90","31,330.90",100.0,0.000,0.00,13.50,13.50,0.00,13.50,0.00,0.00,0.000,0.00,"9,233.10","9,233.10",0.00,"9,233.10",0.000,0.00,"22,084.30","22,084.30","2,709.20","6,413.40",10.80,"12,950.90",4,227,590,35,445,0,52,"31,330",100.0
경상남도,창원시,충무동,2030,0.00,"32,210.60","32,210.60",100.0,0.030,0.00,329.40,329.40,66.10,32.00,231.30,0.00,0.000,0.00,"10,357.40","10,357.40",0.00,"10,357.40",0.000,0.00,"21,523.80","21,523.80","1,598.60","2,877.10",93.70,"16,954.40",19,273,427,67,315,0,0,"32,210",100.0
경상남도,창원시,여좌동,2030,0.00,"63,371.80","63,371.80",100.0,0.180,0.00,"2,510.70","2,510.70","1,370.40",977.60,162.70,0.00,0.000,0.00,"22,119.80","22,119.80",0.00,"22,119.80",0.000,0.00,"38,741.30","38,741.30","4,965.80","11,912.90",114.20,"21,748.40",82,612,846,495,"1,614",5,54,"63,371",100.0
경상남도,창원시,태백동,2030,0.00,"37,297.80","37,297.80",100.0,0.030,0.00,842.40,842.40,261.10,558.00,23.30,0.00,0.000,0.00,"14,252.00","14,252.00",0.00,"14,252.00",0.000,0.00,"22,203.40","22,203.40","2,092.70","8,051.90",58.60,"12,000.20",33,421,590,47,"1,150",0,37,"37,297",100.0
경상남도,창원시,경화동,2030,0.00,"45,992.60","45,992.60",100.0,0.030,0.00,541.30,541.30,82.20,459.10,0.00,0.00,0.000,0.00,"16,274.00","16,274.00",0.00,"16,274.00",0.000,0.00,"29,177.30","29,177.30","2,077.50","13,844.30",68.90,"13,186.60",22,453,731,68,"1,496",0,37,"45,992",100.0
경상남도,창원시,병암동,2030,0.00,"28,320.30","28,320.30",100.0,0.010,0.00,885.50,885.50,87.50,798.00,0.00,0.00,0.000,0.00,"11,125.30","11,125.30",14.70,"11,110.60",0.000,0.00,"16,309.50","16,309.50","1,411.80","8,956.40",51.90,"5,889.40",44,304,395,51,"1,196",0,43,"28,320",100.0
경상남도,창원시,석동,2030,0.00,"38,445.20","38,445.20",100.0,0.000,0.00,0.00,0.00,0.00,0.00,0.00,0.00,0.000,0.00,"14,384.80","14,384.80",0.00,"14,384.80",0.000,0.00,"24,060.40","24,060.40","4,225.50","16,775.60",0.00,"3,059.30",0,422,540,33,"1,233",0,6,"38,445",100.0
경상남도,창원시,이동,2030,0.00,"51,291.40","51,291.40",100.0,0.020,0.00,"1,079.50","1,079.50",412.80,666.70,0.00,0.00,0.000,0.00,"22,784.90","22,784.90",0.00,"22,784.90",0.000,0.00,"27,427.00","27,427.00","1,932.70","14,925.20",8.60,"10,560.50",30,537,645,614,"1,319",0,11,"51,291",100.0
경상남도,창원시,자은동,2030,0.00,"38,284.00","38,284.00",100.0,0.030,0.00,600.30,600.30,24.00,576.30,0.00,0.00,0.000,0.00,"15,465.90","15,465.90",10.70,"15,455.20",0.000,0.00,"22,217.80","22,217.80","4,900.40","13,566.20",97.90,"3,653.30",22,512,632,116,"1,339",0,34,"38,284",100.0
경상남도,창원시,덕산동,2030,0.00,"33,659.20","33,659.20",100.0,0.000,0.00,470.40,470.40,358.30,112.10,0.00,0.00,0.000,0.00,"14,413.70","14,413.70",49.90,"14,363.80",0.000,0.00,"18,775.10","18,775.10","1,062.10","9,527.50",128.90,"8,056.60",11,371,460,13,"1,087",0,33,"33,659",100.0
경상남도,창원시,풍호동,2030,"6,668.00","51,139.40","51,139.40",100.0,0.000,0.00,4.50,4.50,0.00,4.50,0.00,0.00,0.070,949.00,"16,440.80","16,440.80",0.00,"16,440.80",0.000,"5,719.00","34,694.10","34,694.10","7,324.70","14,333.40","2,213.60","10,822.40",1,400,860,64,"1,099",0,96,"51,139",100.0
경상남도,창원시,웅천동,2030,"20,555.00","116,403.40","116,403.40",100.0,0.030,0.00,615.20,615.20,0.00,615.20,0.00,0.00,0.180,"12,623.00","41,065.50","41,065.50",0.00,"41,065.50",0.000,"7,932.00","74,722.70","74,722.70","11,323.70","46,195.20",328.40,"16,875.40",24,807,"1,663",731,"3,582",0,178,"116,403",100.0
경상남도,창원시,웅동1동,2030,"4,306.00","94,604.00","94,604.00",100.0,0.010,0.00,562.80,562.80,8.70,554.10,0.00,0.00,0.000,500.00,"38,193.30","38,193.30",39.30,"38,154.00",0.000,"3,806.00","55,847.90","55,847.90","10,305.70","23,993.90","2,120.10","19,428.20",31,978,"1,394",662,"1,439",0,140,"94,604",100.0
경상남도,창원시,웅동2동,2030,"10,826.00","157,724.90","157,724.90",100.0,0.000,0.00,0.00,0.00,0.00,0.00,0.00,0.00,0.580,"5,114.00","67,764.70","67,764.70",0.00,"67,764.70",0.000,"5,712.00","89,960.20","89,960.20","11,643.10","71,386.10","1,375.60","5,555.40",0,"1,343","1,873",537,"4,766",0,58,"157,724",100.0
경상남도,진주시,소계,,"1,340,899.00","1,474,203.00","1,468,457.00",99.6,16.900,"359,188.00","408,436.50","408,436.50","44,319.00","152,708.50","1,898.00","209,511.00",39.000,"674,347.00","717,314.50","717,314.50","11,131.00","706,183.50",37.700,"307,364.00","348,452.00","342,706.00","25,014.00","158,860.00","26,840.00","131,992.00",518,"30,274","29,080","71,255","77,307",124,174,"1,000,373",68.1
경상남도,진주시,문산읍,2020,"30,474.00","35,320.00","35,320.00",100.0,1.400,"11,362.00","14,680.00","14,680.00","1,782.00","7,272.00",0.00,"5,626.00",2.900,"9,500.00","11,028.00","11,028.00",0.00,"11,028.00",2.800,"9,612.00","9,612.00","9,612.00",0.00,"9,612.00",0.00,0.00,0,595,533,"1,442","1,442",48,35,"25,819",73.1
경상남도,진주시,내동면,2020,"3,000.00","3,000.00","3,000.00",100.0,0.000,0.00,0.00,0.00,0.00,0.00,0.00,0.00,0.000,"3,000.00","3,000.00","3,000.00",0.00,"3,000.00",0.000,0.00,0.00,0.00,0.00,0.00,0.00,0.00,0,0,0,0,0,0,0,0,0.0
경상남도,진주시,정촌면,2020,"10,800.00","10,800.00","10,800.00",100.0,0.000,0.00,0.00,0.00,0.00,0.00,0.00,0.00,0.000,"10,800.00","10,800.00","10,800.00",0.00,"10,800.00",0.000,0.00,0.00,0.00,0.00,0.00,0.00,0.00,0,0,0,0,0,0,0,0,0.0
경상남도,진주시,금곡면,2020,"7,400.00","7,400.00","7,400.00",100.0,0.000,0.00,0.00,0.00,0.00,0.00,0.00,0.00,0.000,"7,400.00","7,400.00","7,400.00",0.00,"7,400.00",0.000,0.00,0.00,0.00,0.00,0.00,0.00,0.00,0,0,0,0,0,0,0,0,0.0
경상남도,진주시,진성면,2020,"35,200.00","35,200.00","35,200.00",100.0,0.000,0.00,0.00,0.00,0.00,0.00,0.00,0.00,1.200,"35,200.00","35,200.00","35,200.00",0.00,"35,200.00",0.000,0.00,0.00,0.00,0.00,0.00,0.00,0.00,0,0,0,"1,005",0,0,0,"35,200",100.0
경상남도,진주시,일반성면,2020,"23,863.00","32,753.00","27,007.00",82.5,1.300,"8,650.00","17,450.00","17,450.00","2,945.00","13,584.00",159.00,762.00,1.100,"8,800.00","8,890.00","8,890.00",0.00,"8,890.00",1.100,"6,413.00","6,413.00",667.00,90.00,577.00,0.00,0.00,518,0,0,0,0,22,2,"13,556",50.2
경상남도,진주시,이반성면,2020,0.00,0.00,0.00,0.0,0.000,0.00,0.00,0.00,0.00,0.00,0.00,0.00,0.000,0.00,0.00,0.00,0.00,0.00,0.000,0.00,0.00,0.00,0.00,0.00,0.00,0.00,0,0,0,0,0,0,0,0,0.0
경상남도,진주시,사봉면,2020,0.00,0.00,0.00,0.0,0.000,0.00,0.00,0.00,0.00,0.00,0.00,0.00,0.000,0.00,0.00,0.00,0.00,0.00,0.000,0.00,0.00,0.00,0.00,0.00,0.00,0.00,0,0,0,266,0,0,0,0,0.0
경상남도,진주시,지수면,2020,"35,463.00","35,783.00","35,783.00",100.0,0.000,0.00,0.00,0.00,0.00,0.00,0.00,0.00,2.100,"22,145.00","22,145.00","22,145.00",0.00,"22,145.00",2.100,"13,318.00","13,638.00","13,638.00",320.00,"13,318.00",0.00,0.00,0,"1,705","1,680","2,552","2,552",0,0,"27,483",76.8
경상남도,진주시,대곡면,2020,"25,334.00","25,334.00","25,334.00",100.0,0.000,0.00,0.00,0.00,0.00,0.00,0.00,0.00,1.600,"15,222.00","15,222.00","15,222.00",0.00,"15,222.00",1.600,"10,112.00","10,112.00","10,112.00","3,580.00","6,532.00",0.00,0.00,0,383,316,795,795,0,13,"11,809",46.6
경상남도,진주시,금산면,2020,"2,000.00","2,000.00","2,000.00",100.0,0.000,0.00,0.00,0.00,0.00,0.00,0.00,0.00,0.000,"2,000.00","2,000.00","2,000.00",0.00,"2,000.00",0.000,0.00,0.00,0.00,0.00,0.00,0.00,0.00,0,0,0,0,0,0,0,0,0.0
경상남도,진주시,집현면,2020,"4,600.00","4,600.00","4,600.00",100.0,0.000,0.00,0.00,0.00,0.00,0.00,0.00,0.00,0.000,"4,600.00","4,600.00","4,600.00",0.00,"4,600.00",0.000,0.00,0.00,0.00,0.00,0.00,0.00,0.00,0,0,0,0,0,0,0,0,0.0
경상남도,진주시,미천면,2020,"5,400.00","5,400.00","5,400.00",100.0,0.000,0.00,0.00,0.00,0.00,0.00,0.00,0.00,0.000,"5,400.00","5,400.00","5,400.00",0.00,"5,400.00",0.000,0.00,0.00,0.00,0.00,0.00,0.00,0.00,0,0,0,0,0,0,0,0,0.0
경상남도,진주시,명석면,2020,"13,600.00","13,600.00","13,600.00",100.0,0.000,0.00,0.00,0.00,0.00,0.00,0.00,0.00,0.500,"13,600.00","13,600.00","13,600.00",0.00,"13,600.00",0.500,0.00,0.00,0.00,0.00,0.00,0.00,0.00,0,0,0,0,0,0,0,0,0.0
경상남도,진주시,대평면,2020,"13,700.00","13,700.00","13,700.00",100.0,0.000,0.00,0.00,0.00,0.00,0.00,0.00,0.00,0.000,"13,700.00","13,700.00","13,700.00",0.00,"13,700.00",0.000,0.00,0.00,0.00,0.00,0.00,0.00,0.00,0,0,0,0,0,0,0,0,0.0
경상남도,진주시,수곡면,2020,"13,100.00","13,100.00","13,100.00",100.0,0.000,0.00,0.00,0.00,0.00,0.00,0.00,0.00,0.000,"13,100.00","13,100.00","13,100.00",0.00,"13,100.00",0.000,0.00,0.00,0.00,0.00,0.00,0.00,0.00,0,0,0,0,0,0,0,0,0.0
경상남도,진주시,천전동,2020,"1,116,965.00","1,236,213.00","1,236,213.00",100.0,14.200,"339,176.00","376,306.50","376,306.50","39,592.00","131,852.50","1,739.00","203,123.00",29.600,"509,880.00","551,229.50","551,229.50","11,131.00","540,098.50",29.600,"267,909.00","308,677.00","308,677.00","21,024.00","128,821.00","26,840.00","131,992.00",0,"27,591","26,551","65,195","72,518",54,124,"886,506",71.7
경상남도,진주시,성북동,2020,0.00,0.00,0.00,0.0,0.000,0.00,0.00,0.00,0.00,0.00,0.00,0.00,0.000,0.00,0.00,0.00,0.00,0.00,0.000,0.00,0.00,0.00,0.00,0.00,0.00,0.00,0,0,0,0,0,0,0,0,0.0
경상남도,진주시,중앙동,2020,0.00,0.00,0.00,0.0,0.000,0.00,0.00,0.00,0.00,0.00,0.00,0.00,0.000,0.00,0.00,0.00,0.00,0.00,0.000,0.00,0.00,0.00,0.00,0.00,0.00,0.00,0,0,0,0,0,0,0,0,0.0
경상남도,진주시,상봉동,2020,0.00,0.00,0.00,0.0,0.000,0.00,0.00,0.00,0.00,0.00,0.00,0.00,0.000,0.00,0.00,0.00,0.00,0.00,0.000,0.00,0.00,0.00,0.00,0.00,0.00,0.00,0,0,0,0,0,0,0,0,0.0
경상남도,진주시,상대동,2020,0.00,0.00,0.00,0.0,0.000,0.00,0.00,0.00,0.00,0.00,0.00,0.00,0.000,0.00,0.00,0.00,0.00,0.00,0.000,0.00,0.00,0.00,0.00,0.00,0.00,0.00,0,0,0,0,0,0,0,0,0.0
경상남도,진주시,하대동,2020,0.00,0.00,0.00,0.0,0.000,0.00,0.00,0.00,0.00,0.00,0.00,0.00,0.000,0.00,0.00,0.00,0.00,0.00,0.000,0.00,0.00,0.00,0.00,0.00,0.00,0.00,0,0,0,0,0,0,0,0,0.0
경상남도,진주시,상평동,2020,0.00,0.00,0.00,0.0,0.000,0.00,0.00,0.00,0.00,0.00,0.00,0.00,0.000,0.00,0.00,0.00,0.00,0.00,0.000,0.00,0.00,0.00,0.00,0.00,0.00,0.00,0,0,0,0,0,0,0,0,0.0
경상남도,진주시,초장동,2020,0.00,0.00,0.00,0.0,0.000,0.00,0.00,0.00,0.00,0.00,0.00,0.00,0.000,0.00,0.00,0.00,0.00,0.00,0.000,0.00,0.00,0.00,0.00,0.00,0.00,0.00,0,0,0,0,0,0,0,0,0.0
경상남도,진주시,평거동,2020,0.00,0.00,0.00,0.0,0.000,0.00,0.00,0.00,0.00,0.00,0.00,0.00,0.000,0.00,0.00,0.00,0.00,0.00,0.000,0.00,0.00,0.00,0.00,0.00,0.00,0.00,0,0,0,0,0,0,0,0,0.0
경상남도,진주시,신안동,2020,0.00,0.00,0.00,0.0,0.000,0.00,0.00,0.00,0.00,0.00,0.00,0.00,0.000,0.00,0.00,0.00,0.00,0.00,0.000,0.00,0.00,0.00,0.00,0.00,0.00,0.00,0,0,0,0,0,0,0,0,0.0
경상남도,진주시,이현동,2020,0.00,0.00,0.00,0.0,0.000,0.00,0.00,0.00,0.00,0.00,0.00,0.00,0.000,0.00,0.00,0.00,0.00,0.00,0.000,0.00,0.00,0.00,0.00,0.00,0.00,0.00,0,0,0,0,0,0,0,0,0.0
경상남도,진주시,판문동,2020,0.00,0.00,0.00,0.0,0.000,0.00,0.00,0.00,0.00,0.00,0.00,0.00,0.000,0.00,0.00,0.00,0.00,0.00,0.000,0.00,0.00,0.00,0.00,0.00,0.00,0.00,0,0,0,0,0,0,0,0,0.0
경상남도,진주시,가호동,2020,0.00,0.00,0.00,0.0,0.000,0.00,0.00,0.00,0.00,0.00,0.00,0.00,0.000,0.00,0.00,0.00,0.00,0.00,0.000,0.00,0.00,0.00,0.00,0.00,0.00,0.00,0,0,0,0,0,0,0,0,0.0
경상남도,진주시,충무공동,2020,0.00,0.00,0.00,0.0,0.000,0.00,0.00,0.00,0.00,0.00,0.00,0.00,0.000,0.00,0.00,0.00,0.00,0.00,0.000,0.00,0.00,0.00,0.00,0.00,0.00,0.00,0,0,0,0,0,0,0,0,0.0
경상남도,통영시,소계,,"557,726.00","716,576.00","530,683.00",74.1,24.000,"285,343.00","285,343.00","212,453.00","43,191.00","59,231.00","9,440.00","100,591.00",13.000,"148,773.00","264,956.00","240,465.00",492.00,"239,973.00",13.000,"123,610.00","166,277.00","77,765.00","7,712.00","56,550.00","4,071.00","9,432.00",0,"6,145",0,"17,217",0,49,0,"79,637",15.0
경상남도,통영시,산양읍,2030,"23,163.00","40,757.00","27,552.00",67.6,3.000,"13,205.00","13,205.00",0.00,0.00,0.00,0.00,0.00,1.000,"9,958.00","27,552.00","27,552.00",0.00,"27,552.00",1.000,0.00,0.00,0.00,0.00,0.00,0.00,0.00,0,0,0,657,0,0,0,"12,574",45.6
경상남도,통영시,용남면,2030,"35,777.00","43,417.00","8,544.00",19.7,3.000,"34,873.00","34,873.00",0.00,0.00,0.00,0.00,0.00,2.000,904.00,"3,135.00","3,135.00",0.00,"3,135.00",2.000,0.00,"5,409.00","5,409.00","5,409.00",0.00,0.00,0.00,0,0,0,312,0,0,0,"7,314",85.6
경상남도,통영시,도산면,2030,"7,898.00","17,336.00","17,336.00",100.0,0.000,0.00,0.00,0.00,0.00,0.00,0.00,0.00,0.000,"7,898.00","17,336.00","17,336.00",0.00,"17,336.00",0.000,0.00,0.00,0.00,0.00,0.00,0.00,0.00,0,0,0,530,0,0,0,0,0.0
경상남도,통영시,광도면,2030,"76,933.00","76,933.00","3,142.00",4.1,6.000,"10,563.00","10,563.00",0.00,0.00,0.00,0.00,0.00,2.000,"27,633.00","27,633.00","3,142.00",0.00,"3,142.00",2.000,"38,737.00","38,737.00",0.00,0.00,0.00,0.00,0.00,0,0,0,217,0,0,0,0,0.0
경상남도,통영시,욕지면,2030,"13,777.00","65,478.00","57,068.00",87.2,3.000,"8,410.00","8,410.00",0.00,0.00,0.00,0.00,0.00,1.000,"5,367.00","19,810.00","19,810.00",0.00,"19,810.00",1.000,0.00,"37,258.00","37,258.00",0.00,"25,180.00","4,071.00","8,007.00",0,647,0,"1,065",0,0,0,"48,599",85.2
경상남도,통영시,한산면,2030,"3,490.00","12,658.00","12,658.00",100.0,0.000,0.00,0.00,0.00,0.00,0.00,0.00,0.00,0.000,"3,490.00","12,658.00","12,658.00",0.00,"12,658.00",0.000,0.00,0.00,0.00,0.00,0.00,0.00,0.00,0,0,0,41,0,0,0,"11,150",88.1
경상남도,통영시,사량면,2030,"1,268.00","23,081.00","23,081.00",100.0,0.000,0.00,0.00,0.00,0.00,0.00,0.00,0.00,0.000,"1,268.00","23,081.00","23,081.00",0.00,"23,081.00",0.000,0.00,0.00,0.00,0.00,0.00,0.00,0.00,0,0,0,292,0,0,0,0,0.0
경상남도,통영시,도천동,2030,"395,420.00","436,916.00","381,302.00",87.3,9.000,"218,292.00","218,292.00","212,453.00","43,191.00","59,231.00","9,440.00","100,591.00",7.000,"92,255.00","133,751.00","133,751.00",492.00,"133,259.00",7.000,"84,873.00","84,873.00","35,098.00","2,303.00","31,370.00",0.00,"1,425.00",0,"5,498",0,"14,103",0,49,0,0,0.0
경상남도,통영시,명정동,2030,0.00,0.00,0.00,0.0,0.000,0.00,0.00,0.00,0.00,0.00,0.00,0.00,0.000,0.00,0.00,0.00,0.00,0.00,0.000,0.00,0.00,0.00,0.00,0.00,0.00,0.00,0,0,0,0,0,0,0,0,0.0
경상남도,통영시,중앙동,2030,0.00,0.00,0.00,0.0,0.000,0.00,0.00,0.00,0.00,0.00,0.00,0.00,0.000,0.00,0.00,0.00,0.00,0.00,0.000,0.00,0.00,0.00,0.00,0.00,0.00,0.00,0,0,0,0,0,0,0,0,0.0
경상남도,통영시,정량동,2030,0.00,0.00,0.00,0.0,0.000,0.00,0.00,0.00,0.00,0.00,0.00,0.00,0.000,0.00,0.00,0.00,0.00,0.00,0.000,0.00,0.00,0.00,0.00,0.00,0.00,0.00,0,0,0,0,0,0,0,0,0.0
경상남도,통영시,북신동,2030,0.00,0.00,0.00,0.0,0.000,0.00,0.00,0.00,0.00,0.00,0.00,0.00,0.000,0.00,0.00,0.00,0.00,0.00,0.000,0.00,0.00,0.00,0.00,0.00,0.00,0.00,0,0,0,0,0,0,0,0,0.0
경상남도,통영시,미수동,2030,0.00,0.00,0.00,0.0,0.000,0.00,0.00,0.00,0.00,0.00,0.00,0.00,0.000,0.00,0.00,0.00,0.00,0.00,0.000,0.00,0.00,0.00,0.00,0.00,0.00,0.00,0,0,0,0,0,0,0,0,0.0
경상남도,통영시,봉평동,2030,0.00,0.00,0.00,0.0,0.000,0.00,0.00,0.00,0.00,0.00,0.00,0.00,0.000,0.00,0.00,0.00,0.00,0.00,0.000,0.00,0.00,0.00,0.00,0.00,0.00,0.00,0,0,0,0,0,0,0,0,0.0
경상남도,통영시,무전동,2030,0.00,0.00,0.00,0.0,0.000,0.00,0.00,0.00,0.00,0.00,0.00,0.00,0.000,0.00,0.00,0.00,0.00,0.00,0.000,0.00,0.00,0.00,0.00,0.00,0.00,0.00,0,0,0,0,0,0,0,0,0.0
경상남도,사천시,소계,,"685,000.00","686,287.00","572,200.00",83.4,9.700,"200,937.00","200,937.00","143,449.00","16,563.00","37,398.00","2,756.00","86,732.00",25.600,"399,643.00","400,730.00","366,744.00","29,849.00","336,895.00",25.600,"84,420.00","84,620.00","62,007.00","37,558.00","24,449.00",0.00,0.00,"9,781","11,386","9,714","43,745","60,552",40,42,"401,514",70.2
경상남도,사천시,사천읍,2035,"88,614.00","88,614.00","75,373.00",85.1,0.800,"23,295.00","23,295.00","18,043.00","2,297.00","6,431.00",883.00,"8,432.00",2.800,"33,449.00","33,449.00","30,823.00","14,312.00","16,511.00",2.800,"31,870.00","31,870.00","26,507.00","24,089.00","2,418.00",0.00,0.00,487,"1,142",941,"7,964","8,432",6,6,"41,493",55.1
경상남도,사천시,정동면,2025,"40,161.00","40,161.00","30,073.00",74.9,0.400,"15,212.00","15,212.00","11,184.00","1,493.00","3,123.00",523.00,"6,045.00",1.600,"19,705.00","19,705.00","17,691.00","1,481.00","16,210.00",1.600,"5,244.00","5,244.00","1,198.00",624.00,574.00,0.00,0.00,289,953,861,"4,126","5,312",0,0,"24,584",81.7
경상남도,사천시,사남면,2025,"50,038.00","50,038.00","40,539.00",81.0,0.600,"18,642.00","18,642.00","14,614.00","1,748.00","4,369.00",675.00,"7,822.00",2.100,"25,318.00","25,318.00","23,304.00","1,654.00","21,650.00",2.100,"6,078.00","6,078.00","2,621.00",369.00,"2,252.00",0.00,0.00,373,879,764,"5,185","6,812",0,0,"31,812",78.5
경상남도,사천시,용현면,2035,"121,562.00","121,562.00","108,869.00",89.6,2.000,"18,220.00","18,220.00","12,968.00","4,420.00","8,432.00",69.00,47.00,5.000,"98,679.00","98,679.00","91,604.00","3,761.00","87,843.00",5.000,"4,663.00","4,663.00","4,297.00",478.00,"3,819.00",0.00,0.00,560,"1,004",812,"3,406","4,682",0,0,"17,966",16.5
경상남도,사천시,축동면,2025,"8,228.00","8,228.00","4,041.00",49.1,0.000,"3,078.00","3,078.00","1,432.00",145.00,243.00,83.00,961.00,0.200,"3,648.00","3,648.00","1,247.00",24.00,"1,223.00",0.200,"1,502.00","1,502.00","1,362.00",312.00,"1,050.00",0.00,0.00,46,642,541,704,"1,240",0,0,"3,909",96.7
경상남도,사천시,곤양면,2025,"4,733.00","5,947.00","5,947.00",100.0,0.500,0.00,0.00,0.00,0.00,0.00,0.00,0.00,2.200,"3,036.00","4,123.00","4,123.00",572.00,"3,551.00",2.200,"1,697.00","1,824.00","1,824.00",0.00,"1,824.00",0.00,0.00,137,521,439,"1,440","2,413",0,0,"7,262",122.1
경상남도,사천시,곤명면,2025,"8,494.00","8,494.00","4,807.00",56.6,0.400,0.00,0.00,0.00,0.00,0.00,0.00,0.00,1.700,"7,126.00","7,126.00","3,612.00",419.00,"3,193.00",1.700,"1,368.00","1,368.00","1,195.00",0.00,"1,195.00",0.00,0.00,109,496,401,"1,103","2,630",0,0,"5,794",120.5
경상남도,사천시,서포면,2025,"7,486.00","7,486.00","6,615.00",88.4,1.000,0.00,0.00,0.00,0.00,0.00,0.00,0.00,4.000,"5,686.00","5,686.00","5,376.00",0.00,"5,376.00",4.000,"1,800.00","1,800.00","1,239.00",0.00,"1,239.00",0.00,0.00,165,412,387,"1,290","2,049",0,0,"7,559",114.3
경상남도,사천시,동서동,2035,"49,474.00","49,474.00","41,118.00",83.1,0.600,"16,752.00","16,752.00","11,234.00",830.00,"1,341.00",101.00,"8,962.00",0.900,"28,438.00","28,438.00","26,424.00",437.00,"25,987.00",0.900,"4,284.00","4,284.00","3,460.00","1,267.00","2,193.00",0.00,0.00,"1,066",940,846,"3,026","4,952",1,2,"36,558",88.9
경상남도,사천시,선구동,2035,"45,526.00","45,526.00","35,738.00",78.5,0.400,"15,430.00","15,430.00","10,217.00","1,068.00","1,943.00",71.00,"7,135.00",0.800,"26,078.00","26,078.00","24,064.00","1,643.00","22,421.00",0.800,"4,018.00","4,018.00","1,457.00",846.00,611.00,0.00,0.00,"1,013",976,794,"2,192","3,204",14,14,"34,213",95.7
경상남도,사천시,동서금동,2035,"40,611.00","40,611.00","30,026.00",73.9,0.400,"12,789.00","12,789.00","6,943.00",140.00,312.00,60.00,"6,431.00",0.700,"24,065.00","24,065.00","21,024.00","2,731.00","18,293.00",0.700,"3,757.00","3,757.00","2,059.00","1,276.00",783.00,0.00,0.00,954,891,731,"2,158","2,563",0,1,"31,457",104.8
경상남도,사천시,벌룡동,2035,"122,825.00","122,825.00","110,332.00",89.8,1.200,"39,940.00","39,940.00","30,117.00","2,087.00","6,412.00",187.00,"21,431.00",1.500,"72,675.00","72,675.00","70,612.00",647.00,"69,965.00",1.500,"10,210.00","10,210.00","9,603.00","6,742.00","2,861.00",0.00,0.00,"2,845",742,609,"6,238","8,542",1,1,"96,159",87.2
경상남도,사천시,향촌동,2035,"57,367.00","57,440.00","47,130.00",82.1,0.600,"22,010.00","22,010.00","15,164.00","1,028.00","1,643.00",62.00,"12,431.00",0.900,"30,833.00","30,833.00","27,369.00",961.00,"26,408.00",0.900,"4,524.00","4,597.00","4,597.00","1,243.00","3,354.00",0.00,0.00,"1,082",812,712,"2,721","4,201",2,2,"28,456",60.4
경상남도,사천시,남양동,2035,"39,881.00","39,881.00","31,592.00",79.2,0.800,"15,569.00","15,569.00","11,533.00","1,307.00","3,149.00",42.00,"7,035.00",1.200,"20,907.00","20,907.00","19,471.00","1,207.00","18,264.00",1.200,"3,405.00","3,405.00",588.00,312.00,276.00,0.00,0.00,655,976,876,"2,192","3,520",16,16,"34,292",108.5
경상남도,김해시,소계,,"2,362,909.00","2,526,189.00","1,576,175.00",62.4,0.000,0.00,"49,138.00","49,138.00","5,619.00","13,888.00","7,125.00","22,506.00",87.200,"1,359,799.00","1,359,799.00","876,705.00",0.00,"876,705.00",211.900,"1,003,110.00","1,117,252.00","650,332.00","88,152.00","458,755.00","20,411.00","83,014.00",913,"16,820","11,922","57,023","81,583",455,2,"1,338,524",84.9
경상남도,김해시,진영읍,2030,"232,947.00","232,947.00","143,904.00",61.8,0.000,0.00,0.00,0.00,0.00,0.00,0.00,0.00,8.500,"131,584.00","131,584.00","89,456.00",0.00,"89,456.00",19.200,"101,363.00","101,363.00","54,448.00","2,550.00","50,813.00",201.00,884.00,0,"1,280",779,"3,217","4,504",48,0,"157,481",109.4
경상남도,김해시,주촌면,2030,"154,271.00","154,271.00","58,857.00",38.2,0.000,0.00,0.00,0.00,0.00,0.00,0.00,0.00,8.300,"65,088.00","65,088.00","48,581.00",0.00,"48,581.00",18.000,"89,183.00","89,183.00","10,276.00",573.00,"9,424.00",37.00,242.00,0,"1,016",231,"2,007","2,409",26,0,"78,414",133.2
경상남도,김해시,진례면,2030,"253,730.00","253,730.00","111,025.00",43.8,0.000,0.00,0.00,0.00,0.00,0.00,0.00,0.00,14.700,"138,174.00","138,174.00","87,349.00",0.00,"87,349.00",25.300,"115,556.00","115,556.00","23,676.00",0.00,"16,688.00","6,988.00",0.00,0,"1,691",461,"2,999","3,599",0,0,"61,986",55.8
경상남도,김해시,한림면,2030,"227,036.00","227,036.00","55,157.00",24.3,0.000,0.00,0.00,0.00,0.00,0.00,0.00,0.00,6.500,"161,065.00","161,065.00","50,404.00",0.00,"50,404.00",21.100,"65,971.00","65,971.00","4,753.00",0.00,"4,747.00",0.00,6.00,0,"1,092",118,"2,558","3,070",6,0,"53,835",97.6
경상남도,김해시,생림면,2030,"85,195.00","85,195.00","16,875.00",19.8,0.000,0.00,0.00,0.00,0.00,0.00,0.00,0.00,4.300,"57,303.00","57,303.00","13,140.00",0.00,"13,140.00",15.500,"27,892.00","27,892.00","3,735.00",0.00,"3,688.00",40.00,7.00,0,67,19,917,"1,101",13,0,"12,596",74.6
경상남도,김해시,상동면,2030,"146,986.00","146,986.00","85,861.00",58.4,0.000,0.00,0.00,0.00,0.00,0.00,0.00,0.00,5.900,"82,832.00","82,832.00","82,452.00",0.00,"82,452.00",24.600,"64,154.00","64,154.00","3,409.00",0.00,"2,411.00",619.00,379.00,0,"1,784",73,"1,656","1,988",43,0,"42,448",49.4
경상남도,김해시,대동면,2030,"80,375.00","80,375.00","47,914.00",59.6,0.000,0.00,0.00,0.00,0.00,0.00,0.00,0.00,2.400,"41,644.00","41,644.00","39,761.00",0.00,"39,761.00",12.400,"38,731.00","38,731.00","8,153.00",0.00,"5,777.00",686.00,"1,690.00",0,"1,304",270,"1,985","2,383",43,0,"41,189",86.0
경상남도,김해시,동상동,2030,"37,650.00","45,165.00","42,089.00",93.2,0.000,0.00,"2,544.00","2,544.00",291.00,719.00,369.00,"1,165.00",0.600,"22,775.00","22,775.00","19,699.00",0.00,"19,699.00",1.200,"14,875.00","19,846.00","19,846.00","3,504.00","12,433.00",509.00,"3,400.00",40,353,356,"1,708","2,562",12,0,"31,116",73.9
경상남도,김해시,회현동,2030,"26,880.00","32,222.00","29,975.00",93.0,0.000,0.00,"1,857.00","1,857.00",212.00,525.00,269.00,851.00,0.400,"16,634.00","16,634.00","14,387.00",0.00,"14,387.00",0.700,"10,246.00","13,731.00","13,731.00","2,414.00","8,624.00",351.00,"2,342.00",27,258,247,"1,228","1,842",9,0,"22,193",74.0
경상남도,김해시,부원동,2030,"32,832.00","39,232.00","36,456.00",92.9,0.000,0.00,"2,297.00","2,297.00",263.00,649.00,333.00,"1,052.00",0.700,"20,556.00","20,556.00","17,780.00",0.00,"17,780.00",1.300,"12,276.00","16,379.00","16,379.00","2,892.00","10,261.00",420.00,"2,806.00",33,319,294,"1,487","2,231",11,0,"27,093",74.3
경상남도,김해시,내외동,2030,"145,561.00","177,471.00","167,311.00",94.3,0.000,0.00,"8,402.00","8,402.00",961.00,"2,375.00","1,218.00","3,848.00",1.800,"75,223.00","75,223.00","65,063.00",0.00,"65,063.00",3.600,"70,338.00","93,846.00","93,846.00","16,571.00","58,792.00","2,406.00","16,077.00",189,"1,166","1,682","6,647","9,971",39,0,"121,078",72.4
경상남도,김해시,북부동,2030,"159,165.00","195,857.00","185,834.00",94.9,0.000,0.00,"8,289.00","8,289.00",948.00,"2,343.00","1,202.00","3,796.00",4.800,"74,212.00","74,212.00","64,189.00",0.00,"64,189.00",9.700,"84,953.00","113,356.00","113,356.00","20,013.00","71,019.00","2,906.00","19,418.00",228,"1,151","2,036","7,294","10,941",38,0,"132,878",71.5
경상남도,김해시,칠산서부동,2030,"126,424.00","152,705.00","142,973.00",93.6,0.000,0.00,"8,047.00","8,047.00",920.00,"2,274.00","1,167.00","3,686.00",6.900,"72,053.00","72,053.00","62,321.00",0.00,"62,321.00",13.800,"54,371.00","72,605.00","72,605.00","12,809.00","45,508.00","1,860.00","12,428.00",146,"1,117","1,303","5,750","8,625",37,0,"104,754",73.3
경상남도,김해시,활천동,2030,"114,283.00","136,145.00","126,232.00",92.7,0.000,0.00,"8,198.00","8,198.00",937.00,"2,317.00","1,189.00","3,755.00",2.000,"73,397.00","73,397.00","63,484.00",0.00,"63,484.00",4.100,"40,886.00","54,550.00","54,550.00","9,632.00","34,174.00","1,399.00","9,345.00",110,"1,138",978,"5,171","7,757",38,0,"94,194",74.6
경상남도,김해시,삼안동,2030,"102,259.00","122,821.00","114,347.00",93.1,0.000,0.00,"7,006.00","7,006.00",801.00,"1,980.00","1,016.00","3,209.00",3.900,"62,740.00","62,740.00","54,266.00",0.00,"54,266.00",7.900,"39,519.00","53,075.00","53,075.00","9,310.00","33,323.00","1,409.00","9,033.00",106,973,959,"4,641","6,962",33,0,"84,462",73.9
경상남도,김해시,불암동,2030,"34,998.00","41,714.00","38,693.00",92.8,0.000,0.00,"2,498.00","2,498.00",286.00,706.00,362.00,"1,144.00",0.900,"22,374.00","22,374.00","19,353.00",0.00,"19,353.00",1.800,"12,624.00","16,842.00","16,842.00","2,974.00","10,551.00",432.00,"2,885.00",34,347,302,"1,584","2,376",12,0,"28,853",74.6
경상남도,김해시,장유1동,2030,"112,039.00","112,039.00","59,976.00",53.5,0.000,0.00,0.00,0.00,0.00,0.00,0.00,0.00,3.600,"67,433.00","67,433.00","35,711.00",0.00,"35,711.00",7.800,"44,606.00","44,606.00","24,265.00","1,367.00","22,280.00",41.00,577.00,0,735,498,"2,129","3,194",20,2,"84,044",140.1
경상남도,김해시,장유2동,2030,"128,878.00","128,878.00","51,892.00",40.3,0.000,0.00,0.00,0.00,0.00,0.00,0.00,0.00,5.200,"77,569.00","77,569.00","23,979.00",0.00,"23,979.00",11.300,"51,309.00","51,309.00","27,913.00","1,573.00","25,629.00",47.00,664.00,0,494,573,"1,868","2,802",13,0,"73,865",142.3
경상남도,김해시,장유3동,2030,"161,400.00","161,400.00","60,804.00",37.7,0.000,0.00,0.00,0.00,0.00,0.00,0.00,0.00,5.800,"97,143.00","97,143.00","25,330.00",0.00,"25,330.00",12.600,"64,257.00","64,257.00","35,474.00","1,970.00","32,613.00",60.00,831.00,0,535,743,"2,177","3,266",14,0,"86,045",141.5
경상남도,밀양시,소계,,"868,831.00","970,848.00","747,529.00",77.0,5.300,"206,863.00","208,149.00","206,863.00","25,340.00","78,353.00","33,130.00","70,040.00",6.600,"363,413.00","448,757.00","420,419.00",0.00,"420,419.00",5.500,"298,555.00","313,942.00","120,247.00","3,983.00","116,045.00",0.00,219.00,"1,216","11,312",0,"42,861",0,2,714,"611,084",81.7
경상남도,밀양시,삼랑진읍,2035,"99,444.00","112,727.00","77,531.00",68.8,0.500,"23,601.00","23,601.00","23,601.00","1,540.00","7,331.00","4,730.00","10,000.00",0.600,"38,917.00","52,200.00","52,200.00",0.00,"52,200.00",0.400,"36,926.00","36,926.00","1,730.00",0.00,"1,730.00",0.00,0.00,952,618,0,"3,036",0,0,42,"40,992",52.9
경상남도,밀양시,하남읍,2035,"96,985.00","102,032.00","89,425.00",87.6,0.400,"30,980.00","30,980.00","30,980.00","2,720.00","7,230.00","7,760.00","13,270.00",0.800,"39,300.00","44,347.00","44,347.00",0.00,"44,347.00",0.500,"26,705.00","26,705.00","14,098.00",0.00,"14,098.00",0.00,0.00,264,131,0,"3,098",0,0,48,"83,703",93.6
경상남도,밀양시,부북면,2035,"15,189.00","23,711.00","17,798.00",75.1,0.000,0.00,0.00,0.00,0.00,0.00,0.00,0.00,0.300,"7,891.00","16,413.00","16,413.00",0.00,"16,413.00",0.200,"7,298.00","7,298.00","1,385.00",0.00,"1,385.00",0.00,0.00,0,927,0,"2,270",0,0,20,"16,571",93.1
경상남도,밀양시,상동면,2035,"54,765.00","54,765.00","32,202.00",58.8,0.000,0.00,0.00,0.00,0.00,0.00,0.00,0.00,0.700,"32,791.00","32,791.00","19,923.00",0.00,"19,923.00",0.500,"21,974.00","21,974.00","12,279.00",0.00,"12,279.00",0.00,0.00,0,"1,704",0,"5,332",0,0,24,"27,202",84.5
경상남도,밀양시,산외면,2035,"49,529.00","49,529.00","38,122.00",77.0,0.000,0.00,0.00,0.00,0.00,0.00,0.00,0.00,0.600,"29,784.00","29,784.00","27,706.00",0.00,"27,706.00",0.000,"19,745.00","19,745.00","10,416.00",0.00,"10,416.00",0.00,0.00,0,991,0,"3,880",0,0,69,"38,122",100.0
경상남도,밀양시,산내면,2035,"26,326.00","26,326.00","18,047.00",68.6,0.000,0.00,0.00,0.00,0.00,0.00,0.00,0.00,0.300,"15,972.00","15,972.00","13,036.00",0.00,"13,036.00",0.400,"10,354.00","10,354.00","5,011.00",0.00,"5,011.00",0.00,0.00,0,889,0,"3,866",0,0,18,"18,047",100.0
경상남도,밀양시,단장면,2035,"28,718.00","44,181.00","37,465.00",84.8,0.000,0.00,0.00,0.00,0.00,0.00,0.00,0.00,0.300,"16,070.00","31,533.00","31,533.00",0.00,"31,533.00",0.400,"12,648.00","12,648.00","5,932.00",0.00,"5,932.00",0.00,0.00,0,"1,235",0,"3,477",0,0,25,"29,865",79.7
경상남도,밀양시,상남면,2035,"15,731.00","47,180.00","47,180.00",100.0,0.000,0.00,0.00,0.00,0.00,0.00,0.00,0.00,0.100,"8,816.00","24,878.00","24,878.00",0.00,"24,878.00",0.300,"6,915.00","22,302.00","22,302.00",0.00,"22,302.00",0.00,0.00,0,682,0,"2,413",0,0,13,"10,231",21.7
경상남도,밀양시,초동면,2035,"4,975.00","4,975.00",0.00,0.0,0.000,0.00,0.00,0.00,0.00,0.00,0.00,0.00,0.100,"4,975.00","4,975.00",0.00,0.00,0.00,0.000,0.00,0.00,0.00,0.00,0.00,0.00,0.00,0,0,0,0,0,0,0,0,0.0
경상남도,밀양시,무안면,2035,"41,256.00","54,538.00","44,454.00",81.5,0.400,"14,604.00","14,604.00","14,604.00","1,140.00","2,684.00",520.00,"10,260.00",0.600,"13,596.00","26,878.00","26,878.00",0.00,"26,878.00",0.500,"13,056.00","13,056.00","2,972.00",0.00,"2,972.00",0.00,0.00,0,757,0,"1,619",0,0,6,"19,862",44.7
경상남도,밀양시,청도면,2035,"18,519.00","18,519.00","5,638.00",30.4,0.000,0.00,0.00,0.00,0.00,0.00,0.00,0.00,0.200,"9,284.00","9,284.00","3,803.00",0.00,"3,803.00",0.300,"9,235.00","9,235.00","1,835.00",0.00,"1,835.00",0.00,0.00,0,297,0,"1,223",0,0,19,"5,638",100.0
경상남도,밀양시,내일동,2035,"26,924.00","28,189.00","22,312.00",79.2,0.000,"8,881.00","9,264.00","9,264.00","1,286.00","4,254.00","1,369.00","2,355.00",0.000,"9,419.00","10,301.00","10,301.00",0.00,"10,301.00",0.000,"8,624.00","8,624.00","2,747.00",257.00,"2,476.00",0.00,14.00,0,199,0,815,0,0,170,"20,696",92.8
경상남도,밀양시,내이동,2035,"109,228.00","113,155.00","89,312.00",78.9,1.000,"36,029.00","36,375.00","36,375.00","5,253.00","16,303.00","5,265.00","9,554.00",1.000,"38,211.00","41,792.00","41,792.00",0.00,"41,792.00",1.000,"34,988.00","34,988.00","11,145.00","1,042.00","10,045.00",0.00,58.00,0,806,0,"3,310",0,1,73,"83,963",94.0
경상남도,밀양시,삼문동,2035,"171,666.00","177,538.00","139,765.00",78.7,2.000,"56,624.00","56,868.00","56,868.00","8,201.00","25,447.00","8,204.00","15,016.00",1.000,"60,054.00","65,682.00","65,682.00",0.00,"65,682.00",1.000,"54,988.00","54,988.00","17,215.00","1,638.00","15,487.00",0.00,90.00,0,"1,267",0,"5,202",0,1,114,"131,960",94.4
경상남도,밀양시,가곡동,2035,"59,620.00","61,576.00","47,276.00",76.8,1.000,"19,666.00","19,666.00","18,380.00","2,813.00","7,478.00","2,874.00","5,215.00",0.000,"20,857.00","22,813.00","22,813.00",0.00,"22,813.00",0.000,"19,097.00","19,097.00","6,083.00",569.00,"5,483.00",0.00,31.00,0,440,0,"1,806",0,0,40,"45,830",96.9
경상남도,밀양시,교동,2035,"49,956.00","51,907.00","41,002.00",79.0,0.000,"16,478.00","16,791.00","16,791.00","2,387.00","7,626.00","2,408.00","4,370.00",0.000,"17,476.00","19,114.00","19,114.00",0.00,"19,114.00",0.000,"16,002.00","16,002.00","5,097.00",477.00,"4,594.00",0.00,26.00,0,369,0,"1,514",0,0,33,"38,402",93.7
경상남도,거제시,소계,,"136,356.00","626,280.60","568,706.20",90.8,9.100,"26,469.00","60,332.50","42,003.10","24,773.70","17,229.40",0.00,0.00,9.800,"56,903.00","361,872.80","350,721.40",150.40,"350,571.00",8.800,"52,984.00","204,075.30","175,981.70","8,698.40","157,642.00","9,641.30",0.00,"5,677","9,225",0,"6,721","8,808",0,51,"69,998",12.3
경상남도,거제시,일운면,2025,"20,796.00","34,149.00","32,367.60",94.8,5.700,"3,841.00","3,841.00","3,671.00","1,629.50","2,041.50",0.00,0.00,1.100,"9,414.00","22,767.00","22,767.00",0.00,"22,767.00",1.100,"7,541.00","7,541.00","5,929.60",319.30,"5,610.30",0.00,0.00,308,569,0,838,444,0,0,"9,974",30.8
경상남도,거제시,동부면,2025,"26,486.00","26,486.00","12,098.50",45.7,0.500,"4,134.00","4,134.00",0.00,0.00,0.00,0.00,0.00,1.800,"12,411.00","12,411.00","10,800.60",0.00,"10,800.60",1.800,"9,941.00","9,941.00","1,297.90",0.00,"1,297.90",0.00,0.00,30,294,0,77,0,0,0,"10,041",83.0
경상남도,거제시,남부면,2025,"19,595.00","23,830.10","11,648.10",48.9,0.700,"2,641.00","2,641.00",0.00,0.00,0.00,0.00,0.00,1.300,"9,541.00","9,541.00",0.00,0.00,0.00,1.300,"7,413.00","11,648.10","11,648.10",0.00,"11,648.10",0.00,0.00,0,287,0,111,0,0,0,"8,941",76.8
경상남도,거제시,거제면,2025,"20,436.00","37,860.90","32,842.50",86.7,0.500,"3,612.00","3,612.00","2,321.60","1,421.70",899.90,0.00,0.00,1.500,"8,412.00","25,836.90","25,836.90",0.00,"25,836.90",1.500,"8,412.00","8,412.00","4,684.00",0.00,"4,684.00",0.00,0.00,242,670,0,489,"1,010",0,0,"8,214",25.0
경상남도,거제시,둔덕면,2025,"17,726.00","21,384.90","10,529.90",49.2,0.600,"4,314.00","4,314.00",0.00,0.00,0.00,0.00,0.00,1.100,"6,871.00","10,529.90","10,529.90",0.00,"10,529.90",1.100,"6,541.00","6,541.00",0.00,0.00,0.00,0.00,0.00,0,189,0,103,0,0,0,"9,941",94.4
경상남도,거제시,사등면,2025,"6,078.00","9,852.30","7,629.20",77.4,0.400,124.00,124.00,0.00,0.00,0.00,0.00,0.00,0.300,"2,413.00","6,187.30","6,187.30",0.00,"6,187.30",0.300,"3,541.00","3,541.00","1,441.90",55.10,"1,018.80",368.00,0.00,62,560,0,25,116,0,2,"2,951",38.7
경상남도,거제시,연초면,2025,"10,398.00","239,726.30","239,726.30",100.0,0.100,"2,147.00","14,793.70","14,793.70","8,459.30","6,334.40",0.00,0.00,0.700,"4,127.00","141,466.30","141,466.30",150.40,"141,315.90",0.700,"4,124.00","83,466.30","83,466.30","5,966.70","70,019.80","7,479.80",0.00,"2,887","3,531",0,"2,839","3,843",0,23,"3,971",1.7
경상남도,거제시,하청면,2025,"1,642.00","17,421.30","15,779.30",90.6,0.200,"1,642.00","1,642.00",0.00,0.00,0.00,0.00,0.00,1.000,0.00,"15,319.60","15,319.60",0.00,"15,319.60",0.000,0.00,459.70,459.70,0.00,459.70,0.00,0.00,12,412,0,28,73,0,0,"8,841",56.0
경상남도,거제시,장목면,2025,"13,199.00","24,374.30","14,889.30",61.1,0.400,"4,014.00","4,014.00",0.00,0.00,0.00,0.00,0.00,1.000,"3,714.00","14,889.30","14,889.30",0.00,"14,889.30",1.000,"5,471.00","5,471.00",0.00,0.00,0.00,0.00,0.00,85,230,0,124,0,0,0,"7,124",47.8
경상남도,거제시,장승포동,2025,0.00,"182,890.00","182,890.00",100.0,0.000,0.00,"21,199.10","21,199.10","13,263.20","7,935.90",0.00,0.00,0.000,0.00,"97,068.60","97,068.60",0.00,"97,068.60",0.000,0.00,"64,622.30","64,622.30","2,320.40","62,301.90",0.00,0.00,"2,021","2,389",0,"1,991","3,322",0,26,0,0.0
경상남도,거제시,능포동,2025,0.00,0.00,0.00,0.0,0.000,0.00,0.00,0.00,0.00,0.00,0.00,0.00,0.000,0.00,0.00,0.00,0.00,0.00,0.000,0.00,0.00,0.00,0.00,0.00,0.00,0.00,0,0,0,0,0,0,0,0,0.0
경상남도,거제시,아주동,2025,0.00,0.00,0.00,0.0,0.000,0.00,0.00,0.00,0.00,0.00,0.00,0.00,0.000,0.00,0.00,0.00,0.00,0.00,0.000,0.00,0.00,0.00,0.00,0.00,0.00,0.00,0,0,0,0,0,0,0,0,0.0
경상남도,거제시,옥포1동,2025,0.00,0.00,0.00,0.0,0.000,0.00,0.00,0.00,0.00,0.00,0.00,0.00,0.000,0.00,0.00,0.00,0.00,0.00,0.000,0.00,0.00,0.00,0.00,0.00,0.00,0.00,0,0,0,0,0,0,0,0,0.0
경상남도,거제시,옥포2동,2025,0.00,0.00,0.00,0.0,0.000,0.00,0.00,0.00,0.00,0.00,0.00,0.00,0.000,0.00,0.00,0.00,0.00,0.00,0.000,0.00,0.00,0.00,0.00,0.00,0.00,0.00,0,0,0,0,0,0,0,0,0.0
경상남도,거제시,장평동,2025,0.00,0.00,0.00,0.0,0.000,0.00,0.00,0.00,0.00,0.00,0.00,0.00,0.000,0.00,0.00,0.00,0.00,0.00,0.000,0.00,0.00,0.00,0.00,0.00,0.00,0.00,0,0,0,0,0,0,0,0,0.0
경상남도,거제시,고현동,2025,0.00,0.00,0.00,0.0,0.000,0.00,0.00,0.00,0.00,0.00,0.00,0.00,0.000,0.00,0.00,0.00,0.00,0.00,0.000,0.00,0.00,0.00,0.00,0.00,0.00,0.00,0,0,0,0,0,0,0,0,0.0
경상남도,거제시,상문동,2025,0.00,"8,305.50","8,305.50",100.0,0.000,0.00,17.70,17.70,0.00,17.70,0.00,0.00,0.000,0.00,"5,855.90","5,855.90",0.00,"5,855.90",0.000,0.00,"2,431.90","2,431.90",36.90,601.50,"1,793.50",0.00,30,94,0,96,0,0,0,0,0.0
경상남도,거제시,수양동,2025,0.00,0.00,0.00,0.0,0.000,0.00,0.00,0.00,0.00,0.00,0.00,0.00,0.000,0.00,0.00,0.00,0.00,0.00,0.000,0.00,0.00,0.00,0.00,0.00,0.00,0.00,0,0,0,0,0,0,0,0,0.0
경상남도,양산시,소계,,"256,656.00","1,148,783.00","1,091,762.00",95.0,0.000,0.00,"131,496.00","131,496.00","17,239.00","59,356.00","9,097.00","45,804.00",61.280,"74,297.00","551,837.00","551,837.00",0.00,"551,837.00",46.780,"182,359.00","465,450.00","408,429.00","78,105.00","238,641.00","1,732.00","89,951.00",0,"29,318",0,"51,940",0,73,71,"913,019",83.6
경상남도,양산시,물금읍,2020,679.00,"309,844.00","309,844.00",100.0,0.000,0.00,"16,874.00","16,874.00","2,438.00","6,354.00","1,859.00","6,223.00",10.500,679.00,"173,090.00","173,090.00",0.00,"173,090.00",0.000,0.00,"119,880.00","119,880.00","29,448.00","86,073.00",448.00,"3,911.00",0,"5,404",0,"12,945",0,5,10,"154,063",49.7
경상남도,양산시,동면,2020,"45,010.00","76,705.00","76,705.00",100.0,0.000,0.00,"5,637.00","5,637.00",705.00,"2,063.00",681.00,"2,188.00",5.390,"9,289.00","11,263.00","11,263.00",0.00,"11,263.00",5.390,"35,721.00","59,805.00","59,805.00","7,351.00","40,826.00",412.00,"11,216.00",0,"2,312",0,"4,348",0,0,2,"76,705",100.0
경상남도,양산시,원동면,2020,"20,900.00","66,808.00","66,808.00",100.0,0.000,0.00,"1,079.00","1,079.00",78.00,650.00,40.00,311.00,4.000,"20,900.00","63,302.00","63,302.00",0.00,"63,302.00",0.000,0.00,"2,427.00","2,427.00",488.00,124.00,0.00,"1,815.00",0,"1,806",0,"2,114",0,0,0,"66,700",99.8
경상남도,양산시,상북면,2020,"80,805.00","150,305.00","127,524.00",84.8,0.000,0.00,"19,093.00","19,093.00","1,723.00","11,250.00",885.00,"5,235.00",7.410,"13,543.00","63,950.00","63,950.00",0.00,"63,950.00",7.410,"67,262.00","67,262.00","44,481.00","2,059.00","24,443.00",111.00,"17,868.00",0,"2,854",0,"2,795",0,26,2,"127,524",100.0
경상남도,양산시,하북면,2020,"14,159.00","84,625.00","84,625.00",100.0,0.000,0.00,"5,682.00","5,682.00",688.00,"2,956.00",322.00,"1,716.00",4.020,"12,523.00","52,544.00","52,544.00",0.00,"52,544.00",4.020,"1,636.00","26,399.00","26,399.00","1,170.00","14,215.00",754.00,"10,260.00",0,"3,221",0,"3,428",0,0,6,"84,625",100.0
경상남도,양산시,중앙동,2020,"41,499.00","328,018.00","328,018.00",100.0,0.000,0.00,"70,558.00","70,558.00","10,592.00","25,830.00","5,310.00","28,826.00",13.670,"10,927.00","114,951.00","114,951.00",0.00,"114,951.00",13.670,"30,572.00","142,509.00","142,509.00","36,369.00","68,898.00",0.00,"37,242.00",0,"7,920",0,"12,514",0,13,13,"305,164",93.0
경상남도,양산시,양주동,2020,0.00,0.00,0.00,0.0,0.000,0.00,0.00,0.00,0.00,0.00,0.00,0.00,0.000,0.00,0.00,0.00,0.00,0.00,0.000,0.00,0.00,0.00,0.00,0.00,0.00,0.00,0,0,0,0,0,0,0,0,0.0
경상남도,양산시,삼성동,2020,0.00,0.00,0.00,0.0,0.000,0.00,0.00,0.00,0.00,0.00,0.00,0.00,0.000,0.00,0.00,0.00,0.00,0.00,0.000,0.00,0.00,0.00,0.00,0.00,0.00,0.00,0,0,0,0,0,0,0,0,0.0
경상남도,양산시,강서동,2020,0.00,0.00,0.00,0.0,0.000,0.00,0.00,0.00,0.00,0.00,0.00,0.00,0.000,0.00,0.00,0.00,0.00,0.00,0.000,0.00,0.00,0.00,0.00,0.00,0.00,0.00,0,0,0,0,0,0,0,0,0.0
경상남도,양산시,서창동,2020,"53,604.00","132,478.00","98,238.00",74.2,0.000,0.00,"12,573.00","12,573.00","1,015.00","10,253.00",0.00,"1,305.00",16.290,"6,436.00","72,737.00","72,737.00",0.00,"72,737.00",16.290,"47,168.00","47,168.00","12,928.00","1,220.00","4,062.00",7.00,"7,639.00",0,"5,801",0,"13,796",0,29,38,"98,238",100.0
경상남도,양산시,소주동,2020,0.00,0.00,0.00,0.0,0.000,0.00,0.00,0.00,0.00,0.00,0.00,0.00,0.000,0.00,0.00,0.00,0.00,0.00,0.000,0.00,0.00,0.00,0.00,0.00,0.00,0.00,0,0,0,0,0,0,0,0,0.0
경상남도,양산시,평산동,2020,0.00,0.00,0.00,0.0,0.000,0.00,0.00,0.00,0.00,0.00,0.00,0.00,0.000,0.00,0.00,0.00,0.00,0.00,0.000,0.00,0.00,0.00,0.00,0.00,0.00,0.00,0,0,0,0,0,0,0,0,0.0
경상남도,양산시,덕계동,2020,0.00,0.00,0.00,0.0,0.000,0.00,0.00,0.00,0.00,0.00,0.00,0.00,0.000,0.00,0.00,0.00,0.00,0.00,0.000,0.00,0.00,0.00,0.00,0.00,0.00,0.00,0,0,0,0,0,0,0,0,0.0
경상남도,군부,합계,,"4,369,734.70","4,762,334.40","3,804,703.50",79.9,"1,104.795","368,306.00","373,561.00","323,588.50","66,482.10","103,674.50","19,815.00","133,616.90",148.727,"2,867,446.50","3,126,419.20","2,363,969.90","9,101.00","2,354,868.90","1,078.072","1,133,982.20","1,262,354.20","1,117,145.10","106,181.20","636,847.90","125,361.50","248,754.50","43,355","28,271","1,916","121,841","39,122",62,940,"2,587,703",68.0
경상남도,의령군,소계,,"163,451.00","274,192.00","223,827.00",81.6,2.000,"47,725.00","47,725.00","39,429.00","12,934.00","26,495.00",0.00,0.00,0.000,"57,743.00","164,303.00","164,303.00",0.00,"164,303.00",0.000,"57,983.00","62,164.00","20,095.00",200.00,"15,339.00","4,556.00",0.00,"3,164","3,136",0,"9,272",0,2,0,0,0.0
경상남도,의령군,의령읍,2030,"139,704.00","139,704.00","97,635.00",69.9,1.000,"26,104.00","26,104.00","26,104.00","9,528.00","16,576.00",0.00,0.00,0.000,"56,800.00","56,800.00","56,800.00",0.00,"56,800.00",0.000,"56,800.00","56,800.00","14,731.00",200.00,"10,740.00","3,791.00",0.00,989,741,0,"4,800",0,1,0,0,0.0
경상남도,의령군,가례면,2030,0.00,"7,000.00","7,000.00",100.0,0.000,0.00,0.00,0.00,0.00,0.00,0.00,0.00,0.000,0.00,"7,000.00","7,000.00",0.00,"7,000.00",0.000,0.00,0.00,0.00,0.00,0.00,0.00,0.00,273,656,0,551,0,0,0,0,0.0
경상남도,의령군,칠곡면,2030,0.00,0.00,0.00,0.0,0.000,0.00,0.00,0.00,0.00,0.00,0.00,0.00,0.000,0.00,0.00,0.00,0.00,0.00,0.000,0.00,0.00,0.00,0.00,0.00,0.00,0.00,341,126,0,479,0,0,0,0,0.0
경상남도,의령군,대의면,2030,0.00,"5,400.00","5,400.00",100.0,0.000,0.00,0.00,0.00,0.00,0.00,0.00,0.00,0.000,0.00,"5,400.00","5,400.00",0.00,"5,400.00",0.000,0.00,0.00,0.00,0.00,0.00,0.00,0.00,101,143,0,217,0,0,0,0,0.0
경상남도,의령군,화정면,2030,0.00,"7,026.00","7,026.00",100.0,0.000,0.00,0.00,0.00,0.00,0.00,0.00,0.00,0.000,0.00,"7,026.00","7,026.00",0.00,"7,026.00",0.000,0.00,0.00,0.00,0.00,0.00,0.00,0.00,30,92,0,353,0,0,0,0,0.0
경상남도,의령군,용덕면,2030,0.00,"5,840.00","5,840.00",100.0,0.000,0.00,0.00,0.00,0.00,0.00,0.00,0.00,0.000,0.00,"5,840.00","5,840.00",0.00,"5,840.00",0.000,0.00,0.00,0.00,0.00,0.00,0.00,0.00,24,62,0,298,0,0,0,0,0.0
경상남도,의령군,정곡면,2030,0.00,"6,750.00","6,750.00",100.0,0.000,0.00,0.00,0.00,0.00,0.00,0.00,0.00,0.000,0.00,"6,750.00","6,750.00",0.00,"6,750.00",0.000,0.00,0.00,0.00,0.00,0.00,0.00,0.00,98,63,0,124,0,0,0,0,0.0
경상남도,의령군,지정면,2030,0.00,"6,336.00","6,336.00",100.0,0.000,0.00,0.00,0.00,0.00,0.00,0.00,0.00,0.000,0.00,"6,336.00","6,336.00",0.00,"6,336.00",0.000,0.00,0.00,0.00,0.00,0.00,0.00,0.00,13,42,0,83,0,0,0,0,0.0
경상남도,의령군,낙서면,2030,0.00,"6,131.00","6,131.00",100.0,0.000,0.00,0.00,0.00,0.00,0.00,0.00,0.00,0.000,0.00,"6,131.00","6,131.00",0.00,"6,131.00",0.000,0.00,0.00,0.00,0.00,0.00,0.00,0.00,21,65,0,191,0,0,0,0,0.0
경상남도,의령군,부림면,2030,"23,747.00","52,904.00","44,608.00",84.3,1.000,"21,621.00","21,621.00","13,325.00","3,406.00","9,919.00",0.00,0.00,0.000,943.00,"25,919.00","25,919.00",0.00,"25,919.00",0.000,"1,183.00","5,364.00","5,364.00",0.00,"4,599.00",765.00,0.00,345,362,0,"1,129",0,1,0,0,0.0
경상남도,의령군,봉수면,2030,0.00,"14,264.00","14,264.00",100.0,0.000,0.00,0.00,0.00,0.00,0.00,0.00,0.00,0.000,0.00,"14,264.00","14,264.00",0.00,"14,264.00",0.000,0.00,0.00,0.00,0.00,0.00,0.00,0.00,293,311,0,454,0,0,0,0,0.0
경상남도,의령군,궁류면,2030,0.00,"19,393.00","19,393.00",100.0,0.000,0.00,0.00,0.00,0.00,0.00,0.00,0.00,0.000,0.00,"19,393.00","19,393.00",0.00,"19,393.00",0.000,0.00,0.00,0.00,0.00,0.00,0.00,0.00,568,360,0,513,0,0,0,0,0.0
경상남도,의령군,유곡면,2030,0.00,"3,444.00","3,444.00",100.0,0.000,0.00,0.00,0.00,0.00,0.00,0.00,0.00,0.000,0.00,"3,444.00","3,444.00",0.00,"3,444.00",0.000,0.00,0.00,0.00,0.00,0.00,0.00,0.00,68,113,0,80,0,0,0,0,0.0
경상남도,함안군,소계,,"380,185.00","424,220.00","375,056.00",88.4,6.400,652.00,652.00,652.00,99.00,533.00,0.00,20.00,7.990,"223,494.00","260,912.00","235,314.00",0.00,"235,314.00",110.974,"156,039.00","162,656.00","139,090.00","20,895.00","70,677.00","25,165.00","22,353.00","5,491",0,0,"9,668",0,23,172,"375,056",100.0
경상남도,함안군,가야읍,,"81,241.00","85,173.00","85,173.00",100.0,6.400,652.00,652.00,652.00,99.00,533.00,0.00,20.00,2.796,"38,642.00","40,776.00","40,776.00",0.00,"40,776.00",14.392,"41,947.00","43,745.00","43,745.00","10,534.00","25,405.00","3,512.00","4,294.00","1,645",0,0,"3,360",0,11,20,"85,173",100.0
경상남도,함안군,칠원읍,,"99,930.00","122,756.00","99,190.00",80.8,0.000,0.00,0.00,0.00,0.00,0.00,0.00,0.00,1.097,"58,692.00","81,518.00","81,518.00",0.00,"81,518.00",28.291,"41,238.00","41,238.00","17,672.00","2,589.00","7,391.00","7,246.00",446.00,34,0,0,"1,366",0,0,47,"99,190",100.0
경상남도,함안군,함안면,,"22,574.00","29,713.00","29,713.00",100.0,0.000,0.00,0.00,0.00,0.00,0.00,0.00,0.00,0.631,"10,961.00","17,274.00","17,274.00",0.00,"17,274.00",8.731,"11,613.00","12,439.00","12,439.00","2,957.00","7,405.00",901.00,"1,176.00",962,0,0,"1,021",0,0,12,"29,713",100.0
경상남도,함안군,군북면,,"44,718.00","46,054.00","45,965.00",99.8,0.000,0.00,0.00,0.00,0.00,0.00,0.00,0.00,0.949,"25,928.00","25,928.00","25,839.00",0.00,"25,839.00",7.542,"18,790.00","20,126.00","20,126.00",802.00,"10,895.00","2,929.00","5,500.00",495,0,0,747,0,0,17,"45,965",100.0
경상남도,함안군,법수면,,"27,305.00","27,827.00","15,615.00",56.1,0.000,0.00,0.00,0.00,0.00,0.00,0.00,0.00,0.330,"19,963.00","19,963.00","7,751.00",0.00,"7,751.00",0.000,"7,342.00","7,864.00","7,864.00",701.00,"4,229.00","1,654.00","1,280.00",404,0,0,689,0,0,18,"15,615",100.0
경상남도,함안군,대산면,,"27,036.00","32,361.00","32,361.00",100.0,0.000,0.00,0.00,0.00,0.00,0.00,0.00,0.00,0.727,"14,018.00","18,417.00","18,417.00",0.00,"18,417.00",5.673,"13,018.00","13,944.00","13,944.00",564.00,"5,388.00","4,059.00","3,933.00",257,0,0,435,0,0,14,"32,361",100.0
경상남도,함안군,칠서면,,"46,731.00","47,345.00","45,436.00",96.0,0.000,0.00,0.00,0.00,0.00,0.00,0.00,0.00,0.945,"33,004.00","33,004.00","31,095.00",0.00,"31,095.00",22.514,"13,727.00","14,341.00","14,341.00","1,301.00","4,849.00","3,742.00","4,449.00",401,0,0,683,0,12,20,"45,436",100.0
경상남도,함안군,칠북면,,"7,454.00","7,540.00","2,163.00",28.7,0.000,0.00,0.00,0.00,0.00,0.00,0.00,0.00,0.055,"6,242.00","6,242.00",865.00,0.00,865.00,12.404,"1,212.00","1,298.00","1,298.00",46.00,741.00,0.00,511.00,"1,016",0,0,"1,051",0,0,5,"2,163",100.0
경상남도,함안군,산인면,,"19,601.00","19,984.00","13,973.00",69.9,0.000,0.00,0.00,0.00,0.00,0.00,0.00,0.00,0.352,"14,215.00","14,215.00","8,204.00",0.00,"8,204.00",11.427,"5,386.00","5,769.00","5,769.00",996.00,"3,504.00",505.00,764.00,210,0,0,259,0,0,13,"13,973",100.0
경상남도,함안군,여항면,,"3,595.00","5,467.00","5,467.00",100.0,0.000,0.00,0.00,0.00,0.00,0.00,0.00,0.00,0.108,"1,829.00","3,575.00","3,575.00",0.00,"3,575.00",0.000,"1,766.00","1,892.00","1,892.00",405.00,870.00,617.00,0.00,67,0,0,57,0,0,6,"5,467",100.0
경상남도,창녕군,소계,,"344,503.00","467,718.20","429,286.90",91.8,3.500,"101,343.00","101,343.00","65,434.50","6,304.50","24,603.50","2,220.00","32,306.50",10.600,"197,978.00","240,791.70","238,268.90",0.00,"238,268.90",40.000,"45,182.00","125,583.50","125,583.50","8,928.40","71,303.70",716.00,"44,635.40","8,275",927,0,"7,207","13,538",8,134,"329,735",76.8
경상남도,창녕군,창녕읍,2030,"98,162.00","127,887.10","114,799.90",89.8,1.100,"35,131.00","35,131.00","22,043.80","2,032.20","7,672.40","1,780.00","10,559.20",2.700,"47,086.00","49,094.30","49,094.30",0.00,"49,094.30",14.000,"15,945.00","43,661.80","43,661.80",817.10,"23,117.80",76.00,"19,650.90","2,287",0,0,"2,702","3,075",6,100,"110,929",96.6
경상남도,창녕군,남지읍,2030,"77,639.00","99,881.60","96,897.20",97.0,0.900,"28,579.00","28,579.00","25,594.60","2,932.50","9,765.40",197.00,"12,699.70",2.300,"38,574.00","41,843.10","41,843.10",0.00,"41,843.10",8.000,"10,486.00","29,459.50","29,459.50","2,168.80","21,255.60",0.00,"6,035.10","2,271",0,0,"1,908","2,051",0,2,"94,644",97.7
경상남도,창녕군,고암면,2030,"2,066.00","2,066.00","2,066.00",100.0,0.000,0.00,0.00,0.00,0.00,0.00,0.00,0.00,0.100,"2,066.00","2,066.00","2,066.00",0.00,"2,066.00",0.000,0.00,0.00,0.00,0.00,0.00,0.00,0.00,0,33,0,0,346,0,0,0,0.0
경상남도,창녕군,성산면,2030,"1,833.00","2,006.60","1,832.60",91.3,0.000,174.00,174.00,0.00,0.00,0.00,0.00,0.00,0.100,"1,659.00","1,832.60","1,832.60",0.00,"1,832.60",0.000,0.00,0.00,0.00,0.00,0.00,0.00,0.00,0,69,0,0,253,0,0,0,0.0
경상남도,창녕군,대합면,2030,"10,045.00","10,045.00","10,044.90",100.0,0.000,0.00,0.00,0.00,0.00,0.00,0.00,0.00,0.300,"10,045.00","10,045.00","10,044.90",0.00,"10,044.90",0.000,0.00,0.00,0.00,0.00,0.00,0.00,0.00,0,277,0,0,923,0,0,0,0.0
경상남도,창녕군,이방면,2030,"10,194.00","10,194.10","10,194.10",100.0,0.000,0.00,0.00,0.00,0.00,0.00,0.00,0.00,0.200,"10,194.00","10,194.10","10,194.10",0.00,"10,194.10",0.000,0.00,0.00,0.00,0.00,0.00,0.00,0.00,0,153,0,0,641,0,0,0,0.0
경상남도,창녕군,유어면,2030,"3,117.00","7,517.50","7,517.50",100.0,0.000,0.00,0.00,0.00,0.00,0.00,0.00,0.00,0.200,"3,117.00","7,517.50","7,517.50",0.00,"7,517.50",0.000,0.00,0.00,0.00,0.00,0.00,0.00,0.00,0,77,0,0,560,0,0,0,0.0
경상남도,창녕군,대지면,2030,"2,203.00","2,203.10","2,203.10",100.0,0.000,0.00,0.00,0.00,0.00,0.00,0.00,0.00,0.100,"2,203.00","2,203.10","2,203.10",0.00,"2,203.10",0.000,0.00,0.00,0.00,0.00,0.00,0.00,0.00,0,59,0,0,361,0,0,0,0.0
경상남도,창녕군,계성면,2030,"26,517.00","37,719.10","37,719.10",100.0,0.000,0.00,0.00,0.00,0.00,0.00,0.00,0.00,0.500,"26,517.00","35,079.60","35,079.60",0.00,"35,079.60",0.000,0.00,"2,639.50","2,639.50",0.00,"1,454.20",0.00,"1,185.30",413,0,0,505,"1,317",0,3,"7,747",20.5
경상남도,창녕군,영산면,2030,"48,554.00","74,685.60","63,719.90",85.3,0.800,"24,613.00","24,613.00","13,647.30","1,020.10","4,936.80",0.00,"7,690.40",2.000,"22,224.00","29,002.10","29,002.10",0.00,"29,002.10",9.000,"1,717.00","21,070.50","21,070.50","1,790.10","12,902.70",0.00,"6,377.70","1,761",0,0,"1,448","1,723",0,2,"61,363",96.3
경상남도,창녕군,장마면,2030,"1,434.00","11,473.60","11,473.60",100.0,0.000,0.00,0.00,0.00,0.00,0.00,0.00,0.00,0.000,"1,434.00","11,473.60","11,473.60",0.00,"11,473.60",0.000,0.00,0.00,0.00,0.00,0.00,0.00,0.00,0,45,0,0,292,0,0,0,0.0
경상남도,창녕군,도천면,2030,"3,903.00","3,903.00","3,903.00",100.0,0.000,0.00,0.00,0.00,0.00,0.00,0.00,0.00,0.100,"3,903.00","3,903.00","3,903.00",0.00,"3,903.00",0.000,0.00,0.00,0.00,0.00,0.00,0.00,0.00,0,105,0,0,411,0,0,0,0.0
경상남도,창녕군,길곡면,2030,"2,016.00","9,597.70","8,328.70",86.8,0.000,"1,269.00","1,269.00",0.00,0.00,0.00,0.00,0.00,0.100,747.00,"8,328.70","8,328.70",0.00,"8,328.70",0.000,0.00,0.00,0.00,0.00,0.00,0.00,0.00,0,109,0,0,402,0,0,0,0.0
경상남도,창녕군,부곡면,2030,"56,820.00","68,538.20","58,587.30",85.5,0.700,"11,577.00","11,577.00","4,148.80",319.70,"2,228.90",243.00,"1,357.20",1.900,"28,209.00","28,209.00","25,686.30",0.00,"25,686.30",9.000,"17,034.00","28,752.20","28,752.20","4,152.40","12,573.40",640.00,"11,386.40","1,543",0,0,644,"1,183",2,27,"55,052",94.0
경상남도,고성군,소계,,"467,676.60","479,903.50","303,258.00",63.2,3.359,0.00,"5,047.00","5,047.00",591.20,"3,384.80",0.00,"1,071.00",21.396,"374,482.80","378,469.80","201,981.00",0.00,"201,981.00",3.400,"93,193.80","96,386.70","96,230.00","9,007.00","65,193.90",0.00,"22,029.10",0,"3,915","1,916","7,292",0,0,167,"245,591",81.0
경상남도,고성군,고성읍,2035,"188,996.60","196,687.50","143,105.00",72.8,3.261,0.00,"4,498.00","4,498.00",591.20,"3,111.80",0.00,795.00,7.319,"128,273.50","128,273.50","74,691.00",0.00,"74,691.00",3.300,"60,723.10","63,916.00","63,916.00","5,858.00","44,744.80",0.00,"13,313.20",0,"1,982",806,"2,842",0,0,94,"130,886",91.5
경상남도,고성군,삼산면,2035,"36,442.00","36,442.00","10,817.00",29.7,0.000,0.00,0.00,0.00,0.00,0.00,0.00,0.00,1.794,"36,442.00","36,442.00","10,817.00",0.00,"10,817.00",0.000,0.00,0.00,0.00,0.00,0.00,0.00,0.00,0,189,88,316,0,0,0,"11,093",102.6
경상남도,고성군,하일면,2035,"27,211.00","27,211.00","19,740.00",72.5,0.000,0.00,0.00,0.00,0.00,0.00,0.00,0.00,1.859,"27,211.00","27,211.00","19,740.00",0.00,"19,740.00",0.000,0.00,0.00,0.00,0.00,0.00,0.00,0.00,0,259,28,629,0,0,0,"14,801",75.0
경상남도,고성군,하이면,2035,"26,167.00","26,167.00","9,180.00",35.1,0.000,0.00,0.00,0.00,0.00,0.00,0.00,0.00,1.361,"26,167.00","26,167.00","9,180.00",0.00,"9,180.00",0.000,0.00,0.00,0.00,0.00,0.00,0.00,0.00,0,201,0,623,0,0,0,"8,276",90.2
경상남도,고성군,상리면,2035,"10,345.00","10,345.00",0.00,0.0,0.000,0.00,0.00,0.00,0.00,0.00,0.00,0.00,0.605,"10,345.00","10,345.00",0.00,0.00,0.00,0.000,0.00,0.00,0.00,0.00,0.00,0.00,0.00,0,45,0,69,0,0,0,"1,757",0.0
경상남도,고성군,대가면,2035,"7,394.00","7,394.00","3,606.00",48.8,0.000,0.00,0.00,0.00,0.00,0.00,0.00,0.00,0.583,"7,394.00","7,394.00","3,606.00",0.00,"3,606.00",0.000,0.00,0.00,0.00,0.00,0.00,0.00,0.00,0,63,27,175,0,0,0,"3,606",100.0
경상남도,고성군,영현면,2035,"11,491.00","11,491.00","2,950.00",25.7,0.000,0.00,0.00,0.00,0.00,0.00,0.00,0.00,0.795,"11,491.00","11,491.00","2,950.00",0.00,"2,950.00",0.000,0.00,0.00,0.00,0.00,0.00,0.00,0.00,0,55,20,76,0,0,0,"2,950",100.0
경상남도,고성군,영오면,2035,"10,781.00","14,768.00","14,768.00",100.0,0.000,0.00,0.00,0.00,0.00,0.00,0.00,0.00,0.505,"10,781.00","14,768.00","14,768.00",0.00,"14,768.00",0.000,0.00,0.00,0.00,0.00,0.00,0.00,0.00,0,164,34,492,0,0,0,"10,781",73.0
경상남도,고성군,개천면,2035,"8,628.00","8,628.00","7,600.00",88.1,0.000,0.00,0.00,0.00,0.00,0.00,0.00,0.00,0.716,"8,628.00","8,628.00","7,600.00",0.00,"7,600.00",0.000,0.00,0.00,0.00,0.00,0.00,0.00,0.00,0,76,0,101,0,0,0,"2,398",31.6
경상남도,고성군,구만면,2035,"5,272.00","5,272.00","5,272.00",100.0,0.000,0.00,0.00,0.00,0.00,0.00,0.00,0.00,0.333,"5,272.00","5,272.00","5,272.00",0.00,"5,272.00",0.000,0.00,0.00,0.00,0.00,0.00,0.00,0.00,0,0,49,153,0,0,0,"5,272",100.0
경상남도,고성군,회화면,2035,"42,918.00","43,467.00","37,257.00",85.7,0.098,0.00,549.00,549.00,0.00,273.00,0.00,276.00,1.282,"24,930.90","24,930.90","18,877.00",0.00,"18,877.00",0.100,"17,987.10","17,987.10","17,831.00","2,244.00","11,931.00",0.00,"3,656.00",0,487,290,484,0,0,23,"18,018",48.4
경상남도,고성군,마암면,2035,"8,932.00","8,932.00","1,025.00",11.5,0.000,0.00,0.00,0.00,0.00,0.00,0.00,0.00,0.550,"8,932.00","8,932.00","1,025.00",0.00,"1,025.00",0.000,0.00,0.00,0.00,0.00,0.00,0.00,0.00,0,24,3,44,0,0,0,"1,025",100.0
경상남도,고성군,동해면,2035,"30,855.00","30,855.00","6,280.00",20.4,0.000,0.00,0.00,0.00,0.00,0.00,0.00,0.00,1.796,"30,855.00","30,855.00","6,280.00",0.00,"6,280.00",0.000,0.00,0.00,0.00,0.00,0.00,0.00,0.00,0,100,25,353,0,0,0,"14,339",228.3
경상남도,고성군,거류면,2035,"52,244.00","52,244.00","41,658.00",79.7,0.000,0.00,0.00,0.00,0.00,0.00,0.00,0.00,1.898,"37,760.40","37,760.40","27,175.00",0.00,"27,175.00",0.000,"14,483.60","14,483.60","14,483.00",905.00,"8,518.10",0.00,"5,059.90",0,270,546,935,0,0,50,"20,388",48.9
경상남도,남해군,소계,,"675,717.00","675,717.00","509,951.00",75.5,4.400,"33,277.00","33,277.00","33,277.00","2,245.00","14,467.00",638.00,"15,927.00",18.600,"433,280.00","433,280.00","306,075.00",0.00,"306,075.00",18.600,"209,160.00","209,160.00","170,599.00","13,901.00","107,711.00","2,920.00","46,067.00",0,"8,060",0,"15,874",0,1,43,"428,576",84.0
경상남도,남해군,남해읍,2035,"186,409.00","186,409.00","172,141.00",92.3,0.000,0.00,0.00,0.00,0.00,0.00,0.00,0.00,2.600,"114,038.00","114,038.00","99,770.00",0.00,"99,770.00",2.600,"72,371.00","72,371.00","72,371.00","4,747.00","51,742.00",507.00,"15,375.00",0,"2,336",0,"6,105",0,1,35,"143,462",83.3
경상남도,남해군,이동면,2035,"86,122.00","86,122.00","80,632.00",93.6,0.300,"2,704.00","2,704.00","2,704.00",0.00,"1,539.00",0.00,"1,165.00",2.400,"59,858.00","59,858.00","57,753.00",0.00,"57,753.00",2.400,"23,560.00","23,560.00","20,175.00","1,472.00","13,100.00",151.00,"5,452.00",0,"1,244",0,"1,717",0,0,2,"62,366",77.3
경상남도,남해군,상주면,2035,"25,538.00","25,538.00","25,538.00",100.0,0.000,0.00,0.00,0.00,0.00,0.00,0.00,0.00,0.800,"15,870.00","15,870.00","15,870.00",0.00,"15,870.00",0.800,"9,668.00","9,668.00","9,668.00",104.00,"7,587.00",665.00,"1,312.00",0,411,0,756,0,0,6,"25,537",100.0
경상남도,남해군,삼동면,2035,"63,595.00","63,595.00","42,349.00",66.6,0.600,"5,130.00","5,130.00","5,130.00",650.00,"1,619.00",78.00,"2,783.00",2.000,"40,203.00","40,203.00","24,087.00",0.00,"24,087.00",2.000,"18,262.00","18,262.00","13,132.00","1,438.00","6,976.00",318.00,"4,400.00",0,606,0,"1,418",0,0,0,"37,219",87.9
경상남도,남해군,미조면,2035,"25,909.00","25,909.00","19,865.00",76.7,0.200,"1,902.00","1,902.00","1,902.00",265.00,"1,403.00",0.00,234.00,0.800,"15,311.00","15,311.00","11,169.00",0.00,"11,169.00",0.800,"8,696.00","8,696.00","6,794.00",653.00,"3,980.00",44.00,"2,117.00",0,304,0,467,0,0,0,"17,963",90.4
경상남도,남해군,남면,2035,"51,472.00","51,472.00","28,881.00",56.1,0.200,"3,688.00","3,688.00","3,688.00",365.00,"1,267.00",129.00,"1,927.00",1.800,"32,743.00","32,743.00","17,450.00",0.00,"17,450.00",1.800,"15,041.00","15,041.00","7,743.00","1,223.00","3,518.00",129.00,"2,873.00",0,813,0,"1,231",0,0,0,"25,193",87.2
경상남도,남해군,서면,2035,"47,347.00","47,347.00","19,712.00",41.6,0.700,"5,157.00","5,157.00","5,157.00",150.00,"1,876.00",123.00,"3,008.00",1.400,"31,293.00","31,293.00","8,815.00",0.00,"8,815.00",1.400,"10,897.00","10,897.00","5,740.00",304.00,"2,066.00",0.00,"3,370.00",0,250,0,627,0,0,0,"14,555",73.8
경상남도,남해군,고현면,2035,"51,700.00","51,700.00","43,724.00",84.6,0.100,"3,862.00","3,862.00","3,862.00",42.00,"2,536.00",0.00,"1,284.00",1.200,"29,252.00","29,252.00","25,137.00",0.00,"25,137.00",1.200,"18,586.00","18,586.00","14,725.00","1,130.00","8,834.00",234.00,"4,527.00",0,801,0,913,0,0,0,"39,862",91.2
경상남도,남해군,설천면,2035,"54,287.00","54,287.00","34,968.00",64.4,0.600,"3,762.00","3,762.00","3,762.00",603.00,"1,325.00",0.00,"1,834.00",2.800,"39,699.00","39,699.00","24,141.00",0.00,"24,141.00",2.800,"10,826.00","10,826.00","7,065.00","1,242.00","3,560.00",54.00,"2,209.00",0,493,0,"1,208",0,0,0,"31,206",89.2
경상남도,남해군,창선면,2035,"83,338.00","83,338.00","42,141.00",50.6,1.700,"7,072.00","7,072.00","7,072.00",170.00,"2,902.00",308.00,"3,692.00",2.800,"55,013.00","55,013.00","21,883.00",0.00,"21,883.00",2.800,"21,253.00","21,253.00","13,186.00","1,588.00","6,348.00",818.00,"4,432.00",0,802,0,"1,432",0,0,0,"31,213",74.1
경상남도,하동군,소계,,"447,321.00","462,658.00","303,282.00",65.6,0.000,"33,931.00","33,931.00","33,931.00","3,747.00","6,199.00","1,023.00","22,962.00",0.200,"408,301.00","423,638.00","264,262.00",0.00,"264,262.00",0.000,"5,089.00","5,089.00","5,089.00","4,713.00",376.00,0.00,0.00,"1,727",0,0,"8,410",0,6,0,"121,273",40.0
경상남도,하동군,하동읍,2035,"120,350.00","120,350.00","80,504.00",66.9,0.000,"33,931.00","33,931.00","33,931.00","3,747.00","6,199.00","1,023.00","22,962.00",0.200,"81,706.00","81,706.00","41,860.00",0.00,"41,860.00",0.000,"4,713.00","4,713.00","4,713.00","4,713.00",0.00,0.00,0.00,478,0,0,"1,934",0,6,0,"60,068",74.6
경상남도,하동군,화개면,2035,"35,089.00","50,426.00","50,426.00",100.0,0.000,0.00,0.00,0.00,0.00,0.00,0.00,0.00,0.000,"34,767.00","50,104.00","50,104.00",0.00,"50,104.00",0.000,322.00,322.00,322.00,0.00,322.00,0.00,0.00,35,0,0,"1,242",0,0,0,"5,565",11.0
경상남도,하동군,악양면,2035,"50,314.00","50,314.00","24,744.00",49.2,0.000,0.00,0.00,0.00,0.00,0.00,0.00,0.00,0.000,"50,260.00","50,260.00","24,690.00",0.00,"24,690.00",0.000,54.00,54.00,54.00,0.00,54.00,0.00,0.00,52,0,0,493,0,0,0,"9,420",38.1
경상남도,하동군,적량면,2035,"3,504.00","3,504.00","3,504.00",100.0,0.000,0.00,0.00,0.00,0.00,0.00,0.00,0.00,0.000,"3,504.00","3,504.00","3,504.00",0.00,"3,504.00",0.000,0.00,0.00,0.00,0.00,0.00,0.00,0.00,6,0,0,81,0,0,0,"3,504",100.0
경상남도,하동군,횡천면,2035,"25,544.00","25,544.00","25,544.00",100.0,0.000,0.00,0.00,0.00,0.00,0.00,0.00,0.00,0.000,"25,544.00","25,544.00","25,544.00",0.00,"25,544.00",0.000,0.00,0.00,0.00,0.00,0.00,0.00,0.00,45,0,0,243,0,0,0,"6,111",23.9
경상남도,하동군,고전면,2035,"15,160.00","15,160.00","15,160.00",100.0,0.000,0.00,0.00,0.00,0.00,0.00,0.00,0.00,0.000,"15,160.00","15,160.00","15,160.00",0.00,"15,160.00",0.000,0.00,0.00,0.00,0.00,0.00,0.00,0.00,10,0,0,175,0,0,0,"1,427",9.4
경상남도,하동군,금남면,2035,"48,840.00","48,840.00","19,800.00",40.5,0.000,0.00,0.00,0.00,0.00,0.00,0.00,0.00,0.000,"48,840.00","48,840.00","19,800.00",0.00,"19,800.00",0.000,0.00,0.00,0.00,0.00,0.00,0.00,0.00,133,0,0,344,0,0,0,"3,241",16.4
경상남도,하동군,진교면,2035,"32,456.00","32,456.00","16,000.00",49.3,0.000,0.00,0.00,0.00,0.00,0.00,0.00,0.00,0.000,"32,456.00","32,456.00","16,000.00",0.00,"16,000.00",0.000,0.00,0.00,0.00,0.00,0.00,0.00,0.00,196,0,0,902,0,0,0,"12,003",75.0
경상남도,하동군,양보면,2035,"7,058.00","7,058.00","5,600.00",79.3,0.000,0.00,0.00,0.00,0.00,0.00,0.00,0.00,0.000,"7,058.00","7,058.00","5,600.00",0.00,"5,600.00",0.000,0.00,0.00,0.00,0.00,0.00,0.00,0.00,26,0,0,150,0,0,0,"7,058",126.0
경상남도,하동군,북천면,2035,"19,211.00","19,211.00","17,800.00",92.7,0.000,0.00,0.00,0.00,0.00,0.00,0.00,0.00,0.000,"19,211.00","19,211.00","17,800.00",0.00,"17,800.00",0.000,0.00,0.00,0.00,0.00,0.00,0.00,0.00,33,0,0,159,0,0,0,"4,257",23.9
경상남도,하동군,청암면,2035,"23,097.00","23,097.00","9,800.00",42.4,0.000,0.00,0.00,0.00,0.00,0.00,0.00,0.00,0.000,"23,097.00","23,097.00","9,800.00",0.00,"9,800.00",0.000,0.00,0.00,0.00,0.00,0.00,0.00,0.00,130,0,0,314,0,0,0,"2,076",21.2
경상남도,하동군,옥종면,2035,"36,698.00","36,698.00","31,300.00",85.3,0.000,0.00,0.00,0.00,0.00,0.00,0.00,0.00,0.000,"36,698.00","36,698.00","31,300.00",0.00,"31,300.00",0.000,0.00,0.00,0.00,0.00,0.00,0.00,0.00,563,0,0,"2,252",0,0,0,"5,043",16.1
경상남도,하동군,금성면,2035,"30,000.00","30,000.00","3,100.00",10.3,0.000,0.00,0.00,0.00,0.00,0.00,0.00,0.00,0.000,"30,000.00","30,000.00","3,100.00",0.00,"3,100.00",0.000,0.00,0.00,0.00,0.00,0.00,0.00,0.00,20,0,0,121,0,0,0,"1,500",48.4
경상남도,산청군,소계,,"550,145.00","577,287.60","460,282.60",79.7,0.000,0.00,0.00,0.00,0.00,0.00,0.00,0.00,20.700,"360,898.00","360,898.00","255,210.00",0.00,"255,210.00",794.500,"189,247.00","216,389.60","205,072.60","17,547.80","96,341.30","44,456.50","46,727.00",0,"2,916",0,"11,059","10,703",0,225,"203,356",44.2
경상남도,산청군,산청읍,2025,"126,220.00","142,489.60","139,853.60",98.2,0.000,0.00,0.00,0.00,0.00,0.00,0.00,0.00,3.700,"69,058.00","69,058.00","66,422.00",0.00,"66,422.00",68.900,"57,162.00","73,431.60","73,431.60","6,807.80","42,863.50","10,228.30","13,532.00",0,590,0,"3,230","2,160",0,26,"43,931",31.4
경상남도,산청군,차황면,2025,"32,806.00","32,806.00","10,338.00",31.5,0.000,0.00,0.00,0.00,0.00,0.00,0.00,0.00,1.100,"24,658.00","24,658.00","4,415.00",0.00,"4,415.00",48.800,"8,148.00","8,148.00","5,923.00","1,060.00","3,010.00",799.00,"1,054.00",0,83,0,227,243,0,19,"4,307",41.7
경상남도,산청군,오부면,2025,"14,221.00","14,221.00","6,509.00",45.8,0.000,0.00,0.00,0.00,0.00,0.00,0.00,0.00,0.900,"12,811.00","12,811.00","6,509.00",0.00,"6,509.00",35.000,"1,410.00","1,410.00",0.00,0.00,0.00,0.00,0.00,0,221,0,257,194,0,0,"15,700",241.2
경상남도,산청군,생초면,2025,"34,937.00","34,937.00","25,380.00",72.6,0.000,0.00,0.00,0.00,0.00,0.00,0.00,0.00,1.100,"21,327.00","21,327.00","12,846.00",0.00,"12,846.00",53.000,"13,610.00","13,610.00","12,534.00",473.00,"4,301.00","1,505.00","6,255.00",0,155,0,775,880,0,43,"12,325",48.6
경상남도,산청군,금서면,2025,"29,319.00","29,319.00","27,685.00",94.4,0.000,0.00,0.00,0.00,0.00,0.00,0.00,0.00,1.300,"17,712.00","17,712.00","16,746.00",0.00,"16,746.00",76.200,"11,607.00","11,607.00","10,939.00","1,184.00","4,042.00","4,710.00","1,003.00",0,384,0,571,"1,049",0,31,"11,657",42.1
경상남도,산청군,삼장면,2025,"21,570.00","21,570.00","8,425.00",39.1,0.000,0.00,0.00,0.00,0.00,0.00,0.00,0.00,1.800,"18,456.00","18,456.00","7,030.00",0.00,"7,030.00",103.300,"3,114.00","3,114.00","1,395.00",57.00,269.00,"1,069.00",0.00,0,198,0,387,348,0,0,"12,052",143.1
경상남도,산청군,시천면,2025,"81,074.00","81,276.80","70,487.80",86.7,0.000,0.00,0.00,0.00,0.00,0.00,0.00,0.00,3.700,"53,392.00","53,392.00","42,603.00",0.00,"42,603.00",127.700,"27,682.00","27,884.80","27,884.80","2,266.60","13,963.50","5,537.10","6,117.60",0,407,0,"1,471","1,535",0,39,"26,996",38.3
경상남도,산청군,단성면,2025,"126,866.00","137,536.20","112,541.20",81.8,0.000,0.00,0.00,0.00,0.00,0.00,0.00,0.00,4.200,"81,206.00","81,206.00","56,211.00",0.00,"56,211.00",108.600,"45,660.00","56,330.20","56,330.20","3,113.40","21,298.30","18,989.10","12,929.40",0,298,0,"2,609","2,332",0,21,"46,204",41.1
경상남도,산청군,신안면,2025,"34,243.00","34,243.00","26,246.00",76.6,0.000,0.00,0.00,0.00,0.00,0.00,0.00,0.00,1.400,"29,672.00","29,672.00","23,474.00",0.00,"23,474.00",72.100,"4,571.00","4,571.00","2,772.00",0.00,"1,879.00",78.00,815.00,0,291,0,719,"1,369",0,28,"14,405",54.9
경상남도,산청군,생비량면,2025,"18,548.00","18,548.00","9,472.00",51.1,0.000,0.00,0.00,0.00,0.00,0.00,0.00,0.00,0.500,"14,182.00","14,182.00","6,396.00",0.00,"6,396.00",44.000,"4,366.00","4,366.00","3,076.00",88.00,"1,878.00",273.00,837.00,0,178,0,281,291,0,8,"7,632",80.6
경상남도,산청군,신등면,2025,"30,341.00","30,341.00","23,345.00",76.9,0.000,0.00,0.00,0.00,0.00,0.00,0.00,0.00,1.000,"18,424.00","18,424.00","12,558.00",0.00,"12,558.00",56.900,"11,917.00","11,917.00","10,787.00","2,498.00","2,837.00","1,268.00","4,184.00",0,111,0,532,302,0,10,"8,147",34.9
경상남도,함양군,소계,,"592,060.10","596,279.10","492,187.00",82.5,0.000,687.00,715.00,715.00,0.00,715.00,0.00,0.00,0.000,"330,485.70","330,485.70","246,023.00",0.00,"246,023.00",0.000,"260,887.40","265,078.40","245,449.00","19,333.00","117,685.00","43,868.00","64,563.00","15,386",0,0,"8,822",0,15,54,"436,762",88.7
경상남도,함양군,함양읍,2030,"235,984.00","235,984.00","209,750.00",88.9,0.000,300.00,300.00,300.00,0.00,300.00,0.00,0.00,0.000,"110,207.20","110,207.20","91,550.20",0.00,"91,550.20",0.000,"125,476.80","125,476.80","117,899.80","12,892.00","59,876.80","28,655.00","16,476.00","6,442",0,0,"3,882",0,15,27,"199,114",94.9
경상남도,함양군,마천면,2030,"37,748.30","37,748.30","25,925.00",68.7,0.000,0.00,0.00,0.00,0.00,0.00,0.00,0.00,0.000,"25,625.00","25,625.00","14,225.00",0.00,"14,225.00",0.000,"12,123.30","12,123.30","11,700.00",222.00,"3,550.00",0.00,"7,928.00",763,0,0,434,0,0,0,"25,925",100.0
경상남도,함양군,휴천면,2030,"21,695.70","21,968.70","14,468.70",65.9,0.000,0.00,0.00,0.00,0.00,0.00,0.00,0.00,0.000,"13,869.00","13,869.00","6,369.00",0.00,"6,369.00",0.000,"7,826.70","8,099.70","8,099.70",549.00,"3,734.70",0.00,"3,816.00",446,0,0,206,0,0,0,"14,195",98.1
경상남도,함양군,유림면,2030,"26,157.00","26,157.00","12,588.90",48.1,0.000,0.00,0.00,0.00,0.00,0.00,0.00,0.00,0.000,"17,738.90","17,738.90","9,788.90",0.00,"9,788.90",0.000,"8,418.10","8,418.10","2,800.00",399.00,"1,401.00",0.00,"1,000.00",339,0,0,86,0,0,0,"12,000",95.3
경상남도,함양군,수동면,2030,"59,579.50","59,579.50","46,970.50",78.8,0.000,0.00,0.00,0.00,0.00,0.00,0.00,0.00,0.000,"31,666.20","31,666.20","22,320.20",0.00,"22,320.20",0.000,"27,913.30","27,913.30","24,650.30","2,189.00","9,264.30","1,458.00","11,739.00","1,952",0,0,778,0,0,6,"43,570",92.8
경상남도,함양군,지곡면,2030,"26,497.50","29,454.50","27,624.50",93.8,0.000,0.00,0.00,0.00,0.00,0.00,0.00,0.00,0.000,"16,355.00","16,355.00","14,525.00",0.00,"14,525.00",0.000,"10,142.50","13,099.50","13,099.50",30.00,"8,155.50",0.00,"4,914.00",612,0,0,534,0,0,0,"17,975",65.1
경상남도,함양군,안의면,2030,"91,838.60","92,799.60","89,498.90",96.4,0.000,0.00,0.00,0.00,0.00,0.00,0.00,0.00,0.000,"51,999.70","51,999.70","48,699.00",0.00,"48,699.00",0.000,"39,838.90","40,799.90","40,799.90","1,682.00","22,878.90","7,945.00","8,294.00","2,538",0,0,"1,355",0,0,21,"58,623",65.5
경상남도,함양군,서하면,2030,"13,171.00","13,199.00","7,286.00",55.2,0.000,387.00,415.00,415.00,0.00,415.00,0.00,0.00,0.000,"7,971.00","7,971.00","2,171.00",0.00,"2,171.00",0.000,"4,813.00","4,813.00","4,700.00",892.00,"1,885.00",0.00,"1,923.00",338,0,0,207,0,0,0,"7,286",100.0
경상남도,함양군,서상면,2030,"29,989.10","29,989.10","26,596.10",88.7,0.000,0.00,0.00,0.00,0.00,0.00,0.00,0.00,0.000,"16,974.80","16,974.80","14,995.80",0.00,"14,995.80",0.000,"13,014.30","13,014.30","11,600.30",180.00,"4,215.30","5,810.00","1,395.00",991,0,0,669,0,0,0,"26,596",100.0
경상남도,함양군,백전면,2030,"18,913.40","18,913.40","9,125.40",48.2,0.000,0.00,0.00,0.00,0.00,0.00,0.00,0.00,0.000,"15,325.90","15,325.90","5,825.90",0.00,"5,825.90",0.000,"3,587.50","3,587.50","3,299.50",231.00,"1,037.50",0.00,"2,031.00",283,0,0,138,0,0,0,"9,125",100.0
경상남도,함양군,병곡면,2030,"30,486.00","30,486.00","22,353.00",73.3,0.000,0.00,0.00,0.00,0.00,0.00,0.00,0.00,0.000,"22,753.00","22,753.00","15,553.00",0.00,"15,553.00",0.000,"7,733.00","7,733.00","6,800.00",67.00,"1,686.00",0.00,"5,047.00",682,0,0,533,0,0,0,"22,353",100.0
경상남도,거창군,소계,,"322,074.00","377,497.00","325,474.00",86.2,204.600,"27,137.00","27,137.00","27,137.00","9,055.00","8,183.00","2,305.00","7,594.00",32.800,"266,600.00","319,457.00","269,791.00","2,249.00","267,542.00",12.400,"28,337.00","30,903.00","28,546.00","3,086.00","19,400.00","3,680.00","2,380.00","7,257","7,257",0,"31,798",0,1,145,"136,726",42.0
경상남도,거창군,거창읍,2035,"134,982.00","156,953.00","156,953.00",100.0,203.200,"18,982.00","18,982.00","18,982.00","7,972.00","1,518.00","1,898.00","7,594.00",7.000,"91,000.00","111,735.00","111,735.00","1,142.00","110,593.00",5.000,"25,000.00","26,236.00","26,236.00","1,614.00","18,562.00","3,680.00","2,380.00","5,323","5,323",0,"9,579",0,1,145,"136,726",87.1
경상남도,거창군,주상면,2035,"6,120.00","6,120.00","5,767.00",94.2,0.000,0.00,0.00,0.00,0.00,0.00,0.00,0.00,1.500,"6,000.00","6,000.00","5,767.00",0.00,"5,767.00",0.600,120.00,120.00,0.00,0.00,0.00,0.00,0.00,101,101,0,292,0,0,0,0,0.0
경상남도,거창군,웅양면,2035,"13,470.00","13,470.00","10,796.00",80.1,0.000,0.00,0.00,0.00,0.00,0.00,0.00,0.00,3.000,"13,200.00","13,200.00","10,796.00",0.00,"10,796.00",0.900,270.00,270.00,0.00,0.00,0.00,0.00,0.00,234,234,0,490,0,0,0,0,0.0
경상남도,거창군,고제면,2035,"8,650.00","8,650.00","6,824.00",78.9,0.000,0.00,0.00,0.00,0.00,0.00,0.00,0.00,2.000,"8,500.00","8,500.00","6,824.00",0.00,"6,824.00",0.700,150.00,150.00,0.00,0.00,0.00,0.00,0.00,96,96,0,294,0,0,0,0,0.0
경상남도,거창군,북상면,2035,"10,315.00","10,315.00","9,275.00",89.9,0.000,0.00,0.00,0.00,0.00,0.00,0.00,0.00,2.300,"10,100.00","10,100.00","9,275.00",0.00,"9,275.00",0.800,215.00,215.00,0.00,0.00,0.00,0.00,0.00,138,138,0,631,0,0,0,0,0.0
경상남도,거창군,위천면,2035,"2,950.00","23,653.00","23,503.00",99.4,0.000,0.00,0.00,0.00,0.00,0.00,0.00,0.00,0.600,"2,800.00","23,503.00","23,503.00",0.00,"23,503.00",0.100,150.00,150.00,0.00,0.00,0.00,0.00,0.00,387,387,0,"1,294",0,0,0,0,0.0
경상남도,거창군,마리면,2035,"6,411.00","6,411.00","5,819.00",90.8,0.000,0.00,0.00,0.00,0.00,0.00,0.00,0.00,0.900,"6,200.00","6,200.00","5,819.00",0.00,"5,819.00",0.200,211.00,211.00,0.00,0.00,0.00,0.00,0.00,103,103,0,457,0,0,0,0,0.0
경상남도,거창군,남상면,2035,"15,415.00","15,415.00","13,281.00",86.2,0.000,0.00,0.00,0.00,0.00,0.00,0.00,0.00,4.000,"15,000.00","15,000.00","13,281.00",0.00,"13,281.00",0.400,415.00,415.00,0.00,0.00,0.00,0.00,0.00,197,197,0,565,0,0,0,0,0.0
경상남도,거창군,남하면,2035,"4,734.00","14,023.00","13,789.00",98.3,0.000,0.00,0.00,0.00,0.00,0.00,0.00,0.00,0.700,"4,500.00","13,789.00","13,789.00",0.00,"13,789.00",0.200,234.00,234.00,0.00,0.00,0.00,0.00,0.00,197,197,0,835,0,0,0,0,0.0
경상남도,거창군,신원면,2035,"6,987.00","6,987.00","2,003.00",28.7,0.000,0.00,0.00,0.00,0.00,0.00,0.00,0.00,1.300,"6,500.00","6,500.00","2,003.00",0.00,"2,003.00",0.400,487.00,487.00,0.00,0.00,0.00,0.00,0.00,39,39,0,157,0,0,0,0,0.0
경상남도,거창군,가조면,2035,"110,135.00","111,465.00","73,534.00",66.0,1.400,"8,155.00","8,155.00","8,155.00","1,083.00","6,665.00",407.00,0.00,8.000,"101,000.00","101,000.00","63,069.00","1,107.00","61,962.00",3.000,980.00,"2,310.00","2,310.00","1,472.00",838.00,0.00,0.00,371,371,0,"16,998",0,0,0,0,0.0
경상남도,거창군,가북면,2035,"1,905.00","4,035.00","3,930.00",97.4,0.000,0.00,0.00,0.00,0.00,0.00,0.00,0.00,1.500,"1,800.00","3,930.00","3,930.00",0.00,"3,930.00",0.100,105.00,105.00,0.00,0.00,0.00,0.00,0.00,71,71,0,202,0,0,0,0,0.0
경상남도,합천군,소계,,"426,602.00","426,862.00","382,099.00",89.5,880.536,"123,554.00","123,734.00","117,966.00","31,506.40","19,094.20","13,629.00","53,736.40",36.441,"214,184.00","214,184.00","182,742.00","6,852.00","175,890.00",98.198,"88,864.00","88,944.00","81,391.00","8,570.00","72,821.00",0.00,0.00,"2,055","2,060",0,"12,439","14,881",6,0,"310,628",81.3
경상남도,합천군,합천읍,2030,"86,787.00","86,787.00","82,513.00",95.1,43.000,"28,960.00","28,960.00","28,960.00","1,110.00","5,250.00","1,840.00","20,760.00",1.916,"29,008.00","29,008.00","24,734.00",0.00,"24,734.00",8.053,"28,819.00","28,819.00","28,819.00",525.00,"28,294.00",0.00,0.00,747,747,0,"3,175","3,175",4,0,"75,600",91.6
경상남도,합천군,봉산면,2030,"12,106.00","12,106.00","11,861.00",98.0,75.000,"1,126.00","1,126.00","1,126.00",0.00,0.00,0.00,"1,126.00",0.763,"6,360.00","6,360.00","6,115.00",0.00,"6,115.00",4.237,"4,620.00","4,620.00","4,620.00",620.00,"4,000.00",0.00,0.00,120,120,0,"1,080","1,080",0,0,"9,350",78.8
경상남도,합천군,묘산면,2030,"7,894.00","7,894.00","5,508.00",69.8,49.805,"1,932.00","1,932.00","1,732.00",585.00,23.00,0.00,"1,124.00",0.195,"2,956.00","2,956.00","2,956.00",0.00,"2,956.00",0.000,"3,006.00","3,006.00",820.00,220.00,600.00,0.00,0.00,52,52,0,468,468,0,0,"4,600",83.5
경상남도,합천군,가야면,2030,"53,279.00","53,279.00","51,417.00",96.5,93.393,"20,510.00","20,510.00","20,510.00","6,521.00","5,584.00","3,162.00","5,243.00",2.614,"24,554.00","24,554.00","22,692.00",0.00,"22,692.00",8.993,"8,215.00","8,215.00","8,215.00",0.00,"8,215.00",0.00,0.00,132,132,0,"1,199","1,199",0,0,"42,350",82.4
경상남도,합천군,야로면,2030,"45,523.00","45,523.00","39,083.00",85.9,44.000,"6,399.00","6,399.00","6,268.00","2,900.00",186.00,105.00,"3,077.00",1.693,"30,449.00","30,449.00","24,140.00",0.00,"24,140.00",15.295,"8,675.00","8,675.00","8,675.00","1,613.00","7,062.00",0.00,0.00,63,63,0,"1,207","1,207",0,0,"31,100",79.6
경상남도,합천군,율곡면,2030,"6,065.00","6,145.00",80.00,1.3,70.000,"4,275.00","4,275.00",0.00,0.00,0.00,0.00,0.00,0.215,"1,790.00","1,790.00",0.00,0.00,0.00,1.785,0.00,80.00,80.00,0.00,80.00,0.00,0.00,0,31,0,0,0,0,0,0,0.0
경상남도,합천군,초계면,2030,"49,471.00","49,471.00","44,685.00",90.3,23.020,"14,147.00","14,147.00","12,991.00","4,612.00","2,661.00",738.00,"4,980.00",1.598,"27,487.00","27,487.00","26,699.00",0.00,"26,699.00",0.000,"7,837.00","7,837.00","4,995.00",605.00,"4,390.00",0.00,0.00,116,116,0,"1,044","1,044",0,0,"31,200",69.8
경상남도,합천군,쌍책면,2030,"9,244.00","9,244.00","9,243.00",100.0,61.000,"2,967.00","2,967.00","2,966.00","1,400.00",0.00,244.00,"1,322.00",0.264,"5,401.00","5,401.00","5,401.00",0.00,"5,401.00",1.736,876.00,876.00,876.00,0.00,876.00,0.00,0.00,82,82,0,298,298,0,0,"6,300",68.2
경상남도,합천군,덕곡면,2030,"7,295.00","7,295.00","1,144.00",15.7,22.600,"1,146.00","1,146.00","1,144.00",531.00,0.00,44.00,569.00,0.328,"6,149.00","6,149.00",0.00,0.00,0.00,3.672,0.00,0.00,0.00,0.00,0.00,0.00,0.00,39,39,0,0,0,0,0,"1,100",96.2
경상남도,합천군,청덕면,2030,"6,361.00","6,361.00","6,360.00",100.0,48.500,"2,220.00","2,220.00","2,219.00",883.00,503.00,187.00,646.00,0.330,"4,141.00","4,141.00","4,141.00",0.00,"4,141.00",8.670,0.00,0.00,0.00,0.00,0.00,0.00,0.00,9,9,0,293,"2,930",0,0,"4,400",69.2
경상남도,합천군,적중면,2030,"28,467.00","28,467.00","23,246.00",81.7,6.351,"6,877.00","6,877.00","6,876.00","3,147.00","1,600.00",230.00,"1,899.00",0.937,"21,590.00","21,590.00","16,370.00",0.00,"16,370.00",16.612,0.00,0.00,0.00,0.00,0.00,0.00,0.00,260,260,0,956,956,0,0,"15,500",66.7
경상남도,합천군,대양면,2030,"8,581.00","8,761.00","8,761.00",100.0,53.000,"2,022.00","2,202.00","2,202.00",602.40,290.60,50.00,"1,259.00",0.259,"6,559.00","6,559.00","6,559.00",0.00,"6,559.00",3.741,0.00,0.00,0.00,0.00,0.00,0.00,0.00,24,24,0,238,238,0,0,"6,000",68.5
경상남도,합천군,쌍백면,2030,"21,923.00","21,923.00","19,738.00",90.0,61.000,"8,260.00","8,260.00","8,260.00","2,456.00",470.00,"2,189.00","3,145.00",0.595,"11,463.00","11,463.00","10,120.00",0.00,"10,120.00",1.405,"2,200.00","2,200.00","1,358.00",0.00,"1,358.00",0.00,0.00,34,34,0,258,258,0,0,"17,895",90.7
경상남도,합천군,삼가면,2030,"51,938.00","51,938.00","51,277.00",98.7,52.317,"14,731.00","14,731.00","14,731.00","2,356.00","1,958.00","3,568.00","6,849.00",1.712,"21,783.00","21,783.00","21,122.00","6,852.00","14,270.00",6.571,"15,424.00","15,424.00","15,424.00","4,987.00","10,437.00",0.00,0.00,100,100,0,"1,178","1,178",2,0,"41,000",80.0
경상남도,합천군,가회면,2030,"9,206.00","9,206.00","8,435.00",91.6,64.000,"4,323.00","4,323.00","4,323.00","3,458.00",0.00,560.00,305.00,0.214,"3,200.00","3,200.00","2,612.00",0.00,"2,612.00",5.786,"1,683.00","1,683.00","1,500.00",0.00,"1,500.00",0.00,0.00,26,0,0,195,0,0,0,"6,874",81.5
경상남도,합천군,대병면,2030,"16,224.00","16,224.00","16,223.00",100.0,47.000,"1,134.00","1,134.00","1,133.00",0.00,330.00,575.00,228.00,5.358,"9,081.00","9,081.00","9,081.00",0.00,"9,081.00",11.642,"6,009.00","6,009.00","6,009.00",0.00,"6,009.00",0.00,0.00,218,218,0,850,850,0,0,"15,211",93.8
경상남도,합천군,용주면,2030,"6,238.00","6,238.00","2,525.00",40.5,66.550,"2,525.00","2,525.00","2,525.00",945.00,238.60,137.00,"1,204.40",17.450,"2,213.00","2,213.00",0.00,0.00,0.00,0.000,"1,500.00","1,500.00",0.00,0.00,0.00,0.00,0.00,33,33,0,0,0,0,0,"2,148",85.1
제주특별자치도,,합계,,"3,824,987.90","5,050,725.60","4,206,167.00",83.3,0.400,"833,965.10","999,212.00","931,171.00","75,336.00","620,221.00","16,489.00","219,125.00",179.800,"2,888,251.00","2,899,156.60","2,122,639.00","156,220.00","1,966,419.00","2,126.000","102,771.80","1,152,357.00","1,152,357.00","77,563.00","969,893.00","2,126.00","102,775.00","10,536","60,697","34,451","106,834","147,813",379,"2,379","4,114,271",97.8
제주특별자치도,제주시,한림읍,2020,"191,602.00","248,686.00","213,120.00",85.7,0.000,"41,310.00","41,310.00","38,277.00","7,211.00","28,247.00","2,819.00",0.00,8.500,"140,333.00","140,333.00","107,800.00","8,740.00","99,060.00",0.000,"9,959.00","67,043.00","67,043.00","6,487.00","50,597.00",0.00,"9,959.00",332,"2,756","1,828","5,602","5,602",0,72,"211,251",99.1
제주특별자치도,제주시,애월읍,2020,"287,766.00","408,431.00","352,902.00",86.4,0.000,"24,010.00","53,736.00","53,736.00",0.00,"51,402.00",0.00,"2,334.00",15.900,"247,695.00","247,695.00","192,166.00","12,633.00","179,533.00",0.000,"16,061.00","107,000.00","107,000.00","6,358.00","84,581.00",0.00,"16,061.00",655,"4,512","2,163","7,028","7,028",0,80,"334,852",94.9
제주특별자치도,제주시,구좌읍,2020,"177,854.00","273,579.00","199,337.00",72.9,0.000,"16,017.00","52,717.00","52,717.00","2,465.00","48,605.00","1,469.00",178.00,8.800,"154,033.00","154,033.00","79,791.00","5,061.00","74,730.00",0.000,"7,804.00","66,829.00","66,829.00","6,775.00","52,250.00",0.00,"7,804.00",281,"3,196","1,570","6,310","6,310",0,71,"199,337",100.0
제주특별자치도,제주시,조천읍,2020,"215,425.00","268,110.00","162,847.00",60.7,0.000,"29,546.00","51,169.00","51,169.00","2,993.00","39,145.00",575.00,"8,456.00",8.200,"185,167.00","185,167.00","79,904.00","10,980.00","68,924.00",0.000,712.00,"31,774.00","31,774.00","3,042.00","28,020.00",0.00,712.00,459,"2,291","1,097","3,544","3,544",0,59,"157,265",96.6
제주특별자치도,제주시,한경면,2020,"165,943.00","219,087.00","192,044.00",87.7,0.000,"21,664.00","33,282.00","33,282.00","2,637.00","30,645.00",0.00,0.00,5.400,"143,881.00","143,881.00","116,838.00",508.00,"116,330.00",0.000,398.00,"41,924.00","41,924.00","3,281.00","38,245.00",0.00,398.00,241,"2,149",890,"3,779","3,779",0,57,"148,142",77.1
제주특별자치도,제주시,추자면,2020,"14,747.00","18,023.00","18,023.00",100.0,0.000,"3,350.00","3,350.00","3,350.00",647.00,957.00,846.00,900.00,0.000,"11,397.00","11,397.00","11,397.00",0.00,"11,397.00",0.000,0.00,"3,276.00","3,276.00",0.00,"3,276.00",0.00,0.00,31,25,430,"1,024",597,0,8,"16,527",91.7
제주특별자치도,제주시,우도면,2020,"24,595.00","29,990.00","29,990.00",100.0,0.000,"4,235.00","4,235.00","4,235.00",0.00,527.00,"1,089.00","2,619.00",0.000,"20,360.00","23,830.00","23,830.00","3,470.00","20,360.00",0.000,0.00,"1,925.00","1,925.00",0.00,"1,925.00",0.00,0.00,4,404,4,"1,036",460,0,7,"19,313",64.4
제주특별자치도,제주시,일도1동,2020,"13,075.70","16,388.70","14,110.00",86.1,0.000,"3,717.70","3,717.70","3,186.00",394.00,"1,640.00",0.00,"1,152.00",0.400,"8,761.00","8,761.00","7,014.00",0.00,"7,014.00",0.000,597.00,"3,910.00","3,910.00",295.00,"3,018.00",0.00,597.00,132,237,125,449,721,2,12,"14,110",100.0
제주특별자치도,제주시,일도2동,2020,"76,608.10","96,017.50","82,670.00",86.1,0.000,"21,781.30","21,781.30","18,666.00","2,311.00","9,604.00",0.00,"6,751.00",2.700,"51,329.20","51,329.20","41,097.00",0.00,"41,097.00",0.000,"3,497.60","22,907.00","22,907.00","1,731.00","17,678.00",0.00,"3,498.00",238,"1,374",530,"2,635","4,223",5,68,"82,670",100.0
제주특별자치도,제주시,이도1동,2020,"30,852.20","38,668.60","33,293.00",86.1,0.000,"8,771.90","8,771.90","7,517.00",931.00,"3,867.00",0.00,"2,719.00",1.100,"20,671.70","20,671.70","16,551.00",0.00,"16,551.00",0.000,"1,408.60","9,225.00","9,225.00",697.00,"7,119.00",0.00,"1,409.00",229,551,234,"1,061","1,701",10,27,"33,293",100.0
제주특별자치도,제주시,이도2동,2020,"155,778.30","196,320.20","172,907.00",88.1,0.100,"44,291.10","44,291.10","37,956.00","4,699.00","19,530.00",0.00,"13,727.00",5.500,"104,375.10","104,375.10","87,297.00","3,728.00","83,569.00",0.000,"7,112.10","47,654.00","47,654.00","4,593.00","35,949.00",0.00,"7,112.00",471,"2,222","1,510","5,359","8,586",28,137,"172,906",100.0
제주특별자치도,제주시,삼도1동,2020,"39,510.90","49,521.00","42,637.00",86.1,0.000,"11,233.80","11,233.80","9,627.00","1,192.00","4,953.00",0.00,"3,482.00",1.400,"26,473.20","26,473.20","21,196.00",0.00,"21,196.00",0.000,"1,803.90","11,814.00","11,814.00",893.00,"9,117.00",0.00,"1,804.00",256,665,168,"1,359","2,178",34,35,"42,637",100.0
제주특별자치도,제주시,삼도2동,2020,"42,022.80","52,670.20","45,349.00",86.1,0.000,"11,948.00","11,948.00","10,239.00","1,268.00","5,268.00",0.00,"3,703.00",1.500,"28,156.20","28,156.20","22,544.00",0.00,"22,544.00",0.000,"1,918.60","12,566.00","12,566.00",949.00,"9,698.00",0.00,"1,919.00",416,788,320,"1,445","2,316",24,37,"45,348",100.0
제주특별자치도,제주시,용담1동,2020,"26,751.30","33,529.00","28,868.00",86.1,0.000,"7,606.00","7,606.00","6,518.00",807.00,"3,353.00",0.00,"2,358.00",0.900,"17,924.00","17,924.00","14,351.00",0.00,"14,351.00",0.000,"1,221.30","7,999.00","7,999.00",604.00,"6,174.00",0.00,"1,221.00",305,474,104,920,"1,475",29,24,"28,868",100.0
제주특별자치도,제주시,용담2동,2020,"77,724.60","104,111.70","100,951.00",97.0,0.000,"22,098.70","22,098.70","18,938.00","2,345.00","9,744.00",0.00,"6,849.00",2.700,"52,077.30","58,772.00","58,772.00","17,076.00","41,696.00",0.000,"3,548.60","23,241.00","23,241.00","1,756.00","17,936.00",0.00,"3,549.00",308,"1,236",762,"2,673","4,284",24,69,"93,292",92.4
제주특별자치도,제주시,건입동,2020,"43,448.10","55,309.70","48,762.00",88.2,0.000,"12,309.50","12,309.50","10,549.00","1,306.00","5,428.00",0.00,"3,815.00",1.500,"29,008.20","29,008.20","24,221.00",995.00,"23,226.00",0.000,"2,130.40","13,992.00","13,992.00","1,871.00","9,991.00",0.00,"2,130.00",257,675,330,"1,489","2,386",5,37,"48,761",100.0
제주특별자치도,제주시,화북동,2020,"89,032.80","113,846.90","110,226.00",96.8,0.000,"25,313.90","25,313.90","21,693.00","2,686.00","11,161.00",0.00,"7,846.00",3.100,"59,654.10","60,395.00","60,395.00","12,632.00","47,763.00",0.000,"4,064.80","28,138.00","28,138.00","3,527.00","20,546.00",0.00,"4,065.00",185,"1,533",825,"3,062","4,907",11,77,"107,885",97.9
제주특별자치도,제주시,삼양동,2020,"94,287.50","118,175.80","101,958.00",86.3,0.000,"26,807.90","26,807.90","22,974.00","2,844.00","11,821.00",0.00,"8,309.00",3.300,"63,174.90","63,174.90","50,791.00",210.00,"50,581.00",0.000,"4,304.70","28,193.00","28,193.00","2,130.00","21,758.00",0.00,"4,305.00",404,"1,381",999,"3,243","5,197",17,82,"101,958",100.0
제주특별자치도,제주시,봉개동,2020,"23,111.90","28,967.70","26,681.00",92.1,0.000,"6,571.20","6,571.20","5,631.00",697.00,"2,897.00",0.00,"2,037.00",0.800,"15,485.50","15,485.50","14,139.00","1,740.00","12,399.00",0.000,"1,055.20","6,911.00","6,911.00",522.00,"5,334.00",0.00,"1,055.00",89,428,126,795,"1,274",4,20,"26,680",100.0
제주특별자치도,제주시,아라동,2020,"151,012.80","189,475.20","163,940.00",86.5,0.100,"42,936.10","42,936.10","36,795.00","4,555.00","18,933.00",0.00,"13,307.00",5.300,"101,182.10","101,182.10","81,788.00",776.00,"81,012.00",0.000,"6,894.60","45,357.00","45,357.00","3,614.00","34,848.00",0.00,"6,895.00",391,"2,243","1,352","5,195","8,324",22,132,"163,940",100.0
제주특별자치도,제주시,오라동,2020,"61,788.90","77,443.90","73,684.00",95.1,0.000,"17,567.90","17,567.90","15,055.00","1,864.00","7,746.00",0.00,"5,445.00",2.200,"41,400.00","41,400.00","40,153.00","7,006.00","33,147.00",0.000,"2,821.00","18,476.00","18,476.00","1,396.00","14,259.00",0.00,"2,821.00",237,840,427,"2,125","3,406",30,54,"73,683",100.0
제주특별자치도,제주시,연동,2020,"105,351.80","132,043.90","123,601.00",93.6,0.100,"29,953.70","29,953.70","25,670.00","3,178.00","13,208.00",0.00,"9,284.00",3.700,"70,588.20","70,588.20","66,429.00","9,912.00","56,517.00",0.000,"4,809.90","31,502.00","31,502.00","2,380.00","24,312.00",0.00,"4,810.00",212,"1,966",567,"3,624","5,807",18,92,"123,600",100.0
제주특별자치도,제주시,노형동,2020,"145,478.60","182,336.70","176,185.00",96.6,0.100,"41,362.60","41,362.60","35,447.00","4,388.00","18,239.00",0.00,"12,820.00",5.100,"97,474.10","97,474.10","97,238.00","19,195.00","78,043.00",0.000,"6,641.90","43,500.00","43,500.00","3,287.00","33,571.00",0.00,"6,642.00",367,"2,292","1,367","5,004","8,019",16,127,"175,879",99.8
제주특별자치도,제주시,외도동,2020,"72,360.50","91,106.80","84,814.00",93.1,0.000,"20,573.60","20,573.60","17,631.00","2,183.00","9,071.00",0.00,"6,377.00",2.500,"48,483.20","48,483.20","45,133.00","6,315.00","38,818.00",0.000,"3,303.70","22,050.00","22,050.00","2,048.00","16,698.00",0.00,"3,304.00",239,"1,128",621,"2,489","3,988",20,63,"84,814",100.0
제주특별자치도,제주시,이호동,2020,"32,055.70","40,177.20","34,911.00",86.9,0.000,"9,114.10","9,114.10","7,811.00",967.00,"4,019.00",0.00,"2,825.00",1.100,"21,478.10","21,478.10","17,515.00",319.00,"17,196.00",0.000,"1,463.50","9,585.00","9,585.00",724.00,"7,397.00",0.00,"1,464.00",225,557,206,"1,102","1,767",8,28,"34,911",100.0
제주특별자치도,제주시,도두동,2020,"38,625.40","48,411.90","41,830.00",86.4,0.000,"10,982.00","10,982.00","9,411.00","1,165.00","4,842.00",0.00,"3,404.00",1.300,"25,879.90","25,879.90","20,869.00",148.00,"20,721.00",0.000,"1,763.50","11,550.00","11,550.00",873.00,"8,913.00",0.00,"1,764.00",159,647,296,"1,328","2,129",5,33,"41,829",100.0
제주특별자치도,서귀포시,대정읍,2020,"176,174.00","227,421.00","190,326.00",83.7,0.000,"54,697.00","54,697.00","54,448.00","5,486.00","23,191.00","2,582.00","23,189.00",12.700,"121,403.00","121,403.00","84,557.00","1,127.00","83,430.00",0.000,74.00,"51,321.00","51,321.00",0.00,"51,247.00",0.00,74.00,338,"3,170","2,495","3,416","3,416",1,74,"190,326",100.0
제주특별자치도,서귀포시,남원읍,2020,"250,976.00","294,727.00","221,130.00",75.0,0.000,"101,114.00","101,114.00","98,380.00","4,862.00","72,786.00","3,668.00","17,064.00",10.800,"149,210.00","149,210.00","78,347.00",525.00,"77,822.00",0.000,652.00,"44,403.00","44,403.00",0.00,"43,751.00",0.00,652.00,"1,590","4,089","1,389","5,449","5,449",9,139,"221,130",100.0
제주특별자치도,서귀포시,성산읍,2020,"195,621.00","250,878.00","209,287.00",83.4,0.000,"37,612.00","37,612.00","32,671.00","2,486.00","18,239.00",698.00,"11,248.00",10.500,"158,009.00","158,009.00","121,359.00","3,628.00","117,731.00",0.000,0.00,"55,257.00","55,257.00","3,860.00","51,397.00",0.00,0.00,114,"3,043","1,817","3,056","2,289",0,79,"209,287",100.0
제주특별자치도,서귀포시,안덕면,2020,"110,105.00","137,591.00","116,514.00",84.7,0.000,"32,044.00","32,044.00","28,588.00","1,878.00","9,589.00","1,921.00","15,200.00",10.700,"78,061.00","78,061.00","60,440.00","7,251.00","53,189.00",0.000,0.00,"27,486.00","27,486.00",488.00,"26,998.00",0.00,0.00,91,"2,268","1,454","2,281","2,099",2,46,"116,514",100.0
제주특별자치도,서귀포시,표선면,2020,"102,658.00","119,233.00","100,089.00",83.9,0.000,"54,513.00","54,513.00","54,512.00","3,375.00","44,485.00",360.00,"6,292.00",4.200,"47,871.00","47,871.00","28,728.00",0.00,"28,728.00",0.000,274.00,"16,849.00","16,849.00",0.00,"16,575.00",0.00,274.00,411,"1,511","1,228","2,341","2,341",0,51,"100,089",100.0
제주특별자치도,서귀포시,송산동,2020,"42,585.00","61,873.50","49,221.00",79.6,0.000,"2,796.10","4,914.00","4,914.00",104.00,"3,668.00",33.00,"1,109.00",2.700,"39,323.50","39,323.50","26,671.00",532.00,"26,139.00",153.000,465.40,"17,636.00","17,636.00","1,445.00","15,573.00",153.00,465.00,86,625,394,"1,194","2,315",12,35,"49,221",100.0
제주특별자치도,서귀포시,정방동,2020,"17,377.20","25,321.30","19,584.00",77.3,0.000,"1,141.00","2,363.00","2,363.00",43.00,"1,853.00",14.00,453.00,1.100,"16,046.30","16,046.30","10,309.00",0.00,"10,309.00",62.000,189.90,"6,912.00","6,912.00",305.00,"6,355.00",62.00,190.00,60,292,190,487,944,9,15,"19,583",100.0
제주특별자치도,서귀포시,중앙동,2020,"16,583.80","24,232.70","18,689.00",77.1,0.000,"1,088.90","2,323.00","2,323.00",41.00,"1,837.00",13.00,432.00,1.000,"15,313.70","15,313.70","9,770.00",0.00,"9,770.00",59.000,181.20,"6,596.00","6,596.00",291.00,"6,065.00",59.00,181.00,73,338,176,464,901,4,14,"18,689",100.0
제주특별자치도,서귀포시,천지동,2020,"22,790.80","36,642.30","25,685.00",70.1,0.000,"1,496.40","6,532.00","6,532.00",56.00,"5,864.00",18.00,594.00,1.400,"21,045.30","21,045.30","10,088.00",0.00,"10,088.00",82.000,249.10,"9,065.00","9,065.00",400.00,"8,334.00",82.00,249.00,41,458,301,639,"1,239",0,19,"25,684",100.0
제주특별자치도,서귀포시,효돈동,2020,"47,883.20","70,988.00","57,669.00",81.2,0.000,"3,143.90","5,978.00","5,978.00",117.00,"4,577.00",37.00,"1,247.00",3.100,"44,216.00","44,216.00","30,897.00","1,957.00","28,940.00",172.000,523.30,"20,794.00","20,794.00","2,589.00","17,510.00",172.00,523.00,114,802,547,"1,342","2,603",5,39,"57,668",100.0
제주특별자치도,서귀포시,영천동,2020,"71,893.90","104,152.80","81,126.00",77.9,0.000,"4,720.40","9,170.00","9,170.00",176.00,"7,066.00",56.00,"1,872.00",4.600,"66,387.80","66,387.80","43,361.00",104.00,"43,257.00",258.000,785.70,"28,595.00","28,595.00","1,262.00","26,289.00",258.00,786.00,99,"1,228",883,"2,015","3,908",4,59,"81,125",100.0
제주특별자치도,서귀포시,동홍동,2020,"52,402.60","76,234.20","59,056.00",77.5,0.000,"3,440.70","7,002.00","7,002.00",128.00,"5,468.00",41.00,"1,365.00",3.400,"48,389.20","48,389.20","31,211.00",0.00,"31,211.00",188.000,572.70,"20,843.00","20,843.00",920.00,"19,162.00",188.00,573.00,68,931,835,"1,469","2,848",5,42,"59,055",100.0
제주특별자치도,서귀포시,서홍동,2020,"29,740.20","44,968.50","33,516.00",74.5,0.000,"1,952.70","5,677.00","5,677.00",73.00,"4,806.00",23.00,775.00,1.900,"27,462.50","27,462.50","16,010.00",0.00,"16,010.00",107.000,325.00,"11,829.00","11,829.00",522.00,"10,875.00",107.00,325.00,115,469,296,833,"1,616",0,24,"33,516",100.0
제주특별자치도,서귀포시,대륜동,2020,"92,319.40","133,951.90","104,041.00",77.7,0.000,"6,061.50","11,984.00","11,984.00",226.00,"9,282.00",72.00,"2,404.00",6.000,"85,248.90","85,248.90","55,338.00",0.00,"55,338.00",331.000,"1,009.00","36,719.00","36,719.00","1,620.00","33,759.00",331.00,"1,009.00",118,"1,571","1,321","2,588","5,018",5,75,"104,040",100.0
제주특별자치도,서귀포시,대천동,2020,"68,281.60","103,683.10","87,146.00",84.1,0.000,"4,483.30","13,390.00","13,390.00",167.00,"11,392.00",53.00,"1,778.00",4.400,"63,052.10","63,052.10","46,515.00","10,112.00","36,403.00",245.000,746.20,"27,241.00","27,241.00","1,281.00","24,969.00",245.00,746.00,15,"1,168",897,"1,914","3,711",3,55,"87,145",100.0
제주특별자치도,서귀포시,중문동,2020,"65,747.70","97,835.20","79,233.00",81.0,0.000,"4,316.90","10,730.00","10,730.00",226.00,"8,741.00",51.00,"1,712.00",4.200,"60,712.20","60,712.20","42,110.00","4,830.00","37,280.00",236.000,718.60,"26,393.00","26,393.00","1,397.00","24,041.00",236.00,719.00,34,"1,076",657,"1,843","3,573",4,53,"79,233",100.0
제주특별자치도,서귀포시,예래동,2020,"65,038.60","110,563.50","78,215.00",70.7,0.000,"4,270.30","24,429.00","24,429.00",159.00,"22,525.00",51.00,"1,694.00",4.200,"60,057.50","60,057.50","27,709.00","4,710.00","22,999.00",233.000,710.80,"26,077.00","26,077.00","1,350.00","23,783.00",233.00,711.00,46,"1,088",720,"1,823","3,535",4,52,"78,215",100.0
