,,,,,,,,,,,,,,,i,,,,,,,,,,,,,,,,,
3. 하수관로,,,,,,,,,,,,,,,,,,,,,,,,,,,,,,,,
   3.1 시설현황,,,,,,,,,,,,,,,,,,,,,,,,,,,,,,,,
1,2,3 ,4 ,5,6,7,8 ,9 ,10,11,12,13,14,15,16 ,17 ,18,19,20,21,22 ,23 ,24,25,26,27,28,29,30,31,32,33
"지 역
(시, 시가지·구·군·읍·면)","총 관로정비
계획연장
(m)","총 계획연장
(m)",총 시설연장(m), 보급율(%) ,합류식,,,,,,,,분류식(m),,,,,,,,,,,,,, 맨홀(개소) , 우·오수받이(개소) ," 우수토실
(개소) "," 우수토구
(개소) "," 하수도대장
전산화연장(m) "," 하수도대장
전산화율(%) "
,,,,," 관로정비 계획
면적(㎢) ","관로정비
계획연장
(m)",계획연장(m),시설연장(m), 암거 ,, 개거 , 측구 ,오수관로,,,,,,우수관로,,,,,,,,,,,,,
,,,,,,,,, 사각형 , 원형 ,,," 관로정비
계획면적(㎢) ","관로정비
계획연장
(m)",계획연장,시설연장, 암거 ,," 관로정비
계획면적(㎢) ","관로정비
계획연장
(m)",계획연장,시설연장, 암거 ,, 개거 , 측구 ,,,,,,
,,,,,,,,,,,,,,,,, 사각형 , 원형 ,,,,, 사각형 , 원형 ,,,,,,,,
'97," 92,391,416 ","92,559,792 ","58,671,414 ", 63.5 ," 2,801.0 "," 37,979,585 ","38,147,961 ","38,147,961 "," 4,073,528 "," 21,697,363 "," 2,206,139 "," 10,170,931 "," 2,995.0 "," 25,520,282 ","25,520,282 ","8,942,810 "," 538,818 "," 8,402,872 ", -  ," 28,891,549 ","28,891,549 ","11,580,643 "," 1,401,621 "," 7,995,553 "," 298,177 "," 1,885,292 ", - , - , - , - , - , -  
'98," 96,728,118 ","98,202,737 ","62,329,634 ", 64.4 ," 4,505.0 "," 38,685,115 ","40,159,734 ","40,159,734 "," 4,450,293 "," 23,463,250 "," 2,146,284 "," 10,099,907 ", -  ," 28,578,587 ","28,578,587 ","9,983,635 "," 570,715 "," 9,412,920 ", -  ," 29,464,416 ","29,464,416 ","12,186,265 "," 1,542,753 "," 8,297,582 "," 269,958 "," 2,075,972 ", - , - , - , - , - , -  
'99," 103,280,317 ","105,465,452 ","64,740,830 ", 62.7 ," 13,014.0 "," 39,251,927 ","41,437,062 ","41,437,062 "," 4,732,029 "," 24,976,958 "," 2,198,811 "," 9,530,667 ", -  ," 32,279,445 ","32,279,445 ","11,004,319 "," 594,155 "," 10,407,944 ", -  ," 31,748,945 ","31,748,945 ","12,299,449 "," 1,576,214 "," 8,394,872 "," 266,445 "," 2,061,918 ", - , - , - , - , - , -  
'00," 107,622,593 ","109,862,870 ","68,194,501 ", 63.4 ," 16,667.0 "," 40,637,621 ","42,877,898 ","42,877,898 "," 4,948,461 "," 25,841,745 "," 2,311,906 "," 9,775,787 ", -  ," 34,100,977 ","34,100,977 ","12,340,150 "," 607,371 "," 11,732,779 ", -  ," 32,883,995 ","32,883,995 ","12,976,453 "," 1,682,485 "," 8,912,997 "," 277,397 "," 2,090,951 ", - , - , - , - , - , -  
'01," 112,567,129 ","114,996,824 ","71,839,456 ", 63.8 ," 12,949.0 "," 42,104,434 ","44,534,129 ","44,534,129 "," 5,052,135 "," 25,611,290 "," 2,226,606 "," 11,644,098 ", -  ," 36,346,582 ","36,346,582 ","13,892,924 "," 672,298 "," 13,220,626 ", -  ," 34,116,113 ","34,116,113 ","13,412,403 "," 1,690,604 "," 9,399,155 "," 315,644 "," 2,006,999 ", - , - , - , - , - , -  
'02," 116,141,326 ","120,183,218 ","75,859,381 ", 65.3 ," 5,307.0 "," 41,637,934 ","45,679,826 ","45,679,826 "," 5,228,289 "," 26,195,724 "," 2,288,155 "," 12,017,327 ", -  ," 38,299,491 ","38,299,491 ","15,441,166 "," 679,586 "," 14,756,123 ", -  ," 36,203,901 ","36,203,901 ","14,738,389 "," 1,826,058 "," 10,324,798 "," 420,946 "," 2,166,588 ", - , - , - , - , - , -  
'03," 119,520,689 ","124,398,934 ","78,605,562 ", 65.8 ," 5,866.0 "," 41,288,872 ","46,167,117 ","46,167,117 "," 5,213,230 "," 26,492,954 "," 2,314,700 "," 12,139,875 ", -  ," 41,291,003 ","41,291,003 ","16,967,520 "," 658,747 "," 16,272,980 ", -  ," 36,940,814 ","36,940,814 ","15,470,925 "," 1,924,210 "," 10,719,825 "," 487,452 "," 2,321,329 ", - , - , - , - , - , -  
'04," 120,545,498 ","127,231,388 ","82,214,598 ", 68.1 ," 5,935.7 "," 40,569,349 ","47,255,239 ","47,255,239 "," 5,689,739 "," 26,992,870 "," 2,260,592 "," 12,334,469 "," 6,752.3 "," 42,598,367 ","42,598,367 ","18,532,341 "," 650,484 "," 17,897,267 ", -  ," 37,377,782 ","37,377,782 ","16,427,018 "," 2,019,697 "," 11,482,616 "," 488,384 "," 2,436,541 "," 1,114,109 "," 2,020,445 ", - ," 14,129 ", - , -  
'05," 125,865,688 ","132,889,935 ","85,754,636 ", 68.2 ," 6,183.2 "," 41,232,253 ","48,256,500 ","48,256,500 "," 6,098,663 "," 26,833,072 "," 2,631,055 "," 12,711,947 "," 5,656.8 "," 45,138,828 ","45,138,828 ","20,488,490 "," 674,998 "," 19,762,047 "," 3,828.5 "," 39,494,607 ","39,494,607 ","17,009,645 "," 2,117,689 "," 11,932,408 "," 498,718 "," 2,470,510 "," 1,261,370 "," 2,217,170 ", -  ," 15,434 ", - , -  
'06," 127,980,058 ","136,054,875 ","91,098,498 ", 71.2 ," 6,960.5 "," 40,891,274 ","48,966,092 ","48,966,092 "," 5,565,523 "," 27,917,266 "," 2,578,108 "," 12,905,195 "," 5,080.3 "," 47,033,555 ","47,033,555 ","23,602,901 "," 687,346 "," 22,915,555 "," 5,744.9 "," 40,055,229 ","40,055,229 ","18,529,506 "," 2,211,110 "," 13,204,801 "," 532,462 "," 2,581,133 "," 1,411,598 "," 2,265,611 ", -  ," 19,592 "," 52,764,798 ", 57.9 
'07," 130,773,727 ","140,249,413 ","96,279,908 ", 73.6 ," 7,223.5 "," 40,160,767 ","49,636,453 ","49,636,453 "," 5,825,619 "," 28,287,354 "," 2,667,333 "," 12,856,148 "," 6,688.0 "," 48,590,123 ","48,590,123 ","26,532,183 "," 687,675 "," 25,844,507 "," 9,237.3 "," 42,022,838 ","42,022,838 ","20,111,273 "," 2,514,423 "," 14,263,656 "," 514,208 "," 2,818,986 "," 1,549,319 "," 2,362,219 ", -  ," 21,477 "," 61,251,677 ", 63.6 
'08," 138,338,446 ","145,325,240 ","102,078,559 ", 73.8 ," 8,569.4 "," 42,473,417 ","49,460,211 ","49,460,211 "," 5,700,783 "," 27,954,406 "," 2,864,794 "," 12,940,228 "," 6,659.5 "," 53,143,604 ","53,143,604 ","30,239,196 "," 973,792 "," 29,265,404 "," 5,223.2 "," 42,721,425 ","42,721,425 ","22,379,152 "," 2,549,891 "," 15,792,960 "," 684,188 "," 3,352,113 "," 1,567,091 "," 2,555,552 ", -  ," 19,346 "," 72,060,922 ", 70.6 
'09," 142,966,976 ","149,519,839 ","107,842,551 ", 75.4 ," 10,672.2 "," 42,832,794 ","49,385,657 ","49,385,657 "," 5,811,470 "," 28,085,758 "," 2,593,569 "," 12,894,860 "," 6,525.6 "," 55,470,317 ","55,470,317 ","33,583,592 "," 688,590 "," 32,895,002 "," 5,214.4 "," 44,663,865 ","44,663,865 ","24,873,302 "," 2,627,158 "," 17,507,935 "," 916,851 "," 3,821,357 "," 1,684,895 "," 2,724,926 ", -  ," 38,326 "," 84,737,426 ", 78.6 
'10," 145,472,835 ","152,542,686 ","113,494,121 ", 78.0 ," 13,331.2 "," 40,905,730 ","47,975,581 ","47,975,581 "," 5,634,999 "," 27,642,697 "," 2,503,024 "," 12,194,862 "," 6,107.3 "," 58,256,473 ","58,256,473 ","38,068,303 "," 664,279 "," 37,404,024 "," 6,527.8 "," 46,310,632 ","46,310,632 ","27,450,236 "," 2,947,314 "," 19,253,002 "," 985,295 "," 4,264,626 "," 1,775,315 "," 2,974,260 "," 17,322 "," 28,341 "," 87,784,082 ", 77.3 
'11," 161,321,132 ","161,321,132 ","118,329,400 ", 73.4 ," 10,357.8 "," 50,539,745 ","50,539,745 ","47,509,544 "," 5,545,130 "," 27,432,316 "," 2,396,951 "," 12,135,147 "," 5,771.1 "," 61,615,504 ","61,615,504 ","41,739,397 "," 640,228 "," 41,099,169 "," 7,023.6 "," 49,165,884 ","49,165,884 ","29,080,459 "," 3,180,643 "," 20,338,179 "," 1,075,707 "," 4,485,930 "," 1,897,009 "," 3,123,052 "," 12,413 "," 30,167 "," 94,171,109 ", 79.6 
'12," 149,547,625 ","155,718,670 ","123,309,368 ", 75.8 ," 49,589.6 "," 39,511,502 ","45,682,547 ","45,682,547 "," 5,490,280 "," 27,990,159 "," 2,161,105 "," 10,041,003 "," 6,381.5 "," 62,512,843 ","62,512,843 ","45,093,676 "," 372,157 "," 44,721,518 "," 187,436.2 "," 47,523,280 ","47,523,280 ","32,533,146 "," 3,681,043 "," 21,565,376 "," 1,122,132 "," 6,164,595 "," 2,051,430 "," 3,094,954 "," 13,593 "," 97,576 "," 99,477,739 ", 80.7 
'13," 151,414,934 ","156,688,354 ","126,605,822 ", 76.5 ," 48,430.5 "," 40,141,104 ","45,414,524 ","45,414,524 "," 5,585,591 "," 27,759,831 "," 2,104,355 "," 9,964,748 "," 6,354.5 "," 64,189,469 ","64,189,469 ","47,935,413 "," 368,364 "," 47,567,049 "," 7,910.5 "," 47,084,361 ","47,084,361 ","33,255,884 "," 3,675,536 "," 21,908,619 "," 1,275,402 "," 6,396,327 "," 2,264,233 "," 3,239,569 "," 12,684 "," 99,701 "," 102,728,413 ", 81.1 
14," 153,579,963 ","159,410,337 ","132,680,303 ", 77.8 ," 47,167.1 "," 38,770,625 ","44,600,998 ","44,600,998 "," 5,690,510 "," 27,269,332 "," 2,072,912 "," 9,568,245 "," 6,563.5 "," 66,108,698 ","66,108,698 ","51,813,367 "," 357,153 "," 51,456,214 "," 8,845.8 "," 48,700,640 ","48,700,640 ","36,265,938 "," 4,109,436 "," 23,880,729 "," 1,471,359 "," 6,804,414 "," 2,357,172 "," 3,509,680 "," 12,468 "," 101,499 "," 109,104,673 ", 82.2 
전국('15)," 155,951,582 ","171,803,332 ","137,193,210 ",79.9 ," 7,421.3 "," 39,653,833.2 ","47,369,949 ","44,227,705 "," 5,534,415 "," 27,319,530 "," 1,799,403 "," 9,574,357 "," 6,565.3 "," 66,968,758.3 ","71,278,710 ","54,720,736 "," 350,757 "," 54,369,979 "," 8,367.9 "," 49,328,990.3 ","53,154,672 ","38,244,769 "," 4,241,770 "," 25,347,861 "," 1,539,876 "," 7,115,262 "," 2,508,185 "," 3,810,978 "," 12,349 "," 102,801 "," 107,299,443 ", 78.2 
서울특별시," 10,615,726 ","10,615,726 ","10,615,726 ",100.0 , 343.3 ," 9,651,045.0 ","9,651,045 ","9,651,045 "," 1,368,849 "," 8,282,117 ", 79 , - , 88.6 ," 572,716.0 ","572,716 ","572,716 "," 2,363 "," 570,353 ", 88.6 ," 391,965.0 ","391,965 ","391,965 "," 33,711 "," 244,206 "," 47,331 "," 66,717 "," 268,015 "," 475,144 "," 1,518 "," 2,454 "," 10,615,726 ", 100.0 
부산광역시," 9,903,464 ","14,006,366 ","8,515,566 ",60.8 , 264.1 , -  ,"4,102,902 ","4,102,902 "," 512,792 "," 1,096,202 "," 220,305 "," 2,273,603 ", 167.3 ," 3,118,083.0 ","3,118,083 ","1,669,361 "," 14,223 "," 1,655,138 ", 174.4 ," 6,785,381.0 ","6,785,381 ","2,743,303 "," 278,897 "," 567,832 "," 123,688 "," 1,772,886 "," 75,507 "," 248,460 ", 662 ," 1,249 "," 6,525,648 ", 76.6 
대구광역시," 5,963,415 ","6,454,865 ","5,809,392 ",90.0 , 18.6 ," 3,653,348.0 ","3,692,275 ","3,475,769 "," 391,515 "," 1,132,738 ", 306 ," 1,951,210 ", 174.2 ," 1,455,475.0 ","1,521,151 ","1,092,184 "," 51,326 "," 1,040,858 ", 15.7 ," 854,592.0 ","1,241,439 ","1,241,439 "," 109,442 "," 802,617 ", - ," 329,380 "," 74,378 "," 195,739 ", 556 , 19 ," 5,593,903 ", 96.3 
인천광역시," 5,151,844 ","5,560,723 ","4,928,364 ",88.6 , 75.4 ," 2,514,314.0 ","2,708,159 ","2,499,170 "," 328,880 "," 2,055,997 "," 32,319 "," 81,974 ", 138.3 ," 1,264,166.0 ","1,264,166 ","1,001,543 "," 38,490 "," 963,053 ", 117.8 ," 1,373,364.0 ","1,588,398 ","1,427,651 "," 193,387 "," 1,070,034 "," 36,936 "," 127,293 "," 78,558 "," 167,640 ", 187 , -  ," 4,558,772 ", 92.5 
광주광역시," 4,017,700 ","4,947,433 ","4,252,388 ",86.0 , -  ," 927,100.0 ","1,675,186 ","1,675,186 "," 154,270 "," 1,087,595 "," 22,357 "," 410,964 ", 160.7 ," 1,234,700.0 ","1,396,442 ","1,386,924 "," 46,381 "," 1,340,543 ", 160.7 ," 1,855,900.0 ","1,875,805 ","259,059 "," 107,796 "," 1,034,307 "," 2,271 "," 45,904 "," 89,080 "," 93,278 ", 261 , 213 ," 4,083,375 ", 96.0 
대전광역시," 3,474,737 ","3,646,237 ","3,500,928 ",96.0 , 60.8 ," 1,508,034.0 ","1,647,934 ","1,607,840 "," 229,836 "," 941,967 ", - ," 436,037 ", 36.8 ," 917,363.0 ","929,291 ","825,212 "," 1,943 "," 823,269 ", 36.8 ," 1,049,340.0 ","1,069,012 ","1,067,876 "," 132,509 "," 821,031 ", - ," 114,336 "," 58,584 "," 43,912 ", 574 , 243 ," 3,442,675 ", 98.3 
울산광역시," 5,022,784 ","5,134,339 ","4,128,722 ",80.4 , -  ," 91,969.0 ","91,969 ","91,969 "," 88,518 "," 3,451 ", - , - , 228.8 ," 2,623,728.0 ","2,680,484 ","2,014,245 ", 443 ," 2,013,802 ", 977.5 ," 2,307,087.0 ","2,361,886 ","2,022,508 "," 163,950 "," 1,042,259 "," 69,832 "," 746,467 "," 55,357 "," 78,420 ", 125 , 814 , - , -  
세종특별자치시," 960,358 ","960,358 ","900,123 ",93.7 , -  ," 166,277.0 ","166,277 ","166,277 "," 12,709.0 "," 113,473.0 ", -  ," 40,095.0 ", 55.1 ," 401,851.0 ","401,851 ","341,616 ", -  ," 341,616.0 ", -  ," 392,230.0 ","392,230 ","392,230 "," 56,124.0 "," 255,837.0 ", -  ," 80,269.0 "," 10,987 "," 8,367 ", 6 , 289 ," 900,123.0 ", 100.0 
경기도," 28,458,606 ","31,624,464 ","25,765,810 ",81.5 ," 1,696.5 "," 6,131,501.2 ","7,044,668 ","6,773,319 "," 732,941 "," 5,312,786 "," 355,621 "," 371,971 "," 1,342.9 "," 13,697,629.2 ","14,938,787 ","10,909,666 "," 59,297 "," 10,850,369 "," 1,596.4 "," 8,629,475.9 ","9,641,009 ","8,082,826 "," 847,902 "," 6,798,467 "," 99,065 "," 337,392 "," 710,805 "," 732,495 "," 2,000 "," 3,812 "," 23,286,205 ", 90.4 
강원도," 9,109,336 ","10,375,463 ","7,723,888 ",74.4 ," 2,211.0 "," 1,934,719.0 ","2,676,433 ","2,461,080 "," 184,504 "," 1,689,241 "," 153,460 "," 433,876 ", 307.6 ," 4,419,722.0 ","4,630,067 ","3,296,708 "," 5,696 "," 3,291,012 ", 276.8 ," 2,754,895.0 ","3,068,963 ","1,966,100 "," 145,991 "," 1,258,595 "," 101,096 "," 460,417 "," 127,507 "," 207,212 "," 1,180 "," 1,995 "," 5,219,422 ", 67.6 
충청북도," 6,194,535 ","7,022,321 ","5,868,485 ",83.6 , 96.6 ," 1,200,868.0 ","1,441,039 ","1,298,764 "," 142,278 "," 872,931 "," 93,273 "," 190,282 ", 236.0 ," 3,242,136.0 ","3,555,185 ","2,983,240 "," 36,659 "," 2,946,581 ", 156.6 ," 1,751,531.0 ","2,026,097 ","1,586,481 "," 112,378 "," 1,066,989 "," 93,107 "," 314,007 "," 83,676 "," 129,329 ", 590 ," 66,054 "," 4,241,628 ", 72.3 
충청남도," 9,715,673 ","10,338,860 ","7,564,161 ",73.2 , 810.8 ," 1,998,187.0 ","2,147,207 ","1,576,193 "," 136,799 "," 736,353 "," 186,164 "," 516,877 ", 418.5 ," 4,987,202.6 ","5,332,182 ","3,982,026 ", 685 ," 3,981,341 ", 196.6 ," 2,730,283.5 ","2,859,471 ","2,005,942 "," 255,881 "," 1,450,834 "," 111,182 "," 188,045 "," 130,146 "," 305,733 "," 1,003 "," 1,010 "," 6,068,729 ", 80.2 
전라북도," 10,220,634 ","10,513,342 ","8,571,550 ",81.5 , 212.6 ," 2,095,514.0 ","2,119,489 ","1,864,349 "," 202,873 "," 1,085,649 "," 80,900 "," 494,927 ", 600.3 ," 5,543,219.7 ","5,707,070 ","4,468,257 "," 47,964 "," 4,420,293 "," 1,364.4 "," 2,581,899.9 ","2,686,783 ","2,238,944 "," 262,786 "," 1,632,045 "," 30,178 "," 313,935 "," 145,694 "," 141,246 ", 432 ," 1,057 "," 5,192,285 ", 60.6 
전라남도," 13,117,550 ","13,849,493 ","9,786,361 ",70.7 , 234.4 ," 2,530,560.0 ","2,572,632 ","1,857,166 "," 283,090 "," 795,549 "," 223,934 "," 554,593 ", 531.6 ," 6,512,290.4 ","6,986,706 ","5,264,001 "," 13,041 "," 5,250,960 ", 712.6 ," 4,074,699.9 ","4,290,155 ","2,665,195 "," 382,083 "," 1,720,658 "," 146,829 "," 415,624 "," 139,407 "," 226,475 ", 549 , 974 ," 4,863,925 ", 49.7 
경상북도," 14,242,593 ","15,686,931 ","12,757,225 ",81.3 , 356.5 ," 2,473,807.0 ","2,710,151 ","2,391,122 "," 445,047 "," 903,993 "," 293,825 "," 748,257 ", 900.5 ," 7,258,193.9 ","7,823,691 ","6,220,758 "," 10,445 "," 6,210,313 ", 421.0 ," 4,510,592.1 ","5,153,089 ","4,145,345 "," 746,384 "," 2,014,206 "," 518,076 "," 866,679 "," 160,785 "," 275,094 ", 601 ," 19,539 "," 9,620,798 ", 75.4 
경상남도," 14,097,727 ","15,329,203 ","12,550,529 ",81.9 ," 1,040.8 "," 2,019,331.0 ","2,165,324 ","1,984,947 "," 244,247 "," 769,758 "," 120,372 "," 850,570 ", 929.8 ," 7,315,258.5 ","7,963,506 ","6,631,457 "," 21,801 "," 6,609,656 "," 1,871.9 "," 4,763,137.9 ","5,200,373 ","3,934,125 "," 344,626 "," 2,598,047 "," 158,161 "," 833,291 "," 233,445 "," 377,536 "," 2,089 ", 700 ," 9,800,539 ", 78.1 
제주도," 5,684,899 ","5,737,208 ","3,953,991 ",68.9 , -  ," 757,259.0 ","757,259 ","750,607 "," 75,268 "," 439,731 "," 16,487 "," 219,121 ", 248.1 ," 2,405,024.0 ","2,457,333 ","2,060,823 ", - ," 2,060,823 ", 200.1 ," 2,522,616.0 ","2,522,616 ","1,142,561 "," 67,923 "," 969,896 "," 2,124 "," 102,618 "," 66,254 "," 104,898 ", 16 ," 2,379 "," 3,285,689 ", 83.1 
전국('15)," 155,951,582 ","171,803,332 ","137,193,210 ", 79.9 ," 7,421.3 "," 39,653,833.2 ","47,369,949 ","44,227,705 "," 5,534,414.6 "," 27,319,530.4 "," 1,799,402.6 "," 9,574,357.0 "," 6,565.3 "," 66,968,758.3 ","71,278,710 ","54,720,736 "," 350,757.0 "," 54,369,979.5 "," 8,367.9 "," 49,328,990.3 ","53,154,672 ","38,244,769 "," 4,241,769.9 "," 25,347,860.8 "," 1,539,876.3 "," 7,115,261.6 "," 2,508,185 "," 3,810,978 "," 12,349 "," 102,801 "," 107,299,442.5 ", 78.2 
서울특별시," 10,615,726 ","10,615,726 ","10,615,726 ", 100.0 , 343.3 ," 9,651,045.0 ","9,651,045 ","9,651,045 "," 1,368,849.0 "," 8,282,117.0 ", 79.0 , -  , 88.6 ," 572,716.0 ","572,716 ","572,716 "," 2,363 "," 570,353 ", 89 ," 391,965 ","391,965 ","391,965 "," 33,711 "," 244,206 "," 47,331 "," 66,717 "," 268,015 "," 475,144 "," 1,518 "," 2,454 "," 10,615,726 ", 100.0 
 종로구 ," 339,025 ","339,025 ","339,025 ", 100.0 , 14.1 ," 322,180 ","322,180 ","322,180 "," 39,747 "," 282,433 ",,, 1.1 ," 1,160 ","1,160 ","1,160 ",," 1,160 ", 1.1 ," 15,685 ","15,685 ","15,685 ",, 297 ," 5,464 "," 9,924 "," 9,485 "," 15,575 ",, 101 ," 339,025 ", 100.0 
 중구 ," 268,267 ","268,267 ","268,267 ", 100.0 , 9.9 ," 264,400 ","264,400 ","264,400 "," 22,741 "," 241,659 ",,, -  , 259 ,259 ,259 ,, 259 , -  ," 3,608 ","3,608 ","3,608 ",, 597 ," 1,828 "," 1,183 "," 7,708 "," 13,601 ",, 30 ," 268,267 ", 100.0 
 용산구 ," 353,633 ","353,633 ","353,633 ", 100.0 , 17.1 ," 336,052 ","336,052 ","336,052 "," 32,831 "," 303,221 ",,, 0.1 ," 7,813 ","7,813 ","7,813 ",," 7,813 ", 0.1 ," 9,768 ","9,768 ","9,768 ",, 41 ," 4,403 "," 5,324 "," 9,469 "," 18,012 ",, 93 ," 353,633 ", 100.0 
 성동구 ," 295,472 ","295,472 ","295,472 ", 100.0 , 12.8 ," 288,386 ","288,386 ","288,386 "," 41,290 "," 247,096 ",,, 0.3 ," 1,304 ","1,304 ","1,304 ",," 1,304 ", 0.3 ," 5,782 ","5,782 ","5,782 "," 1,099 "," 2,331 ", 398 ," 1,954 "," 8,160 "," 15,023 ",, 104 ," 295,472 ", 100.0 
 광진구 ," 349,355 ","349,355 ","349,355 ", 100.0 , 11.7 ," 347,564 ","347,564 ","347,564 "," 38,935 "," 308,629 ",,, 0.7 ," 1,375 ","1,375 ","1,375 ",," 1,375 ", 0.7 , 416 ,416 ,416 ,, 25 , 153 , 238 ," 9,549 "," 24,795 ",, 40 ," 349,355 ", 100.0 
 동대문 ," 400,920 ","400,920 ","400,920 ", 100.0 , 11.8 ," 394,791 ","394,791 ","394,791 "," 50,905 "," 343,886 ",,, 1.9 ," 2,204 ","2,204 ","2,204 ",," 2,204 ", 1.9 ," 3,925 ","3,925 ","3,925 ",," 1,553 "," 1,898 ", 474 ," 11,914 "," 21,369 ",, 69 ," 400,920 ", 100.0 
 중랑구 ," 401,771 ","401,771 ","401,771 ", 100.0 , 11.4 ," 379,326 ","379,326 ","379,326 "," 45,846 "," 333,480 ",,, 1.6 ," 12,390 ","12,390 ","12,390 ",," 12,390 ", 1.6 ," 10,055 ","10,055 ","10,055 "," 2,427 "," 5,901 "," 1,696 ", 31 ," 11,845 "," 18,054 ",, 61 ," 401,771 ", 100.0 
 성북구 ," 472,526 ","472,526 ","472,526 ", 100.0 , 15.4 ," 457,028 ","457,028 ","457,028 "," 54,143 "," 402,885 ",,, 3.4 ," 6,564 ","6,564 ","6,564 ",," 6,564 ", 3.4 ," 8,934 ","8,934 ","8,934 ",, 255 ," 2,563 "," 6,116 "," 14,115 "," 21,963 ",, 174 ," 472,526 ", 100.0 
 강북구 ," 333,583 ","333,583 ","333,583 ", 100.0 , 9.1 ," 329,985 ","329,985 ","329,985 "," 34,174 "," 295,811 ",,, 2.3 ," 2,239 ","2,239 ","2,239 ",," 2,239 ", 2.3 ," 1,359 ","1,359 ","1,359 ",, 212 , 645 , 502 ," 10,394 "," 15,897 ",, 64 ," 333,583 ", 100.0 
 도봉구 ," 293,108 ","293,108 ","293,108 ", 100.0 , 8.5 ," 269,917 ","269,917 ","269,917 "," 27,212 "," 242,705 ",,, 2.7 ," 18,047 ","18,047 ","18,047 ",," 18,047 ", 2.7 ," 5,144 ","5,144 ","5,144 ", 157 ," 3,127 ", 503 ," 1,357 "," 8,028 "," 11,526 ",, 187 ," 293,108 ", 100.0 
 노원구 ," 396,484 ","396,484 ","396,484 ", 100.0 , 6.9 ," 321,025 ","321,025 ","321,025 "," 53,245 "," 267,780 ",,, 11.5 ," 57,941 ","57,941 ","57,941 ", 90 ," 57,851 ", 11.5 ," 17,518 ","17,518 ","17,518 ", 295 ," 13,131 "," 3,000 "," 1,092 "," 9,994 "," 14,553 ",, 134 ," 396,484 ", 100.0 
 은평구 ," 454,697 ","454,697 ","454,697 ", 100.0 , 15.3 ," 400,781 ","400,781 ","400,781 "," 40,481 "," 360,300 ",,, 4.4 ," 23,576 ","23,576 ","23,576 ",," 23,576 ", 4.4 ," 30,340 ","30,340 ","30,340 "," 1,950 "," 27,332 ", 430 , 628 ," 13,183 "," 22,482 ",, 93 ," 454,697 ", 100.0 
 서대문구 ," 332,424 ","332,424 ","332,424 ", 100.0 , 14.6 ," 317,813 ","317,813 ","317,813 "," 27,132 "," 290,681 ",,, 2.0 ," 7,400 ","7,400 ","7,400 ", 2 ," 7,398 ", 2.0 ," 7,211 ","7,211 ","7,211 ",," 2,654 ", 601 ," 3,956 "," 8,769 "," 14,373 ",, 190 ," 332,424 ", 100.0 
 마포구 ," 447,358 ","447,358 ","447,358 ", 100.0 , 14.9 ," 399,178 ","399,178 ","399,178 "," 42,743 "," 356,435 ",,, 3.2 ," 16,675 ","16,675 ","16,675 ",," 16,675 ", 3.2 ," 31,505 ","31,505 ","31,505 ", 767 ," 28,513 ", 276 ," 1,949 "," 11,830 "," 23,600 ",, 108 ," 447,358 ", 100.0 
 양천구 ," 386,351 ","386,351 ","386,351 ", 100.0 , 9.9 ," 330,234 ","330,234 ","330,234 "," 54,944 "," 275,290 ",,, 6.3 ," 42,327 ","42,327 ","42,327 ",," 42,327 ", 6.3 ," 13,790 ","13,790 ","13,790 "," 1,728 "," 9,105 "," 1,471 "," 1,486 "," 9,451 "," 22,918 ", 1 , 17 ," 386,351 ", 100.0 
 강서구 ," 471,693 ","471,693 ","471,693 ", 100.0 , 14.2 ," 375,893 ","375,893 ","375,893 "," 48,968 "," 326,919 ", 6 ,, 11.0 ," 49,275 ","49,275 ","49,275 "," 1,802 "," 47,473 ", 11.0 ," 46,525 ","46,525 ","46,525 "," 7,996 "," 37,064 "," 1,175 ", 290 ," 11,449 "," 20,556 ", 4 , 79 ," 471,693 ", 100.0 
 구로구 ," 374,655 ","374,655 ","374,655 ", 100.0 , 16.1 ," 352,059 ","352,059 ","352,059 "," 44,824 "," 307,235 ",,, 0.5 ," 5,932 ","5,932 ","5,932 ",," 5,932 ", 0.5 ," 16,664 ","16,664 ","16,664 "," 2,488 "," 8,803 "," 1,865 "," 3,508 "," 10,029 "," 13,326 ", 2 , 90 ," 374,655 ", 100.0 
 금천구 ," 245,182 ","245,182 ","245,182 ", 100.0 , 9.6 ," 239,867 ","239,867 ","239,867 "," 41,146 "," 198,721 ",,, 0.8 ," 1,937 ","1,937 ","1,937 ",," 1,937 ", 0.8 ," 3,378 ","3,378 ","3,378 ",," 1,033 "," 2,345 ",," 6,135 "," 15,289 ", 3 , 33 ," 245,182 ", 100.0 
 영등포 ," 472,961 ","472,961 ","472,961 ", 100.0 , 15.0 ," 468,066 ","468,066 ","468,066 "," 50,006 "," 418,060 ",,, 1.7 ," 1,042 ","1,042 ","1,042 ",," 1,042 ", 1.7 ," 3,853 ","3,853 ","3,853 ",," 1,488 "," 2,350 ", 15 ," 12,396 "," 17,002 ", 6 , 98 ," 472,961 ", 100.0 
 동작구 ," 332,201 ","332,201 ","332,201 ", 100.0 , 13.9 ," 326,533 ","326,533 ","326,533 "," 28,679 "," 297,854 ",,, 1.7 ," 3,376 ","3,376 ","3,376 ",," 3,376 ", 1.7 ," 2,292 ","2,292 ","2,292 ", 67 ," 1,620 ", 462 , 143 ," 9,774 "," 17,327 ", 6 , 32 ," 332,201 ", 100.0 
 관악구 ," 409,135 ","409,135 ","409,135 ", 100.0 , 19.4 ," 406,460 ","406,460 ","406,460 "," 36,535 "," 369,852 ", 73 ,, 0.8 ," 1,579 ","1,579 ","1,579 ",," 1,579 ", 0.8 ," 1,096 ","1,096 ","1,096 ",,, 943 , 153 ," 10,963 "," 23,839 ", 24 , 131 ," 409,135 ", 100.0 
 서초구 ," 538,319 ","538,319 ","538,319 ", 100.0 , 24.3 ," 480,347 ","480,347 ","480,347 "," 64,155 "," 416,192 ",,, 0.6 ," 39,713 ","39,713 ","39,713 ", 23 ," 39,690 ", 0.6 ," 18,259 ","18,259 ","18,259 ", 745 ," 6,804 "," 6,541 "," 4,169 "," 11,007 "," 22,774 ", 19 , 214 ," 538,319 ", 100.0 
 강남구 ," 646,648 ","646,648 ","646,648 ", 100.0 , 20.5 ," 568,398 ","568,398 ","568,398 "," 61,911 "," 506,487 ",,, 10.0 ," 60,554 ","60,554 ","60,554 ",," 60,554 ", 10.0 ," 17,696 ","17,696 ","17,696 "," 1,254 "," 7,363 "," 4,294 "," 4,785 "," 13,658 "," 22,571 ", 11 , 100 ," 646,648 ", 100.0 
 송파구 ," 655,839 ","655,839 ","655,839 ", 100.0 , 16.0 ," 416,910 ","416,910 ","416,910 "," 59,620 "," 357,290 ",,, 12.4 ," 148,792 ","148,792 ","148,792 ", 446 ," 148,346 ", 12.4 ," 90,137 ","90,137 ","90,137 "," 6,178 "," 72,845 ", 370 ," 10,744 "," 13,301 "," 27,218 ", 3 , 129 ," 655,839 ", 100.0 
 강동구 ," 442,198 ","442,198 ","442,198 ", 100.0 , 11.0 ," 355,931 ","355,931 ","355,931 "," 50,016 "," 305,915 ",,, 7.7 ," 59,242 ","59,242 ","59,242 ",," 59,242 ", 7.7 ," 27,025 ","27,025 ","27,025 "," 6,560 "," 12,112 "," 1,657 "," 6,696 "," 9,769 "," 21,501 ", 8 , 83 ," 442,198 ", 100.0 
 중랑물재생센터 ," 195,448 ","195,448 ","195,448 ", 100.0 ,," 195,448 ","195,448 ","195,448 "," 101,296 "," 94,152 ",,,, - ,0 ,0 ,,,, - ,0 ,0 ,,,,," 1,967 ",, 793 ,," 195,448 ", 100.0 
 탄천물재생센터 ," 104,169 ","104,169 ","104,169 ", 100.0 ,," 104,169 ","104,169 ","104,169 "," 27,144 "," 77,025 ",,,, - ,0 ,0 ,,,, - ,0 ,0 ,,,,," 1,278 ",, 116 ,," 104,169 ", 100.0 
 서남물재생센터 ," 102,978 ","102,978 ","102,978 ", 100.0 ,," 102,978 ","102,978 ","102,978 "," 71,823 "," 31,155 ",,,, - ,0 ,0 ,,,, - ,0 ,0 ,,,,," 1,425 ",, 203 ,," 102,978 ", 100.0 
 난지물재생센터 ," 99,326 ","99,326 ","99,326 ", 100.0 ,," 99,326 ","99,326 ","99,326 "," 76,357 "," 22,969 ",,,, - ,0 ,0 ,,,, - ,0 ,0 ,,,,, 970 ,, 319 ,," 99,326 ", 100.0 
부산광역시," 9,903,464 ","14,006,366 ","8,515,566 ", 60.8 , 264.1 , - ,"4,102,902 ","4,102,902 "," 512,792 "," 1,096,202 "," 220,305 "," 2,273,603 ", 167.3 ," 3,118,083 ","3,118,083 ","1,669,361 "," 14,223 "," 1,655,138 ", 174.4 ," 6,785,381 ","6,785,381 ","2,743,303 "," 278,897 "," 567,832 "," 123,688 "," 1,772,886 "," 75,507 "," 248,460 ", 662 ," 1,249 "," 6,525,648 ", 76.6 
 중구 ," 213,732 ","314,882 ","172,517 ", 54.8 , 2.8 ,,"101,150 ","101,150 "," 31,419 "," 18,000 ", 909 ," 50,822 ", 2.8 ," 49,577 ","49,577 ","7,158 ",," 7,158 ", 2.8 ," 164,155 ","164,155 ","64,209 "," 8,196 ", 920 ,," 55,093 "," 10,077 "," 2,902 ",, 30 ," 168,054 ", 97.4 
 서구 ," 369,450 ","566,617 ","302,676 ", 53.4 , 6.3 ,,"197,167 ","197,167 "," 25,481 "," 75,896 "," 14,101 "," 81,689 ", 6.3 ," 99,124 ","99,124 ","28,859 ", 582 ," 28,277 ", 6.3 ," 270,326 ","270,326 ","76,650 "," 5,109 "," 7,106 "," 7,932 "," 56,503 "," 1,308 "," 6,010 ", 25 ,," 276,892 ", 91.5 
 동구 ," 348,879 ","515,210 ","309,811 ", 60.1 , 7.0 ,,"166,331 ","166,331 "," 41,357 "," 26,523 "," 7,654 "," 90,797 ", 7.0 ," 81,845 ","81,845 ","13,794 ",," 13,794 ", 7.0 ," 267,034 ","267,034 ","129,686 "," 19,261 "," 16,776 "," 16,829 "," 76,820 "," 2,410 "," 5,576 ",, 39 ," 261,804 ", 84.5 
 영도구 ," 358,146 ","573,619 ","319,446 ", 55.7 , 6.7 ,,"215,473 ","215,473 "," 34,340 "," 79,085 "," 7,778 "," 94,270 ", 8.7 ," 105,154 ","105,154 ","33,778 ",," 33,778 ", 8.7 ," 252,992 ","252,992 ","70,195 "," 12,175 "," 18,005 "," 13,182 "," 26,833 "," 1,860 "," 5,708 ",, 52 ," 218,652 ", 68.4 
 부산진구 ," 837,700 ","1,382,515 ","837,301 ", 60.6 , 16.0 ,,"544,815 ","544,815 "," 41,253 "," 203,713 "," 5,185 "," 294,664 ", 15.9 ," 237,775 ","237,775 ","197,182 "," 3,696 "," 193,486 ", 15.9 ," 599,925 ","599,925 ","95,304 ", 474 ," 33,002 ", 10 ," 61,818 "," 6,581 "," 7,958 ", 30 ,," 681,450 ", 81.4 
 동래구 ," 566,652 ","767,531 ","471,771 ", 61.5 , 11.0 ,,"200,879 ","200,879 "," 32,398 "," 61,553 "," 11,654 "," 95,274 ", 11.0 ," 156,026 ","156,026 ","45,703 ",," 45,703 ", 11.2 ," 410,626 ","410,626 ","225,189 "," 14,331 "," 13,938 "," 16,488 "," 180,432 "," 2,960 "," 7,122 ", 160 , 160 ," 429,638 ", 91.1 
 남구 ," 652,911 ","949,252 ","568,749 ", 59.9 , 16.1 ,,"296,341 ","296,341 "," 61,338 "," 93,264 "," 34,715 "," 107,024 ", 16.1 ," 178,667 ","178,667 ","64,777 "," 1,356 "," 63,421 ", 16.1 ," 474,244 ","474,244 ","207,631 "," 12,102 "," 16,975 "," 12,420 "," 166,134 "," 3,155 "," 8,120 ", 99 ,," 519,672 ", 91.4 
 북구 ," 491,507 ","623,688 ","469,102 ", 75.2 , 10.1 ,,"132,181 ","132,181 "," 16,615 "," 38,503 "," 6,551 "," 70,512 ", 10.1 ," 127,019 ","127,019 ","72,338 ",," 72,338 ", 10.1 ," 364,488 ","364,488 ","264,583 "," 32,531 "," 42,716 ",," 189,336 "," 4,689 "," 5,640 ",, 12 ," 394,756 ", 84.2 
 해운대구 ," 875,170 ","1,280,533 ","732,536 ", 57.2 , 16.0 ,,"405,363 ","405,363 "," 60,665 "," 89,842 "," 15,712 "," 239,144 ", 15.5 ," 316,099 ","316,099 ","165,809 "," 2,258 "," 163,551 ", 15.5 ," 559,071 ","559,071 ","161,364 "," 1,333 "," 100,018 ", 519 ," 59,494 "," 8,793 "," 12,405 ", 108 , 108 ," 653,267 ", 89.2 
 사하구 ," 804,237 ","1,142,118 ","795,820 ", 69.7 , 20.4 ,,"337,881 ","337,881 "," 31,920 "," 113,761 "," 4,552 "," 187,648 ", 20.4 ," 188,381 ","188,381 ","166,273 "," 3,932 "," 162,341 ", 20.4 ," 615,856 ","615,856 ","291,666 "," 46,338 "," 46,983 "," 16,022 "," 182,323 "," 8,299 "," 136,413 ", 143 , -  ," 716,109 ", 90.0 
 금정구 ," 665,735 ","1,072,213 ","593,089 ", 55.3 , 52.8 ,,"406,478 ","406,478 "," 39,710 "," 82,286 "," 53,448 "," 231,034 ", 11.5 ," 168,261 ","168,261 ","91,457 ", - ," 91,457 ", 11.5 ," 497,474 ","497,474 ","95,154 ", 187 ," 35,219 ", 419 ," 59,329 "," 3,082 "," 9,603 ",, 246 ," 553,127 ", 93.3 
 강서구 ," 1,331,466 ","1,595,469 ","964,165 ", 60.4 , 50.0 ,,"264,003 ","264,003 "," 17,696 "," 10,724 "," 23,824 "," 211,759 ",," 533,595 ","533,595 ","370,428 ", - ," 370,428 ",," 797,871 ","797,871 ","329,734 "," 48,677 "," 175,630 "," 12,744 "," 92,683 "," 10,470 "," 17,332 ", -  , 255 ,, -  
 연제구 ," 450,806 ","599,238 ","369,852 ", 61.7 , 8.0 ,,"148,432 ","148,432 "," 17,656 "," 44,637 "," 7,098 "," 79,041 ", 8.0 ," 132,195 ","132,195 ","43,231 ", 959 ," 42,272 ", 8.0 ," 318,611 ","318,611 ","178,189 "," 8,323 "," 4,624 ", 315 ," 164,927 "," 1,976 "," 5,367 ", 16 ,," 337,365 ", 91.2 
 수영구 ," 410,192 ","647,381 ","340,781 ", 52.6 , 7.8 ,,"237,189 ","237,189 "," 21,809 "," 38,502 "," 4,723 "," 172,155 ", 7.8 ," 105,465 ","105,465 ","34,248 ",," 34,248 ", 7.8 ," 304,727 ","304,727 ","69,344 ",," 25,862 ",," 43,482 "," 1,813 "," 2,862 ",, 52 ," 321,918 ", 94.5 
 사상구 ," 750,931 ","1,130,856 ","640,691 ", 56.7 , 15.4 ,,"379,925 ","379,925 "," 25,880 "," 97,720 "," 14,082 "," 242,243 ", 15.4 ," 187,265 ","187,265 ","69,454 "," 1,440 "," 68,014 ", 15.4 ," 563,666 ","563,666 ","191,312 "," 33,993 "," 16,162 "," 4,881 "," 136,276 "," 5,053 "," 8,771 ", 81 , 295 ," 599,391 ", 93.6 
 기장군 ," 775,950 ","845,244 ","627,259 ", 74.2 , 17.7 ,,"69,294 ","69,294 "," 13,255 "," 22,193 "," 8,319 "," 25,527 ", 10.8 ," 451,635 ","451,635 ","264,872 ",," 264,872 ", 17.7 ," 324,315 ","324,315 ","293,093 "," 35,867 "," 13,896 "," 21,927 "," 221,403 "," 2,981 "," 6,671 ",,," 393,553 ", 62.7 
대구광역시," 5,963,415 ","6,454,865 ","5,809,392 ", 90.0 , 18.6 ," 3,653,348.0 ","3,692,275 ","3,475,769 "," 391,515.0 "," 1,132,738.0 ", 306.0 ," 1,951,210.0 ", 174.2 ," 1,455,475.0 ","1,521,151 ","1,092,184 "," 51,326.0 "," 1,040,858.0 ", 15.7 ," 854,592.0 ","1,241,439 ","1,241,439 "," 109,442.0 "," 802,617.0 ", - ," 329,380.0 "," 74,378 "," 195,739 ", 556 , 19 ," 5,593,903.0 ", 96.3 
중구," 317,154 ","324,775 ","319,083 ", 98.2 , 4.1 ," 309,751 ","309,751 ","304,059 "," 23,332 "," 77,432 ",," 203,295 ", 2.9 ,7403,"15,024 ","15,024 ",," 15,024 ",,,0 ,0 ,,,,," 1,917 "," 10,472 ", 6 , 3 ," 313,775 ", 98.3 
동구," 854,901 ","951,319 ","781,589 ", 82.2 ,," 501,025 ","501,025 ","437,258 "," 33,826 "," 183,720 ",," 219,712 ", 22.9 ,307483,"307,483 ","201,520 "," 12,728 "," 188,792 ",,46393,"142,811 ","142,811 "," 12,569 "," 98,768 ",," 31,474 "," 19,586 "," 28,791 ", 142 ,," 736,834 ", 94.3 
서구," 704,608 ","704,608 ","558,014 ", 79.2 , 2.3 ," 561,333 ","561,333 ","537,587 "," 47,940 "," 155,131 ", - ," 334,516 ", 11.1 ,143275,"143,275 ","20,427 "," 2,441 "," 17,986 ",,,0 ,0 ,,,,," 5,193 "," 28,466 ", 1 ,," 552,639 ", 99.0 
남구," 446,466 ","449,154 ","380,916 ", 84.8 , 1.7 ," 388,743 ","388,743 ","373,303 "," 32,215 "," 43,694 ", - ," 297,394 ", 7.2 ,57723,"57,723 ","4,925 ", 900 ," 4,025 ",,,"2,688 ","2,688 ",,,," 2,688 "," 2,274 "," 24,608 ",, 13 ," 378,619 ", 99.4 
북구," 912,916 ","974,307 ","925,687 ", 95.0 ,," 505,189 ","535,105 ","535,105 "," 102,334 "," 120,120 ",," 312,651 ", 28.6 ,263175,"263,175 ","214,555 "," 28,883 "," 185,672 ",,144552,"176,027 ","176,027 "," 6,734 "," 147,919 ",," 21,374 "," 9,288 "," 31,625 ", 147 ,," 862,272 ", 93.1 
수성구," 1,052,664 ","1,074,805 ","963,573 ", 89.7 ,," 767,379 ","767,379 ","752,019 "," 71,186 "," 259,881 ", 215 ," 420,737 ", 15.7 ,217738,"217,738 ","121,866 ", 651 ," 121,215 ", 15.7 ,67547,"89,688 ","89,688 "," 4,878 "," 72,176 ",," 12,634 "," 10,309 "," 29,958 ", 202 ,," 933,670 ", 96.9 
달서구," 1,042,142 ","1,091,548 ","1,088,682 ", 99.7 , 0.5 ," 244,477 ","253,488 ","253,488 "," 40,743 "," 118,078 ",," 94,667 ", 25.1 ,248754,"248,754 ","245,888 "," 5,723 "," 240,165 ",,548911,"589,306 ","589,306 "," 61,341 "," 332,882 ",," 195,083 "," 13,164 "," 29,588 ", 7 ,," 1,069,853 ", 98.3 
달성군," 632,564 ","884,349 ","791,848 ", 89.5 , 10.0 ," 375,451 ","375,451 ","282,950 "," 39,939 "," 174,682 ", 91 ," 68,238 ", 60.7 ,209924,"267,979 ","267,979 ",," 267,979 ",,47189,"240,919 ","240,919 "," 23,920 "," 150,872 ",," 66,127 "," 12,647 "," 12,231 ", 51 , 3 ," 746,241 ", 94.2 
인천광역시," 5,151,844 ","5,560,723 ","4,928,364 ", 88.6 , 75.4 ," 2,514,314 ","2,708,159 ","2,499,170 "," 328,880 "," 2,055,997 "," 32,319 "," 81,974 ", 138.3 ," 1,264,166 ","1,264,166 ","1,001,543 "," 38,490 "," 963,053 ", 117.8 ," 1,373,364 ","1,588,398 ","1,427,651 "," 193,387 "," 1,070,034 "," 36,936 "," 127,293 "," 78,558 "," 167,640 ", 187 , -  ," 4,558,772 ", 92.5 
중구," 903,576 ","903,576 ","718,671 ", 79.5 , 14.1 ," 283,111 ","283,111 ","283,111 "," 35,497 "," 236,398 "," 2,231 "," 8,985 ", 16.8 ," 250,463 ","250,463 ","176,501 ",," 176,501 ", 16.8 ," 370,002 ","370,002 ","259,059 "," 48,595 "," 210,464 ",,," 10,193 "," 15,062 ", 47 ,," 451,227 ", 62.8 
동구," 159,081 ","159,081 ","159,081 ", 100.0 ,," 159,081 ","159,081 ","159,081 "," 29,801 "," 119,943 ",," 9,337 ",,,0 ,0 ,,,,,0 ,0 ,,,,," 2,328 "," 8,624 ", 7 ,," 159,081 ", 100.0 
남구," 593,486 ","593,565 ","593,565 ", 100.0 , 13.3 ," 509,551 ","509,630 ","509,630 "," 58,898 "," 432,949 "," 8,063 "," 9,720 ", 1.4 ," 27,840.0 ","27,840 ","27,840 ",," 27,840 ", 1.4 ," 56,095.0 ","56,095 ","56,095 "," 5,390 "," 50,260 ",, 445 ," 11,199 "," 26,053 ", 11 ,," 582,866 ", 98.2 
연수구," 665,009 ","680,194 ","643,394 ", 94.6 , 6.4 ," 52,816 ","67,900 ","67,900 "," 8,740 "," 56,820 "," 1,680 ", 660 , 39.0 ," 297,441.0 ","297,441 ","260,641 ", 966 ," 259,675 ", 39.0 ," 314,752.0 ","314,853 ","314,853 "," 49,594 "," 264,700 ", 459 , 100 ," 9,834 "," 16,545 ",,," 641,768 ", 99.7 
남동구," 1,095,746 ","1,095,746 ","912,472 ", 83.3 ,," 496,671 ","496,671 ","313,397 "," 51,958 "," 258,979 "," 2,460 ",, 26.0 ," 238,046.0 ","238,046 ","238,046 "," 20,211 "," 217,835 ", 18.0 ," 361,029.0 ","361,029 ","361,029 "," 59,658 "," 246,787 "," 34,522 "," 20,061 "," 16,551 "," 33,655 ", 18 ,," 912,472 ", 100.0 
부평구," 518,742 ","617,930 ","564,219 ", 91.3 , 12.0 ," 406,048 ","505,236 ","505,236 "," 55,388 "," 420,716 "," 3,736 "," 25,396 ", 3.6 ," 50,596.0 ","50,596 ","35,998 ",," 35,998 ", 3.6 ," 62,098.0 ","62,098 ","22,985 "," 3,224 "," 19,761 ",,," 10,403 "," 20,375 ", 75 ,," 564,219 ", 100.0 
계양구," 297,119 ","297,119 ","297,119 ", 100.0 , 10.0 ," 199,918 ","199,918 ","199,918 "," 24,009 "," 161,397 "," 10,753 "," 3,759 ", 0.5 ," 45,325 ","45,325 ","45,325 "," 5,492 "," 39,833 ", 7.0 ," 51,876.0 ","51,876 ","51,876 "," 7,017 "," 41,440 ", 755 ," 2,664 "," 5,607 "," 9,876 ", - , - ," 297,119 ", 100.0 
서구," 646,962 ","905,563 ","896,732 ", 99.0 , 16.0 ," 340,499 ","384,167 ","384,167 "," 60,386 "," 303,043 "," 3,396 "," 17,342 ", 32.0 ," 160,250 ","160,250 ","151,419 ", 279 ," 151,140 ", 32.0 ," 146,213 ","361,146 ","361,146 "," 19,909 "," 236,014 "," 1,200 "," 104,023 "," 10,702 "," 33,529 ", 26 ,," 835,725 ", 93.2 
강화군," 179,146 ","214,972 ","97,122 ", 45.2 , 3.6 ," 11,325 ","47,151 ","47,151 "," 4,203 "," 36,173 ",," 6,775 ", 19.0 ," 167,821.0 ","167,821 ","49,971 "," 11,542 "," 38,429 ",,,0 ,0 ,,,,," 1,148 "," 2,947 ", 2 ,," 95,795 ", 98.6 
옹진군," 92,977 ","92,977 ","45,989 ", 49.5 , -  ," 55,294 ","55,294 ","29,579 ", - ," 29,579 ", - , - , - ," 26,384 ","26,384 ","15,802 ", - ," 15,802 ", - ," 11,299 ","11,299 ",608 , - , 608 , - , - , 593 , 974 , 1 , -  ," 18,500 ", 40.2 
광주광역시," 4,017,700 ","4,947,433 ","4,252,388 ", 86.0 , -  ," 927,100 ","1,675,186 ","1,675,186 "," 154,270 "," 1,087,595 "," 22,357 "," 410,964 ", 160.7 ," 1,234,700 ","1,396,442 ","1,386,924 "," 46,381 "," 1,340,543 ", 160.7 ," 1,855,900 ","1,875,805 ","1,190,278 "," 107,796 "," 1,034,307 "," 2,271 "," 45,904 "," 89,080 "," 93,278 ", 261 , 213 ," 4,083,375 ", 96.0 
 동구 ," 319,400 ","348,176 ","348,176 ", 100.0 ,," 259,300 ","277,411 ","277,411 "," 31,594.0 "," 166,782.0 ", 272.0 ," 78,763.0 ", 10.0 ," 35,600.0 ","43,259 ","43,259 "," 2,610.0 "," 40,649.0 ", 10.0 ," 24,500.0 ","27,506 ","27,506 "," 1,973.0 "," 25,084.0 ",, 449.0 ," 15,233 "," 7,790 ", 100 ,  -  ," 325,504.0 ", 93.5 
 서구 ," 786,900 ","1,032,126 ","809,433 ", 78.4 ,," 84,600 ","329,826 ","329,826 "," 34,693.0 "," 250,266.0 "," 1,959.0 "," 42,908.0 ", 26.3 ," 266,900.0 ","266,900 ","257,382 "," 10,776.0 "," 246,606.0 ", 26.3 ," 435,400.0 ","435,400 ","222,225 "," 17,788.0 "," 196,403.0 ", 4.0 ," 8,030.0 "," 18,630 "," 18,197 ", 50 , 90 ," 795,813.0 ", 98.3 
 남구 ," 424,100 ","617,383 ","456,324 ", 73.9 ,," 65,300 ","232,345 ","232,345 "," 21,706.0 "," 173,952.0 "," 2,279.0 "," 34,408.0 ", 14.4 ," 112,900.0 ","139,138 ","139,138 "," 4,214.0 "," 134,924.0 ", 14.4 ," 245,900.0 ","245,900 ","84,841 "," 8,442.0 "," 72,983.0 ",," 3,416.0 "," 19,135 "," 14,280 ", 66 , 23 ," 435,439.0 ", 95.4 
 북구 ," 1,224,600 ","1,599,269 ","1,287,976 ", 80.5 ,," 182,300 ","478,820 ","478,820 "," 42,895.0 "," 316,832.0 "," 3,011.0 "," 116,082.0 ", 39.8 ," 377,500.0 ","455,649 ","455,649 "," 6,017.0 "," 449,632.0 ", 39.8 ," 664,800.0 ","664,800 ","353,507 "," 36,840.0 "," 302,142.0 ", 473.0 ," 14,052.0 "," 19,495 "," 23,892 ", 29 , 27 ," 1,223,500.0 ", 95.0 
 광산구 ," 1,262,700 ","1,350,479 ","1,350,479 ", 100.0 ,," 335,600 ","356,784 ","356,784 "," 23,382.0 "," 179,763.0 "," 14,836.0 "," 138,803.0 ", 70.2 ," 441,800.0 ","491,496 ","491,496 "," 22,764.0 "," 468,732.0 ", 70.2 ," 485,300.0 ","502,199 ","502,199 "," 42,753.0 "," 437,695.0 "," 1,794.0 "," 19,957.0 "," 16,587 "," 29,119 ", 16 , 73 ," 1,303,119.0 ", 96.5 
대전광역시," 3,474,737 ","3,646,237 ","3,500,928 ", 96.0 , 60.8 ," 1,508,034 ","1,647,934 ","1,607,840 "," 229,836 "," 941,967 ", - ," 436,037 ", 37 ," 917,363 ","929,291 ","825,212 "," 1,943 "," 823,269 ", 37 ," 1,049,340 ","1,069,012 ","1,067,876 "," 132,509 "," 821,031 ", - ," 114,336 "," 58,584 "," 43,912 ", 574 , 243 ," 3,442,675 ", 98.3 
 동구 ," 588,683 ","589,801 ","566,006 ", 96.0 , 17.2 ," 356,739 ","357,407 ","357,407 "," 38,676 "," 220,010 ",," 98,721 ", 3.8 ,"125,266 ","125,266 ","101,471 ", - ," 101,471 ", 3.8 ,"106,678 ","107,128 ","107,128 "," 12,766 "," 71,184 ", - ," 23,178 "," 10,252 "," 5,807 ", - , - ," 554,197 ", 97.9 
 중구 ," 533,381 ","547,802 ","546,666 ", 99.8 , 12.8 ," 425,759 ","428,252 ","428,252 "," 49,218 "," 217,059 ",," 161,975 ", 0.5 ," 47,909 ","59,837 ","59,837 ",," 59,837 ", 0.5 ," 59,713 ","59,713 ","58,577 "," 4,015 "," 47,952 ",," 6,610 "," 9,216 "," 4,152 ",,," 529,666 ", 96.9 
 서구 ," 726,678 ","726,942 ","722,221 ", 99.4 , 13.0 ," 259,987 ","260,251 ","260,251 "," 41,713 "," 154,695 ",," 63,843 ", 5.9 ,"218,719 ","218,719 ","213,998 "," 1,943 "," 212,055 ", 5.9 ,"247,972 ","247,972 ","247,972 "," 27,487 "," 202,134 ",," 18,351 "," 14,244 "," 21,281 ",,," 721,586 ", 99.9 
 유성구 ," 982,304 ","1,001,526 ","933,336 ", 93.2 , 2.8 ," 186,326 ","186,326 ","146,232 "," 28,867 "," 93,219 ", - ," 24,146 ", 25.6 ," 329,154 ","329,154 ","301,058 ", - ," 301,058 ", 25.6 ," 466,824 ","486,046 ","486,046 "," 68,737 "," 372,306 ", - ," 45,003 "," 13,887 ", -  , -  , -  ," 904,527 ", 96.9 
 대덕구 ," 629,079 ","630,950 ","583,483 ", 92.5 , 15.0 ," 264,611 ","266,482 ","266,482 "," 41,244 "," 137,886 ",," 87,352 ", 1.0 ,"196,315 ","196,315 ","148,848 ",," 148,848 ", 1.0 ,"168,153 ","168,153 ","168,153 "," 19,504 "," 127,455 ",," 21,194 "," 9,899 "," 12,672 ",,," 583,483 ", 100.0 
 시설관리공단 ," 14,612 ","149,216 ","149,216 ", 100.0 ,," 14,612 ","149,216 ","149,216 "," 30,118 "," 119,098 ",,,,,0 ,0 ,,,,,0 ,0 ,,,,," 1,086 ",, 574 , 243 ," 149,216 ", 100.0 
울산광역시," 5,022,784 ","5,134,339 ","4,128,722 ", 80.4 , -  ," 91,969 ","91,969 ","91,969 "," 88,518 "," 3,451 ", - , - , 229 ," 2,623,728 ","2,680,484 ","2,014,245 ", 443 ," 2,013,802 ", 978 ," 2,307,087 ","2,361,886 ","2,022,508 "," 163,950 "," 1,042,259 "," 69,832 "," 746,467 "," 55,357 "," 78,420 ", 125 , 814 , - , -  
 중구 ," 715,908 ","715,908 ","628,059 ", 87.7 ,, - ,0 ,0 , - , - , - , - , 18.0 ," 285,091.0 ","285,091 ","263,212 ", 54 ," 263,158 ", 46.8 ," 430,817.0 ","430,817 ","364,847 "," 15,659 "," 163,262 "," 6,019 "," 179,907 "," 11,240 "," 20,198 ", 27 , 24 ,, -  
 남구 ," 1,034,916 ","1,094,780 ","1,094,780 ", 100.0 ,," 5,448 ","5,448 ","5,448 "," 5,080 ", 368 , - , - , 53.8 ," 376,680.0 ","433,436 ","433,436 ", 343 ," 433,093 ", 116.2 ," 652,788.0 ","655,896 ","655,896 "," 91,412 "," 304,198 "," 16,681 "," 243,605 "," 15,196 "," 26,525 ", 45 , 43 ,, -  
 동구 ," 494,143 ","494,143 ","387,681 ", 78.5 ,," 27,987 ","27,987 ","27,987 "," 27,562 ", 425 , - , - , 19.7 ," 209,133.0 ","209,133 ","166,636 ", 46 ," 166,590 ", 51.0 ," 257,023.0 ","257,023 ","193,058 "," 3,946 "," 105,106 "," 3,790 "," 80,216 "," 3,470 "," 6,261 ",, 3 ,, -  
 북구 ," 690,778 ","742,469 ","572,547 ", 77.1 ,," 17,344 ","17,344 ","17,344 "," 16,839 ", 505 , - , - , 35.7 ," 453,497.0 ","453,497 ","283,575 ", - ," 283,575 ", 105.3 ," 219,937.0 ","271,628 ","271,628 "," 14,095 "," 164,593 "," 17,080 "," 75,860 "," 6,312 "," 8,398 ", 11 , 174 ,, -  
 울주군 ," 2,087,039 ","2,087,039 ","1,445,655 ", 69.3 ,," 41,190 ","41,190 ","41,190 "," 39,037 "," 2,153 ", - , - , 101.7 ," 1,299,327.0 ","1,299,327 ","867,386 ", - ," 867,386 ", 658.3 ," 746,522.0 ","746,522 ","537,079 "," 38,838 "," 305,100 "," 26,262 "," 166,879 "," 19,139 "," 17,038 ", 42 , 570 ,, -  
 세종특별자치시 ," 960,358 ","960,358 ","900,123 ", 93.7 , -  ," 166,277.0 ","166,277 ","166,277 "," 12,709.0 "," 113,473.0 ", -  ," 40,095 ", 55.10 ," 401,851 ","401,851 ","341,616 ", -  ," 341,616 ", -  ," 392,230 ","392,230 ","392,230 "," 56,124.0 "," 255,837.0 ", -  ," 80,269.0 "," 10,987 "," 8,367 ", 6 , 289 ," 900,123 ", 100.0 
 조치원읍 ," 220,701 ","220,701 ","191,525 ", 86.8 , -  ," 49,393 ","49,393 ","49,393 "," 4,860 "," 39,039 ", - ," 5,494 ", 5.3 ," 92,970.0 ","92,970 ","63,794 ", - ," 63,794 ", - ," 78,338.0 ","78,338 ","78,338 "," 14,421 "," 36,388 ", - ," 27,529 "," 3,326 "," 1,817 ", 6 , 22 ," 191,525 ", 100.0 
 연동면 ," 32,880 ","32,880 ","32,880 ", 100.0 , -  ," 22,814 ","22,814 ","22,814 "," 2,563 "," 13,181 ", - ," 7,070 ", 0.3 ," 4,350.0 ","4,350 ","4,350 ", - ," 4,350 ", - ," 5,716.0 ","5,716 ","5,716 ", 423 ," 4,385 ", - , 908 , 645 , -  , -  , 22 ," 32,880 ", 100.0 
 연서면 ," 102,011 ","102,011 ","94,999 ", 93.1 , -  ," 8,126 ","8,126 ","8,126 ", 595 ," 5,828 ", - ," 1,703 ", 4.7 ," 62,434.0 ","62,434 ","55,422 ", - ," 55,422 ", - ," 31,451.0 ","31,451 ","31,451 "," 2,020 "," 17,714 ", - ," 11,717 "," 1,851 ", 482 , -  , 63 ," 94,999 ", 100.0 
 연기면 ," 28,227 ","28,227 ","28,227 ", 100.0 , -  , - ,0 ,0 , - , - , - , - , 8.9 ," 12,975.0 ","12,975 ","12,975 ", - ," 12,975 ", - ," 15,252.0 ","15,252 ","15,252 "," 1,219 "," 7,390 ", - ," 6,643 ", 536 , -  , -  , 11 ," 28,227 ", 100.0 
 금남면 ," 49,581 ","49,581 ","38,758 ", 78.2 , -  ," 33,089 ","33,089 ","33,089 "," 3,426 "," 19,533 ", - ," 10,130 ", 0.7 ," 12,777.0 ","12,777 ","1,954 ", - ," 1,954 ", - ," 3,715.0 ","3,715 ","3,715 ", 68 , 997 , - ," 2,650 ", 741 ," 1,004 ", -  , 36 ," 38,758 ", 100.0 
 전의면 ," 61,155 ","61,155 ","54,443 ", 89.0 , -  ," 18,044 ","18,044 ","18,044 ", 308 ," 13,082 ", - ," 4,654 ", 1.4 ," 23,038.0 ","23,038 ","16,326 ", - ," 16,326 ", - ," 20,073.0 ","20,073 ","20,073 "," 2,176 "," 12,112 ", - ," 5,785 "," 1,477 ", 108 , -  , 38 ," 54,443 ", 100.0 
 전동면 ," 50,039 ","50,039 ","43,527 ", 87.0 , -  ," 11,263 ","11,263 ","11,263 ", 130 ," 7,815 ", - ," 3,318 ", 1.6 ," 24,871.0 ","24,871 ","18,359 ", - ," 18,359 ", - ," 13,905.0 ","13,905 ","13,905 ", 488 ," 9,259 ", - ," 4,158 ", 568 , 314 , -  , 32 ," 43,527 ", 100.0 
 장군면 ," 20,757 ","20,757 ","20,757 ", 100.0 , -  ," 20,538 ","20,538 ","20,538 ", 575 ," 12,422 ", - ," 7,541 ", 2.0 , 153.0 ,153 ,153 , - , 153 , - , 66.0 ,66 ,66 , 66 , - , - , - , 242 , 158 , -  , 24 ," 20,757 ", 100.0 
 부강면 ," 40,182 ","40,182 ","40,182 ", 100.0 , -  ," 3,010 ","3,010 ","3,010 ", 252 ," 2,573 ", - , 185 , - ," 14,888.0 ","14,888 ","14,888 ", - ," 14,888 ", - ," 22,284.0 ","22,284 ","22,284 "," 1,755 "," 10,993 ", - ," 9,536 ", 773 , -  , -  , 13 ," 40,182 ", 100.0 
 소정면 ," 44,323 ","44,323 ","44,323 ", 100.0 , -  , - ,0 ,0 , - , - , - , - , 1.5 ," 20,338.0 ","20,338 ","20,338 ", - ," 20,338 ", - ," 23,985.0 ","23,985 ","23,985 "," 2,157 "," 11,308 ", - ," 10,520 ", 828 ," 1,618 ", -  , 28 ," 44,323 ", 100.0 
 한솔동 ," 100,144 ","100,144 ","100,144 ", 100.0 , -  , - ,0 ,0 , - , - , - , - , 14.9 ," 41,681.0 ","41,681 ","41,681 ", - ," 41,681 ", - ," 58,463.0 ","58,463 ","58,463 "," 11,795 "," 46,460 ", - , 208 , -  ," 1,126 ", -  , -  ," 100,144 ", 100.0 
 도담동 ," 104,288 ","104,288 ","104,288 ", 100.0 , -  , - ,0 ,0 , - , - , - , - , 4.7 ," 35,628.0 ","35,628 ","35,628 ", - ," 35,628 ", - ," 68,660.0 ","68,660 ","68,660 "," 10,333 "," 58,327 ", - , - , -  ," 1,740 ", -  , -  ," 104,288 ", 100.0 
 가람동 ," 106,070 ","106,070 ","106,070 ", 100.0 , -  , - ,0 ,0 , - , - , - , - , 9.0 ," 55,748.0 ","55,748 ","55,748 ", - ," 55,748 ", - ," 50,322.0 ","50,322 ","50,322 "," 9,203 "," 40,504 ", - , 615 , -  ,, -  , -  ," 106,070 ", 100.0 
 경기도 ," 28,458,606 ","31,624,464 ","25,765,810 ", 81.5 ," 1,696.5 "," 6,131,501.2 ","7,044,668 ","6,773,319 "," 732,940.7 "," 5,312,785.8 "," 355,621.4 "," 371,970.9 "," 1,342.9 "," 13,697,629.2 ","14,938,787 ","10,909,666 "," 59,297.3 "," 10,850,368.6 "," 1,596.4 "," 8,629,475.9 ","9,641,009 ","8,082,826 "," 847,901.9 "," 6,798,467.0 "," 99,064.6 "," 337,392.3 "," 710,805 "," 732,495 "," 2,000 "," 3,812 "," 23,286,205.3 ", 90.4 
시부," 26,007,761 ","29,124,380 ","23,951,120 ", 82.2 ," 1,009.6 "," 5,843,380.2 ","6,756,547 ","6,531,033 "," 712,227.7 "," 5,161,835.8 "," 284,998.4 "," 371,970.9 "," 1,204.7 "," 11,942,456.2 ","13,145,256 ","9,554,180 "," 59,297.3 "," 9,494,882.6 "," 1,114.2 "," 8,221,924.9 ","9,222,577 ","7,865,907 "," 830,576.9 "," 6,614,379.3 "," 87,679.6 "," 333,271.3 "," 671,730 "," 688,710 "," 1,947 "," 3,568 "," 21,865,549.9 ", 91.3 
수원시," 2,050,387 ","2,050,387 ","1,868,506 ", 91.1 , 17.7 ," 944,972.0 ","944,972 ","944,972 "," 106,794 "," 810,418 "," 4,931 "," 22,829 ", 38.5 ," 583,214.0 ","583,214 ","402,560 ", - ," 402,560 ", 38.5 ," 522,201.0 ","522,201 ","520,974 "," 31,735 "," 422,409 ", 956 ," 65,874 "," 40,193 "," 122,029 ", 322 , 727 ," 1,850,279 ", 99.0 
 장안구 ," 447,902 ","447,902 ","363,626 ", 81.2 , 2.8 ," 249,941 ","249,941 ","249,941 "," 21,791 "," 221,190 ", 667 ," 6,293 ", 7.5 ," 127,206.0 ","127,206 ","42,930 ", - ," 42,930 ", 7.5 ," 70,755.0 ","70,755 ","70,755 "," 6,814 "," 44,520 ", 748 ," 18,673 "," 8,582 "," 10,163 ", 90 , 258 ," 362,097 ", 99.6 
 권선구 ," 726,508 ","726,508 ","671,662 ", 92.5 , 6.1 ," 300,385 ","300,385 ","300,385 "," 34,308 "," 259,823 "," 2,703 "," 3,551 ", 11.7 ," 217,476.0 ","217,476 ","163,157 ", - ," 163,157 ", 11.7 ," 208,647.0 ","208,647 ","208,120 "," 13,916 "," 179,198 ", 208 ," 14,798 "," 14,214 "," 12,135 ", 110 , 255 ," 655,554 ", 97.6 
 팔달구 ," 349,014 ","349,014 ","348,354 ", 99.8 , 8.8 ," 267,815 ","267,815 ","267,815 "," 21,879 "," 241,208 ", - ," 4,728 ", 1.8 ," 25,657.0 ","25,657 ","25,197 ", - ," 25,197 ", 1.8 ," 55,542.0 ","55,542 ","55,342 ", 522 ," 29,605 ", - ," 25,215 "," 8,701 "," 75,087 ", 100 , 105 ," 348,296 ", 100.0 
 영통구 ," 526,963 ","526,963 ","484,864 ", 92.0 , -  ," 126,831 ","126,831 ","126,831 "," 28,816 "," 88,197 "," 1,561 "," 8,257 ", 17.5 ," 212,875.0 ","212,875 ","171,276 ", - ," 171,276 ", 17.5 ," 187,257.0 ","187,257 ","186,757 "," 10,483 "," 169,086 ", - ," 7,188 "," 8,696 "," 24,644 ", 22 , 109 ," 484,332 ", 99.9 
성남시," 1,097,153 ","1,374,196 ","1,301,234 ", 94.7 , 24.6 ," 453,717.0 ","453,717 ","430,895 "," 123,603.9 "," 306,930.5 ", 360.6 , -  , 25.8 ," 366,929.0 ","424,614 ","374,474 ", 1.3 ," 374,472.8 ", 33.0 ," 276,507.0 ","495,865 ","495,865 "," 67,785.1 "," 428,080.4 ", -  , -  ," 29,705 "," 39,914 ", 42 , 560 ," 1,301,234.0 ", 100.0 
 수정구 ," 324,771 ","359,074 ","299,202 ", 83.3 , 15.7 ," 228,094 ","228,094 ","191,972 "," 40,738 "," 150,877 ", 357 , - , - ," 64,266.0 ","64,266 ","40,516 ", - ," 40,516 ", 6.0 ," 32,411.0 ","66,714 ","66,714 "," 6,673 "," 60,042 ", - , - ," 8,099 "," 8,241 ", 7 , 132 ," 299,202 ", 100.0 
 중원구 ," 281,889 ","321,027 ","280,395 ", 87.3 , 8.9 ," 220,886 ","220,886 ","206,644 "," 55,915 "," 150,725 ", 3 , - , - ," 52,145.0 ","52,145 ","25,755 ", - ," 25,755 ", 1.0 ," 8,858.0 ","47,996 ","47,996 "," 7,334 "," 40,662 ",,," 6,395 "," 9,607 ", 34 , 54 ," 280,395 ", 100.0 
 분당구 ," 490,493 ","721,637 ","721,637 ", 100.0 , -  ," 4,737 ","32,279 ","32,279 "," 26,951 "," 5,328 ", - , - , 25.8 ," 250,518.0 ","308,203 ","308,203 ", 1 ," 308,202 ", 26.0 ," 235,238.0 ","381,155 ","381,155 "," 53,778 "," 327,377 ", - , - ," 15,211 "," 22,066 ", 1 , 374 ," 721,637 ", 100.0 
의정부시," 519,092 ","541,913 ","518,586 ", 95.7 , 4.4 ," 260,505.0 ","261,059 ","259,185 "," 40,903 "," 218,282 ", - , - , 9.1 ," 143,453.0 ","163,336 ","155,584 ", - ," 155,584 ", 9.1 ," 115,134.0 ","117,518 ","103,818 "," 1,376 "," 101,841 ", 601 , - ," 11,646 ", -  , 68 , 216 ," 490,956 ", 94.7 
 가능동 ," 64,068 ","64,068 ","60,394 ", 94.3 , 2.2 ," 53,928 ","53,928 ","53,928 "," 4,293 "," 49,635 ", - , - , 0.1 ," 4,325.0 ","4,325 ","4,324 ", - ," 4,324 ", 0.1 ," 5,815.0 ","5,815 ","2,142 ", - ," 2,114 ", 28 , - ," 1,023 ", -  , 11 , 27 ," 60,191 ", 99.7 
 고산동 , - ,0 ,0 , -  , -  , - ,0 ,0 , - , - , - , - , - , - ,0 ,0 , - , - , - , - ,0 ,0 , - , - , - , - , -  , -  , -  , 11 , - , -  
 금오동 ," 46,862 ","49,153 ","49,098 ", 99.9 , 1.1 ," 22,124 ","22,124 ","22,124 "," 6,605 "," 15,519 ", - , - , 1.1 ," 13,314.0 ","13,314 ","13,259 ", - ," 13,259 ", 1.1 ," 11,424.0 ","13,715 ","13,715 ", - ," 13,539 ", 176 , - ," 1,373 ", -  , 9 , 17 ," 45,607 ", 92.9 
 낙양동 , - ,0 ,0 , -  , -  , - ,0 ,0 , - , - , - , - , - , - ,0 ,0 , - , - , - , - ,0 ,0 , - , - , - , - , -  , -  , -  , 9 , - , -  
 녹양동 ," 39,658 ","39,658 ","35,485 ", 89.5 , -  ," 10,412 ","10,412 ","10,412 "," 2,645 "," 7,767 ", - , - , 0.9 ," 15,424.0 ","15,424 ","14,058 ", - ," 14,058 ", 0.9 ," 13,822.0 ","13,822 ","11,015 ", - ," 11,015 ", - , - , 919 , -  , 7 , 28 ," 35,485 ", 100.0 
 민락동 ," 39,298 ","39,841 ","37,894 ", 95.1 , -  , 789 ,789 ,789 , - , 789 , - , - , 0.4 ," 18,385.0 ","18,928 ","18,928 ", - ," 18,928 ", 0.4 ," 20,124.0 ","20,124 ","18,177 ", - ," 18,177 ", - , - , 905 , -  , 1 , 26 ," 36,518 ", 96.4 
 산곡동 , - ,0 ,0 , -  , -  , - ,0 ,0 , - , - , - , - , - , - ,0 ,0 , - , - , - , - ,0 ,0 , - , - , - , - , -  , -  , -  , 1 , - , -  
 신곡동 ," 74,271 ","74,364 ","71,249 ", 95.8 , -  ," 35,998 ","35,998 ","35,998 "," 8,021 "," 27,977 ", - , - , 1.7 ," 23,431.0 ","23,431 ","20,316 ", - ," 20,316 ", 1.7 ," 14,842.0 ","14,935 ","14,935 "," 1,376 "," 13,559 ", - , - ," 1,872 ", -  , 8 , 16 ," 71,249 ", 100.0 
 용현동 ," 38,025 ","56,903 ","54,498 ", 95.8 , -  ," 18,683 ","18,683 ","16,809 "," 4,043 "," 12,766 ", - , - , 0.5 ," 11,315.0 ","30,193 ","30,193 ", - ," 30,193 ", 0.5 ," 8,027.0 ","8,027 ","7,497 ", - ," 7,452 ", 45 , - , 924 , -  , 1 , 13 ," 35,344 ", 64.9 
 의정부동 ," 126,234 ","127,250 ","124,340 ", 97.7 , -  ," 83,254 ","83,808 ","83,808 "," 8,782 "," 75,026 ", - , - , 1.8 ," 26,954.0 ","27,416 ","27,416 ", - ," 27,416 ", 1.8 ," 16,026.0 ","16,026 ","13,116 ", - ," 12,965 ", 151 , - ," 2,368 ", -  , 12 , 6 ," 121,089 ", 97.4 
 자일동 , - ,0 ,0 , -  , -  , - ,0 ,0 , - , - , - , - , - , - ,0 ,0 , - , - , - , - ,0 ,0 , - , - , - , - , -  , -  , -  , 9 , - , -  
 장암동 ," 20,203 ","20,203 ","16,326 ", 80.8 , -  ," 10,264 ","10,264 ","10,264 "," 2,269 "," 7,995 ", - , - , 0.5 ," 5,978.0 ","5,978 ","3,083 ", - ," 3,083 ", 0.5 ," 3,961.0 ","3,961 ","2,979 ", - ," 2,979 ", - , - , 395 , -  , -  , 23 ," 16,171 ", 99.1 
 호원동 ," 70,473 ","70,473 ","69,302 ", 98.3 , 1.2 ," 25,053 ","25,053 ","25,053 "," 4,245 "," 20,808 ", - , - , 2.2 ," 24,327.0 ","24,327 ","24,007 ", - ," 24,007 ", 2.2 ," 21,093.0 ","21,093 ","20,242 ", - ," 20,041 ", 201 , - ," 1,867 ", -  , 19 , 30 ," 69,302 ", 100.0 
안양시," 656,370 ","790,231 ","641,323 ", 81.2 , 10.0 ," 398,149.0 ","472,578 ","395,891 "," 38,900 "," 348,640 ", 259 ," 8,092 ", 16.5 ," 164,859.0 ","173,949 ","148,731 "," 29,287 "," 119,444 ", 16.5 ," 93,362.0 ","143,704 ","96,701 "," 12,825 "," 80,211 ", - ," 3,665 "," 12,235 ", -  , 270 , 357 ," 641,323 ", 100.0 
 만안구 ," 320,369 ","394,798 ","322,577 ", 81.7 , 5.1 ," 160,735 ","235,164 ","235,164 "," 18,946 "," 210,265 ", - ," 5,953 ", 7.6 ," 89,111.0 ","89,111 ","63,893 "," 19,224 "," 44,669 ", 7.6 ," 70,523.0 ","70,523 ","23,520 "," 1,516 "," 18,408 ", - ," 3,596 "," 6,299 ", -  , 166 , 236 ," 322,577 ", 100.0 
 동안구 ," 336,001 ","395,433 ","318,746 ", 80.6 , 4.9 ," 237,414 ","237,414 ","160,727 "," 19,954 "," 138,375 ", 259 ," 2,139 ", 8.9 ," 75,748.0 ","84,838 ","84,838 "," 10,063 "," 74,775 ", 8.9 ," 22,839.0 ","73,181 ","73,181 "," 11,309 "," 61,803 ", - , 69 ," 5,936 ", -  , 104 , 121 ," 318,746 ", 100.0 
부천시," 905,653 ","905,653 ","900,929 ", 99.5 , 0.1 ," 599,901.0 ","599,901 ","598,155 "," 74,530 "," 522,253 "," 1,372 ", - , 0.1 ," 125,727.0 ","125,727 ","124,544 ", 125 ," 124,419 ", 0.1 ," 180,025.0 ","180,025 ","178,230 "," 40,024 "," 138,206 ", - , - ," 17,525 "," 42,118 ", 52 , 50 ," 900,929 ", 100.0 
 원미구 ," 450,033 ","450,033 ","449,547 ", 99.9 , 0.0 ," 250,826 ","250,826 ","250,563 "," 27,628 "," 222,926 ", 9 ,,," 82,110.0 ","82,110 ","82,110 ", 125 ," 81,985 ", 0.0 ," 117,097.0 ","117,097 ","116,874 "," 31,035 "," 85,839 ",,," 8,643 "," 20,732 ", 32 , 4 ," 449,547 ", 100.0 
 소사구 ," 193,586 ","193,586 ","193,241 ", 99.8 ,," 149,900 ","149,900 ","149,900 "," 19,709 "," 129,392 ", 799 ,, 0.0 ," 17,101.0 ","17,101 ","16,756 ",," 16,756 ", - ," 26,585.0 ","26,585 ","26,585 "," 2,783 "," 23,802 ",,," 3,938 "," 8,922 ", 2 , 12 ," 193,241 ", 100.0 
 오정구 ," 262,034 ","262,034 ","258,141 ", 98.5 , 0.1 ," 199,175 ","199,175 ","197,692 "," 27,193 "," 169,935 ", 564 ,, 0.0 ," 26,516.0 ","26,516 ","25,678 ",," 25,678 ", 0.1 ," 36,343.0 ","36,343 ","34,771 "," 6,206 "," 28,565 ",,," 4,944 "," 12,464 ", 18 , 34 ," 258,141 ", 100.0 
광명시," 173,824 ","392,591 ","362,942 ", 92.4 , -  ," 24,539.0 ","187,737 ","187,737 "," 32,231 "," 155,506 ", - , - , -  ," 88,576.0 ","105,855 ","88,924 "," 3,667 "," 85,257 ", -  ," 60,709.0 ","98,999 ","86,281 "," 10,291 "," 74,529 "," 1,152 ", 309 ," 7,804 "," 15,063 ", 19 , 48 ," 362,942 ", 100.0 
 광명동 ," 50,029 ","133,885 ","110,041 ", 82.2 ,," 1,031 ","84,887 ","84,887 "," 6,064 "," 78,823 ",,,," 26,631.0 ","26,631 ","15,505 ",," 15,505 ",," 22,367.0 ","22,367 ","9,649 ",," 9,649 ",,," 2,683 "," 6,291 ", 10 , 29 ," 110,041 ", 100.0 
 철산동 ," 23,092 ","65,429 ","65,429 ", 100.0 ,," 14,248 ","29,314 ","29,314 "," 5,369 "," 23,945 ",,,," 6,829.0 ","20,351 ","20,351 "," 2,670 "," 17,681 ",," 2,015.0 ","15,764 ","15,764 ", 339 ," 15,425 ",,," 1,543 "," 2,386 ", 2 , 6 ," 65,429 ", 100.0 
 하안동 ," 33,062 ","63,947 ","63,947 ", 100.0 ,," 7,964 ","23,026 ","23,026 "," 10,965 "," 12,061 ",,,," 20,984.0 ","24,741 ","24,741 ",," 24,741 ",," 4,114.0 ","16,180 ","16,180 "," 1,442 "," 14,126 ", 612 ,," 1,028 "," 2,075 ", 6 , 11 ," 63,947 ", 100.0 
 소하동 ," 67,641 ","109,008 ","103,203 ", 94.7 ,," 1,296 ","30,188 ","30,188 "," 7,811 "," 22,377 ",,,," 34,132.0 ","34,132 ","28,327 ", 997 ," 27,330 ",," 32,213.0 ","44,688 ","44,688 "," 8,510 "," 35,329 ", 540 , 309 ," 2,237 "," 3,897 ", 1 , 2 ," 103,203 ", 100.0 
 학온동 , - ,"20,322 ","20,322 ", 100.0 ,, - ,"20,322 ","20,322 "," 2,022 "," 18,300 ",,,, - ,0 ,0 ,,,, - ,0 ,0 ,,,,, 313 , 414 ,,," 20,322 ", 100.0 
평택시," 421,159 ","1,313,453 ","1,305,747 ", 99.4 , 168.4 ," 417,200 ","425,913 ","418,207 "," 5,664 "," 386,139 "," 19,538 "," 6,866 ", 85.8 , 307.0 ,"480,031 ","480,031 "," 1,203 "," 478,828 ", 89.2 ," 3,652.0 ","407,509 ","407,509 "," 6,814 "," 386,698 "," 11,534 "," 2,463 "," 22,821 "," 38,272 ", 22 , 238 ," 1,305,747 ", 100.0 
 팽성읍 ," 45,061 ","164,571 ","163,044 ", 99.1 , 42.0 ," 45,000 ","45,000 ","43,473 ", 127 ," 38,462 "," 4,298 ", 586 , 13.0 , 4.0 ,"72,971 ","72,971 ", 696 ," 72,275 ", 13.5 , 57.0 ,"46,600 ","46,600 "," 1,582 "," 44,921 ", 2 , 95 ," 2,766 "," 3,982 ", 3 , 22 ," 163,044 ", 100.0 
 안중읍 ," 9,177 ","71,732 ","71,732 ", 100.0 , 12.0 ," 9,000 ","9,180 ","9,180 ",," 8,838 ", 311 , 31 , 6.2 , 26.0 ,"26,293 ","26,293 ", 4 ," 26,289 ", 6.6 , 151.0 ,"36,259 ","36,259 ",," 36,259 ",,," 1,411 "," 1,985 ",, 15 ," 71,732 ", 100.0 
 포승읍 ," 1,935 ","68,148 ","68,148 ", 100.0 , 9.0 , 200 ,493 ,493 ,, 487 ,, 6 , 7.0 , 55.0 ,"33,676 ","33,676 ",," 33,676 ", 7.0 ," 1,680.0 ","33,979 ","33,979 ",," 33,979 ",,, 621 ," 1,466 ",, 16 ," 68,148 ", 100.0 
 진위면 ," 40,000 ","65,663 ","64,823 ", 98.7 , 3.0 ," 40,000 ","40,000 ","39,160 "," 2,270 "," 33,418 "," 2,894 ", 578 , 2.4 ,,"18,975 ","18,975 ", 117 ," 18,858 ", 2.5 ,,"6,688 ","6,688 ",," 5,526 "," 1,162 ",," 1,128 "," 2,308 ",, 10 ," 64,823 ", 100.0 
 서탄면 ," 24,000 ","53,156 ","52,584 ", 98.9 , 4.0 ," 24,000 ","24,000 ","23,428 ", 431 ," 19,785 "," 2,538 ", 674 , 2.0 ,,"20,623 ","20,623 ",," 20,623 ", 2.0 ,,"8,533 ","8,533 ", 291 ," 6,990 "," 1,252 ",," 1,255 "," 2,672 ",, 7 ," 52,584 ", 100.0 
 고덕면 ," 20,000 ","47,154 ","47,141 ", 100.0 , 21.7 ," 20,000 ","20,000 ","19,987 ", 441 ," 17,442 "," 1,903 ", 201 , 5.0 ,,"10,153 ","10,153 ",," 10,153 ", 5.8 ,,"17,001 ","17,001 ", 555 ," 16,257 ", 189 ,, 748 ," 1,154 ",, 6 ," 47,141 ", 100.0 
 오성면 ," 8,174 ","14,255 ","14,255 ", 100.0 , 4.4 ," 8,000 ","8,119 ","8,119 "," 1,003 "," 7,041 ",, 75 , 1.1 , 3.0 ,"1,725 ","1,725 ", 3 ," 1,722 ", 1.1 , 171.0 ,"4,411 ","4,411 ", 82 ," 4,329 ",,, 264 , 421 ,, 2 ," 14,255 ", 100.0 
 청북면 ," 5,605 ","81,125 ","81,027 ", 99.9 , 6.3 ," 5,500 ","5,500 ","5,402 ", 7 ," 4,967 ", 116 , 312 , 1.6 , 5.0 ,"33,494 ","33,494 ", 19 ," 33,475 ", 2.1 , 100.0 ,"42,131 ","42,131 "," 1,792 "," 38,328 "," 1,955 ", 56 , 952 ," 1,303 ",, 9 ," 81,027 ", 100.0 
 현덕면 ," 8,677 ","80,511 ","80,511 ", 100.0 , 3.5 ," 8,500 ","16,596 ","16,596 ", 79 ," 16,057 ",, 460 , 2.5 , 26.0 ,"50,872 ","50,872 ",," 50,872 ", 2.6 , 151.0 ,"13,043 ","13,043 ", 501 ," 12,542 ",,, 477 ," 1,128 ",, 3 ," 80,511 ", 100.0 
 중앙동 ," 25,055 ","90,325 ","90,303 ", 100.0 , 3.0 ," 25,000 ","25,000 ","24,978 ",," 23,563 "," 1,267 ", 148 , 3.0 , 13.0 ,"29,730 ","29,730 ", 7 ," 29,723 ", 3.0 , 42.0 ,"35,595 ","35,595 ",," 34,514 ", 204 , 877 ," 1,730 "," 2,428 ", 4 , 19 ," 90,303 ", 100.0 
 서정동 ," 20,055 ","81,651 ","81,034 ", 99.2 , 5.5 ," 20,000 ","20,000 ","19,383 ", 78 ," 19,291 ", 14 ,, 1.5 , 13.0 ,"38,835 ","38,835 ",," 38,835 ", 1.5 , 42.0 ,"22,816 ","22,816 ",," 22,455 ",, 361 ," 3,155 "," 4,475 ", 2 , 39 ," 81,034 ", 100.0 
 송탄동 ," 25,000 ","74,574 ","73,933 ", 99.1 , 2.5 ," 25,000 ","25,000 ","24,359 ", 324 ," 20,700 "," 2,654 ", 681 , 3.0 ,,"25,907 ","25,907 ",," 25,907 ", 4.0 ,,"23,667 ","23,667 ", 277 ," 23,212 ", 46 , 132 ," 1,163 "," 1,691 ",, 14 ," 73,933 ", 100.0 
 지산동 ," 14,055 ","24,254 ","23,748 ", 97.9 , 4.3 ," 14,000 ","14,000 ","13,494 ",," 13,494 ",,, 4.0 , 13.0 ,"5,544 ","5,544 ",," 5,544 ", 4.0 , 42.0 ,"4,710 ","4,710 ",," 4,611 ",, 99 , 447 , 820 , 1 , 4 ," 23,748 ", 100.0 
 송북동 ," 25,055 ","54,346 ","54,169 ", 99.7 , 4.2 ," 25,000 ","25,000 ","24,823 ", 258 ," 24,518 ",, 47 , 3.5 , 13.0 ,"15,619 ","15,619 ",," 15,619 ", 3.5 , 42.0 ,"13,727 ","13,727 ", 420 ," 13,249 ",, 58 ," 1,001 "," 1,556 ", 2 , 9 ," 54,169 ", 100.0 
 신장1동 ," 16,055 ","24,013 ","23,866 ", 99.4 , 3.0 ," 16,000 ","16,000 ","15,853 ", 522 ," 14,197 ",," 1,134 ", 2.5 , 13.0 ,"5,195 ","5,195 ",," 5,195 ", 2.5 , 42.0 ,"2,818 ","2,818 ",," 2,818 ",,, 476 , 787 ,, 5 ," 23,866 ", 100.0 
 신장2동 ," 18,055 ","22,858 ","22,398 ", 98.0 , 3.0 ," 18,000 ","18,000 ","17,540 ",," 17,484 ",, 56 , 2.5 , 13.0 ,"3,436 ","3,436 ",," 3,436 ", 2.5 , 42.0 ,"1,422 ","1,422 ",," 1,422 ",,, 425 , 772 ,, 4 ," 22,398 ", 100.0 
 신평동 ," 29,235 ","56,191 ","55,949 ", 99.6 , 4.5 ," 29,000 ","29,000 ","28,758 ",," 28,162 ", 428 , 168 , 4.5 , 22.0 ,"10,632 ","10,632 ",," 10,632 ", 4.5 , 213.0 ,"16,559 ","16,559 ",," 15,986 ",, 573 ," 1,182 "," 1,784 ", -  , 15 ," 55,949 ", 100.0 
 원평동 ," 15,235 ","38,142 ","38,142 ", 100.0 , 4.5 ," 15,000 ","15,025 ","15,025 ", 2 ," 13,004 ", 991 ," 1,028 ", 4.0 , 22.0 ,"11,679 ","11,679 ", 357 ," 11,322 ", 4.0 , 213.0 ,"11,438 ","11,438 ", 12 ," 9,317 "," 1,989 ", 120 ," 1,139 "," 1,424 ", 4 , 6 ," 38,142 ", 100.0 
 통복동 ," 11,235 ","16,707 ","16,180 ", 96.8 , 2.5 ," 11,000 ","11,000 ","10,473 ",," 10,413 ",, 60 , 1.5 , 22.0 ,"3,939 ","3,939 ",," 3,939 ", 1.5 , 213.0 ,"1,768 ","1,768 ",," 1,768 ",,, 315 , 654 , 5 , -  ," 16,180 ", 100.0 
 비전1동 ," 22,025 ","55,518 ","54,955 ", 99.0 , 10.5 ," 22,000 ","22,000 ","21,437 ", 67 ," 18,993 "," 2,017 ", 360 , 5.0 ,,"17,762 ","17,762 ",," 17,762 ", 5.0 , 25.0 ,"15,756 ","15,756 ",," 14,718 "," 1,038 ",, 937 ," 1,774 ", -  , 10 ," 54,955 ", 100.0 
 비전2동 ," 21,235 ","74,131 ","73,549 ", 99.2 , 11.0 ," 21,000 ","21,000 ","20,418 ", 55 ," 20,102 ",, 261 , 6.0 , 22.0 ,"26,432 ","26,432 ",," 26,432 ", 6.0 , 213.0 ,"26,699 ","26,699 ", 950 ," 25,657 ",, 92 ," 1,208 "," 1,991 ", -  , 13 ," 73,549 ", 100.0 
 세교동 ," 16,235 ","54,428 ","54,256 ", 99.7 , 4.0 ," 16,000 ","16,000 ","15,828 ",," 15,721 ", 107 ,, 4.0 , 22.0 ,"16,539 ","16,539 ",," 16,539 ", 4.0 , 213.0 ,"21,889 ","21,889 ", 352 ," 17,840 "," 3,697 ",, 21 ," 1,697 ", 1 , 10 ," 54,256 ", 100.0 
동두천시," 493,529 ","493,529 ","339,957 ", 68.9 , 3.7 ," 185,635.0 ","185,635 ","182,935 "," 18,256 "," 152,118 "," 7,014 "," 5,547 ", 23.6 ," 221,212.0 ","221,212 ","127,695 "," 5,427 "," 122,268 ", 29.3 ," 86,682.0 ","86,682 ","29,327 "," 3,029 "," 26,133 ", 114 , 51 ," 6,857 "," 7,086 ", 21 , 28 ," 314,263 ", 92.4 
안산시," 1,674,940 ","1,674,940 ","1,634,945 ", 97.6 , -  , -  ,0 ,0 , - , - , - , - , 41.9 ," 768,928.0 ","768,928 ","730,722 ", - ," 730,722 ", 41.9 ," 906,012.0 ","906,012 ","904,223 "," 82,925 "," 821,298 ", - , - ," 24,661 "," 49,197 ", 127 , -  ," 1,634,945 ", 100.0 
 상록구 ," 810,027 ","810,027 ","794,441 ", 98.1 ,,,0 ,0 ,,,,, 15.8 ," 337,577.0 ","337,577 ","322,971 ",," 322,971 ", 15.8 ," 472,450.0 ","472,450 ","471,470 "," 42,386 "," 429,084 ",,," 12,925 "," 25,683 ", 48 ,," 794,441 ", 100.0 
 단원구 ," 864,913 ","864,913 ","840,504 ", 97.2 ,,,0 ,0 ,,,,, 26.1 ," 431,351.0 ","431,351 ","407,751 ",," 407,751 ", 26.1 ," 433,562.0 ","433,562 ","432,753 "," 40,539 "," 392,214 ",,," 11,736 "," 23,514 ", 79 ,," 840,504 ", 100.0 
고양시," 2,002,700 ","2,369,866 ","1,706,893 ", 72.0 , -  , -  ,"367,166 ","367,166 "," 37,082 "," 246,667 "," 20,994 "," 62,423 ", 67.2 ," 976,500.0 ","976,500 ","495,722 ", 200 ," 495,522 ", 67.2 ," 1,026,200.0 ","1,026,200 ","844,005 "," 129,572 "," 711,302 ", - ," 3,131 "," 34,563 "," 28,612 ", 153 , -  ," 1,577,420 ", 92.4 
 덕양구 ," 897,930 ","1,071,108 ","674,460 ", 63.0 ,,,"173,178 ","173,178 "," 18,141 "," 129,504 "," 11,878 "," 13,655 ", 29.3 ," 452,003.0 ","452,003 ","157,673 ", 33 ," 157,640 ", 29.3 ," 445,927.0 ","445,927 ","343,609 "," 40,802 "," 302,158 ",, 649 ," 14,143 "," 13,590 ", 129 ,," 618,090 ", 91.6 
 일산동구 ," 659,898 ","785,911 ","630,430 ", 80.2 ,,,"126,013 ","126,013 "," 11,591 "," 83,052 "," 4,855 "," 26,515 ", 22.9 ," 303,681.0 ","303,681 ","199,123 ",," 199,123 ", 22.9 ," 356,217.0 ","356,217 ","305,294 "," 54,671 "," 249,229 ",," 1,394 "," 12,898 "," 7,960 ", 24 ,," 578,780 ", 91.8 
 일산서구 ," 444,872 ","512,847 ","402,003 ", 78.4 ,,,"67,975 ","67,975 "," 7,350 "," 34,111 "," 4,261 "," 22,253 ", 15.0 ," 220,816.0 ","220,816 ","138,926 ", 167 ," 138,759 ", 15.0 ," 224,056.0 ","224,056 ","195,102 "," 34,099 "," 159,915 ",," 1,088 "," 7,522 "," 7,062 ", -  ,," 380,550 ", 94.7 
과천시," 208,027 ","212,691 ","207,702 ", 97.7 , -  , -  ,0 ,0 , - , - , - , - , 8.0 ," 81,362.0 ","85,298 ","80,309 ", 991 ," 79,318 ", 35.8 ," 126,665.0 ","127,393 ","127,393 "," 18,481 "," 108,912 ", - , - ," 5,105 ", -  , -  , -  ," 207,702 ", 100.0 
 중앙동 ," 38,723 ","40,848 ","40,848 ", 100.0 ,,,0 ,0 ,,,,, 1.3 ," 11,566.0 ","13,539 ","13,539 ",," 13,539 ", 7.0 ," 27,157.0 ","27,309 ","27,309 "," 3,384 "," 23,925 ",,," 1,008 ",,,," 40,848 ", 100.0 
 갈현동 ," 20,875 ","20,941 ","20,869 ", 99.7 ,,,0 ,0 ,,,,, 0.7 ," 9,028.0 ","9,028 ","8,956 ", 470 ," 8,486 ", 4.3 ," 11,847.0 ","11,913 ","11,913 "," 2,806 "," 9,107 ",,, 515 ,,,," 20,869 ", 100.0 
 별양동 ," 24,771 ","26,759 ","26,759 ", 100.0 ,,,0 ,0 ,,,,, 0.7 ," 10,879.0 ","12,767 ","12,767 ", 521 ," 12,246 ", 0.7 ," 13,892.0 ","13,992 ","13,992 "," 1,469 "," 12,523 ",,, 660 ,,,," 26,759 ", 100.0 
 부림동 ," 12,273 ","12,302 ","11,320 ", 92.0 ,,,0 ,0 ,,,,, 0.4 ," 7,042.0 ","7,042 ","6,060 ",," 6,060 ", 0.4 ," 5,231.0 ","5,260 ","5,260 ",          - ," 5,260 ",,, 280 ,,,," 11,320 ", 100.0 
 과천동 ," 74,739 ","74,981 ","71,046 ", 94.8 ,,,0 ,0 ,,,,, 2.5 ," 31,147.0 ","31,147 ","27,212 ",," 27,212 ", 10.8 ," 43,592.0 ","43,834 ","43,834 "," 6,257 "," 37,577 ",,," 1,717 ",,,," 71,046 ", 100.0 
 문원동 ," 36,646 ","36,860 ","36,860 ", 100.0 ,,,0 ,0 ,,,,, 2.5 ," 11,700.0 ","11,775 ","11,775 ",," 11,775 ", 12.7 ," 24,946.0 ","25,085 ","25,085 "," 4,565 "," 20,520 ",,, 925 ,,,," 36,860 ", 100.0 
구리시," 2,650 ","255,751 ","255,751 ", 100.0 ,,,"88,970 ","88,970 "," 9,831.0 "," 78,821.0 ", 147.0 , 171.0 ,,,"106,835 ","106,835 "," 3,833.0 "," 103,002.0 ",," 2,650.0 ","59,946 ","59,946 "," 10,558.0 "," 49,274.0 ", 114.0 ,," 5,593 "," 22,869 ", 10 ,," 242,922.0 ", 95.0 
남양주시," 1,405,615 ","1,405,835 ","1,303,176 ", 92.7 , 8.8 ," 95,189.0 ","95,189 ","95,189 "," 21,089.0 "," 74,099.7 ", -  , -  , 95.6 ," 811,972.9 ","811,973 ","709,314 ", -  ," 709,314.0 ", 70.9 ," 498,453.0 ","498,673 ","498,673 "," 13,983.0 "," 469,047.0 ", -  ," 15,643.0 "," 34,873 "," 13,752 ", 212 , -  ," 1,167,680.4 ", 89.6 
 6개동지역 ," 156,846 ","156,846 ","145,507 ", 92.8 , 1.9 ," 33,321 ","33,321 ","33,321 "," 8,165 "," 25,156 ",,, 13.3 ," 86,100.0 ","86,100 ","74,761 ",," 74,761 ", 12.7 ," 37,425.0 ","37,425 ","37,425 ",," 35,777 ",," 1,648 "," 6,142 "," 1,593 ", 40 , -  ," 145,507 ", 100.0 
 와부읍 ," 83,801 ","83,801 ","72,462 ", 86.5 , 2.1 ," 15,560 ","15,560 ","15,560 "," 2,296 "," 13,264 ",,, 6.0 ," 64,925.0 ","64,925 ","53,586 ",," 53,586 ", 4.4 ," 3,316.0 ","3,316 ","3,316 ",," 3,316 ",, - ," 3,426 ", 374 , 29 , -  ," 44,812 ", 61.8 
 진접읍 ," 152,071 ","152,071 ","136,197 ", 89.6 , 0.8 ," 6,120 ","6,120 ","6,120 "," 3,392 "," 2,728 ",,, 15.3 ," 121,575.0 ","121,575 ","105,701 ",," 105,701 ", 14.6 ," 24,376.0 ","24,376 ","24,376 ",," 23,232 ",," 1,144 "," 6,337 "," 1,991 ", 39 , -  ," 136,196 ", 100.0 
 진건읍 ," 135,834 ","135,834 ","126,763 ", 93.3 , 0.6 ," 4,057 ","4,057 ","4,057 "," 1,178 "," 2,879 ",,, 4.2 ," 63,601.0 ","63,601 ","54,530 ",," 54,530 ", 4.3 ," 68,176.0 ","68,176 ","68,176 ",," 68,176 ",, - ," 4,083 "," 1,220 ", 30 , -  ," 111,598 ", 88.0 
 오남읍 ," 110,000 ","110,000 ","103,197 ", 93.8 , 0.2 ," 2,461 ","2,461 ","2,461 ", - ," 2,461 ",,, 4.6 ," 42,211.0 ","42,211 ","35,408 ",," 35,408 ", 2.8 ," 65,328.0 ","65,328 ","65,328 ",," 65,328 ",, - , 909 , 822 , -  , -  ," 102,121 ", 99.0 
 퇴계원면 ," 42,073 ","42,073 ","40,939 ", 97.3 , 1.4 ," 17,628 ","17,628 ","17,628 "," 2,405 "," 15,223 ",,, 0.1 ," 21,439.9 ","21,440 ","20,306 ",," 20,306 ", 0.9 ," 3,005.0 ","3,005 ","3,005 ",," 3,005 ",, - , 582 , 68 , 14 , -  ," 33,496 ", 81.8 
 별내면 ," 105,140 ","105,140 ","94,935 ", 90.3 , 0.1 ," 12,856 ","12,856 ","12,856 "," 3,413 "," 9,443 ",,, 6.0 ," 77,659.0 ","77,659 ","67,454 ",," 67,454 ", 0.4 ," 14,625.0 ","14,625 ","14,625 ",," 14,253 ",, 372 ," 1,357 ", 630 , 10 , -  ," 94,935 ", 100.0 
" 별내동
(별내택지) "," 134,415 ","134,415 ","134,415 ", 100.0 , -  , - ,0 ,0 , - , - , - , - , 7.1 ," 50,200.0 ","50,200 ","50,200 ",," 50,200 ", 7.1 ," 84,215.0 ","84,215 ","84,215 "," 13,763 "," 60,032 ",," 10,420 "," 2,338 "," 4,350 ", -  ,," 134,415 ", 100.0 
 수동면 ," 96,971 ","96,971 ","84,499 ", 87.1 ,,,0 ,0 ,,,,, 12.4 ," 82,152.0 ","82,152 ","69,680 ",," 69,680 ", 7.7 ," 14,819.0 ","14,819 ","14,819 ",," 12,760 ",," 2,059 "," 2,239 ", 737 , 3 , -  ," 84,499 ", 100.0 
 화도읍 ," 297,444 ","297,444 ","274,766 ", 92.4 , 1.7 ," 3,186 ","3,186 ","3,186 ", 240 ," 2,946 ",,, 22.6 ," 119,506.0 ","119,506 ","96,828 ",," 96,828 ", 13.5 ," 174,752.0 ","174,752 ","174,752 ",," 174,752 ",, - ," 6,585 "," 1,967 ", 47 , -  ," 214,810 ", 78.2 
 조안면 ," 91,020 ","91,240 ","89,496 ", 98.1 ,,,0 ,0 ,,,,, 3.8 ," 82,604.0 ","82,604 ","80,860 ",," 80,860 ", 2.5 ," 8,416.0 ","8,636 ","8,636 ", 220 ," 8,416 ",, - , 875 , -  , -  , -  ," 65,292 ", 73.0 
오산시," 476,796 ","648,308 ","440,513 ", 67.9 , -  , -  ,"145,559 ","145,559 "," 17,557 "," 114,535 "," 3,202 "," 10,265 ", 21.4 ," 209,374.0 ","214,095 ","126,926 "," 6,879 "," 120,047 ", 21.4 ," 267,421.7 ","288,654 ","168,028 "," 18,205 "," 145,754 "," 4,069 ", - ," 10,900 "," 12,501 ", 25 , 178 ," 440,230 ", 99.9 
 중앙동 ," 59,002 ","82,960 ","40,144 ", 48.4 ,,,"23,958 ","23,958 "," 2,240 "," 21,396 ", 131 , 191 , 2.0 ," 27,994.5 ","27,995 ","5,285 ", 694 ," 4,591 ", 2.0 ," 31,007.6 ","31,008 ","10,901 "," 1,242 "," 9,659 ", - , - , 902 ," 1,650 ", -  , 5 ," 40,144 ", 100.0 
 대원동 ," 106,593 ","153,112 ","95,983 ", 62.7 ,,,"46,519 ","46,519 "," 7,176 "," 38,443 ", 255 , 645 , 3.9 ," 47,123.5 ","47,124 ","27,425 ", - ," 27,425 ", 3.9 ," 59,469.6 ","59,470 ","22,039 "," 2,001 "," 20,038 ", - , - ," 2,139 "," 2,978 ", -  , 29 ," 95,983 ", 100.0 
 남촌동 ," 120,116 ","137,337 ","69,969 ", 50.9 ,,,"17,221 ","17,221 "," 4,357 "," 12,430 ", - , 434 , 5.2 ," 48,380.3 ","48,380 ","22,442 "," 1,680 "," 20,762 ", 5.2 ," 71,735.9 ","71,736 ","30,306 "," 2,285 "," 26,151 "," 1,870 ", - ," 1,932 "," 2,589 ", 2 , 18 ," 69,969 ", 100.0 
 신장동 ," 54,977 ","91,690 ","91,690 ", 100.0 ,,,"10,999 ","10,999 ", 988 ," 7,329 ", - ," 2,682 ", 3.9 ," 23,940.4 ","28,422 ","28,422 ", - ," 28,422 ", 3.9 ," 31,036.9 ","52,269 ","52,269 "," 7,380 "," 43,214 "," 1,675 ", - ," 2,282 "," 1,566 ", 5 , 35 ," 91,690 ", 100.0 
 세마동 ," 91,323 ","106,079 ","86,516 ", 81.6 ,,,"14,756 ","14,756 ", 536 ," 8,696 ", - ," 5,524 ", 3.5 ," 47,120.0 ","47,120 ","28,297 ", - ," 28,297 ", 3.5 ," 44,202.6 ","44,203 ","43,463 "," 5,123 "," 37,816 ", 524 , - ," 2,435 "," 2,432 ", -  , 39 ," 86,516 ", 100.0 
 초평동 ," 44,784 ","77,130 ","56,211 ", 72.9 ,,,"32,106 ","32,106 "," 2,260 "," 26,241 "," 2,816 ", 789 , 2.8 ," 14,815.3 ","15,055 ","15,055 "," 4,505 "," 10,550 ", 2.8 ," 29,969.1 ","29,969 ","9,050 ", 174 ," 8,876 ", - , - ," 1,210 "," 1,286 ", 18 , 52 ," 55,928 ", 99.5 
시흥시," 969,800 ","969,800 ","969,800 ", 100.0 ,," 190,425 ","190,425 ","190,425 "," 10,005 "," 154,827 "," 9,968 "," 15,625 ", 54.7 ," 287,336.0 ","287,336 ","287,336 "," 4,253 "," 283,083 ", 54.7 ," 492,039.0 ","492,039 ","492,039 "," 34,748 "," 438,709 "," 1,108 "," 17,474 "," 15,143 "," 27,447 ", 62 , 581 ," 971,510 ", 100.2 
군포시," 243,284 ","350,504 ","342,980 ", 97.9 , -  ," 113,532.0 ","113,532 ","106,010 "," 10,138 "," 95,872 ", - , - , -  ,,"95,370 ","95,370 ", - ," 95,370 ", -  ," 129,752.0 ","141,602 ","141,600 "," 21,172 "," 119,839 ", 589 , - ," 6,206 "," 11,646 ", 61 , 137 ," 325,530 ", 94.9 
 군포1동 ," 81,122 ","84,517 ","84,517 ", 100.0 ,," 34,779 ","34,779 ","34,779 ", 609 ," 34,170 ",,,," 16,690.0 ","18,552 ","18,552 ",," 18,552 ",," 29,653.0 ","31,186 ","31,186 "," 2,938 "," 28,118 ", 130 ,," 1,652 "," 3,152 ", 14 , 39 ," 83,760 ", 99.1 
 군포2동 ," 47,781 ","65,191 ","62,191 ", 95.4 ,," 8,319 ","8,319 ","5,319 ", 315 ," 5,004 ",,,," 13,663.0 ","20,823 ","20,823 ",," 20,823 ",," 25,799.0 ","36,049 ","36,049 "," 4,072 "," 31,518 ", 459 ,," 1,039 "," 2,058 ",,," 54,843 ", 88.2 
 산본1동 ," 24,911 ","24,911 ","24,910 ", 100.0 ,," 18,307 ","18,307 ","18,307 "," 2,943 "," 15,364 ",,,," 2,603.0 ","2,603 ","2,603 ",," 2,603 ",," 4,001.0 ","4,001 ","4,000 ", 333 ," 3,667 ",,, 421 ," 1,051 ",,," 23,845 ", 95.7 
 산본2동 ," 19,439 ","19,439 ","19,439 ", 100.0 ,," 2,763 ","2,763 ","2,763 "," 2,119 ", 644 ,,,," 7,321.0 ","7,321 ","7,321 ",," 7,321 ",," 9,355.0 ","9,355 ","9,355 "," 1,875 "," 7,480 ",,, 361 , 609 , 31 ,," 18,573 ", 95.5 
 금정동 ," 45,087 ","45,087 ","45,087 ", 100.0 ,," 38,044 ","38,044 ","38,044 "," 3,339 "," 34,705 ",,,," 2,729.0 ","2,729 ","2,729 ",," 2,729 ",," 4,314.0 ","4,314 ","4,314 ", 471 ," 3,843 ",,, 702 ," 1,560 ", 16 , 39 ," 41,254 ", 91.5 
 재궁동 ," 19,391 ","19,391 ","19,391 ", 100.0 ,," 3,925 ","3,925 ","3,925 ", 8 ," 3,917 ",,,," 7,352.0 ","7,352 ","7,352 ",," 7,352 ",," 8,114.0 ","8,114 ","8,114 ", 837 ," 7,277 ",,, 409 , 675 ,,," 18,317 ", 94.5 
 오금동 ," 10,553 ","10,553 ","10,552 ", 100.0 ,, - ,0 ,0 ,,,,,," 4,340.0 ","4,340 ","4,340 ",," 4,340 ",," 6,213.0 ","6,213 ","6,212 "," 1,206 "," 5,006 ",,, 205 , 236 ,,," 10,030 ", 95.1 
 수리동 ," 11,421 ","11,421 ","11,421 ", 100.0 ,, 229 ,229 ,229 , 229 ,,,,," 4,512.0 ","4,512 ","4,512 ",," 4,512 ",," 6,680.0 ","6,680 ","6,680 "," 3,735 "," 2,945 ",,, 161 , 296 ,,," 11,156 ", 97.7 
 궁내동 ," 10,391 ","10,391 ","10,391 ", 100.0 ,, 375 ,375 ,375 , 375 ,,,,," 4,906.0 ","4,906 ","4,906 ",," 4,906 ",," 5,110.0 ","5,110 ","5,110 "," 1,223 "," 3,887 ",,, 173 , 224 ,,," 9,777 ", 94.1 
 광정동 ," 25,450 ","25,450 ","25,450 ", 100.0 ,, - ,0 ,0 ,,,,,," 12,143.0 ","12,143 ","12,143 ",," 12,143 ",," 13,307.0 ","13,307 ","13,307 "," 3,619 "," 9,688 ",,, 498 , 796 ,,," 24,344 ", 95.7 
 대야동 ," 32,971 ","34,153 ","29,631 ", 86.8 ,," 6,791 ","6,791 ","2,269 ", 201 ," 2,068 ",,,," 8,974.0 ","10,089 ","10,089 ",," 10,089 ",," 17,206.0 ","17,273 ","17,273 ", 863 ," 16,410 ",,, 585 , 989 ,, 59 ," 29,631 ", 100.0 
의왕시," 336,444 ","401,895 ","300,612 ", 74.8 , 2.3 ," 67,675.0 ","67,675 ","67,560 "," 16,543 "," 49,375 "," 1,073 ", 569 , 19.6 ," 206,475 ","207,704 ","106,536 ", - ," 106,536 ", 53.9 ," 62,294.0 ","126,516 ","126,516 "," 21,032 "," 89,570 "," 8,334 "," 7,580 "," 8,968 "," 8,807 ", 69 , 58 ," 300,612 ", 100.0 
 고천동 ," 71,629 ","71,629 ","48,012 ", 67.0 , 0.2 ," 10,565 ","10,565 ","10,565 "," 1,150 "," 9,149 ", 210 , 56 , 3.2 ," 38,748.0 ","38,748 ","15,131 ", - ," 15,131 ", 8.6 ," 22,316.0 ","22,316 ","22,316 "," 3,398 "," 16,025 "," 1,295 "," 1,598 "," 1,126 ", 823 , 6 , 6 ," 48,012 ", 100.0 
 부곡동 ," 77,873 ","101,147 ","85,983 ", 85.0 , 0.8 ," 21,423 ","21,423 ","21,359 "," 4,442 "," 16,778 ", 95 , 44 , 5.5 ," 45,463.0 ","45,463 ","30,363 ", - ," 30,363 ", 11.3 ," 10,987.0 ","34,261 ","34,261 "," 8,307 "," 19,240 "," 3,777 "," 2,937 "," 2,265 "," 2,509 ", 18 , 10 ," 85,983 ", 100.0 
 오전동 ," 43,641 ","59,922 ","44,628 ", 74.5 , 0.7 ," 10,450 ","10,450 ","10,444 "," 4,020 "," 6,074 ", 250 , 100 , 2.9 ," 30,118.0 ","30,118 ","14,830 ", - ," 14,830 ", 7.0 ," 3,073.0 ","19,354 ","19,354 "," 3,605 "," 14,359 ", 670 , 720 ," 1,795 "," 1,676 ", 12 , 11 ," 44,628 ", 100.0 
 내손1동 ," 48,753 ","48,775 ","25,185 ", 51.6 , 0.2 ," 11,480 ","11,480 ","11,480 "," 3,568 "," 7,355 ", 254 , 303 , 1.1 ," 29,238.0 ","29,238 ","5,648 ", - ," 5,648 ", 1.8 ," 8,035.0 ","8,057 ","8,057 "," 1,938 "," 5,243 ", 351 , 525 , 968 ," 1,106 ", 3 , 5 ," 25,185 ", 100.0 
 내손2동 ," 50,527 ","50,845 ","27,227 ", 53.5 , 0.3 ," 11,688 ","11,688 ","11,643 "," 2,854 "," 8,659 ", 105 , 25 , 1.0 ," 30,022.0 ","30,022 ","6,449 ", - ," 6,449 ", 1.7 ," 8,817.0 ","9,135 ","9,135 "," 1,982 "," 6,177 ", 501 , 475 ," 1,186 "," 1,298 ", 7 , 6 ," 27,227 ", 100.0 
 청계동 ," 44,021 ","69,577 ","69,577 ", 100.0 , 0.1 ," 2,069 ","2,069 ","2,069 ", 509 ," 1,360 ", 159 , 41 , 5.9 ," 32,886.0 ","34,115 ","34,115 ", - ," 34,115 ", 23.5 ," 9,066.0 ","33,393 ","33,393 "," 1,802 "," 28,526 "," 1,740 "," 1,325 "," 1,628 "," 1,395 ", 23 , 20 ," 69,577 ", 100.0 
하남시," 392,449 ","392,462 ","327,311 ", 83.4 ,," 98,847 ","98,847 ","94,096 "," 5,098 "," 83,703 "," 2,910 "," 2,385 ",," 278,197.0 ","278,197 ","217,797 ",," 217,797 ",," 15,405.0 ","15,418 ","15,418 ",," 14,477 ",, 941 ," 6,908 "," 2,357 ", 20 ,," 321,617 ", 98.3 
용인시," 2,300,111 ","2,325,197 ","1,979,553 ", 85.1 , -  ," 130,039.0 ","130,039 ","127,138 ", - ," 127,138 ", - , - , 91.0 ," 1,081,993.0 ","1,107,079 ","871,916 ", - ," 871,916 ", 159.0 ," 1,088,079.0 ","1,088,079 ","980,499 "," 103,464 "," 711,790 "," 15,097 "," 150,148 "," 226,630 "," 62,842 ", 85 , -  ," 1,897,619 ", 95.9 
 처인구 ," 1,391,014 ","1,391,014 ","1,096,811 ", 78.8 ,," 100,378 ","100,378 ","98,115 ",," 98,115 ",,, 38.0 ," 648,704.0 ","648,704 ","413,541 ",," 413,541 ", 90.0 ," 641,932.0 ","641,932 ","585,155 "," 53,641 "," 412,977 "," 6,532 "," 112,005 "," 49,918 "," 30,565 ", 66 ,," 1,041,302 ", 94.9 
 기흥구 ," 449,708 ","468,154 ","421,631 ", 90.1 ,," 13,375 ","13,375 ","13,159 ",," 13,159 ",,, 31.0 ," 203,734.0 ","222,180 ","222,180 ",," 222,180 ", 38.0 ," 232,599.0 ","232,599 ","186,292 "," 31,869 "," 127,146 "," 4,508 "," 22,769 "," 29,803 "," 16,622 ", 19 ,," 399,154 ", 94.7 
 수지구 ," 459,389 ","466,029 ","461,111 ", 98.9 ,," 16,286 ","16,286 ","15,864 ",," 15,864 ",,, 22.0 ," 229,555.0 ","236,195 ","236,195 ",," 236,195 ", 31.0 ," 213,548.0 ","213,548 ","209,052 "," 17,954 "," 171,667 "," 4,057 "," 15,374 "," 146,909 "," 15,655 ",,," 457,163 ", 99.1 
파주시," 1,680,119 ","1,710,069 ","1,204,430 ", 70.4 , 97.9 ," 259,722.0 ","259,722 ","225,473 "," 33,658 "," 130,855 "," 8,727 "," 52,233 ", 97.9 ," 898,658.0 ","898,658 ","446,092 "," 1,704 "," 444,388 ", 97.9 ," 521,739.0 ","551,689 ","532,865 "," 135,230 "," 382,625 "," 1,935 "," 13,075 "," 21,729 "," 32,726 ", 11 , -  ," 794,971 ", 66.0 
 금촌동 ," 234,010 ","234,010 ","206,246 ", 88.1 , 7.4 ," 37,836 ","37,836 ","37,836 "," 3,771 "," 22,316 ", 744 ," 11,005 ", 7.4 ," 100,814.0 ","100,814 ","73,050 ",," 73,050 ", 7.4 ," 95,360.0 ","95,360 ","95,360 "," 8,132 "," 86,454 ", 18 , 756 ," 3,761 "," 9,687 ", 3 ,," 161,149 ", 78.1 
 교하동 ," 215,047 ","215,047 ","134,831 ", 62.7 , 14.5 ," 25,873 ","25,873 ","25,873 "," 2,388 "," 17,576 ", 349 ," 5,560 ", 14.5 ," 104,989.0 ","104,989 ","43,027 ",," 43,027 ", 14.5 ," 84,185.0 ","84,185 ","65,931 "," 6,013 "," 55,867 "," 1,279 "," 2,772 "," 1,462 "," 1,347 ",,," 134,831 ", 100.0 
 문산읍 ," 133,259 ","133,259 ","88,252 ", 66.2 , 9.9 , - ,0 ,0 , - , - , - , - , 9.9 ," 88,759.0 ","88,759 ","43,752 ",," 43,752 ", 9.9 ," 44,500.0 ","44,500 ","44,500 "," 15,076 "," 29,424 ", - , - ," 1,433 "," 1,756 ", 4 ,," 54,942 ", 62.3 
 파주읍 ," 139,176 ","139,176 ","118,095 ", 84.9 , 11.9 ," 30,310 ","30,310 ","30,310 "," 2,930 "," 16,081 ", 69 ," 11,230 ", 11.9 ," 68,206.0 ","68,206 ","47,660 ",," 47,660 ", 11.9 ," 40,660.0 ","40,660 ","40,125 "," 17,915 "," 22,210 ", - , - ," 1,702 "," 3,306 ", 2 ,," 80,572 ", 68.2 
 법원읍 ," 81,247 ","81,247 ","57,942 ", 71.3 , 4.3 ," 4,508 ","4,508 ","4,508 ", 95 ," 2,623 ", 697 ," 1,093 ", 4.3 ," 48,189.0 ","48,189 ","24,884 ",," 24,884 ", 4.3 ," 28,550.0 ","28,550 ","28,550 "," 15,403 "," 12,904 ", 225 , 18 ," 1,104 "," 2,319 ", 2 ,," 41,029 ", 70.8 
 조리읍 ," 84,459 ","84,459 ","44,259 ", 52.4 , 6.8 , - ,0 ,0 , - , - , - , - , 6.8 ," 59,489.0 ","59,489 ","19,289 ",," 19,289 ", 6.8 ," 24,970.0 ","24,970 ","24,970 "," 9,171 "," 14,171 ", 106 ," 1,522 ", 728 ," 1,332 ",,," 44,259 ", 100.0 
 월롱면 ," 73,164 ","73,164 ","57,434 ", 78.5 , 3.0 ," 13,212 ","13,212 ","13,212 "," 2,001 "," 7,660 "," 1,270 "," 2,281 ", 3.0 ," 36,525.0 ","36,525 ","20,830 ",," 20,830 ", 3.0 ," 23,427.0 ","23,427 ","23,392 "," 9,712 "," 13,680 ", - , - , 639 ," 1,304 ",,," 37,430 ", 65.2 
 탄현면 ," 203,215 ","233,165 ","171,746 ", 73.7 , 10.4 ," 55,933 ","55,933 ","21,684 "," 1,307 "," 9,382 "," 4,757 "," 6,238 ", 10.4 ," 95,139.0 ","95,139 ","67,969 ",," 67,969 ", 10.4 ," 52,143.0 ","82,093 ","82,093 "," 22,027 "," 54,998 ", 307 ," 4,761 "," 4,643 "," 3,737 ",,," 159,603 ", 92.9 
 광탄면 ," 105,136 ","105,136 ","31,086 ", 29.6 , 6.9 ," 6,817 ","6,817 ","6,817 ", 803 ," 2,149 ", 297 ," 3,568 ", 6.9 ," 86,342.0 ","86,342 ","12,292 ",," 12,292 ", 6.9 ," 11,977.0 ","11,977 ","11,977 "," 5,631 "," 6,346 ", - , 0 , 566 ," 1,122 ",,," 26,381 ", 84.9 
 파평면 ," 77,281 ","77,281 ","34,270 ", 44.3 , 2.5 ," 34,270 ","34,270 ","34,270 "," 15,181 "," 16,394 ", 5 ," 2,690 ", 2.5 ," 43,011.0 ","43,011 ",0 ,, - , 2.5 , - ,0 ,0 , - , - , - , - ," 1,083 ", 883 ,,," 19,745 ", 57.6 
 적성면 ," 67,109 ","67,109 ","35,484 ", 52.9 , 4.7 ," 7,044 ","7,044 ","7,044 "," 2,677 "," 1,754 ", 539 ," 2,074 ", 4.7 ," 50,040.0 ","50,040 ","18,415 ",," 18,415 ", 4.7 ," 10,025.0 ","10,025 ","10,025 "," 2,825 "," 3,954 ", - ," 3,246 ", 498 ," 1,089 ",,," 35,030 ", 98.7 
 운정동 ," 261,771 ","261,771 ","224,315 ", 85.7 , 15.0 ," 43,919 ","43,919 ","43,919 "," 2,505 "," 34,920 ", - ," 6,494 ", 15.0 ," 111,910.0 ","111,910 ","74,454 "," 1,704 "," 72,750 ", 15.0 ," 105,942.0 ","105,942 ","105,942 "," 23,325 "," 82,617 ", - , - ," 3,468 "," 4,102 ",,,, -  
 군내면 ," 4,775 ","4,775 ",0 , -  , 0.5 , - ,0 ,0 , - , - , - , - , 0.5 ," 4,775.0 ","4,775 ",0 ,, - , 0.5 , - ,0 ,0 , - , - , - , - , 633 , 742 ,,,, -  
 진동면 , 470 ,470 ,470 , 100.0 , 0.1 , - ,0 ,0 , - , - , - , - , 0.1 , 470.0 ,470 ,470 ,, 470 , 0.1 , - ,0 ,0 , - , - , - , - , 9 ,,,,, -  
이천시," 806,200 ","888,399 ","821,942 ", 92.5 , 345.2 ," 375,921.0 ","389,206 ","386,198 "," 20,382 "," 287,915 "," 53,396 "," 24,505 ", 118.7 ," 392,841.0 ","452,423 ","389,690 ", - ," 389,690 ", 8.9 ," 37,438.0 ","46,770 ","46,054 "," 3,451 "," 38,729 ", 500 ," 3,374 "," 27,907 "," 20,758 ", 18 , -  ," 821,942 ", 100.0 
 창전동 ," 50,428 ","50,428 ","50,428 ", 100.0 , 6.0 ," 37,875 ","37,875 ","37,875 "," 1,972 "," 35,170 ", 18 , 715 , 2.1 ," 8,455.0 ","8,455 ","8,455 ", - ," 8,455 ", 1.0 ," 4,098.0 ","4,098 ","4,098 ", 445 ," 3,653 ", - , - ," 1,110 "," 3,206 ", 1 , -  ," 50,428 ", 100.0 
 증포동 ," 73,147 ","73,147 ","73,147 ", 100.0 , 8.7 ," 54,924 ","54,924 ","54,924 "," 2,860 "," 51,001 ", 26 ," 1,037 ", 3.1 ," 12,281.0 ","12,281 ","12,281 ", - ," 12,281 ", 1.5 ," 5,942.0 ","5,942 ","5,942 ", 645 ," 5,297 ", - , - ," 1,725 "," 1,792 ", -  , -  ," 73,147 ", 100.0 
 중리동 ," 83,587 ","83,587 ","83,587 ", 100.0 , 9.9 ," 62,730 ","62,730 ","62,730 "," 3,267 "," 58,248 ", 30 ," 1,185 ", 3.5 ," 14,070.0 ","14,070 ","14,070 ", - ," 14,070 ", 1.7 ," 6,787.0 ","6,787 ","6,787 ", 737 ," 6,050 ", - , - ," 2,338 "," 3,346 ", -  , -  ," 83,587 ", 100.0 
 관고동 ," 41,617 ","41,617 ","41,617 ", 100.0 , 4.9 ," 31,257 ","31,257 ","31,257 "," 1,628 "," 29,024 ", 15 , 590 , 1.7 ," 6,978.0 ","6,978 ","6,978 ", - ," 6,978 ", 0.8 ," 3,382.0 ","3,382 ","3,382 ", 367 ," 3,015 ", - , - ," 1,098 "," 1,608 ", -  , -  ," 41,617 ", 100.0 
 장호원읍 ," 122,622 ","122,622 ","122,430 ", 99.8 , 48.3 ," 47,855 ","47,855 ","47,855 "," 2,405 "," 31,001 "," 1,161 "," 13,288 ", 12.0 ," 68,881.0 ","68,881 ","68,881 ", - ," 68,881 ", 1.4 ," 5,886.0 ","5,886 ","5,694 ", 750 ," 1,570 ", - ," 3,374 "," 3,143 "," 1,694 ", 16 , -  ," 122,430 ", 100.0 
 부발읍 ," 71,313 ","80,953 ","58,949 ", 72.8 , 29.7 ," 1,087 ","10,286 ","10,286 ", 183 ," 9,734 ", 130 , 239 , 12.2 ," 67,584.0 ","67,584 ","45,580 ", - ," 45,580 ", 0.6 ," 2,642.0 ","3,083 ","3,083 ", 307 ," 2,776 ", - , - ," 2,673 "," 2,380 ", -  , -  ," 58,949 ", 100.0 
 신둔면 ," 32,618 ","60,770 ","60,770 ", 100.0 , 0.7 ," 18,421 ","18,421 ","18,421 "," 4,219 "," 11,097 "," 3,040 ", 65 , 35.8 ," 13,946.0 ","41,373 ","41,373 ", - ," 41,373 ", 0.1 , 251.0 ,976 ,976 , 200 , 776 , - , - ," 3,162 "," 1,309 ", 1 , -  ," 60,770 ", 100.0 
 백사면 ," 62,644 ","62,644 ","48,347 ", 77.2 , 28.7 ," 18,246 ","18,246 ","18,246 ", 788 ," 14,381 "," 2,520 ", 557 , 3.9 ," 42,456.0 ","42,456 ","28,683 ", - ," 28,683 ", 0.5 ," 1,942.0 ","1,942 ","1,418 ", - ," 1,418 ", - , - ," 2,241 "," 1,030 ", -  , -  ," 48,347 ", 100.0 
 호법면 ," 48,137 ","48,913 ","31,409 ", 64.2 , 33.0 ," 12,547 ","12,547 ","12,539 ", 134 , 940 ," 11,387 ", 78 , 4.2 ," 35,078.0 ","35,078 ","17,582 ", - ," 17,582 ", 0.0 , 512.0 ,"1,288 ","1,288 ", - ," 1,288 ", - , - ," 2,151 "," 1,229 ", -  , -  ," 31,409 ", 100.0 
 마장면 ," 48,377 ","74,379 ","71,379 ", 96.0 , 20.4 ," 22,151 ","22,151 ","19,151 ", 189 ," 7,760 "," 11,014 ", 188 , 11.5 ," 25,911.0 ","51,137 ","51,137 ", - ," 51,137 ", 0.0 , 315.0 ,"1,091 ","1,091 ", - ," 1,091 ", - , - ," 2,798 "," 1,352 ", -  , -  ," 71,379 ", 100.0 
 대월면 ," 36,162 ","43,525 ","43,525 ", 100.0 , 44.1 ," 19,939 ","19,939 ","19,939 ", 421 ," 12,727 "," 5,504 "," 1,287 ", 7.2 ," 15,754.0 ","22,683 ","22,683 ", - ," 22,683 ", 0.1 , 469.0 ,903 ,903 , - , 903 , - , - ," 1,311 ", 674 , -  , -  ," 43,525 ", 100.0 
 모가면 ," 27,641 ","31,631 ","22,171 ", 70.1 , 31.1 ," 4,841 ","8,537 ","8,537 ", 299 ," 5,291 "," 2,358 ", 589 , 9.8 ," 20,743.0 ","20,743 ","11,283 ", - ," 11,283 ", 0.5 ," 2,057.0 ","2,351 ","2,351 ", - ," 1,851 ", 500 , - ," 1,335 ", 385 , -  , -  ," 22,171 ", 100.0 
 설성면 ," 52,960 ","57,860 ","57,860 ", 100.0 , 45.5 ," 27,405 ","27,405 ","27,405 ", 837 ," 9,586 "," 14,560 "," 2,422 ", 6.2 ," 24,641.0 ","24,641 ","24,641 ", - ," 24,641 ", 0.2 , 914.0 ,"5,814 ","5,814 ", - ," 5,814 ", - , - ," 1,446 ", 478 , -  , -  ," 57,860 ", 100.0 
 율면 ," 54,947 ","56,323 ","56,323 ", 100.0 , 34.2 ," 16,643 ","17,033 ","17,033 "," 1,180 "," 11,955 "," 1,633 "," 2,265 ", 5.5 ," 36,063.0 ","36,063 ","36,063 ", - ," 36,063 ", 0.5 ," 2,241.0 ","3,227 ","3,227 ", - ," 3,227 ", - , - ," 1,376 ", 275 , -  , -  ," 56,323 ", 100.0 
안성시," 983,252 ","1,018,069 ","644,973 ", 63.4 , 1.3 ," 224,361.8 ","234,903 ","234,903 "," 20,952 "," 140,864 "," 25,248 "," 47,839 ", 31.8 ," 448,890.0 ","473,166 ","375,341 ", - ," 375,341 ", 31.8 ," 310,000.0 ","310,000 ","34,729 "," 5,085 "," 28,576 ", 918 , 150 ," 9,228 "," 12,793 ", 16 , -  ," 570,328 ", 88.4 
 공도읍 ," 127,273 ","127,273 ","102,386 ", 80.4 , -  ," 27,873 ","27,873 ","27,873 ", 359 ," 16,425 "," 6,665 "," 4,424 ", 5.1 ," 81,400.0 ","81,400 ","73,620 ", - ," 73,620 ", 5.1 ," 18,000.0 ","18,000 ",893 , 48 , 845 , - , - ," 1,615 "," 1,834 ", 3 ,," 101,554 ", 99.2 
 보개면 ," 47,847 ","47,847 ","20,835 ", 43.5 , -  ," 9,957 ","9,957 ","9,957 "," 1,487 "," 4,570 "," 1,243 "," 2,657 ", 1.9 ," 21,170.0 ","21,170 ","10,878 ", - ," 10,878 ", 1.9 ," 16,720.0 ","16,720 ",0 , - , - , - , - , 111 , 393 , -  ,," 20,835 ", 100.0 
 금광면 ," 25,942 ","25,942 ","9,448 ", 36.4 , -  ," 8,312 ","8,312 ","8,312 ", 497 ," 6,091 ", 970 , 753 , 0.7 ," 9,850.0 ","9,850 ","1,136 ", - ," 1,136 ", 0.7 ," 7,780.0 ","7,780 ",0 , - , - , - , - , 199 , 207 , -  ,," 9,448 ", 100.0 
 서운면 ," 5,280 ","24,816 ","24,816 ", 100.0 , 0.5 ," 5,280 ","15,188 ","15,188 "," 2,335 "," 11,808 ", 531 , 515 , - , - ,"9,628 ","9,628 ", - ," 9,628 ", - ,,0 ,0 , - , - , - , - , 59 , 263 , -  ,," 11,501 ", 46.3 
 미양면 ," 50,319 ","50,319 ","23,256 ", 46.2 , -  ," 9,039 ","9,039 ","9,039 "," 1,680 "," 4,946 "," 1,340 "," 1,072 ", 1.4 ," 21,740.0 ","21,740 ","12,138 ", - ," 12,138 ", 1.4 ," 19,540.0 ","19,540 ","2,079 ", 97 ," 1,982 ", - , - , 293 , 389 ,,," 23,256 ", 100.0 
 대덕면 ," 93,335 ","93,744 ","53,294 ", 56.9 , -  ," 22,675 ","23,084 ","23,084 "," 1,062 "," 19,167 "," 1,432 "," 1,424 ", 0.9 ," 39,480.0 ","39,480 ","22,214 ", - ," 22,214 ", 0.9 ," 31,180.0 ","31,180 ","7,996 "," 1,231 "," 5,937 ", 827 , - , 520 ," 1,042 ",,," 50,151 ", 94.1 
 양성면 ," 27,024 ","27,293 ","16,893 ", 61.9 , 0.5 ," 9,414 ","9,414 ","9,414 ", 600 ," 5,309 "," 2,166 "," 1,339 ", - ," 7,210.0 ","7,479 ","7,479 ", - ," 7,479 ", - ," 10,400.0 ","10,400 ",0 , - , - , - , - , 185 , 207 ,,," 16,893 ", 100.0 
 원곡면 ," 43,126 ","50,646 ","38,971 ", 76.9 , -  ," 9,326 ","9,326 ","9,326 ", 550 ," 4,510 "," 2,065 "," 2,201 ", 2.1 ," 16,300.0 ","23,820 ","23,820 ", - ," 23,820 ", 2.1 ," 17,500.0 ","17,500 ","5,825 "," 1,638 "," 4,187 ", - , - , 570 , 647 , -  ,," 30,948 ", 79.4 
 일죽면 ," 119,242 ","119,242 ","74,732 ", 62.7 , -  ," 19,042 ","19,042 ","19,042 ", 501 ," 13,214 "," 1,664 "," 3,663 ", 4.4 ," 62,200.0 ","62,200 ","54,571 ", - ," 54,571 ", 4.4 ," 38,000.0 ","38,000 ","1,119 ", - ," 1,119 ", - , - ," 1,930 "," 1,650 ",,," 55,666 ", 74.5 
 죽산면 ," 102,791 ","102,791 ","53,847 ", 52.4 , -  ," 21,371 ","21,371 ","21,371 "," 1,616 "," 13,562 "," 2,240 "," 3,953 ", 4.2 ," 43,680.0 ","43,680 ","31,741 ", - ," 31,741 ", 4.2 ," 37,740.0 ","37,740 ",735 , 60 , 675 , - , - ," 1,246 "," 1,191 ", 2 ,," 47,670 ", 88.5 
 삼죽면 ," 25,082 ","25,082 ","16,783 ", 66.9 , -  ," 7,502 ","7,502 ","7,502 ", 581 ," 5,354 "," 1,416 ", 151 , 0.9 ," 10,920.0 ","10,920 ","9,281 ", - ," 9,281 ", 0.9 ," 6,660.0 ","6,660 ",0 , - , - , - , - , 513 , 359 , -  ,," 13,531 ", 80.6 
 고삼면 ," 5,813 ","5,813 ","5,813 ", 100.0 , 0.2 ," 5,813 ","5,813 ","5,813 ", 20 ," 2,641 "," 2,968 ", 185 , - , - ,0 ,0 , - , - , - ,,0 ,0 , - , - , - , - , 104 , 3 , -  ,," 4,935 ", 84.9 
 안성1동 ," 120,088 ","120,312 ","59,651 ", 49.6 , 0.0 ," 23,518 ","23,742 ","23,742 "," 3,263 "," 11,537 ", 188 ," 8,754 ", 4.1 ," 53,980.0 ","53,980 ","31,016 ", - ," 31,016 ", 4.1 ," 42,590.0 ","42,590 ","4,893 ", 432 ," 4,379 ", 31 , 51 , 565 ," 1,908 ", 3 ,," 56,605 ", 94.9 
 안성2동 ," 80,499 ","82,475 ","61,824 ", 75.0 , 0.0 ," 20,149 ","20,149 ","20,149 "," 2,919 "," 9,652 ", 159 ," 7,418 ", 2.5 ," 33,730.0 ","35,707 ","35,707 ", - ," 35,707 ", 2.5 ," 26,620.0 ","26,620 ","5,968 "," 1,119 "," 4,778 ", 27 , 44 , 571 ," 1,165 ", 2 ,," 51,067 ", 82.6 
 안성3동 ," 109,592 ","114,474 ","82,426 ", 72.0 , 0.0 ," 25,092 ","25,092 ","25,092 "," 3,482 "," 12,079 ", 200 ," 9,330 ", 3.6 ," 47,230.0 ","52,112 ","52,112 ", - ," 52,112 ", 3.6 ," 37,270.0 ","37,270 ","5,222 ", 461 ," 4,673 ", 33 , 55 , 747 ," 1,535 ", 6 ,," 76,269 ", 92.5 
김포시," 998,367 ","1,040,338 ","626,275 ", 60.2 , -  ," 220,324.0 ","220,324 ","219,699 "," 20,294.0 "," 138,806.0 "," 14,835.0 "," 45,764.0 ", 52.7 ," 453,655.7 ","495,537 ","245,272 "," 1,727.0 "," 243,545.3 ", 43.4 ," 324,387.0 ","324,477 ","161,304 "," 8,452.0 "," 133,690.0 "," 3,807.0 "," 15,355.0 "," 11,573 "," 22,165 ", 138 , -  ," 518,710.0 ", 82.8 
 동지역 ," 300,567 ","300,657 ","238,353 ", 79.3 ,," 63,291 ","63,291 ","62,666 "," 10,266 "," 42,792 "," 5,752 "," 3,856 ", 22.1 ," 156,085.0 ","156,085 ","94,406 "," 1,649 "," 92,757 ", 14.1 ," 81,191.0 ","81,281 ","81,281 "," 3,624 "," 63,286 "," 1,437 "," 12,934 "," 3,758 "," 9,498 ", 48 , -  ," 212,775 ", 89.3 
 통진읍 ," 139,217 ","177,969 ","175,082 ", 98.4 ,," 44,856 ","44,856 ","44,856 "," 3,643 "," 26,347 "," 1,924 "," 12,942 ", 8.6 ," 51,364.0 ","90,116 ","90,116 ", - ," 90,116 ", 8.0 ," 42,997.0 ","42,997 ","40,110 "," 3,826 "," 33,347 "," 2,079 ", 858 ," 3,399 "," 4,873 ", 20 , -  ," 125,002 ", 71.4 
 고촌읍 ," 102,340 ","102,340 ","58,550 ", 57.2 ,," 30,583 ","30,583 ","30,583 "," 1,812 "," 14,166 "," 3,877 "," 10,728 ", 5.1 ," 38,692.0 ","38,692 ","12,363 ", 78 ," 12,285 ", 1.4 ," 33,065.0 ","33,065 ","15,604 ", 463 ," 14,850 ", 291 , - ," 1,008 "," 2,199 ", 15 , -  ," 54,873 ", 93.7 
 양촌읍 ," 191,053 ","191,053 ","72,430 ", 37.9 ,," 22,850 ","22,850 ","22,850 "," 1,553 "," 16,830 ", 8 ," 4,459 ", 5.8 ," 91,815.0 ","91,815 ","27,229 ", - ," 27,229 ", 11.9 ," 76,388.0 ","76,388 ","22,351 ", 429 ," 20,359 ", - ," 1,563 "," 1,855 "," 3,198 ", 19 , -  ," 60,436 ", 83.4 
 대곶면 ," 143,778 ","143,778 ","33,656 ", 23.4 ,," 31,583 ","31,583 ","31,583 "," 2,091 "," 24,302 "," 3,116 "," 2,074 ", 5.9 ," 63,255.0 ","63,255 ","1,248 ", - ," 1,248 ", 3.9 ," 48,940.0 ","48,940 ",825 , - , 825 , - , - , 633 ," 1,104 ", 4 , -  ," 31,798 ", 94.5 
 월곶면 ," 27,309 ","30,438 ","21,628 ", 71.1 ,," 10,028 ","10,028 ","10,028 ", 578 ," 6,543 ", 4 ," 2,903 ", 1.7 ," 7,969.7 ","11,099 ","11,099 ", - ," 11,099 ", 1.6 ," 9,311.0 ","9,311 ",501 , 103 , 398 , - , - , 426 , 868 , 15 , -  ," 10,529 ", 48.7 
 하성면 ," 94,103 ","94,103 ","26,576 ", 28.2 ,," 17,133 ","17,133 ","17,133 ", 351 ," 7,826 ", 154 ," 8,802 ", 3.5 ," 44,475.0 ","44,475 ","8,811 ", - ," 8,811 ", 2.5 ," 32,495.0 ","32,495 ",632 , 7 , 625 , - , - , 494 , 425 , 17 , -  ," 23,297 ", 87.7 
화성시," 1,443,788 ","1,519,367 ","970,617 ", 63.9 , -  ," 145,407.0 ","145,407 ","145,407 "," 4,248.0 "," 111,404.0 "," 5,436.0 "," 24,319.0 ", 89.8 ," 851,701.0 ","898,555 ","483,782 ", -  ," 483,781.6 ", 80.8 ," 446,680.0 ","475,405 ","341,428 "," 24,608.0 "," 316,820.0 ", -  , -  ," 22,386 "," 13,635 ", -  , -  ," 424,597.0 ", 43.7 
 봉담읍 ," 152,520 ","152,520 ","129,327 ", 84.8 ,," 2,199 ","2,199 ","2,199 ", - , - , 71 ," 2,128 ", 6.1 ," 76,225.0 ","76,225 ","62,871 ", - ," 62,871 ", 6.1 ," 74,096.0 ","74,096 ","64,257 "," 5,225 "," 59,032 ", - , - ," 2,965 "," 2,752 ", -  , -  ," 77,574 ", 60.0 
 우정읍 ," 102,908 ","102,908 ","29,443 ", 28.6 ,, 935 ,935 ,935 , 7 , 278 , 166 , 484 , 6.9 ," 60,449.0 ","60,449 ","15,442 ", - ," 15,442 ", 6.9 ," 41,524.0 ","41,524 ","13,066 ", 706 ," 12,360 ", - , - ," 1,032 ", 249 , -  , -  ," 26,113 ", 88.7 
 향남읍 ," 146,981 ","146,981 ","48,435 ", 33.0 ,," 6,621 ","6,621 ","6,621 ", 351 ," 4,635 ", 166 ," 1,469 ", 16.5 ," 103,818.0 ","103,818 ","25,690 ", - ," 25,690 ", 16.5 ," 36,542.0 ","36,542 ","16,124 "," 1,002 "," 15,122 ", - , - ," 1,304 ", 517 , -  , -  ," 19,026 ", 39.3 
 매송면 ," 68,865 ","68,865 ","14,245 ", 20.7 ,," 4,850 ","4,850 ","4,850 ", 63 ," 3,017 ", 301 ," 1,469 ", 3.2 ," 34,937.0 ","34,937 ","4,450 ", - ," 4,450 ", 3.2 ," 29,078.0 ","29,078 ","4,945 ", 495 ," 4,450 ", - , - , 97 , 139 , -  , -  ," 4,450 ", 31.2 
 비봉면 ," 39,868 ","39,868 ","4,665 ", 11.7 ,," 4,665 ","4,665 ","4,665 ", 61 ," 2,902 ", 289 ," 1,413 ", 2.9 ," 13,932.0 ","13,932 ",0 , - ,  -   , 2.9 ," 21,271.0 ","21,271 ",0 , - , - , - , - , -  , -  , -  , -  , - , -  
 마도면 ," 16,929 ","16,929 ","13,516 ", 79.8 ,, - ,0 ,0 , - , - , - , - , 2.9 ," 11,071.0 ","11,071 ","7,658 ", - ," 7,658 ", 2.9 ," 5,858.0 ","5,858 ","5,858 ", 750 ," 5,108 ", - , - , 184 , 112 , -  , -  ," 10,187 ", 75.4 
 송산면 ," 51,664 ","51,664 ","22,086 ", 42.7 ,," 1,623 ","1,623 ","1,623 ", 102 , 969 , 138 , 414 , 1.9 ," 39,110.0 ","39,110 ","9,532 ", - ," 9,532 ", 1.9 ," 10,931.0 ","10,931 ","10,931 "," 1,399 "," 9,532 ", - , - , 457 , 96 , -  , -  ," 9,532 ", 43.2 
 서신면 ," 59,443 ","80,812 ","62,572 ", 77.4 ,," 7,899 ","7,899 ","7,899 ", 450 ," 4,858 ", 458 ," 2,133 ", 0.7 ," 43,704.0 ","43,704 ","25,464 ", - ," 25,464 ", 0.7 ," 7,840.0 ","29,209 ","29,209 "," 3,713 "," 25,496 ", - , - , 773 ," 2,015 ", -  , -  ," 53,257 ", 85.1 
 팔탄면 ," 47,878 ","92,039 ","87,113 ", 94.6 ,," 1,461 ","1,461 ","1,461 ", 77 ," 1,023 ", 37 , 324 , 3.4 ," 37,660.0 ","81,821 ","81,821 ", - ," 81,821 ", 3.4 ," 8,757.0 ","8,757 ","3,831 ", 178 ," 3,653 ", - , - ," 1,358 "," 1,083 ", -  , -  ," 15,524 ", 17.8 
 장안면 ," 47,298 ","47,298 ","6,718 ", 14.2 ,, 663 ,663 ,663 , 5 , 196 , 118 , 344 , 1.8 ," 39,433.0 ","39,433 ","3,367 ", - ," 3,367 ", 1.8 ," 7,202.0 ","7,202 ","2,688 ", 142 ," 2,546 ", - , - , 219 , 102 , -  , -  ," 4,973 ", 74.0 
 양감면 ," 21,696 ","21,696 ","6,320 ", 29.1 ,," 5,771 ","5,771 ","5,771 ", 139 ," 2,874 ", 248 ," 2,510 ", 0.1 ," 15,636.0 ","15,636 ",260 , - , 260 , 0.1 , 289.0 ,289 ,289 , 29 , 260 , - , - , 143 , 64 , -  , -  , 260 , 4.1 
 정남면 ," 142,534 ","142,534 ","101,375 ", 71.1 ,," 21,167 ","21,167 ","21,167 "," 1,207 "," 14,076 ", 889 ," 4,995 ", 9.0 ," 111,216.0 ","111,216 ","70,057 ", - ," 70,057 ", - ," 10,151.0 ","10,151 ","10,151 ", 71 ," 10,080 ", - , - ," 2,727 "," 2,680 ", -  , -  ," 29,325 ", 28.9 
 동탄면 ," 41,412 ","43,606 ","43,606 ", 100.0 ,," 41,412 ","41,412 ","41,412 ", 61 ," 41,077 ", 42 , 232 , - , - ,0 ,0 , - , - , - , - ,"2,194 ","2,194 ", 167 ," 2,027 ", - , - , 25 , 77 , -  , -  ," 2,194 ", 5.0 
 남양동 ," 68,101 ","68,101 ","32,338 ", 47.5 ,, 694 ,694 ,694 , 44 , 414 , 59 , 177 , 7.8 ," 50,990.0 ","50,990 ","15,227 ", - ," 15,227 ", 7.8 ," 16,417.0 ","16,417 ","16,417 "," 2,101 "," 14,316 ", - , - , 908 , 559 , -  , -  ," 14,316 ", 44.3 
 진안동 ," 41,730 ","43,353 ","43,353 ", 100.0 ,," 8,270 ","8,270 ","8,270 ", 306 ," 6,384 ", 447 ," 1,133 ", 2.4 ," 15,586.0 ","17,209 ","17,209 ", - ," 17,209 ", 2.4 ," 17,874.0 ","17,874 ","17,874 "," 2,288 "," 15,586 ", - , - ," 1,191 ", 763 , -  , -  ," 15,586 ", 36.0 
 병점1동 ," 26,480 ","26,480 ","20,265 ", 76.5 ,," 7,851 ","7,851 ","7,851 ", 290 ," 6,061 ", 424 ," 1,076 ", 1.3 ," 10,003.0 ","10,003 ","6,353 ", - ," 6,353 ", 1.3 ," 8,626.0 ","8,626 ","6,061 ", 776 ," 5,285 ", - , - , 522 , 333 , -  , -  ," 5,285 ", 26.1 
 병점2동 ," 4,768 ","4,768 ","1,697 ", 35.6 ,, 106 ,106 ,106 , 4 , 82 , 6 , 14 , 1.2 , 979.0 ,979 ,741 , - , 741 , 1.2 ," 3,683.0 ","3,683 ",850 , 109 , 741 , - , - , 25 , 16 , -  , -  , 741 , 43.7 
 반월동 ," 18,873 ","24,035 ","24,035 ", 100.0 ,," 6,027 ","6,027 ","6,027 ", 223 ," 4,653 ", 325 , 826 , 3.2 ," 5,984.0 ","5,984 ","5,984 ", - ," 5,984 ", 3.2 ," 6,862.0 ","12,024 ","12,024 "," 1,822 "," 10,202 ", - , - , 474 , 466 , -  , -  ," 11,146 ", 46.4 
 기배동 ," 42,060 ","42,060 ","30,302 ", 72.0 ,," 7,410 ","7,410 ","7,410 ", 274 ," 5,721 ", 400 ," 1,015 ", 2.4 ," 18,006.0 ","18,006 ","10,985 ", - ," 10,985 ", 2.4 ," 16,644.0 ","16,644 ","11,907 "," 1,524 "," 10,383 ", - , - , 762 , 489 , -  , -  ," 13,062 ", 43.1 
 화산동 ," 75,192 ","75,192 ","51,548 ", 68.6 ,," 15,783 ","15,783 ","15,783 ", 584 ," 12,184 ", 852 ," 2,163 ", 7.2 ," 32,635.0 ","32,635 ","19,274 ", - ," 19,274 ", 7.2 ," 26,774.0 ","26,774 ","16,491 "," 2,111 "," 14,380 ", - , - ," 1,350 ", 887 , -  , -  ," 15,785 ", 30.6 
 동탄1동 ," 117,810 ","117,810 ","87,810 ", 74.5 ,,,0 ,0 , - , - , - , - , 5.4 ," 73,905.0 ","73,905 ","43,905 ", - ," 43,905 ", 5.4 ," 43,905.0 ","43,905 ","43,905 ", - ," 43,905 ", - , - ," 3,043 ", 100 , -  , -  ," 43,905 ", 50.0 
 동탄2동 ," 44,712 ","44,712 ","44,712 ", 100.0 ,,,0 ,0 , - , - , - , - , 1.9 ," 22,356.0 ","22,356 ","22,356 ", - ," 22,356 ", 1.9 ," 22,356.0 ","22,356 ","22,356 ", - ," 22,356 ", - , - ," 1,418 ", 53 , -  , -  ," 22,356 ", 50.0 
 동탄3동 ," 64,066 ","65,136 ","65,136 ", 100.0 ,,,0 ,0 , - , - , - , - , 1.8 ," 34,066.0 ","35,136 ","35,136 ", - ," 35,136 ", 1.8 ," 30,000.0 ","30,000 ","30,000 ", - ," 30,000 ", - , - ," 1,409 ", 83 , -  , -  ," 30,000 ", 46.1 
광주시," 766,821 ","883,276 ","761,590 ", 86.2 , -  ," 129,533.0 ","135,446 ","99,087 "," 8,880.0 "," 64,561.0 "," 6,235.0 "," 19,411.0 ", 37.0 ," 580,508.0 ","686,183 ","633,693 ", -  ," 633,693.0 ", 37.0 ," 56,780.0 ","61,647 ","28,810 "," 3,786.5 "," 24,420.0 ", 539.0 , 64.0 ," 12,369 "," 13,557 ", 10 , -  ," 709,171.0 ", 93.1 
 오포읍 ," 246,586 ","246,586 ","180,720 ", 73.3 , -  ," 36,400 ","36,400 ","20,262 "," 2,500 "," 14,100 ", 320 ," 3,342 ", 10.0 ," 195,856.0 ","195,856 ","154,007 ", - ," 154,007 ", 10.0 ," 14,330.0 ","14,330 ","6,451 ", 523 ," 5,710 ", 218 , - ," 1,617 "," 3,021 ", -  , -  ," 172,308 ", 95.3 
 초월읍 ," 84,475 ","114,240 ","109,666 ", 96.0 , -  ," 13,520 ","14,481 ","14,481 ", 380 ," 8,221 "," 1,882 "," 3,998 ", 3.0 ," 64,045.0 ","92,849 ","92,849 ", - ," 92,849 ", 3.0 ," 6,910.0 ","6,910 ","2,336 ", 34 ," 2,302 ", - , - ," 1,954 "," 1,722 ", -  , -  ," 90,826 ", 82.8 
 곤지암읍 ," 81,445 ","91,705 ","75,673 ", 82.5 , -  ," 21,230 ","21,230 ","11,551 ", 500 ," 8,324 ", 517 ," 2,210 ", 6.0 ," 48,785.0 ","59,045 ","59,045 ", - ," 59,045 ", 6.0 ," 11,430.0 ","11,430 ","5,077 ", 142 ," 4,707 ", 168 , 60 ," 2,289 "," 2,316 ", 5 , -  ," 66,341 ", 87.7 
 도척면 ," 33,610 ","55,576 ","55,159 ", 99.2 , -  ," 6,770 ","6,770 ","6,353 ", - ," 5,453 ", 900 , - , 2.0 ," 26,840.0 ","46,945 ","46,945 ", - ," 46,945 ", 2.0 , - ,"1,861 ","1,861 ", - ," 1,838 ", 23 , - ," 1,418 ", 737 , 2 , -  ," 52,508 ", 95.2 
 퇴촌면 ," 33,343 ","42,235 ","42,235 ", 100.0 , -  ," 4,483 ","7,586 ","7,586 ", - ," 7,357 ", - , 229 , 2.0 ," 28,860.0 ","32,374 ","32,374 ", - ," 32,374 ", 2.0 , - ,"2,275 ","2,275 ", - ," 2,141 ", 130 , 4 , 959 , 916 , -  , -  ," 40,409 ", 95.7 
 남종면 ," 19,100 ","28,079 ","28,079 ", 100.0 , -  ," 4,100 ","5,546 ","5,546 ", - ," 5,546 ", - , - , 1.0 ," 15,000.0 ","22,454 ","22,454 ", - ," 22,454 ", 1.0 , - ,79 ,79 , - , 79 , - , - , 709 , 365 , -  , -  ," 26,808 ", 95.5 
 남한산성면 ," 20,090 ","44,444 ","42,942 ", 96.6 , -  ," 4,600 ","4,600 ","3,098 ", - ," 3,098 ", - , - , 1.0 ," 15,490.0 ","39,192 ","39,192 ", - ," 39,192 ", 1.0 , - ,652 ,652 , - , 652 , - , - , 967 , 387 , -  , -  ," 41,826 ", 97.4 
 경안동 ," 83,968 ","96,207 ","91,594 ", 95.2 , -  ," 15,038 ","15,441 ","15,441 "," 5,500 "," 4,967 ", 854 ," 4,120 ", 6.0 ," 58,900.0 ","70,736 ","70,736 ", - ," 70,736 ", 6.0 ," 10,030.0 ","10,030 ","5,417 "," 2,334 "," 3,083 ", - , - , 881 ," 1,363 ", 2 , -  ," 86,545 ", 94.5 
 송정동 ," 81,778 ","81,778 ","74,351 ", 90.9 , -  ," 11,958 ","11,958 ","9,020 ", - ," 3,983 "," 1,762 "," 3,275 ", 3.0 ," 62,300.0 ","62,300 ","62,111 ", - ," 62,111 ", 3.0 ," 7,520.0 ","7,520 ","3,220 ", 754 ," 2,466 ", - , - , 822 ," 1,347 ", 1 , -  ," 72,502 ", 97.5 
 광남동 ," 82,426 ","82,426 ","61,171 ", 74.2 , -  ," 11,434 ","11,434 ","5,749 ", - ," 3,512 ", - ," 2,237 ", 3.0 ," 64,432.0 ","64,432 ","53,980 ", - ," 53,980 ", 3.0 ," 6,560.0 ","6,560 ","1,442 ", - ," 1,442 ", - , - , 753 ," 1,383 ", -  , -  ," 59,098 ", 96.6 
양주시," 1,057,505 ","1,082,918 ","612,912 ", 56.6 , 310.1 ," 197,949.0 ","197,949 ","175,501 "," 12,694.0 "," 133,045.0 "," 29,762.0 ", -  , 87.4 ," 760,250.0 ","760,250 ","374,692 ", -  ," 374,692.0 ", -  ," 99,306.0 ","124,719 ","62,719 ", 613.0 ," 61,475.0 ", 631.0 , -  ," 10,321 "," 5,920 ", 68 , -  ," 520,168.0 ", 84.9 
 백석읍 ," 96,726 ","96,726 ","54,772 ", 56.6 , 51.4 ," 30,845 ","30,845 ","27,113 "," 1,107 "," 23,710 "," 2,296 ",, 10.7 ," 57,064.0 ","57,064 ","18,870 ",," 18,870 ",," 8,817.0 ","8,817 ","8,789 ",," 8,789 ",,, 365 , 63 , 12 ,," 51,414 ", 93.9 
 은현면 ," 154,020 ","170,014 ","64,444 ", 37.9 , 68.1 ," 31,767 ","31,767 ","22,818 "," 1,272 "," 8,002 "," 13,544 ",, 19.4 ," 122,253.0 ","122,253 ","25,632 ",," 25,632 ",, - ,"15,994 ","15,994 ", 282 ," 15,508 ", 204 ,," 1,217 ", 315 , 10 ,," 48,207 ", 74.8 
 남면 ," 135,508 ","138,460 ","76,310 ", 55.1 , 13.8 ," 10,146 ","10,146 ","7,546 "," 1,982 "," 4,430 "," 1,134 ",, 4.0 ," 125,362.0 ","125,362 ","65,812 ",," 65,812 ",, - ,"2,952 ","2,952 ",," 2,952 ",,, 579 , 482 , 15 ,," 55,647 ", 72.9 
 광적면 ," 84,917 ","87,498 ","36,324 ", 41.5 , 21.6 ," 26,478 ","26,478 ","21,167 ", 303 ," 18,784 "," 2,080 ",, 8.2 ," 58,439.0 ","58,439 ","12,576 ",," 12,576 ",, - ,"2,581 ","2,581 ",," 2,476 ", 105 ,, 790 , 21 , 12 ,," 36,000 ", 99.1 
 장흥면 ," 118,140 ","122,026 ","108,881 ", 89.2 , 64.7 ," 39,481 ","39,481 ","37,781 "," 2,559 "," 32,074 "," 3,148 ",, 12.2 ," 78,659.0 ","78,659 ","67,214 ",," 67,214 ",, - ,"3,886 ","3,886 ", 331 ," 3,353 ", 202 ,," 1,986 "," 1,097 ",,," 84,502 ", 77.6 
 시가지 ," 468,194 ","468,194 ","272,181 ", 58.1 , 90.5 ," 59,232 ","59,232 ","59,076 "," 5,471 "," 46,045 "," 7,560 ",, 32.9 ," 318,473.0 ","318,473 ","184,588 ",," 184,588 ",," 90,489.0 ","90,489 ","28,517 ",," 28,397 ", 120 ,," 5,384 "," 3,942 ", 19 ,," 244,398 ", 89.8 
포천시," 1,537,973 ","1,582,172 ","1,089,187 ", 68.8 , -  ," 309,837.4 ","309,837 ","309,837 "," 15,648.4 "," 201,470.0 "," 69,591.1 "," 23,127.9 ", 78.8 ," 833,981.0 ","852,615 ","470,701 ", -  ," 470,701.5 ", 78.8 ," 394,155.0 ","419,719 ","308,648 "," 12,842.0 "," 238,526.6 "," 32,363.0 "," 24,916.3 "," 19,773 "," 50,128 ", 36 , 380 ," 987,024.6 ", 90.6 
 소흘읍 ," 241,032 ","241,032 ","151,444 ", 62.8 , -  ," 37,502 ","37,502 ","37,502 "," 3,282 "," 29,970 "," 2,425 "," 1,825 ", 13.4 ," 138,373.0 ","138,373 ","63,359 ",," 63,359 ", 13.4 ," 65,157.0 ","65,157 ","50,582 "," 3,103 "," 38,401 "," 6,905 "," 2,174 "," 2,924 "," 12,364 ", 9 , 52 ," 141,898 ", 93.7 
 군내면 ," 89,385 ","89,385 ","55,507 ", 62.1 , -  ," 28,378 ","28,378 ","28,378 ", 355 ," 21,143 "," 5,613 "," 1,267 ", 4.5 ," 40,459.0 ","40,459 ","7,236 ",," 7,236 ", 4.5 ," 20,548.0 ","20,548 ","19,893 "," 1,525 "," 15,804 ", 331 ," 2,234 "," 1,081 "," 1,336 ", -  , 29 ," 55,507 ", 100.0 
 내촌면 ," 148,922 ","148,922 ","59,175 ", 39.7 , -  ," 15,939 ","15,939 ","15,939 ", 569 ," 11,424 "," 2,568 "," 1,377 ", 5.8 ," 81,944.0 ","81,944 ","38,358 ",," 38,358 ", 5.8 ," 51,039.0 ","51,039 ","4,878 ", - ," 4,734 ", 27 , 118 , 556 ," 1,744 ", -  , 57 ," 59,175 ", 100.0 
 가산면 ," 151,499 ","151,499 ","87,021 ", 57.4 , -  ," 46,951 ","46,951 ","46,951 ", 868 ," 42,172 "," 2,141 "," 1,770 ", 6.7 ," 82,158.0 ","82,158 ","30,727 ",," 30,727 ", 6.7 ," 22,390.0 ","22,390 ","9,343 ", 290 ," 7,538 "," 1,213 ", 303 ," 1,909 "," 2,635 ", -  , 27 ," 64,671 ", 74.3 
 신북면 ," 115,479 ","128,870 ","122,998 ", 95.4 , -  ," 21,434 ","21,434 ","21,434 "," 2,223 "," 9,516 "," 5,519 "," 4,176 ", 7.2 ," 70,902.0 ","70,902 ","65,030 ",," 65,030 ", 7.2 ," 23,143.0 ","36,534 ","36,534 "," 1,061 "," 31,271 "," 2,282 "," 1,920 "," 1,863 "," 9,560 ", -  , 48 ," 119,547 ", 97.2 
 창수면 ," 33,086 ","33,086 ","31,804 ", 96.1 , -  ," 15,645 ","15,645 ","15,645 ", 756 ," 9,024 "," 5,639 ", 225 , 1.4 ," 16,331.0 ","16,331 ","15,055 ",," 15,055 ", 1.4 ," 1,110.0 ","1,110 ","1,104 ", 92 , 396 , 154 , 463 , 713 , 62 , -  , 1 ," 17,362 ", 54.6 
 영중면 ," 90,226 ","90,226 ","72,004 ", 79.8 , -  ," 18,031 ","18,031 ","18,031 "," 1,281 "," 9,020 "," 5,620 "," 2,110 ", 3.0 ," 42,377.0 ","42,377 ","27,708 ",," 27,708 ", 3.0 ," 29,818.0 ","29,818 ","26,264 "," 1,280 "," 17,324 "," 5,908 "," 1,752 "," 1,127 "," 1,181 ", 5 , 32 ," 72,004 ", 100.0 
 일동면 ," 107,195 ","107,195 ","64,767 ", 60.4 , -  ," 7,365 ","7,365 ","7,365 ", 468 ," 3,069 "," 3,531 ", 297 , 5.1 ," 67,519.0 ","67,519 ","30,342 ",," 30,342 ", 5.1 ," 32,311.0 ","32,311 ","27,060 "," 1,268 "," 19,949 "," 3,640 "," 2,203 "," 1,291 "," 4,046 ", -  , 37 ," 64,767 ", 100.0 
 이동면 ," 135,253 ","135,253 ","88,755 ", 65.6 , -  ," 2,705 ","2,705 ","2,705 ", 72 , 773 , 760 ," 1,100 ", 10.0 ," 75,280.0 ","75,280 ","41,650 ",," 41,650 ", 10.0 ," 57,268.0 ","57,268 ","44,401 "," 1,647 "," 27,884 "," 4,047 "," 10,823 "," 1,599 "," 2,965 ", -  , 38 ," 82,306 ", 92.7 
 영북면 ," 121,797 ","121,797 ","102,185 ", 83.9 , -  ," 41,795 ","41,795 ","41,795 "," 2,208 "," 23,034 "," 13,705 "," 2,849 ", 6.3 ," 53,362.0 ","53,362 ","40,330 ",," 40,330 ", 6.3 ," 26,640.0 ","26,640 ","20,060 "," 1,678 "," 14,055 "," 3,185 "," 1,142 "," 1,937 "," 2,902 ", 4 , 13 ," 75,851 ", 74.2 
 관인면 ," 53,523 ","72,157 ","64,092 ", 88.8 , -  ," 10,531 ","10,531 ","10,531 ", 18 ," 1,000 "," 8,181 "," 1,332 ", 1.3 ," 20,356.0 ","38,990 ","38,990 ",," 38,990 ", 1.3 ," 22,636.0 ","22,636 ","14,571 ", 89 ," 11,264 "," 3,194 ", 24 , 746 ," 1,097 ", -  , 16 ," 64,092 ", 100.0 
 화현면 ," 41,614 ","41,614 ","17,627 ", 42.4 , -  ," 16,601 ","16,601 ","16,601 ", 239 ," 10,229 "," 5,634 ", 500 , 1.4 ," 24,083.0 ","24,083 ",406 ,, 406 , 1.4 , 930.0 ,930 ,619 , 305 , 307 , 7 , - , 201 , -  , -  , -  ," 17,627 ", 100.0 
 포천동 ," 114,564 ","121,579 ","93,666 ", 77.0 , -  ," 15,373 ","15,373 ","15,373 "," 2,367 "," 7,282 "," 2,395 "," 3,329 ", 6.6 ," 69,236.0 ","69,236 ","41,323 ",," 41,323 ", 5.2 ," 29,955.0 ","36,970 ","36,970 ", 464 ," 34,169 ", 934 ," 1,403 "," 2,299 "," 9,692 ", 10 , 22 ," 87,850 ", 93.8 
 선단동 ," 94,397 ","99,556 ","78,141 ", 78.5 , -  ," 31,586 ","31,586 ","31,586 ", 942 ," 23,815 "," 5,859 ", 971 , 6.1 ," 51,601.0 ","51,601 ","30,187 ",," 30,187 ", 7.5 ," 11,210.0 ","16,369 ","16,369 ", 38 ," 15,432 ", 539 , 360 ," 1,527 ", 544 , 8 , 8 ," 64,367 ", 82.4 
여주시," 403,754 ","530,569 ","510,735 ", 96.3 , 15.2 , -  ,"34,839 ","34,839 "," 7,247 "," 27,592 ", - , - , 11.9 ," 325,556.6 ","410,615 ","403,591 ", - ," 403,591 ", 15.1 ," 78,197.2 ","85,115 ","72,305 "," 8,490 "," 51,439 "," 3,318 "," 9,058 "," 8,108 "," 12,516 ", 10 , 10 ," 263,178 ", 51.5 
 가남읍 ," 39,976 ","68,663 ","68,663 ", 100.0 , 2.4 , - ,"3,469 ","3,469 "," 1,364 "," 2,105 ", - , - , 1.0 ," 29,020.0 ","47,340 ","47,340 ", - ," 47,340 ", 2.4 ," 10,956.0 ","17,854 ","17,854 "," 2,056 "," 14,088 ", 300 ," 1,410 ", 898 ," 1,118 ", -  , -  ," 25,240 ", 36.8 
 점동면 ," 29,615 ","35,522 ","35,522 ", 100.0 , 1.0 , - ,"5,907 ","5,907 "," 1,104 "," 4,803 ", - , - , 0.8 ," 29,347.0 ","29,347 ","29,347 ", - ," 29,347 ", 1.0 , 268.0 ,268 ,268 , - , 268 ,,, 324 , 657 , -  , -  ," 35,522 ", 100.0 
 능서면 ," 9,349 ","26,387 ","26,234 ", 99.4 , 0.3 , - ,775 ,775 , 72 , 703 , - , - , 0.1 ," 6,737.0 ","23,000 ","23,000 ", - ," 23,000 ", 0.3 ," 2,612.0 ","2,612 ","2,459 ", 382 ," 1,550 ",, 527 , 144 , 768 , -  , -  ," 4,318 ", 16.5 
 흥천면 ," 20,250 ","39,023 ","38,846 ", 99.5 , 0.5 , - ,"2,703 ","2,703 ", - ," 2,703 ", - , - , 0.5 ," 18,243.2 ","34,314 ","34,314 ", - ," 34,314 ", 0.5 ," 2,006.4 ","2,006 ","1,829 ", 53 ," 1,776 ",,, 417 , 962 , -  , -  ," 13,998 ", 36.0 
 금사면 ," 45,630 ","51,602 ","51,602 ", 100.0 , 0.6 , - ,"1,197 ","1,197 ", 155 ," 1,042 ", - , - , 0.7 ," 37,051.0 ","41,826 ","41,826 ", - ," 41,826 ", 0.6 ," 8,579.0 ","8,579 ","8,579 "," 1,294 "," 5,087 ", 725 ," 1,473 ", 853 , 764 , -  , -  ," 12,657 ", 24.5 
 산북면 ," 41,988 ","43,773 ","43,773 ", 100.0 , 0.4 , - ,"1,765 ","1,765 ", 749 ," 1,016 ", - , - , 1.6 ," 34,729.0 ","34,729 ","34,729 ", - ," 34,729 ", 0.4 ," 7,259.0 ","7,279 ","7,279 ", 860 ," 5,660 ", 115 , 644 , 595 , 619 , -  , -  ," 17,509 ", 40.0 
 대신면 ," 39,307 ","43,123 ","39,867 ", 92.4 , 0.9 , - ,"3,816 ","3,816 ", - ," 3,816 ", - , - , 1.0 ," 29,317.8 ","29,318 ","28,977 ", - ," 28,977 ", 0.9 ," 9,989.0 ","9,989 ","7,074 ", 713 ," 5,450 ", 330 , 581 , 842 ," 1,396 ", -  , -  ," 29,347 ", 73.6 
 북내면 ," 32,885 ","40,309 ","40,309 ", 100.0 , 0.7 , - ,"7,424 ","7,424 "," 3,268 "," 4,156 ", - , - , 0.5 ," 31,610.0 ","31,610 ","31,610 ", - ," 31,610 ", 0.7 ," 1,275.0 ","1,275 ","1,275 ", - , 226 , 150 , 899 ," 1,040 ", 720 , -  , -  ," 36,128 ", 89.6 
 강천면 ," 5,037 ","19,242 ","19,242 ", 100.0 , -  , - ,0 ,0 , - , - , - , - , - ," 4,095.0 ","18,300 ","18,300 ", - ," 18,300 ", - , 942.0 ,942 ,942 , - , 192 , 750 , - , 121 , 325 , -  , -  , - , -  
 여흥동 ," 29,340 ","46,399 ","44,391 ", 95.7 , 1.8 , - ,"1,634 ","1,634 ", 112 ," 1,522 ", - , - , 1.2 ," 22,135.4 ","37,560 ","37,560 ", - ," 37,560 ", 1.7 ," 7,205.0 ","7,205 ","5,197 ", 658 ," 3,600 ", 199 , 740 , 603 ," 1,168 ", 2 , 2 ," 18,576 ", 41.8 
 중앙동 ," 69,859 ","73,751 ","64,738 ", 87.8 , 4.2 , - ,"3,892 ","3,892 ", 268 ," 3,624 ", - , - , 2.8 ," 52,703.3 ","52,703 ","48,473 ", - ," 48,473 ", 4.2 ," 17,155.6 ","17,156 ","12,373 "," 1,566 "," 8,571 ", 474 ," 1,762 "," 1,437 "," 2,496 ", 5 , 5 ," 44,230 ", 68.3 
 오학동 ," 40,518 ","42,775 ","37,548 ", 87.8 , 2.4 , - ,"2,257 ","2,257 ", 155 ," 2,102 ", - , - , 1.7 ," 30,567.9 ","30,568 ","28,115 ", - ," 28,115 ", 2.4 ," 9,950.2 ","9,950 ","7,176 ", 908 ," 4,971 ", 275 ," 1,022 ", 834 ," 1,523 ", 3 , 3 ," 25,653 ", 68.3 
군부," 2,450,845 ","2,500,084 ","1,814,691 ", 73 , 686.9 ," 288,121.0 ","288,121 ","242,286 "," 20,713.0 "," 150,950.0 "," 70,623.0 ", -  , 138.2 ," 1,755,173.0 ","1,793,531 ","1,355,486 ", -  ," 1,355,486.0 ", 482.2 ," 407,551.0 ","418,432 ","216,919 "," 17,325.0 "," 184,087.7 "," 11,385.0 "," 4,121.0 "," 39,075 "," 43,785 ", 53 , 244 ," 1,420,655.4 ", 78.3 
연천군," 728,166 ","754,504 ","577,859 ", 76.6 , 669.0 ," 206,721.0 ","206,721 ","199,286 "," 18,073 "," 110,590 "," 70,623 ", - , 26.9 ," 372,625.0 ","396,979 ","298,772 ", - ," 298,772 ", 26.9 ," 148,820.0 ","150,804 ","79,801 ", 260 ," 79,248 ", 293 , - ," 10,525 "," 13,689 ", 21 , 2 ," 252,682 ", 43.7 
연천읍," 147,124 ","147,124 ","111,724 ", 75.9 , 82.8 ," 35,931 ","35,931 ","28,496 "," 5,178 "," 12,193 "," 11,125 ", - , 5.1 ," 71,103.0 ","71,103 ","61,942 ", - ," 61,942 ", 5.1 ," 40,090.0 ","40,090 ","21,286 ", - ," 20,993 ", 293 , - ," 1,220 "," 3,003 ", 6 , -  ," 75,834 ", 67.9 
전곡읍," 173,078 ","173,078 ","118,604 ", 68.5 , 49.2 ," 45,454 ","45,454 ","45,454 "," 3,262 "," 33,747 "," 8,445 ", - , 6.0 ," 92,094.0 ","92,094 ","51,950 ", - ," 51,950 ", 6.0 ," 35,530.0 ","35,530 ","21,200 ", - ," 21,200 ", - , - ," 2,763 "," 5,048 ", 9 , -  ," 73,046 ", 61.6 
군남면," 87,259 ","87,259 ","58,706 ", 67.3 , 42.0 ," 21,758 ","21,758 ","21,758 "," 1,789 "," 13,376 "," 6,593 ", - , 3.6 ," 53,421.0 ","53,421 ","34,373 ", - ," 34,373 ", 3.6 ," 12,080.0 ","12,080 ","2,575 ", - ," 2,575 ", - , - ," 1,042 ", 737 , -  , 1 ," 18,196 ", 31.0 
청산면," 74,474 ","75,609 ","69,058 ", 91.3 , 40.5 ," 24,874 ","24,874 ","24,874 "," 1,544 "," 16,656 "," 6,674 ", - , 3.2 ," 37,200.0 ","38,335 ","38,335 ", - ," 38,335 ", 3.2 ," 12,400.0 ","12,400 ","5,849 ", 260 ," 5,589 ", - , - ," 2,502 "," 1,653 ", -  , -  ," 28,509 ", 41.3 
백학면," 67,201 ","88,342 ","88,342 ", 100.0 , 59.1 ," 23,417 ","23,417 ","23,417 "," 2,067 "," 11,358 "," 9,992 ", - , 2.3 ," 32,694.0 ","51,851 ","51,851 ", - ," 51,851 ", 2.3 ," 11,090.0 ","13,074 ","13,074 ", - ," 13,074 ", - , - ," 1,139 "," 1,051 ", -  , -  ," 15,499 ", 17.5 
미산면," 35,319 ","35,319 ","27,156 ", 76.9 , 39.9 ," 15,159 ","15,159 ","15,159 ", 608 ," 5,344 "," 9,207 ", - , 1.4 ," 14,890.0 ","14,890 ","10,727 ", - ," 10,727 ", 1.4 ," 5,270.0 ","5,270 ","1,270 ", - ," 1,270 ", - , - , 375 , 333 , -  , -  ," 10,305 ", 37.9 
왕징면," 23,830 ","23,830 ","17,771 ", 74.6 , 85.8 ," 10,524 ","10,524 ","10,524 ", 903 ," 5,032 "," 4,589 ", - , 0.5 ," 6,506.0 ","6,506 ","5,337 ", - ," 5,337 ", 0.5 ," 6,800.0 ","6,800 ","1,910 ", - ," 1,910 ", - , - , 231 , 238 , -  , -  ," 4,794 ", 27.0 
신서면," 91,353 ","91,353 ","56,301 ", 61.6 , 128.2 ," 15,556 ","15,556 ","15,556 "," 1,955 "," 6,710 "," 6,891 ", - , 3.8 ," 54,737.0 ","54,737 ","30,275 ", - ," 30,275 ", 3.8 ," 21,060.0 ","21,060 ","10,470 ", - ," 10,470 ", - , - , 808 ," 1,357 ", 6 , 1 ," 19,558 ", 34.7 
중면," 4,611 ","4,611 ","3,551 ", 77.0 , 88.3 ," 1,771 ","1,771 ","1,771 ", 254 , 449 ," 1,068 ", - , 0.2 ," 1,840.0 ","1,840 ","1,780 ", - ," 1,780 ", 0.2 ," 1,000.0 ","1,000 ",0 , - , - , - , - , 56 , -  , -  , -  , 703 , 19.8 
장남면," 23,917 ","27,979 ","26,646 ", 95.2 , 53.2 ," 12,277 ","12,277 ","12,277 ", 513 ," 5,725 "," 6,039 ", - , 0.8 ," 8,140.0 ","12,202 ","12,202 ", - ," 12,202 ", 0.8 ," 3,500.0 ","3,500 ","2,167 ", - ," 2,167 ", - , - , 389 , 269 , -  , -  ," 6,238 ", 23.4 
가평군," 713,088 ","735,989 ","515,265 ", 70.0 , -  , -  ,0 ,0 , - , - , - , - , 48.8 ," 530,652.0 ","544,656 ","388,132 ", - ," 388,132 ", 455.3 ," 182,436.0 ","191,333 ","127,133 "," 16,987 "," 94,933 "," 11,092 "," 4,121 "," 10,620 "," 10,593 ", -  , 199 ," 475,582 ", 92.3 
가평읍," 183,827 ","183,827 ","168,105 ", 91.4 ,,,0 ,0 ,,,,, 12.9 ," 125,100.0 ","125,100 ","118,223 ",," 118,223 ", 80.1 ," 58,727.0 ","58,727 ","49,882 "," 7,746 "," 34,826 "," 4,875 "," 2,435 "," 3,211 "," 4,630 ", -  , 66 ," 151,308 ", 90.0 
설악면," 111,107 ","111,107 ","62,519 ", 56.3 ,,,0 ,0 ,,,,, 9.2 ," 84,979.0 ","84,979 ","52,306 ",," 52,306 ", 86.4 ," 26,128.0 ","26,128 ","10,213 ", 463 ," 8,761 ", 618 , 371 ," 1,429 "," 1,296 ", -  , 22 ," 62,519 ", 100.0 
청평면," 155,894 ","155,894 ","122,302 ", 78.5 ,,,0 ,0 ,,,,, 10.4 ," 110,097.0 ","110,097 ","87,984 ",," 87,984 ", 169.1 ," 45,797.0 ","45,797 ","34,318 "," 2,773 "," 28,673 "," 2,450 ", 422 ," 2,010 "," 2,381 ", -  , 66 ," 122,302 ", 100.0 
상면," 71,781 ","85,785 ","69,709 ", 81.3 ,,,0 ,0 ,,,,, 6.9 ," 48,435.0 ","62,439 ","62,439 ",," 62,439 ", 44.6 ," 23,346.0 ","23,346 ","7,270 "," 1,476 "," 5,076 ", 533 , 185 ," 1,867 "," 1,005 ", -  , 18 ," 49,593 ", 71.1 
조종면," 81,961 ","90,858 ","60,623 ", 66.7 ,,,0 ,0 ,,,,, 4.9 ," 71,519.0 ","71,519 ","41,284 ",," 41,284 ", 24.5 ," 10,442.0 ","19,339 ","19,339 "," 3,611 "," 13,539 "," 1,683 ", 506 ," 1,289 ", 661 , -  , 19 ," 57,853 ", 95.4 
북면," 108,518 ","108,518 ","32,007 ", 29.5 ,,,0 ,0 ,,,,, 4.6 ," 90,522.0 ","90,522 ","25,896 ",," 25,896 ", 50.7 ," 17,996.0 ","17,996 ","6,111 ", 918 ," 4,058 ", 933 , 202 , 814 , 620 , -  , 8 ," 32,007 ", 100.0 
양평군," 1,009,591 ","1,009,591 ","721,567 ", 71.5 , 17.9 ," 81,400.0 ","81,400 ","43,000 "," 2,640 "," 40,360 ", - , - , 62.5 ," 851,896.0 ","851,896 ","668,582 ", - ," 668,582 ", -  ," 76,295.0 ","76,295 ","9,985 ", 78 ," 9,907 ", - , - ," 17,930 "," 19,503 ", 32 , 43 ," 692,391 ", 96.0 
양평읍," 179,523 ","179,523 ","149,093 ", 83.0 , 6.6 ," 18,200 ","18,200 ","18,200 "," 1,000 "," 17,200 ", - , - , 24.0 ," 151,323.0 ","151,323 ","127,550 ", - ," 127,550 ", - ," 10,000.0 ","10,000 ","3,343 ", 46 ," 3,297 ", - ,," 3,938 "," 2,936 ", 14 , 5 ," 149,093 ", 100.0 
강상면," 98,840 ","98,840 ","56,864 ", 57.5 , -  , - ,0 ,0 , - , - , - , - , 5.0 ," 91,740.0 ","91,740 ","56,864 ", - ," 56,864 ", - ," 7,100.0 ","7,100 ",0 ,,, - ,," 1,162 ", 833 ,, 2 ," 56,864 ", 100.0 
강하면," 96,071 ","96,071 ","72,449 ", 75.4 , -  , - ,0 ,0 , - , - , - , - , 5.0 ," 88,371.0 ","88,371 ","72,449 ", - ," 72,449 ", - ," 7,700.0 ","7,700 ",0 ,,, - ,," 1,548 "," 1,049 ",, 3 ," 69,890 ", 96.5 
양서면," 109,769 ","109,769 ","78,592 ", 71.6 , 0.9 ," 14,800 ","14,800 ","14,800 ", 580 ," 14,220 ", - , - , 1.0 ," 82,590.0 ","82,590 ","63,792 ", - ," 63,792 ", - ," 12,379.0 ","12,379 ",0 ,,, - ,, 761 ," 2,293 ", 10 , 1 ," 78,592 ", 100.0 
옥천면," 67,940 ","67,940 ","49,409 ", 72.7 , 1.5 ," 9,800 ","9,800 ","3,200 ", 490 ," 2,710 ", - , - , 1.0 ," 52,140.0 ","52,140 ","44,453 ", - ," 44,453 ", - ," 6,000.0 ","6,000 ","1,756 ", 32 ," 1,724 ", - ,," 1,308 "," 1,135 ", 3 , 2 ," 49,409 ", 100.0 
서종면," 63,042 ","63,042 ","35,895 ", 56.9 , -  , - ,0 ,0 , - , - , - , - , 5.3 ," 57,842.0 ","57,842 ","35,895 ", - ," 35,895 ", - ," 5,200.0 ","5,200 ",0 ,,, - ,," 1,192 "," 1,528 ",, 3 ," 35,895 ", 100.0 
단월면," 62,962 ","62,962 ","48,488 ", 77.0 , 2.2 ," 5,500 ","5,500 ",0 , - , - , - , - , 5.0 ," 53,462.0 ","53,462 ","48,488 ", - ," 48,488 ", - ," 4,000.0 ","4,000 ",0 ,,, - ,," 1,187 "," 1,279 ",, 3 ," 43,468 ", 89.6 
청운면," 57,684 ","57,684 ","36,449 ", 63.2 , 2.5 ," 5,800 ","5,800 ",0 , - , - , - , - , 4.0 ," 48,384.0 ","48,384 ","36,449 ", - ," 36,449 ", - ," 3,500.0 ","3,500 ",0 ,,, - ,," 1,179 "," 1,848 ",,," 35,200 ", 96.6 
양동면," 66,580 ","66,580 ","49,219 ", 73.9 , -  ," 7,600 ","7,600 ",0 , - , - , - , - , 5.0 ," 55,980.0 ","55,980 ","49,219 ", - ," 49,219 ", - ," 3,000.0 ","3,000 ",0 ,,, - ,, 870 ," 1,259 ",, 5 ," 45,720 ", 92.9 
지평면," 69,546 ","69,546 ","32,567 ", 46.8 , 0.5 ," 5,700 ","5,700 ",0 , - , - , - , - , 3.3 ," 56,846.0 ","56,846 ","32,567 ", - ," 32,567 ", - ," 7,000.0 ","7,000 ",0 ,,, - ,," 1,460 "," 1,362 ",, 7 ," 32,567 ", 100.0 
용문면," 88,998 ","88,998 ","74,028 ", 83.2 , 3.2 ," 8,400 ","8,400 ","6,800 ", 570 ," 6,230 ", - , - , 2.6 ," 74,598.0 ","74,598 ","66,758 ", - ," 66,758 ", - ," 6,000.0 ","6,000 ",470 ,, 470 , - ,," 2,333 "," 3,273 ", 5 , 4 ," 69,014 ", 93.2 
개군면," 48,636 ","48,636 ","38,514 ", 79.2 , 0.5 ," 5,600 ","5,600 ",0 , - , - , - , - , 1.3 ," 38,620.0 ","38,620 ","34,098 ", - ," 34,098 ", - ," 4,416.0 ","4,416 ","4,416 ",," 4,416 ", - ,, 992 , 708 ,, 8 ," 26,679 ", 69.3 
강원도," 9,109,336 ","10,375,463 ","7,723,888 ", 74.4 ," 2,211.0 "," 1,934,719 ","2,676,433 ","2,461,080 "," 184,504 "," 1,689,241 "," 153,460 "," 433,876 ", 307.6 ," 4,419,722 ","4,630,067 ","3,296,708 "," 5,696 "," 3,291,012 ", 276.8 ," 2,754,895 ","3,068,963 ","1,966,100 "," 145,991 "," 1,258,595 "," 101,096 "," 460,417 "," 127,507 "," 207,212 "," 1,180 "," 1,995 "," 5,219,422 ", 67.6 
시부," 5,109,891 ","6,282,001 ","4,600,235 ", 73.2 , 87.7 ," 1,084,412.0 ","1,805,798 ","1,632,146 "," 115,786.0 "," 1,186,861.9 "," 38,570.5 "," 290,928.1 ", 151.2 ," 2,296,572.0 ","2,447,137 ","1,599,099 "," 3,489.0 "," 1,595,609.5 ", 133.8 ," 1,728,907.0 ","2,029,066 ","1,368,990 "," 104,094.1 "," 940,276.4 "," 73,740.0 "," 250,879.8 "," 80,123 "," 125,287 ", 910 ," 1,189 "," 3,779,522.2 ", 82.2 
춘천시," 1,125,088 ","1,651,980 ","1,157,698 ", 70.1 , -  , -  ,"429,747 ","429,747 "," 42,464.6 "," 382,563.5 "," 4,718.9 ", -  , 36.8 ," 432,573.0 ","528,326 ","461,118 ", -  ," 461,118.1 ", 36.8 ," 692,514.9 ","693,907 ","266,833 "," 13,093.1 "," 116,522.4 "," 46,294.7 "," 90,922.8 "," 20,985 "," 23,812 ", 95 , -  ," 905,878.9 ", 78.2 
읍면지역계," 420,506 ","504,022 ","430,461 ", 85.4 , -  , - ,"57,052 ","57,052 "," 4,115 "," 50,604 "," 2,334 ", - , 37 ," 226,562 ","251,634 ","225,286 ", - ," 225,286 ", 37 ," 193,944 ","195,336 ","148,123 "," 1,825 "," 32,148 "," 43,512 "," 70,638 "," 6,169 "," 4,772 ", 21 , -  ," 291,172 ", 67.6 
신북읍," 143,608 ","157,370 ","152,459 ", 96.9 ,,,"11,456 ","11,456 "," 1,771.8 "," 8,280.3 "," 1,404.0 ", -  , 7.3 ," 69,134.0 ","71,440 ","71,440 ", -  ," 71,440.1 ", 7.3 ," 74,474.0 ","74,474 ","69,563 ", -  ," 7,014.0 "," 24,103.4 "," 38,445.2 "," 1,698 "," 1,688 ", -  , -  ," 78,209.6 ", 51.3 
동면," 49,458 ","78,111 ","71,008 ", 90.9 ,,,"14,776 ","14,776 ", 503.6 ," 14,272.6 ", -  , -  , 9.3 ," 14,974.0 ","28,851 ","28,851 ", -  ," 28,850.5 ", 9.3 ," 34,484.0 ","34,484 ","27,381 ", 530.4 ," 9,103.5 "," 9,495.7 "," 8,251.9 ", 896 , 500 , 15 , -  ," 60,563.9 ", 85.3 
동산면," 9,040 ","9,040 ","7,334 ", 81.1 ,,,0 ,0 , -  , -  , -  , -  , 0.6 ," 9,040.0 ","9,040 ","7,334 ", -  ," 7,334.2 ", 0.6 , -  ,0 ,0 , -  , -  , -  , -  , 202 , 68 , -  , -  ," 7,038.5 ", 96.0 
신동면," 27,857 ","41,197 ","34,362 ", 83.4 ,,,"4,451 ","4,451 ", 266.2 ," 3,733.6 ", 451.1 , -  , 2.3 ," 14,885.0 ","23,774 ","23,774 ", -  ," 23,774.1 ", 2.3 ," 12,972.0 ","12,972 ","6,137 ", -  , -  ," 1,632.4 "," 4,504.1 ", 590 , 491 , -  , -  ," 20,578.9 ", 59.9 
동내면," 65,862 ","73,733 ","59,394 ", 80.6 ,,,"7,871 ","7,871 "," 1,162.6 "," 6,658.3 ", 50.3 , -  , 4.9 ," 36,071.0 ","36,071 ","33,825 ", -  ," 33,824.8 ", 4.9 ," 29,791.0 ","29,791 ","17,698 "," 1,275.8 "," 11,177.8 ", 677.1 ," 4,567.4 "," 1,067 "," 1,554 ", 6 , -  ," 57,358.0 ", 96.6 
남면," 6,902 ","6,902 ","4,013 ", 58.1 ,,,0 ,0 , -  , -  , -  , -  , 1.2 ," 6,902.0 ","6,902 ","4,013 ", -  ," 4,013.4 ", 1.2 , -  ,0 ,0 , -  , -  , -  , -  , 109 , 72 , -  , -  ," 3,855.7 ", 96.1 
남산면," 46,614 ","50,416 ","42,603 ", 84.5 ,,,"3,610 ","3,610 ", 304.6 ," 2,876.5 ", 428.6 , -  , 5.0 ," 36,002.0 ","36,002 ","28,188 ", -  ," 28,188.1 ", 5.0 ," 10,612.0 ","10,805 ","10,805 ", 18.8 ," 3,653.4 "," 1,019.0 "," 6,113.6 ", 657 , 61 , -  , -  ," 39,551.2 ", 92.8 
서면," 52,506 ","67,394 ","43,207 ", 64.1 ,,,"14,888 ","14,888 ", 105.9 ," 14,782.3 ", -  , -  , 4.7 ," 20,895.0 ","20,895 ","12,978 ", -  ," 12,978.2 ", 4.7 ," 31,611.0 ","31,611 ","15,340 ", -  , -  ," 6,584.1 "," 8,756.2 ", 613 , 35 , -  , -  ," 24,016.1 ", 55.6 
사북면," 16,369 ","17,568 ","16,082 ", 91.5 ,,,0 ,0 , -  , -  , -  , -  , 1.4 ," 16,369.0 ","16,369 ","14,883 ", -  ," 14,882.6 ", 1.4 , -  ,"1,199 ","1,199 ", -  ," 1,199.2 ", -  , -  , 337 , 303 , -  , -  , -  , -  
북산면," 2,290 ","2,290 ",0 , -  ,,,0 ,0 , -  , -  , -  , -  , 0.1 ," 2,290.0 ","2,290 ",0 , -  , -  , 0.1 , -  ,0 ,0 , -  , -  , -  , -  , -  , -  , -  , -  , -  , -  
동지역," 704,582 ","1,147,958 ","727,237 ", 63.4 , -  , -  ,"372,695 ","372,695 "," 38,350 "," 331,960 "," 2,385 ", - , -  ," 206,011.0 ","276,692 ","235,832 ", - ," 235,832 ", -  ," 498,570.9 ","498,571 ","118,710 "," 11,268 "," 84,375 "," 2,783 "," 20,284 "," 14,816 "," 19,040 ", 74 , -  ," 614,707 ", 84.5 
교동," 21,754 ","40,587 ","27,756 ", 68.4 ,,,"12,393 ","12,393 ", 815.3 ," 11,577.6 ", -  , -  , -  ," 8,334.5 ","14,775 ","14,775 ", -  ," 14,775.0 ", -  ," 13,419.3 ","13,419 ",588 , -  , 274.0 , -  , 314.4 , 695 ," 1,489 ", -  , -  ," 19,498.3 ", 70.2 
조운동," 21,257 ","32,007 ","15,921 ", 49.7 ,,,"10,750 ","10,750 "," 1,502.9 "," 9,246.8 ", -  , -  , -  ," 9,693.2 ","9,693 ","4,832 ", -  ," 4,831.5 ", -  ," 11,564.2 ","11,564 ",339 , -  , 57.0 , -  , 282.4 , 316 , 627 , -  , -  ," 14,221.8 ", 89.3 
약사명동," 28,328 ","49,396 ","33,942 ", 68.7 ,,,"14,403 ","14,403 "," 1,618.0 "," 12,784.8 ", -  , -  , -  ," 10,991.5 ","17,657 ","17,657 ", -  ," 17,657.0 ", -  ," 17,336.1 ","17,336 ","1,882 ", 589.0 , 190.0 , -  ," 1,103.0 ", 801 , 844 , 2 , -  ," 15,399.4 ", 45.4 
근화동," 72,168 ","114,079 ","55,466 ", 48.6 ,,,"41,911 ","41,911 "," 8,836.4 "," 31,880.0 "," 1,194.3 ", -  , -  ," 24,027.8 ","24,028 ","10,198 ", -  ," 10,197.6 ", -  ," 48,140.5 ","48,141 ","3,358 ", -  ," 1,881.8 ", 250.2 ," 1,225.8 ", 831 ," 1,093 ", 5 , -  ," 46,263.6 ", 83.4 
소양동," 49,217 ","75,034 ","44,291 ", 59.0 ,,,"25,817 ","25,817 "," 2,441.9 "," 23,228.3 ", 147.2 , -  , -  ," 19,909.6 ","19,910 ","15,623 ", -  ," 15,623.0 ", -  ," 29,307.5 ","29,307 ","2,850 ", -  , 174.0 , 36.1 ," 2,640.1 ", 902 ," 1,606 ", 4 , -  ," 42,559.9 ", 96.1 
후평1동," 42,244 ","102,344 ","62,141 ", 60.7 ,,,"41,138 ","41,138 "," 3,610.8 "," 37,193.8 ", 333.1 , -  , -  , 205.0 ,"19,168 ","19,168 ", -  ," 19,167.5 ", -  ," 42,039.2 ","42,039 ","1,836 ", -  ," 1,477.0 ", -  , 358.6 ," 1,352 "," 2,326 ", 11 , -  ," 53,104.9 ", 85.5 
후평2동," 18,558 ","49,973 ","31,777 ", 63.6 ,,,"18,244 ","18,244 ", 767.2 ," 17,476.4 ", -  , -  , -  , -  ,"13,171 ","13,171 ", -  ," 13,170.5 ", -  ," 18,558.4 ","18,558 ",363 , -  , 48.5 , -  , 314.8 , 589 ," 1,042 ", -  , -  ," 15,363.7 ", 48.3 
후평3동," 28,448 ","61,729 ","39,623 ", 64.2 ,,,"22,154 ","22,154 "," 1,054.4 "," 21,100.0 ", -  , -  , -  ," 2,333.1 ","13,460 ","13,460 ", -  ," 13,459.7 ", -  ," 26,115.2 ","26,115 ","4,009 ", -  ," 3,808.3 ", -  , 201.0 , 982 ," 1,579 ", -  , -  ," 29,459.7 ", 74.3 
효자1동," 26,791 ","41,114 ","19,641 ", 47.8 ,,,"14,323 ","14,323 "," 1,656.9 "," 12,666.2 ", -  , -  , -  ," 10,819.6 ","10,820 ","3,334 ", -  ," 3,333.9 ", -  ," 15,971.3 ","15,971 ","1,984 ", -  , 990.0 , -  , 993.7 , 355 , 432 , 2 , -  ," 19,122.9 ", 97.4 
효자2동," 67,397 ","124,254 ","80,979 ", 65.2 ,,,"43,778 ","43,778 "," 5,985.7 "," 37,750.6 ", 41.7 , -  , -  ," 21,287.5 ","34,367 ","34,367 ", -  ," 34,366.6 ", -  ," 46,109.1 ","46,109 ","2,835 ", 310.0 ," 1,186.5 ", -  ," 1,338.2 "," 1,879 "," 1,561 ", 7 , -  ," 55,311.9 ", 68.3 
효자3동," 24,778 ","38,370 ","23,832 ", 62.1 ,,,"13,592 ","13,592 "," 1,078.5 "," 12,513.1 ", -  , -  , -  ," 10,395.6 ","10,396 ","9,742 ", -  ," 9,741.7 ", -  ," 14,382.4 ","14,382 ",499 , 332.0 , -  , -  , 166.6 , 472 , 865 , 1 , -  ," 13,025.8 ", 54.7 
석사동," 72,962 ","85,775 ","71,508 ", 83.4 ,,,"12,813 ","12,813 "," 1,740.5 "," 11,072.6 ", -  , -  , -  ," 27,315.4 ","27,315 ","27,081 ", -  ," 27,081.1 ", -  ," 45,646.2 ","45,646 ","31,614 "," 3,478.5 "," 26,763.6 ", -  ," 1,372.0 "," 1,619 "," 2,465 ", 2 , -  ," 71,508.0 ", 100.0 
퇴계동," 74,023 ","93,662 ","74,401 ", 79.4 ,,,"19,639 ","19,639 "," 1,488.0 "," 17,870.3 ", 280.7 , -  , -  ," 25,820.3 ","25,820 ","25,643 ", -  ," 25,642.7 ", -  ," 48,203.0 ","48,203 ","29,119 "," 3,302.4 "," 24,618.3 ", 341.2 , 857.2 ," 1,489 "," 1,362 ", 9 , -  ," 74,400.0 ", 100.0 
강남동," 78,063 ","108,684 ","78,659 ", 72.4 ,,,"29,384 ","29,384 "," 3,944.6 "," 25,305.0 ", 134.3 , -  , -  ," 20,827.6 ","22,064 ","22,064 ", -  ," 22,064.0 ", -  ," 57,235.8 ","57,236 ","27,211 "," 3,256.2 "," 18,384.0 "," 1,386.0 "," 4,184.7 "," 1,380 "," 1,424 ", 7 , -  ," 78,167.2 ", 99.4 
신사우동," 78,593 ","130,950 ","67,300 ", 51.4 ,,,"52,357 ","52,357 "," 1,808.8 "," 50,294.4 ", 253.6 , -  , -  ," 14,050.3 ","14,050 ","4,720 ", -  ," 4,720.3 ", -  ," 64,542.8 ","64,543 ","10,223 ", -  ," 4,521.5 ", 769.5 ," 4,931.9 "," 1,154 ", 325 , 24 , -  ," 67,300.0 ", 100.0 
원주시," 1,303,867 ","1,303,867 ","1,066,249 ", 81.8 , 40.0 ," 59,317.0 ","59,317 ","59,317 "," 8,338 "," 45,579 ", - ," 5,400 ", 47.0 ," 710,219.0 ","710,219 ","522,471 ", 814 ," 521,657 ", 47.0 ," 534,331.1 ","534,331 ","484,461 "," 48,295 "," 395,965 "," 23,609 "," 16,592 "," 24,562 "," 53,968 ", 66 , 369 ," 618,935 ", 58.0 
동지역," 912,594 ","912,594 ","810,633 ", 88.8 , 40.0 ," 56,934.0 ","56,934 ","56,934 "," 8,097.0 "," 44,423.0 ",," 4,414.0 ", 47.0 ," 420,377.0 ","420,377 ","360,888 ", 814.0 ," 360,074.0 ", 47.0 ," 435,283.0 ","435,283 ","392,811 "," 41,052.0 "," 339,768.0 ", 85.0 ," 11,906.0 "," 20,893 "," 46,397 ", 66 , 218 ," 543,700.0 ", 67.1 
문막읍," 124,175 ","124,175 ","98,704 ", 79.5 ,,,0 ,0 ,,,,,," 73,618.0 ","73,618 ","55,545 ",," 55,545.0 ",," 50,556.7 ","50,557 ","43,159 "," 3,210.4 "," 28,980.4 "," 9,049.2 "," 1,918.7 "," 1,913 "," 3,623 ", -  , 59 ," 28,140.0 ", 28.5 
흥업면," 116,011 ","116,011 ","86,575 ", 74.6 ,,,0 ,0 ,,,,,," 75,705.0 ","75,705 ","46,269 ",," 46,269.0 ",," 40,306.1 ","40,306 ","40,306 "," 3,926.1 "," 22,175.1 "," 11,791.1 "," 2,413.8 "," 1,756 "," 3,948 ", -  , 92 ," 27,736.0 ", 32.0 
소초면," 28,860 ","28,860 ","18,021 ", 62.4 ,," 2,383.0 ","2,383 ","2,383 ", 241.0 ," 1,156.0 ",, 986.0 ,," 25,835.0 ","25,835 ","14,996 ",," 14,996.0 ",, 642.0 ,642 ,642 ,, 564.0 ,, 78.0 ,,,,," 3,973.0 ", 22.0 
호저면," 9,047 ","9,047 ","1,219 ", 13.5 ,,,0 ,0 ,,,,,," 9,047.0 ","9,047 ","1,219 ",," 1,219.0 ",,,0 ,0 ,,,,,,,,, -  , -  
지정면," 29,709 ","29,709 ","10,572 ", 35.6 ,,,0 ,0 ,,,,,," 29,709.0 ","29,709 ","10,572 ",," 10,572.0 ",,,0 ,0 ,,,,,,,,, 660.0 , 6.2 
부론면," 17,200 ","17,200 ","5,914 ", 34.4 ,,,0 ,0 ,,,,,," 17,200.0 ","17,200 ","5,914 ",," 5,914.0 ",,,0 ,0 ,,,,,,,,," 3,336.0 ", 56.4 
귀래면," 29,551 ","29,551 ","6,919 ", 23.4 ,,,0 ,0 ,,,,,," 29,551.0 ","29,551 ","6,919 ",," 6,919.0 ",,,0 ,0 ,,,,,,,,," 5,076.0 ", 73.4 
판부면," 15,016 ","15,016 ","12,713 ", 84.7 ,,,0 ,0 ,,,,,," 15,016.0 ","15,016 ","12,713 ",," 12,713.0 ",,,0 ,0 ,,,,,,,,," 5,614.0 ", 44.2 
신림면," 21,704 ","21,704 ","14,979 ", 69.0 ,,,0 ,0 ,,,,,," 14,161.0 ","14,161 ","7,436 ",," 7,436.0 ",," 7,543.3 ","7,543 ","7,543 ", 106.8 ," 4,477.4 "," 2,683.2 ", 275.9 ,,,,, 700.0 , 4.7 
강릉시," 1,051,281 ","1,072,802 ","554,360 ", 51.7 , 20.1 ," 383,910.0 ","399,784 ","399,784 "," 38,563 "," 246,649 "," 7,109 "," 107,463 ", 2.8 ," 468,380.0 ","474,027 ","119,082 "," 2,675 "," 116,407 ", 2.8 ," 198,991.0 ","198,991 ","35,494 "," 5,014 "," 30,433 ", 47 , - ," 11,039 "," 8,724 ", 67 , 72 ," 504,625 ", 91.0 
동," 676,396 ","691,032 ","381,658 ", 55.2 , 18.9 ," 257,018.0 ","271,654 ","271,654 "," 29,099.0 "," 164,735.0 "," 4,223.0 "," 73,597.0 ", 1.2 ," 316,729.0 ","316,729 ","74,730 "," 2,675.0 "," 72,055.0 ", 1.2 ," 102,649.0 ","102,649 ","35,274 "," 5,014.0 "," 30,260.0 ",,," 8,641 "," 7,401 ", 30 , 32 ," 353,450.0 ", 92.6 
주문진읍," 302,980 ","304,218 ","105,742 ", 34.8 , 1.2 ," 96,526.0 ","97,764 ","97,764 "," 9,464.0 "," 59,222.0 "," 2,212.0 "," 26,866.0 ", 1.6 ," 119,372.0 ","119,372 ","7,931 ",," 7,931.0 ", 1.6 ," 87,082.0 ","87,082 ",47 ,, -  , 47.0 ,," 2,393 "," 1,304 ", 20 , 23 ," 102,591.0 ", 97.0 
강동면," 22,242 ","27,889 ","25,308 ", 90.7 ,," 10,730.0 ","10,730 ","10,730 ", -  ," 8,482.0 ", -  ," 2,248.0 ",," 8,758.0 ","14,405 ","14,405 ",," 14,405.0 ",," 2,754.0 ","2,754 ",173 ,, 173.0 ,,, 5 , 19 , 2 , 2 ," 19,814.0 ", 78.3 
옥계면," 49,663 ","49,663 ","41,652 ", 83.9 ,," 19,636.0 ","19,636 ","19,636 ", -  ," 14,210.0 ", 674.0 ," 4,752.0 ",," 23,521.0 ","23,521 ","22,016 ",," 22,016.0 ",," 6,506.0 ","6,506 ",0 ,, -  ,,,,, 15 , 15 ," 28,770.0 ", 69.1 
동해시," 641,786 ","753,658 ","550,729 ", 73.1 , 9.6 ," 235,685.0 ","253,167 ","181,917 ", 330 ," 180,165 "," 1,423 ", - , 32.4 ," 271,567.0 ","275,703 ","148,897 ", - ," 148,897 ", 32.4 ," 134,534.0 ","224,788 ","219,916 "," 1,902 "," 157,182 "," 3,235 "," 57,596 "," 10,561 "," 15,032 ", 42 , 600 ," 550,729 ", 100.0 
천곡동," 75,700 ","99,613 ","88,313 ", 88.7 , 0.1 ," 38,670.0 ","38,670 ","37,178 ", 259.8 ," 36,514.2 ", 404.4 , -  , 4.1 ," 33,053.0 ","33,053 ","23,244 ",," 23,243.8 ", 4.1 ," 3,977.0 ","27,890 ","27,890 ", -  ," 26,720.5 ", -  ," 1,170.0 "," 1,788 "," 3,019 ", 1 , 28 ," 88,312.6 ", 100.0 
송정동," 63,125 ","64,158 ","47,293 ", 73.7 , 0.2 ," 25,614.0 ","25,614 ","18,332 ", -  ," 18,330.2 ", 2.0 , -  , 4.2 ," 19,864.6 ","19,865 ","10,281 ",," 10,280.9 ", 4.2 ," 17,646.6 ","18,680 ","18,680 ", -  ," 12,450.8 ", 146.7 ," 6,082.0 ", 824 ," 1,211 ", 3 , 44 ," 47,292.6 ", 100.0 
북삼동," 126,076 ","126,076 ","82,574 ", 65.5 , 0.2 ," 38,420.0 ","38,420 ","26,433 ", -  ," 26,265.2 ", 167.4 , -  , 4.2 ," 52,388.4 ","52,388 ","25,745 ",," 25,745.4 ", 4.2 ," 35,267.4 ","35,267 ","30,396 ", -  ," 18,038.7 ", 878.0 ," 11,478.9 "," 1,716 "," 1,712 ", 7 , 107 ," 82,573.6 ", 100.0 
부곡동," 25,923 ","31,165 ","19,133 ", 61.4 ,," 14,375.0 ","14,375 ","11,464 ", -  ," 11,463.8 ", -  , -  , 0.9 ," 10,904.0 ","10,904 ","1,784 ",," 1,784.0 ", 0.9 , 644.0 ,"5,886 ","5,886 ", -  ," 3,514.5 ", 160.8 ," 2,210.3 ", 366 , 540 , 1 , 11 ," 19,133.5 ", 100.0 
동호동," 37,776 ","37,860 ","13,803 ", 36.5 ,," 14,934.0 ","14,934 ","8,170 ", -  ," 8,170.4 ", -  , -  , 0.7 ," 17,567.9 ","17,568 ",275 ,, 274.5 , 0.7 ," 5,274.3 ","5,358 ","5,358 ", -  ," 2,704.7 ", 55.3 ," 2,597.8 ", 251 , 400 , -  , 14 ," 13,802.7 ", 100.0 
발한동," 60,362 ","65,764 ","27,144 ", 41.3 ,," 34,847.0 ","34,847 ","16,613 ", -  ," 16,613.1 ", -  , -  , 1.1 ," 23,101.1 ","23,101 ","2,715 ",," 2,715.4 ", 1.1 ," 2,413.7 ","7,816 ","7,816 ", -  ," 3,183.8 ", -  ," 4,632.0 ", 556 , 872 , 3 , 7 ," 27,144.4 ", 100.0 
묵호동," 25,011 ","40,648 ","40,648 ", 100.0 ,," 5,331.0 ","12,861 ","12,861 ", 70.0 ," 12,700.3 ", 91.1 , -  , 1.8 ," 12,928.0 ","16,622 ","16,622 ",," 16,621.7 ", 1.8 ," 6,752.0 ","11,165 ","11,165 ", -  ," 7,397.4 ", -  ," 3,767.6 ", 697 ," 1,035 ", 7 , 51 ," 40,648.0 ", 100.0 
북평동," 154,898 ","178,206 ","134,479 ", 75.5 , 1.1 ," 44,516.0 ","44,516 ","25,360 ", -  ," 24,611.5 ", 748.4 , -  , 5.0 ," 65,523.0 ","65,523 ","40,952 ",," 40,951.6 ", 5.0 ," 44,859.0 ","68,167 ","68,167 "," 1,844.3 "," 51,217.6 "," 1,661.8 "," 13,443.5 "," 2,422 "," 3,557 ", 4 , 144 ," 134,478.6 ", 100.0 
망상동," 19,412 ","46,701 ","46,701 ", 100.0 , 4.1 ," 1,967.0 ","11,919 ","11,919 ", -  ," 11,919.1 ", -  , -  , 5.5 ," 11,287.0 ","11,730 ","11,730 ",," 11,729.7 ", 5.5 ," 6,158.0 ","23,052 ","23,052 ", 58.2 ," 20,491.7 ", 284.7 ," 2,217.9 ", 911 ," 1,298 ", 3 , 48 ," 46,701.3 ", 100.0 
삼화동," 53,503 ","63,467 ","50,642 ", 79.8 , 4.0 ," 17,011.0 ","17,011 ","13,586 ", -  ," 13,576.7 ", 9.5 , -  , 4.9 ," 24,950.0 ","24,950 ","15,550 ",," 15,549.7 ", 4.9 ," 11,542.0 ","21,506 ","21,506 ", -  ," 11,462.7 ", 47.9 ," 9,995.6 "," 1,030 "," 1,388 ", 13 , 146 ," 50,642.1 ", 100.0 
태백시," 466,651 ","466,651 ","325,051 ", 69.7 , 14.2 ," 405,500.0 ","405,500 ","303,099 "," 5,890.0 "," 187,530.0 "," 16,636.0 "," 93,043.0 ", 4.6 ," 45,337.0 ","45,337 ","20,901 ",," 20,901.0 ", 4.6 ," 15,814.0 ","15,814 ","1,051 ",," 1,051.0 ",,," 1,603 "," 4,461 ", 133 , -  ," 272,122.0 ", 83.7 
속초시," 381,090 ","517,793 ","446,117 ", 86.2 , 3.8 , -  ,"129,583 ","129,583 ", -  ," 69,525.0 "," 8,409.0 "," 51,649.0 ", 10.2 ," 228,368.0 ","228,368 ","156,692 ", -  ," 156,692.0 ", 10.2 ," 152,722.0 ","159,842 ","159,842 "," 22,990.0 "," 136,852.0 ", -  , -  ," 5,139 "," 7,142 ", 18 , 148 ," 427,201.0 ", 95.8 
삼척시," 140,128 ","515,250 ","500,031 ", 97.0 , -  , -  ,"128,700 ","128,700 "," 20,200.7 "," 74,850.9 ", 275.0 ," 33,373.1 ", 17.4 ," 140,128.0 ","185,157 ","169,938 ", -  ," 169,937.8 ", -  , -  ,"201,394 ","201,394 "," 12,799.3 "," 102,270.7 ", 554.6 ," 85,769.1 "," 6,234 "," 12,148 ", 489 , -  ," 500,030.9 ", 100.0 
동지역," 66,306 ","240,088 ","224,869 ", 93.7 , -  , -  ,"79,940 ","79,940 "," 15,415.6 "," 44,811.6 ", 139.0 ," 19,573.5 ", 10.1 ," 66,306.0 ","66,306 ","51,087 ",," 51,087.0 ",,,"93,842 ","93,842 "," 6,944.1 "," 57,731.4 ", 288.4 ," 28,878.3 "," 3,161 "," 8,297 ", 232 ,," 224,868.9 ", 100.0 
도계읍," 25,103 ","85,169 ","85,169 ", 100.0 , -  , -  ,"27,815 ","27,815 "," 3,417.0 "," 16,299.7 ", 136.0 ," 7,962.0 ", 4.1 ," 25,103.0 ","25,973 ","25,973 ",," 25,972.5 ",,,"31,382 ","31,382 "," 1,282.8 "," 22,965.8 ", 266.2 ," 6,866.7 "," 1,135 ", 374 , 30 ,," 85,168.7 ", 100.0 
원덕읍," 10,601 ","58,161 ","58,161 ", 100.0 , -  , -  ,"8,162 ","8,162 ", 685.0 ," 4,712.0 ",," 2,765.1 ", 1.3 ," 10,601.0 ","28,467 ","28,467 ",," 28,466.6 ",,,"21,533 ","21,533 "," 2,416.6 "," 6,596.6 ",," 12,519.5 ", 631 ," 1,332 ", 81 ,," 58,161.4 ", 100.0 
근덕면," 38,118 ","131,832 ","131,832 ", 100.0 , -  , -  ,"12,783 ","12,783 ", 683.1 ," 9,027.5 ", -  ," 3,072.4 ", 1.9 ," 38,118.0 ","64,412 ","64,412 ",," 64,411.7 ",,,"54,637 ","54,637 "," 2,155.8 "," 14,976.9 ", -  ," 37,504.6 "," 1,307 "," 2,145 ", 146 ,," 131,831.9 ", 100.0 
군부," 3,999,445 ","4,093,462 ","3,123,653 ", 76.3 ," 2,123.3 "," 850,307.0 ","870,635 ","828,934 "," 68,718.0 "," 502,379.0 "," 114,889.0 "," 142,948.0 ", 156.5 ," 2,123,150.0 ","2,182,930 ","1,697,609 "," 2,207.0 "," 1,695,402.4 ", 143.0 ," 1,025,988.0 ","1,039,897 ","597,110 "," 41,897.0 "," 318,319.0 "," 27,356.4 "," 209,537.3 "," 47,384 "," 81,925 ", 270 , 806 ," 1,439,900.0 ", 46.1 
홍천군," 486,474 ","486,474 ","354,220 ", 72.8 , -  , -  ,0 ,0 , - , - , - , - , 9.1 ," 285,119.0 ","285,119 ","225,829 ", - ," 225,829 ", 24.1 ," 201,355.0 ","201,355 ","128,391 ", 914 ," 101,922 "," 1,082 "," 24,473 "," 6,618 "," 6,618 ", 46 , -  ," 225,829 ", 63.8 
홍천읍," 266,884 ","266,884 ","195,762 ", 73.4 ,,,0 ,0 ,,,,, 3.3 ," 127,355.0 ","127,355 ","101,383 ",," 101,383.0 ", 9.6 ," 139,529.0 ","139,529 ","94,379 ", 710.0 ," 76,933.0 ", 750.0 ," 15,986.0 "," 3,305 "," 3,293 ", 46 ,," 101,383.0 ", 51.8 
화촌면," 27,521 ","27,521 ","23,771 ", 86.4 ,,,0 ,0 ,,,,, 0.6 ," 23,651.0 ","23,651 ","20,251 ",," 20,251.0 ", 1.5 ," 3,870.0 ","3,870 ","3,520 ",," 3,520.0 ",,, 595 , 653 ,,," 20,251.0 ", 85.2 
두촌면," 13,516 ","13,516 ","8,776 ", 64.9 ,,,0 ,0 ,,,,, 0.5 ," 11,116.0 ","11,116 ","6,376 ",," 6,376.0 ", 0.7 ," 2,400.0 ","2,400 ","2,400 ",," 2,400.0 ",,, 131 , 228 ,,," 6,376.0 ", 72.7 
내촌면," 13,728 ","13,728 ","12,980 ", 94.6 ,,,0 ,0 ,,,,, 0.3 ," 9,637.0 ","9,637 ","8,889 ",," 8,889.0 ", 0.6 ," 4,091.0 ","4,091 ","4,091 ",," 4,091.0 ",,, 174 , 193 ,,," 8,889.0 ", 68.5 
서석면," 33,128 ","33,128 ","19,089 ", 57.6 ,,,0 ,0 ,,,,, 0.3 ," 14,920.0 ","14,920 ","10,801 ",," 10,801.0 ", 0.8 ," 18,208.0 ","18,208 ","8,288 ", 53.0 ," 5,472.0 ", 57.0 ," 2,706.0 ", 333 , 317 ,,," 10,801.0 ", 56.6 
동  면," 29,635 ","29,635 ","28,635 ", 96.6 ,,,0 ,0 ,,,,, 2.0 ," 25,338.0 ","25,338 ","24,338 ",," 24,338.0 ", 2.0 ," 4,297.0 ","4,297 ","4,297 ",," 4,297.0 ",,, 693 , 367 ,,," 24,338.0 ", 85.0 
남  면," 46,790 ","46,790 ","31,846 ", 68.1 ,,,0 ,0 ,,,,, 0.5 ," 22,036.0 ","22,036 ","22,036 ",," 22,036.0 ", 3.9 ," 24,754.0 ","24,754 ","9,810 ", 151.0 ," 3,603.0 ", 275.0 ," 5,781.0 ", 624 , 798 ,,," 22,036.0 ", 69.2 
서  면," 35,882 ","35,882 ","20,882 ", 58.2 ,,,0 ,0 ,,,,, 1.6 ," 33,544.0 ","33,544 ","20,044 ",," 20,044.0 ", 2.8 ," 2,338.0 ","2,338 ",838 ,, 838.0 ,,, 479 , 430 ,,," 20,044.0 ", 96.0 
내  면," 19,390 ","19,390 ","12,479 ", 64.4 ,,,0 ,0 ,,,,, -  ," 17,522.0 ","17,522 ","11,711 ",," 11,711.0 ", 2.1 ," 1,868.0 ","1,868 ",768 ,, 768.0 ,,, 284 , 339 ,,," 11,711.0 ", 93.8 
횡성군," 295,312 ","298,272 ","261,028 ", 87.5 , 9.1 ," 98,058.0 ","98,525 ","94,087 "," 11,319 "," 51,715 "," 21,699 "," 9,354 ", -  ," 132,338.0 ","134,831 ","115,534 "," 1,620 "," 113,914 ", -  ," 64,916.0 ","64,916 ","51,407 "," 5,064 "," 42,058 "," 3,465 ", 820 ," 1,336 "," 7,397 ", 17 , 121 , - , -  
횡성읍," 125,531 ","125,531 ","106,802 ", 85.1 , 4.0 ," 31,646.0 ","31,646 ","31,646 "," 5,091.0 "," 21,952.0 "," 3,751.0 ", 852.0 ,," 60,425.0 ","60,425 ","47,555 ",," 47,555.0 ",," 33,460.0 ","33,460 ","27,601 "," 2,692.0 "," 23,558.0 "," 1,351.0 ",, 275 ," 5,647 ", 12 , 43 ,, -  
우천면," 47,874 ","50,375 ","46,936 ", 93.2 , 1.5 ," 27,414.0 ","27,560 ","27,560 "," 2,014.0 "," 8,950.0 "," 10,054.0 "," 6,542.0 ",," 16,310.0 ","18,665 ","18,665 ",," 18,665.0 ",," 4,150.0 ","4,150 ",711 , 711.0 ,,,, 429 , 365 ,, 50 ,, -  
안흥면," 17,075 ","17,075 ","16,449 ", 96.3 , 0.4 ," 10,217.0 ","10,217 ","9,693 ", 945.0 ," 3,951.0 "," 3,752.0 "," 1,045.0 ",," 5,321.0 ","5,321 ","5,321 ",," 5,321.0 ",," 1,537.0 ","1,537 ","1,435 ", 683.0 , 752.0 ,,, 63 , 44 ,,,, -  
둔내면," 40,576 ","41,035 ","40,519 ", 98.7 , 0.9 ," 11,014.0 ","11,335 ","11,335 "," 2,957.0 "," 8,031.0 ", 347.0 ,,," 13,588.0 ","13,726 ","13,726 "," 1,620.0 "," 12,106.0 ",," 15,974.0 ","15,974 ","15,458 ", 644.0 ," 14,814.0 ",,, 94 , 671 , 5 , 28 ,, -  
갑천면," 11,515 ","11,515 ","8,652 ", 75.1 , 0.7 ," 3,873.0 ","3,873 ","3,873 ",," 1,247.0 "," 2,014.0 ", 612.0 ,," 6,716.0 ","6,716 ","4,469 ",," 4,469.0 ",, 926.0 ,926 ,310 , 157.0 , 153.0 ,,, 64 , 121 ,,,, -  
청일면," 15,334 ","15,334 ","14,700 ", 95.9 , 0.4 , -  ,0 ,0 ,,,,,," 9,210.0 ","9,210 ","8,808 ",," 8,808.0 ",," 6,124.0 ","6,124 ","5,892 ", 177.0 ," 2,781.0 "," 2,114.0 ", 820.0 , 70 , 211 ,,,, -  
공근면," 21,421 ","21,421 ","14,762 ", 68.9 , 0.6 ," 6,434.0 ","6,434 ","2,520 ", 208.0 ," 2,312.0 ",,,," 12,242.0 ","12,242 ","12,242 ",," 12,242.0 ",," 2,745.0 ","2,745 ",0 ,,,,, 195 , 200 ,,,, -  
서원면," 8,630 ","8,630 ","8,384 ", 97.1 , 0.2 ," 3,636.0 ","3,636 ","3,636 ", 86.0 ," 1,686.0 "," 1,671.0 ", 193.0 ,," 4,994.0 ","4,994 ","4,748 ",," 4,748.0 ",, -  ,0 ,0 ,,,,, 121 , 138 ,,,, -  
강림면," 7,356 ","7,356 ","3,824 ", 52.0 , 0.4 ," 3,824.0 ","3,824 ","3,824 ", 18.0 ," 3,586.0 ", 110.0 , 110.0 ,," 3,532.0 ","3,532 ",0 ,,,, -  ,0 ,0 ,,,,, 25 ,,,,, -  
영월군," 188,489 ","188,489 ","167,155 ", 88.7 , 15.2 ," 188,489.0 ","188,489 ","167,155 ", -  ," 167,155.0 ", -  , -  , -  , -  ,0 ,0 , -  , -  , -  , -  ,0 ,0 , -  , -  , -  , -  ," 6,321 "," 6,095 ", -  , 212 , -  , -  
영월읍," 72,488 ","72,488 ","72,488 ", 100.0 , 6.3 ," 72,488.0 ","72,488 ","72,488 ",," 72,488.0 ",,,,,0 ,0 ,,,,,0 ,0 ,,,,," 3,173 "," 3,671 ",, 81 ,, -  
상동읍," 15,022 ","15,022 ","14,368 ", 95.6 , 1.0 ," 15,022.0 ","15,022 ","14,368 ",," 14,368.0 ",,,,,0 ,0 ,,,,,0 ,0 ,,,,, 484 , 308 ,, 29 ,, -  
주천면," 29,354 ","29,354 ","25,055 ", 85.4 , 2.1 ," 29,354.0 ","29,354 ","25,055 ",," 25,055.0 ",,,,,0 ,0 ,,,,,0 ,0 ,,,,, 748 , 675 ,, 31 ,, -  
한반도면," 22,045 ","22,045 ","19,326 ", 87.7 , 2.1 ," 22,045.0 ","22,045 ","19,326 ",," 19,326.0 ",,,,,0 ,0 ,,,,,0 ,0 ,,,,, 643 , 725 ,, 71 ,, -  
김삿갓면," 3,293 ","3,293 ","3,293 ", 100.0 , 0.2 ," 3,293.0 ","3,293 ","3,293 ",," 3,293.0 ",,,,,0 ,0 ,,,,,0 ,0 ,,,,, 117 , 86 ,,,, -  
북면," 10,795 ","10,795 ","10,795 ", 100.0 , 0.7 ," 10,795.0 ","10,795 ","10,795 ",," 10,795.0 ",,,,,0 ,0 ,,,,,0 ,0 ,,,,, 407 , 270 ,,,, -  
남면," 11,199 ","11,199 ","9,501 ", 84.8 , 0.8 ," 11,199.0 ","11,199 ","9,501 ",," 9,501.0 ",,,,,0 ,0 ,,,,,0 ,0 ,,,,, 377 , 148 ,,,, -  
중동면," 12,521 ","12,521 ","8,794 ", 70.2 , 0.7 ," 12,521.0 ","12,521 ","8,794 ",," 8,794.0 ",,,,,0 ,0 ,,,,,0 ,0 ,,,,, 271 , 115 ,,,, -  
수주면," 11,772 ","11,772 ","3,535 ", 30.0 , 1.3 ," 11,772.0 ","11,772 ","3,535 ",," 3,535.0 ",,,,,0 ,0 ,,,,,0 ,0 ,,,,, 101 , 97 ,,,, -  
평창군," 450,428 ","450,428 ","334,572 ", 74.3 , 1.7 ," 48,983.0 ","48,983 ","48,983 "," 5,551 "," 27,686 "," 11,443 "," 4,303 ", 7.0 ," 373,539.0 ","373,539 ","265,269 ", - ," 265,269 ", - ," 27,906.0 ","27,906 ","20,320 ", 817 ," 17,908 ", - ," 1,595 "," 4,577 "," 6,587 ", -  , -  , - , -  
평창읍," 114,459 ","114,459 ","64,518 ", 56.4 , 0.6 ," 25,041.0 ","25,041 ","25,041 "," 3,492.0 "," 16,873.0 "," 2,630.0 "," 2,046.0 ", 1.5 ," 86,207.0 ","86,207 ","38,245 ", -  ," 38,245.0 ", -  ," 3,211.0 ","3,211 ","1,232 ", -  ," 1,232.0 ", -  , -  ," 1,281 "," 1,628 ", -  , -  , -  , -  
미탄면," 9,934 ","9,934 ","4,942 ", 49.7 , -  , -  ,0 ,0 , -  , -  , -  , -  , 0.3 ," 9,934.0 ","9,934 ","4,942 ", -  ," 4,942.0 ", -  , -  ,0 ,0 , -  , -  , -  , -  , 101 , 277 , -  , -  , -  , -  
방림면," 16,135 ","16,135 ","16,135 ", 100.0 , -  , -  ,0 ,0 , -  , -  , -  , -  , -  ," 16,135.0 ","16,135 ","16,135 ", -  ," 16,135.0 ", -  , -  ,0 ,0 , -  , -  , -  , -  , 272 , 318 , -  , -  , -  , -  
대화면," 64,414 ","64,414 ","61,733 ", 95.8 , -  , -  ,0 ,0 , -  , -  , -  , -  , 1.0 ," 61,566.0 ","61,566 ","58,885 ", -  ," 58,885.0 ", -  ," 2,848.0 ","2,848 ","2,848 ", -  ," 2,848.0 ", -  , -  , 782 ," 1,116 ", -  , -  , -  , -  
봉평면," 68,778 ","68,778 ","58,200 ", 84.6 , 0.3 ," 10,344.0 ","10,344 ","10,344 ", 49.0 ," 5,747.0 "," 3,747.0 ", 801.0 , 0.8 ," 52,804.0 ","52,804 ","43,294 ", -  ," 43,294.0 ", -  ," 5,630.0 ","5,630 ","4,562 ", -  ," 4,562.0 ", -  , -  , 592 , 756 , -  , -  , -  , -  
용평면," 28,440 ","28,440 ","9,540 ", 33.5 , -  , -  ,0 ,0 , -  , -  , -  , -  , -  ," 27,785.0 ","27,785 ","9,540 ", -  ," 9,540.0 ", -  , 655.0 ,655 ,0 , -  , -  , -  , -  , 245 , 412 , -  , -  , -  , -  
진부면," 94,369 ","94,369 ","75,783 ", 80.3 , 0.8 ," 13,598.0 ","13,598 ","13,598 "," 2,010.0 "," 5,066.0 "," 5,066.0 "," 1,456.0 ", 1.6 ," 67,240.0 ","67,240 ","51,302 ", -  ," 51,302.0 ", -  ," 13,531.0 ","13,531 ","10,883 ", 817.0 ," 8,471.0 ", -  ," 1,595.0 ", 784 ," 1,353 ", -  , -  , -  , -  
대관령면," 53,899 ","53,899 ","43,721 ", 81.1 , -  , -  ,0 ,0 , -  , -  , -  , -  , 1.8 ," 51,868.0 ","51,868 ","42,926 ", -  ," 42,926.0 ", -  ," 2,031.0 ","2,031 ",795 , -  , 795.0 , -  , -  , 520 , 727 , -  , -  , -  , -  
정선군," 585,902 ","604,646 ","424,870 ", 70.3 ," 1,220.0 "," 221,897.0 ","221,897 ","219,765 "," 9,791 "," 123,913 "," 3,252 "," 82,809 ", 16.8 ," 192,792.0 ","211,536 ","192,457 ", - ," 192,457 ", 16.8 ," 171,213.0 ","171,213 ","12,648 "," 1,336 "," 10,548 ", 522 , 242 ," 5,900 "," 9,792 ", 142 , 306 ," 266,205 ", 62.7 
정선읍," 121,843 ","136,512 ","104,451 ", 76.5 , 213.7 ," 39,901.0 ","39,901 ","39,901 "," 2,848.0 "," 27,906.0 ", -  ," 9,147.0 ", 4.1 ," 45,304.0 ","59,973 ","59,973 ",," 59,973.0 ", 4.1 ," 36,638.0 ","36,638 ","4,577 ", -  ," 4,432.0 ", 145.0 , -  ," 1,482 "," 3,564 ", 22 , 20 ," 56,858.0 ", 54.4 
고한읍," 70,864 ","70,864 ","43,857 ", 61.9 , 52.3 ," 22,093.0 ","22,093 ","22,093 ", 506.0 ," 11,581.0 "," 1,485.0 "," 8,521.0 ", 1.4 ," 24,316.0 ","24,316 ","19,431 ",," 19,431.0 ", 1.4 ," 24,455.0 ","24,455 ","2,333 ", -  ," 2,333.0 ", -  , -  , 543 ," 1,222 ", 25 , 42 ," 26,048.0 ", 59.4 
사북읍," 78,473 ","78,473 ","43,974 ", 56.0 , 47.1 ," 29,704.0 ","29,704 ","29,704 ", 412.0 ," 16,780.0 "," 1,159.0 "," 11,353.0 ", 0.9 ," 24,315.0 ","24,315 ","13,694 ",," 13,694.0 ", 0.9 ," 24,454.0 ","24,454 ",576 , -  , 576.0 , -  , -  , 660 , 745 , 23 , 35 ," 30,355.0 ", 69.0 
신동읍," 95,194 ","99,269 ","76,510 ", 77.1 , 119.8 ," 32,824.0 ","32,824 ","31,812 "," 2,496.0 "," 20,661.0 ", 48.0 ," 8,607.0 ", 2.1 ," 37,425.0 ","41,500 ","41,500 ",," 41,500.0 ", 2.1 ," 24,945.0 ","24,945 ","3,198 "," 1,336.0 "," 1,485.0 ", 377.0 , -  ," 1,206 "," 1,693 ", 50 , 125 ," 40,623.0 ", 53.1 
화암면," 18,673 ","18,673 ","13,463 ", 72.1 , 135.1 ," 7,683.0 ","7,683 ","7,683 ", 102.0 ," 3,731.0 ", 381.0 ," 3,469.0 ", 1.1 ," 5,780.0 ","5,780 ","5,780 ",," 5,780.0 ", 1.1 ," 5,210.0 ","5,210 ",0 , -  , -  , -  , -  , 127 , 168 , -  , -  ," 7,683.0 ", 57.1 
남  면," 36,516 ","36,516 ","32,410 ", 88.8 , 131.0 ," 17,389.0 ","17,389 ","16,269 ", 481.0 ," 10,283.0 ", 179.0 ," 5,326.0 ", 1.3 ," 15,002.0 ","15,002 ","15,002 ",," 15,002.0 ", 1.3 ," 4,125.0 ","4,125 ","1,139 ", -  ," 1,019.0 ", -  , 120.0 , 661 , 852 , 22 , 24 ," 16,269.0 ", 50.2 
여량면," 38,507 ","38,507 ","20,257 ", 52.6 , 136.2 ," 13,755.0 ","13,755 ","13,755 ", 345.0 ," 8,407.0 ", -  ," 5,003.0 ", 1.1 ," 8,773.0 ","8,773 ","6,259 ",," 6,259.0 ", 1.1 ," 15,979.0 ","15,979 ",243 , -  , 121.0 , -  , 122.0 , 292 , 397 , -  , 20 ," 13,755.0 ", 67.9 
북평면," 78,681 ","78,681 ","55,678 ", 70.8 , 140.8 ," 40,927.0 ","40,927 ","40,927 "," 1,953.0 "," 16,555.0 ", -  ," 22,419.0 ", 3.4 ," 15,810.0 ","15,810 ","14,751 ",," 14,751.0 ", 3.4 ," 21,944.0 ","21,944 ",0 , -  , -  , -  , -  , 606 , 612 , -  , -  ," 40,927.0 ", 73.5 
임계면," 47,151 ","47,151 ","34,270 ", 72.7 , 244.0 ," 17,621.0 ","17,621 ","17,621 ", 648.0 ," 8,009.0 ", -  ," 8,964.0 ", 1.4 ," 16,067.0 ","16,067 ","16,067 ",," 16,067.0 ", 1.4 ," 13,463.0 ","13,463 ",582 , -  , 582.0 , -  , -  , 323 , 539 , -  , 40 ," 33,687.0 ", 98.3 
철원군," 318,051 ","318,382 ","231,520 ", 72.7 , 870.9 ," 100,465.0 ","100,665 ","100,665 "," 19,103 "," 34,610 "," 46,952 ", - , 70.1 ," 110,772.0 ","110,782 ","74,387 ", - ," 74,387 ", 70.1 ," 106,814.0 ","106,935 ","56,468 "," 3,631 "," 9,719 "," 9,454 "," 33,664 "," 4,592 "," 22,936 ", 16 , 46 ," 122,811 ", 53.0 
철원읍," 44,080 ","44,080 ","26,220 ", 59.5 , 99.0 ," 14,751.0 ","14,751 ","14,751 "," 3,485.0 "," 2,246.0 "," 9,020.0 ",, 12.0 ," 12,248.0 ","12,248 ","5,154 ",," 5,154.0 ", 12.0 ," 17,081.0 ","17,081 ","6,315 ", 229.5 , 969.0 , 226.2 ," 4,890.4 ", 487 ," 2,172 ",, 5 ," 16,098.0 ", 61.4 
김화읍," 72,409 ","72,409 ","39,053 ", 53.9 , 79.5 ," 24,990.0 ","24,990 ","24,990 "," 5,980.0 "," 5,922.0 "," 13,088.0 ",, 10.0 ," 22,179.0 ","22,179 ","3,159 ",," 3,159.3 ", 10.0 ," 25,240.0 ","25,240 ","10,903 ", 360.1 , 923.1 , 494.9 ," 9,125.4 ", 782 ," 4,291 ", 3 , 10 ," 13,729.0 ", 35.2 
갈말읍," 72,883 ","73,083 ","59,565 ", 81.5 , 161.2 ," 19,917.0 ","20,117 ","20,117 "," 3,009.0 "," 9,523.0 "," 7,585.0 ",, 14.0 ," 33,359.0 ","33,359 ","28,221 ",," 28,221.1 ", 14.0 ," 19,607.0 ","19,607 ","11,227 ", 194.8 ," 2,582.6 "," 2,301.8 "," 6,147.9 "," 1,335 "," 7,711 ", 3 , 13 ," 37,233.0 ", 62.5 
동송읍," 100,587 ","100,587 ","82,544 ", 82.1 , 128.3 ," 37,985.0 ","37,985 ","37,985 "," 6,065.0 "," 15,508.0 "," 16,412.0 ",, 16.0 ," 29,427.0 ","29,427 ","26,494 ",," 26,494.0 ", 16.0 ," 33,175.0 ","33,175 ","18,065 ", 596.7 ," 1,132.2 "," 4,083.4 "," 12,252.3 "," 1,143 "," 5,943 ", 6 , 8 ," 45,733.0 ", 55.4 
서  면," 14,427 ","14,427 ","12,340 ", 85.5 , 68.4 ," 1,936.0 ","1,936 ","1,936 ", 387.0 , 968.0 , 581.0 ,, 12.0 ," 6,364.0 ","6,364 ","5,811 ",," 5,810.5 ", 12.0 ," 6,127.0 ","6,127 ","4,594 ", 921.1 ," 2,303.2 ", 656.5 , 713.1 , 605 ," 2,088 ", 4 , 6 ," 3,298.0 ", 26.7 
근남면," 11,192 ","11,192 ","9,194 ", 82.1 , 128.7 , 886.0 ,886 ,886 , 177.0 , 443.0 , 266.0 ,, 6.0 ," 6,206.0 ","6,206 ","4,549 ",," 4,549.0 ", 6.0 ," 4,100.0 ","4,100 ","3,759 ", 825.2 ," 1,808.5 ", 589.8 , 535.3 , 209 , 675 ,, 3 ," 4,247.0 ", 46.2 
근북면," 2,473 ","2,604 ","2,604 ", 100.0 , 205.8 , 0.0 ,0 ,0 ,,,,, 0.1 , 989.0 ,999 ,999 ,, 998.9 , 0.1 ," 1,484.0 ","1,605 ","1,605 ", 503.9 ,," 1,100.9 ",, 31 , 57 ,, 1 ," 2,473.0 ", 95.0 
화천군," 145,182 ","165,223 ","134,421 ", 81.4 , -  ," 41,592.0 ","47,846 ","44,266 "," 5,337 "," 30,356 "," 1,760 "," 6,813 ", 3.5 ," 103,590.0 ","103,590 ","76,368 ", - ," 76,368 ", -  , -  ,"13,787 ","13,787 "," 1,189 "," 11,695 ", 595 , 308 ," 1,484 "," 1,340 ", -  , 42 ," 127,685 ", 95.0 
화천읍," 86,263 ","99,053 ","83,640 ", 84.4 ,," 28,071.0 ","31,347 ","31,347 "," 3,462.0 "," 24,648.0 ", 384.0 ," 2,853.0 ", 2.3 ," 58,192.0 ","58,192 ","42,779 ",," 42,779.0 ",,,"9,514 ","9,514 "," 1,097.0 "," 8,417.0 ",,," 1,026 "," 1,208 ", -  , 16 ," 83,640.0 ", 100.0 
상서면," 15,524 ","19,104 ","13,424 ", 70.3 ,," 3,580.0 ","3,580 ",0 , -  , -  , -  , -  , 0.3 ," 11,944.0 ","11,944 ","9,844 ",," 9,844.0 ",,,"3,580 ","3,580 ", 92.0 ," 2,585.0 ", 595.0 , 308.0 , 261 , 2 , -  , 11 ," 13,424.0 ", 100.0 
사내면," 43,395 ","47,066 ","37,357 ", 79.4 ,," 9,941.0 ","12,919 ","12,919 "," 1,875.0 "," 5,708.0 "," 1,376.0 "," 3,960.0 ", 0.9 ," 33,454.0 ","33,454 ","23,745 ",," 23,745.0 ",,,693 ,693 , -  , 693.0 ,,, 197 , 130 , -  , 15 ," 30,621.0 ", 82.0 
양구군," 500,515 ","500,516 ","410,758 ", 82.1 , -  , - ,0 ,0 , - , - , - , - , 15.0 ," 275,967 ","275,967 ","186,210 ", - ," 186,210 ", 14 ," 224,548 ","224,549 ","224,548 "," 10,426 "," 71,020 "," 6,917 "," 136,185 "," 8,055 "," 3,693 ", 5 , 36 ," 406,772 ", 99.0 
양구읍," 192,230 ","192,231 ","155,713 ", 81.0 ,,,0 ,0 ,,,,, 7.7 ," 113,946.0 ","113,946 ","77,428 ",," 77,428.0 ", 7.7 ," 78,284.0 ","78,285 ","78,285 "," 7,368.4 "," 42,443.0 "," 3,827.7 "," 24,646.0 "," 3,108 "," 1,444 ", 5 , 29 ," 155,446.0 ", 99.8 
남면," 146,836 ","146,836 ","131,184 ", 89.3 ,,,0 ,0 ,,,,, 4.2 ," 71,472.0 ","71,472 ","55,820 ",," 55,820.0 ", 4.2 ," 75,364.0 ","75,364 ","75,364 "," 1,197.2 "," 14,519.4 "," 2,399.3 "," 57,247.7 "," 2,472 "," 1,124 ",, 7 ," 127,542.0 ", 97.2 
동면," 85,137 ","85,137 ","68,009 ", 79.9 ,,,0 ,0 ,,,,, 1.7 ," 47,585.0 ","47,585 ","30,457 ",," 30,457.0 ", 1.7 ," 37,552.0 ","37,552 ","37,552 "," 1,397.5 "," 7,382.5 ", 323.6 ," 28,448.1 "," 1,359 ", 618 ,,," 67,977.0 ", 100.0 
방산면," 51,332 ","51,332 ","30,873 ", 60.1 ,,,0 ,0 ,,,,, 0.5 ," 30,585.0 ","30,585 ","10,126 ",," 10,126.0 ", 0.5 ," 20,747.0 ","20,747 ","20,747 ", 253.4 ," 3,316.6 ", 232.4 ," 16,944.5 ", 617 , 280 ,,," 30,827.0 ", 99.9 
해안면," 24,980 ","24,980 ","24,980 ", 100.0 ,,,0 ,0 ,,,,, 0.9 ," 12,379.0 ","12,379 ","12,379 ",," 12,379.0 ", -  ," 12,601.0 ","12,601 ","12,601 ", 209.3 ," 3,358.9 ", 133.8 ," 8,898.7 ", 499 , 227 ,,," 24,980.0 ", 100.0 
인제군," 333,760 ","359,500 ","262,561 ", 73.0 , 0.5 ," 46,512.0 ","59,919 ","59,919 "," 6,137 "," 36,645 "," 3,382 "," 13,755 ", 16.8 ," 188,913.0 ","201,246 ","181,340 ", - ," 181,340 ", 0.4 ," 98,335.0 ","98,335 ","21,302 ", 264 ," 18,491 "," 2,485 ", 62 ," 2,140 "," 6,486 ", 22 , 32 ," 89,384 ", 34.0 
인제읍," 85,354 ","92,770 ","73,180 ", 78.9 , 0.1 ," 15,244.0 ","15,244 ","15,244 "," 2,584.0 "," 10,524.0 ", 215.0 ," 1,921.0 ", 3.0 ," 40,480.0 ","47,896 ","47,896 ", -  ," 47,896.0 ", 0.1 ," 29,630.0 ","29,630 ","10,040 ", -  ," 10,040.0 ", -  , -  , 366 ," 1,847 ", 4 , 8 ," 22,659.0 ", 31.0 
남면," 45,711 ","47,196 ","30,432 ", 64.5 , -  ," 5,446.0 ","6,931 ","6,931 ", 512.0 ," 4,100.0 ", 584.0 ," 1,735.0 ", 2.5 ," 25,520.0 ","25,520 ","21,819 ", -  ," 21,819.0 ", -  ," 14,745.0 ","14,745 ","1,682 ", -  ," 1,560.0 ", 79.0 , 43.0 , 178 , 659 , 2 , 4 ," 9,568.0 ", 31.4 
북면," 95,357 ","107,156 ","84,033 ", 78.4 , 0.1 ," 9,374.0 ","21,173 ","21,173 "," 1,741.0 "," 16,021.0 ", 663.0 ," 2,748.0 ", 5.2 ," 64,933.0 ","64,933 ","58,088 ", -  ," 58,087.5 ", 0.1 ," 21,050.0 ","21,050 ","4,772 ", 244.0 ," 4,290.0 ", 238.0 , -  , 883 ," 1,919 ", 3 , 4 ," 31,944.0 ", 38.0 
기린면," 47,894 ","47,894 ","34,033 ", 71.1 , 0.2 ," 10,454.0 ","10,454 ","10,454 "," 1,141.0 "," 3,337.0 ",  -   ," 5,976.0 ", 2.5 ," 23,560.0 ","23,560 ","23,460 ", -  ," 23,460.0 ", 0.1 ," 13,880.0 ","13,880 ",119 , -  , 79.0 , 40.0 , -  , 325 ," 1,289 ", 8 , 10 ," 12,587.0 ", 37.0 
서화면," 39,374 ","44,414 ","30,103 ", 67.8 , 0.1 ," 5,994.0 ","6,117 ","6,117 ", 159.0 ," 2,663.0 "," 1,920.0 "," 1,375.0 ", 2.4 ," 18,380.0 ","23,297 ","23,297 ", -  ," 23,297.0 ", 0.1 ," 15,000.0 ","15,000 ",689 , -  , 272.0 , 398.0 , 19.0 , 388 , 772 , 5 , 6 ," 12,626.0 ", 41.9 
상남면," 20,070 ","20,070 ","10,780 ", 53.7 , -  , -  ,0 ,0 , -  , -  , -  , -  , 1.2 ," 16,040.0 ","16,040 ","6,780 ", -  ," 6,780.0 ", -  ," 4,030.0 ","4,030 ","4,000 ", 20.0 ," 2,250.0 "," 1,730.0 ", -  , -  , -  , -  , -  , -  , -  
고성군," 422,464 ","422,464 ","308,290 ", 73.0 , 5.9 ," 64,267.0 ","64,267 ","54,051 "," 4,192 "," 12,214 "," 14,422 "," 23,223 ", 14.6 ," 331,966.0 ","331,966 ","237,312 ", - ," 237,312 ", 14.6 ," 26,231.0 ","26,231 ","16,927 "," 1,815 "," 6,855 ", - ," 8,257 "," 3,264 "," 7,522 ", 22 , 11 , - , -  
간성읍," 81,749 ","81,749 ","58,540 ", 71.6 , 0.9 ," 19,728.0 ","19,728 ","19,728 "," 1,649.0 "," 4,016.0 "," 2,930.0 "," 11,133.0 ", 1.9 ," 59,423.0 ","59,423 ","38,812 ",," 38,812.0 ", 1.9 ," 2,598.0 ","2,598 ",0 ,,,,, 770 , 897 , -  ,,, -  
거진읍," 95,846 ","95,846 ","74,128 ", 77.3 , 1.8 ," 19,110.0 ","19,110 ","8,894 ", -  , -  ," 5,169.0 "," 3,725.0 ", 3.6 ," 62,364.0 ","62,364 ","50,862 ",," 50,862.0 ", 3.6 ," 14,372.0 ","14,372 ","14,372 "," 1,815.0 "," 4,300.0 ",," 8,257.0 ", 342 ," 1,902 ", 1 ,,, -  
현내면," 45,977 ","45,977 ","44,181 ", 96.1 , 0.6 ," 6,862.0 ","6,862 ","6,862 ", 897.0 ," 2,491.0 "," 2,039.0 "," 1,435.0 ", 1.1 ," 37,823.0 ","37,823 ","37,319 ",," 37,319.0 ", 1.1 ," 1,292.0 ","1,292 ",0 ,,,,, 725 ," 1,610 ", 7 ,,, -  
죽왕면," 80,068 ","80,068 ","64,146 ", 80.1 , 1.2 ," 11,406.0 ","11,406 ","11,406 ", 852.0 ," 3,033.0 "," 2,100.0 "," 5,421.0 ", 1.8 ," 64,664.0 ","64,664 ","50,833 ",," 50,833.0 ", 1.8 ," 3,998.0 ","3,998 ","1,907 ",," 1,907.0 ",,, 773 ," 1,671 ", -  ,,, -  
토성면," 118,824 ","118,824 ","67,295 ", 56.6 , 1.4 ," 7,161.0 ","7,161 ","7,161 ", 794.0 ," 2,674.0 "," 2,184.0 "," 1,509.0 ", 6.1 ," 107,692.0 ","107,692 ","59,486 ",," 59,486.0 ", 6.1 ," 3,971.0 ","3,971 ",648 ,, 648.0 ,,, 654 ," 1,442 ", 14 , 11 ,, -  
양양군," 272,868 ","299,068 ","234,259 ", 78.3 , -  ," 40,044.0 ","40,044 ","40,043 "," 7,288 "," 18,085 "," 11,979 "," 2,691 ", 3.6 ," 128,154.0 ","154,354 ","142,904 ", 587.0 ," 142,317.0 ", 3.0 ," 104,670.0 ","104,670 ","51,312 "," 16,441 "," 28,103 "," 2,837 "," 3,931 "," 3,097 "," 3,459 ", -  , -  ," 201,214 ", 85.9 
양양읍," 133,306 ","133,306 ","93,747 ", 70.3 ,," 3,116.0 ","3,116 ","3,116 ", 476.0 ," 1,161.0 "," 1,328.0 ", 151.0 , 1.5 ," 69,189.0 ","69,189 ","59,223 ", 446.0 ," 58,777.0 ", 1.3 ," 61,001.0 ","61,001 ","31,408 "," 11,245.0 "," 18,150.0 "," 1,283.0 ", 730.0 ," 1,695 "," 1,697 ",,," 80,074.0 ", 85.4 
서면," 17,385 ","25,549 ","25,549 ", 100.0 ,," 10,223.0 ","10,223 ","10,223 "," 2,010.0 "," 5,853.0 "," 1,495.0 ", 865.0 , 0.3 ," 5,758.0 ","13,922 ","13,922 ",," 13,922.0 ", 0.2 ," 1,404.0 ","1,404 ","1,404 ", 61.0 , 174.0 , 612.0 , 557.0 , 280 , 234 ,,," 21,145.0 ", 82.8 
손양면," 14,020 ","19,417 ","19,417 ", 100.0 ,," 4,076.0 ","4,076 ","4,076 ", 239.0 ," 1,814.0 "," 1,863.0 ", 160.0 , 0.3 ," 9,125.0 ","14,522 ","14,522 ",," 14,522.0 ", 0.2 , 819.0 ,819 ,819 , 571.0 , 168.0 , 53.0 , 27.0 , 309 , 395 ,,," 17,375.0 ", 89.5 
현북면," 4,085 ","6,888 ","6,888 ", 100.0 ,," 2,803.0 ","2,803 ","2,803 ", 554.0 ," 1,168.0 ", 44.0 ," 1,037.0 ", 0.4 , 560.0 ,"3,363 ","3,363 ", 141.0 ," 3,222.0 ", 0.3 , 722.0 ,722 ,722 , 101.0 , 409.0 , 212.0 ,, 35 , 55 ,,," 6,888.0 ", 100.0 
현남면," 36,933 ","36,933 ","26,144 ", 70.8 ,," 3,898.0 ","3,898 ","3,898 "," 1,191.0 "," 1,422.0 "," 1,285.0 ",, 0.4 ," 14,336.0 ","14,336 ","12,852 ",," 12,852.0 ", 0.4 ," 18,699.0 ","18,699 ","9,394 "," 2,834.0 "," 4,173.0 ", 677.0 ," 1,710.0 ", 344 , 673 ,,," 21,878.0 ", 83.7 
강현면," 67,139 ","76,975 ","62,514 ", 81.2 ,," 15,928.0 ","15,928 ","15,927 "," 2,818.0 "," 6,667.0 "," 5,964.0 ", 478.0 , 0.7 ," 29,186.0 ","39,022 ","39,022 ",," 39,022.0 ", 0.6 ," 22,025.0 ","22,025 ","7,565 "," 1,629.0 "," 5,029.0 ",, 907.0 , 434 , 405 ,,," 53,854.0 ", 86.1 
충청북도," 6,194,535 ","7,022,321 ","5,868,485 ", 83.6 , 96.6 ," 1,200,868.0 ","1,441,039 ","1,298,764 "," 142,278.0 "," 872,931.0 "," 93,273.0 "," 190,282.0 ", 236.0 ," 3,242,136.0 ","3,555,185 ","2,983,240 "," 36,659.0 "," 2,946,581.1 ", 156.6 ," 1,751,531.0 ","2,026,097 ","1,586,481 "," 112,378.0 "," 1,066,989.0 "," 93,107.0 "," 314,007.0 "," 83,676 "," 129,329 ", 590 ," 66,054 "," 4,241,628.0 ", 72.3 
시부," 3,328,462 ","3,880,441 ","3,306,766 ", 85.2 , 40.4 ," 1,097,428.0 ","1,310,528 ","1,168,253 "," 131,498.0 "," 787,632.0 "," 89,325.0 "," 159,798.0 ", 135.3 ," 1,366,133.0 ","1,656,361 ","1,483,190 "," 35,741.0 "," 1,447,449.0 ", 100.8 ," 864,901.0 ","913,552 ","655,323 "," 52,107.0 "," 564,833.0 "," 14,245.0 "," 24,138.0 "," 44,226 "," 89,045 ", 385 ," 65,730 "," 2,750,766.0 ", 83.2 
청주시," 1,922,949 ","1,926,717 ","1,755,238 ", 91.1 , 28.5 ," 705,252.0 ","709,020 ","709,020 "," 82,858 "," 526,768 "," 26,739 "," 72,655 ", 40.6 ," 771,749 ","771,749 ","666,678 "," 12,741.0 "," 653,937.0 ", 19.8 ," 445,948.0 ","445,948 ","379,540 "," 32,225.0 "," 347,024.0 ", 291.0 ,," 30,706 "," 65,216 ", 267 ," 65,296 "," 1,419,795.0 ", 80.9 
충주시," 747,261 ","1,130,527 ","932,987 ", 82.5 , 11.8 ," 71,322.0 ","280,654 ","265,962 "," 24,848 "," 146,350 "," 27,001 "," 67,763 ", 63.1 ," 338,965.0 ","512,642 ","507,242 ", - ," 507,242 ", 52.3 ," 336,974.0 ","337,231 ","159,783 "," 18,484 "," 105,543 "," 11,618 "," 24,138 "," 9,304 "," 14,643 ", 110 , 434 ," 712,430 ", 76.4 
시가지," 435,004 ","680,962 ","574,814 ", 84.4 , 10.1 ," 48,120.0 ","208,662 ","208,662 "," 20,042.0 "," 126,839.0 "," 5,453.0 "," 56,328.0 ", 26.0 ," 150,276.0 ","235,692 ","235,692 ", -  ," 235,692.0 ", 14.7 ," 236,608.0 ","236,608 ","130,460 "," 13,274.0 "," 91,014.0 "," 6,763.0 "," 19,409.0 "," 7,256 "," 13,179 ", 105 , 434 ," 453,549.0 ", 78.9 
면지역," 72,539 ","150,275 ","150,275 ", 100.0 , -  , -  ,0 ,0 , -  , -  , -  , -  , 27.9 ," 72,539.0 ","150,018 ","150,018 ", -  ," 150,018.0 ", 27.9 , -  ,257 ,257 , -  , 257.0 , -  , -  ," 1,065 ", 912 ,,," 105,340.0 ", 70.1 
수안보," 75,925 ","75,925 ","43,975 ", 57.9 , -  ," 14,692.0 ","14,692 ",0 , -  , -  , -  , -  , 2.3 ," 31,205.0 ","31,205 ","25,805 ", -  ," 25,805.0 ", 2.2 ," 30,028.0 ","30,028 ","18,170 "," 2,034.0 "," 6,552.0 "," 4,855.0 "," 4,729.0 ", 572 , 15 , 5 ,," 32,025.0 ", 72.8 
대소원," 126,150 ","158,940 ","114,817 ", 72.2 , 1.6 ," 5,123.0 ","34,558 ","34,558 "," 2,919.0 "," 11,986.0 "," 8,814.0 "," 10,839.0 ", 5.8 ," 69,184.0 ","72,539 ","72,539 ", -  ," 72,539.0 ", 5.8 ," 51,843.0 ","51,843 ","7,720 ", -  ," 7,720.0 ", -  , -  , 273 , 255 ,,," 86,906.0 ", 75.7 
앙성," 37,643 ","64,425 ","49,106 ", 76.2 , 0.1 ," 3,387.0 ","22,742 ","22,742 "," 1,887.0 "," 7,525.0 "," 12,734.0 ", 596.0 , 1.1 ," 15,761.0 ","23,188 ","23,188 ", -  ," 23,188.0 ", 1.7 ," 18,495.0 ","18,495 ","3,176 "," 3,176.0 ", -  , -  , -  , 138 , 282 ,,," 34,610.0 ", 70.5 
제천시," 658,252 ","823,197 ","618,541 ", 75.1 , 0.0 ," 320,854.0 ","320,854 ","193,271 "," 23,792 "," 114,514 "," 35,585 "," 19,380 ", 31.6 ," 255,419.0 ","371,970 ","309,270 "," 23,000 "," 286,270 ", 28.7 ," 81,979.0 ","130,373 ","116,000 "," 1,398 "," 112,266 "," 2,336 ", - ," 4,216 "," 9,186 ", 8 , -  ," 618,541 ", 100.0 
시가지," 499,206 ","547,600 ","412,876 ", 75.4 , 0.0 ," 266,299.0 ","266,299 ","192,443 "," 23,792.0 "," 113,686.0 "," 35,585.0 "," 19,380.0 ", 20.3 ," 165,301.0 ","165,301 ","104,433 "," 18,360.0 "," 86,073.0 ", 21.8 ," 67,606.0 ","116,000 ","116,000 "," 1,398.0 "," 112,266.0 "," 2,336.0 ", -  ,," 3,693 ", 8 ,," 412,876 ", 100.0 
봉양읍," 63,123 ","63,123 ","28,892 ", 45.8 , -  ," 18,854.0 ","18,854 ",828 , -  , 828.0 , -  , -  , 3.5 ," 29,896.0 ","29,896 ","28,064 "," 4,640.0 "," 23,424.0 ", 3.5 ," 14,373.0 ","14,373 ",0 , -  , -  ,,, 505 , 713 ,,," 28,892 ", 100.0 
금성면, - ,"20,439 ","20,439 ", 100.0 ,,,0 ,0 ,,,,,,,"20,439 ","20,439 ",," 20,439.0 ",,,0 ,0 ,,,,, 467 , 575 ,,," 20,439 ", 100.0 
청풍면, - ,"9,803 ","9,803 ", 100.0 ,,,0 ,0 ,,,,,,,"9,803 ","9,803 ",," 9,803.0 ",,,0 ,0 ,,,,, 212 , 283 ,,," 9,803 ", 100.0 
수산면, - ,"26,385 ","26,385 ", 100.0 ,,,0 ,0 ,,,,,,,"26,385 ","26,385 ",," 26,385.0 ",,,0 ,0 ,,,,, 566 , 642 ,,," 26,385 ", 100.0 
덕산면," 49,065 ","54,646 ","29,676 ", 54.3 ,," 24,970.0 ","24,970 ",0 ,,,,, 3.4 ," 24,095.0 ","29,676 ","29,676 ",," 29,676.0 ", 3.4 ,,0 ,0 ,,,,, 769 , 852 ,,," 29,676 ", 100.0 
한수면, - ,"14,901 ","14,901 ", 100.0 ,,,0 ,0 ,,,,, -  ,,"14,901 ","14,901 ",," 14,901.0 ",,,0 ,0 ,,,,, 267 , 283 ,,," 14,901 ", 100.0 
백운면, - ,"15,711 ","15,711 ", 100.0 ,,,0 ,0 ,,,,, -  ,,"15,711 ","15,711 ",," 15,711.0 ",,,0 ,0 ,,,,, 397 , 605 ,,," 15,711 ", 100.0 
송학면," 46,858 ","70,589 ","59,858 ", 84.8 ,," 10,731.0 ","10,731 ",0 ,,,,, 4.5 ," 36,127.0 ","59,858 ","59,858 ",," 59,858.0 ",,,0 ,0 ,,,,," 1,033 "," 1,540 ",,," 59,858 ", 100.0 
군부," 2,866,073 ","3,141,880 ","2,561,719 ", 81.5 , 56.2 ," 103,440.0 ","130,511 ","130,511 "," 10,780.0 "," 85,299.0 "," 3,948.0 "," 30,484.0 ", 100.7 ," 1,876,003.0 ","1,898,824 ","1,500,050 ", 918.0 ," 1,499,132.1 ", 55.8 ," 886,630.0 ","1,112,545 ","931,158 "," 60,271.0 "," 502,156.0 "," 78,862.0 "," 289,869.0 "," 39,450 "," 40,284 ", 205 , 324 ," 1,490,862.0 ", 58.2 
보은군," 517,048 ","527,535 ","443,591 ", 84.1 , 0.5 ," 16,394.0 ","16,394 ","16,394 "," 4,303.0 "," 7,388.0 ", 70.0 ," 4,633.0 ", 17.2 ," 364,998.0 ","374,812 ","323,661 ", -  ," 323,661.0 ", -  ," 135,656.0 ","136,329 ","103,536 "," 7,203.0 "," 46,912.0 ", 248.0 ," 49,173.0 "," 3,058 "," 5,258 ", 32 , -  ," 130,532.0 ", 29.4 
보은읍," 189,263 ","189,263 ","153,275 ", 81.0 , 0.1 , 442.0 ,442 ,442 , -  , 372.0 , 70.0 , -  , 6.2 ," 113,184.0 ","113,184 ","86,801 ", -  ," 86,801.0 ", -  ," 75,637.0 ","75,637 ","66,032 "," 6,295.0 "," 27,762.0 ", -  ," 31,975.0 ", 413 ," 2,293 ", 21 , -  ," 43,858 ",
속리산면," 40,040 ","40,040 ","34,638 ", 86.5 , -  , -  ,0 ,0 , -  , -  , -  , -  , 1.7 ," 24,510.0 ","24,510 ","21,723 ", -  ," 21,723.0 ", -  ," 15,530.0 ","15,530 ","12,915 ", 313.0 ," 7,152.0 ", -  ," 5,450.0 ", 84 , -  , -  , -  , -  , -  
장안면," 17,283 ","17,283 ","17,283 ", 100.0 , -  , -  ,0 ,0 , -  , -  , -  , -  , 0.9 ," 17,283.0 ","17,283 ","17,283 ", -  ," 17,283.0 ", -  , -  ,0 ,0 , -  , -  , -  , -  , 528 , 491 , -  , -  , -  , -  
마로면," 68,691 ","68,730 ","62,452 ", 90.9 , -  , -  ,0 ,0 , -  , -  , -  , -  , 1.8 ," 51,991.0 ","52,030 ","52,030 ", -  ," 52,030.0 ", -  ," 16,700.0 ","16,700 ","10,422 ", 113.0 ," 4,219.0 ", -  ," 6,090.0 ", 534 , 892 , 5 , -  ," 50,700 ", 81.2 
탄부면," 30,912 ","30,912 ","30,912 ", 100.0 , -  , -  ,0 ,0 , -  , -  , -  , -  , 1.5 ," 28,458.0 ","28,458 ","28,458 ", -  ," 28,458.0 ", -  ," 2,454.0 ","2,454 ","2,454 ", -  ," 2,454.0 ", -  , -  , 216 , 199 , -  , -  , -  , -  
삼승면," 69,697 ","71,124 ","66,874 ", 94.0 , 0.2 ," 3,900.0 ","3,900 ","3,900 ", -  , 700.0 , -  ," 3,200.0 ", 1.7 ," 56,857.0 ","58,284 ","58,284 ", -  ," 58,284.0 ", -  ," 8,940.0 ","8,940 ","4,690 ", -  ," 1,408.0 ", -  ," 3,282.0 ", 782 , 917 , 5 , -  ," 8,181 ", 12.2 
수한면," 15,100 ","15,100 ","8,360 ", 55.4 , -  , -  ,0 ,0 , -  , -  , -  , -  , 0.8 ," 13,762.0 ","13,762 ","7,022 ", -  ," 7,022.0 ", -  ," 1,338.0 ","1,338 ","1,338 ", -  ," 1,338.0 ", -  , -  , 146 , 110 , -  , -  , -  , -  
회남면," 10,992 ","10,992 ",0 , -  , -  , -  ,0 ,0 , -  , -  , -  , -  , 0.3 ," 10,992.0 ","10,992 ",0 , -  , -  , -  , -  ,0 ,0 , -  , -  , -  , -  , -  , -  , -  , -  , -  , -  
회인면," 46,904 ","46,904 ","36,490 ", 77.8 , 0.2 ," 12,052.0 ","12,052 ","12,052 "," 4,303.0 "," 6,316.0 ", -  ," 1,433.0 ", 0.8 ," 20,612.0 ","20,612 ","20,243 ", -  ," 20,243.0 ", -  ," 14,240.0 ","14,240 ","4,195 ", 482.0 ," 1,337.0 ", -  ," 2,376.0 ", 54 , 25 , 1 , -  ," 5,094 ", 14.0 
내북면," 13,538 ","22,559 ","22,559 ", 100.0 , -  , -  ,0 ,0 , -  , -  , -  , -  , 0.5 ," 13,143.0 ","21,491 ","21,491 ", -  ," 21,491.0 ", -  , 395.0 ,"1,068 ","1,068 ", -  ," 1,068.0 ", -  , -  , 183 , 205 , -  , -  ," 11,951 ", 53.0 
산외면," 14,628 ","14,628 ","10,748 ", 73.5 , -  , -  ,0 ,0 , -  , -  , -  , -  , 0.9 ," 14,206.0 ","14,206 ","10,326 ", -  ," 10,326.0 ", -  , 422.0 ,422 ,422 , -  , 174.0 , 248.0 , -  , 118 , 126 , -  , -  ," 10,748 ", 100.0 
옥천군," 684,601 ","684,603 ","606,764 ", 88.6 , 37.4 ," 27,937.0 ","27,937 ","27,937 "," 1,028 "," 25,486 ", 500 , 923 , 2.0 ," 356,661.0 ","356,661 ","278,825 ", - ," 278,825 ", -  ," 300,003.0 ","300,005 ","300,002 "," 23,801 "," 143,403 "," 67,603 "," 65,195 "," 4,135 "," 4,136 ", 66 , 163 , - , -  
옥천읍," 235,580 ","235,580 ","224,673 ", 95.4 , 33.4 ," 21,343.0 ","21,343 ","21,343 ", 753.0 ," 19,393.4 ", 427.6 , 769.0 , 0.2 ," 101,991.0 ","101,991 ","91,084 ", -  ," 91,084.0 ",," 112,246.0 ","112,246 ","112,246 "," 8,825.0 "," 59,527.0 "," 13,723.0 "," 30,171.0 "," 2,098 "," 1,650 ", 66 , 106 , -  , -  
동이면," 58,193 ","58,194 ","55,459 ", 95.3 ,,,0 ,0 ,,,,, 0.1 ," 32,048.0 ","32,048 ","29,313 ", -  ," 29,313.0 ",," 26,145.0 ","26,146 ","26,146 "," 1,296.0 "," 14,662.0 "," 7,305.0 "," 2,883.0 ", 246 , 258 , -  , -  , -  , -  
안남면," 26,197 ","26,197 ","23,440 ", 89.5 ,,,0 ,0 ,,,,, 0.1 ," 14,451.0 ","14,451 ","11,695 ", -  ," 11,695.0 ",," 11,746.0 ","11,746 ","11,745 ", 889.0 ," 3,581.0 "," 3,156.0 "," 4,119.0 ", 214 , 281 , -  , -  , -  , -  
안내면," 38,182 ","38,182 ","34,355 ", 90.0 ,,,0 ,0 ,,,,, 0.0 ," 21,453.0 ","21,453 ","17,627 ", -  ," 17,627.0 ",," 16,729.0 ","16,729 ","16,728 "," 1,106.0 "," 5,757.0 "," 5,797.0 "," 4,068.0 ", 241 , 212 , -  , -  , -  , -  
청성면," 34,959 ","34,960 ","20,649 ", 59.1 ,,,0 ,0 ,,,,, 0.4 ," 21,291.0 ","21,291 ","6,980 ", -  ," 6,980.0 ",," 13,668.0 ","13,669 ","13,669 ", 949.0 ," 6,865.0 "," 3,791.0 "," 2,064.0 ", 96 , 20 , -  , -  , -  , -  
청산면," 65,540 ","65,540 ","53,613 ", 81.8 ,,,0 ,0 ,,,,, 0.3 ," 41,805.0 ","41,805 ","29,878 ", -  ," 29,878.0 ",," 23,735.0 ","23,735 ","23,735 "," 1,623.0 "," 9,431.0 "," 6,826.0 "," 5,855.0 ", 57 , 137 , -  , -  , -  , -  
이원면," 107,643 ","107,643 ","96,047 ", 89.2 ,,,0 ,0 ,,,,, 0.1 ," 59,866.0 ","59,866 ","48,270 ", -  ," 48,270.0 ",," 47,777.0 ","47,777 ","47,777 "," 3,260.0 "," 22,376.0 "," 13,133.0 "," 9,008.0 ", 686 ," 1,290 ", -  , 57 , -  , -  
군서면," 58,426 ","58,426 ","47,288 ", 80.9 ,,,0 ,0 ,,,,, 0.7 ," 33,348.0 ","33,348 ","22,210 ", -  ," 22,210.0 ",," 25,078.0 ","25,078 ","25,078 "," 3,138.0 "," 9,308.0 "," 7,813.0 "," 4,819.0 ", 113 , 43 , -  , -  , -  , -  
군북면," 59,881 ","59,881 ","51,240 ", 85.6 , 4.0 ," 6,594.0 ","6,594 ","6,594 ", 275.0 ," 6,092.6 ", 72.4 , 154.0 , 0.2 ," 30,408.0 ","30,408 ","21,768 ", -  ," 21,768.0 ",," 22,879.0 ","22,879 ","22,878 "," 2,715.0 "," 11,896.0 "," 6,059.0 "," 2,208.0 ", 384 , 245 , -  , -  , -  , -  
영동군," 272,316 ","441,645 ","374,705 ", 84.8 , -  , -  ,256 ,256 , - , 256 , - , - , 14.9 ," 272,316.0 ","272,316 ","205,376 ", - ," 205,376 ", -  , -  ,"169,073 ","169,073 "," 13,576 "," 54,557 ", - ," 100,940 "," 7,858 "," 7,540 ", 1 , 24 ," 374,705 ", 100.0 
영동읍," 79,466 ","146,853 ","140,697 ", 95.8 ,,,256 ,256 ,, 256.0 ,,, 5.4 ," 79,466.0 ","79,466 ","73,310 ",," 73,310.0 ",,,"67,131 ","67,131 "," 6,026.0 "," 37,557.0 ",," 23,548.0 "," 2,868 "," 2,208 ", 1 , 24 ," 140,697 ", 100.0 
용산면," 15,002 ","25,357 ","24,084 ", 95.0 ,,,0 ,0 ,,,,, 0.6 ," 15,002.0 ","15,002 ","13,729 ",," 13,729.0 ",,,"10,355 ","10,355 ", 895.0 ," 1,610.0 ",," 7,850.0 ", 538 , 533 ,,," 24,084 ", 100.0 
황간면," 28,949 ","44,308 ","40,820 ", 92.1 ,,,0 ,0 ,,,,, 2.5 ," 28,949.0 ","28,949 ","25,461 ",," 25,461.0 ",,,"15,359 ","15,359 "," 1,921.0 "," 3,866.0 ",," 9,572.0 ", 728 , 874 ,,," 40,820 ", 100.0 
추풍령면," 13,730 ","31,412 ","31,274 ", 99.6 ,,,0 ,0 ,,,,, 0.7 ," 13,730.0 ","13,730 ","13,592 ",," 13,592.0 ",,,"17,682 ","17,682 ", 900.0 ," 1,766.0 ",," 15,016.0 ", 577 , 524 ,,," 31,274 ", 100.0 
매곡면," 16,013 ","20,545 ","9,181 ", 44.7 ,,,0 ,0 ,,,,, 0.5 ," 16,013.0 ","16,013 ","4,649 ",," 4,649.0 ",,,"4,532 ","4,532 ", 465.0 , 368.0 ,," 3,699.0 ", 213 , 229 ,,," 9,181 ", 100.0 
상촌면," 16,072 ","21,675 ","14,098 ", 65.0 ,,,0 ,0 ,,,,, 0.8 ," 16,072.0 ","16,072 ","8,495 ",," 8,495.0 ",,,"5,603 ","5,603 ", 438.0 , 347.0 ,," 4,818.0 ", 317 , 381 ,,," 14,098 ", 100.0 
양강면," 21,842 ","33,379 ","26,455 ", 79.3 ,,,0 ,0 ,,,,, 0.9 ," 21,842.0 ","21,842 ","14,918 ",," 14,918.0 ",,,"11,537 ","11,537 ", 197.0 ," 1,263.0 ",," 10,077.0 ", 544 , 478 ,,," 26,455 ", 100.0 
용화면," 5,514 ","8,848 ","8,848 ", 100.0 ,,,0 ,0 ,,,,, 0.3 ," 5,514.0 ","5,514 ","5,514 ",," 5,514.0 ",,,"3,334 ","3,334 ",, 190.0 ,," 3,144.0 ", 207 , 229 ,,," 8,848 ", 100.0 
학산면," 28,688 ","41,893 ","33,789 ", 80.7 ,,,0 ,0 ,,,,, 1.1 ," 28,688.0 ","28,688 ","20,584 ",," 20,584.0 ",,,"13,205 ","13,205 ", 533.0 ," 2,801.0 ",," 9,871.0 ", 811 , 876 ,,," 33,789 ", 100.0 
양산면," 20,051 ","29,950 ","22,192 ", 74.1 ,,,0 ,0 ,,,,, 1.0 ," 20,051.0 ","20,051 ","12,293 ",," 12,293.0 ",,,"9,899 ","9,899 ", 940.0 ," 2,451.0 ",," 6,508.0 ", 579 , 539 ,,," 22,192 ", 100.0 
심천면," 26,989 ","37,425 ","23,267 ", 62.2 ,,,0 ,0 ,,,,, 1.1 ," 26,989.0 ","26,989 ","12,831 ",," 12,831.0 ",,,"10,436 ","10,436 "," 1,261.0 "," 2,338.0 ",," 6,837.0 ", 476 , 669 ,,," 23,267 ", 100.0 
증평군," 293,996 ","293,996 ","245,046 ", 83.4 , -  ," 15,899.0 ","15,899 ","15,899 ", 35 ," 6,551 "," 1,232 "," 8,081 ", -  ," 156,959.0 ","156,959 ","141,041 ", - ," 141,041 ", -  ," 121,138.0 ","121,138 ","88,106 "," 10,262 "," 52,306 "," 2,283 "," 23,255 "," 6,686 "," 3,811 ", 3 , -  ," 245,046 ", 100.0 
증평읍," 259,450 ","259,450 ","218,650 ", 84.3 ,," 11,247.0 ","11,247 ","11,247 ", -  ," 3,532.0 "," 1,232.0 "," 6,483.0 ",," 137,694.0 ","137,694 ","129,466 ", -  ," 129,466.0 ",," 110,509.0 ","110,509 ","77,937 "," 9,338.0 "," 46,067.0 "," 2,147.0 "," 20,385.0 "," 5,975 "," 3,652 ", 2 ,," 218,650 ", 100.0 
도안면," 34,546 ","34,546 ","26,396 ", 76.4 ,," 4,652.0 ","4,652 ","4,652 ", 35.0 ," 3,019.0 ", -  ," 1,598.0 ",," 19,265.0 ","19,265 ","11,575 ", -  ," 11,575.0 ",," 10,629.0 ","10,629 ","10,169 ", 924.0 ," 6,239.0 ", 136.0 ," 2,870.0 ", 711 , 159 , 1 ,," 26,396 ", 100.0 
진천군," 348,875 ","348,875 ","233,106 ", 66.8 , 16.0 ," 18,994.0 ","18,994 ","18,994 ", 158 ," 3,988 "," 1,765 "," 13,083 ", 16.0 ," 247,450.1 ","247,450 ","190,730 ", 447 ," 190,283 ", 16.0 ," 82,431.0 ","82,431 ","23,382 "," 1,056 "," 17,555 ", - ," 4,771 "," 3,539 "," 5,407 ", 12 , -  ," 154,756 ", 66.4 
진천읍," 134,730 ","134,730 ","99,711 ", 74.0 , 7.0 ," 14,292.0 ","14,292 ","14,292 ", -  , -  ," 1,665.0 "," 12,627.0 ", 7.0 ," 91,615.6 ","91,616 ","80,249 ", 146.0 ," 80,102.6 ", 7.0 ," 28,822.0 ","28,822 ","5,170 ", -  ," 5,170.0 ", -  , -  ," 1,912 "," 2,847 ", 12 , -  ," 81,048 ", 81.3 
덕산면," 51,239 ","51,239 ","32,763 ", 63.9 , 1.5 , -  ,0 ,0 , -  , -  , -  , -  , 1.5 ," 37,904.0 ","37,904 ","29,412 ", -  ," 29,412.0 ", 1.5 ," 13,335.0 ","13,335 ","3,351 ", 348.0 ," 1,579.0 ", -  ," 1,424.0 ", 504 , 642 , -  , -  ," 22,237 ", 67.9 
초평면," 26,067 ","26,067 ","26,067 ", 100.0 , 0.5 , -  ,0 ,0 , -  , -  , -  , -  , 0.5 ," 24,385.5 ","24,385 ","24,385 ", -  ," 24,385.5 ", 0.5 ," 1,682.0 ","1,682 ","1,682 ", -  , 990.0 , -  , 692.0 , 180 , 477 , -  , -  ," 5,156 ", 19.8 
문백면," 14,466 ","14,466 ","9,750 ", 67.4 , 0.3 , -  ,0 ,0 , -  , -  , -  , -  , 0.3 ," 8,598.2 ","8,598 ","8,598 ", -  ," 8,598.2 ", 0.3 ," 5,868.0 ","5,868 ","1,152 ", 62.0 , 528.0 , -  , 562.0 , 215 , 231 , -  , -  , -  , -  
백곡면," 18,589 ","18,589 ","1,186 ", 6.4 , 0.1 , -  ,0 ,0 , -  , -  , -  , -  , 0.1 ," 14,725.0 ","14,725 ",0 , -  , -  , 0.1 ," 3,864.0 ","3,864 ","1,186 ", 99.0 , 91.0 , -  , 996.0 , -  , -  , -  , -  , -  , -  
이월면," 52,620 ","52,620 ","30,934 ", 58.8 , 2.8 , -  ,0 ,0 , -  , -  , -  , -  , 2.8 ," 42,300.9 ","42,301 ","27,223 ", -  ," 27,222.9 ", 2.8 ," 10,319.0 ","10,319 ","3,711 ", -  ," 2,614.0 ", -  ," 1,097.0 ", 406 , 720 , -  , -  ," 25,321 ", 81.9 
광혜원면," 51,164 ","51,164 ","32,695 ", 63.9 , 3.8 ," 4,702.0 ","4,702 ","4,702 ", 158.0 ," 3,988.0 ", 100.0 , 456.0 , 3.8 ," 27,921.0 ","27,921 ","20,863 ", 301.0 ," 20,562.0 ", 3.8 ," 18,541.0 ","18,541 ","7,130 ", 547.0 ," 6,583.0 ", -  , -  , 322 , 490 , -  , -  ," 20,994 ", 64.2 
괴산군," 255,443 ","316,290 ","244,319 ", 77.2 , -  , -  ,0 ,0 , - , - , - , - , 27.3 ," 187,039.9 ","197,344 ","145,536 ", - ," 145,536 ", 27.3 ," 68,403.0 ","118,946 ","98,783 ", - ," 53,310 "," 8,100 "," 37,373 "," 6,240 "," 5,742 ", 27 , -  ," 244,319 ", 100.0 
괴산읍," 110,482 ","110,482 ","83,657 ", 75.7 , -  , -  ,0 ,0 , -  , -  , -  , -  , 16.0 ," 66,214.9 ","66,215 ","50,539 ",," 50,539.0 ", 16.0 ," 44,267.0 ","44,267 ","33,118 ",," 21,245.0 "," 2,524.0 "," 9,349.0 "," 2,936 "," 3,074 ", 14 , -  ," 83,657 ", 100.0 
감물면," 37,545 ","37,545 ","25,476 ", 67.9 , -  , -  ,0 ,0 , -  , -  , -  , -  , 1.2 ," 32,981.0 ","32,981 ","20,912 ",," 20,912.0 ", 1.2 ," 4,564.0 ","4,564 ","4,564 ",," 1,699.0 ", 7.0 ," 2,858.0 ", 445 , 225 , -  , -  ," 25,476 ", 100.0 
장연면," 11,117 ","11,180 ","7,128 ", 63.8 , -  , -  ,0 ,0 , -  , -  , -  , -  , 1.2 ," 9,699.0 ","9,699 ","5,647 ",," 5,647.0 ", 1.2 ," 1,418.0 ","1,481 ","1,481 ",, 655.0 , 128.0 , 698.0 , 211 , 145 , -  , -  ," 7,128 ", 100.0 
연풍면," 31,110 ","31,110 ","21,915 ", 70.4 , -  , -  ,0 ,0 , -  , -  , -  , -  , 1.4 ," 13,521.0 ","13,521 ","13,340 ",," 13,340.0 ", 1.4 ," 17,589.0 ","17,589 ","8,575 ",," 5,215.0 ", -  ," 3,360.0 ", 252 , 476 , -  , -  ," 21,915 ", 100.0 
칠성면," 16,412 ","25,965 ","19,027 ", 73.3 , -  , -  ,0 ,0 , -  , -  , -  , -  , 1.8 ," 16,412.0 ","16,412 ","9,474 ",," 9,474.0 ", 1.8 , -  ,"9,553 ","9,553 ",," 3,320.0 ", 181.0 ," 6,052.0 ", 291 , 436 , -  , -  ," 19,027 ", 100.0 
문광면," 6,061 ","6,061 ","4,456 ", 73.5 , -  , -  ,0 ,0 , -  , -  , -  , -  , 0.5 ," 5,496.0 ","5,496 ","3,891 ",," 3,891.0 ", 0.5 , 565.0 ,565 ,565 ,, 565.0 , -  , -  , 318 , 173 , -  , -  ," 4,456 ", 100.0 
청천면," 9,892 ","29,380 ","29,380 ", 100.0 , -  , -  ,0 ,0 , -  , -  , -  , -  , 1.5 ," 9,892.0 ","17,622 ","17,622 ",," 17,622.0 ", 1.5 , -  ,"11,758 ","11,758 ",," 7,232.0 "," 1,660.0 "," 2,866.0 ", 618 , 372 , 11 , -  ," 29,380 ", 100.0 
청안면," 10,465 ","21,653 ","21,653 ", 100.0 , -  , -  ,0 ,0 , -  , -  , -  , -  , 1.6 ," 10,465.0 ","11,686 ","11,686 ",," 11,686.0 ", 1.6 , -  ,"9,967 ","9,967 ",," 4,964.0 "," 1,598.0 "," 3,405.0 ", 603 , 379 , -  , -  ," 21,653 ", 100.0 
사리면," 8,709 ","16,599 ","9,690 ", 58.4 , -  , -  ,0 ,0 , -  , -  , -  , -  , 0.3 ," 8,709.0 ","8,709 ","1,800 ",," 1,800.0 ", 0.3 , -  ,"7,890 ","7,890 ",," 4,870.0 "," 1,012.0 "," 2,008.0 ", 199 , 260 , 2 , -  ," 9,690 ", 100.0 
소수면," 2,817 ","6,256 ","6,256 ", 100.0 , -  , -  ,0 ,0 , -  , -  , -  , -  , 0.2 ," 2,817.0 ","4,170 ","4,170 ",," 4,170.0 ", 0.2 , -  ,"2,086 ","2,086 ",, 552.0 , 447.0 ," 1,087.0 ", 154 , 170 , -  , -  ," 6,256 ", 100.0 
불정면," 10,833 ","20,059 ","15,681 ", 78.2 , -  , -  ,0 ,0 , -  , -  , -  , -  , 1.6 ," 10,833.0 ","10,833 ","6,455 ",," 6,455.0 ", 1.6 , -  ,"9,226 ","9,226 ",," 2,993.0 ", 543.0 ," 5,690.0 ", 213 , 32 , -  , -  ," 15,681 ", 100.0 
음성군," 286,476 ","292,240 ","241,681 ", 82.7 , 2.3 ," 24,216.0 ","24,216 ","24,216 "," 3,863 "," 19,249 ", - ," 1,104 ", 12.5 ," 162,807.0 ","162,947 ","115,292 ", - ," 115,292 ", 12.5 ," 99,453.0 ","105,077 ","102,173 ", 762 ," 101,045 ", - , 366 ," 5,214 "," 3,405 ", -  , 98 ," 212,392 ", 87.9 
음성읍," 96,755 ","96,755 ","59,339 ", 61.3 , 2.3 ," 24,216.0 ","24,216 ","24,216 "," 3,863.0 "," 19,249.0 ",," 1,104.0 ", 2.8 ," 55,828.0 ","55,828 ","21,316 ",," 21,316.0 ", 2.8 ," 16,711.0 ","16,711 ","13,807 ",," 13,807.0 ",,," 1,192 ", 975 ,, 31 ," 40,981 ", 69.1 
금왕읍," 68,855 ","73,869 ","71,082 ", 96.2 ,,,0 ,0 ,,,,, 1.7 ," 37,551.0 ","37,551 ","34,764 ",," 34,764.0 ", 1.7 ," 31,304.0 ","36,318 ","36,318 ",," 36,318.0 ",,," 1,108 "," 1,032 ",, 18 ," 63,364 ", 89.1 
소이면, - ,0 ,0 , -  ,,,0 ,0 ,,,,, 1.0 ,,0 ,0 ,,, 1.0 ,,0 ,0 ,,,,, 40 ,,,,, -  
원남면, - ,0 ,0 , -  ,,,0 ,0 ,,,,, 0.9 ,,0 ,0 ,,, 0.9 ,,0 ,0 ,,,,,,,,,, -  
맹동면, - ,0 ,0 , -  ,,,0 ,0 ,,,,,,,0 ,0 ,,,,,0 ,0 ,,,,,,,,,, -  
"대소면,
삼성면"," 68,972 ","69,309 ","64,650 ", 93.3 ,,,0 ,0 ,,,,, 3.6 ," 42,232.0 ","42,232 ","37,573 ",," 37,573.0 ", 3.6 ," 26,740.0 ","27,077 ","27,077 ", 762.0 ," 25,949.0 ",, 366.0 ," 1,836 ", 674 ,, 7 ," 61,850 ", 95.7 
생극면," 19,209 ","19,209 ","13,512 ", 70.3 ,,,0 ,0 ,,,,, 0.9 ," 11,752.0 ","11,752 ","6,055 ",," 6,055.0 ", 0.9 ," 7,457.0 ","7,457 ","7,457 ",," 7,457.0 ",,, 354 , 169 ,, 18 ," 13,512 ", 100.0 
감곡면," 32,685 ","33,098 ","33,098 ", 100.0 ,,,0 ,0 ,,,,, 1.6 ," 15,444.0 ","15,584 ","15,584 ",," 15,584.0 ", 1.6 ," 17,241.0 ","17,514 ","17,514 ",," 17,514.0 ",,, 684 , 555 ,, 24 ," 32,685 ", 98.8 
단양군," 207,318 ","236,696 ","172,507 ", 72.9 , -  , -  ,"26,815 ","26,815 "," 1,393.0 "," 22,381.0 ", 381.0 ," 2,660.0 ", 10.9 ," 127,772.0 ","130,335 ","99,589 ", 471.0 ," 99,118.0 ", -  ," 79,546.0 ","79,546 ","46,103 "," 3,611.0 "," 33,068.0 ", 628.0 ," 8,796.0 "," 2,720 "," 4,985 ", 64 , 39 ," 129,112.0 ", 74.8 
단양읍," 109,522 ","124,421 ","78,149 ", 62.8 , -  , -  ,"14,899 ","14,899 "," 1,219.0 "," 13,063.0 ", 144.0 , 473.0 , 3.1 ," 56,844.0 ","56,844 ","40,082 ", 51.0 ," 40,031.0 ", -  ," 52,678.0 ","52,678 ","23,168 "," 2,101.0 "," 15,401.0 ", 160.0 ," 5,506.0 "," 1,206 "," 2,364 ", 19 , 8 ," 73,373 ", 93.9 
매포읍," 65,176 ","77,092 ","64,132 ", 83.2 , -  , -  ,"11,916 ","11,916 ", 174.0 ," 9,318.0 ", 237.0 ," 2,187.0 ", 4.1 ," 38,308.0 ","38,308 ","29,281 ", 420.0 ," 28,861.0 ", -  ," 26,868.0 ","26,868 ","22,935 "," 1,510.0 "," 17,667.0 ", 468.0 ," 3,290.0 "," 1,062 "," 1,489 ", 45 , 31 ," 55,739 ", 86.9 
단성면," 9,082 ","9,082 ","7,203 ", 79.3 , -  , -  ,0 ,0 ,,,,, 0.6 ," 9,082.0 ","9,082 ","7,203 ",," 7,203.0 ",,,0 ,0 ,,,,, 82 , 213 ,,,, -  
대강면," 7,170 ","7,170 ","6,160 ", 85.9 , -  , -  ,0 ,0 ,,,,, 0.5 ," 7,170.0 ","7,170 ","6,160 ",," 6,160.0 ",,,0 ,0 ,,,,, 111 , 292 ,,,, -  
가곡면," 2,324 ","4,424 ","4,424 ", 100.0 , -  , -  ,0 ,0 ,,,,, 0.7 ," 2,324.0 ","4,424 ","4,424 ",," 4,424.0 ",,,0 ,0 ,,,,, 34 , 102 ,,,, -  
영춘면," 7,667 ","8,130 ","8,130 ", 100.0 , -  , -  ,0 ,0 ,,,,, 0.9 ," 7,667.0 ","8,130 ","8,130 ",," 8,130.0 ",,,0 ,0 ,,,,, 92 , 284 ,,,, -  
어상천면," 2,394 ","2,394 ","2,048 ", 85.5 , -  , -  ,0 ,0 ,,,,, 0.7 ," 2,394.0 ","2,394 ","2,048 ",," 2,048.0 ",,,0 ,0 ,,,,, 59 , 147 ,,,, -  
적성면," 3,983 ","3,983 ","2,261 ", 56.8 , -  , -  ,0 ,0 ,,,,, 0.3 ," 3,983.0 ","3,983 ","2,261 ",," 2,261.0 ",,,0 ,0 ,,,,, 74 , 94 ,,,, -  
충청남도," 9,715,673 ","10,338,860 ","7,564,161 ", 73.2 , 810.8 ," 1,998,187.0 ","2,147,207 ","1,576,193 "," 136,798.8 "," 736,352.9 "," 186,164.0 "," 516,877.3 ", 418.5 ," 4,987,202.6 ","5,332,182 ","3,982,026 ", 685.0 ," 3,981,340.7 ", 196.6 ," 2,730,283.5 ","2,859,471 ","2,005,942 "," 255,881.5 "," 1,450,833.8 "," 111,181.8 "," 188,045.2 "," 130,146 "," 305,733 "," 1,003 "," 1,010 "," 6,068,729.0 ", 80.2 
시부," 6,283,537 ","6,782,163 ","5,298,117 ", 78.1 , 682.4 ," 1,192,823.0 ","1,271,896 ","869,139 "," 60,769.0 "," 398,547.0 "," 154,151.0 "," 255,672.0 ", 162.2 ," 3,061,522.8 ","3,372,684 ","2,794,822 ", 684.0 ," 2,794,138.0 ", 159.8 ," 2,029,191.0 ","2,137,583 ","1,634,156 "," 232,965.0 "," 1,240,713.0 "," 47,444.0 "," 113,034.0 "," 102,714 "," 268,814 ", 687 , 789 ," 4,541,537.7 ", 85.7 
천안시," 1,688,592 ","1,745,062 ","1,426,079 ", 81.7 , 14.0 ," 692,685.0 ","692,685 ","445,975 "," 27,093 "," 137,728 "," 138,745 "," 142,409 ", 31.0 ," 772,690.0 ","826,230 ","754,948 ", 133 ," 754,815 ", 31.0 ," 223,217.0 ","226,147 ","225,156 "," 36,725 "," 184,102 "," 4,026 ", 303 ," 28,622 "," 205,072 ", 141 , 406 ," 1,361,669 ", 95.5 
시가지," 1,092,997 ","1,095,927 ","856,120 ", 78.1 , 9.0 ," 481,691.0 ","481,691 ","287,468 "," 15,322.0 "," 87,094.0 "," 97,558.0 "," 87,494.0 ", 7.0 ," 407,097.0 ","407,097 ","361,513 ", 133.0 ," 361,380.0 ", 7.0 ," 204,209.0 ","207,139 ","207,139 "," 35,537.0 "," 171,299.0 ", -  , 303.0 ," 18,400 "," 187,112 ", 101 , 251 ," 856,120 ", 100.0 
성환읍," 162,802 ","171,499 ","162,754 ", 94.9 , 3.0 ," 82,201.0 ","82,201 ","73,456 "," 5,367.0 "," 26,134.0 "," 18,758.0 "," 23,197.0 ", 4.0 ," 71,437.0 ","80,134 ","80,134 ", -  ," 80,134.0 ", 4.0 ," 9,164.0 ","9,164 ","9,164 ", 344.0 ," 7,460.0 "," 1,360.0 ", -  ," 1,573 "," 4,674 ", 16 , 53 ," 134,488 ", 82.6 
성거읍," 49,656 ","49,656 ","36,817 ", 74.1 , 1.0 ," 17,513.0 ","17,513 ","9,792 ", 785.0 ," 3,717.0 "," 1,234.0 "," 4,056.0 ", 4.0 ," 30,403.0 ","30,403 ","25,285 ", -  ," 25,285.0 ", 4.0 ," 1,740.0 ","1,740 ","1,740 ", 165.0 ," 1,075.0 ", 500.0 , -  , 648 ," 1,719 ", -  , -  ," 36,817 ", 100.0 
직산읍," 51,540 ","51,540 ","32,102 ", 62.3 , -  ," 23,760.0 ","23,760 ","10,853 "," 1,298.0 "," 3,098.0 "," 3,108.0 "," 3,349.0 ", 4.0 ," 26,355.0 ","26,355 ","19,824 ", -  ," 19,824.0 ", 4.0 ," 1,425.0 ","1,425 ","1,425 ", 27.0 , 898.0 , 500.0 , -  , 754 ," 1,583 ", -  , -  ," 32,102 ", 100.0 
목천읍," 73,376 ","95,907 ","94,858 ", 98.9 , -  ," 20,716.0 ","20,716 ","19,667 ", 729.0 ," 6,138.0 "," 3,736.0 "," 9,064.0 ", 1.0 ," 51,588.0 ","74,119 ","74,119 ", -  ," 74,119.0 ", 1.0 ," 1,072.0 ","1,072 ","1,072 ", -  , 572.0 , 500.0 , -  ," 2,287 "," 2,339 ", -  , -  ," 86,578 ", 91.3 
입장면," 37,258 ","37,258 ","26,551 ", 71.3 , 1.0 ," 14,995.0 ","14,995 ","5,725 ", 212.0 ," 2,120.0 "," 1,143.0 "," 2,250.0 ", 4.0 ," 20,844.0 ","20,844 ","19,407 ", -  ," 19,407.0 ", 4.0 ," 1,419.0 ","1,419 ","1,419 ", 79.0 , 840.0 , 500.0 , -  , 728 ," 1,351 ", 24 , 61 ," 26,551 ", 100.0 
풍세면," 62,777 ","62,777 ","57,779 ", 92.0 , -  ," 13,238.0 ","13,238 ","8,240 "," 1,061.0 "," 1,377.0 "," 2,680.0 "," 3,122.0 ", 1.0 ," 49,008.0 ","49,008 ","49,008 ", -  ," 49,008.0 ", 1.0 , 531.0 ,531 ,531 , -  , 131.0 , 400.0 , -  , 909 ," 1,800 ", -  , 14 ," 57,779 ", 100.0 
광덕면," 17,114 ","17,114 ","13,658 ", 79.8 , -  ," 8,326.0 ","8,326 ","5,326 ", 156.0 ," 1,809.0 "," 2,144.0 "," 1,217.0 ", -  ," 8,207.0 ","8,207 ","7,751 ", -  ," 7,751.0 ", -  , 581.0 ,581 ,581 , -  , 515.0 , 66.0 , -  , 106 , 234 , -  , -  ," 13,658 ", 100.0 
북면," 18,577 ","20,349 ","19,471 ", 95.7 , -  ," 3,192.0 ","3,192 ","2,658 ", -  , 970.0 , 468.0 ," 1,220.0 ", 1.0 ," 15,041.0 ","16,813 ","16,813 ", -  ," 16,813.0 ", 1.0 , 344.0 ,344 ,0 , -  , -  , -  , -  , 460 , 700 , -  , -  ," 17,699 ", 90.9 
성남면," 20,654 ","20,693 ","18,445 ", 89.1 , -  ," 2,500.0 ","2,500 ",300 , 300.0 , -  , -  , -  , 1.0 ," 17,654.0 ","17,693 ","17,693 ", -  ," 17,693.0 ", 1.0 , 500.0 ,500 ,452 , 408.0 , 44.0 , -  , -  , 461 , 621 , -  , 10 ," 12,854 ", 69.7 
수신면," 40,125 ","57,554 ","57,174 ", 99.3 , -  ," 13,141.0 ","13,141 ","12,915 ", 197.0 ," 2,442.0 "," 5,545.0 "," 4,731.0 ", 1.0 ," 26,459.0 ","43,888 ","43,888 ", -  ," 43,888.0 ", 1.0 , 525.0 ,525 ,371 , 165.0 , 206.0 , -  , -  ," 1,166 "," 1,633 ", -  , 1 ," 39,745 ", 69.5 
병천면," 44,450 ","47,522 ","45,454 ", 95.6 , -  ," 11,202.0 ","11,202 ","9,441 "," 1,666.0 "," 2,725.0 "," 2,371.0 "," 2,679.0 ", 2.0 ," 32,441.0 ","35,513 ","35,513 ", -  ," 35,513.0 ", 2.0 , 807.0 ,807 ,500 , -  , 300.0 , 200.0 , -  , 954 ," 1,102 ", -  , 16 ," 42,382 ", 93.2 
동면," 17,266 ","17,266 ","4,896 ", 28.4 , -  , 210.0 ,210 ,134 , -  , 104.0 , -  , 30.0 , 1.0 ," 16,156.0 ","16,156 ","4,000 ", -  ," 4,000.0 ", 1.0 , 900.0 ,900 ,762 , -  , 762.0 , -  , -  , 176 , 204 , -  , -  ," 4,896 ", 100.0 
공주시," 474,215 ","503,343 ","403,500 ", 80.2 , 567.1 ," 106,799.0 ","106,799 ","84,801 "," 12,454.0 "," 49,636.0 "," 2,858.0 "," 19,853.0 ", 23.5 ," 232,179.0 ","261,307 ","247,817 ", -  ," 247,817.0 ", 22.0 ," 135,237.0 ","135,237 ","70,882 "," 8,675.0 "," 58,970.0 "," 1,572.0 "," 1,665.0 "," 4,236 "," 4,702 ", 336 , 157 ," 327,550.0 ", 81.2 
시가지," 301,624 ","325,672 ","247,884 ", 76.1 , 77.0 ," 97,800.0 ","97,800 ","75,802 "," 11,181.0 "," 41,910.0 "," 2,858.0 "," 19,853.0 ", 16.0 ," 98,163.0 ","122,211 ","122,211 ",," 122,211.0 ", 16.0 ," 105,661.0 ","105,661 ","49,871 "," 5,970.0 "," 42,544.0 ", 592.0 , 765.0 ," 1,882 ", 772 , 336 , 157 ," 177,629 ", 71.7 
유구읍," 90,576 ","90,576 ","82,011 ", 90.5 , 102.0 ," 8,706.0 ","8,706 ","8,706 "," 1,273.0 "," 7,433.0 ",,, 2.0 ," 52,614.0 ","52,614 ","52,614 ",," 52,614.0 ", 2.0 ," 29,256.0 ","29,256 ","20,691 "," 2,705.0 "," 16,106.0 ", 980.0 , 900.0 ," 1,028 "," 2,682 ",, -  ," 81,618 ", 99.5 
반포면," 56,742 ","56,742 ","49,322 ", 86.9 , 78.0 , -  ,0 ,0 ,,,,, 2.0 ," 56,682.0 ","56,682 ","49,262 ",," 49,262.0 ", 2.0 , 60.0 ,60 ,60 , -  , 60.0 , -  , -  , 736 , 615 ,, -  ," 49,312 ", 100.0 
계룡면," 10,510 ","10,510 ","9,070 ", 86.3 , 84.0 , -  ,0 ,0 ,,,,, -  ," 10,250.0 ","10,250 ","8,810 ",," 8,810.0 ", -  , 260.0 ,260 ,260 , -  , 260.0 , -  , -  , 153 , 15 ,, -  ," 8,902 ", 98.1 
의당면," 2,500 ","2,500 ","1,992 ", 79.7 , 66.0 , -  ,0 ,0 ,,,,, 1.0 ," 2,500.0 ","2,500 ","1,992 ",," 1,992.0 ", 1.0 ,,0 ,0 , -  , -  , -  , -  , 53 , 126 ,, -  ," 1,971 ", 98.9 
신풍면," 6,316 ","6,316 ","3,351 ", 53.1 , 80.0 , 293.0 ,293 ,293 ,, 293.0 ,,, 1.0 ," 6,023.0 ","6,023 ","3,058 ",," 3,058.0 ", 1.0 ,,0 ,0 ,,,,, 23 , 50 ,,," 3,038 ", 90.7 
사곡면," 5,947 ","5,947 ","4,790 ", 80.5 , 80.1 , -  ,0 ,0 ,,,,, 1.5 ," 5,947.0 ","5,947 ","4,790 ",," 4,790.0 ",,,0 ,0 ,,,,, 212 , 240 ,,,, -  
탄천면, - ,"5,080 ","5,080 ", 100.0 ,,,0 ,0 ,,,,,,,"5,080 ","5,080 ",," 5,080.0 ",,,0 ,0 , -  , -  , -  , -  , 149 , 202 ,, -  ," 5,080 ", 100.0 
보령시," 551,694 ","605,946 ","463,653 ", 76.5 , -  ," 24,897.0 ","29,447 ","16,025 "," 1,397 "," 5,169 "," 4,353 "," 5,106 ", -  ," 288,272.0 ","288,372 ","159,501 ", 436 ," 159,065 ", -  ," 238,525.0 ","288,127 ","288,127 "," 38,346 "," 170,016 "," 36,819 "," 42,946 "," 11,985 "," 9,989 ", 70 , -  ," 402,154 ", 86.7 
대천1동," 83,955 ","100,665 ","77,333 ", 76.8 ,,,"1,364 ","1,364 ", -  , -  ," 1,306.0 ", 58.0 ,," 34,090.0 ","34,090 ","10,758 ", 174.0 ," 10,584.0 ",," 49,865.0 ","65,211 ","65,211 "," 7,232.0 "," 42,088.0 "," 3,859.0 "," 12,032.0 "," 4,904 "," 1,501 ", 15 ,," 77,151 ", 99.8 
대천2동," 41,977 ","59,689 ","42,818 ", 71.7 ,,,"3,186 ","3,186 ", -  , -  ," 3,047.0 ", 139.0 ,," 17,045.0 ","17,045 ",174 , 174.0 ,,," 24,932.0 ","39,458 ","39,458 "," 3,066.0 "," 33,015.0 ", -  ," 3,377.0 "," 1,556 "," 1,549 ", 14 ,," 42,818 ", 100.0 
대천3동," 75,956 ","85,821 ","77,424 ", 90.2 ,," 5,976.0 ","5,976 ",0 , -  , -  , -  , -  ,," 21,861.0 ","21,861 ","19,440 ", 44.0 ," 19,396.0 ",," 48,119.0 ","57,984 ","57,984 "," 10,443.0 "," 28,820.0 "," 12,625.0 "," 6,096.0 ", 803 ," 1,697 ", 4 ,," 77,424 ", 100.0 
대천4동," 66,343 ","76,208 ","48,033 ", 63.0 ,," 7,446.0 ","7,446 ",0 , -  , -  , -  , -  ,," 32,361.0 ","32,361 ","11,632 ", 44.0 ," 11,588.0 ",," 26,536.0 ","36,401 ","36,401 "," 6,887.0 "," 21,477.0 ", 736.0 ," 7,301.0 "," 1,535 ", 570 , 10 ,," 47,793 ", 99.5 
대천5동," 75,637 ","75,637 ","75,637 ", 100.0 ,," 11,475.0 ","11,475 ","11,475 "," 1,397.0 "," 5,169.0 ",," 4,909.0 ",," 25,879.0 ","25,879 ","25,879 ",," 25,879.0 ",," 38,283.0 ","38,283 ","38,283 "," 4,517.0 "," 26,333.0 ", 719.0 ," 6,714.0 "," 1,012 "," 1,639 ",,," 74,519 ", 98.5 
웅천읍," 68,313 ","68,313 ","52,231 ", 76.5 ,,,0 ,0 ,,,,,," 33,039.0 ","33,039 ","16,957 ",," 16,957.0 ",," 35,274.0 ","35,274 ","35,274 "," 5,363.0 "," 12,673.0 "," 9,812.0 "," 7,426.0 "," 1,085 ", 575 , 27 ,," 47,309 ", 90.6 
주포면," 2,510 ","2,510 ","2,260 ", 90.0 ,,,0 ,0 ,,,,,," 2,510.0 ","2,510 ","2,260 ",," 2,260.0 ",,,0 ,0 ,,,,, 59 , 65 ,,," 2,260 ", 100.0 
주교면," 13,247 ","13,247 ","13,247 ", 100.0 ,,,0 ,0 ,,,,,," 11,331.0 ","11,331 ","11,331 ",," 11,331.0 ",," 1,916.0 ","1,916 ","1,916 ", 286.0 ," 1,630.0 ",,, 95 , 199 ,,,, -  
오천면," 28,307 ","28,307 ","15,324 ", 54.1 ,,,0 ,0 ,,,,,," 28,307.0 ","28,307 ","15,324 ",," 15,324.0 ",,,0 ,0 ,,,,, 225 , 547 ,,," 6,288 ", 41.0 
천북면," 4,934 ","4,934 ","2,310 ", 46.8 ,,,0 ,0 ,,,,,," 4,934.0 ","4,934 ","2,310 ",," 2,310.0 ",,,0 ,0 ,,,,, 20 , 27 ,,,, -  
청소면," 7,407 ","7,507 ","7,507 ", 100.0 ,,,0 ,0 ,,,,,," 7,407.0 ","7,507 ","7,507 ",," 7,507.0 ",,,0 ,0 ,,,,, 199 , 276 ,,," 6,162 ", 82.1 
청라면," 12,050 ","12,050 ","4,212 ", 35.0 ,,,0 ,0 ,,,,,," 12,050.0 ","12,050 ","4,212 ",," 4,212.0 ",,,0 ,0 ,,,,, 76 , 120 ,,,, -  
남포면," 15,797 ","15,797 ","14,139 ", 89.5 ,,,0 ,0 ,,,,,," 13,254.0 ","13,254 ","11,596 ",," 11,596.0 ",," 2,543.0 ","2,543 ","2,543 ",," 2,280.0 ", 263.0 ,, 229 , 409 ,,," 7,654 ", 54.1 
주산면," 5,610 ","5,610 ","4,350 ", 77.5 ,,,0 ,0 ,,,,,," 5,610.0 ","5,610 ","4,350 ",," 4,350.0 ",,,0 ,0 ,,,,, 124 , 178 ,,," 4,281 ", 98.4 
미산면," 25,026 ","25,026 ","9,321 ", 37.2 ,,,0 ,0 ,,,,,," 25,026.0 ","25,026 ","9,321 ",," 9,321.0 ",,,0 ,0 ,,,,, 63 , 217 ,,," 8,495 ", 91.1 
성주면," 24,625 ","24,625 ","17,507 ", 71.1 ,,,0 ,0 ,,,,,," 13,568.0 ","13,568 ","6,450 ",," 6,450.0 ",," 11,057.0 ","11,057 ","11,057 ", 552.0 ," 1,700.0 "," 8,805.0 ",, -  , 420 ,,,, -  
아산시," 1,049,580 ","1,079,086 ","1,017,422 ", 94.3 , -  ," 23,800.0 ","23,800 ","21,500 ", -  ," 21,500.0 ", -  , -  , 48.7 ," 526,090.0 ","537,421 ","489,607 ", -  ," 489,607.0 ", 48.7 ," 499,690.0 ","517,865 ","506,315 "," 111,220.0 "," 335,835.0 ", -  ," 59,260.0 "," 23,586 "," 14,173 ", 4 , 164 ," 723,524.0 ", 71.1 
시가지," 436,580 ","448,791 ","444,969 ", 99.1 ,," 23,800.0 ","23,800 ","21,500 ", -  ," 21,500.0 ",,, 20.5 ," 218,120.0 ","218,120 ","216,598 ",," 216,598.0 ", 20.5 ," 194,660.0 ","206,871 ","206,871 "," 33,580.0 "," 156,721.0 ",," 16,570.0 "," 11,276 "," 10,247 ", 4 , 40 ," 410,726 ", 92.3 
염치읍," 8,460 ","8,460 ","8,460 ", 100.0 ,,,0 ,0 , -  , -  ,,, -  ," 5,800.0 ","5,800 ","5,800 ",," 5,800.0 ", -  ," 2,660.0 ","2,660 ","2,660 "," 1,310.0 "," 1,350.0 ", -  , -  , 208 ,, -  , -  ," 8,423 ", 99.6 
신창면," 35,610 ","37,070 ","37,070 ", 100.0 ,,,0 ,0 , -  , -  ,,, -  ," 17,290.0 ","17,850 ","17,850 ",," 17,850.0 ", -  ," 18,320.0 ","19,220 ","19,220 "," 7,270.0 "," 11,950.0 ", -  , -  , 724 ,, -  , 9 ," 32,171 ", 86.8 
송악면," 45,560 ","45,560 ","32,862 ", 72.1 ,,,0 ,0 , -  , -  ,,, -  ," 36,550.0 ","36,550 ","23,852 ",," 23,852.0 ", -  ," 9,010.0 ","9,010 ","9,010 "," 4,070.0 "," 4,940.0 ", -  , -  , 504 , 156 , -  , 13 ," 9,009 ", 27.4 
배방읍," 222,560 ","222,560 ","194,845 ", 87.5 ,,,0 ,0 , -  , -  ,,, 19.2 ," 111,600.0 ","111,600 ","95,435 ",," 95,435.0 ", 19.2 ," 110,960.0 ","110,960 ","99,410 "," 17,570.0 "," 80,950.0 ", -  , 890.0 ," 3,634 "," 1,606 ", -  , 31 ," 88,604 ", 45.5 
탕정면," 62,270 ","62,270 ","62,270 ", 100.0 ,,,0 ,0 , -  , -  ,,, -  ," 18,130.0 ","18,130 ","18,130 ",," 18,130.0 ", -  ," 44,140.0 ","44,140 ","44,140 "," 6,750.0 "," 27,000.0 ", -  ," 10,390.0 "," 1,078 ",, -  , 18 ," 46,821 ", 75.2 
선장면," 25,310 ","33,822 ","33,822 ", 100.0 ,,,0 ,0 , -  , -  ,,, 0.7 ," 13,770.0 ","21,774 ","21,774 ",," 21,774.0 ", 0.7 ," 11,540.0 ","12,048 ","12,048 "," 7,550.0 "," 4,498.0 ", -  , -  , 577 , 507 , -  , 6 ," 11,545 ", 34.1 
둔포면," 69,610 ","71,437 ","71,437 ", 100.0 ,,,0 ,0 , -  , -  ,,, 1.6 ," 39,350.0 ","41,087 ","41,087 ",," 41,087.0 ", 1.6 ," 30,260.0 ","30,350 ","30,350 "," 12,940.0 "," 11,900.0 ", -  ," 5,510.0 "," 2,613 ", 822 , -  , 12 ," 60,469 ", 84.6 
인주면," 39,380 ","39,380 ","27,090 ", 68.8 ,,,0 ,0 , -  , -  ,,, 5.3 ," 12,290.0 ","12,290 ",0 ,, -  , 5.3 ," 27,090.0 ","27,090 ","27,090 "," 7,760.0 "," 12,290.0 ", -  ," 7,040.0 ", 751 , 64 , -  , 14 ," 20,044 ", 74.0 
도고면," 84,510 ","88,476 ","83,337 ", 94.2 ,,,0 ,0 , -  , -  ,,, 1.4 ," 33,460.0 ","33,460 ","28,321 ",," 28,321.0 ", 1.4 ," 51,050.0 ","55,016 ","55,016 "," 12,420.0 "," 23,736.0 ", -  ," 18,860.0 "," 1,788 ", 771 , -  , 20 ," 35,712 ", 42.9 
영인면," 8,710 ","10,220 ","10,220 ", 100.0 ,,,0 ,0 , -  , -  ,,, -  ," 8,710.0 ","9,720 ","9,720 ",," 9,720.0 ", -  ,,500 ,500 , -  , 500.0 , -  , -  , 233 ,, -  , -  , -  , -  
음봉면," 11,020 ","11,040 ","11,040 ", 100.0 ,,,0 ,0 , -  , -  ,,, -  ," 11,020.0 ","11,040 ","11,040 ",," 11,040.0 ", -  ,,0 ,0 , -  , -  , -  , -  , 200 ,, -  , 1 , -  , -  
서산시," 1,103,944 ","1,313,028 ","809,799 ", 61.7 , 38.0 ," 244,208.0 ","244,208 ","125,881 "," 7,717 "," 68,724 "," 7,337 "," 42,103 ", -  ," 403,636.0 ","606,910 ","535,356 ", - ," 535,356 ", -  ," 456,100.0 ","461,910 ","148,562 "," 15,335 "," 133,227 ", - , - ," 9,397 "," 13,069 ", 76 , -  ," 660,020 ", 81.5 
시가지," 502,976 ","660,921 ","542,594 ", 82.1 , 22.0 ," 152,715.0 ","152,715 ","34,388 ", 186.0 ," 23,922.0 "," 2,199.0 "," 8,081.0 ",," 208,909.0 ","361,044 ","361,044 ",," 361,044.0 ",," 141,352.0 ","147,162 ","147,162 "," 15,335.0 "," 131,827.0 ",,," 6,910 "," 11,093 ", 18 ,," 443,998 ", 81.8 
대산읍," 237,318 ","237,318 ","32,936 ", 13.9 , 5.0 ," 18,379.0 ","18,379 ","18,379 "," 1,219.0 "," 12,455.0 ", 18.0 ," 4,687.0 ",," 84,353.0 ","84,353 ","14,399 ",," 14,399.0 ",," 134,586.0 ","134,586 ",158 , -  , 158.0 ,,, 284 , 45 , 19 ,," 32,543 ", 98.8 
인지면," 10,817 ","35,963 ","35,263 ", 98.1 , 1.0 ," 7,558.0 ","7,558 ","7,558 ", 383.0 ," 3,414.0 ", 61.0 ," 3,700.0 ",," 2,333.0 ","27,479 ","27,479 ",," 27,479.0 ",, 926.0 ,926 ,226 , -  , 226.0 ,,, 607 , 729 , 2 ,," 19,444 ", 55.1 
부석면," 11,790 ","14,473 ","14,472 ", 100.0 , -  ," 4,583.0 ","4,583 ","4,583 ", 588.0 ," 1,398.0 ", 201.0 ," 2,396.0 ",," 7,206.0 ","9,889 ","9,889 ",," 9,888.5 ",, 1.0 ,1 ,0 , -  , -  ,,, 173 , 148 , 3 ,," 13,472 ", 93.1 
팔봉면," 1,237 ","1,237 ","1,048 ", 84.7 , -  ," 1,048.0 ","1,048 ","1,048 ", 15.0 , 710.0 , -  , 323.0 ,, 1.0 ,1 ,0 ,, -  ,, 188.0 ,188 ,0 , -  , -  ,,, -  , -  , 2 ,," 1,047 ", 99.9 
지곡면," 6,002 ","10,827 ","10,447 ", 96.5 , -  ," 3,052.0 ","3,052 ","3,052 ", 37.0 ," 1,025.0 ", -  ," 1,990.0 ",," 2,570.0 ","7,395 ","7,395 ",," 7,394.5 ",, 380.0 ,380 ,0 , -  , -  ,,, 146 , 139 , 4 ,," 7,877 ", 75.4 
성연면," 19,546 ","19,546 ","17,721 ", 90.7 , 1.0 ," 4,644.0 ","4,644 ","4,644 "," 1,830.0 "," 1,506.0 ", -  ," 1,308.0 ",," 13,077.0 ","13,077 ","13,077 ",," 13,077.0 ",," 1,825.0 ","1,825 ",0 , -  , -  ,,, 173 , 145 , 2 ,," 10,499 ", 59.2 
음암면," 20,320 ","20,320 ","10,137 ", 49.9 , -  ," 5,900.0 ","5,900 ","5,900 ", 55.0 ," 3,455.0 ", -  ," 2,390.0 ",," 5,836.0 ","5,836 ","4,237 ",," 4,237.0 ",," 8,584.0 ","8,584 ",0 , -  , -  ,,, 28 , -  , 2 ,," 10,137 ", 100.0 
운산면," 43,972 ","43,972 ","26,292 ", 59.8 , 1.0 ," 9,240.0 ","9,240 ","9,240 ", 820.0 ," 6,415.0 ", 611.0 ," 1,394.0 ",," 16,792.0 ","16,792 ","16,792 ",," 16,792.0 ",," 17,940.0 ","17,940 ",260 , -  , 260.0 ,,, 153 , 271 , 2 ,," 16,828 ", 64.0 
해미면," 84,177 ","102,663 ","102,663 ", 100.0 , 6.0 ," 26,726.0 ","26,726 ","26,726 "," 1,843.0 "," 9,729.0 "," 4,022.0 "," 11,132.0 ",," 56,695.0 ","75,181 ","75,181 ",," 75,181.0 ",, 756.0 ,756 ,756 , -  , 756.0 ,,, 874 , 499 , 19 ,," 87,948 ", 85.7 
고북면," 165,789 ","165,789 ","16,227 ", 9.8 , 2.0 ," 10,363.0 ","10,363 ","10,363 ", 741.0 ," 4,695.0 ", 225.0 ," 4,702.0 ",," 5,864.0 ","5,864 ","5,864 ",," 5,864.0 ",," 149,562.0 ","149,562 ",0 , -  , -  ,,, 49 , -  , 3 ,," 16,227 ", 100.0 
논산시," 701,580 ","807,978 ","594,343 ", 73.6 , 24.5 , -  ,"74,523 ","74,523 ", - ," 74,523 ", - , - , 13.6 ," 509,920.0 ","509,920 ","305,409 ", - ," 305,409 ", 12.1 ," 191,660.0 ","223,535 ","214,411 ", - ," 214,411 ", - , - ," 16,785 "," 13,099 ", -  , -  ," 566,265 ", 95.3 
시가지 및 강경읍," 407,004 ","450,224 ","356,968 ", 79.3 , 11.1 , -  ,"43,220 ","43,220 ",," 43,220.0 ",,, 6.0 ," 254,838.0 ","254,838 ","169,202 ",," 169,202.0 ", 6.0 ," 152,166.0 ","152,166 ","144,546 ",," 144,546.0 ",,," 8,877 "," 8,597 ",,," 332,119 ", 93.0 
연무읍," 98,164 ","120,765 ","111,670 ", 92.5 , 2.9 , -  ,"22,601 ","22,601 ",," 22,601.0 ",,, 1.7 ," 69,970.0 ","69,970 ","62,379 ",," 62,379.0 ", 1.7 ," 28,194.0 ","28,194 ","26,690 ",," 26,690.0 ",,," 3,722 "," 2,280 ",,," 111,670 ", 100.0 
연산면," 44,532 ","54,516 ","40,568 ", 74.4 , 1.9 , -  ,"7,999 ","7,999 ",," 7,999.0 ",,, 1.0 ," 33,232.0 ","33,232 ","19,284 ",," 19,284.0 ", 0.5 ," 11,300.0 ","13,285 ","13,285 ",," 13,285.0 ",,," 1,352 ", 587 ,,," 40,568 ", 100.0 
마을하수도," 151,880 ","182,473 ","85,137 ", 46.7 , 8.5 , -  ,703 ,703 ,, 703.0 ,,, 5.0 ," 151,880.0 ","151,880 ","54,544 ",," 54,544.0 ", 4.0 , -  ,"29,890 ","29,890 ",," 29,890.0 ",,," 2,834 "," 1,635 ",,," 81,908 ", 96.2 
계룡시," 179,050 ","179,352 ","174,224 ", 97.1 , -  ," 8,212.0 ","8,212 ","8,212 "," 1,137 "," 5,696 ", 19 ," 1,360 ", 7.1 ," 78,721.8 ","79,024 ","73,896 ", -  ," 73,896.0 ", 7.1 ," 92,116.0 ","92,116 ","92,116 "," 8,961.0 "," 73,294.0 "," 3,385.0 "," 6,476.0 "," 4,574 ", 532 , -  , 58 ," 173,922.0 ", 99.8 
두마면," 46,151 ","46,453 ","46,453 ", 100.0 , -  ," 1,050.0 ","1,050 ","1,050 ", -  , 914.0 , -  , 136.0 , 3.2 ," 18,930.0 ","19,232 ","19,232 ", -  ," 19,232.0 ", 3.2 ," 26,171.0 ","26,171 ","26,171 "," 2,596.0 "," 18,336.0 "," 1,855.0 "," 3,384.0 "," 1,172 ", 88 , -  , 21 ," 46,151 ", 99.3 
엄사면," 63,808 ","63,808 ","58,680 ", 92.0 , -  ," 5,683.0 ","5,683 ","5,683 "," 1,137.0 "," 4,233.0 ", 19.0 , 294.0 , 1.9 ," 29,183.8 ","29,184 ","24,056 ", -  ," 24,056.0 ", 1.9 ," 28,941.0 ","28,941 ","28,941 "," 3,212.0 "," 24,183.0 ", 332.0 ," 1,214.0 "," 1,661 ", 212 , -  , 21 ," 58,680 ", 100.0 
신도안면," 18,985 ","18,985 ","18,985 ", 100.0 , -  ," 1,479.0 ","1,479 ","1,479 ", -  , 549.0 , -  , 930.0 , 0.7 ," 8,817.0 ","8,817 ","8,817 ", -  ," 8,817.0 ", 0.7 ," 8,689.0 ","8,689 ","8,689 ", 860.0 ," 7,688.0 ", -  , 141.0 , 312 , 100 , -  , 4 ," 18,985 ", 100.0 
금암동," 50,106 ","50,106 ","50,106 ", 100.0 , -  , -  ,0 ,0 , -  , -  , -  , -  , 1.2 ," 21,791.0 ","21,791 ","21,791 ", -  ," 21,791.0 ", 1.2 ," 28,315.0 ","28,315 ","28,315 "," 2,293.0 "," 23,087.0 "," 1,198.0 "," 1,737.0 "," 1,429 ", 132 , -  , 12 ," 50,106 ", 100.0 
당진시," 534,882 ","548,368 ","409,097 ", 74.6 , 38.8 ," 92,222.0 ","92,222 ","92,222 "," 10,971.0 "," 35,571.0 ", 839.0 ," 44,841.0 ", 38.3 ," 250,014.0 ","263,500 ","228,288 ", 115.0 ," 228,173.0 ", 39.0 ," 192,646.0 ","192,646 ","88,587 "," 13,703.0 "," 70,858.0 "," 1,642.0 "," 2,384.0 "," 3,529 "," 8,178 ", 60 , 4 ," 326,434.0 ", 79.8 
"당진1,2,3동"," 214,885 ","215,485 ","190,092 ", 88.2 , 26.5 ," 47,290.0 ","47,290 ","47,290 "," 7,567.0 "," 19,685.0 ", 591.0 ," 19,447.0 ", 13.1 ," 104,651.0 ","105,251 ","105,251 ", 115.0 ," 105,136.0 ", 13.0 ," 62,944.0 ","62,944 ","37,551 "," 3,939.0 "," 31,086.0 ", 142.0 ," 2,384.0 "," 1,805 "," 3,689 ", 60 , 4 ," 140,650 ", 74.0 
합덕읍," 119,936 ","132,822 ","100,094 ", 75.4 , 1.6 ," 34,815.0 ","34,815 ","34,815 "," 3,013.0 "," 12,775.0 ", 248.0 ," 18,779.0 ", 8.2 ," 45,046.0 ","57,932 ","57,932 ",," 57,932.0 ", 8.0 ," 40,075.0 ","40,075 ","7,347 "," 1,105.0 "," 4,742.0 "," 1,500.0 ",, 662 ," 1,960 ",,," 80,324 ", 80.2 
신평면," 69,615 ","69,615 ","22,841 ", 32.8 , 2.2 ," 4,056.0 ","4,056 ","4,056 ", 170.0 ," 1,703.0 ",," 2,183.0 ", 4.5 ," 32,008.0 ","32,008 ","12,945 ",," 12,945.0 ", 5.0 ," 33,551.0 ","33,551 ","5,840 ", -  ," 5,840.0 ",,, 42 , 10 ,,," 10,700 ", 46.8 
송악읍 고대리," 70,323 ","70,323 ","63,000 ", 89.6 , 7.2 , -  ,0 ,0 , -  , -  ,, -  , 8.3 ," 34,054.0 ","34,054 ","34,054 ",," 34,054.0 ", 8.0 ," 36,269.0 ","36,269 ","28,946 "," 8,659.0 "," 20,287.0 ",,, 982 ," 2,519 ",,," 62,500 ", 99.2 
송악읍 중흥리," 11,258 ","11,258 ","2,986 ", 26.5 , 0.7 ," 1,471.0 ","1,471 ","1,471 ", 35.0 , 98.0 ,," 1,338.0 ", 1.7 ," 7,232.0 ","7,232 ","1,515 ",," 1,515.0 ", 2.0 ," 2,555.0 ","2,555 ",0 , -  , -  ,,, -  ,,,," 2,700 ", 90.4 
송악읍 기지시리," 48,865 ","48,865 ","30,084 ", 61.6 , 0.6 ," 4,590.0 ","4,590 ","4,590 ", 186.0 ," 1,310.0 ",," 3,094.0 ", 2.5 ," 27,023.0 ","27,023 ","16,591 ",," 16,591.0 ", 3.0 ," 17,252.0 ","17,252 ","8,903 ", -  ," 8,903.0 ",,, 38 ,,,," 29,560 ", 98.3 
군부," 3,432,136 ","3,556,697 ","2,266,044 ", 63.7 , 128.4 ," 805,364.0 ","875,311 ","707,054 "," 76,029.8 "," 337,805.9 "," 32,013.0 "," 261,205.3 ", 256.3 ," 1,925,679.8 ","1,959,498 ","1,187,204 ", 1.0 ," 1,187,202.7 ", 36.7 ," 701,092.5 ","721,888 ","371,786 "," 22,916.5 "," 210,120.8 "," 63,737.8 "," 75,011.2 "," 27,432 "," 36,919 ", 316 , 221 ," 1,527,191.3 ", 67.4 
금산군," 368,043 ","437,282 ","371,576 ", 85.0 , -  , -  ,"69,167 ","69,167 "," 21,923 "," 17,741 "," 2,222 "," 27,281 ", 10.6 ," 329,616.0 ","329,616 ","298,675 ", - ," 298,675 ", 10.6 ," 38,427.0 ","38,499 ","3,734 ", - ," 2,959 ", - , 775 ," 5,291 "," 10,756 ", -  , -  , - , -  
금산읍," 106,132 ","175,299 ","163,169 ", 93.1 ,,,"69,167 ","69,167 "," 21,923.0 "," 17,741.0 "," 2,222.0 "," 27,281.0 ", 3.3 ," 90,340.0 ","90,340 ","90,340 ",," 90,340.0 ", 3.3 ," 15,792.0 ","15,792 ","3,662 ",," 2,887.0 ",, 775.0 ," 2,632 "," 4,783 ",,,, -  
금성면," 28,343 ","28,343 ","26,450 ", 93.3 ,,,0 ,0 ,,,,, 1.1 ," 28,343.0 ","28,343 ","26,450 ",," 26,450.0 ", 1.1 ,,0 ,0 ,,,,, 174 , 453 ,,,, -  
제원면," 24,879 ","24,879 ","20,499 ", 82.4 ,,,0 ,0 ,,,,, 0.4 ," 24,879.0 ","24,879 ","20,499 ",," 20,499.0 ", 0.4 ,,0 ,0 ,,,,, 194 , 512 ,,,, -  
부리면," 29,300 ","29,372 ","27,998 ", 95.3 ,,,0 ,0 ,,,,, 0.9 ," 29,300.0 ","29,300 ","27,926 ",," 27,926.0 ", 0.9 ,,72 ,72 ,, 72.0 ,,, 402 , 694 ,,,, -  
군북면," 33,505 ","33,505 ","30,999 ", 92.5 ,,,0 ,0 ,,,,, 0.7 ," 33,505.0 ","33,505 ","30,999 ",," 30,999.0 ", 0.7 ,,0 ,0 ,,,,, 688 ," 1,121 ",,,, -  
남일면," 16,319 ","16,319 ","15,729 ", 96.4 ,,,0 ,0 ,,,,, 0.4 ," 16,319.0 ","16,319 ","15,729 ",," 15,729.0 ", 0.4 ,,0 ,0 ,,,,, 166 , 497 ,,,, -  
남이면," 9,195 ","9,195 ","6,763 ", 73.6 ,,,0 ,0 ,,,,, 0.2 ," 9,195.0 ","9,195 ","6,763 ",," 6,763.0 ", 0.2 ,,0 ,0 ,,,,, 116 , 214 ,,,, -  
진산면," 21,356 ","21,356 ","21,356 ", 100.0 ,,,0 ,0 ,,,,, 0.4 ," 21,356.0 ","21,356 ","21,356 ",," 21,356.0 ", 0.4 ,,0 ,0 ,,,,, 149 , 387 ,,,, -  
복수면," 29,305 ","29,305 ","12,626 ", 43.1 ,,,0 ,0 ,,,,, 0.6 ," 29,305.0 ","29,305 ","12,626 ",," 12,626.0 ", 0.6 ,,0 ,0 ,,,,, 220 , 498 ,,,, -  
추부면," 69,709 ","69,709 ","45,987 ", 66.0 ,,,0 ,0 ,,,,, 2.5 ," 47,074.0 ","47,074 ","45,987 ",," 45,987.0 ", 2.5 ," 22,635.0 ","22,635 ",0 ,,,,, 550 ," 1,597 ",,,, -  
부여군," 718,704 ","723,922 ","464,272 ", 64.1 , 16.3 ," 214,538.0 ","214,538 ","214,538 "," 20,656 "," 102,927 ", - ," 90,955 ", 20.4 ," 360,656.8 ","365,874 ","208,361 ", - ," 208,361 ", -  ," 143,509.5 ","143,510 ","41,373 "," 4,950 "," 23,278 ", 236 ," 12,908 "," 7,058 "," 11,065 ", 11 , 22 ," 331,118 ", 71.3 
부여읍," 221,929 ","221,929 ","131,118 ", 59.1 , 7.1 ," 99,295.7 ","99,296 ","99,296 "," 10,430.1 "," 49,501.3 ", -  ," 39,364.3 ", 4.4 ," 66,254.9 ","66,255 ","28,589 ", -  ," 28,589.0 ",," 56,378.4 ","56,378 ","3,233 ", -  ," 2,803.7 ", -  , 429.7 ," 2,050 "," 5,859 ", 7 , 9 ," 109,167 ", 83.3 
규암면," 119,825 ","119,825 ","98,471 ", 82.2 , 2.7 ," 40,493.4 ","40,493 ","40,493 "," 2,881.6 "," 23,901.0 ", -  ," 13,710.8 ", 6.7 ," 61,376.2 ","61,376 ","42,836 ", -  ," 42,836.0 ",," 17,955.2 ","17,955 ","15,141 "," 2,916.9 "," 10,288.2 ", -  ," 1,936.1 "," 1,110 "," 1,015 ", 4 , 13 ," 64,274 ", 65.3 
은산면," 53,892 ","53,892 ","46,771 ", 86.8 , 0.9 ," 12,444.8 ","12,445 ","12,445 ", 739.6 ," 3,853.6 ", -  ," 7,851.6 ", 1.1 ," 33,534.0 ","33,534 ","33,534 ", -  ," 33,534.0 ",," 7,913.5 ","7,914 ",793 , -  , 173.7 , -  , 618.8 , 552 , 998 , -  ,," 26,150 ", 55.9 
외산면," 28,399 ","28,399 ","28,015 ", 98.6 , 0.7 ," 1,441.7 ","1,442 ","1,442 ", -  , 988.1 , -  , 453.6 , 0.5 ," 21,226.0 ","21,226 ","21,226 ", -  ," 21,226.0 ",," 5,730.8 ","5,731 ","5,347 ", -  ," 2,302.7 ", -  ," 3,044.1 ", 640 , 725 , -  ,," 16,402 ", 58.5 
내산면," 18,716 ","18,716 ","17,817 ", 95.2 , 0.0 , 725.3 ,725 ,725 , -  , 658.1 , -  , 67.2 , 0.1 ," 14,011.0 ","14,011 ","14,011 ", -  ," 14,011.0 ",," 3,979.5 ","3,980 ","3,081 ", 493.2 ," 1,172.9 ", 235.8 ," 1,178.7 ", 333 , 238 , -  ,," 10,022 ", 56.2 
구룡면," 14,185 ","14,185 ","5,732 ", 40.4 , 0.4 ," 5,732.4 ","5,732 ","5,732 ", 212.6 ," 3,197.1 ", -  ," 2,322.7 ", 0.4 ," 5,770.0 ","5,770 ",0 , -  , -  ,," 2,683.0 ","2,683 ",0 , -  , -  , -  , -  , 117 , 81 , -  ,," 5,732 ", 100.0 
홍산면," 35,639 ","35,639 ","28,012 ", 78.6 , 0.9 ," 17,800.0 ","17,800 ","17,800 "," 1,791.6 "," 8,463.7 ", -  ," 7,544.7 ", 0.8 ," 10,212.0 ","10,212 ","10,212 ", -  ," 10,212.0 ",," 7,627.0 ","7,627 ",0 , -  , -  , -  , -  , 324 , 307 , -  ,," 17,800 ", 63.5 
옥산면," 6,089 ","6,089 ","4,789 ", 78.6 , 0.0 , 232.7 ,233 ,233 , -  , 198.1 , -  , 34.6 , 0.2 ," 3,525.8 ","3,526 ","2,226 ", -  ," 2,225.8 ",," 2,330.3 ","2,330 ","2,330 ", -  ," 1,725.1 ", -  , 605.3 , 80 , 15 , -  ,," 4,789 ", 100.0 
남  면," 29,446 ","29,446 ","4,468 ", 15.2 , 0.4 ," 4,468.4 ","4,468 ","4,468 ", 263.5 ," 1,350.1 ", -  ," 2,854.8 ", 0.7 ," 20,220.0 ","20,220 ",0 , -  , -  ,," 4,758.0 ","4,758 ",0 , -  , -  , -  , -  , 39 , 54 , -  ,," 4,468 ", 100.0 
충화면," 14,038 ","14,038 ","9,332 ", 66.5 , 0.2 ," 3,299.6 ","3,300 ","3,300 ", 88.0 ," 1,531.4 ", -  ," 1,680.2 ", 0.4 ," 7,631.2 ","7,631 ","4,311 ", -  ," 4,311.2 ",," 3,107.5 ","3,108 ","1,722 ", 206.5 , 569.5 , -  , 945.5 , 90 , 62 , -  ,," 6,158 ", 66.0 
양화면," 19,904 ","19,904 ","13,819 ", 69.4 , 0.2 ," 2,541.2 ","2,541 ","2,541 ", 77.5 , 597.8 , -  ," 1,865.9 ", 0.3 ," 14,296.0 ","14,296 ","8,211 ", -  ," 8,211.0 ",," 3,066.3 ","3,066 ","3,066 ", 684.2 , 337.5 , -  ," 2,044.6 ", 221 , 356 , -  ,," 7,450 ", 53.9 
임천면," 12,093 ","12,093 ","5,348 ", 44.2 , 0.3 ," 5,347.5 ","5,348 ","5,348 "," 1,358.2 "," 1,459.2 ", -  ," 2,530.1 ", 0.8 ," 5,320.0 ","5,320 ",0 , -  , -  ,," 1,425.0 ","1,425 ",0 , -  , -  , -  , -  , 142 , 55 , -  ,," 5,348 ", 100.0 
장암면," 27,373 ","27,373 ","8,357 ", 30.5 , 0.3 ," 5,178.7 ","5,179 ","5,179 ", 924.6 ," 2,643.1 ", -  ," 1,611.0 ", 0.9 ," 16,318.9 ","16,319 ","1,539 ", -  ," 1,538.9 ",," 5,875.3 ","5,875 ","1,639 ", 221.6 ," 1,202.2 ", -  , 215.5 , 185 , 34 , -  ,," 8,357 ", 100.0 
세도면," 66,143 ","66,143 ","29,141 ", 44.1 , 1.1 ," 9,396.7 ","9,397 ","9,397 ", 551.8 ," 2,646.2 ", -  ," 6,198.7 ", 1.5 ," 50,012.0 ","50,012 ","19,090 ", -  ," 19,090.0 ",," 6,734.3 ","6,734 ",654 , -  , 378.1 , -  , 276.2 , 547 , 614 , -  ,," 29,235 ", 100.3 
석성면," 23,725 ","23,725 ","4,899 ", 20.6 , 0.4 ," 2,984.8 ","2,985 ","2,985 ", 768.2 , 849.4 , -  ," 1,367.2 ", 1.0 ," 14,305.4 ","14,305 ",715 , -  , 715.4 ,," 6,434.8 ","6,435 ","1,199 ", 428.1 , 715.1 , -  , 55.6 , 85 , 96 , -  ,," 4,899 ", 100.0 
초촌면," 27,309 ","32,527 ","28,184 ", 86.6 , 0.6 ," 3,155.1 ","3,155 ","3,155 ", 568.5 ," 1,088.7 ", -  ," 1,497.9 ", 0.5 ," 16,643.4 ","21,861 ","21,861 ", -  ," 21,861.0 ",," 7,510.6 ","7,511 ","3,168 ", -  ," 1,609.3 ", -  ," 1,558.3 ", 543 , 556 , -  ,," 10,866 ", 38.6 
서천군," 362,792 ","375,177 ","280,791 ", 74.8 , 0.6 ," 36,050.0 ","36,050 ","30,303 "," 6,641 "," 11,665 "," 11,997 ", - , 8.2 ," 185,771.0 ","198,156 ","149,496 ", 1 ," 149,495 ", 8.2 ," 140,971.0 ","140,971 ","100,992 "," 7,615 "," 30,031 "," 62,646 ", 700 ," 2,460 "," 4,929 ", 5 , 34 ," 272,968 ", 97.2 
장항읍," 114,818 ","117,156 ","115,146 ", 98.3 ,,,0 ,0 ,,,,, 3.3 ," 54,371.0 ","56,709 ","56,709 ", 1.0 ," 56,708.0 ", 3.3 ," 60,447.0 ","60,447 ","58,437 "," 6,047.0 "," 20,990.0 "," 31,100.0 ", 300.0 , 774 ," 2,668 ", -  , 17 ," 112,808 ", 98.0 
서천읍," 95,804 ","95,804 ","67,817 ", 70.8 , 0.6 ," 36,050.0 ","36,050 ","30,303 "," 6,641.0 "," 11,665.0 "," 11,997.0 ",, 1.1 ," 44,000.0 ","44,000 ","35,754 ", -  ," 35,754.0 ", 1.1 ," 15,754.0 ","15,754 ","1,760 ", -  ," 1,360.0 ", -  , 400.0 , 684 , 709 , 5 , 17 ," 67,817 ", 100.0 
마서면," 33,100 ","33,100 ","11,593 ", 35.0 ,,,0 ,0 ,,,,, 0.4 ," 27,100.0 ","27,100 ","7,095 ", -  ," 7,095.0 ", 0.4 ," 6,000.0 ","6,000 ","4,498 ", 871.0 , 479.0 ," 3,148.0 ", -  , 180 , 153 , -  , -  ," 11,593 ", 100.0 
화양면," 10,556 ","10,556 ","5,854 ", 55.5 ,,,0 ,0 ,,,,, 0.1 ," 5,036.0 ","5,036 ","1,736 ", -  ," 1,736.0 ", 0.1 ," 5,520.0 ","5,520 ","4,118 ", -  ," 1,076.0 "," 3,042.0 ", -  , 41 , 44 , -  , -  ," 5,854 ", 100.0 
기산면," 12,050 ","12,050 ","10,158 ", 84.3 ,,,0 ,0 ,,,,, 0.4 ," 8,500.0 ","8,500 ","7,188 ", -  ," 7,188.0 ", 0.4 ," 3,550.0 ","3,550 ","2,970 ", -  , 77.0 ," 2,893.0 ", -  , 67 , 93 , -  , -  ," 10,158 ", 100.0 
한산면," 17,074 ","26,349 ","22,936 ", 87.0 ,,,0 ,0 ,,,,, 1.2 ," 10,264.0 ","19,539 ","19,539 ", -  ," 19,539.0 ", 1.2 ," 6,810.0 ","6,810 ","3,397 ", -  , 47.0 ," 3,350.0 ", -  , 164 , 406 , -  , -  ," 22,936 ", 100.0 
마산면," 2,150 ","2,150 ","1,139 ", 53.0 ,,,0 ,0 ,,,,, -  , -  ,0 ,0 , -  , -  , -  ," 2,150.0 ","2,150 ","1,139 ", -  , 483.0 , 656.0 , -  , -  , -  , -  , -  ," 1,139 ", 100.0 
시초면," 3,550 ","3,550 ","1,668 ", 47.0 ,,,0 ,0 ,,,,, -  , -  ,0 ,0 , -  , -  , -  ," 3,550.0 ","3,550 ","1,668 ", 33.0 , 589.0 ," 1,046.0 ", -  , 3 , -  , -  , -  ," 1,668 ", 100.0 
문산면," 5,050 ","5,050 ","1,552 ", 30.7 ,,,0 ,0 ,,,,, -  ," 2,500.0 ","2,500 ",0 , -  , -  , -  ," 2,550.0 ","2,550 ","1,552 ", 135.0 , 65.0 ," 1,352.0 ", -  , 2 , -  , -  , -  ," 1,552 ", 100.0 
판교면," 14,370 ","15,142 ","10,118 ", 66.8 ,,,0 ,0 ,,,,, 0.4 ," 4,800.0 ","5,572 ","5,572 ", -  ," 5,572.0 ", 0.4 ," 9,570.0 ","9,570 ","4,546 ", 350.0 ," 1,313.0 "," 2,883.0 ", -  , 189 , 300 , -  , -  ," 10,118 ", 100.0 
종천면," 9,420 ","9,420 ","5,128 ", 54.4 ,,,0 ,0 ,,,,, -  ," 2,300.0 ","2,300 ",0 , -  , -  , -  ," 7,120.0 ","7,120 ","5,128 ", 127.0 , 755.0 ," 4,246.0 ", -  , 4 , -  , -  , -  ," 5,128 ", 100.0 
비인면," 22,800 ","22,800 ","14,187 ", 62.2 ,,,0 ,0 ,,,,, 0.6 ," 13,800.0 ","13,800 ","10,238 ", -  ," 10,238.0 ", 0.6 ," 9,000.0 ","9,000 ","3,949 ", -  , 555.0 ," 3,394.0 ", -  , 315 , 436 , -  , -  ," 14,187 ", 100.0 
서면," 22,050 ","22,050 ","13,495 ", 61.2 ,,,0 ,0 ,,,,, 0.6 ," 13,100.0 ","13,100 ","5,665 ", -  ," 5,665.0 ", 0.6 ," 8,950.0 ","8,950 ","7,830 ", 52.0 ," 2,242.0 "," 5,536.0 ", -  , 37 , 120 , -  , -  ," 8,010 ", 59.4 
청양군," 390,899 ","390,899 ","338,367 ", 86.6 , 0.7 ," 65,461.0 ","65,461 ","65,461 "," 4,199 "," 23,559 ", - ," 37,703 ", 10.9 ," 181,320.0 ","181,320 ","137,621 ", - ," 137,621 ", 0.7 ," 144,118.0 ","144,118 ","135,285 "," 7,988 "," 66,669 ", - ," 60,628 "," 3,357 "," 3,168 ", 6 , 163 ," 338,367 ", 100.0 
청양읍," 125,083 ","125,083 ","120,868 ", 96.6 , 0.7 ," 12,208.0 ","12,208 ","12,208 "," 2,161.0 "," 9,351.0 ",, 696.0 , 2.8 ," 55,130.0 ","55,130 ","53,857 ",," 53,857.0 ", 0.7 ," 57,745.0 ","57,745 ","54,803 "," 4,435.0 "," 32,790.0 ",," 17,578.0 "," 1,145 ", 586 , 6 , 126 ," 120,868 ", 100.0 
운곡면," 17,822 ","17,822 ","12,110 ", 67.9 ,," 5,310.0 ","5,310 ","5,310 ", 31.0 ," 1,269.0 ",," 4,010.0 ", 0.6 ," 10,433.0 ","10,433 ","4,721 ",," 4,721.0 ",," 2,079.0 ","2,079 ","2,079 ", 30.0 , 682.0 ,," 1,367.0 ", 123 , 175 ,,," 12,110 ", 100.0 
대치면," 23,581 ","23,581 ","16,238 ", 68.9 ,," 3,968.0 ","3,968 ","3,968 ", 118.0 ," 1,052.0 ",," 2,798.0 ", 0.9 ," 10,709.0 ","10,709 ","6,258 ",," 6,258.0 ",," 8,904.0 ","8,904 ","6,012 ", 54.0 ," 4,260.0 ",," 1,698.0 ", 104 , 159 ,,," 16,238 ", 100.0 
정산면," 52,824 ","52,824 ","40,509 ", 76.7 ,,,0 ,0 ,,,,, 0.9 ," 27,569.0 ","27,569 ","15,254 ",," 15,254.0 ",," 25,255.0 ","25,255 ","25,255 "," 1,504.0 "," 12,357.0 ",," 11,394.0 ", 423 , 142 ,, 37 ," 40,509 ", 100.0 
목면," 19,610 ","19,610 ","19,610 ", 100.0 ,,,0 ,0 ,,,,, 0.8 ," 10,173.0 ","10,173 ","10,173 ",," 10,173.0 ",," 9,437.0 ","9,437 ","9,437 ", 128.0 ," 4,137.0 ",," 5,172.0 ", 163 , 293 ,,," 19,610 ", 100.0 
청남면," 27,410 ","27,410 ","23,958 ", 87.4 ,," 12,399.0 ","12,399 ","12,399 "," 1,019.0 "," 3,456.0 ",," 7,924.0 ", 0.8 ," 8,807.0 ","8,807 ","5,355 ",," 5,355.0 ",," 6,204.0 ","6,204 ","6,204 ", 643.0 ," 3,020.0 ",," 2,541.0 ", 257 , 377 ,,," 23,958 ", 100.0 
장평면," 37,708 ","37,708 ","28,087 ", 74.5 ,," 13,891.0 ","13,891 ","13,891 ", 727.0 ," 4,823.0 ",," 8,341.0 ", 1.1 ," 18,706.0 ","18,706 ","9,085 ",," 9,085.0 ",," 5,111.0 ","5,111 ","5,111 ", 78.0 ," 2,144.0 ",," 2,889.0 ", 245 , 364 ,,," 28,087 ", 100.0 
남양면," 24,840 ","24,840 ","18,732 ", 75.4 ,," 10,255.0 ","10,255 ","10,255 ", 50.0 ," 2,018.0 ",," 8,187.0 ", 0.4 ," 8,069.0 ","8,069 ","4,960 ",," 4,960.0 ",," 6,516.0 ","6,516 ","3,517 ", 278.0 ," 1,475.0 ",," 1,764.0 ", 118 , 159 ,,," 18,732 ", 100.0 
화성면," 14,579 ","14,579 ","13,655 ", 93.7 ,,,0 ,0 ,,,,, 0.7 ," 8,713.0 ","8,713 ","7,789 ",," 7,789.0 ",," 5,866.0 ","5,866 ","5,866 ", - ," 2,793.0 ",," 3,073.0 ", 221 , 298 ,,," 13,655 ", 100.0 
비봉면," 47,442 ","47,442 ","44,600 ", 94.0 ,," 7,430.0 ","7,430 ","7,430 ", 93.0 ," 1,590.0 ",," 5,747.0 ", 1.8 ," 23,011.0 ","23,011 ","20,169 ",," 20,169.0 ",," 17,001.0 ","17,001 ","17,001 ", 838.0 ," 3,011.0 ",," 13,152.0 ", 558 , 615 ,,," 44,600 ", 100.0 
홍성군," 553,755 ","586,275 ","432,748 ", 73.8 , -  ," 168,325.0 ","168,325 ","168,325 "," 12,609 "," 94,340 ", - ," 61,376 ", 125.7 ," 318,854.0 ","330,651 ","208,349 ", - ," 208,349 ", -  ," 66,576.0 ","87,299 ","56,074 ", - ," 56,074 ", - , - ," 5,022 ", -  , 152 , -  ," 305,347 ", 70.6 
홍성읍," 298,035 ","298,035 ","222,301 ", 74.6 ,," 104,110.0 ","104,110 ","104,110 "," 7,103.0 "," 66,299.0 ",," 30,708.0 ", 113.0 ," 132,296.0 ","132,296 ","86,340 ",," 86,340.1 ",," 61,629.0 ","61,629 ","31,851 ",," 31,850.5 ",,," 2,855 ",, 107 ,," 162,944 ", 73.3 
광천읍," 123,253 ","123,253 ","104,608 ", 84.9 ,," 64,215.0 ","64,215 ","64,215 "," 5,506.0 "," 28,041.0 ",," 30,668.0 ", 4.5 ," 54,091.0 ","54,091 ","36,893 ",," 36,892.9 ",," 4,947.0 ","4,947 ","3,500 ",," 3,500.2 ",,," 1,578 ",, 45 ,," 72,084 ", 68.9 
홍북면," 6,758 ","39,278 ","39,278 ", 100.0 ,,,0 ,0 ,,,,, 0.3 ," 6,758.0 ","18,555 ","18,555 ",," 18,555.0 ",,,"20,723 ","20,723 ",," 20,723.0 ",,, 589 ,,,," 6,758 ", 17.2 
금마면," 20,368 ","20,368 ","6,579 ", 32.3 ,,,0 ,0 ,,,,, 1.2 ," 20,368.0 ","20,368 ","6,579 ",," 6,579.0 ",,,0 ,0 ,,,,,,,,," 6,579 ", 100.0 
홍동면," 6,615 ","6,615 ","4,119 ", 62.3 ,,,0 ,0 ,,,,, 0.4 ," 6,615.0 ","6,615 ","4,119 ",," 4,119.0 ",,,0 ,0 ,,,,,,,,," 4,119 ", 100.0 
장곡면," 16,740 ","16,740 ","6,894 ", 41.2 ,,,0 ,0 ,,,,, 1.0 ," 16,740.0 ","16,740 ","6,894 ",," 6,894.0 ",,,0 ,0 ,,,,,,,,," 6,894 ", 100.0 
은하면," 7,592 ","7,592 ","1,243 ", 16.4 ,,,0 ,0 ,,,,, 0.6 ," 7,592.0 ","7,592 ","1,243 ",," 1,243.0 ",,,0 ,0 ,,,,,,,,," 1,243 ", 100.0 
결성면," 11,442 ","11,442 ","8,223 ", 71.9 ,,,0 ,0 ,,,,, 1.0 ," 11,442.0 ","11,442 ","8,223 ",," 8,223.0 ",,,0 ,0 ,,,,,,,,," 8,223 ", 100.0 
서부면," 16,015 ","16,015 ","13,498 ", 84.3 ,,,0 ,0 ,,,,, 1.2 ," 16,015.0 ","16,015 ","13,498 ",," 13,498.0 ",,,0 ,0 ,,,,,,,,," 13,498 ", 100.0 
갈산면," 30,712 ","30,712 ","9,780 ", 31.8 ,,,0 ,0 ,,,,, 1.6 ," 30,712.0 ","30,712 ","9,780 ",," 9,780.0 ",,,0 ,0 ,,,,,,,,," 6,780 ", 69.3 
구항면," 16,225 ","16,225 ","16,225 ", 100.0 ,,,0 ,0 ,,,,, 0.9 ," 16,225.0 ","16,225 ","16,225 ",," 16,225.0 ",,,0 ,0 ,,,,,,,,," 16,225 ", 100.0 
예산군," 460,078 ","460,858 ","160,924 ", 34.9 , 95.0 ," 110,101.0 ","110,881 ","106,313 "," 3,577.0 "," 58,959.0 "," 12,764.0 "," 31,013.0 ", 66.4 ," 306,652.0 ","306,652 ","49,122 ", -  ," 49,122.0 ", 3.0 ," 43,325.0 ","43,325 ","5,489 "," 1,588.0 "," 3,045.0 ", 856.0 , -  ," 1,473 ", 333 , 140 , -  ," 136,200.0 ", 84.6 
예산읍," 154,251 ","154,703 ","69,798 ", 45.1 , 42.0 ," 60,583.0 ","61,035 ","61,035 ", 762.0 ," 36,906.0 "," 6,573.0 "," 16,794.0 ", 11.3 ," 88,660.0 ","88,660 ","6,945 ", -  ," 6,945.0 ", 1.0 ," 5,008.0 ","5,008 ","1,818 ", -  ," 1,315.0 ", 503.0 , -  , 268 , 154 , 25 , -  ," 62,799 ", 90.0 
삽교읍," 120,090 ","120,418 ","24,806 ", 20.6 , 49.0 ," 20,565.0 ","20,893 ","20,893 "," 1,090.0 "," 4,312.0 "," 5,400.0 "," 10,091.0 ", 45.4 ," 63,846.0 ","63,846 ","2,880 ", -  ," 2,880.0 ", 1.0 ," 35,679.0 ","35,679 ","1,033 ", -  , 680.0 , 353.0 , -  , 206 , 31 , 31 , -  ," 11,957 ", 48.2 
덕산면," 85,566 ","85,566 ","38,760 ", 45.3 , 4.0 ," 28,953.0 ","28,953 ","24,385 "," 1,725.0 "," 17,741.0 ", 791.0 ," 4,128.0 ", 4.3 ," 53,975.0 ","53,975 ","11,737 ", -  ," 11,737.0 ", 1.0 ," 2,638.0 ","2,638 ","2,638 "," 1,588.0 "," 1,050.0 ", -  , -  , 160 , 148 , 84 , -  ," 23,000 ", 59.3 
신양면," 18,396 ","18,396 ","12,782 ", 69.5 ,,,0 ,0 , -  , -  , -  , -  , 0.4 ," 18,396.0 ","18,396 ","12,782 ", -  ," 12,782.0 ", -  , -  ,0 ,0 , -  , -  , -  , -  , 95 , -  , -  , -  ," 12,782 ", 100.0 
광시면," 18,006 ","18,006 ","10,848 ", 60.2 ,,,0 ,0 , -  , -  , -  , -  , 1.2 ," 18,006.0 ","18,006 ","10,848 ", -  ," 10,848.0 ", -  , -  ,0 ,0 , -  , -  , -  , -  , 563 , -  , -  , -  ," 19,101 ", 176.1 
대흥면," 7,915 ","7,915 ","1,406 ", 17.8 ,,,0 ,0 , -  , -  , -  , -  , 0.6 ," 7,915.0 ","7,915 ","1,406 ", -  ," 1,406.0 ", -  , -  ,0 ,0 , -  , -  , -  , -  , 109 , -  , -  , -  ," 4,037 ", 287.1 
응봉면," 8,282 ","8,282 ",274 , 3.3 ,,,0 ,0 , -  , -  , -  , -  , 0.6 ," 8,282.0 ","8,282 ",274 , -  , 274.0 , -  , -  ,0 ,0 , -  , -  , -  , -  , 8 , -  , -  , -  , 274 , 100.0 
신암면," 12,762 ","12,762 ","2,250 ", 17.6 ,,,0 ,0 , -  , -  , -  , -  , 0.1 ," 12,762.0 ","12,762 ","2,250 ", -  ," 2,250.0 ", -  , -  ,0 ,0 , -  , -  , -  , -  , 64 , -  , -  , -  ," 2,250 ", 100.0 
대술면," 5,501 ","5,501 ",0 , -  ,,,0 ,0 , -  , -  , -  , -  , 0.3 ," 5,501.0 ","5,501 ",0 ,,,,,0 ,0 ,,,, -  ,,,,,, -  
봉산면," 2,707 ","2,707 ",0 , -  ,,,0 ,0 , -  , -  , -  , -  , 0.3 ," 2,707.0 ","2,707 ",0 ,,,,,0 ,0 ,,,, -  ,,,,,, -  
고덕면," 14,157 ","14,157 ",0 , -  ,,,0 ,0 , -  , -  , -  , -  , 0.9 ," 14,157.0 ","14,157 ",0 ,,,,,0 ,0 ,,,, -  ,,,,,, -  
오가면," 12,445 ","12,445 ",0 , -  ,,,0 ,0 , -  , -  , -  , -  , 1.0 ," 12,445.0 ","12,445 ",0 ,,,,,0 ,0 ,,,, -  ,,,,,, -  
태안군," 577,865 ","582,284 ","217,366 ", 37.3 , 15.8 ," 210,889.0 ","210,889 ","52,947 "," 6,425.0 "," 28,615.0 "," 5,030.0 "," 12,877.0 ", 14.2 ," 242,810.0 ","247,229 ","135,579 ", -  ," 135,579.4 ", 14.2 ," 124,166.0 ","124,166 ","28,840 ", 775 ," 28,065 ", - , - ," 2,771 "," 6,668 ", 2 , 2 ," 143,191 ", 65.9 
태안읍," 191,030 ","191,030 ","100,375 ", 52.5 , 4.7 ," 95,515.0 ","95,515 ","29,843 "," 3,111.0 "," 20,276.0 ", 710.0 ," 5,746.0 ", 2.5 ," 50,546.0 ","50,546 ","49,827 ", -  ," 49,827.0 ", 2.5 ," 44,969.0 ","44,969 ","20,705 ", 775.0 ," 19,930.0 ", -  , -  ," 1,574 "," 3,219 ", 1 , 1 ," 81,129 ", 80.8 
안면읍," 90,160 ","90,160 ","47,306 ", 52.5 , 2.7 ," 26,880.0 ","26,880 ","7,037 "," 1,745.0 "," 2,676.0 ", 490.0 ," 2,126.0 ", 2.2 ," 47,246.0 ","47,246 ","37,560 ", -  ," 37,559.6 ", 2.2 ," 16,034.0 ","16,034 ","2,709 ", -  ," 2,709.0 ", -  , -  , 426 ," 1,813 ", 1 , 1 ," 24,371 ", 51.5 
고남면," 32,705 ","37,124 ","18,434 ", 49.7 , 1.0 ," 12,420.0 ","12,420 ","2,453 ", 253.0 ," 1,100.0 ", 420.0 , 680.0 , 1.2 ," 11,562.0 ","15,981 ","15,981 ", -  ," 15,981.0 ", 1.2 ," 8,723.0 ","8,723 ",0 , -  , -  , -  , -  , 138 , 407 ,,," 11,065 ", 60.0 
남  면," 39,599 ","39,599 ","6,874 ", 17.4 , 1.0 ," 10,324.0 ","10,324 ","1,983 ", 183.0 , 486.0 , 532.0 , 782.0 , 1.4 ," 18,543.0 ","18,543 ","4,891 ", -  ," 4,891.0 ", 1.4 ," 10,732.0 ","10,732 ",0 , -  , -  , -  , -  , 60 , 120 ,,," 3,466 ", 50.4 
근흥면," 72,125 ","72,125 ","18,493 ", 25.6 , 2.2 ," 18,230.0 ","18,230 ","3,497 ", 247.0 ," 1,204.0 ", 632.0 ," 1,414.0 ", 2.0 ," 38,572.0 ","38,572 ","9,570 ", -  ," 9,570.0 ", 2.0 ," 15,323.0 ","15,323 ","5,426 ", -  ," 5,426.0 ", -  , -  , 228 , 388 ,,," 14,996 ", 81.1 
소원면," 61,362 ","61,362 ","5,079 ", 8.3 , 1.8 ," 18,260.0 ","18,260 ","3,341 ", 326.0 ," 1,423.0 ", 852.0 , 740.0 , 1.9 ," 29,781.0 ","29,781 ","1,738 ", -  ," 1,738.0 ", 1.9 ," 13,321.0 ","13,321 ",0 , -  , -  , -  , -  , 162 , 368 ,,," 1,338 ", 26.3 
원북면," 68,002 ","68,002 ","19,258 ", 28.3 , 1.6 ," 19,420.0 ","19,420 ","3,245 ", 432.0 ," 1,024.0 ", 923.0 , 866.0 , 2.0 ," 34,250.0 ","34,250 ","16,013 ", -  ," 16,012.8 ", 2.0 ," 14,332.0 ","14,332 ",0 , -  , -  , -  , -  , 178 , 353 ,,," 6,826 ", 35.4 
이원면," 22,882 ","22,882 ","1,548 ", 6.8 , 0.8 ," 9,840.0 ","9,840 ","1,548 ", 128.0 , 426.0 , 471.0 , 523.0 , 1.0 ," 12,310.0 ","12,310 ",0 , -  , -  , 1.0 , 732.0 ,732 ,0 , -  , -  , -  , -  , 5 , -  ,,, -  , -  
전라북도," 10,220,634 ","10,513,342 ","8,571,550 ", 81.5 , 212.6 ," 2,095,514.0 ","2,119,489 ","1,864,349 "," 202,873.0 "," 1,085,649.0 "," 80,900.0 "," 494,927.0 ", 600.3 ," 5,543,219.7 ","5,707,070 ","4,468,257 "," 47,964.0 "," 4,420,292.7 "," 1,364.4 "," 2,581,899.9 ","2,686,783 ","2,238,944 "," 262,786.0 "," 1,632,044.9 "," 30,177.8 "," 313,935.2 "," 145,694 "," 141,246 ", 432 ," 1,057 "," 5,192,285.1 ", 60.6 
시부," 7,083,340 ","7,247,886 ","6,116,858 ", 84.4 , 182.6 ," 1,917,846.0 ","1,922,067 ","1,698,634 "," 188,100.0 "," 983,013.0 "," 70,523.0 "," 456,998.0 ", 474.6 ," 3,280,720.0 ","3,358,484 ","2,774,059 "," 47,964.0 "," 2,726,095.0 ", 454.6 ," 1,884,774.0 ","1,967,335 ","1,644,165 "," 220,788.0 "," 1,237,384.0 "," 20,444.0 "," 165,549.0 "," 102,686 "," 101,509 ", 417 , 396 ," 3,161,221.0 ", 51.7 
전주시," 1,952,594 ","2,029,465 ","1,804,662 ", 88.9 , 58.4 ," 657,968.0 ","657,968 ","445,948 "," 61,351.0 "," 174,769.0 "," 19,746.0 "," 190,082.0 ", 58.4 ," 766,929.0 ","843,800 ","843,800 "," 31,655.0 "," 812,145.0 ", 58.4 ," 527,697.0 ","527,697 ","514,914 "," 53,958.0 "," 428,948.0 "," 3,700.0 "," 28,308.0 "," 25,483 "," 29,259 ", 258 ,,, -  
군산시," 1,681,682 ","1,681,682 ","1,413,018 ", 84.0 , 83.6 ," 372,727.0 ","372,727 ","372,727 "," 34,448.0 "," 266,567.0 "," 1,035.0 "," 70,677.0 ", 322.1 ," 730,648.0 ","730,648 ","518,157 "," 14,118.0 "," 504,039.0 ", 322.1 ," 578,307.0 ","578,307 ","522,134 "," 80,983.0 "," 367,308.0 "," 10,680.0 "," 63,163.0 "," 23,040 "," 21,900 ", 87 , -  ," 1,413,018.0 ", 100.0 
시가지," 1,440,174 ","1,440,174 ","1,217,257 ", 84.5 , 24.1 ," 371,072.0 ","371,072 ","371,072 "," 34,016.0 "," 266,229.0 "," 1,035.0 "," 69,792.0 ", 129.8 ," 620,996.0 ","620,996 ","453,257 "," 14,118.0 "," 439,139.0 ", 129.8 ," 448,106.0 ","448,106 ","392,928 "," 69,207.0 "," 302,255.0 "," 1,009.0 "," 20,457.0 "," 22,885 "," 21,056 ", 87 ,," 1,217,257 ", 100.0 
시가지외," 241,508 ","241,508 ","195,761 ", 81.1 , 59.5 ," 1,655.0 ","1,655 ","1,655 ", 432.0 , 338.0 , -  , 885.0 , 192.3 ," 109,652.0 ","109,652 ","64,900 ",," 64,900.0 ", 192.3 ," 130,201.0 ","130,201 ","129,206 "," 11,776.0 "," 65,053.0 "," 9,671.0 "," 42,706.0 ", 155 , 844 , -  ,," 195,761 ", 100.0 
익산시," 1,413,974 ","1,418,551 ","1,293,516 ", 91.2 , -  ," 451,281.0 ","451,281 ","451,281 "," 32,782.0 "," 363,778.0 "," 1,678.0 "," 53,043.0 ", 32.2 ," 598,305.0 ","598,305 ","485,418 ", 853.0 ," 484,565.0 ", 32.2 ," 364,388.0 ","368,965 ","356,817 "," 29,741.0 "," 252,275.0 "," 1,802.0 "," 72,999.0 "," 30,779 "," 17,421 ", -  , 172 ," 717,250.0 ", 55.4 
동지역," 786,788 ","786,788 ","774,253 ", 98.4 ,," 291,613.0 ","291,613 ","291,613 "," 29,944.0 "," 259,339.0 ", 92.0 ," 2,238.0 ", 20.0 ," 283,680.0 ","283,680 ","272,261 ", 853.0 ," 271,408.0 ", 20.0 ," 211,495.0 ","211,495 ","210,379 "," 21,474.0 "," 141,388.0 ", 448.0 ," 47,069.0 "," 16,967 "," 13,661 ",, 35 ," 717,250 ", 92.6 
함열읍," 125,473 ","125,473 ","101,177 ", 80.6 ,," 16,441.0 ","16,441 ","16,441 ", 30.0 ," 15,006.0 ", 306.0 ," 1,099.0 ", 3.1 ," 53,920.0 ","53,920 ","38,050 ", -  ," 38,050.0 ", 3.1 ," 55,112.0 ","55,112 ","46,686 "," 1,950.0 "," 38,666.0 ", 43.0 ," 6,027.0 "," 3,267 ", 412 ,, 45 ,, -  
오산면," 46,589 ","47,202 ","35,223 ", 74.6 ,," 19,232.0 ","19,232 ","19,232 ", 673.0 ," 13,587.0 ", -  ," 4,972.0 ", 1.3 ," 17,539.0 ","17,539 ","5,560 ", -  ," 5,560.0 ", 1.3 ," 9,818.0 ","10,431 ","10,431 ", -  ," 9,050.0 ", -  ," 1,381.0 ", 950 , 23 ,, -  ,, -  
황등면," 77,107 ","77,107 ","74,501 ", 96.6 ,," 18,920.0 ","18,920 ","18,920 ", 53.0 ," 15,631.0 ", 134.0 ," 3,102.0 ", 2.6 ," 36,657.0 ","36,657 ","36,657 ", -  ," 36,657.0 ", 2.6 ," 21,530.0 ","21,530 ","18,924 ", 994.0 ," 11,912.0 ", -  ," 6,018.0 "," 1,871 "," 1,854 ",, 28 ,, -  
함라면," 12,468 ","12,468 ","12,468 ", 100.0 ,, 856.0 ,856 ,856 , -  , 676.0 , -  , 180.0 , 0.4 ," 5,161.0 ","5,161 ","5,161 ", -  ," 5,161.0 ", 0.4 ," 6,451.0 ","6,451 ","6,451 "," 1,152.0 "," 3,750.0 "," 1,140.0 ", 409.0 , 321 , 15 ,, -  ,, -  
웅포면," 11,333 ","11,333 ","11,333 ", 100.0 ,," 2,470.0 ","2,470 ","2,470 ", -  ," 1,538.0 ", -  , 932.0 , 0.3 ," 4,937.0 ","4,937 ","4,937 ",," 4,937.0 ", 0.3 ," 3,926.0 ","3,926 ","3,926 ", 462.0 ," 2,950.0 ",, 514.0 , 495 , 6 ,, -  ,, -  
성당면," 25,838 ","25,838 ","21,547 ", 83.4 ,," 15,787.0 ","15,787 ","15,787 ", 434.0 ," 7,289.0 ", -  ," 8,064.0 ", -  ," 10,051.0 ","10,051 ","5,760 ", -  ," 5,760.0 ", -  , -  ,0 ,0 , -  , -  , -  , -  , 390 , 161 ,, -  ,, -  
용안면," 42,977 ","44,124 ","42,042 ", 95.3 ,," 4,987.0 ","4,987 ","4,987 ", 27.0 ," 2,776.0 ", 248.0 ," 1,936.0 ", 0.8 ," 24,282.0 ","24,282 ","22,200 ", -  ," 22,200.0 ", 0.8 ," 13,708.0 ","14,855 ","14,855 ", 402.0 ," 11,750.0 ", -  ," 2,703.0 "," 1,132 ", 306 ,, 17 ,, -  
낭산면," 26,771 ","26,771 ","21,285 ", 79.5 ,," 14,507.0 ","14,507 ","14,507 ", 27.0 ," 9,503.0 ", -  ," 4,977.0 ", -  ," 12,264.0 ","12,264 ","6,778 ", -  ," 6,778.0 ", -  , -  ,0 ,0 , -  , -  , -  , -  , 475 , 219 ,, -  ,, -  
망성면," 23,924 ","23,924 ","11,962 ", 50.0 ,," 11,962.0 ","11,962 ","11,962 ", -  ," 7,077.0 ", 483.0 ," 4,402.0 ", -  ," 11,962.0 ","11,962 ",0 , -  , -  , -  , -  ,0 ,0 , -  , -  , -  , -  , 345 , -  ,, -  ,, -  
여산면," 43,703 ","44,324 ","43,328 ", 97.8 ,, -  ,0 ,0 , -  , -  , -  , -  , 0.7 ," 32,196.0 ","32,196 ","31,200 ", -  ," 31,200.0 ", 0.7 ," 11,507.0 ","12,128 ","12,128 ", 501.0 ," 9,100.0 ", 171.0 ," 2,356.0 ", 652 , -  ,, 9 ,, -  
금마면," 37,926 ","38,420 ","33,970 ", 88.4 ,," 5,695.0 ","5,695 ","5,695 ", 11.0 ," 3,848.0 ", 10.0 ," 1,826.0 ", 1.1 ," 24,770.0 ","24,770 ","20,320 ", -  ," 20,320.0 ", 1.1 ," 7,461.0 ","7,955 ","7,955 ", 902.0 ," 4,210.0 ", -  ," 2,843.0 "," 1,235 ", 59 ,, 23 ,, -  
왕궁면," 58,556 ","59,340 ","33,282 ", 56.1 ,," 27,033.0 ","27,033 ","27,033 "," 1,348.0 "," 11,117.0 ", 405.0 ," 14,163.0 ", 0.3 ," 29,618.0 ","29,618 ","3,560 ", -  ," 3,560.0 ", 0.3 ," 1,905.0 ","2,689 ","2,689 ", 223.0 ," 1,890.0 ", -  , 576.0 , 475 , 4 ,, -  ,, -  
춘포면," 59,833 ","60,477 ","47,829 ", 79.1 ,," 8,087.0 ","8,087 ","8,087 ", 235.0 ," 6,038.0 ", -  ," 1,814.0 ", 0.9 ," 37,140.0 ","37,140 ","24,492 ", -  ," 24,492.0 ", 0.9 ," 14,606.0 ","15,250 ","15,250 "," 1,670.0 "," 11,269.0 ", -  ," 2,311.0 "," 1,167 ", 696 ,, 15 ,, -  
삼기면," 20,602 ","20,703 ","20,602 ", 99.5 ,," 6,308.0 ","6,308 ","6,308 ", -  ," 4,947.0 ", -  ," 1,361.0 ", 0.6 ," 8,021.0 ","8,021 ","7,920 ", -  ," 7,920.0 ", 0.6 ," 6,273.0 ","6,374 ","6,374 ", -  ," 5,620.0 ", -  , 754.0 , 695 , 4 ,, -  ,, -  
용동면," 14,086 ","14,259 ","8,714 ", 61.1 ,," 7,383.0 ","7,383 ","7,383 ", -  ," 5,406.0 ", -  ," 1,977.0 ", 0.0 ," 6,107.0 ","6,107 ",562 , -  , 562.0 , 0.0 , 596.0 ,769 ,769 , 11.0 , 720.0 , -  , 38.0 , 342 , 1 ,,,, -  
정읍시," 638,873 ","716,857 ","618,494 ", 86.3 , 25.0 ," 185,240.0 ","185,240 ","173,827 "," 29,577 "," 67,077 "," 15,268 "," 61,905 ", 20.0 ," 453,633.0 ","453,633 ","366,683 ", - ," 366,683 ", -  , -  ,"77,984 ","77,984 "," 42,657 "," 35,272 ", 55 , - ," 10,371 "," 10,575 ", 23 , -  ," 521,241 ", 84.3 
동지역," 511,809 ","575,016 ","507,411 ", 88.2 , 25.0 ," 157,248.0 ","157,248 ","148,393 "," 27,209.0 "," 63,844.0 "," 5,191.0 "," 52,149.0 ", 15.0 ," 354,561.0 ","354,561 ","295,811 ",," 295,811.0 ",,,"63,207 ","63,207 "," 32,584.0 "," 30,623.0 ",,," 9,133 "," 9,155 ", 23 ,," 462,833 ", 91.2 
신태인읍," 127,064 ","141,841 ","111,083 ", 78.3 , -  ," 27,992.0 ","27,992 ","25,434 "," 2,368.0 "," 3,233.0 "," 10,077.0 "," 9,756.0 ", 5.0 ," 99,072.0 ","99,072 ","70,872 ",," 70,872.0 ",,,"14,777 ","14,777 "," 10,073.0 "," 4,649.0 ", 55.0 ,," 1,238 "," 1,420 ",,," 58,408 ", 52.6 
남원시," 582,009 ","584,975 ","446,732 ", 76.4 , 2.6 ," 84,573.0 ","86,646 ","86,646 "," 8,054.0 "," 47,234.0 "," 2,143.0 "," 29,215.0 ", 22.9 ," 323,747.0 ","324,640 ","268,385 "," 1,338 "," 267,047 ", 22.9 ," 173,689.0 ","173,689 ","91,701 "," 9,112 "," 79,864 "," 1,646 "," 1,079 "," 5,021 "," 11,984 ", 43 , 194 ," 349,488 ", 78.2 
동지역," 503,228 ","505,301 ","392,732 ", 77.7 , 2.6 ," 84,573.0 ","86,646 ","86,646 "," 8,054.0 "," 47,234.0 "," 2,143.0 "," 29,215.0 ", 20.8 ," 284,703.0 ","284,703 ","234,191 "," 1,338.0 "," 232,853.0 ", 20.8 ," 133,952.0 ","133,952 ","71,895 "," 7,672.0 "," 63,486.0 ", 716.0 , 21.0 ," 3,229 "," 10,671 ", 43 , 169 ," 295,488 ", 75.2 
운봉읍," 38,625 ","38,625 ","22,867 ", 59.2 ,,,0 ,0 ,,,,, 0.9 ," 18,151.0 ","18,151 ","12,408 ",," 12,408.0 ", 0.9 ," 20,474.0 ","20,474 ","10,459 "," 1,277.0 "," 7,194.0 ", 930.0 ," 1,058.0 ", 938 , 602 ,, 9 ," 22,867 ", 100.0 
인월면," 40,156 ","41,049 ","31,133 ", 75.8 ,,,0 ,0 ,,,,, 1.2 ," 20,893.0 ","21,786 ","21,786 ",," 21,786.0 ", 1.2 ," 19,263.0 ","19,263 ","9,347 ", 163.0 ," 9,184.0 ",,, 854 , 711 ,, 16 ," 31,133 ", 100.0 
김제시," 814,208 ","816,356 ","540,436 ", 66.2 , 13.0 ," 166,057.0 ","168,205 ","168,205 "," 21,888 "," 63,588 "," 30,653 "," 52,076 ", 19.0 ," 407,458.0 ","407,458 ","291,616 ", - ," 291,616 ", 19.0 ," 240,693.0 ","240,693 ","80,615 "," 4,337 "," 73,717 "," 2,561 ", - ," 7,992 "," 10,370 ", 6 , 30 ," 160,224 ", 29.6 
시가지," 628,847 ","629,601 ","410,431 ", 65.2 , 11.2 ," 128,807.0 ","129,561 ","129,561 "," 18,105.0 "," 50,422.0 "," 12,162.0 "," 48,872.0 ", 13.6 ," 283,929.0 ","283,929 ","220,380 ",," 220,380.0 ", 13.6 ," 216,111.0 ","216,111 ","60,490 "," 4,337.0 "," 55,644.0 ", 509.0 ,," 6,132 "," 7,880 ", 6 , 30 ," 160,224 ", 39.0 
만경읍," 46,153 ","46,445 ","30,190 ", 65.0 , 0.5 ," 13,648.0 ","13,940 ","13,940 ", 390.0 ," 3,708.0 "," 6,638.0 "," 3,204.0 ", 1.7 ," 25,351.0 ","25,351 ","11,564 ",," 11,564.0 ", 1.7 ," 7,154.0 ","7,154 ","4,686 ",," 4,667.0 ", 19.0 ,, 390 , 464 ,,,, -  
죽산면," 18,817 ","19,419 ","16,458 ", 84.8 , 0.4 ," 9,039.0 ","9,641 ","9,641 "," 1,130.0 "," 1,219.0 "," 7,292.0 ", -  , 0.8 ," 7,275.0 ","7,275 ","4,314 ",," 4,314.0 ", 0.8 ," 2,503.0 ","2,503 ","2,503 ", -  ," 2,043.0 ", 460.0 ,, 151 , 180 ,,,, -  
금구면," 17,304 ","17,465 ","16,713 ", 95.7 , 0.3 ," 5,751.0 ","5,912 ","5,912 ", 75.0 ," 3,870.0 "," 1,967.0 ", -  , 1.0 ," 8,649.0 ","8,649 ","7,897 ",," 7,897.0 ", 1.0 ," 2,904.0 ","2,904 ","2,904 ", -  ," 2,658.0 ", 246.0 ,, 279 , 332 ,,,, -  
금산면," 45,738 ","46,077 ","42,510 ", 92.3 , 0.6 ," 8,812.0 ","9,151 ","9,151 "," 2,188.0 "," 4,369.0 "," 2,594.0 ",, 2.0 ," 24,905.0 ","24,905 ","23,327 ",," 23,327.0 ", 2.0 ," 12,021.0 ","12,021 ","10,032 ", -  ," 8,705.0 "," 1,327.0 ",, 664 , 790 ,,,, -  
외지역," 57,349 ","57,349 ","24,134 ", 42.1 , -  , -  ,0 ,0 ,,,,,," 57,349.0 ","57,349 ","24,134 ",," 24,134.0 ",,,0 ,0 ,,,,, 376 , 724 ,,,, -  
군부," 3,137,294 ","3,265,456 ","2,454,692 ", 75.2 , 30.0 ," 177,668.0 ","197,422 ","165,715 "," 14,773.0 "," 102,636.0 "," 10,377.0 "," 37,929.0 ", 125.8 ," 2,262,499.7 ","2,348,586 ","1,694,198 ", -  ," 1,694,197.7 ", 909.9 ," 697,125.9 ","719,448 ","594,779 "," 41,998.0 "," 394,660.9 "," 9,733.8 "," 148,386.2 "," 43,008 "," 39,737 ", 15 , 661 ," 2,031,064.1 ", 82.7 
완주군," 784,225 ","784,969 ","577,852 ", 73.6 , -  , -  ,0 ,0 , -  , -  , -  , -  , 35.1 ," 594,584.0 ","594,584 ","387,467 ", -  ," 387,467.0 ", 820.6 ," 189,641.0 ","190,385 ","190,385 "," 14,412.0 "," 110,274.0 ", -  ," 65,699.0 "," 13,466 "," 6,927 ", 1 , 251 ," 577,852.0 ", 100.0 
삼례읍," 140,913 ","140,913 ","132,280 ", 93.9 ,,,0 ,0 ,,,,, 4.2 ," 89,440.0 ","89,440 ","80,807 ",," 80,807.0 ", 28.6 ," 51,473.0 ","51,473 ","51,473 "," 3,313.0 "," 27,534.0 ",," 20,626.0 "," 2,273 ", 615 , 1 , 25 ," 132,280 ", 100.0 
봉동읍," 134,393 ","134,393 ","116,144 ", 86.4 ,,,0 ,0 ,,,,, 11.7 ," 92,673.0 ","92,673 ","74,424 ",," 74,424.0 ", 46.1 ," 41,720.0 ","41,720 ","41,720 "," 4,421.0 "," 23,843.0 ",," 13,456.0 "," 2,724 ", 411 , -  , 10 ," 116,144 ", 100.0 
용진면," 89,557 ","89,557 ","41,773 ", 46.6 ,,,0 ,0 ,,,,, 3.2 ," 71,700.0 ","71,700 ","23,916 ",," 23,916.0 ", 38.5 ," 17,857.0 ","17,857 ","17,857 ", 466.0 ," 9,841.0 ",," 7,550.0 ", 843 , 78 , -  , -  ," 41,773 ", 100.0 
상관면," 73,067 ","73,067 ","59,042 ", 80.8 ,,,0 ,0 ,,,,, 1.2 ," 55,077.0 ","55,077 ","41,052 ",," 41,052.0 ", 68.6 ," 17,990.0 ","17,990 ","17,990 "," 1,358.0 "," 6,926.0 ",," 9,706.0 "," 1,326 ", 318 , -  , 11 ," 59,042 ", 100.0 
이서면," 51,206 ","51,206 ","38,195 ", 74.6 ,,,0 ,0 ,,,,, 7.1 ," 51,206.0 ","51,206 ","38,195 ",," 38,195.0 ", 33.5 , -  ,0 ,0 ,,,,, 838 , 906 , -  , -  ," 38,195 ", 100.0 
소양면," 78,736 ","78,736 ","72,497 ", 92.1 ,,,0 ,0 ,,,,, 2.0 ," 51,872.0 ","51,872 ","45,633 ",," 45,633.0 ", 94.1 ," 26,864.0 ","26,864 ","26,864 "," 1,357.0 "," 17,825.0 ",," 7,682.0 "," 2,670 "," 2,347 ", -  , 94 ," 72,497 ", 100.0 
구이면," 60,906 ","61,650 ","47,769 ", 77.5 ,,,0 ,0 ,,,,, 1.6 ," 48,376.0 ","48,376 ","34,495 ",," 34,495.0 ", 89.1 ," 12,530.0 ","13,274 ","13,274 ", 876.0 ," 10,847.0 ",," 1,551.0 "," 1,131 "," 1,071 ", -  , 66 ," 47,769 ", 100.0 
고산면," 70,893 ","70,893 ","44,895 ", 63.3 ,,,0 ,0 ,,,,, 1.7 ," 49,686.0 ","49,686 ","23,688 ",," 23,688.0 ", 69.5 ," 21,207.0 ","21,207 ","21,207 "," 2,621.0 "," 13,458.0 ",," 5,128.0 "," 1,144 "," 1,076 ", -  , 45 ," 44,895 ", 100.0 
비봉면," 21,898 ","21,898 ","10,350 ", 47.3 ,,,0 ,0 ,,,,, 0.5 ," 21,898.0 ","21,898 ","10,350 ",," 10,350.0 ", 44.6 ,,0 ,0 ,,,,, 142 , 105 , -  , -  ," 10,350 ", 100.0 
운주면," 30,338 ","30,338 ","8,324 ", 27.4 ,,,0 ,0 ,,,,, 1.1 ," 30,338.0 ","30,338 ","8,324 ",," 8,324.0 ", 91.9 ,,0 ,0 ,,,,, 204 , -  , -  , -  ," 8,324 ", 100.0 
화산면," 23,154 ","23,154 ","4,609 ", 19.9 ,,,0 ,0 ,,,,, 0.6 ," 23,154.0 ","23,154 ","4,609 ",," 4,609.0 ", 70.9 ,,0 ,0 ,,,,, 126 , -  , -  , -  ," 4,609 ", 100.0 
동상면, - ,0 ,0 , -  ,,,0 ,0 ,,,,, -  , -  ,0 ,0 ,,, 106.5 ,,0 ,0 ,,,,, -  , -  , -  , -  , -  , -  
경천면," 9,164 ","9,164 ","1,974 ", 21.5 ,,,0 ,0 ,,,,, 0.3 ," 9,164.0 ","9,164 ","1,974 ",," 1,974.0 ", 38.8 ,,0 ,0 ,,,,, 45 , -  , -  , -  ," 1,974 ", 100.0 
진안군," 399,308 ","399,308 ","278,229 ", 69.7 , -  , -  ,0 ,0 , -  , -  , -  , -  , 10.0 ," 346,994.0 ","346,994 ","225,915 ", -  ," 225,915.0 ", -  ," 52,314.0 ","52,314 ","52,314 "," 4,404.0 "," 35,423.0 ", 582.0 ," 11,905.0 "," 6,382 "," 8,651 ", -  , 102 , -  , -  
진안읍," 149,604 ","149,604 ","127,454 ", 85.2 ,,,0 ,0 ,,,,, 3.8 ," 106,622.0 ","106,622 ","84,472 ",," 84,472.0 ",," 42,982.0 ","42,982 ","42,982 "," 3,852.0 "," 29,906.0 ",," 9,224.0 "," 3,160 "," 4,562 ", -  , 82 ,, -  
용담면," 30,945 ","30,945 ","23,112 ", 74.7 ,,,0 ,0 ,,,,, 0.5 ," 21,613.0 ","21,613 ","13,780 ",," 13,780.0 ",," 9,332.0 ","9,332 ","9,332 ", 552.0 ," 5,517.0 ", 582.0 ," 2,681.0 ", 470 , 313 ,, 20 ,, -  
안천면," 21,571 ","21,571 ","14,228 ", 66.0 ,,,0 ,0 ,,,,, 0.5 ," 21,571.0 ","21,571 ","14,228 ",," 14,228.0 ",,,0 ,0 ,,,,, 295 , 441 ,,,, -  
동향면," 15,506 ","15,506 ","7,749 ", 50.0 ,,,0 ,0 ,,,,, 0.5 ," 15,506.0 ","15,506 ","7,749 ",," 7,749.0 ",,,0 ,0 ,,,,, 176 , 272 ,,,, -  
상전면," 13,478 ","13,478 ","2,757 ", 20.5 ,,,0 ,0 ,,,,, 0.4 ," 13,478.0 ","13,478 ","2,757 ",," 2,757.0 ",,,0 ,0 ,,,,, 75 , 163 ,,,, -  
백운면," 24,125 ","24,125 ","17,098 ", 70.9 ,,,0 ,0 ,,,,, 0.7 ," 24,125.0 ","24,125 ","17,098 ",," 17,098.0 ",,,0 ,0 ,,,,, 375 , 472 ,,,, -  
성수면," 26,508 ","26,508 ","15,209 ", 57.4 ,,,0 ,0 ,,,,, 0.6 ," 26,508.0 ","26,508 ","15,209 ",," 15,209.0 ",,,0 ,0 ,,,,, 319 , 418 ,,,, -  
마령면," 22,858 ","22,858 ","15,322 ", 67.0 ,,,0 ,0 ,,,,, 0.7 ," 22,858.0 ","22,858 ","15,322 ",," 15,322.0 ",,,0 ,0 ,,,,, 345 , 547 ,,,, -  
부귀면," 39,151 ","39,151 ","10,584 ", 27.0 ,,,0 ,0 ,,,,, 0.8 ," 39,151.0 ","39,151 ","10,584 ",," 10,584.0 ",,,0 ,0 ,,,,, 279 , 357 ,,,, -  
정천면," 18,206 ","18,206 ","12,308 ", 67.6 ,,,0 ,0 ,,,,, 0.4 ," 18,206.0 ","18,206 ","12,308 ",," 12,308.0 ",,,0 ,0 ,,,,, 242 , 375 ,,,, -  
주천면," 37,356 ","37,356 ","32,408 ", 86.8 ,,,0 ,0 ,,,,, 1.3 ," 37,356.0 ","37,356 ","32,408 ",," 32,408.0 ",,,0 ,0 ,,,,, 646 , 731 ,,,, -  
무주군," 211,006 ","225,133 ","140,874 ", 62.6 , 13.6 ," 12,318.0 ","12,318 ","12,318 "," 4,514.0 "," 2,589.0 "," 1,992.0 "," 3,223.0 ", 16.2 ," 140,675.0 ","150,301 ","100,467 ", -  ," 100,467.0 ", 15.3 ," 58,013.0 ","62,514 ","28,089 "," 1,407.0 "," 26,682.0 ", -  , -  ," 2,059 "," 3,176 ", -  , -  ," 129,244.0 ", 91.7 
무주읍," 53,271 ","53,271 ","28,846 ", 54.1 , 1.5 ," 7,171.0 ","7,171 ","7,171 "," 4,009.0 "," 1,282.0 "," 1,260.0 ", 620.0 , 1.5 ," 25,800.0 ","25,800 ","15,595 ", -  ," 15,595.0 ", 1.5 ," 20,300.0 ","20,300 ","6,080 ", 310.0 ," 5,770.0 ",,, 671 , 945 , -  , -  ," 28,846 ", 100.0 
무풍면," 27,868 ","27,868 ","13,793 ", 49.5 , 0.4 , 268.0 ,268 ,268 , 27.0 , 100.0 , 40.0 , 101.0 , 0.4 ," 16,500.0 ","16,500 ","10,731 ", -  ," 10,731.0 ", 0.4 ," 11,100.0 ","11,100 ","2,794 ", -  ," 2,794.0 ",,, 202 , 424 , -  , -  ," 13,793 ", 100.0 
설천면," 34,638 ","34,638 ","20,036 ", 57.8 , 2.8 ," 1,346.0 ","1,346 ","1,346 ", 21.0 , 99.0 , -  ," 1,226.0 ", 2.8 ," 25,792.0 ","25,792 ","16,792 ", -  ," 16,792.0 ", 2.8 ," 7,500.0 ","7,500 ","1,898 ", 210.0 ," 1,688.0 ",,, 354 , 540 , -  , -  ," 20,036 ", 100.0 
적상면," 27,878 ","27,878 ","12,607 ", 45.2 , -  , -  ,0 ,0 , -  , -  , -  , -  , 1.3 ," 21,898.0 ","21,898 ","9,984 ", -  ," 9,984.0 ", 1.1 ," 5,980.0 ","5,980 ","2,623 ", 266.0 ," 2,357.0 ",,,, 252 , -  , -  ," 12,607 ", 100.0 
안성면," 46,433 ","60,560 ","60,560 ", 100.0 , 8.9 ," 3,533.0 ","3,533 ","3,533 ", 457.0 ," 1,108.0 ", 692.0 ," 1,276.0 ", 8.9 ," 34,500.0 ","44,126 ","44,126 ", -  ," 44,126.0 ", 8.9 ," 8,400.0 ","12,901 ","12,901 ", -  ," 12,901.0 ",,, 832 , 895 , -  , -  ," 48,930 ", 80.8 
부남면," 20,918 ","20,918 ","5,032 ", 24.1 , -  , -  ,0 ,0 , -  , -  , -  , -  , 1.3 ," 16,185.0 ","16,185 ","3,239 ", -  ," 3,239.0 ", 0.6 ," 4,733.0 ","4,733 ","1,793 ", 621.0 ," 1,172.0 ",,,, 120 , -  , -  ," 5,032 ", 100.0 
장수군," 200,754 ","249,914 ","206,562 ", 82.7 , -  , -  ,"19,440 ","19,440 ", -  ," 3,684.0 "," 5,534.0 "," 10,222.0 ", -  ," 155,256.0 ","167,899 ","124,547 ", -  ," 124,547.0 ", -  ," 45,498.0 ","62,575 ","62,575 "," 3,635.0 "," 43,924.0 "," 3,681.0 "," 11,335.0 "," 1,159 "," 1,881 ", 8 , 126 ," 206,562.0 ", 100.0 
장수읍," 58,303 ","75,916 ","75,916 ", 100.0 ,,,"3,983 ","3,983 ", -  , 271.0 ," 2,897.0 ", 815.0 ,," 39,357.0 ","44,472 ","44,472 ", -  ," 44,472.0 ",," 18,946.0 ","27,461 ","27,461 ", 434.0 ," 23,525.0 ", 851.0 ," 2,651.0 ", 637 ," 1,139 ", 7 , 73 ," 75,916 ", 100.0 
장계면," 60,416 ","71,910 ","71,910 ", 100.0 ,,,"2,283 ","2,283 ", -  , 968.0 , -  ," 1,315.0 ",," 41,498.0 ","42,147 ","42,147 ", -  ," 42,147.0 ",," 18,918.0 ","27,480 ","27,480 "," 2,232.0 "," 17,472.0 "," 2,607.0 "," 5,169.0 ", 522 , 742 , 1 , 53 ," 71,910 ", 100.0 
산서면," 29,397 ","32,490 ","15,764 ", 48.5 ,,,"3,093 ","3,093 ", -  ," 1,269.0 ", -  ," 1,824.0 ",," 27,132.0 ","27,132 ","10,406 ", -  ," 10,406.0 ",," 2,265.0 ","2,265 ","2,265 ", 764.0 , 969.0 , -  , 532.0 , -  , -  , -  , -  ," 15,764 ", 100.0 
번암면," 44,478 ","52,283 ","25,657 ", 49.1 ,,,"7,805 ","7,805 ", -  , 517.0 ," 2,637.0 "," 4,651.0 ",," 41,390.0 ","41,390 ","14,764 ", -  ," 14,764.0 ",," 3,088.0 ","3,088 ","3,088 ", -  ," 1,295.0 ", -  ," 1,793.0 ", -  , -  , -  , -  ," 25,657 ", 100.0 
천천면," 8,160 ","17,315 ","17,315 ", 100.0 ,,,"2,276 ","2,276 ", -  , 659.0 , -  ," 1,617.0 ",," 5,879.0 ","12,758 ","12,758 ", -  ," 12,758.0 ",," 2,281.0 ","2,281 ","2,281 ", 205.0 , 663.0 , 223.0 ," 1,190.0 ", -  , -  , -  , -  ," 17,315 ", 100.0 
임실군," 268,285 ","268,285 ","254,779 ", 95.0 , -  , -  ,0 ,0 , -  , -  , -  , -  , 5.9 ," 140,400.0 ","140,400 ","126,894 ", -  ," 126,893.7 ", -  ," 127,884.9 ","127,885 ","127,885 "," 12,763.0 "," 77,289.9 ", 829.8 ," 37,002.2 "," 4,150 ", -  , -  , 182 ," 254,778.6 ", 100.0 
임실읍," 197,548 ","197,548 ","185,996 ", 94.2 ,,,0 ,0 ,,,,, 4.3 ," 106,700.0 ","106,700 ","95,148 ",," 95,148.4 ", -  ," 90,847.6 ","90,848 ","90,848 "," 9,489.7 "," 55,467.8 ", 89.9 ," 25,800.2 "," 3,362 ",, -  , 133 ," 185,996 ", 100.0 
오수면," 70,737 ","70,737 ","68,783 ", 97.2 ,,,0 ,0 ,,,,, 1.7 ," 33,700.0 ","33,700 ","31,745 ",," 31,745.3 ", -  ," 37,037.3 ","37,037 ","37,037 "," 3,273.3 "," 21,822.1 ", 739.9 ," 11,202.0 ", 788 ,, -  , 49 ," 68,783 ", 100.0 
순창군," 235,198 ","235,915 ","159,308 ", 67.5 , -  ," 72,134.0 ","72,134 ","53,514 "," 6,467.0 "," 30,140.0 ", -  ," 16,907.0 ", -  ," 141,771.0 ","142,488 ","88,086 ", -  ," 88,086.0 ", -  ," 21,293.0 ","21,293 ","17,708 ", -  ," 15,384.0 "," 1,549.0 ", 775.0 , 332 , 200 , -  , -  ," 140,775.0 ", 88.4 
순창읍," 147,842 ","147,842 ","86,989 ", 58.8 ,," 68,306.0 ","68,306 ","49,686 "," 6,467.0 "," 27,895.0 ",," 15,324.0 ",," 66,512.0 ","66,512 ","27,864 ",," 27,864.0 ",," 13,024.0 ","13,024 ","9,439 ",," 7,115.0 "," 1,549.0 ", 775.0 , 215 ,,,," 82,451 ", 94.8 
인계면," 5,007 ","5,007 ","4,848 ", 96.8 ,,,0 ,0 ,,,,,," 5,007.0 ","5,007 ","4,848 ",," 4,848.0 ",,,0 ,0 ,,,,,,,,," 4,848 ", 100.0 
동계면," 4,661 ","4,661 ","4,661 ", 100.0 ,,,0 ,0 ,,,,,," 4,661.0 ","4,661 ","4,661 ",," 4,661.0 ",,,0 ,0 ,,,,,,,,," 4,661 ", 100.0 
적성면," 3,589 ","3,589 ","3,148 ", 87.7 ,,,0 ,0 ,,,,,," 3,589.0 ","3,589 ","3,148 ",," 3,148.0 ",,,0 ,0 ,,,,,,,,," 3,148 ", 100.0 
유등면," 13,997 ","13,997 ","13,997 ", 100.0 ,," 3,828.0 ","3,828 ","3,828 ",," 2,245.0 ",," 1,583.0 ",," 10,039.0 ","10,039 ","10,039 ",," 10,039.0 ",, 130.0 ,130 ,130 ,, 130.0 ,,, 32 , 200 ,,," 9,825 ", 70.2 
풍산면," 3,905 ","3,905 ","3,905 ", 100.0 ,,,0 ,0 ,,,,,," 3,905.0 ","3,905 ","3,905 ",," 3,905.0 ",,,0 ,0 ,,,,,,,,," 3,905 ", 100.0 
금과면," 13,013 ","13,013 ","7,459 ", 57.3 ,,,0 ,0 ,,,,,," 13,013.0 ","13,013 ","7,459 ",," 7,459.0 ",,,0 ,0 ,,,,,,,,," 2,160 ", 29.0 
팔덕면," 5,906 ","5,906 ","5,906 ", 100.0 ,,,0 ,0 ,,,,,," 5,906.0 ","5,906 ","5,906 ",," 5,906.0 ",,,0 ,0 ,,,,,,,,," 5,906 ", 100.0 
복흥면," 16,649 ","16,649 ","7,049 ", 42.3 ,,,0 ,0 ,,,,,," 15,340.0 ","15,340 ","5,740 ",," 5,740.0 ",," 1,309.0 ","1,309 ","1,309 ",," 1,309.0 ",,,,,,," 7,049 ", 100.0 
쌍치면," 8,032 ","8,032 ","8,032 ", 100.0 ,,,0 ,0 ,,,,,," 4,765.0 ","4,765 ","4,765 ",," 4,765.0 ",," 3,267.0 ","3,267 ","3,267 ",," 3,267.0 ",,,,,,," 8,032 ", 100.0 
구림면," 12,597 ","13,314 ","13,314 ", 100.0 ,,,0 ,0 ,,,,,," 9,034.0 ","9,751 ","9,751 ",," 9,751.0 ",," 3,563.0 ","3,563 ","3,563 ",," 3,563.0 ",,, 85 ,,,," 8,790 ", 66.0 
고창군," 436,163 ","499,577 ","442,502 ", 88.6 , 16.4 ," 93,216.0 ","93,530 ","80,443 "," 3,792.0 "," 66,223.0 "," 2,851.0 "," 7,577.0 ", 16.6 ," 260,848.7 ","323,949 ","308,753 ", -  ," 308,753.0 ", 15.8 ," 82,098.0 ","82,098 ","53,306 ", 242.0 ," 52,958.0 ", 106.0 , -  ," 7,023 "," 10,093 ", 5 , -  ," 389,783.5 ", 88.1 
고창읍," 204,483 ","217,536 ","203,200 ", 93.4 , 6.8 ," 54,285.0 ","54,285 ","49,597 "," 2,129.0 "," 43,063.0 ", 423.0 ," 3,982.0 ", 6.8 ," 101,548.0 ","114,601 ","114,601 ", -  ," 114,601.0 ", 6.8 ," 48,650.0 ","48,650 ","39,002 ", 242.0 ," 38,760.0 ", -  , -  ," 2,842 "," 4,320 ", 5 , -  ," 163,484 ", 80.5 
고수면," 23,302 ","23,302 ","13,310 ", 57.1 , 0.8 ," 2,724.0 ","2,724 ",700 , -  , 700.0 , -  , -  , 0.8 ," 19,367.7 ","19,368 ","12,610 ", -  ," 12,610.0 ", 0.8 ," 1,210.0 ","1,210 ",0 , -  , -  , -  , -  , 436 , 472 , -  , -  ," 13,310 ", 100.0 
아산면," 16,854 ","23,447 ","22,247 ", 94.9 , 0.8 ," 3,360.0 ","3,360 ","2,360 ", -  ," 2,008.0 ", -  , 352.0 , 0.8 ," 12,329.0 ","18,922 ","18,922 ", -  ," 18,922.0 ", 0.8 ," 1,165.0 ","1,165 ",965 , -  , 965.0 , -  , -  , 436 , 442 , -  , -  ," 20,637 ", 92.8 
무장면," 15,497 ","15,497 ","11,778 ", 76.0 , 0.6 ," 5,231.0 ","5,231 ","4,232 ", 600.0 ," 1,249.0 "," 1,236.0 "," 1,147.0 ", 0.6 ," 6,844.0 ","6,844 ","5,590 ", -  ," 5,590.0 ", 0.6 ," 3,422.0 ","3,422 ","1,956 ", -  ," 1,956.0 ", -  , -  , 195 , 379 , -  , -  ," 10,957 ", 93.0 
공음면," 11,204 ","11,204 ","8,455 ", 75.5 , 0.5 ," 1,177.0 ","1,177 ",490 , -  , 490.0 , -  , -  , 0.5 ," 7,966.0 ","7,966 ","7,965 ", -  ," 7,965.0 ", 0.5 ," 2,061.0 ","2,061 ",0 , -  , -  , -  , -  , 290 , 267 , -  , -  ," 8,455 ", 100.0 
상하면," 13,510 ","19,725 ","17,063 ", 86.5 , 1.3 ," 1,670.0 ","1,670 ","1,670 ", -  ," 1,670.0 ", -  , -  , 1.3 ," 7,966.0 ","14,181 ","14,181 ", -  ," 14,181.0 ", 1.3 ," 3,874.0 ","3,874 ","1,212 ", -  ," 1,212.0 ", -  , -  , 327 , 527 , -  , -  ," 15,356 ", 90.0 
해리면," 24,983 ","24,983 ","22,504 ", 90.1 , 0.8 ," 5,401.0 ","5,401 ","4,381 ", 696.0 ," 2,254.0 ", 227.0 ," 1,204.0 ", 0.8 ," 16,052.0 ","16,052 ","14,888 ", -  ," 14,888.0 ", 0.8 ," 3,530.0 ","3,530 ","3,235 ", -  ," 3,235.0 ", -  , -  , 390 , 682 , -  , -  ," 21,611 ", 96.0 
성송면," 13,305 ","25,419 ","24,822 ", 97.7 , 0.6 ," 1,548.0 ","1,548 ","1,302 ", -  ," 1,302.0 ", -  , -  , 0.6 ," 11,300.0 ","23,414 ","23,414 ", -  ," 23,414.0 ", 0.6 , 457.0 ,457 ,106 , -  , -  , 106.0 , -  , 294 , 271 , -  , -  ," 24,726 ", 99.6 
대산면," 34,626 ","34,626 ","28,591 ", 82.6 , 0.9 ," 2,928.0 ","2,928 ","1,970 ", -  ," 1,970.0 ", -  , -  , 0.9 ," 25,465.0 ","25,465 ","24,334 ", -  ," 24,334.0 ", 0.9 ," 6,233.0 ","6,233 ","2,287 ", -  ," 2,287.0 ", -  , -  , 473 , 828 , -  , -  ," 25,900 ", 90.6 
심원면," 13,320 ","31,045 ","30,068 ", 96.9 , 0.6 ," 2,385.0 ","2,385 ","2,169 ", -  ," 2,169.0 ", -  , -  , 0.6 ," 7,290.0 ","25,015 ","25,015 ", -  ," 25,015.0 ", 0.6 ," 3,645.0 ","3,645 ","2,884 ", -  ," 2,884.0 ", -  , -  , 361 , 649 , -  , -  ," 30,068 ", 100.0 
흥덕면," 29,538 ","29,852 ","22,237 ", 74.5 , 1.8 ," 8,203.0 ","8,517 ","8,517 ", 367.0 ," 6,293.0 ", 965.0 , 892.0 , 1.8 ," 17,125.0 ","17,125 ","12,311 ", -  ," 12,311.0 ", 1.0 ," 4,210.0 ","4,210 ","1,409 ", -  ," 1,409.0 ", -  , -  , 206 , 327 , -  , -  ," 18,047 ", 81.2 
성내면," 9,432 ","16,050 ","15,018 ", 93.6 , 0.1 ," 1,128.0 ","1,128 ",900 , -  , 900.0 , -  , -  , 0.3 ," 7,500.0 ","14,118 ","14,118 ", -  ," 14,118.0 ", 0.3 , 804.0 ,804 ,0 , -  , -  , -  , -  , 218 , 294 , -  , -  ," 15,018 ", 100.0 
신림면," 11,649 ","12,431 ","11,716 ", 94.2 , 0.3 ," 1,080.0 ","1,080 ",931 , -  , 931.0 , -  , -  , 0.3 ," 9,753.0 ","10,535 ","10,535 ", -  ," 10,535.0 ", 0.3 , 816.0 ,816 ,250 , -  , 250.0 , -  , -  , 382 , 379 , -  , -  ," 11,715 ", 100.0 
부안면," 14,460 ","14,460 ","11,493 ", 79.5 , 0.5 ," 2,096.0 ","2,096 ","1,224 ", -  ," 1,224.0 ", -  , -  , 0.5 ," 10,343.0 ","10,343 ","10,269 ", -  ," 10,269.0 ", 0.5 ," 2,021.0 ","2,021 ",0 , -  , -  , -  , -  , 173 , 256 , -  , -  ," 10,500 ", 91.4 
부안군," 602,355 ","602,355 ","394,586 ", 65.5 , -  , -  ,0 ,0 , -  , -  , -  , -  , 41.9 ," 481,971.0 ","481,971 ","332,069 ", -  ," 332,069.0 ", 58.2 ," 120,384.0 ","120,384 ","62,517 "," 5,135.0 "," 32,726.0 "," 2,986.0 "," 21,670.0 "," 8,437 "," 8,809 ", 1 , -  ," 332,069.0 ", 84.2 
부안읍," 186,046 ","186,046 ","137,126 ", 73.7 ,,,0 ,0 ,,,,, 6.4 ," 92,600.0 ","92,600 ","77,491 ",," 77,491.0 ", 6.9 ," 93,446.0 ","93,446 ","59,635 "," 5,135.0 "," 29,844.0 "," 2,986.0 "," 21,670.0 "," 2,982 "," 2,742 ", 1 ,," 77,491 ", 56.5 
주산면," 27,754 ","27,754 ",0 , -  ,,,0 ,0 ,,,,, 1.5 ," 27,754.0 ","27,754 ",0 ,, -  ,,,0 ,0 ,,,,, -  , -  ,,, -  , -  
동진면," 37,934 ","37,934 ","33,686 ", 88.8 ,,,0 ,0 ,,,,, 3.0 ," 37,934.0 ","37,934 ","33,686 ",," 33,686.0 ", 3.0 , -  ,0 ,0 ,,,,, 674 , 645 ,,," 33,686 ", 100.0 
행안면," 10,000 ","10,000 ","7,000 ", 70.0 ,,,0 ,0 ,,,,, 0.1 ," 10,000.0 ","10,000 ","7,000 ",," 7,000.0 ",,,0 ,0 ,,,,, 140 , 60 ,,," 7,000 ", 100.0 
계화면," 55,746 ","55,746 ","43,749 ", 78.5 ,,,0 ,0 ,,,,, 3.6 ," 53,997.0 ","53,997 ","42,000 ",," 42,000.0 ", 4.5 ," 1,749.0 ","1,749 ","1,749 ",," 1,749.0 ",,, 944 ," 1,024 ",,," 42,000 ", 96.0 
보안면," 30,000 ","30,000 ","9,224 ", 30.7 ,,,0 ,0 ,,,,, 0.2 ," 30,000.0 ","30,000 ","9,224 ",," 9,224.0 ",,,0 ,0 ,,,,, 222 , 226 ,,," 9,224 ", 100.0 
변산면," 80,271 ","80,271 ","74,285 ", 92.5 ,,,0 ,0 ,,,,, 7.0 ," 79,601.0 ","79,601 ","73,615 ",," 73,615.0 ", 24.7 , 670.0 ,670 ,670 ,, 670.0 ,,," 1,567 "," 1,506 ",,," 73,615 ", 99.1 
진서면," 50,460 ","50,460 ","15,829 ", 31.4 ,,,0 ,0 ,,,,, 4.8 ," 25,941.0 ","25,941 ","15,366 ",," 15,366.0 ", 0.8 ," 24,519.0 ","24,519 ",463 ,, 463.0 ,,, 307 , 772 ,,," 15,366 ", 97.1 
백산면," 33,750 ","33,750 ","33,750 ", 100.0 ,,,0 ,0 ,,,,, 3.1 ," 33,750.0 ","33,750 ","33,750 ",," 33,750.0 ", 6.3 ,,0 ,0 ,,,,, 675 , 660 ,,," 33,750 ", 100.0 
상서면," 15,281 ","15,281 ","13,871 ", 90.8 ,,,0 ,0 ,,,,, 3.5 ," 15,281.0 ","15,281 ","13,871 ",," 13,871.0 ", 5.5 ,,0 ,0 ,,,,, 277 , 262 ,,," 13,871 ", 100.0 
하서면," 20,000 ","20,000 ","13,000 ", 65.0 ,,,0 ,0 ,,,,, 3.2 ," 20,000.0 ","20,000 ","13,000 ",," 13,000.0 ",,,0 ,0 ,,,,, 260 , 167 ,,," 13,000 ", 100.0 
줄포면," 50,550 ","50,550 ","13,066 ", 25.8 ,,,0 ,0 ,,,,, 5.3 ," 50,550.0 ","50,550 ","13,066 ",," 13,066.0 ", 6.5 ,,0 ,0 ,,,,, 389 , 745 ,,," 13,066 ", 100.0 
위도면," 4,563 ","4,563 ",0 , -  ,,,0 ,0 ,,,,, 0.2 ," 4,563.0 ","4,563 ",0 ,, -  ,,,0 ,0 ,,,,,,,,, -  , -  
전라남도," 13,117,550 ","13,849,493 ","9,786,361 ", 70.7 , 234.4 ," 2,530,560.0 ","2,572,632 ","1,857,166 "," 283,089.5 "," 795,549.1 "," 223,934.2 "," 554,593.0 ", 531.6 ," 6,512,290.4 ","6,986,706 ","5,264,001 "," 13,041.0 "," 5,250,959.9 ", 712.6 ," 4,074,699.9 ","4,290,155 ","2,665,195 "," 382,082.8 "," 1,720,658.4 "," 146,829.0 "," 415,624.4 "," 139,407 "," 226,475 ", 549 , 974 ," 4,863,925.2 ", 49.7 
시부," 4,797,278 ","5,203,776 ","3,986,499 ", 76.6 , 125.2 ," 1,515,897.0 ","1,545,991 ","1,246,864 "," 195,165.0 "," 612,086.0 "," 99,609.0 "," 340,004.0 ", 196.7 ," 2,219,927.0 ","2,435,808 ","1,595,544 "," 4,657.0 "," 1,590,887.0 ", 196.6 ," 1,061,454.0 ","1,221,977 ","1,144,091 "," 148,512.0 "," 859,541.0 "," 59,259.0 "," 76,779.0 "," 66,160 "," 128,847 ", 272 , 742 ," 2,254,085.0 ", 56.5 
목포시," 996,136 ","1,012,222 ","818,994 ", 80.9 , 5.0 ," 560,340.0 ","560,340 ","422,762 "," 99,037.0 "," 249,012.0 "," 2,953.0 "," 71,760.0 ", 31.0 ," 270,260.0 ","270,260 ","214,610 ",," 214,610.0 ", 31.0 ," 165,536.0 ","181,622 ","181,622 "," 23,058.0 "," 150,741.0 ",," 7,823.0 "," 17,080 "," 40,539 ", 32 , 249 ," 791,746.0 ", 96.7 
여수시," 1,202,338 ","1,244,790 ","1,107,070 ", 88.9 , 67.0 ," 276,168.0 ","292,171 ","283,207 "," 23,338.0 "," 141,740.0 "," 29,115.0 "," 89,014.0 ", 54.0 ," 516,235.0 ","541,684 ","413,097 ", -  ," 413,097.0 ", 54.0 ," 409,935.0 ","410,935 ","410,766 "," 55,619.0 "," 267,337.0 "," 46,290.0 "," 41,520.0 "," 15,072 "," 14,019 ", 130 , -  , -  , -  
돌산읍," 80,599 ","80,599 ","77,388 ", 96.0 ,,,0 ,0 ,,,,, 5.0 ," 48,471.0 ","48,471 ","45,260 ",," 45,260.0 ", 5.0 ," 32,128.0 ","32,128 ","32,128 "," 3,311.0 "," 23,301.0 "," 1,863.0 "," 3,653.0 ", 498 , 447 ,,,, -  
소라면," 41,740 ","41,740 ","40,186 ", 96.3 , -  ," 10,629.0 ","10,629 ","10,575 ", 888.0 ," 4,692.0 "," 2,196.0 "," 2,799.0 ", 3.0 ," 16,176.0 ","16,176 ","14,676 ",," 14,676.0 ", 3.0 ," 14,935.0 ","14,935 ","14,935 "," 13,609.0 "," 1,326.0 ",,, 533 ," 1,076 ",,,, -  
율촌면," 41,107 ","41,107 ","12,984 ", 31.6 , -  ," 10,508.0 ","10,508 ","10,508 ", 886.0 ," 3,742.0 "," 2,599.0 "," 3,281.0 ", 9.0 ," 30,599.0 ","30,599 ","2,476 ",," 2,476.0 ", 9.0 ,,0 ,0 ,,,,, 71 ,,,,, -  
화양면," 6,724 ","6,724 ","5,224 ", 77.7 ,,,0 ,0 ,,,,, 2.0 ," 6,724.0 ","6,724 ","5,224 ",," 5,224.0 ", 2.0 ,,0 ,0 ,,,,, 103 ,,,,, -  
남면," 6,280 ","6,280 ","5,180 ", 82.5 ,,,0 ,0 ,,,,, 2.0 ," 6,280.0 ","6,280 ","5,180 ",," 5,180.0 ", 2.0 ,,0 ,0 ,,,,, 102 ,,,,, -  
화정면," 1,826 ","1,826 ",926 , 50.7 ,,,0 ,0 ,,,,, -  ," 1,826.0 ","1,826 ",926 ,, 926.0 , -  ,,0 ,0 ,,,,, 18 ,,,,, -  
삼산면," 2,904 ","2,904 ","1,904 ", 65.6 ,,,0 ,0 ,,,,, -  ," 2,904.0 ","2,904 ","1,904 ",," 1,904.0 ", -  ,,0 ,0 ,,,,, 37 ,,,,, -  
동문동," 11,526 ","11,526 ","5,707 ", 49.5 , 1.0 ," 7,707.0 ","7,707 ","5,707 ", 384.0 ," 3,514.0 ", 99.0 ," 1,710.0 ",," 3,819.0 ","3,819 ",0 ,,,,,0 ,0 ,,,,, 242 , 180 ,,,, -  
한려동," 12,257 ","18,770 ","15,770 ", 84.0 , 1.0 ," 8,547.0 ","8,547 ","5,547 ", 326.0 ," 3,624.0 ", 87.0 ," 1,510.0 ",," 3,710.0 ","10,223 ","10,223 ",," 10,223.0 ",,,0 ,0 ,,,,, 198 , 152 , 6 ,,, -  
중앙동," 6,790 ","6,790 ","4,904 ", 72.2 , -  ," 4,778.0 ","4,778 ","3,368 ", 261.0 ," 1,942.0 ", 64.0 ," 1,101.0 ",," 2,012.0 ","2,012 ","1,536 ",," 1,536.0 ",,,0 ,0 ,,,,, 186 , 333 , 13 ,,, -  
충무동," 15,716 ","15,716 ","9,193 ", 58.5 , 1.0 ," 10,173.0 ","10,173 ","8,173 ", 557.0 ," 4,991.0 ", 143.0 ," 2,482.0 ",," 5,543.0 ","5,543 ","1,020 ",," 1,020.0 ",,,0 ,0 ,,,,, 361 , 369 , 25 ,,, -  
광림동," 35,822 ","35,822 ","25,140 ", 70.2 , 3.0 ," 21,861.0 ","21,861 ","21,861 "," 1,403.0 "," 13,847.0 ", 361.0 ," 6,250.0 ",," 13,961.0 ","13,961 ","3,279 ",," 3,279.0 ",,,0 ,0 ,,,,, 884 , 658 , 10 ,,, -  
서강동," 7,157 ","7,157 ","3,988 ", 55.7 , 1.0 ," 4,488.0 ","4,488 ","3,988 ", 268.0 ," 2,456.0 ", 69.0 ," 1,195.0 ",," 2,669.0 ","2,669 ",0 ,,,,,0 ,0 ,,,,, 169 , 126 , 6 ,,, -  
대교동," 30,001 ","30,001 ","23,431 ", 78.1 , 1.0 ," 9,817.0 ","9,817 ","9,817 ", 660.0 ," 6,046.0 ", 170.0 ," 2,941.0 ", -  ," 12,280.0 ","12,280 ","5,710 ",," 5,710.0 ", -  ," 7,904.0 ","7,904 ","7,904 ", 476.0 ," 5,094.0 ", 481.0 ," 1,853.0 ", 416 , 310 , 12 ,,, -  
국동," 31,642 ","31,642 ","25,280 ", 79.9 , 1.0 ," 9,387.0 ","9,387 ","9,387 ", 631.0 ," 5,781.0 ", 162.0 ," 2,813.0 ", 1.0 ," 14,391.0 ","14,391 ","8,109 ",," 8,109.0 ", 1.0 ," 7,864.0 ","7,864 ","7,784 ", 681.0 ," 4,871.0 ", 460.0 ," 1,772.0 ", 398 , 296 , 2 ,,, -  
월호동," 98,043 ","99,043 ","92,295 ", 93.2 , 5.0 ," 40,595.0 ","41,595 ","41,595 "," 2,797.0 "," 25,115.0 ", 720.0 ," 12,963.0 ", 2.0 ," 24,956.0 ","24,956 ","18,208 ",," 18,208.0 ", 2.0 ," 32,492.0 ","32,492 ","32,492 "," 1,017.0 "," 21,585.0 "," 2,037.0 "," 7,853.0 "," 1,762 ", 512 , 2 ,,, -  
여서동," 72,904 ","84,403 ","84,403 ", 100.0 , 1.0 ," 15,831.0 ","16,831 ","16,831 "," 1,065.0 "," 9,749.0 ", 774.0 ," 5,243.0 ", 2.0 ," 24,729.0 ","35,228 ","35,228 ",," 35,228.0 ", 2.0 ," 32,344.0 ","32,344 ","32,344 "," 2,367.0 "," 20,214.0 "," 1,775.0 "," 7,988.0 ", 671 , 699 ,,,, -  
문수동," 81,227 ","82,230 ","73,962 ", 89.9 , 1.0 ," 13,805.0 ","14,808 ","14,808 ", 928.0 ," 8,502.0 ", 739.0 ," 4,639.0 ", 2.0 ," 36,595.0 ","36,595 ","28,356 ",," 28,356.0 ", 2.0 ," 30,827.0 ","30,827 ","30,798 "," 2,374.0 "," 19,836.0 "," 2,006.0 "," 6,582.0 ", 754 , 896 , 18 ,,, -  
미평동," 60,709 ","60,709 ","48,021 ", 79.1 , 2.0 ," 18,959.0 ","18,959 ","18,959 "," 1,275.0 "," 11,676.0 ", 328.0 ," 5,680.0 ", 1.0 ," 25,986.0 ","25,986 ","13,298 ",," 13,298.0 ", 1.0 ," 15,764.0 ","15,764 ","15,764 "," 1,419.0 "," 9,838.0 ", 928.0 ," 3,579.0 ", 803 , 751 , 11 ,,, -  
둔덕동," 71,508 ","72,508 ","57,745 ", 79.6 , 3.0 ," 25,033.0 ","26,033 ","26,033 "," 1,683.0 "," 15,917.0 ", 933.0 ," 7,500.0 ", 1.0 ," 25,660.0 ","25,660 ","10,957 ",," 10,957.0 ", 1.0 ," 20,815.0 ","20,815 ","20,755 "," 1,814.0 "," 12,989.0 "," 1,226.0 "," 4,726.0 "," 1,060 ", 790 , 12 ,,, -  
만덕동," 25,471 ","40,499 ","40,499 ", 100.0 , 16.0 ," 13,421.0 ","25,421 ","25,421 "," 6,298.0 "," 6,411.0 "," 5,446.0 "," 7,266.0 ",," 12,050.0 ","15,078 ","15,078 ",," 15,078.0 ",,,0 ,0 ,,,,, 267 , 525 , 10 ,,, -  
쌍봉동," 115,036 ","121,445 ","121,445 ", 100.0 ,,,0 ,0 ,,,,, 7.0 ," 52,673.0 ","58,082 ","58,082 ",," 58,082.0 ", 7.0 ," 62,363.0 ","63,363 ","63,363 "," 8,916.0 "," 40,319.0 "," 12,915.0 "," 1,213.0 "," 1,565 "," 1,772 ", 3 ,,, -  
시전동," 98,206 ","98,206 ","97,046 ", 98.8 ,,,0 ,0 ,,,,, 6.0 ," 45,511.0 ","45,511 ","44,351 ",," 44,351.0 ", 6.0 ," 52,695.0 ","52,695 ","52,695 "," 7,534.0 "," 34,068.0 "," 10,068.0 "," 1,025.0 "," 1,322 "," 1,653 ",,,, -  
여천동," 120,727 ","120,727 ","118,247 ", 97.9 ,,,0 ,0 ,,,,, 8.0 ," 55,141.0 ","55,141 ","52,661 ",," 52,661.0 ", 8.0 ," 65,586.0 ","65,586 ","65,586 "," 9,377.0 "," 42,402.0 "," 12,531.0 "," 1,276.0 "," 1,645 "," 1,587 ",,,, -  
주삼동," 102,222 ","102,222 ","92,008 ", 90.0 , 2.0 ," 26,435.0 ","26,435 ","26,435 "," 1,958.0 "," 8,010.0 "," 5,895.0 "," 10,572.0 ", 3.0 ," 41,569.0 ","41,569 ","31,355 ",," 31,355.0 ", 3.0 ," 34,218.0 ","34,218 ","34,218 "," 2,724.0 "," 31,494.0 ",,, 525 , 613 ,,,, -  
삼일동," 24,194 ","24,194 ","24,194 ", 100.0 , 28.0 ," 24,194.0 ","24,194 ","24,194 "," 1,070.0 "," 5,725.0 "," 8,330.0 "," 9,069.0 ",,,0 ,0 ,,,,,0 ,0 ,,,,, 482 , 274 ,,,, -  
묘도동, - ,0 ,0 , -  ,,,0 ,0 ,,,,,,,0 ,0 ,,,,,0 ,0 ,,,,,,,,,, -  
순천시," 1,473,597 ","1,473,597 ","841,923 ", 57.1 , 26.4 ," 329,246.0 ","329,246 ","329,243 "," 28,542 "," 116,899 "," 62,499 "," 121,303 ", 38.0 ," 1,029,483.0 ","1,029,483 ","399,594 "," 4,657 "," 394,937 ", 38.0 ," 114,868.0 ","114,868 ","113,086 "," 14,403 "," 75,304 "," 12,969 "," 10,410 "," 15,508 "," 44,622 ", 60 , 222 ," 783,367 ", 93.0 
동지역," 1,085,046 ","1,085,046 ","602,871 ", 55.6 , 10.6 ," 295,060.0 ","295,060 ","295,057 "," 24,775.0 "," 99,328.0 "," 62,294.0 "," 108,660.0 ", 15.4 ," 676,391.0 ","676,391 ","196,001 "," 4,657.0 "," 191,344.0 ", 31.0 ," 113,595.0 ","113,595 ","111,813 "," 14,403.0 "," 74,031.0 "," 12,969.0 "," 10,410.0 "," 9,946 "," 37,159 ", 60 , 99 ," 546,389 ", 90.6 
승주읍," 80,096 ","80,096 ","70,440 ", 87.9 , 3.0 ," 23,100.0 ","23,100 ","23,100 "," 1,267.0 "," 15,485.0 ", 55.0 ," 6,293.0 ", 4.3 ," 55,723.0 ","55,723 ","46,067 ", -  ," 46,067.0 ", 1.3 ," 1,273.0 ","1,273 ","1,273 ", -  ," 1,273.0 ", -  , -  ," 1,571 "," 1,455 ", -  , 39 ," 70,404 ", 99.9 
해룡면," 17,324 ","17,324 ","1,053 ", 6.1 , 7.0 ," 1,053.0 ","1,053 ","1,053 ", -  ," 1,053.0 ", -  , -  , 9.9 ," 16,271.0 ","16,271 ",0 , -  , -  , 3.0 ,,0 ,0 , -  ,, -  , -  , 26 , 450 , -  ,," 1,053 ", 100.0 
서면," 31,393 ","31,393 ","4,095 ", 13.0 , 0.8 ," 3,150.0 ","3,150 ","3,150 ", 650.0 , 300.0 , 50.0 ," 2,150.0 ", 1.1 ," 28,243.0 ","28,243 ",945 , -  , 945.0 , 0.3 ,,0 ,0 ,,,,, 31 ,, -  ,," 4,065 ", 99.3 
황전면," 48,025 ","48,025 ","23,084 ", 48.1 , 0.5 , -  ,0 ,0 , -  , -  , -  , -  , 0.8 ," 48,025.0 ","48,025 ","23,084 ", -  ," 23,084.0 ", 0.2 ,,0 ,0 ,,,,, 578 , 458 , -  , 21 ," 23,066 ", 99.9 
월등면," 25,045 ","25,045 ","20,324 ", 81.1 , 0.6 , -  ,0 ,0 , -  , -  , -  , -  , 0.9 ," 25,045.0 ","25,045 ","20,324 ", -  ," 20,324.0 ", 0.3 ,,0 ,0 ,,,,, 508 , 435 , -  ,," 20,324 ", 100.0 
주암면," 43,116 ","43,116 ","30,814 ", 71.5 , 2.0 , -  ,0 ,0 , -  , -  , -  , -  , 2.8 ," 43,116.0 ","43,116 ","30,814 ", -  ," 30,814.0 ", 0.9 ,,0 ,0 ,,,,, 770 ," 1,350 ", -  , 22 ," 30,804 ", 100.0 
송광면," 15,740 ","15,740 ","13,522 ", 85.9 , 0.4 , -  ,0 ,0 , -  , -  , -  , -  , 0.5 ," 15,740.0 ","15,740 ","13,522 ", -  ," 13,522.0 ", 0.2 ,,0 ,0 ,,,,, 338 , 475 , -  , 16 ," 13,522 ", 100.0 
외서면," 19,989 ","19,989 ","16,451 ", 82.3 , 0.1 ," 6,883.0 ","6,883 ","6,883 "," 1,850.0 ", 733.0 , 100.0 ," 4,200.0 ", 0.2 ," 13,106.0 ","13,106 ","9,568 ", -  ," 9,568.0 ", 0.1 ,,0 ,0 ,,,,, 258 , 375 , -  ,," 16,451 ", 100.0 
낙안면," 49,492 ","49,492 ","39,862 ", 80.5 , 1.0 , -  ,0 ,0 , -  , -  , -  , -  , 1.5 ," 49,492.0 ","49,492 ","39,862 ", -  ," 39,862.0 ", 0.5 ,,0 ,0 ,,,,, 997 ," 1,250 ", -  , 25 ," 39,714 ", 99.6 
별량면," 46,856 ","46,856 ","7,932 ", 16.9 , 0.3 , -  ,0 ,0 , -  , -  , -  , -  , 0.4 ," 46,856.0 ","46,856 ","7,932 ", -  ," 7,932.0 ", 0.1 ,,0 ,0 ,,,,, 198 , 830 , -  ,," 6,100 ", 76.9 
상사면," 11,475 ","11,475 ","11,475 ", 100.0 , 0.1 , -  ,0 ,0 , -  , -  , -  , -  , 0.2 ," 11,475.0 ","11,475 ","11,475 ", -  ," 11,475.0 ", 0.1 ,,0 ,0 ,,,,, 287 , 385 , -  ,," 11,475 ", 100.0 
나주시," 499,682 ","846,136 ","632,244 ", 74.7 , 1.1 ," 303,291.0 ","317,382 ","164,800 "," 15,199.0 "," 87,142.0 "," 5,042.0 "," 57,417.0 ", 30.3 ," 94,852.0 ","284,126 ","266,418 ", -  ," 266,418.0 ", 30.2 ," 101,539.0 ","244,628 ","201,026 ", -  ," 201,026.0 ", -  , -  ," 7,781 "," 10,539 ", 31 , 56 ," 241,003.0 ", 38.1 
시가지," 408,737 ","408,737 ","234,287 ", 57.3 , 1.1 ," 234,134.0 ","234,134 ","113,570 "," 12,756.0 "," 62,446.0 ", 312.0 ," 38,056.0 ", 25.2 ," 83,348.0 ","83,348 ","65,640 ", -  ," 65,640.0 ", 25.1 ," 91,255.0 ","91,255 ","55,077 ", -  ," 55,077.0 ",,," 3,210 "," 4,091 ", 23 , 44 ," 81,968 ", 35.0 
남평읍," 41,078 ","146,603 ","116,373 ", 79.4 ,," 38,089.0 ","38,089 ","7,859 ", 4.0 ," 1,950.0 ", 780.0 ," 5,125.0 ", 2.5 ," 1,304.0 ","56,303 ","56,303 ", -  ," 56,303.0 ", 2.5 ," 1,685.0 ","52,211 ","52,211 ", -  ," 52,211.0 ",,, 391 , 835 , 2 , 2 ," 18,733 ", 16.1 
공산면," 44,497 ","70,787 ","61,575 ", 87.0 ,," 31,068.0 ","31,068 ","29,280 ", 12.0 ," 16,409.0 "," 2,001.0 "," 10,858.0 ", 1.6 ," 4,830.0 ","31,120 ","31,120 ", -  ," 31,120.0 ", 1.6 ," 8,599.0 ","8,599 ","1,175 ", -  ," 1,175.0 ",,, 411 , 212 , 2 , 4 ," 6,267 ", 10.2 
금천면, - ,"21,777 ","21,777 ", 100.0 ,,,0 ,0 ,,,,,,,"10,280 ","10,280 ",," 10,280.0 ",,,"11,497 ","11,497 ", -  ," 11,497.0 ",,, 609 , -  , - , - , - , -  
다시면, - ,"15,781 ","15,781 ", 100.0 ,,,0 ,0 ,,,,,,,"14,677 ","14,677 ",," 14,677.0 ",,,"1,104 ","1,104 ", -  ," 1,104.0 ",,, 378 , 452 , - , - , - , -  
산포면," 5,370 ","58,032 ","58,032 ", 100.0 ,,,"14,091 ","14,091 "," 2,427.0 "," 6,337.0 "," 1,949.0 "," 3,378.0 ", 1.0 ," 5,370.0 ","38,326 ","38,326 ", -  ," 38,326.0 ", 1.0 , -  ,"5,615 ","5,615 ", -  ," 5,615.0 ",,, 342 , 341 , 4 , 6 ," 25,000 ", 43.1 
노안면, - ,"3,483 ","3,483 ", 100.0 ,,,0 ,0 , -  , -  , -  , -  ,,,"3,483 ","3,483 ", -  ," 3,483.0 ",,,0 ,0 , -  , -  ,,, 120 ,, -  , -  , -  , -  
세지면, - ,"1,283 ","1,283 ", 100.0 ,,,0 ,0 , -  , -  , -  , -  ,,,"1,283 ","1,283 ", -  ," 1,283.0 ",,,0 ,0 , -  , -  ,,, 18 , 19 , -  , -  , -  , -  
반남면, - ,"4,618 ","4,618 ", 100.0 ,,,0 ,0 , -  , -  , -  , -  ,,,"4,251 ","4,251 ", -  ," 4,251.0 ",,,367 ,367 , -  , 367.0 ,,, 43 ,, -  , -  , -  , -  
문평면, - ,"6,000 ","6,000 ", 100.0 ,,,0 ,0 , -  , -  , -  , -  , -  , -  ,"6,000 ","6,000 ", -  ," 6,000.0 ", -  , -  ,0 ,0 , -  , -  ,,, 183 , 278 , -  , -  , -  , -  
빛가람동, - ,"109,035 ","109,035 ", 100.0 ,,,0 ,0 , -  , -  , -  , -  , -  , -  ,"35,055 ","35,055 ",," 35,055.0 ", -  , -  ,"73,980 ","73,980 ", -  ," 73,980.0 ",,," 2,076 "," 4,311 ", -  , -  ," 109,035 ", 100.0 
광양시," 625,525 ","627,031 ","586,268 ", 93.5 , 25.7 ," 46,852.0 ","46,852 ","46,852 "," 29,049.0 "," 17,293.0 ", -  , 510.0 , 43.4 ," 309,097.0 ","310,255 ","301,825 ", -  ," 301,825.0 ", 43.4 ," 269,576.0 ","269,924 ","237,591 "," 55,432.0 "," 165,133.0 ", -  ," 17,026.0 "," 10,719 "," 19,128 ", 19 , 215 ," 437,969.0 ", 74.7 
광양읍," 255,976 ","256,132 ","236,071 ", 92.2 , 25.7 ," 46,852.0 ","46,852 ","46,852 "," 29,049.0 "," 17,293.0 ",, 510.0 , 14.0 ," 119,412.0 ","119,568 ","119,568 ",," 119,568.0 ", 14.0 ," 89,712.0 ","89,712 ","69,651 "," 19,337.0 "," 49,083.0 ",," 1,231.0 "," 4,099 "," 11,281 ", 19 , 59 ," 171,297 ", 72.6 
중마.골약동," 164,826 ","164,826 ","160,058 ", 97.1 ,,,,,,,,, 23.0 ," 67,185.0 ","67,185 ","62,417 ",," 62,417.0 ", 23.0 ," 97,641.0 ","97,641 ","97,641 "," 9,169.0 "," 74,393.0 ",," 14,079.0 "," 3,107 "," 4,172 ",, 72 ," 157,882 ", 98.6 
광영동," 53,666 ","53,666 ","41,411 ", 77.2 ,,,0 ,0 ,,,,, 0.5 ," 17,687.0 ","17,687 ","17,687 ",," 17,687.0 ", 0.5 ," 35,979.0 ","35,979 ","23,724 "," 10,708.0 "," 12,152.0 ",, 864.0 , 751 , 271 ,, 3 ," 41,411 ", 100.0 
태인동," 47,783 ","48,951 ","48,951 ", 100.0 ,,,0 ,0 ,,,,, 1.1 ," 19,967.0 ","20,969 ","20,969 ",," 20,969.0 ", 1.1 ," 27,816.0 ","27,982 ","27,982 "," 9,787.0 "," 18,029.0 ",, 166.0 , 985 ," 1,579 ",, 33 ," 48,951 ", 100.0 
진상면," 31,085 ","31,191 ","30,797 ", 98.7 ,,,0 ,0 ,,,,, 0.6 ," 24,000.0 ","24,000 ","23,606 ",," 23,606.0 ", 0.6 ," 7,085.0 ","7,191 ","7,191 "," 2,257.0 "," 4,690.0 ",, 244.0 , 484 , 437 ,, 12 ," 7,085 ", 23.0 
옥곡면," 35,904 ","35,980 ","32,712 ", 90.9 ,,,0 ,0 ,,,,, 3.7 ," 30,734.0 ","30,734 ","27,466 ",," 27,466.0 ", 3.7 ," 5,170.0 ","5,246 ","5,246 "," 2,258.0 "," 2,746.0 ",, 242.0 , 770 , 662 ,, 12 ," 5,170 ", 15.8 
진월면," 36,285 ","36,285 ","36,268 ", 100.0 ,,,0 ,0 ,,,,, 0.5 ," 30,112.0 ","30,112 ","30,112 ",," 30,112.0 ", 0.5 ," 6,173.0 ","6,173 ","6,156 "," 1,916.0 "," 4,040.0 ",, 200.0 , 523 , 726 ,, 24 ," 6,173 ", 17.0 
군부," 8,320,272 ","8,645,717 ","5,799,862 ", 67.1 , 109.2 ," 1,014,663.0 ","1,026,641 ","610,302 "," 87,924.5 "," 183,463.1 "," 124,325.2 "," 214,589.0 ", 334.9 ," 4,292,363.4 ","4,550,898 ","3,668,457 "," 8,384.0 "," 3,660,072.9 ", 516.0 ," 3,013,245.9 ","3,068,178 ","1,521,104 "," 233,570.8 "," 861,117.4 "," 87,570.0 "," 338,845.4 "," 73,247 "," 97,628 ", 277 , 232 ," 2,609,840.2 ", 45.0 
담양군," 361,990 ","390,381 ","360,058 ", 92.2 , -  ," 11,899.0 ","11,899 ",0 , -  , -  , -  , -  , 15.0 ," 249,752.0 ","259,606 ","243,643 ", -  ," 243,643.2 ", 15.0 ," 100,339.0 ","118,876 ","116,415 "," 11,729.5 "," 78,705.1 "," 5,034.7 "," 20,945.9 "," 9,025 "," 6,053 ", 162 , -  ," 209,330.0 ", 58.1 
담양읍," 140,260 ","153,030 ","150,184 ", 98.1 ,," 2,846.0 ","2,846 ",0 ,,,,, 6.0 ," 81,027.0 ","87,774 ","87,774 ",," 87,773.8 ", 6.0 ," 56,387.0 ","62,410 ","62,410 "," 10,513.0 "," 39,322.0 "," 1,459.0 "," 11,115.7 "," 3,616 "," 2,683 ", 60 ,," 93,121 ", 62.0 
고서면," 21,612 ","24,547 ","23,226 ", 94.6 ,,,0 ,0 ,,,,, 1.2 ," 17,283.0 ","17,283 ","15,962 ",," 15,961.9 ", 1.2 ," 4,329.0 ","7,264 ","7,264 ", -  ," 6,158.9 ", 574.7 , 530.6 , 637 , 365 , 29 ,," 14,746 ", 63.5 
창평면," 49,578 ","50,390 ","49,625 ", 98.5 ,,,0 ,0 ,,,,, 1.5 ," 33,287.0 ","33,287 ","32,521 ",," 32,521.3 ", 1.5 ," 16,291.0 ","17,103 ","17,103 ", -  ," 10,599.6 ", 150.2 ," 6,353.6 "," 1,381 "," 1,071 ", 26 ,," 33,350 ", 67.2 
대덕면," 7,098 ","7,672 ","6,672 ", 87.0 ,,,0 ,0 ,,,,, 0.2 ," 4,223.0 ","4,797 ","4,797 ",," 4,796.9 ", 0.2 ," 2,875.0 ","2,875 ","1,875 ", -  ," 1,114.0 ", -  , 760.7 , 96 , 221 , 3 ,," 6,671 ", 100.0 
무정면," 16,689 ","22,198 ","14,942 ", 67.3 ,," 5,538.0 ","5,538 ",0 ,,,,, 0.5 ," 11,151.0 ","11,151 ","9,433 ",," 9,433.0 ", 0.5 ,,"5,509 ","5,509 ", 978.0 ," 3,993.0 ", -  , 538.0 , 417 , 432 , 8 ,," 12,073 ", 80.8 
금성면," 37,228 ","40,138 ","32,525 ", 81.0 ,,,0 ,0 ,,,,, 1.8 ," 30,475.0 ","30,475 ","22,861 ",," 22,861.1 ", 1.8 ," 6,753.0 ","9,663 ","9,663 ", -  ," 6,800.0 "," 2,017.9 ", 845.5 , 645 , 259 , 15 ,," 17,860 ", 54.9 
수북면," 54,273 ","57,154 ","53,639 ", 93.8 ,," 3,515.0 ","3,515 ",0 ,,,,, 2.2 ," 47,866.0 ","50,399 ","50,399 ",," 50,399.4 ", 2.2 ," 2,892.0 ","3,240 ","3,240 ", 238.5 ," 1,570.8 ", 832.9 , 597.3 ," 1,503 ", 560 , 2 ,," 3,515 ", 6.6 
대전면," 35,252 ","35,252 ","29,247 ", 83.0 ,,,0 ,0 ,,,,, 1.7 ," 24,440.0 ","24,440 ","19,896 ",," 19,895.8 ", 1.7 ," 10,812.0 ","10,812 ","9,351 ", -  ," 9,146.8 ", -  , 204.5 , 730 , 462 , 19 ,," 27,994 ", 95.7 
곡성군," 409,802 ","439,520 ","338,217 ", 77.0 , -  , -  ,0 ,0 , -  , -  , -  , -  , 6.1 ," 307,568.0 ","307,568 ","215,877 ", -  ," 215,877.0 ", 6.1 ," 102,234.0 ","131,952 ","122,340 "," 27,725.0 "," 68,483.0 "," 26,132.0 ", -  ," 5,459 "," 6,361 ", 7 , 54 ," 232,473.0 ", 68.7 
"곡성읍,오곡면"," 132,717 ","132,717 ","121,731 ", 91.7 ,,,0 ,0 ,,,,, 3.5 ," 78,374.0 ","78,374 ","67,444 ",," 67,444.0 ", 3.5 ," 54,343.0 ","54,343 ","54,287 "," 12,446.0 "," 34,364.0 "," 7,477.0 ",," 2,783 "," 2,990 ", 4 , 22 ," 121,731 ", 100.0 
석곡면," 44,063 ","44,063 ","32,086 ", 72.8 ,,,0 ,0 ,,,,, 0.8 ," 28,619.0 ","28,619 ","19,197 ",," 19,197.0 ", 0.8 ," 15,444.0 ","15,444 ","12,889 "," 4,870.0 "," 6,565.0 "," 1,454.0 ",, 714 , 744 , 3 , 13 ," 32,086 ", 100.0 
옥과면," 68,212 ","68,216 ","41,616 ", 61.0 ,,,0 ,0 ,,,,, 0.8 ," 49,564.0 ","49,564 ","22,964 ",," 22,964.0 ", 0.8 ," 18,648.0 ","18,652 ","18,652 "," 4,180.0 "," 12,350.0 "," 2,122.0 ",, 904 ," 1,711 ",, 11 ," 41,616 ", 100.0 
입면," 53,112 ","53,112 ","37,040 ", 69.7 ,,,0 ,0 ,,,,, 1.0 ," 39,313.0 ","39,313 ","30,242 ",," 30,242.0 ", 1.0 ," 13,799.0 ","13,799 ","6,798 "," 1,083.0 "," 3,861.0 "," 1,854.0 ",," 1,058 ", 916 ,, 8 ," 37,040 ", 100.0 
기타지역," 111,698 ","141,412 ","105,744 ", 74.8 ,,,0 ,0 ,,,,,," 111,698.0 ","111,698 ","76,030 ",," 76,030.0 ",,,"29,714 ","29,714 "," 5,146.0 "," 11,343.0 "," 13,225.0 ",,,,,,, -  
구례군," 232,175 ","232,175 ","220,153 ", 94.8 , -  , -  ,0 ,0 , -  , -  , -  , -  , 57.0 ," 171,938.0 ","171,938 ","163,860 ", -  ," 163,860.0 ", 57.0 ," 60,237.0 ","60,237 ","56,293 ", -  ," 51,181.0 ", -  ," 5,112.0 "," 2,854 "," 6,066 ", -  , -  , -  , -  
구례읍," 168,651 ","168,651 ","168,651 ", 100.0 ,,,0 ,0 , -  , -  , -  , -  , 12.8 ," 126,867.0 ","126,867 ","126,867 ", -  ," 126,867.0 ", 12.8 ," 41,784.0 ","41,784 ","41,784 ", -  ," 38,811.0 ", -  ," 2,973.0 "," 2,073 "," 4,637 ", -  , -  , -  , -  
마산면," 27,993 ","27,993 ","27,072 ", 96.7 ,,,0 ,0 , -  , -  , -  , -  , 14.9 ," 18,415.0 ","18,415 ","17,938 ", -  ," 17,938.0 ", 14.9 ," 9,578.0 ","9,578 ","9,134 ", -  ," 6,995.0 ", -  ," 2,139.0 ", 518 , 652 , -  , -  , -  , -  
산동면," 35,531 ","35,531 ","24,430 ", 68.8 ,,,0 ,0 , -  , -  , -  , -  , 29.3 ," 26,656.0 ","26,656 ","19,055 ", -  ," 19,055.0 ", 29.3 ," 8,875.0 ","8,875 ","5,375 ", -  ," 5,375.0 ", -  , -  , 263 , 777 , -  , -  , -  , -  
고흥군," 473,398 ","485,120 ","369,626 ", 76.2 , 0.2 ," 225,787.0 ","226,305 ","216,940 "," 26,884.0 "," 54,170.0 "," 11,247.0 "," 124,639.0 ", 0.2 ," 192,970.0 ","204,174 ","146,229 ", -  ," 146,229.0 ", 0.2 ," 54,641.0 ","54,641 ","6,457 ", -  ," 6,457.0 ", -  , -  ," 1,940 "," 3,241 ", 12 , 1 , -  , -  
고흥읍," 101,572 ","101,572 ","75,658 ", 74.5 , 0.1 ," 56,790.0 ","56,790 ","56,790 "," 8,342.0 "," 24,956.0 "," 3,149.0 "," 20,343.0 ", 0.0 ," 34,737.0 ","34,737 ","17,340 ", -  ," 17,340.0 ", 0.1 ," 10,045.0 ","10,045 ","1,528 ", -  ," 1,528.0 ", -  , -  , 322 , 658 , -  , 1 , -  , -  
도양읍," 65,652 ","66,170 ","42,567 ", 64.3 , 0.0 ," 29,238.0 ","29,756 ","29,756 "," 1,359.0 "," 5,373.0 "," 1,244.0 "," 21,780.0 ", 0.0 ," 26,036.0 ","26,036 ","12,357 ", -  ," 12,357.0 ", 0.1 ," 10,378.0 ","10,378 ",454 , -  , 454.0 , -  , -  , 315 , 550 , -  , -  , -  , -  
풍양면," 72,341 ","73,822 ","69,697 ", 94.4 , 0.0 ," 33,707.0 ","33,707 ","33,707 ", 939.0 ," 7,322.0 "," 1,781.0 "," 23,665.0 ", 0.0 ," 33,683.0 ","35,164 ","35,164 ", -  ," 35,164.0 ", 0.0 ," 4,951.0 ","4,951 ",826 , -  , 826.0 , -  , -  , 150 , 227 , 4 , -  , -  , -  
금산면," 57,576 ","57,576 ","48,680 ", 84.5 , 0.0 ," 24,730.0 ","24,730 ","20,930 "," 8,271.0 "," 2,153.0 "," 1,001.0 "," 9,505.0 ", 0.0 ," 28,345.0 ","28,345 ","26,856 ", -  ," 26,856.0 ", 0.0 ," 4,501.0 ","4,501 ",894 , -  , 894.0 , -  , -  , 472 ," 1,050 ", -  , -  , -  , -  
도화면," 58,551 ","58,551 ","43,910 ", 75.0 , 0.0 ," 28,208.0 ","28,208 ","28,208 "," 7,100.0 "," 3,802.0 "," 1,211.0 "," 16,095.0 ", 0.0 ," 25,989.0 ","25,989 ","15,227 ", -  ," 15,227.0 ", 0.0 ," 4,354.0 ","4,354 ",475 , -  , 475.0 , -  , -  , 182 , 43 , -  , -  , -  , -  
포두면," 60,516 ","60,516 ","38,494 ", 63.6 , 0.0 ," 28,229.0 ","28,229 ","22,668 ", 193.0 ," 4,860.0 "," 1,622.0 "," 15,993.0 ", 0.0 ," 19,565.0 ","19,565 ","14,228 ", -  ," 14,228.0 ", 0.0 ," 12,722.0 ","12,722 ","1,598 ", -  ," 1,598.0 ", -  , -  , 228 , 354 , 5 , -  , -  , -  
점암면," 21,187 ","21,187 ","11,280 ", 53.2 , 0.0 ," 8,905.0 ","8,905 ","8,901 ", -  ," 1,103.0 ", 491.0 ," 7,307.0 ", 0.0 ," 11,535.0 ","11,535 ","2,254 ", -  ," 2,254.0 ", 0.0 , 747.0 ,747 ,125 , -  , 125.0 , -  , -  , 124 , 174 , -  , -  , -  , -  
과역면," 36,003 ","45,726 ","39,340 ", 86.0 , 0.0 ," 15,980.0 ","15,980 ","15,980 ", 680.0 ," 4,601.0 ", 748.0 ," 9,951.0 ", 0.0 ," 13,080.0 ","22,803 ","22,803 ", -  ," 22,803.0 ", 0.0 ," 6,943.0 ","6,943 ",557 , -  , 557.0 , -  , -  , 147 , 185 , 3 , -  , -  , -  
보성군," 598,956 ","602,663 ","351,937 ", 58.4 , -  , -  ,0 ,0 , -  , -  , -  , -  , 20.3 ," 284,346.0 ","288,053 ","217,972 ", -  ," 217,972.0 ", -  ," 314,610.0 ","314,610 ","133,965 "," 8,676.0 "," 62,999.0 "," 16,004.0 "," 46,286.0 "," 4,168 "," 16,543 ", -  , -  ," 351,937.0 ", 100.0 
보성읍," 100,647 ","100,647 ","77,122 ", 76.6 ,,,0 ,0 ,,,,, 5.0 ," 29,269.0 ","29,269 ","21,810 ",," 21,810.0 ",," 71,378.0 ","71,378 ","55,312 "," 2,611.0 "," 25,600.0 "," 12,296.0 "," 14,805.0 "," 1,122 "," 5,520 ",,," 77,122 ", 100.0 
벌교읍," 83,053 ","83,053 ","62,687 ", 75.5 ,,,0 ,0 ,,,,, 9.0 ," 24,912.0 ","24,912 ","19,858 ",," 19,858.0 ",," 58,141.0 ","58,141 ","42,829 "," 4,555.0 "," 21,017.0 ", 953.0 ," 16,304.0 ", 986 ," 4,540 ",,," 62,687 ", 100.0 
노동면," 33,169 ","33,169 ","10,940 ", 33.0 ,,,0 ,0 ,,,,, 1.0 ," 18,200.0 ","18,200 ","10,710 ",," 10,710.0 ",," 14,969.0 ","14,969 ",230 ,, 230.0 ,,, 34 , 173 ,,," 10,940 ", 100.0 
미력면," 22,605 ","22,605 ","7,122 ", 31.5 ,,,0 ,0 ,,,,,," 10,020.0 ","10,020 ","7,014 ",," 7,014.0 ",," 12,585.0 ","12,585 ",108 ,, 108.0 ,,, 106 , 276 ,,," 7,122 ", 100.0 
겸백면," 28,932 ","28,932 ","10,725 ", 37.1 ,,,0 ,0 ,,,,,," 15,150.0 ","15,150 ","10,605 ",," 10,605.0 ",," 13,782.0 ","13,782 ",120 ,, 120.0 ,,, 32 , 155 ,,," 10,725 ", 100.0 
율어면," 30,638 ","30,638 ","15,250 ", 49.8 ,,,0 ,0 ,,,,,," 16,702.0 ","16,702 ","15,132 ",," 15,132.0 ",," 13,936.0 ","13,936 ",118 ,, 118.0 ,,, 94 , 242 ,,," 15,250 ", 100.0 
복내면," 33,249 ","33,249 ","21,387 ", 64.3 ,,,0 ,0 ,,,,,," 23,449.0 ","23,449 ","16,205 ",," 16,205.0 ",," 9,800.0 ","9,800 ","5,182 ",," 4,841.0 ",, 341.0 , 130 , 880 ,,," 21,387 ", 100.0 
문덕면," 19,173 ","19,173 ","12,670 ", 66.1 ,,,0 ,0 ,,, d ,,," 13,200.0 ","13,200 ","10,401 ",," 10,401.0 ",," 5,973.0 ","5,973 ","2,269 ", 35.0 , 856.0 ,," 1,378.0 ", 90 , 453 ,,," 12,670 ", 100.0 
조성면," 86,838 ","86,838 ","39,242 ", 45.2 ,,,0 ,0 ,,,,, 4.0 ," 47,761.0 ","47,761 ","29,812 ",," 29,812.0 ",," 39,077.0 ","39,077 ","9,430 ", 194.0 ," 3,080.0 "," 2,114.0 "," 4,042.0 ", 425 ," 1,145 ",,," 39,242 ", 100.0 
득량면," 122,607 ","122,607 ","64,980 ", 53.0 ,,,0 ,0 ,,,,, 1.0 ," 67,433.0 ","67,433 ","54,468 ",," 54,468.0 ",," 55,174.0 ","55,174 ","10,512 ", 768.0 ," 2,060.0 ", 641.0 ," 7,043.0 ", 666 ," 1,848 ",,," 64,980 ", 100.0 
회천면," 13,115 ","13,115 ","13,115 ", 100.0 ,,,0 ,0 ,,,,, 0.3 ," 5,820.0 ","5,820 ","5,820 ",," 5,820.0 ",," 7,295.0 ","7,295 ","7,295 ", 513.0 ," 4,409.0 ",," 2,373.0 ", 190 , 810 ,,," 13,115 ", 100.0 
웅치면," 24,930 ","28,637 ","16,697 ", 58.3 ,,,0 ,0 ,,,,,," 12,430.0 ","16,137 ","16,137 ",," 16,137.0 ",," 12,500.0 ","12,500 ",560 ,, 560.0 ,,, 293 , 501 ,,," 16,697 ", 100.0 
화순군," 401,997 ","401,997 ","312,718 ", 77.8 , 0.6 ," 43,566.0 ","43,566 ","19,740 "," 10,021.0 "," 9,719.0 ", -  , -  , 24.5 ," 207,206.0 ","207,206 ","199,198 ", -  ," 199,198.0 ", 18.2 ," 151,225.0 ","151,225 ","93,780 "," 8,870.0 "," 66,178.0 "," 11,230.0 "," 7,502.0 "," 5,020 "," 9,669 ", 4 , -  , -  , -  
화순읍," 323,930 ","323,930 ","256,480 ", 79.2 , 0.4 ," 35,613.0 ","35,613 ","18,841 "," 10,021.0 "," 8,820.0 ", -  , -  , 18.9 ," 160,236.0 ","160,236 ","160,236 ", -  ," 160,236.0 ", 12.7 ," 128,081.0 ","128,081 ","77,403 "," 7,398.0 "," 56,919.0 "," 8,893.0 "," 4,193.0 "," 3,914 "," 7,946 ", 4 , -  , -  , -  
도곡면," 16,827 ","16,827 ","13,203 ", 78.5 , -  ," 2,655.0 ","2,655 ",209 , -  , 209.0 , -  , -  , 2.6 ," 7,963.0 ","7,963 ","7,963 ", -  ," 7,963.0 ", 2.6 ," 6,209.0 ","6,209 ","5,031 "," 1,211.0 "," 3,820.0 ", -  , -  , 273 , 364 , -  , -  , -  , -  
북  면," 12,420 ","12,420 ","5,168 ", 41.6 , -  ," 4,748.0 ","4,748 ",140 , -  , 140.0 , -  , -  , 0.1 ," 2,935.0 ","2,935 ","2,698 ", -  ," 2,698.0 ", 0.1 ," 4,737.0 ","4,737 ","2,330 ", 173.0 ," 2,157.0 ", -  , -  , 159 , 257 , -  , -  , -  , -  
동복면," 22,100 ","22,100 ","13,867 ", 62.7 , -  , 250.0 ,250 ,250 , -  , 250.0 , -  , -  , 1.1 ," 14,766.0 ","14,766 ","8,835 ", -  ," 8,835.0 ", 1.1 ," 7,084.0 ","7,084 ","4,782 ", 23.0 ," 2,055.0 "," 1,415.0 "," 1,289.0 ", 277 , 523 , -  , -  , -  , -  
남  면," 26,720 ","26,720 ","24,000 ", 89.8 , 0.3 , 300.0 ,300 ,300 , -  , 300.0 , -  , -  , 1.7 ," 21,306.0 ","21,306 ","19,466 ", -  ," 19,466.0 ", 1.7 ," 5,114.0 ","5,114 ","4,234 ", 65.0 ," 1,227.0 ", 922.0 ," 2,020.0 ", 397 , 579 , -  , -  , -  , -  
장흥군," 320,126 ","320,143 ","229,502 ", 71.7 , -  , -  ,0 ,0 , -  , -  , -  , -  , 6.9 ," 141,308.0 ","141,325 ","106,761 ", -  ," 106,761.0 ", 258.1 ," 178,818.0 ","178,818 ","122,741 "," 58,000.0 "," 38,415.0 ", -  ," 26,326.0 "," 3,393 "," 4,461 ", -  , -  ," 229,502.0 ", 100.0 
장흥읍," 194,414 ","194,414 ","154,552 ", 79.5 ,,,0 ,0 ,,,,, 3.3 ," 79,130.0 ","79,130 ","65,465 ",," 65,465.0 ", 56.0 ," 115,284.0 ","115,284 ","89,087 "," 42,815.0 "," 21,748.0 ",," 24,524.0 "," 1,621 "," 2,607 ",,," 154,552 ", 100.0 
관산읍," 33,300 ","33,300 ","20,055 ", 60.2 ,,,0 ,0 ,,,,, 0.7 ," 14,926.0 ","14,926 ","11,564 ",," 11,564.0 ", 71.7 ," 18,374.0 ","18,374 ","8,491 "," 3,055.0 "," 5,134.0 ",, 302.0 , 475 , 558 ,,," 20,055 ", 100.0 
대덕읍," 73,918 ","73,918 ","36,875 ", 49.9 ,,,0 ,0 ,,,,, 2.4 ," 37,368.0 ","37,368 ","19,831 ",," 19,831.0 ", 58.1 ," 36,550.0 ","36,550 ","17,044 "," 7,881.0 "," 8,111.0 ",," 1,052.0 ", 833 , 785 ,,," 36,875 ", 100.0 
회진면," 18,494 ","18,511 ","18,020 ",,,,0 ,0 ,,,,, 0.4 ," 9,884.0 ","9,901 ","9,901 ",," 9,901.0 ", 72.3 ," 8,610.0 ","8,610 ","8,119 "," 4,249.0 "," 3,422.0 ",, 448.0 , 464 , 511 ,,," 18,020 ", 100.0 
강진군," 313,081 ","313,081 ","313,081 ", 100.0 , -  , -  ,0 ,0 , -  , -  , -  , -  , -  ," 178,136.0 ","178,136 ","178,136 ", -  ," 178,136.0 ", -  ," 134,945.0 ","134,945 ","134,945 "," 37,619.0 "," 54,030.0 ", 777.0 ," 42,519.0 "," 5,615 ", -  , -  , -  , -  , -  
강진읍," 136,236 ","136,236 ","136,236 ", 100.0 ,,,0 ,0 ,,,,,," 75,524.0 ","75,524 ","75,524 ",," 75,524.0 ",," 60,712.0 ","60,712 ","60,712 "," 21,551.0 "," 31,875.0 ",," 7,286.0 "," 2,698 ",,,,, -  
군동면," 18,563 ","18,563 ","18,563 ", 100.0 ,,,0 ,0 ,,,,,," 13,826.0 ","13,826 ","13,826 ",," 13,826.0 ",," 4,737.0 ","4,737 ","4,737 ", 973.0 , 501.0 ,," 3,263.0 ", 206 ,,,,, -  
칠량면," 9,557 ","9,557 ","9,557 ", 100.0 ,,,0 ,0 ,,,,,," 7,576.0 ","7,576 ","7,576 ",," 7,576.0 ",," 1,981.0 ","1,981 ","1,981 ", 248.0 , 215.0 ,," 1,518.0 ", 23 ,,,,, -  
대구면," 13,339 ","13,339 ","13,339 ", 100.0 ,,,0 ,0 ,,,,,," 4,350.0 ","4,350 ","4,350 ",," 4,350.0 ",," 8,989.0 ","8,989 ","8,989 "," 1,168.0 "," 2,527.0 ", 129.0 ," 5,165.0 ", 185 ,,,,, -  
마량면," 45,623 ","45,623 ","45,623 ", 100.0 ,,,0 ,0 ,,,,,," 21,751.0 ","21,751 ","21,751 ",," 21,751.0 ",," 23,872.0 ","23,872 ","23,872 "," 3,045.0 "," 8,470.0 ", 411.0 ," 11,946.0 ", 875 ,,,,, -  
도암면," 10,893 ","10,893 ","10,893 ", 100.0 ,,,0 ,0 ,,,,,," 6,910.0 ","6,910 ","6,910 ",," 6,910.0 ",," 3,983.0 ","3,983 ","3,983 "," 1,264.0 "," 1,625.0 ",," 1,094.0 ", 251 ,,,,, -  
신전면," 16,575 ","16,575 ","16,575 ", 100.0 ,,,0 ,0 ,,,,,," 10,186.0 ","10,186 ","10,186 ",," 10,186.0 ",," 6,389.0 ","6,389 ","6,389 ", 941.0 ," 2,450.0 ",," 2,998.0 ", 281 ,,,,, -  
성전면," 19,643 ","19,643 ","19,643 ", 100.0 ,,,0 ,0 ,,,,,," 16,834.0 ","16,834 ","16,834 ",," 16,834.0 ",," 2,809.0 ","2,809 ","2,809 ", 423.0 ," 1,047.0 ", 152.0 ," 1,187.0 ", 299 ,,,,, -  
작천면," 11,585 ","11,585 ","11,585 ", 100.0 ,,,0 ,0 ,,,,,," 5,216.0 ","5,216 ","5,216 ",," 5,216.0 ",," 6,369.0 ","6,369 ","6,369 "," 3,829.0 ", 588.0 , 8.0 ," 1,944.0 ", 156 ,,,,, -  
병영면," 19,528 ","19,528 ","19,528 ", 100.0 ,,,0 ,0 ,,,,,," 4,781.0 ","4,781 ","4,781 ",," 4,781.0 ",," 14,747.0 ","14,747 ","14,747 "," 4,177.0 "," 4,533.0 ",," 6,037.0 ", 282 ,,,,, -  
옴천면," 11,539 ","11,539 ","11,539 ", 100.0 ,,,0 ,0 ,,,,,," 11,182.0 ","11,182 ","11,182 ",," 11,182.0 ",, 357.0 ,357 ,357 ,, 199.0 , 77.0 , 81.0 , 359 ,,,,, -  
해남군," 816,295 ","817,893 ","425,864 ", 52.1 , 16.2 ," 176,017.0 ","177,615 ","136,053 "," 9,108.0 "," 40,268.0 "," 85,241.0 "," 1,436.0 ", 9.4 ," 434,931.0 ","434,931 ","221,344 "," 1,468.0 "," 219,876.0 ", 4.3 ," 205,347.0 ","205,347 ","68,467 "," 8,342.0 "," 56,693.0 "," 3,147.0 ", 285.0 ," 3,458 "," 9,563 ", -  , -  , -  , -  
해남읍," 227,421 ","227,421 ","167,594 ", 73.7 , 5.1 ," 61,498.0 ","61,498 ","51,300 "," 3,433.0 "," 21,795.0 "," 26,072.0 ",, 2.6 ," 100,954.0 ","100,954 ","91,630 ",," 91,630.0 ", 1.0 ," 64,969.0 ","64,969 ","24,664 "," 2,649.0 "," 22,015.0 ",,," 1,562 "," 4,709 ",,,, -  
삼산면," 37,403 ","37,403 ","17,872 ", 47.8 , 0.7 ," 10,833.0 ","10,833 ","6,100 ", 632.0 ," 1,857.0 "," 3,611.0 ",, 0.3 ," 20,770.0 ","20,770 ","11,152 ", 580.0 ," 10,572.0 ", 0.2 ," 5,800.0 ","5,800 ",620 ,, 620.0 ,,, 308 , 471 ,,,, -  
화산면," 58,966 ","58,966 ","7,125 ", 12.1 , 0.5 ," 7,506.0 ","7,506 ","7,125 ", 826.0 ," 1,243.0 "," 5,056.0 ",, 0.3 ," 40,060.0 ","40,060 ",0 ,,, 0.2 ," 11,400.0 ","11,400 ",0 ,,,,,,,,,, -  
현산면," 54,543 ","54,543 ","12,575 ", 23.1 , 1.1 ," 10,995.0 ","10,995 ","8,332 ", 904.0 ," 1,861.0 "," 5,567.0 ",, 0.2 ," 33,748.0 ","33,748 ",0 ,,, 0.2 ," 9,800.0 ","9,800 ","4,243 ", 874.0 ," 2,544.0 ", 825.0 ,,,,,,, -  
송지면," 49,000 ","49,888 ","32,321 ", 64.8 , 0.4 ," 6,788.0 ","7,676 ","7,676 "," 1,050.0 "," 2,708.0 "," 3,336.0 ", 582.0 , 0.3 ," 27,894.0 ","27,894 ","20,880 ", 415.0 ," 20,465.0 ", 0.2 ," 14,318.0 ","14,318 ","3,765 ",," 2,462.0 "," 1,018.0 ", 285.0 , 309 ," 1,053 ",,,, -  
북평면," 51,136 ","51,136 ","36,152 ", 70.7 , 0.4 ," 6,159.0 ","6,159 ","4,916 ", 916.0 , 425.0 ," 3,455.0 ", 120.0 , 0.3 ," 33,399.0 ","33,399 ","26,391 ", 473.0 ," 25,918.0 ", 0.2 ," 11,578.0 ","11,578 ","4,845 ",," 4,795.0 ", 50.0 ,, 326 , 843 ,,,, -  
북일면," 35,896 ","35,896 ","29,387 ", 81.9 , 0.5 ," 8,803.0 ","8,803 ","5,523 ", 604.0 , 580.0 ," 4,339.0 ",, 0.2 ," 22,162.0 ","22,162 ","22,162 ",," 22,162.0 ", 0.1 ," 4,931.0 ","4,931 ","1,702 ", 550.0 ," 1,152.0 ",,, 208 , 424 ,,,, -  
옥천면," 55,936 ","55,936 ","5,908 ", 10.6 , 0.5 ," 12,866.0 ","12,866 ","5,048 ", 150.0 , 662.0 ," 4,236.0 ",, 0.4 ," 36,787.0 ","36,787 ",0 ,,, 0.2 ," 6,283.0 ","6,283 ",860 ,, 750.0 , 110.0 ,,,,,,, -  
계곡면," 35,398 ","35,398 ","7,891 ", 22.3 , 0.5 ," 8,435.0 ","8,435 ","5,616 ", 200.0 ," 1,964.0 "," 3,452.0 ",, 0.3 ," 20,019.0 ","20,019 ","1,950 ",," 1,950.0 ", 0.2 ," 6,944.0 ","6,944 ",325 ,, 115.0 , 210.0 ,, 44 , 64 ,,,, -  
마산면," 33,640 ","33,640 ","15,084 ", 44.8 , 0.4 ," 9,662.0 ","9,662 ","6,697 ",," 1,498.0 "," 5,199.0 ",, 0.2 ," 15,478.0 ","15,478 ","3,009 ",," 3,009.0 ", 0.2 ," 8,500.0 ","8,500 ","5,378 "," 2,819.0 "," 1,625.0 ", 934.0 ,, 29 , 131 ,,,, -  
황산면," 48,185 ","48,895 ","25,979 ", 53.1 , 0.5 ," 8,142.0 ","8,852 ","8,852 ", 393.0 ," 3,196.0 "," 5,028.0 ", 235.0 , 0.3 ," 24,291.0 ","24,291 ","15,460 ",," 15,460.0 ", 0.2 ," 15,752.0 ","15,752 ","1,667 ", 838.0 , 829.0 ,,, 229 , 588 ,,,, -  
산이면," 38,445 ","38,445 ","8,482 ", 22.1 , 0.7 ," 10,618.0 ","10,618 ","5,728 ",, 829.0 ," 4,885.0 ", 14.0 , 0.3 ," 15,391.0 ","15,391 ","1,950 ",," 1,950.0 ", 0.2 ," 12,436.0 ","12,436 ",804 ,, 804.0 ,,, 25 , 96 ,,,, -  
문내면," 50,543 ","50,543 ","32,158 ", 63.6 , 0.4 ," 8,150.0 ","8,150 ","7,831 ",, 489.0 ," 7,047.0 ", 295.0 , 0.2 ," 23,534.0 ","23,534 ","8,510 ",," 8,510.0 ", 0.2 ," 18,859.0 ","18,859 ","15,817 ", 612.0 ," 15,205.0 ",,, 283 , 592 ,,,, -  
화원면," 39,783 ","39,783 ","27,336 ", 68.7 , 4.5 ," 5,562.0 ","5,562 ","5,309 ",," 1,161.0 "," 3,958.0 ", 190.0 , 3.5 ," 20,444.0 ","20,444 ","18,250 ",," 18,250.0 ", 1.0 ," 13,777.0 ","13,777 ","3,777 ",," 3,777.0 ",,, 135 , 592 ,,,, -  
영암군," 791,856 ","844,424 ","520,202 ", 61.6 , 40.8 ," 201,952.0 ","210,693 ","88,168 ", -  ," 35,726.0 "," 15,784.0 "," 36,658.0 ", 40.8 ," 233,257.0 ","277,084 ","244,183 ", -  ," 244,183.0 ", 19.0 ," 356,647.0 ","356,647 ","187,851 "," 43,281.0 "," 118,093.0 "," 13,714.0 "," 12,763.0 "," 4,495 "," 5,063 ", 72 , 76 ," 455,617.0 ", 87.6 
영암읍," 122,488 ","127,340 ","113,816 ", 89.4 , 3.3 , 200.0 ,"2,648 ","2,648 ", -  ," 2,648.0 ", -  , -  , 3.3 ," 57,065.0 ","59,469 ","59,469 ", -  ," 59,469.0 ", 1.0 ," 65,223.0 ","65,223 ","51,699 "," 5,532.0 "," 27,984.0 "," 9,539.0 "," 8,644.0 "," 2,353 "," 1,274 ", 17 , 18 ," 111,117 ", 97.6 
삼호읍," 314,164 ","340,148 ","244,231 ", 71.8 , 33.5 ," 19,810.0 ","19,810 ","5,010 ", -  ," 3,662.0 "," 1,348.0 ", -  , 33.5 ," 87,474.0 ","113,458 ","113,458 ", -  ," 113,458.0 ", 16.0 ," 206,880.0 ","206,880 ","125,763 "," 37,357.0 "," 84,702.0 ", 756.0 ," 2,948.0 ", 687 , 956 ,,," 231,914 ", 95.0 
덕진면," 16,684 ","22,330 ","19,220 ", 86.1 , -  , 412.0 ,"2,510 ","2,510 ", -  ," 2,510.0 ", -  , -  , -  ," 6,191.0 ","9,739 ","9,739 ", -  ," 9,739.0 ", -  ," 10,081.0 ","10,081 ","6,971 ", 392.0 ," 3,543.0 "," 1,865.0 "," 1,171.0 ", 285 , 274 , 6 , 6 ," 16,272 ", 84.7 
금정면," 6,033 ","13,048 ","11,460 ", 87.8 , -  ," 4,006.0 ","7,181 ","7,181 ", -  ," 2,350.0 "," 1,881.0 "," 2,950.0 ", -  , 77.0 ,"3,917 ","3,917 ", -  ," 3,917.0 ", -  ," 1,950.0 ","1,950 ",362 , -  , -  , 362.0 , -  , 180 , 171 , 7 , 8 ," 7,884 ", 68.8 
신북면," 92,836 ","97,534 ","45,275 ", 46.4 , 1.0 ," 56,155.0 ","56,155 ","23,936 ", -  ," 8,440.0 "," 5,672.0 "," 9,824.0 ", 1.0 ," 15,741.0 ","20,439 ","20,439 ", -  ," 20,439.0 ", -  ," 20,940.0 ","20,940 ",900 , -  , 800.0 , 100.0 , -  , 157 , 974 , 11 , 11 ," 30,957 ", 68.4 
시종면," 53,960 ","53,960 ","17,642 ", 32.7 , -  ," 21,822.0 ","21,822 ","9,312 ", -  ," 2,639.0 "," 1,306.0 "," 5,367.0 ", -  ," 22,035.0 ","22,035 ","8,179 ", -  ," 8,179.0 ", 1.0 ," 10,103.0 ","10,103 ",151 , -  , -  , 151.0 , -  , 78 , 364 , 4 , 5 ," 9,930 ", 56.3 
도포면," 10,460 ","10,460 ","5,482 ", 52.4 , -  ," 10,097.0 ","10,097 ","5,119 ", -  ," 3,048.0 "," 1,109.0 ", 962.0 , -  , 193.0 ,193 ,193 , -  , 193.0 , -  , 170.0 ,170 ,170 , -  , -  , 170.0 , -  , 41 , 73 ,,," 3,812 ", 69.5 
군서면," 74,113 ","74,113 ","25,204 ", 34.0 , 1.6 ," 47,354.0 ","47,354 ","14,718 ", -  ," 4,663.0 "," 1,260.0 "," 8,795.0 ", 1.6 ," 12,402.0 ","12,402 ","9,883 ", -  ," 9,883.0 ", 1.0 ," 14,357.0 ","14,357 ",603 , -  , 269.0 , 334.0 , -  , 309 , 99 , 17 , 17 ," 22,995 ", 91.2 
서호면," 38,297 ","38,297 ","6,671 ", 17.4 , -  ," 14,367.0 ","14,367 ","6,323 ", -  ," 2,781.0 "," 1,407.0 "," 2,135.0 ", -  ," 12,684.0 ","12,684 ",126 , -  , 126.0 , -  ," 11,246.0 ","11,246 ",222 , -  , -  , 222.0 , -  , 49 , 56 , 10 , 11 ," 5,144 ", 77.1 
학산면," 54,408 ","57,761 ","29,284 ", 50.7 , 1.4 ," 27,262.0 ","27,262 ","9,924 ", -  ," 1,632.0 "," 1,667.0 "," 6,625.0 ", 1.4 ," 15,212.0 ","18,565 ","18,565 ", -  ," 18,565.0 ", -  ," 11,934.0 ","11,934 ",795 , -  , 795.0 , -  , -  , 352 , 750 ,,," 15,592 ", 53.2 
미암면," 8,413 ","9,433 ","1,917 ", 20.3 , -  , 467.0 ,"1,487 ","1,487 ", -  ," 1,353.0 ", 134.0 , -  , -  ," 4,183.0 ","4,183 ",215 , -  , 215.0 , -  ," 3,763.0 ","3,763 ",215 , -  , -  , 215.0 , -  , 4 , 72 ,,, -  , -  
무안군," 647,908 ","647,908 ","467,182 ", 72.1 , 8.0 ," 134,016.0 ","134,016 ","58,055 "," 9,062.0 "," 12,552.0 "," 4,265.0 "," 32,176.0 ", 12.4 ," 445,762.0 ","445,762 ","401,331 ", -  ," 401,331.0 ", 7.2 ," 68,130.0 ","68,130 ","7,796 ", -  ," 1,758.0 ", -  ," 6,038.0 "," 2,629 "," 9,513 ", 2 , 2 ," 38,425.0 ", 8.2 
무안읍," 283,202 ","283,202 ","213,686 ", 75.5 , 6.0 ," 62,958.0 ","62,958 ","35,723 "," 5,345.0 "," 6,666.0 "," 1,992.0 "," 21,720.0 ", 3.5 ," 185,678.0 ","185,678 ","172,414 ",," 172,414.0 ", 3.5 ," 34,566.0 ","34,566 ","5,549 ",," 1,758.0 ",," 3,791.0 "," 1,026 "," 5,244 ", 1 , 1 ," 20,844 ", 9.8 
일로읍," 227,859 ","227,859 ","151,613 ", 66.5 , 2.0 ," 71,058.0 ","71,058 ","22,332 "," 3,717.0 "," 5,886.0 "," 2,273.0 "," 10,456.0 ", 2.8 ," 129,293.0 ","129,293 ","127,034 ",," 127,034.0 ", 2.5 ," 27,508.0 ","27,508 ","2,247 ",,,," 2,247.0 "," 1,112 "," 4,164 ", 1 , 1 ," 9,632 ", 6.4 
삼향읍," 1,244 ","1,244 ","1,244 ", 100.0 ,,,0 ,0 ,,,,, 0.0 ," 1,244.0 ","1,244 ","1,244 ",," 1,244.0 ",,,0 ,0 ,,,,,,,,,, -  
몽탄면," 44,143 ","44,143 ","44,143 ", 100.0 ,,,0 ,0 ,,,,, 2.6 ," 44,143.0 ","44,143 ","44,143 ",," 44,143.0 ",,,0 ,0 ,,,,,,,,,, -  
청계면," 43,508 ","43,508 ","22,296 ", 51.2 ,,,0 ,0 ,,,,, 1.6 ," 41,461.0 ","41,461 ","22,296 ",," 22,296.0 ", 0.7 ," 2,047.0 ","2,047 ",0 ,,,,, 314 , 105 ,,," 6,645 ", 29.8 
현경면," 9,742 ","9,742 ","9,742 ", 100.0 ,,,0 ,0 ,,,,, 0.8 ," 9,742.0 ","9,742 ","9,742 ",," 9,742.0 ",,,0 ,0 ,,,,,,,,,, -  
해제면," 37,986 ","37,986 ","24,234 ", 63.8 ,,,0 ,0 ,,,,, 1.1 ," 33,977.0 ","33,977 ","24,234 ",," 24,234.0 ", 0.5 ," 4,009.0 ","4,009 ",0 ,,,,, 177 ,,,," 1,304 ", 5.4 
운남면, 224 ,224 ,224 , 100.0 ,,,0 ,0 ,,,,,, 224.0 ,224 ,224 ,, 224.0 ,,,0 ,0 ,,,,,,,,,, -  
함평군," 475,470 ","559,267 ","496,483 ", 88.8 , -  ," 25,812.0 ","26,933 ","18,686 "," 1,557.0 "," 6,983.0 "," 6,259.0 "," 3,887.0 ", 7.5 ," 328,064.0 ","407,520 ","395,397 "," 6,916.0 "," 388,481.0 ", 2.5 ," 121,594.0 ","124,814 ","82,400 "," 5,499.0 "," 59,351.0 "," 6,474.0 "," 11,076.0 "," 6,295 "," 6,835 ", 10 , 10 ," 468,787.0 ", 94.4 
함평읍," 143,540 ","157,807 ","153,123 ", 97.0 ,," 17,225.0 ","17,225 ","12,541 ", 827.0 ," 5,310.0 "," 3,710.0 "," 2,694.0 ", 2.8 ," 88,420.0 ","100,875 ","100,875 ", 320.0 ," 100,555.0 ", 0.3 ," 37,895.0 ","39,707 ","39,707 "," 2,230.0 "," 33,239.0 "," 1,398.0 "," 2,840.0 "," 1,479 "," 1,205 ", 3 , 3 ," 142,481 ", 93.1 
손불면," 25,415 ","74,537 ","74,537 ", 100.0 ,,,121 ,121 , 8.0 ,, 51.0 , 62.0 , 0.2 ," 23,794.0 ","72,484 ","72,484 ",," 72,484.0 ", 0.1 ," 1,621.0 ","1,932 ","1,932 ", -  ," 1,932.0 ",,, 337 , 431 ,,," 74,424 ", 99.8 
신광면," 10,984 ","16,192 ","16,192 ", 100.0 ,,,229 ,229 ,, 31.0 , 198.0 ,, 0.5 ," 9,934.0 ","14,823 ","14,823 ", 292.0 ," 14,531.0 ", 0.3 ," 1,050.0 ","1,140 ","1,140 ", 45.0 , 978.0 , 71.0 , 46.0 , 326 , 231 ,,," 15,877 ", 98.1 
학교면," 93,579 ","93,692 ","82,135 ", 87.7 ,," 8,587.0 ","8,587 ","5,024 ", 722.0 ," 1,231.0 "," 2,017.0 "," 1,054.0 ", 1.1 ," 60,131.0 ","60,244 ","60,244 "," 6,030.0 "," 54,214.0 ", 0.5 ," 24,861.0 ","24,861 ","16,867 ", 844.0 ," 12,545.0 "," 1,662.0 "," 1,816.0 ", 851 , 979 , 6 , 6 ," 75,586 ", 92.0 
엄다면," 23,141 ","29,533 ","25,523 ", 86.4 ,,,235 ,235 ,, 196.0 , 39.0 ,, 0.6 ," 14,592.0 ","20,749 ","20,749 ",," 20,749.0 ", 0.1 ," 8,549.0 ","8,549 ","4,539 ", -  ," 3,171.0 ", 461.0 , 907.0 , 538 , 530 , 1 , 1 ," 24,116 ", 94.5 
대동면," 31,865 ","32,872 ","27,935 ", 85.0 ,,,0 ,0 ,,,,, 0.4 ," 28,331.0 ","28,331 ","23,394 ", 274.0 ," 23,120.0 ", 0.2 ," 3,534.0 ","4,541 ","4,541 ", 106.0 ," 3,625.0 ", 560.0 , 250.0 , 557 , 764 ,,," 27,125 ", 97.1 
나산면," 45,030 ","45,334 ","37,091 ", 81.8 ,,,0 ,0 ,,,,, 0.9 ," 31,521.0 ","31,825 ","31,825 ", -  ," 31,825.0 ", 0.3 ," 13,509.0 ","13,509 ","5,266 "," 1,196.0 "," 1,761.0 ", 732.0 ," 1,577.0 "," 1,277 "," 1,091 ",,," 34,782 ", 93.8 
해보면," 64,499 ","64,729 ","42,813 ", 66.1 ,,,230 ,230 ,, 153.0 ,, 77.0 , 0.7 ," 45,149.0 ","45,149 ","37,963 ", -  ," 37,963.0 ", 0.4 ," 19,350.0 ","19,350 ","4,620 ", 539.0 ," 1,451.0 ", 810.0 ," 1,820.0 ", 642 ," 1,045 ",,," 40,106 ", 93.7 
월야면," 37,417 ","44,571 ","37,134 ", 83.3 ,,,306 ,306 ,, 62.0 , 244.0 ,, 0.5 ," 26,192.0 ","33,040 ","33,040 ", -  ," 33,040.0 ", 0.3 ," 11,225.0 ","11,225 ","3,788 ", 539.0 , 649.0 , 780.0 ," 1,820.0 ", 288 , 559 ,,," 34,290 ", 92.3 
영광군," 465,795 ","465,796 ","260,884 ", 56.0 , 18.3 ," 102,976.0 ","102,976 ","12,011 "," 9,063.5 ", 688.1 ," 1,529.2 ", 730.0 , 18.3 ," 269,719.4 ","269,719 ","155,773 ", -  ," 155,772.9 ", 18.3 ," 93,099.9 ","93,100 ","93,100 ", 9.2 ," 68,154.4 "," 2,332.3 "," 22,604.2 "," 5,118 "," 2,871 ", 2 , -  ," 260,883.8 ", 100.0 
영광읍," 239,169 ","239,169 ","108,910 ", 45.5 , 4.4 ," 80,636.0 ","80,636 ","5,517 "," 5,517.0 ", -  , -  , -  , 4.4 ," 113,538.3 ","113,538 ","58,398 ", -  ," 58,398.0 ", 4.4 ," 44,994.6 ","44,995 ","44,995 ", -  ," 41,878.1 ", 80.6 ," 3,035.9 "," 2,353 ", 540 , 2 , -  ," 108,910 ", 100.0 
백수읍," 15,659 ","15,659 ","13,923 ", 88.9 , 3.3 , -  ,0 ,0 , -  , -  , -  , -  , 3.3 ," 12,888.0 ","12,888 ","11,152 ", -  ," 11,152.0 ", 3.3 ," 2,770.8 ","2,771 ","2,771 ", -  ," 1,188.7 "," 1,582.1 ", -  , 267 ,, -  , -  ," 13,923 ", 100.0 
홍농읍," 71,858 ","71,858 ","40,701 ", 56.6 , 2.2 ," 8,630.0 ","8,630 ","2,015 "," 2,014.7 ", -  , -  , -  , 2.2 ," 46,134.0 ","46,134 ","21,592 ", -  ," 21,592.0 ", 2.2 ," 17,094.3 ","17,094 ","17,094 ", -  ," 8,127.1 ", -  ," 8,967.2 ", 664 , 554 , -  , -  ," 40,701 ", 100.0 
대마면," 8,555 ","8,555 ","2,012 ", 23.5 , 0.3 , -  ,0 ,0 , -  , -  , -  , -  , 0.3 ," 7,460.0 ","7,460 ",916 , -  , 916.4 , 0.3 ," 1,095.2 ","1,095 ","1,095 ", -  , 347.8 , 139.9 , 607.5 , 38 , 38 , -  , -  ," 2,012 ", 100.0 
묘량면," 10,466 ","10,466 ","1,771 ", 16.9 , 0.4 , -  ,0 ,0 , -  , -  , -  , -  , 0.4 ," 9,754.0 ","9,754 ","1,060 ", -  ," 1,059.5 ", 0.4 , 711.9 ,712 ,712 , -  , -  , -  , 711.9 , 40 ,, -  , -  ," 1,771 ", 100.0 
불갑면," 6,530 ","6,530 ","2,972 ", 45.5 , 0.2 , -  ,0 ,0 , -  , -  , -  , -  , 0.2 ," 6,014.0 ","6,014 ","2,455 ", -  ," 2,455.4 ", 0.2 , 516.1 ,516 ,516 , -  , 516.1 , -  , -  , 79 ,, -  , -  ," 2,972 ", 100.0 
군서면," 14,247 ","14,247 ","6,928 ", 48.6 , 0.5 ," 1,161.0 ","1,161 ","1,161 ", -  , 536.3 , 624.4 , -  , 0.5 ," 13,086.0 ","13,086 ","5,768 ", -  ," 5,767.5 ", 0.5 , -  ,0 ,0 , -  , -  , -  , -  , 173 , 84 , -  , -  ," 6,928 ", 100.0 
군남면," 13,777 ","13,777 ","13,069 ", 94.9 , 0.7 , -  ,0 ,0 , -  , -  , -  , -  , 0.7 ," 12,758.0 ","12,758 ","12,050 ", -  ," 12,050.0 ", 0.7 ," 1,018.9 ","1,019 ","1,019 ", -  , 886.0 , 132.9 , -  , 118 ,, -  , -  ," 13,069 ", 100.0 
염산면," 13,843 ","13,843 ","13,843 ", 100.0 , 2.5 , 273.0 ,273 ,273 , -  , 5.4 , 267.4 , -  , 2.5 ," 10,167.0 ","10,167 ","10,167 ", -  ," 10,167.0 ", 2.5 ," 3,403.1 ","3,403 ","3,403 ", 9.2 ," 2,997.1 ", 396.8 , -  , 324 , 240 , -  , -  ," 13,843 ", 100.0 
법성면," 63,154 ","63,154 ","48,219 ", 76.4 , 3.3 ," 11,548.0 ","11,548 ","2,318 "," 1,441.3 ", 146.4 , -  , 730.0 , 3.3 ," 30,111.1 ","30,111 ","24,406 ", -  ," 24,406.1 ", 3.3 ," 21,495.0 ","21,495 ","21,495 ", -  ," 12,213.5 ", -  ," 9,281.7 ", 901 ," 1,284 ", -  , -  ," 48,219 ", 100.0 
낙월면," 8,537 ","8,537 ","8,537 ", 100.0 , 0.5 , 728.0 ,728 ,728 , 90.5 , -  , 637.4 , -  , 0.5 ," 7,809.0 ","7,809 ","7,809 ", -  ," 7,809.0 ", 0.5 , -  ,0 ,0 , -  , -  , -  , -  , 161 , 131 , -  , -  ," 8,537 ", 100.0 
장성군," 448,649 ","448,652 ","417,320 ", 93.0 , 15.0 ," 13,456.0 ","13,456 ","13,456 ", 934.0 ," 2,606.0 ", -  ," 9,916.0 ", 40.1 ," 258,087.0 ","258,087 ","226,942 ", -  ," 226,942.0 ", 40.1 ," 177,106.0 ","177,109 ","176,922 "," 15,809.0 "," 74,385.0 "," 2,725.0 "," 84,003.0 "," 7,124 "," 2,538 ", 6 , 89 , -  , -  
장성읍," 176,801 ","176,801 ","173,070 ", 97.9 , 6.7 ," 5,592.0 ","5,592 ","5,592 ", 642.0 ," 1,782.0 ", -  ," 3,168.0 ", 23.1 ," 85,251.0 ","85,251 ","81,520 ", -  ," 81,520.0 ", 23.1 ," 85,958.0 ","85,958 ","85,958 "," 8,623.0 "," 41,450.0 "," 1,556.0 "," 34,329.0 "," 3,872 "," 1,276 ", 5 , 46 ,, -  
진원면," 11,595 ","11,596 ","11,596 ", 100.0 , 0.4 , -  ,0 ,0 , -  , -  , -  , -  , 1.0 ," 6,952.0 ","6,952 ","6,952 ", -  ," 6,952.0 ", 1.0 ," 4,643.0 ","4,644 ","4,644 ", 342.0 , 826.0 , -  ," 3,476.0 ", 166 ,, -  , -  ,, -  
남  면," 10,839 ","10,839 ","10,839 ", 100.0 , 0.6 , 447.0 ,447 ,447 , 67.0 , 123.0 , -  , 257.0 , 1.1 ," 5,362.0 ","5,362 ","5,362 ", -  ," 5,362.0 ", 1.1 ," 5,030.0 ","5,030 ","5,030 ", 361.0 ," 2,785.0 ", -  ," 1,884.0 ", 309 ,, -  , -  ,, -  
동화면," 9,609 ","9,609 ","9,609 ", 100.0 , 0.2 , -  ,0 ,0 , -  , -  , -  , -  , 0.6 ," 5,511.0 ","5,511 ","5,511 ", -  ," 5,511.0 ", 0.6 ," 4,098.0 ","4,098 ","4,098 ", 72.0 ," 2,274.0 ", -  ," 1,752.0 ", 101 ,, -  , -  ,, -  
삼서면," 8,451 ","8,451 ","8,450 ", 100.0 , 0.5 , -  ,0 ,0 , -  , -  , -  , -  , 0.8 ," 3,923.0 ","3,923 ","3,923 ", -  ," 3,923.0 ", 0.8 ," 4,528.0 ","4,528 ","4,527 ", -  ," 3,050.0 ", -  ," 1,477.0 ", 65 ,, -  , -  ,, -  
삼계면," 43,054 ","43,054 ","41,640 ", 96.7 , 1.5 , 166.0 ,166 ,166 , -  , 23.0 , -  , 143.0 , 2.7 ," 25,068.0 ","25,068 ","23,655 ", -  ," 23,655.0 ", 2.7 ," 17,820.0 ","17,820 ","17,819 "," 1,981.0 "," 7,335.0 ", -  ," 8,503.0 ", 719 , 353 , -  , 16 ,, -  
황룡면," 83,498 ","83,499 ","81,061 ", 97.1 , 3.2 ," 1,935.0 ","1,935 ","1,935 ", -  , 581.0 , -  ," 1,354.0 ", 7.5 ," 44,659.0 ","44,659 ","42,221 ", -  ," 42,221.0 ", 7.5 ," 36,904.0 ","36,905 ","36,905 "," 2,416.0 "," 10,496.0 ", 330.0 ," 23,663.0 "," 1,302 ", 805 , 1 , 24 ,, -  
서삼면," 39,913 ","39,913 ","16,165 ", 40.5 , 0.8 ," 5,316.0 ","5,316 ","5,316 ", 225.0 , 97.0 , -  ," 4,994.0 ", 1.6 ," 32,715.0 ","32,715 ","9,152 ", -  ," 9,152.0 ", 1.6 ," 1,882.0 ","1,882 ","1,697 ", 363.0 , 595.0 , -  , 739.0 , 231 , 104 , -  , 3 ,, -  
북일면," 11,434 ","11,435 ","11,435 ", 100.0 , 0.3 , -  ,0 ,0 , -  , -  , -  , -  , 0.6 ," 9,883.0 ","9,883 ","9,883 ", -  ," 9,883.0 ", 0.6 ," 1,551.0 ","1,552 ","1,552 "," 1,215.0 ", 63.0 , -  , 274.0 , -  ,, -  , -  ,, -  
북이면," 28,875 ","28,875 ","28,875 ", 100.0 , 0.6 , -  ,0 ,0 , -  , -  , -  , -  , 0.9 ," 21,395.0 ","21,395 ","21,395 ", -  ," 21,395.0 ", 0.9 ," 7,480.0 ","7,480 ","7,480 ", 47.0 ," 3,579.0 ", 228.0 ," 3,626.0 ", 229 ,, -  , -  ,, -  
북하면," 24,580 ","24,580 ","24,580 ", 100.0 , 0.2 , -  ,0 ,0 , -  , -  , -  , -  , 0.2 ," 17,368.0 ","17,368 ","17,368 ", -  ," 17,368.0 ", 0.2 ," 7,212.0 ","7,212 ","7,212 ", 389.0 ," 1,932.0 ", 611.0 ," 4,280.0 ", 130 ,, -  , -  ,, -  
완도군," 262,999 ","358,510 ","296,281 ", 82.6 , -  ," 48,753.0 ","48,753 ","16,764 "," 16,764.0 ", -  , -  , -  , -  ," 214,246.0 "," 306,303.0 ","276,063 ", -  ," 276,063.0 ", -  , -  ,"3,454 ","3,454 ", -  ," 3,454.0 ", -  , -  , -  ," 2,540 ", -  , -  , -  , -  
완도읍," 85,546 ","129,250 ","105,762 ", 81.8 ,," 23,488.0 ","23,488 ",0 ,,,,,," 62,058.0 ","105,532 ","105,532 ",," 105,532.0 ",,,230 ,230 ,, 230.0 ,,,, 695 ,,, -  , -  
금일읍," 18,434 ","61,711 ","61,711 ", 100.0 ,," 6,718.0 ","6,718 ","6,718 "," 6,718.0 ",,,,," 11,716.0 ","53,633 ","53,633 ",," 53,633.0 ",,,"1,360 ","1,360 ",," 1,360.0 ",,,, 802 ,,, -  , -  
노화읍," 30,597 ","31,875 ","31,875 ", 100.0 ,," 8,472.0 ","8,472 ","8,472 "," 8,472.0 ",,,,," 22,125.0 ","22,125 ","22,125 ",," 22,125.0 ",,,"1,278 ","1,278 ",," 1,278.0 ",,,, 120 ,,, -  , -  
군외면," 16,333 ","17,604 ","9,103 ", 51.7 ,," 8,501.0 ","8,501 ",0 ,,,,,," 7,832.0 ","8,792 ","8,792 ",," 8,792.0 ",,,311 ,311 ,, 311.0 ,,,, 126 ,,, -  , -  
신지면," 78,944 ","78,944 ","48,704 ", 61.7 ,," 1,574.0 ","1,574 ","1,574 "," 1,574.0 ",,,,," 77,370.0 ","77,370 ","47,130 ",," 47,130.0 ",,,0 ,0 ,,,,,, 487 ,,, -  , -  
약산면," 3,500 ","7,881 ","7,881 ", 100.0 ,,,0 ,0 ,,,,,," 3,500.0 ","7,606 ","7,606 ",," 7,606.0 ",,,275 ,275 ,, 275.0 ,,,, 100 ,,, -  , -  
소안면," 3,724 ","5,324 ","5,324 ", 100.0 ,,,0 ,0 ,,,,,," 3,724.0 ","5,324 ","5,324 ",," 5,324.0 ",,,0 ,0 ,,,,,, 110 ,,, -  , -  
금당면," 2,318 ","2,318 ","2,318 ", 100.0 ,,,0 ,0 ,,,,,," 2,318.0 ","2,318 ","2,318 ",," 2,318.0 ",,,0 ,0 ,,,,,, 15 ,,, -  , -  
보길면," 23,603 ","23,603 ","23,603 ", 100.0 ,,,0 ,0 ,,,,,," 23,603.0 ","23,603 ","23,603 ",," 23,603.0 ",,,0 ,0 ,,,,,, 85 ,,, -  , -  
생일면, - ,0 ,0 , -  ,,,0 ,0 ,,,,,,,0 ,0 ,,,,,0 ,0 ,,,,,,,,, -  , -  
진도군," 1,067,183 ","1,085,595 ","252,802 ", 23.3 , 10.0 ," 30,429.0 ","30,429 ","30,429 "," 4,531.0 "," 20,751.0 ", -  ," 5,147.0 ", 69.9 ," 142,481.0 "," 160,893.0 ","108,196 ", -  ," 108,195.8 ", 69.9 ," 894,273.0 ","894,273 ","114,177 "," 8,011.1 "," 52,780.9 ", -  ," 53,385.3 "," 4,746 ", -  , -  , -  ," 195,333.4 ", 77.3 
진도읍," 108,115 ","126,527 ","91,270 ", 72.1 , 10.0 ," 30,429.0 ","30,429 ","30,429 "," 4,531.0 "," 20,751.0 ",," 5,147.0 ", 8.5 ," 14,360.0 ","32,772 ","32,772 ",," 32,772.0 ", 8.5 ," 63,326.0 ","63,326 ","28,069 "," 1,691.5 "," 16,948.0 ",," 9,429.0 "," 2,075 ",,,," 53,768 ", 58.9 
군내면," 180,977 ","180,977 ","22,890 ", 12.6 ,,,0 ,0 ,,,,, 14.8 ," 13,593.0 ","13,593 ","11,980 ",," 11,979.5 ", 14.8 ," 167,384.0 ","167,384 ","10,910 ", 475.1 ," 2,400.0 ",," 8,035.1 ", 343 ,,,," 22,890 ", 100.0 
고군면," 103,270 ","103,270 ","32,761 ", 31.7 ,,,0 ,0 ,,,,, 12.5 ," 27,780.0 ","27,780 ","19,766 ",," 19,766.0 ", 12.5 ," 75,490.0 ","75,490 ","12,995 ", 592.0 ," 4,299.8 ",," 8,102.9 ", 588 ,,,," 32,761 ", 100.0 
의신면," 237,653 ","237,653 ","52,266 ", 22.0 ,,,0 ,0 ,,,,, 15.8 ," 27,499.0 ","27,499 ","20,661 ",," 20,661.1 ", 15.8 ," 210,154.0 ","210,154 ","31,604 "," 1,986.5 "," 14,631.8 ",," 14,986.1 ", 821 ,,,," 41,340 ", 79.1 
 임회면," 173,056 ","173,056 ","21,086 ", 12.2 ,,,0 ,0 ,,,,, 9.4 ," 37,441.0 ","37,441 ","12,064 ",," 12,063.8 ", 9.4 ," 135,615.0 ","135,615 ","9,023 ", 423.9 ," 3,600.4 ",," 4,998.3 ", 434 ,,,," 19,951 ", 94.6 
지산면," 140,049 ","140,049 ","23,463 ", 16.8 ,,,0 ,0 ,,,,, 6.5 ," 15,068.0 ","15,068 ","6,078 ",," 6,078.3 ", 6.5 ," 124,981.0 ","124,981 ","17,385 ", 896.0 ," 10,394.8 ",," 6,093.9 ", 366 ,,,," 15,556 ", 66.3 
조도면," 124,063 ","124,063 ","9,067 ", 7.3 ,,,0 ,0 ,,,,, 2.3 ," 6,740.0 ","6,740 ","4,875 ",," 4,875.1 ", 2.3 ," 117,323.0 ","117,323 ","4,192 "," 1,946.1 ", 506.1 ,," 1,740.0 ", 119 ,,,," 9,067 ", 100.0 
신안군," 232,592 ","232,592 ","167,552 ", 72.0 , -  , -  ,0 ,0 , - , - , - , - , 6.6 ," 232,592.0 ","232,592 ","167,552 ", - ," 167,552 ", -  , -  ,0 ,0 , - , - , - , - ," 1,908 "," 6,311 ", -  , -  ," 167,552 ", 100.0 
지도읍," 10,290 ","10,290 ","10,290 ", 100.0 ,,,0 ,0 ,,,,, 0.3 ," 10,290.0 ","10,290 ","10,290 ",," 10,290.0 ",,,0 ,0 ,,,,, 165 , 511 ,,," 10,290 ", 100.0 
압해읍," 60,622 ","60,622 ","4,622 ", 7.6 ,,,0 ,0 ,,,,, 0.2 ," 60,622.0 ","60,622 ","4,622 ",," 4,622.0 ",,,0 ,0 ,,,,, 40 , 564 ,,," 4,622 ", 100.0 
증도면," 14,432 ","14,432 ","12,132 ", 84.1 ,,,0 ,0 ,,,,, 0.3 ," 14,432.0 ","14,432 ","12,132 ",," 12,132.0 ",,,0 ,0 ,,,,, 146 , 357 ,,," 12,132 ", 100.0 
임자면," 47,503 ","47,503 ","47,503 ", 100.0 ,,,0 ,0 ,,,,, 1.9 ," 47,503.0 ","47,503 ","47,503 ",," 47,503.0 ",,,0 ,0 ,,,,, 405 , 686 ,,," 47,503 ", 100.0 
자은면," 9,086 ","9,086 ","9,086 ", 100.0 ,,,0 ,0 ,,,,, 0.4 ," 9,086.0 ","9,086 ","9,086 ",," 9,086.0 ",,,0 ,0 ,,,,, 212 , 156 ,,," 9,086 ", 100.0 
비금면," 8,192 ","8,192 ","8,192 ", 100.0 ,,,0 ,0 ,,,,, 0.6 ," 8,192.0 ","8,192 ","8,192 ",," 8,192.0 ",,,0 ,0 ,,,,, 139 , 391 ,,," 8,192 ", 100.0 
도초면," 7,291 ","7,291 ","7,291 ", 100.0 ,,,0 ,0 ,,,,, 0.3 ," 7,291.0 ","7,291 ","7,291 ",," 7,291.0 ",,,0 ,0 ,,,,, 133 , 429 ,,," 7,291 ", 100.0 
흑산면," 39,643 ","39,643 ","32,903 ", 83.0 ,,,0 ,0 ,,,,, 0.8 ," 39,643.0 ","39,643 ","32,903 ",," 32,903.0 ",,,0 ,0 ,,,,, 185 ," 1,494 ",,," 32,903 ", 100.0 
하의면," 6,464 ","6,464 ","6,464 ", 100.0 ,,,0 ,0 ,,,,, 0.2 ," 6,464.0 ","6,464 ","6,464 ",," 6,464.0 ",,,0 ,0 ,,,,, 60 , 449 ,,," 6,464 ", 100.0 
신의면," 5,854 ","5,854 ","5,854 ", 100.0 ,,,0 ,0 ,,,,, 0.4 ," 5,854.0 ","5,854 ","5,854 ",," 5,854.0 ",,,0 ,0 ,,,,, 40 , 245 ,,," 5,854 ", 100.0 
장산면," 5,855 ","5,855 ","5,855 ", 100.0 ,,,0 ,0 ,,,,, 0.3 ," 5,855.0 ","5,855 ","5,855 ",," 5,855.0 ",,,0 ,0 ,,,,, 106 , 193 ,,," 5,855 ", 100.0 
안좌면," 4,905 ","4,905 ","4,905 ", 100.0 ,,,0 ,0 ,,,,, 0.2 ," 4,905.0 ","4,905 ","4,905 ",," 4,905.0 ",,,0 ,0 ,,,,, 101 , 315 ,,," 4,905 ", 100.0 
팔금면," 5,949 ","5,949 ","5,949 ", 100.0 ,,,0 ,0 ,,,,, 0.3 ," 5,949.0 ","5,949 ","5,949 ",," 5,949.0 ",,,0 ,0 ,,,,, 120 , 329 ,,," 5,949 ", 100.0 
암태면," 6,506 ","6,506 ","6,506 ", 100.0 ,,,0 ,0 ,,,,, 0.4 ," 6,506.0 ","6,506 ","6,506 ",," 6,506.0 ",,,0 ,0 ,,,,, 56 , 192 ,,," 6,506 ", 100.0 
경상북도," 14,242,593 ","15,686,931 ","12,757,225 ", 81.3 , 356.5 ," 2,473,807.0 ","2,710,151 ","2,391,122 "," 445,047.0 "," 903,993.0 "," 293,825.0 "," 748,257.0 ", 900.5 ," 7,258,193.9 ","7,823,691 ","6,220,758 "," 10,445.0 "," 6,210,313.0 ", 421.0 ," 4,510,592.1 ","5,153,089 ","4,145,345 "," 746,384.0 "," 2,014,206.1 "," 518,076.0 "," 866,679.0 "," 160,785 "," 275,094 ", 601 ," 19,539 "," 9,620,797.5 ", 75.4 
시부," 11,001,250 ","11,738,489 ","9,763,302 ", 83.2 , 328.2 ," 2,150,103.0 ","2,262,093 ","1,970,835 "," 307,821.0 "," 800,997.0 "," 229,041.0 "," 632,976.0 ", 815.4 ," 5,316,850.0 ","5,646,470 ","4,663,552 "," 10,445.0 "," 4,653,107.0 ", 341.7 ," 3,534,297.1 ","3,829,926 ","3,128,915 "," 437,283.0 "," 1,681,732.1 "," 330,287.0 "," 679,613.0 "," 130,163 "," 206,532 ", 558 , 997 ," 7,637,814.0 ", 78.2 
포항시," 1,761,074 ","1,761,074 ","1,472,673 ", 83.6 , 132.4 ," 969,069.0 ","969,069 ","832,774 "," 193,169 "," 373,546 "," 29,329 "," 236,730 ", 397.7 ," 613,470.0 ","613,470 ","490,599 ", - ," 490,599 ", 48.8 ," 178,535.0 ","178,535 ","149,300 "," 16,877 "," 108,904 "," 5,464 "," 18,055 "," 17,945 "," 30,091 ", 262 , 275 ," 960,454 ", 65.2 
동지역," 1,094,163 ","1,094,163 ","991,234 ", 90.6 , 51.1 ," 670,269.0 ","670,269 ","567,340 "," 154,913.0 "," 299,387.0 "," 1,996.0 "," 111,044.0 ", 25.2 ," 303,849.0 ","303,849 ","303,849 ",," 303,849.0 ", 8.9 ," 120,045.0 ","120,045 ","120,045 "," 14,519.0 "," 99,083.0 ",," 6,443.0 "," 12,966 "," 22,213 ", 220 , 227 ," 750,988 ", 75.8 
구룡포읍," 92,109 ","92,109 ","78,128 ", 84.8 , 14.3 ," 24,402.0 ","24,402 ","24,036 "," 1,068.0 "," 9,430.0 "," 1,721.0 "," 11,817.0 ", 15.1 ," 51,726.0 ","51,726 ","51,726 ",," 51,726.0 ", 10.2 ," 15,981.0 ","15,981 ","2,366 ",," 2,366.0 ",,, 981 ," 1,730 ", 14 , 16 ," 40,143 ", 51.4 
연일읍," 72,364 ","72,364 ","48,379 ", 66.9 , 14.3 ," 48,198.0 ","48,198 ","38,358 "," 2,130.0 "," 3,176.0 "," 5,486.0 "," 27,566.0 ", 12.0 ," 11,947.0 ","11,947 ","5,900 ",," 5,900.0 ", 4.8 ," 12,219.0 ","12,219 ","4,121 ", 82.0 ," 4,039.0 ",,, 930 , 948 , 8 , 12 ," 48,126 ", 99.5 
오천읍," 40,158 ","40,158 ","26,804 ", 66.7 , 21.0 ," 31,304.0 ","31,304 ","26,804 "," 5,824.0 "," 3,522.0 "," 2,553.0 "," 14,905.0 ", 23.5 ," 8,854.0 ","8,854 ",0 ,,,,,0 ,0 ,,,,, 460 , 818 , 8 , 7 ," 26,054 ", 97.2 
대송면," 106,439 ","106,439 ","104,610 ", 98.3 , 5.7 ," 55,600.0 ","55,600 ","53,967 "," 5,461.0 "," 14,607.0 "," 6,659.0 "," 27,240.0 ", 32.6 ," 32,839.0 ","32,839 ","32,839 ",," 32,839.0 ", 1.8 ," 18,000.0 ","18,000 ","17,804 "," 1,780.0 "," 2,671.0 "," 4,273.0 "," 9,080.0 ", 12 ,,,,, -  
동해면," 44,411 ","44,411 ","35,636 ", 80.2 , 4.0 ," 20,572.0 ","20,572 ","19,274 "," 4,989.0 "," 4,703.0 "," 1,987.0 "," 7,595.0 ", 14.5 ," 16,139.0 ","16,139 ","11,398 ",," 11,398.0 ", 0.9 ," 7,700.0 ","7,700 ","4,964 ", 496.0 , 745.0 ," 1,191.0 "," 2,532.0 ",,,,,, -  
장기면," 44,623 ","44,623 ",502 , 1.1 , -  ," 1,350.0 ","1,350 ",502 , -  , 302.0 , 200.0 , -  , 33.4 ," 43,273.0 ","43,273 ",0 ,,,,,0 ,0 ,,,,,,,,,, -  
대보면," 21,255 ","21,255 ","18,077 ", 85.0 , -  ," 2,610.0 ","2,610 ","2,610 "," 2,460.0 ", 150.0 , -  , -  , 6.8 ," 18,645.0 ","18,645 ","15,467 ",," 15,467.0 ",,,0 ,0 ,,,,,,,,,, -  
흥해읍," 118,037 ","118,037 ","113,315 ", 96.0 , 17.1 ," 57,937.0 ","57,937 ","56,197 "," 3,929.0 "," 28,039.0 "," 4,715.0 "," 19,514.0 ", 35.2 ," 60,000.0 ","60,000 ","57,118 ",," 57,118.0 ", 10.0 , 100.0 ,100 ,0 ,,,,," 2,596 "," 4,382 ", 12 , 13 ," 95,143 ", 84.0 
신광면," 23,164 ","23,164 ","6,900 ", 29.8 , -  ," 6,900.0 ","6,900 ","6,900 "," 1,795.0 "," 2,050.0 ", 582.0 ," 2,473.0 ", 26.7 ," 16,264.0 ","16,264 ",0 ,,,,,0 ,0 ,,,,,,,,,, -  
청하면," 22,280 ","22,280 ","21,490 ", 96.5 , -  ," 22,180.0 ","22,180 ","21,490 "," 5,794.0 "," 5,830.0 "," 1,879.0 "," 7,987.0 ", 26.1 , 100.0 ,100 ,0 ,,,,,0 ,0 ,,,,,,,,,, -  
송라면," 27,314 ","27,314 ","8,240 ", 30.2 , -  ," 8,240.0 ","8,240 ","8,240 "," 2,638.0 "," 1,110.0 ", 856.0 ," 3,636.0 ", 19.8 ," 14,584.0 ","14,584 ",0 ,,, 12.2 ," 4,490.0 ","4,490 ",0 ,,,,,,,,,, -  
기계면," 30,004 ","30,004 ","6,893 ", 23.0 , 4.9 ," 16,520.0 ","16,520 ","6,893 "," 2,168.0 "," 1,077.0 ", 695.0 ," 2,953.0 ", 30.7 ," 13,484.0 ","13,484 ",0 ,,,,,0 ,0 ,,,,,,,,,, -  
죽장면," 14,320 ","14,320 ","12,302 ", 85.9 , -  ," 1,487.0 ","1,487 ",0 , -  , -  , -  , -  , 78.6 ," 12,833.0 ","12,833 ","12,302 ",," 12,302.0 ",,,0 ,0 ,,,,,,,,,, -  
기북면," 10,433 ","10,433 ",163 , 1.6 , -  ," 1,500.0 ","1,500 ",163 , -  , 163.0 , -  , -  , 17.5 ," 8,933.0 ","8,933 ",0 ,,,,,0 ,0 ,,,,,,,,,, -  
경주시," 1,944,308 ","2,043,073 ","1,894,117 ", 92.7 , -  ," 176,808.0 ","178,072 ","178,072 "," 7,980 "," 36,373 "," 71,794 "," 61,925 ", 47.5 ," 861,700.0 ","958,045 ","944,305 ", - ," 944,305 ", -  ," 905,800.0 ","906,956 ","771,740 "," 64,712 "," 219,652 "," 121,875 "," 365,501 "," 9,582 ", -  , 45 , 277 ," 1,802,703 ", 95.2 
시가지," 921,043 ","977,814 ","977,814 ", 100.0 ,," 31,143.0 ","31,188 ","31,188 ", 855.0 ," 6,697.0 "," 16,618.0 "," 7,018.0 ", 15.7 ," 376,600.0 ","432,183 ","432,183 ",," 432,183.0 ",," 513,300.0 ","514,443 ","514,443 "," 49,348.0 "," 146,545.0 "," 58,799.0 "," 259,751.0 "," 4,862 ",, 45 , 40 ," 909,989 ", 93.1 
감포읍," 90,914 ","100,681 ","94,159 ", 93.5 ,," 6,914.0 ","6,950 ","6,950 ", 148.0 ," 3,165.0 "," 1,362.0 "," 2,275.0 ", 2.0 ," 46,200.0 ","55,931 ","55,931 ",," 55,931.0 ",," 37,800.0 ","37,800 ","31,278 "," 1,436.0 "," 10,465.0 "," 9,336.0 "," 10,041.0 "," 1,205 ",,, 18 ," 83,048 ", 88.2 
안강읍," 337,882 ","338,183 ","306,801 ", 90.7 ,," 24,082.0 ","24,383 ","24,383 "," 1,294.0 "," 4,763.0 "," 10,590.0 "," 7,736.0 ", 13.8 ," 174,600.0 ","174,600 ","163,504 ",," 163,504.0 ",," 139,200.0 ","139,200 ","118,914 "," 8,010.0 "," 26,892.0 "," 27,636.0 "," 56,376.0 "," 1,983 ",,, 51 ," 306,658 ", 100.0 
건천읍," 111,585 ","111,695 ","96,434 ", 86.3 ,," 13,385.0 ","13,495 ","13,495 ", 466.0 ," 1,534.0 "," 2,779.0 "," 8,716.0 ", 3.6 ," 59,100.0 ","59,100 ","56,456 ",," 56,456.0 ",," 39,100.0 ","39,100 ","26,483 "," 1,965.0 "," 10,619.0 "," 1,459.0 "," 12,440.0 ", 310 ,,, 24 ," 96,364 ", 99.9 
외동읍," 172,416 ","186,719 ","167,485 ", 89.7 ,," 19,716.0 ","19,716 ","19,716 ", 885.0 ," 6,251.0 "," 7,639.0 "," 4,941.0 ", 6.1 ," 95,900.0 ","110,203 ","110,203 ",," 110,203.0 ",," 56,800.0 ","56,800 ","37,566 "," 1,772.0 "," 15,118.0 "," 3,413.0 "," 17,263.0 ", 317 ,,, 57 ," 156,119 ", 93.2 
양북면," 61,391 ","61,819 ","41,719 ", 67.5 ,," 21,191.0 ","21,276 ","21,276 "," 1,326.0 "," 3,209.0 "," 10,178.0 "," 6,563.0 ", 0.7 ," 20,100.0 ","20,443 ","20,443 ",," 20,443.0 ",," 20,100.0 ","20,100 ",0 ,,,,,,,, 20 ," 41,719 ", 100.0 
양남면," 41,538 ","42,395 ","38,001 ", 89.6 ,," 4,638.0 ","4,638 ","4,638 ", 345.0 , 713.0 , 439.0 ," 3,141.0 ", 0.9 ," 19,800.0 ","20,657 ","20,657 ",," 20,657.0 ",," 17,100.0 ","17,100 ","12,706 ", 995.0 ," 5,762.0 ", 576.0 ," 5,373.0 ", 356 ,,, 23 ," 38,001 ", 100.0 
산내면," 53,409 ","54,362 ","54,323 ", 99.9 ,," 1,309.0 ","1,612 ","1,612 ", 94.0 , 183.0 , 923.0 , 412.0 , 1.7 ," 21,800.0 ","22,450 ","22,450 ",," 22,450.0 ",," 30,300.0 ","30,300 ","30,261 "," 1,186.0 "," 4,175.0 "," 20,656.0 "," 4,244.0 ", 549 ,,,," 53,700 ", 98.9 
내남면," 73,694 ","74,594 ","47,594 ", 63.8 ,," 27,994.0 ","28,191 ","28,191 "," 1,515.0 "," 6,099.0 "," 12,354.0 "," 8,223.0 ", 0.7 ," 18,700.0 ","19,403 ","19,403 ",," 19,403.0 ",," 27,000.0 ","27,000 ",0 ,,,,,,,, 16 ," 47,594 ", 100.0 
서  면," 80,436 ","81,774 ","56,750 ", 69.4 ,," 26,436.0 ","26,436 ","26,436 "," 1,052.0 "," 3,759.0 "," 8,725.0 "," 12,900.0 ", 2.3 ," 28,900.0 ","30,238 ","30,238 ",," 30,238.0 ",," 25,100.0 ","25,100 ",76 ,, 76.0 ,,,,,, 28 ," 56,674 ", 99.9 
천북면, - ,"13,037 ","13,037 ", 100.0 ,,,187 ,187 ,,, 187.0 ,,,,"12,837 ","12,837 ",," 12,837.0 ",,,13 ,13 ,,,, 13.0 ,,,,," 12,837 ", 98.5 
김천시," 1,075,422 ","1,076,515 ","842,021 ", 78.2 , -  ," 142,636.0 ","142,636 ","142,636 "," 6,424 "," 76,896 "," 3,928 "," 55,388 ", 37.6 ," 538,545.0 ","539,638 ","430,370 ", 123 ," 430,247 ", 37.6 ," 394,241.0 ","394,241 ","269,015 "," 38,547 "," 177,172 "," 3,649 "," 49,647 "," 21,304 "," 18,743 ", 20 , 31 ," 697,177 ", 82.8 
동지역," 641,244 ","641,244 ","579,031 ", 90.3 ,," 69,714.0 ","69,714 ","69,714 "," 2,045.0 "," 35,695.0 ", 841.0 ," 31,133.0 ", 18.9 ," 310,773.0 ","310,773 ","290,438 ", 123.0 ," 290,315.0 ", 18.9 ," 260,757.0 ","260,757 ","218,879 "," 35,031.0 "," 144,678.0 ", 936.0 ," 38,234.0 "," 15,829 "," 13,862 ", 20 , 31 ," 475,630 ", 82.1 
아포읍," 121,503 ","121,503 ","64,839 ", 53.4 ,," 17,674.0 ","17,674 ","17,674 "," 1,720.0 "," 12,478.0 ", 102.0 ," 3,374.0 ", 2.0 ," 53,623.0 ","53,623 ","37,218 ",," 37,218.0 ", 2.0 ," 50,206.0 ","50,206 ","9,947 "," 1,082.0 "," 7,808.0 ", 62.0 , 995.0 ," 1,373 "," 1,330 ", -  ,," 48,737 ", 75.2 
농소면," 12,069 ","12,069 ","5,406 ", 44.8 ,," 3,189.0 ","3,189 ","3,189 ", 84.0 , 995.0 , 516.0 ," 1,594.0 ", 1.7 ," 4,576.0 ","4,576 ","1,688 ",," 1,688.0 ", 1.7 ," 4,304.0 ","4,304 ",529 ,, 191.0 ,, 338.0 , 142 , 129 , -  ,," 5,406 ", 100.0 
남면," 47,262 ","47,262 ","15,961 ", 33.8 ,," 6,254.0 ","6,254 ","6,254 ", 669.0 ," 3,697.0 "," 1,007.0 ", 881.0 , 5.7 ," 35,635.0 ","35,635 ","9,212 ",," 9,212.0 ", 5.7 ," 5,373.0 ","5,373 ",495 , 61.0 , 434.0 ,,, 389 , 295 , -  ,," 15,961 ", 100.0 
개령면," 24,159 ","25,252 ","21,099 ", 83.6 ,," 5,897.0 ","5,897 ","5,897 ",," 3,770.0 ", 382.0 ," 1,745.0 ", 0.9 ," 10,205.0 ","11,298 ","11,298 ",," 11,298.0 ", 0.9 ," 8,057.0 ","8,057 ","3,904 ", 788.0 ," 1,916.0 ", 387.0 , 813.0 , 506 , 457 , -  ,," 11,800 ", 55.9 
감문면," 22,001 ","22,001 ","8,841 ", 40.2 ,," 6,347.0 ","6,347 ","6,347 ", 534.0 ," 3,110.0 ", 109.0 ," 2,594.0 ", 1.4 ," 14,458.0 ","14,458 ","1,298 ",," 1,298.0 ", 1.4 ," 1,196.0 ","1,196 ","1,196 ",, 562.0 , 41.0 , 593.0 , 58 , 196 , -  ,," 8,841 ", 100.0 
어모면," 16,930 ","16,930 ","16,363 ", 96.7 ,," 1,463.0 ","1,463 ","1,463 ",, 347.0 , 221.0 , 895.0 , 0.3 ," 9,071.0 ","9,071 ","9,071 ",," 9,071.0 ", 0.3 ," 6,396.0 ","6,396 ","5,829 ", 243.0 ," 4,333.0 ", 75.0 ," 1,178.0 ", 298 , 217 , -  ,," 13,663 ", 83.5 
봉산면," 23,967 ","23,967 ","20,385 ", 85.1 ,," 3,946.0 ","3,946 ","3,946 ",," 3,413.0 ", 169.0 , 364.0 , 0.5 ," 12,433.0 ","12,433 ","12,433 ",," 12,433.0 ", 0.5 ," 7,588.0 ","7,588 ","4,006 ", 283.0 ," 1,603.0 ", 926.0 ," 1,194.0 ", 332 , 277 , -  ,," 20,385 ", 100.0 
대항면," 89,355 ","89,355 ","57,888 ", 64.8 ,," 16,587.0 ","16,587 ","16,587 "," 1,022.0 "," 10,591.0 ", 310.0 ," 4,664.0 ", 2.3 ," 37,005.0 ","37,005 ","28,252 ",," 28,252.0 ", 2.3 ," 35,763.0 ","35,763 ","13,049 ", 253.0 ," 9,687.0 ", 661.0 ," 2,448.0 "," 1,306 ", 727 , -  ,," 51,338 ", 88.7 
감천면," 17,227 ","17,227 ","13,032 ", 75.6 ,," 3,349.0 ","3,349 ","3,349 ", 98.0 ," 1,113.0 ",," 2,138.0 ", 0.7 ," 8,238.0 ","8,238 ","5,253 ",," 5,253.0 ", 0.7 ," 5,640.0 ","5,640 ","4,430 ", 112.0 ," 3,336.0 ",, 982.0 , 284 , 287 , -  ,," 13,032 ", 100.0 
조마면," 12,483 ","12,483 ","3,410 ", 27.3 ,, 105.0 ,105 ,105 ,,,, 105.0 , 0.7 ," 10,514.0 ","10,514 ","1,442 ",," 1,442.0 ", 0.7 ," 1,864.0 ","1,864 ","1,863 ", 69.0 , 370.0 , 54.0 ," 1,370.0 ", 74 , 166 , -  ,," 3,410 ", 100.0 
구성면," 13,740 ","13,740 ","5,921 ", 43.1 ,," 2,577.0 ","2,577 ","2,577 ", 33.0 , 171.0 , 106.0 ," 2,267.0 ", 0.9 ," 8,819.0 ","8,819 ","1,310 ",," 1,310.0 ", 0.9 ," 2,344.0 ","2,344 ","2,034 ", 113.0 , 833.0 ,," 1,088.0 ", 143 , 37 , -  ,," 5,921 ", 100.0 
지례면," 18,413 ","18,413 ","16,416 ", 89.2 ,," 4,107.0 ","4,107 ","4,107 ", 30.0 , 967.0 , 165.0 ," 2,945.0 ", 0.5 ," 11,977.0 ","11,977 ","11,141 ",," 11,141.0 ", 0.5 ," 2,329.0 ","2,329 ","1,168 ", 472.0 , 275.0 , 382.0 , 39.0 , 309 , 411 , -  ,," 16,416 ", 100.0 
대덕면," 10,609 ","10,609 ","9,518 ", 89.7 ,, 623.0 ,623 ,623 , 189.0 ,,, 434.0 , 1.1 ," 9,743.0 ","9,743 ","8,841 ",," 8,841.0 ", 1.1 , 243.0 ,243 ,54 ,, 54.0 ,,, 179 , 293 , -  ,," 2,726 ", 28.6 
증산면," 4,460 ","4,460 ","3,911 ", 87.7 ,, 804.0 ,804 ,804 ,, 549.0 ,, 255.0 , 0.1 ," 1,475.0 ","1,475 ","1,475 ",," 1,475.0 ", 0.1 ," 2,181.0 ","2,181 ","1,632 ", 40.0 ," 1,092.0 ", 125.0 , 375.0 , 82 , 59 , -  ,," 3,911 ", 100.0 
안동시," 1,370,465 ","1,380,609 ","889,688 ", 64.4 , -  ," 360,586.0 ","363,449 ","363,352 "," 47,929.0 "," 147,368.0 "," 19,489.0 "," 148,566.0 ", -  ," 608,201.0 ","615,482 ","343,707 ", -  ," 343,707.0 ", -  ," 401,678.0 ","401,678 ","182,629 "," 13,980.0 "," 131,878.0 "," 5,333.0 "," 31,438.0 "," 17,338 "," 41,257 ", 37 , 88 ," 643,400.0 ", 72.3 
동지역," 777,322 ","784,958 ","645,212 ", 82.2 ,," 235,872.0 ","236,227 ","236,227 "," 37,352.0 "," 112,060.0 "," 3,910.0 "," 82,905.0 ",," 243,169.0 ","250,450 ","250,450 ",," 250,450.0 ",," 298,281.0 ","298,281 ","158,535 "," 11,586.0 "," 126,627.0 "," 1,435.0 "," 18,887.0 "," 14,315 "," 38,403 ", 28 , 75 ," 598,928 ", 92.8 
풍산읍," 93,778 ","93,817 ","77,705 ", 82.8 ,," 43,155.0 ","43,194 ","43,194 "," 2,785.0 "," 19,326.0 "," 8,053.0 "," 13,030.0 ",," 39,093.0 ","39,093 ","29,132 ",," 29,132.0 ",," 11,530.0 ","11,530 ","5,379 "," 1,614.0 ", 959.0 ," 1,867.0 ", 939.0 ," 1,229 "," 1,040 ", 9 , 13 ," 44,472 ", 57.2 
와룡면," 33,920 ","34,408 ","12,032 ", 35.0 ,," 5,540.0 ","6,028 ","6,028 ", 615.0 ," 1,606.0 ", 597.0 ," 3,210.0 ",," 19,760.0 ","19,760 ","3,260 ",," 3,260.0 ",," 8,620.0 ","8,620 ","2,744 ", 70.0 ," 2,291.0 ", 143.0 , 240.0 , 155 , 108 ,,,, -  
북후면," 47,839 ","47,853 ","21,745 ", 45.4 ,," 8,256.0 ","8,270 ","8,270 ", 650.0 ," 1,345.0 ", 180.0 ," 6,095.0 ",," 32,023.0 ","32,023 ","12,570 ",," 12,570.0 ",," 7,560.0 ","7,560 ",905 , 80.0 , 255.0 , 110.0 , 460.0 , 387 , 591 ,,,, -  
서후면," 41,819 ","41,834 ","6,840 ", 16.4 ,," 5,550.0 ","5,565 ","5,565 ", 802.0 ," 1,649.0 ", 572.0 ," 2,542.0 ",," 28,409.0 ","28,409 ",426 ,, 426.0 ,," 7,860.0 ","7,860 ",849 , 80.0 , 139.0 , 120.0 , 510.0 , 121 , 110 ,,,, -  
풍천면," 50,607 ","50,607 ","8,846 ", 17.5 ,," 8,022.0 ","8,022 ","7,954 ", 621.0 ," 1,780.0 ", 131.0 ," 5,422.0 ",," 33,465.0 ","33,465 ",0 ,,,," 9,120.0 ","9,120 ",892 , 73.0 , 267.0 , 135.0 , 417.0 , 130 , 105 ,,,, -  
일직면," 58,293 ","58,526 ","22,286 ", 38.1 ,," 10,950.0 ","11,183 ","11,183 ", 652.0 ," 1,822.0 ", 259.0 ," 8,450.0 ",," 39,823.0 ","39,823 ","10,386 ",," 10,386.0 ",," 7,520.0 ","7,520 ",717 , 64.0 , 103.0 , 125.0 , 425.0 , 253 , 369 ,,,, -  
남후면," 37,495 ","37,786 ","6,404 ", 16.9 ,," 5,325.0 ","5,616 ","5,616 ", 621.0 ," 1,298.0 ", 984.0 ," 2,713.0 ",," 25,640.0 ","25,640 ",0 ,,,," 6,530.0 ","6,530 ",788 , 60.0 , 113.0 , 140.0 , 475.0 , 93 , 79 ,,,, -  
남선면," 34,101 ","34,101 ","5,685 ", 16.7 ,," 4,730.0 ","4,730 ","4,715 ", 695.0 , 910.0 , 585.0 ," 2,525.0 ",," 22,884.0 ","22,884 ",0 ,,,," 6,487.0 ","6,487 ",970 , 60.0 , 100.0 , 130.0 , 680.0 , 93 , 83 ,,,, -  
임하면," 37,360 ","37,499 ","31,055 ", 82.8 ,," 9,410.0 ","9,549 ","9,549 ", 578.0 ," 1,312.0 "," 2,547.0 "," 5,112.0 ",," 21,060.0 ","21,060 ","18,900 ",," 18,900.0 ",," 6,890.0 ","6,890 ","2,606 ", 65.0 , 95.0 , 282.0 ," 2,164.0 ", 102 , 84 ,,,, -  
길안면," 47,202 ","47,202 ","15,321 ", 32.5 ,," 7,260.0 ","7,260 ","7,246 ", 810.0 ," 1,060.0 ", 339.0 ," 5,037.0 ",," 32,222.0 ","32,222 ","7,300 ",," 7,300.0 ",," 7,720.0 ","7,720 ",775 , 50.0 , 95.0 , 180.0 , 450.0 , 107 , 90 ,,,, -  
임동면," 25,594 ","25,622 ","12,911 ", 50.4 ,," 3,064.0 ","3,092 ","3,092 ", 380.0 , 696.0 , 426.0 ," 1,590.0 ",," 16,490.0 ","16,490 ","4,279 ",," 4,279.0 ",," 6,040.0 ","6,040 ","5,540 ", 37.0 , 547.0 , 306.0 ," 4,650.0 ", 96 , 62 ,,,, -  
예안면," 36,073 ","36,596 ","6,620 ", 18.1 ,," 3,850.0 ","4,373 ","4,373 ", 393.0 ," 1,063.0 ", 404.0 ," 2,513.0 ",," 26,253.0 ","26,253 ","1,600 ",," 1,600.0 ",," 5,970.0 ","5,970 ",647 , 45.0 , 102.0 , 120.0 , 380.0 , 92 , 50 ,,,, -  
도산면," 26,470 ","26,530 ","10,945 ", 41.3 ,," 6,580.0 ","6,640 ","6,640 ", 399.0 , 608.0 , 306.0 ," 5,327.0 ",," 14,020.0 ","14,020 ","3,704 ",," 3,704.0 ",," 5,870.0 ","5,870 ",601 , 45.0 , 95.0 , 115.0 , 346.0 , 85 , 43 ,,,, -  
녹전면," 22,592 ","23,270 ","6,081 ", 26.1 ,," 3,022.0 ","3,700 ","3,700 ", 576.0 , 833.0 , 196.0 ," 2,095.0 ",," 13,890.0 ","13,890 ","1,700 ",," 1,700.0 ",," 5,680.0 ","5,680 ",681 , 51.0 , 90.0 , 125.0 , 415.0 , 80 , 40 ,,,, -  
구미시," 1,354,743 ","1,359,958 ","1,260,767 ", 92.7 , -  , -  ,0 ,0 , - , - , - , - , 69.3 ," 842,066.0 ","842,066 ","765,162 ", - ," 765,162 ", 65.3 ," 512,677.0 ","517,892 ","495,605 "," 61,356 "," 315,392 "," 57,900 "," 60,957 ", -  , -  , 7 , -  ," 1,206,600 ", 95.7 
동지역," 913,495 ","918,612 ","904,163 ", 98.4 ,,,0 ,0 ,,,,, 38.4 ," 459,772.0 ","459,772 ","445,323 ",," 445,323.0 ", 36.2 ," 453,723.0 ","458,840 ","458,840 "," 50,866.0 "," 300,946.0 "," 46,071.0 "," 60,957.0 ",,, 7 ,," 894,121 ", 98.9 
선산읍," 117,024 ","117,024 ","112,711 ", 96.3 ,,,0 ,0 ,,,,, 5.6 ," 97,085.0 ","97,085 ","93,780 ",," 93,780.0 ", 5.3 ," 19,939.0 ","19,939 ","18,931 "," 4,568.0 "," 2,593.0 "," 11,770.0 ",,,,,," 99,437 ", 88.2 
고아읍," 51,041 ","51,139 ","46,386 ", 90.7 ,,,0 ,0 ,,,,, 6.2 ," 45,936.0 ","45,936 ","41,183 ",," 41,183.0 ", 5.8 ," 5,105.0 ","5,203 ","5,203 ",," 5,203.0 ",,,,,,," 44,976 ", 97.0 
도개면," 47,178 ","47,178 ","45,771 ", 97.0 ,,,0 ,0 ,,,,, 1.4 ," 37,672.0 ","37,672 ","37,672 ",," 37,672.0 ", 1.3 ," 9,506.0 ","9,506 ","8,099 "," 5,922.0 "," 2,118.0 ", 59.0 ,,,,,," 45,362 ", 99.1 
산동면," 120,093 ","120,093 ","57,151 ", 47.6 ,,,0 ,0 ,,,,, 10.2 ," 100,489.0 ","100,489 ","56,507 ",," 56,507.0 ", 9.6 ," 19,604.0 ","19,604 ",644 ,, 644.0 ,,,,,,," 38,006 ", 66.5 
해평면," 51,704 ","51,704 ","50,364 ", 97.4 ,,,0 ,0 ,,,,, 4.0 ," 46,904.0 ","46,904 ","46,476 ",," 46,476.0 ", 3.8 ," 4,800.0 ","4,800 ","3,888 ",," 3,888.0 ",,,,,,," 42,329 ", 84.0 
장천면," 39,531 ","39,531 ","36,277 ", 91.8 ,,,0 ,0 ,,,,, 2.8 ," 39,531.0 ","39,531 ","36,277 ",," 36,277.0 ", 2.6 , -  ,0 ,0 ,,,,,,,,," 34,465 ", 95.0 
무을면," 9,765 ","9,765 ","4,229 ", 43.3 ,,,0 ,0 ,,,,, 0.5 ," 9,765.0 ","9,765 ","4,229 ",," 4,229.0 ", 0.5 , -  ,0 ,0 ,,,,,,,,," 4,208 ", 99.5 
옥성면," 4,912 ","4,912 ","3,715 ", 75.6 ,,,0 ,0 ,,,,, 0.2 ," 4,912.0 ","4,912 ","3,715 ",," 3,715.0 ", 0.2 , -  ,0 ,0 ,,,,,,,,," 3,696 ", 99.5 
영주시," 610,740 ","656,139 ","539,193 ", 82.2 , 113.9 ," 296,094.0 ","296,094 ","257,618 "," 35,259 "," 53,377 "," 42,330 "," 126,652 ", 72.4 ," 177,263.0 ","222,662 ","196,652 ", - ," 196,652 ", -  ," 137,383.0 ","137,383 ","84,923 "," 9,847 "," 20,535 "," 34,112 "," 20,429 ", 215 ," 11,127 ", 30 , 205 ," 249,771 ", 46.3 
풍기읍," 34,975 ","36,975 ","31,810 ", 86.0 , 17.0 ," 25,652.0 ","25,652 ","22,248 "," 2,805.0 "," 4,623.0 "," 4,683.0 "," 10,137.0 ", 17.0 ," 4,923.0 ","6,923 ","6,923 ",," 6,923.0 ",," 4,400.0 ","4,400 ","2,639 ", 236.0 , 657.0 ," 1,092.0 ", 654.0 , 7 , 144 , 1 , 5 ," 29,810 ", 93.7 
이산면," 24,431 ","24,431 ","21,832 ", 89.4 , 1.3 ," 19,111.0 ","19,111 ","18,641 "," 2,127.0 "," 3,484.0 "," 3,751.0 "," 9,279.0 ", 1.3 ,,0 ,0 ,,,," 5,320.0 ","5,320 ","3,191 ", 285.0 , 795.0 ," 1,320.0 ", 791.0 , 17 , 25 ,, 12 ," 21,786 ", 99.8 
평은면," 16,470 ","16,470 ","14,404 ", 87.5 , 1.0 ," 13,200.0 ","13,200 ","12,341 "," 1,803.0 "," 2,391.0 "," 1,905.0 "," 6,242.0 ", 1.0 ,,0 ,0 ,,,," 3,270.0 ","3,270 ","2,063 ", 276.0 , 489.0 , 812.0 , 486.0 , 16 , 22 ,, 18 ," 14,250 ", 98.9 
문수면," 15,878 ","15,878 ","13,074 ", 82.3 , 0.5 ," 11,234.0 ","11,234 ","10,287 "," 1,234.0 "," 2,019.0 "," 1,609.0 "," 5,425.0 ", 0.5 ,,0 ,0 ,,,," 4,644.0 ","4,644 ","2,787 ", 249.0 , 694.0 ," 1,153.0 ", 691.0 , 31 , 35 ,, 16 ," 13,074 ", 100.0 
장수면," 31,115 ","31,115 ","24,771 ", 79.6 , 5.2 ," 22,350.0 ","22,350 ","20,385 "," 2,518.0 "," 3,985.0 "," 3,175.0 "," 10,707.0 ", 5.2 ,,0 ,0 ,,,," 8,765.0 ","8,765 ","4,386 ", 470.0 ," 1,310.0 "," 1,303.0 "," 1,303.0 ", 18 , 20 ,, 17 ," 24,771 ", 100.0 
안정면," 35,525 ","35,525 ","26,991 ", 76.0 , 1.1 ," 24,865.0 ","24,865 ","20,593 "," 2,782.0 "," 4,463.0 "," 1,356.0 "," 11,992.0 ", 1.1 ,,0 ,0 ,,,," 10,660.0 ","10,660 ","6,398 ", 572.0 ," 1,594.0 "," 2,647.0 "," 1,585.0 ", 26 , 30 ,, 14 ," 26,991 ", 100.0 
봉현면," 28,256 ","28,256 ","23,296 ", 82.4 , 10.1 ," 18,956.0 ","18,956 ","16,500 "," 1,253.0 "," 3,401.0 "," 2,709.0 "," 9,137.0 ", 10.1 ," 2,428.0 ","2,428 ","2,428 ",," 2,428.0 ",," 6,872.0 ","6,872 ","4,368 ", 614.0 ," 1,027.0 "," 1,706.0 "," 1,021.0 ", 25 , 27 , 3 , 18 ," 22,913 ", 98.4 
순흥면," 36,295 ","36,295 ","23,855 ", 65.7 , 7.1 ," 21,445.0 ","21,445 ","13,191 "," 2,438.0 "," 3,826.0 "," 3,048.0 "," 3,879.0 ", 7.1 ," 10,730.0 ","10,730 ","7,450 ",," 7,450.0 ",," 4,120.0 ","4,120 ","3,214 ", 962.0 , 616.0 ," 1,023.0 ", 613.0 , 17 , 20 , 3 , 23 ," 23,014 ", 96.5 
단산면," 116,310 ","116,310 ","76,626 ", 65.9 , 17.1 ," 26,987.0 ","26,987 ","17,559 "," 2,955.0 "," 4,835.0 "," 4,051.0 "," 5,718.0 ", 17.1 ," 47,406.0 ","47,406 ","32,524 ",," 32,524.0 ",," 41,917.0 ","41,917 ","26,543 "," 3,637.0 "," 6,265.0 "," 10,408.0 "," 6,233.0 ", 13 , 15 , 2 , 16 ," 73,162 ", 95.5 
부석면," 120,069 ","120,069 ","98,905 ", 82.4 , 7.0 ," 55,689.0 ","55,689 ","52,606 "," 7,789.0 "," 10,019.0 "," 7,958.0 "," 26,840.0 ", 3.9 ," 16,965.0 ","16,965 ","16,965 ",," 16,965.0 ",," 47,415.0 ","47,415 ","29,334 "," 2,546.0 "," 7,088.0 "," 12,648.0 "," 7,052.0 ", 45 , 37 , 16 , 33 ,, -  
상망동," 5,954 ","5,954 ","3,663 ", 61.5 , 0.7 ," 2,977.0 ","2,977 ","2,926 ", 531.0 , 534.0 , 426.0 ," 1,435.0 ", 0.2 ," 2,977.0 ","2,977 ",737 ,, 737.0 ,,,0 ,0 ,,,,,, 9 ,, 5 ,, -  
하망동," 4,370 ","22,185 ","22,110 ", 99.7 , 2.1 ," 2,185.0 ","2,185 ","2,110 ", 353.0 , 392.0 , 312.0 ," 1,053.0 ", 0.1 ," 2,185.0 ","20,000 ","20,000 ",," 20,000.0 ",,,0 ,0 ,,,,,," 2,133 ",,,, -  
영주1동," 4,050 ","17,025 ","17,006 ", 99.9 , 1.9 ," 2,025.0 ","2,025 ","2,006 ", 339.0 , 372.0 , 296.0 , 999.0 , 0.1 ," 2,025.0 ","15,000 ","15,000 ",," 15,000.0 ",,,0 ,0 ,,,,,," 1,400 ",,,, -  
영주2동," 7,182 ","19,591 ","19,361 ", 98.8 , 10.9 ," 3,591.0 ","3,591 ","3,361 ", 472.0 , 638.0 , 508.0 ," 1,743.0 ", 1.3 ," 3,591.0 ","16,000 ","16,000 ",," 16,000.0 ",,,0 ,0 ,,,,,," 1,501 ",,,, -  
휴천1동," 53,315 ","53,315 ","52,423 ", 98.3 , 6.8 ," 15,962.0 ","15,962 ","15,070 "," 2,206.0 "," 2,869.0 "," 2,286.0 "," 7,709.0 ", 2.0 ," 37,353.0 ","37,353 ","37,353 ",," 37,353.0 ",,,0 ,0 ,,,,,, 939 , 3 , 16 ,, -  
휴천2동," 14,904 ","14,904 ","8,835 ", 59.3 , 6.1 ," 7,452.0 ","7,452 ","6,991 ", 853.0 ," 1,511.0 "," 1,058.0 "," 3,569.0 ", 1.5 ," 7,452.0 ","7,452 ","1,844 ",," 1,844.0 ",,,0 ,0 ,,,,,," 2,001 ", 2 , 12 ,, -  
휴천3동," 30,524 ","30,524 ","30,051 ", 98.5 , 6.5 ," 7,361.0 ","7,361 ","6,888 ", 933.0 ," 1,328.0 "," 1,058.0 "," 3,569.0 ", 1.0 ," 23,163.0 ","23,163 ","23,163 ",," 23,163.0 ",,,0 ,0 ,,,,,," 1,084 ",,,, -  
가흥1동," 12,317 ","12,517 ","12,130 ", 96.9 , 8.4 ," 5,801.0 ","5,801 ","5,414 ", 649.0 ," 1,063.0 ", 847.0 ," 2,855.0 ", 1.1 ," 6,516.0 ","6,716 ","6,716 ",," 6,716.0 ",,,0 ,0 ,,,,,," 1,389 ",,,, -  
가흥2동," 18,800 ","18,800 ","18,050 ", 96.0 , 3.0 ," 9,251.0 ","9,251 ","8,501 "," 1,219.0 "," 1,624.0 "," 1,294.0 "," 4,364.0 ", 0.8 ," 9,549.0 ","9,549 ","9,549 ",," 9,549.0 ",,,0 ,0 ,,,,,, 296 ,,,, -  
영천시," 692,516 ","692,516 ","503,764 ", 72.7 , 63.1 ," 191,357 ","191,357 ","78,892 "," 11,273 "," 52,739 "," 11,165 "," 3,715 ", 64 ," 399,308 ","399,308 ","349,077 "," 9,113 "," 339,964 ", 63 ," 101,851 ","101,851 ","75,795 "," 20,170 "," 43,717 "," 10,102 "," 1,806 "," 18,229 "," 27,390 ", -  , 121 ," 473,219 ", 93.9 
동지역," 416,337 ","416,337 ","305,062 ", 73.3 , 28.0 ," 139,557.0 ","139,557 ","78,892 "," 11,273.0 "," 52,739.0 "," 11,165.0 "," 3,715.0 ", 28.0 ," 195,066.0 ","195,066 ","167,245 "," 9,113.0 "," 158,132.0 ", 28.0 ," 81,714.0 ","81,714 ","58,925 "," 8,603.0 "," 40,314.0 "," 8,311.0 "," 1,697.0 "," 13,631 "," 22,361 ",, 93 ," 305,062 ", 100.0 
금호읍," 162,896 ","162,896 ","107,829 ", 66.2 , 15.0 ," 51,800.0 ","51,800 ",0 ,,,,, 15.0 ," 91,634.0 ","91,634 ","91,634 ",," 91,634.0 ", 15.0 ," 19,462.0 ","19,462 ","16,195 "," 11,567.0 "," 2,728.0 "," 1,791.0 ", 109.0 ," 2,465 "," 2,475 ",, 28 ," 107,829 ", 100.0 
청통면," 60,825 ","60,825 ","44,700 ", 73.5 , 4.0 ,,0 ,0 ,,,,, 4.0 ," 60,825.0 ","60,825 ","44,700 ",," 44,700.0 ", 4.0 ,,0 ,0 ,,,,, 606 , 523 ,,," 44,700 ", 100.0 
신녕," 29,125 ","29,125 ","23,470 ", 80.6 , 15.4 ,,0 ,0 ,,,,, 15.4 ," 29,125.0 ","29,125 ","23,470 ",," 23,470.0 ", 15.4 ,,0 ,0 ,,,,, 782 ," 1,132 ",,,, -  
화산," 7,030 ","7,030 ","6,400 ", 91.0 , 0.7 ,,0 ,0 ,,,,, 0.7 ," 7,030.0 ","7,030 ","6,400 ",," 6,400.0 ", 0.7 ,,0 ,0 ,,,,, 192 , 228 ,,,, -  
화북," 6,361 ","6,361 ","6,361 ", 100.0 ,,,0 ,0 ,,,,, 0.4 ," 5,895.0 ","5,895 ","5,895 ",," 5,895.0 ",, 466.0 ,466 ,466 ,, 466.0 ,,, 203 , 383 ,,," 5,895 ", 92.7 
화남," 9,942 ","9,942 ","9,942 ", 100.0 ,,,0 ,0 ,,,,, 0.5 ," 9,733.0 ","9,733 ","9,733 ",," 9,733.0 ",, 209.1 ,209 ,209 ,, 209.1 ,,, 350 , 288 ,,," 9,733 ", 97.9 
상주시," 825,276 ","834,603 ","665,781 ", 79.8 , -  , -  ,0 ,0 , - , - , - , - , 21.0 ," 453,934.0 ","463,261 ","360,732 ", - ," 360,732 ", 21.0 ," 371,342.0 ","371,342 ","305,049 "," 28,261 "," 200,087 "," 27,674 "," 49,027 "," 11,284 "," 11,135 ", 38 , -  ," 543,293 ", 81.6 
시가지," 412,299 ","412,299 ","332,908 ", 80.7 ,,,0 ,0 ,,,,, 8.0 ," 172,338.0 ","172,338 ","141,730 ",," 141,730.0 ", 8.0 ," 239,961.0 ","239,961 ","191,178 "," 21,385.0 "," 134,289.0 ", 869.0 ," 34,635.0 "," 6,037 "," 4,748 ", 28 ,," 322,553 ", 96.9 
함창읍," 125,836 ","125,836 ","90,529 ", 71.9 ,,,0 ,0 ,,,,, 2.6 ," 47,994.0 ","47,994 ","30,197 ",," 30,197.0 ", 2.6 ," 77,842.0 ","77,842 ","60,332 "," 3,483.0 "," 42,216.0 ", 241.0 ," 14,392.0 "," 1,418 "," 1,786 ", 10 ,," 90,429 ", 99.9 
사벌면," 17,153 ","26,480 ","26,480 ", 100.0 ,,,0 ,0 ,,,,, 0.8 ," 15,659.0 ","24,986 ","24,986 ",," 24,986.0 ", 0.8 ," 1,494.0 ","1,494 ","1,494 ", 26.0 , 781.0 , 687.0 ,, 570 , 553 ,,," 6,236 ", 23.5 
중동면," 6,963 ","6,963 ","6,146 ", 88.3 ,,,0 ,0 ,,,,, 0.3 ," 5,941.0 ","5,941 ","5,124 ",," 5,124.0 ", 0.3 ," 1,022.0 ","1,022 ","1,022 ", 56.0 , 368.0 , 598.0 ,, 114 , 79 ,,," 3,570 ", 58.1 
낙동면," 16,991 ","16,991 ","13,665 ", 80.4 ,,,0 ,0 ,,,,, 0.4 ," 13,563.0 ","13,563 ","10,237 ",," 10,237.0 ", 0.4 ," 3,428.0 ","3,428 ","3,428 ", 353.0 ," 1,252.0 "," 1,823.0 ",, 178 , 410 ,,," 9,907 ", 72.5 
청리면," 51,400 ","51,400 ","38,155 ", 74.2 ,,,0 ,0 ,,,,, 1.0 ," 45,432.0 ","45,432 ","32,187 ",," 32,187.0 ", 1.0 ," 5,968.0 ","5,968 ","5,968 ", -  ," 3,395.0 "," 2,573.0 ", -  , 12 , 811 ,,," 24,997 ", 65.5 
공성면," 36,783 ","36,783 ","25,434 ", 69.1 ,,,0 ,0 ,,,,, 0.8 ," 27,134.0 ","27,134 ","15,785 ",," 15,785.0 ", 0.8 ," 9,649.0 ","9,649 ","9,649 ", 717.0 ," 6,582.0 "," 2,350.0 ", -  , 396 , 465 ,,," 17,253 ", 67.8 
외남면," 2,092 ","2,092 ","2,092 ", 100.0 ,,,0 ,0 ,,,,, 0.1 ," 1,462.0 ","1,462 ","1,462 ",," 1,462.0 ", 0.1 , 630.0 ,630 ,630 ,, 265.0 , 365.0 ,, 65 , 61 ,,, -  , -  
내서면," 6,749 ","6,749 ","2,639 ", 39.1 ,,,0 ,0 ,,,,, 0.2 ," 4,110.0 ","4,110 ",0 ,,, 0.2 ," 2,639.0 ","2,639 ","2,639 ", 56.0 , 598.0 ," 1,985.0 ",, 15 , 32 ,,, -  , -  
모서면," 20,017 ","20,017 ","20,017 ", 100.0 ,,,0 ,0 ,,,,, 0.6 ," 15,338.0 ","15,338 ","15,338 ",," 15,338.0 ", 0.6 ," 4,679.0 ","4,679 ","4,679 ", 551.0 , 698.0 ," 3,430.0 ",, 303 , 240 ,,," 6,326 ", 31.6 
화동면," 12,684 ","12,684 ","12,684 ", 100.0 ,,,0 ,0 ,,,,, 0.5 ," 9,512.0 ","9,512 ","9,512 ",," 9,512.0 ", 0.5 ," 3,172.0 ","3,172 ","3,172 ", 462.0 , 765.0 ," 1,945.0 ",, 299 , 309 ,,," 8,772 ", 69.2 
화서면," 33,172 ","33,172 ","33,172 ", 100.0 ,,,0 ,0 ,,,,, 1.3 ," 28,275.0 ","28,275 ","28,275 ",," 28,275.0 ", 1.3 ," 4,897.0 ","4,897 ","4,897 ", 40.0 ," 2,567.0 "," 2,290.0 ",, 509 , 455 ,,," 25,759 ", 77.7 
화북면," 20,454 ","20,454 ","15,728 ", 76.9 ,,,0 ,0 ,,,,, 2.5 ," 17,834.0 ","17,834 ","13,108 ",," 13,108.0 ", 2.5 ," 2,620.0 ","2,620 ","2,620 ", 283.0 ," 1,819.0 ", 518.0 ,, 320 , 255 ,,," 7,424 ", 47.2 
외서면," 1,271 ","1,271 ","1,271 ", 100.0 ,,,0 ,0 ,,,,, 0.0 , 864.0 ,864 ,864 ,, 864.0 , 0.0 , 407.0 ,407 ,407 ,, 351.0 , 56.0 ,, 65 , 77 ,,, -  , -  
은척면," 8,061 ","8,061 ","8,061 ", 100.0 ,,,0 ,0 ,,,,, 0.2 ," 6,322.0 ","6,322 ","6,322 ",," 6,322.0 ", 0.2 ," 1,739.0 ","1,739 ","1,739 ", 53.0 , 745.0 , 941.0 ,, 211 , 205 ,,," 6,322 ", 78.4 
공검면," 9,347 ","9,347 ","5,754 ", 61.6 ,,,0 ,0 ,,,,, 0.4 ," 7,791.0 ","7,791 ","4,198 ",," 4,198.0 ", 0.4 ," 1,556.0 ","1,556 ","1,556 ", 194.0 , 733.0 , 629.0 ,, 199 , 178 ,,, -  , -  
이안면," 11,295 ","11,295 ","1,804 ", 16.0 ,,,0 ,0 ,,,,, 0.3 ," 9,491.0 ","9,491 ",0 ,, -  , 0.3 ," 1,804.0 ","1,804 ","1,804 ", 152.0 , 985.0 , 667.0 ,, 24 , 16 ,,, -  , -  
화남면," 4,863 ","4,863 ","1,396 ", 28.7 ,,,0 ,0 ,,,,, 0.2 ," 3,852.0 ","3,852 ",385 ,, 385.0 , 0.2 ," 1,011.0 ","1,011 ","1,011 ", 25.0 , 421.0 , 565.0 ,, 109 , 97 ,,, 385 , 27.6 
모동면," 27,846 ","27,846 ","27,846 ", 100.0 ,,,0 ,0 ,,,,, 1.0 ," 21,022.0 ","21,022 ","21,022 ",," 21,022.0 ", 1.0 ," 6,824.0 ","6,824 ","6,824 ", 425.0 ," 1,257.0 "," 5,142.0 ",, 440 , 358 ,,," 13,360 ", 48.0 
문경시," 835,104 ","849,007 ","745,222 ", 87.8 , -  , -  ,0 ,0 , -  , -  , -  , -  , 25.9 ," 473,116.0 ","474,138 ","377,068 ", -  ," 377,068.0 ", 25.9 ," 361,988.0 ","374,869 ","368,154 "," 148,587.0 "," 117,560.0 "," 19,254.0 "," 82,753.0 "," 13,992 "," 22,573 ", -  , -  ," 219,748.0 ", 29.5 
점촌동," 332,742 ","335,971 ","335,193 ", 99.8 ,,,0 ,0 ,,,,, 9.3 ," 151,494.0 ","151,494 ","150,716 ",," 150,716.0 ", 9.3 ," 181,248.0 ","184,477 ","184,477 "," 85,602.0 "," 69,562.0 "," 10,021.0 "," 19,292.0 "," 6,043 "," 9,850 ", -  ,," 219,748 ", 65.6 
문경읍," 135,219 ","135,219 ","121,377 ", 89.8 ,,,0 ,0 ,,,,, 4.1 ," 81,335.0 ","81,335 ","68,158 ",," 68,158.0 ", 4.1 ," 53,884.0 ","53,884 ","53,219 "," 20,709.0 "," 22,953.0 "," 2,514.0 "," 7,043.0 "," 2,317 "," 3,777 ", -  ,,, -  
가은읍," 132,021 ","132,159 ","113,825 ", 86.1 ,,,0 ,0 ,,,,, 2.7 ," 72,471.0 ","72,471 ","54,137 ",," 54,137.0 ", 2.7 ," 59,550.0 ","59,688 ","59,688 "," 25,516.0 "," 9,884.0 "," 1,088.0 "," 23,200.0 "," 1,582 "," 2,579 ", -  ,,, -  
영순면," 32,965 ","33,017 ","30,550 ", 92.5 ,,,0 ,0 ,,,,, 1.1 ," 20,869.0 ","20,869 ","18,402 ",," 18,402.0 ", 1.1 ," 12,096.0 ","12,148 ","12,148 "," 3,025.0 "," 3,479.0 ", 260.0 ," 5,384.0 ", 479 , 781 ,,,, -  
산양면," 30,772 ","30,960 ","21,360 ", 69.0 ,,,0 ,0 ,,,,, 0.7 ," 22,350.0 ","22,350 ","12,750 ",," 12,750.0 ", 0.7 ," 8,422.0 ","8,610 ","8,610 ", 942.0 ," 3,396.0 "," 4,272.0 ",, 246 , 401 ,,,, -  
호계면," 40,231 ","40,321 ","38,445 ", 95.3 ,,,0 ,0 ,,,,, 2.8 ," 18,836.0 ","18,836 ","16,960 ",," 16,960.0 ", 2.8 ," 21,395.0 ","21,485 ","21,485 "," 4,884.0 "," 2,974.0 ", 104.0 ," 13,523.0 ", 535 , 872 ,,,, -  
산북면," 19,986 ","21,008 ","21,008 ", 100.0 ,,,0 ,0 ,,,,, 0.5 ," 19,986.0 ","21,008 ","21,008 ",," 21,008.0 ", 0.5 ,,0 ,0 ,,,,, 302 , 308 ,,,, -  
동로면," 16,452 ","16,575 ","5,049 ", 30.5 ,,,0 ,0 ,,,,, 0.6 ," 16,452.0 ","16,452 ","4,926 ",," 4,926.0 ", 0.6 ,,123 ,123 ,, 123.0 ,,, 186 , 253 ,,,, -  
마성면," 18,457 ","18,457 ","10,511 ", 56.9 ,,,0 ,0 ,,,,, 2.8 ," 8,575.0 ","8,575 ","6,679 ",," 6,679.0 ", 2.8 ," 9,882.0 ","9,882 ","3,832 ", 895.0 ," 1,317.0 ", 309.0 ," 1,311.0 "," 1,541 "," 2,512 ", -  ,,, -  
농암면," 76,259 ","85,320 ","47,904 ", 56.1 ,,,0 ,0 ,,,,, 1.3 ," 60,748.0 ","60,748 ","23,332 ",," 23,332.0 ", 1.3 ," 15,511.0 ","24,572 ","24,572 "," 7,014.0 "," 3,872.0 ", 686.0 ," 13,000.0 ", 761 ," 1,240 ", -  ,,, -  
경산시," 531,602 ","1,084,995 ","950,076 ", 87.6 , 18.9 ," 13,553.0 ","121,416 ","117,491 "," 5,787 "," 60,698 "," 51,006 ", - , 79.9 ," 349,247.0 ","518,400 ","405,880 "," 1,209 "," 404,671 ", 79.9 ," 168,802.0 ","445,179 ","426,705 "," 34,946 "," 346,835 "," 44,924 ", - ," 20,274 "," 44,216 ", 119 , -  ," 841,449 ", 88.6 
시가지," 100,001 ","495,179 ","491,254 ", 99.2 , 9.1 ," 6,501.0 ","6,501 ","2,576 ", 503.0 , -  ," 2,073.0 ", -  , 25.1 ," 64,450.0 ","220,325 ","220,325 ", 812.0 ," 219,513.0 ", 25.1 ," 29,050.0 ","268,353 ","268,353 "," 18,836.0 "," 220,508.0 "," 29,009.0 ", -  ," 11,782 "," 27,875 ", 29 , -  ," 443,776 ", 90.3 
하양읍," 229,186 ","292,778 ","240,077 ", 82.0 , 4.9 , -  ,"49,110 ","49,110 "," 3,137.0 "," 22,968.0 "," 23,005.0 ", -  , 30.0 ," 160,551.0 ","160,551 ","107,850 ", 397.0 ," 107,453.0 ", 30.0 ," 68,635.0 ","83,117 ","83,117 "," 7,414.0 "," 65,266.0 "," 10,437.0 ", -  ," 4,294 "," 10,967 ", 36 , -  ," 204,647 ", 85.2 
진량읍," 74,446 ","124,310 ","124,310 ", 100.0 , 2.4 , -  ,"13,994 ","13,994 ", 72.0 ," 1,892.0 "," 12,030.0 ", -  , 10.5 ," 42,215.0 ","55,493 ","55,493 ", -  ," 55,493.0 ", 10.5 ," 32,231.0 ","54,823 ","54,823 "," 7,453.0 "," 44,590.0 "," 2,780.0 ", -  ," 2,685 "," 2,661 ", 19 , -  ," 106,222 ", 85.4 
자인면," 127,969 ","172,728 ","94,435 ", 54.7 , 2.5 ," 7,052.0 ","51,811 ","51,811 "," 2,075.0 "," 35,838.0 "," 13,898.0 ", -  , 14.3 ," 82,031.0 ","82,031 ","22,212 ", -  ," 22,212.0 ", 14.3 ," 38,886.0 ","38,886 ","20,412 "," 1,243.0 "," 16,471.0 "," 2,698.0 ", -  ," 1,513 "," 2,713 ", 35 , -  ," 86,804 ", 91.9 
군부," 3,241,343 ","3,948,442 ","2,993,923 ", 75.8 , 28.2 ," 323,704.0 ","448,058 ","420,287 "," 137,226.0 "," 102,996.0 "," 64,784.0 "," 115,281.0 ", 85.0 ," 1,941,343.9 ","2,177,221 ","1,557,206 ", -  ," 1,557,206.0 ", 79.3 ," 976,295.0 ","1,323,163 ","1,016,430 "," 309,101.0 "," 332,474.0 "," 187,789.0 "," 187,066.0 "," 30,622 "," 68,562 ", 43 ," 18,542 "," 1,982,983.5 ", 66.2 
군위군," 117,198 ","385,869 ","245,411 ", 63.6 , -  , -  ,0 ,0 , - , - , - , - , 5 ," 111,274 ","220,778 ","80,320 ", - ," 80,320 ", 1 ," 5,924 ","165,091 ","165,091 "," 20,528 "," 69,146 ", - ," 75,417 "," 2,399 "," 4,470 ", -  , 35 , - , -  
군위읍," 16,492 ","177,576 ","104,332 ", 58.8 ,,,0 ,0 ,,,,, 0.6 ," 16,492.0 ","111,274 ","38,030 ",," 38,030.0 ",,,"66,302 ","66,302 "," 12,031.0 "," 38,747.0 ",," 15,524.0 "," 1,208 "," 2,657 ",, 35 ,, -  
소보면," 10,909 ","35,435 ","18,943 ", 53.5 ,,,0 ,0 ,,,,, 0.4 ," 10,909.0 ","16,492 ",0 ,, -  ,,,"18,943 ","18,943 ", 449.0 ," 4,093.0 ",," 14,401.0 ", 43 , -  ,,,, -  
효령면," 32,697 ","33,587 ","23,603 ", 70.3 ,,,0 ,0 ,,,,, 1.0 ," 32,697.0 ","10,909 ",925 ,, 925.0 ,,,"22,678 ","22,678 ", 456.0 ," 9,603.0 ",," 12,619.0 ", 117 , 80 ,,,, -  
부계면," 8,703 ","40,832 ","24,610 ", 60.3 ,,,0 ,0 ,,,,, 0.3 ," 8,703.0 ","32,697 ","16,475 ",," 16,475.0 ",,,"8,135 ","8,135 ", 576.0 ," 3,206.0 ",," 4,353.0 ", 364 , 625 ,,,, -  
우보면," 7,169 ","29,507 ","28,886 ", 97.9 ,,,0 ,0 ,,,,, 0.2 ," 7,169.0 ","8,703 ","8,082 ",," 8,082.0 ",,,"20,804 ","20,804 "," 4,409.0 "," 4,868.0 ",," 11,527.0 ", 232 , 439 ,,,, -  
의흥면," 27,250 ","19,600 ","17,031 ", 86.9 ,,,0 ,0 ,,,,, 2.0 ," 21,326.0 ","7,169 ","4,600 ",," 4,600.0 ", 1.4 ," 5,924.0 ","12,431 ","12,431 "," 1,606.0 "," 3,493.0 ",," 7,332.0 ", 135 , 337 ,,,, -  
산성면," 5,072 ","31,665 ","10,339 ", 32.7 ,,,0 ,0 ,,,,, 0.3 ," 5,072.0 ","21,326 ",0 ,, -  ,,,"10,339 ","10,339 ", 781.0 ," 2,316.0 ",," 7,242.0 ", 27 , -  ,,,, -  
고로면," 8,906 ","17,667 ","17,667 ", 100.0 ,,,0 ,0 ,,,,, 0.1 ," 8,906.0 ","12,208 ","12,208 ",," 12,208.0 ",,,"5,459 ","5,459 ", 220.0 ," 2,820.0 ",," 2,419.0 ", 273 , 331 ,,,, -  
의성군," 268,804 ","313,549 ","260,481 ", 83.1 , 0.1 ," 6,142.0 ","13,286 ","13,286 "," 2,117.0 "," 3,100.0 "," 1,502.0 "," 6,567.0 ", 14.2 ," 158,518.0 ","182,911 ","167,004 ", - ," 167,004 ", 14.2 ," 104,144.0 ","117,352 ","80,191 "," 7,776 "," 22,894 "," 17,427 "," 32,094 "," 2,469 "," 7,317 ", 2 , -  ," 196,452 ", 75.4 
의성읍," 103,838 ","114,745 ","104,576 ", 91.1 , 0.0 ," 2,642.0 ","3,052 ","3,052 "," 1,592.0 "," 1,354.0 ", 106.0 , -  , 3.0 ," 60,553.0 ","60,553 ","50,384 ",," 50,384.0 ", 3.0 ," 40,643.0 ","51,140 ","51,140 "," 2,742.0 "," 7,385.0 "," 13,234.0 "," 27,779.0 ", 127 ," 3,315 ", 1 , -  ," 78,184 ", 74.8 
금성면," 52,838 ","59,572 ","46,049 ", 77.3 , 0.1 ," 3,500.0 ","10,234 ","10,234 ", 525.0 ," 1,746.0 "," 1,396.0 "," 6,567.0 ", 1.8 ," 27,915.0 ","27,915 ","22,177 ",," 22,177.0 ", 1.8 ," 21,423.0 ","21,423 ","13,638 "," 2,738.0 "," 9,500.0 "," 1,400.0 ", -  , 402 , 400 , 1 , -  ," 35,100 ", 76.2 
봉양면," 21,721 ","33,996 ","26,263 ", 77.3 , -  , -  ,0 ,0 ,,,,, 2.0 ," 13,988.0 ","26,263 ","26,263 ",," 26,263.0 ", 2.0 ," 7,733.0 ","7,733 ",0 , -  , -  , -  , -  , 511 , 759 , -  , -  ," 13,988 ", 53.3 
단밀면," 10,461 ","10,461 ","7,095 ", 67.8 , -  , -  ,0 ,0 ,,,,, 1.1 ," 7,095.0 ","7,095 ","7,095 ",," 7,095.0 ", 1.1 ," 3,366.0 ","3,366 ",0 , -  , -  , -  , -  , 125 , 382 , -  , -  ," 7,095 ", 100.0 
단북면," 12,776 ","12,776 ","10,324 ", 80.8 , -  , -  ,0 ,0 ,,,,, 2.0 ," 6,893.0 ","6,893 ","6,893 ",," 6,893.0 ", 2.0 ," 5,883.0 ","5,883 ","3,431 ", -  ," 1,264.0 "," 2,167.0 ", -  , 210 , 610 , -  , -  ," 7,893 ", 76.5 
안계면," 52,469 ","52,469 ","36,644 ", 69.8 , -  , -  ,0 ,0 ,,,,, 2.7 ," 31,283.0 ","31,283 ","31,283 ",," 31,283.0 ", 2.7 ," 21,186.0 ","21,186 ","5,361 "," 1,550.0 "," 3,811.0 ", -  , -  , 508 ," 1,067 ", -  , -  ," 31,283 ", 85.4 
다인면," 14,701 ","29,530 ","29,530 ", 100.0 , -  , -  ,0 ,0 ,,,,, 1.6 ," 10,791.0 ","22,909 ","22,909 ",," 22,909.0 ", 1.6 ," 3,910.0 ","6,621 ","6,621 ", 746.0 , 934.0 , 626.0 ," 4,315.0 ", 586 , 784 , -  , -  ," 22,909 ", 77.6 
청송군," 181,949 ","181,950 ","147,512 ", 81.1 , -  , - ,0 ,0 , - , - , - , - , 6 ," 125,675 ","125,675 ","91,238 ", - ," 91,238 ", 6 ," 56,274 ","56,275 ","56,274 "," 6,010 "," 17,070 ", - ," 33,194 "," 2,733 "," 1,938 ", -  , 69 ," 146,057 ", 99.0 
청송읍," 52,223 ","52,223 ","52,223 ", 100.0 ,,,0 ,0 ,,,,, 1.6 ," 30,060.0 ","30,060 ","30,060 ",," 30,060.0 ", 1.6 ," 22,163.0 ","22,163 ","22,163 "," 2,129.0 "," 8,479.0 ",," 11,555.0 ", 938 , 733 ,, 23 ," 52,223 ", 100.0 
부동면, - ,0 ,0 , -  ,,,0 ,0 ,,,,,,,0 ,0 ,,, -  ,,0 ,0 ,,,,,,,,,, -  
부남면," 12,870 ","12,870 ","3,337 ", 25.9 ,,,0 ,0 ,,,,, 0.5 ," 12,869.7 ","12,870 ","3,337 ",," 3,337.0 ", 0.5 ,,0 ,0 ,,,,, 45 , 95 ,,," 1,883 ", 56.4 
현동면," 8,978 ","8,978 ",0 , -  ,,,0 ,0 ,,,,, 0.4 ," 8,978.0 ","8,978 ",0 ,,, 0.4 ,,0 ,0 ,,,,,,,,,, -  
현서면," 15,926 ","15,926 ",0 , -  ,,,0 ,0 ,,,,, 0.6 ," 15,926.0 ","15,926 ",0 ,,, 0.6 ,,0 ,0 ,,,,,,,,,, -  
안덕면," 26,535 ","26,536 ","26,536 ", 100.0 ,,,0 ,0 ,,,,, 0.6 ," 21,048.9 ","21,049 ","21,049 ",," 21,049.0 ", 0.6 ," 5,486.0 ","5,487 ","5,487 ",, 538.0 ,," 4,949.0 ", 644 , 451 ,, 38 ," 26,535 ", 100.0 
파천면, - ,0 ,0 , -  ,,,0 ,0 ,,,,,,,0 ,0 ,,, -  ,,0 ,0 ,,,,,,,,,, -  
진보면," 65,417 ","65,417 ","65,416 ", 100.0 ,,,0 ,0 ,,,,, 1.9 ," 36,792.3 ","36,792 ","36,792 ",," 36,792.0 ", 1.9 ," 28,625.0 ","28,625 ","28,624 "," 3,881.0 "," 8,053.0 ",," 16,690.0 "," 1,106 ", 659 ,, 8 ," 65,416 ", 100.0 
영양군," 241,347 ","242,438 ","191,134 ", 78.8 , -  ," 4,854.0 ","4,854 ","4,854 "," 2,705.0 "," 1,411.0 ", 738.0 , -  , 3.3 ," 120,420.0 ","121,511 ","74,715 ", -  ," 74,715.0 ", -  ," 116,073.0 ","116,073 ","111,565 "," 64,109.0 "," 20,156.0 "," 27,300.0 ", -  , 913 ," 2,899 ", 12 , 142 ," 178,324.0 ", 93.3 
영양읍," 90,293 ","90,293 ","67,992 ", 75.3 , -  , -  ,0 ,0 , -  , -  , -  , -  , 1.0 ," 48,370.0 ","48,370 ","27,577 ", -  ," 27,577.0 ", -  ," 41,923.0 ","41,923 ","40,415 "," 20,491.0 "," 11,321.0 "," 8,603.0 ", -  , 465 ," 1,629 ", -  , 38 ," 67,992 ", 100.0 
입암면," 47,189 ","47,189 ","40,412 ", 85.6 , -  ," 1,426.0 ","1,426 ","1,426 "," 1,015.0 ", 285.0 , 126.0 , -  , 0.6 ," 19,366.0 ","19,366 ","12,589 ", -  ," 12,589.0 ", -  ," 26,397.0 ","26,397 ","26,397 "," 16,406.0 "," 2,960.0 "," 7,031.0 ", -  , 154 , 336 , -  , 20 ," 34,838 ", 86.2 
청기면," 29,986 ","31,077 ","31,077 ", 100.0 , -  , 530.0 ,530 ,530 , 425.0 , 105.0 , -  , -  , 0.7 ," 16,792.0 ","17,883 ","17,883 ", -  ," 17,883.0 ", -  ," 12,664.0 ","12,664 ","12,664 "," 7,885.0 "," 1,399.0 "," 3,380.0 ", -  , 147 , 206 , 11 , 29 ," 23,841 ", 76.7 
일월면 ," 24,853 ","24,853 ","15,372 ", 61.9 , -  , -  ,0 ,0 , -  , -  , -  , -  , 0.3 ," 16,106.0 ","16,106 ","6,625 ", -  ," 6,625.0 ", -  ," 8,747.0 ","8,747 ","8,747 "," 5,602.0 ", 743.0 ," 2,402.0 ", -  , 53 , 265 , -  , 18 ," 15,372 ", 100.0 
수비면," 21,340 ","21,340 ","16,837 ", 78.9 , -  , -  ,0 ,0 , -  , -  , -  , -  , 0.4 ," 10,223.0 ","10,223 ","5,720 ", -  ," 5,720.0 ", -  ," 11,117.0 ","11,117 ","11,117 "," 7,304.0 ", 682.0 ," 3,131.0 ", -  , 42 , 221 , 1 , 21 ," 16,837 ", 100.0 
석보면," 27,686 ","27,686 ","19,444 ", 70.2 , -  ," 2,898.0 ","2,898 ","2,898 "," 1,265.0 "," 1,021.0 ", 612.0 , -  , 0.3 ," 9,563.0 ","9,563 ","4,321 ", -  ," 4,321.0 ", -  ," 15,225.0 ","15,225 ","12,225 "," 6,421.0 "," 3,051.0 "," 2,753.0 ", -  , 52 , 242 , -  , 16 ," 19,444 ", 100.0 
영덕군," 229,344 ","385,595 ","312,343 ", 81.0 , -  , -  ,"10,343 ","10,343 ", 50 ," 1,851 "," 8,442 ", - , 10.8 ," 229,344.0 ","229,344 ","156,092 ", - ," 156,092 ", 14.2 , -  ,"145,908 ","145,908 "," 12,996 "," 32,103 "," 100,809 ", - ," 2,398 "," 7,546 ", -  , -  ," 138,472 ", 44.3 
영덕읍," 50,235 ","86,579 ","74,933 ", 86.5 ,,,0 ,0 ,,,,, 2.2 ," 50,235.0 ","50,235 ","38,589 ", -  ," 38,589.0 ", 1.8 , -  ,"36,344 ","36,344 "," 1,367.0 "," 9,193.0 "," 25,784.0 ", -  , 838 ," 2,290 ", -  , -  ," 34,189 ", 45.6 
강구면," 40,796 ","84,079 ","80,239 ", 95.4 ,,,0 ,0 ,,,,, 1.7 ," 40,796.0 ","40,796 ","36,956 ", -  ," 36,956.0 ", 1.6 , -  ,"43,283 ","43,283 "," 3,053.0 "," 7,959.0 "," 32,271.0 ", -  , 879 ," 2,165 ", -  , -  ," 34,356 ", 42.8 
남정면," 18,530 ","28,873 ","10,343 ", 35.8 ,,,"10,343 ","10,343 ", 50.0 ," 1,851.0 "," 8,442.0 ",, 1.0 ," 18,530.0 ","18,530 ",0 , -  , -  , -  , -  ,0 ,0 , -  , -  , -  , -  , 68 , -  ,,," 3,460 ", 33.5 
달산면," 4,560 ","4,560 ","1,100 ", 24.1 ,,,0 ,0 ,,,,, 0.2 ," 4,560.0 ","4,560 ","1,100 ", -  ," 1,100.0 ", -  , -  ,0 ,0 , -  , -  , -  , -  , -  , -  , -  , -  , -  , -  
지품면," 3,691 ","3,691 ",800 , 21.7 ,,,0 ,0 ,,,,, 0.2 ," 3,691.0 ","3,691 ",800 , -  , 800.0 , -  , -  ,0 ,0 , -  , -  , -  , -  , -  , -  , -  , -  , -  , -  
축산면," 21,177 ","36,119 ","32,409 ", 89.7 ,,,0 ,0 ,,,,, 1.0 ," 21,177.0 ","21,177 ","17,467 ", -  ," 17,467.0 ", 0.5 , -  ,"14,942 ","14,942 ", 973.0 ," 4,049.0 "," 9,920.0 ", -  , 225 , 902 , -  , -  ," 11,642 ", 35.9 
영해면," 48,990 ","94,602 ","87,102 ", 92.1 ,,,0 ,0 ,,,,, 1.8 ," 48,990.0 ","48,990 ","41,490 ", -  ," 41,490.0 ", 3.4 , -  ,"45,612 ","45,612 "," 6,782.0 "," 9,539.0 "," 29,291.0 ", -  , 272 ," 1,482 ", -  , -  ," 37,190 ", 42.7 
병곡면," 35,463 ","41,190 ","19,515 ", 47.4 ,,,0 ,0 ,,,,, 2.2 ," 35,463.0 ","35,463 ","13,788 ", -  ," 13,788.0 ", 3.4 , -  ,"5,727 ","5,727 ", 821.0 ," 1,363.0 "," 3,543.0 ", -  , 116 , 467 , -  , -  ," 11,733 ", 60.1 
창수면," 5,902 ","5,902 ","5,902 ", 100.0 ,,,0 ,0 ,,,,, 0.5 ," 5,902.0 ","5,902 ","5,902 ", -  ," 5,902.0 ", 3.4 , -  ,0 ,0 , -  , -  , -  , -  , -  , 240 , -  , -  ," 5,902 ", 100.0 
청도군," 274,535 ","307,335 ","228,919 ", 74.5 , 7.7 ," 69,250.0 ","95,003 ","83,345 "," 10,784 "," 15,641 "," 18,902 "," 38,018 ", 7.7 ," 142,016.0 ","146,505 ","113,124 ", - ," 113,124 ", 7.7 ," 63,269.0 ","65,827 ","32,450 "," 1,209 "," 27,133 "," 1,972 "," 2,136 "," 2,283 "," 8,238 ", -  , -  ," 219,715 ", 96.0 
청도읍," 101,644 ","120,275 ","83,925 ", 69.8 , 1.7 ," 16,303.0 ","34,934 ","34,934 "," 4,624.0 "," 7,826.0 "," 6,284.0 "," 16,200.0 ", 2.5 ," 46,077.0 ","46,077 ","34,556 ",," 34,556.0 ", 2.5 ," 39,264.0 ","39,264 ","14,435 ", 448.0 ," 13,987.0 ",,," 1,107 "," 4,097 ",,," 87,934 ", 104.8 
화양읍," 71,293 ","81,281 ","80,125 ", 98.6 , 2.1 ," 18,555.0 ","24,678 ","24,678 "," 2,989.0 "," 5,221.0 "," 8,537.0 "," 7,931.0 ", 2.1 ," 38,410.0 ","42,275 ","42,275 ",," 42,275.0 ", 2.1 ," 14,328.0 ","14,328 ","13,172 ", 526.0 ," 8,538.0 "," 1,972.0 "," 2,136.0 ", 937 ," 2,452 ",,," 71,092 ", 88.7 
각남면," 15,176 ","15,800 ","15,316 ", 96.9 ,,,,,,,,, 0.8 ," 14,311.0 ","14,935 ","14,935 ",," 14,935.0 ", 0.8 , 865.0 ,865 ,381 ,, 381.0 ,,, 42 , 122 ,,," 15,320 ", 100.0 
풍각면," 41,602 ","41,602 ","21,107 ", 50.7 , 2.2 ," 19,450.0 ","19,450 ","14,996 "," 1,849.0 "," 1,332.0 "," 2,574.0 "," 9,241.0 ", 0.8 ," 15,031.0 ","15,031 ","4,207 ",," 4,207.0 ", 0.8 ," 7,121.0 ","7,121 ","1,904 ",," 1,904.0 ",,, 80 , 808 ,,," 17,909 ", 84.8 
이서면," 18,353 ","19,352 ","13,237 ", 68.4 , 0.9 ," 7,738.0 ","8,737 ","8,737 "," 1,322.0 "," 1,262.0 "," 1,507.0 "," 4,646.0 ", 0.6 ," 10,615.0 ","10,615 ","4,500 ",," 4,500.0 ", 0.6 , -  ,0 ,0 ,,,,, 48 , 490 ,,," 12,251 ", 92.6 
금천면," 19,998 ","19,998 ","9,927 ", 49.6 , 0.8 ," 7,204.0 ","7,204 ",0 ,,,,, 0.6 ," 11,103.0 ","11,103 ","9,927 ",," 9,927.0 ", 0.6 ," 1,691.0 ","1,691 ",0 ,,,,, 24 , 269 ,,," 9,927 ", 100.0 
운문면," 6,469 ","9,027 ","5,282 ", 58.5 ,,,,,,,,, 0.4 ," 6,469.0 ","6,469 ","2,724 ",," 2,724.0 ", 0.4 , -  ,"2,558 ","2,558 ", 235.0 ," 2,323.0 ",,, 45 , -  ,,," 5,282 ", 100.0 
고령군," 331,300 ","341,921 ","241,487 ", 70.6 , -  ," 7,138.0 ","7,138 ","7,138 ", - ," 7,138 ", - , - , -  ," 173,022.0 ","183,643 ","118,088 ", - ," 118,088 ", -  ," 151,140.0 ","151,140 ","116,261 "," 17,095 "," 65,069 "," 12,856 "," 21,241 "," 1,745 "," 3,555 ", 8 , 40 ," 207,962 ", 86.1 
대가야읍," 172,453 ","172,453 ","129,596 ", 75.1 ,," 4,929.0 ","4,929 ","4,929 ",," 4,929.0 ",,,," 71,730.0 ","71,730 ","47,620 ",," 47,620.0 ",," 95,794.0 ","95,794 ","77,047 "," 10,452.0 "," 39,593.0 "," 10,534.0 "," 16,468.0 ", 913 ," 1,667 ", 8 , 26 ," 129,596 ", 100.0 
운수면," 14,359 ","14,359 ","10,149 ", 70.7 ,,,0 ,0 ,,,,,," 9,645.0 ","9,645 ","5,435 ",," 5,435.0 ",," 4,714.0 ","4,714 ","4,714 ", 527.0 ," 2,545.0 ", 381.0 ," 1,261.0 ",, 243 ,,," 10,149 ", 100.0 
성산면," 10,659 ","18,869 ","18,869 ", 100.0 ,,,0 ,0 ,,,,,," 9,151.0 ","17,361 ","17,361 ",," 17,361.0 ",," 1,508.0 ","1,508 ","1,508 ", 279.0 ," 1,229.0 ",,, 194 , 390 ,,," 2,669 ", 14.1 
다산면," 91,854 ","91,854 ","62,437 ", 68.0 ,," 2,209.0 ","2,209 ","2,209 ",," 2,209.0 ",,,," 45,035.0 ","45,035 ","31,750 ",," 31,750.0 ",," 44,610.0 ","44,610 ","28,478 "," 5,216.0 "," 18,594.0 "," 1,929.0 "," 2,739.0 ", 502 , 870 ,, 14 ," 54,843 ", 87.8 
덕곡면," 1,800 ","1,800 ",0 , -  ,,,0 ,0 ,,,,,," 1,800.0 ","1,800 ",0 ,,,,,0 ,0 ,,,,,,,,,, -  
개진면," 16,130 ","16,130 ",0 , -  ,,,0 ,0 ,,,,,," 16,130.0 ","16,130 ",0 ,,,,,0 ,0 ,,,,,,,,,, -  
우곡면," 6,020 ","6,020 ",0 , -  ,,,0 ,0 ,,,,,," 6,020.0 ","6,020 ",0 ,,,,,0 ,0 ,,,,,,,,,, -  
쌍림면," 18,025 ","20,436 ","20,436 ", 100.0 ,,,0 ,0 ,,,,,," 13,511.0 ","15,922 ","15,922 ",," 15,922.0 ",," 4,514.0 ","4,514 ","4,514 ", 621.0 ," 3,108.0 ", 12.0 , 773.0 , 136 , 385 ,,," 10,705 ", 52.4 
성주군," 307,886 ","311,785 ","269,990 ", 86.6 , 0.7 ," 29,793.0 ","29,793 ","29,793 "," 3,478 "," 8,988 "," 9,690 "," 7,637 ", 4.5 ," 169,978.0 ","173,481 ","167,146 ", - ," 167,146 ", 8.1 ," 108,115.0 ","108,511 ","73,051 "," 18,418 "," 39,895 ", 187 ," 14,551 "," 1,643 "," 3,925 ", 1 , 16 ," 238,956 ", 88.5 
성주읍," 135,887 ","137,940 ","109,879 ", 79.7 , 0.7 ," 29,793.0 ","29,793 ","29,793 "," 3,478.0 "," 8,988.0 "," 9,690.0 "," 7,637.0 ", 1.7 ," 63,030.0 ","65,083 ","65,083 ",," 65,083.0 ", 1.7 ," 43,064.0 ","43,064 ","15,003 ", 916.0 ," 5,331.0 ", 187.0 ," 8,569.0 ", 730 ," 1,963 ", 1 , 16 ," 85,293 ", 77.6 
선남면," 39,531 ","39,531 ","34,667 ", 87.7 ,,,0 ,0 ,,,,, 0.5 ," 27,453.0 ","27,453 ","22,589 ",," 22,589.0 ", 0.5 ," 12,078.0 ","12,078 ","12,078 "," 6,039.0 "," 6,039.0 ",,, 126 , 461 ,,," 32,631 ", 94.1 
용암면," 18,857 ","20,703 ","20,703 ", 100.0 ,,,0 ,0 ,,,,, 0.3 ," 7,619.0 ","9,069 ","9,069 ",," 9,069.0 ", 0.3 ," 11,238.0 ","11,634 ","11,634 "," 5,619.0 "," 6,015.0 ",,, 166 , 255 ,,," 20,703 ", 100.0 
수륜면, - ,0 ,0 , -  ,,,0 ,0 ,,,,,,,0 ,0 ,,,,,0 ,0 ,,,,,,,,,, -  
가천면," 35,500 ","35,500 ","35,500 ", 100.0 ,,,0 ,0 ,,,,, 0.5 ," 18,684.0 ","18,684 ","18,684 ",," 18,684.0 ", 0.5 ," 16,816.0 ","16,816 ","16,816 "," 3,363.0 "," 10,089.0 ",," 3,364.0 ", 206 , 380 ,,," 35,500 ", 100.0 
금수면, - ,0 ,0 , -  ,,,0 ,0 ,,,,,,,0 ,0 ,,,,,0 ,0 ,,,,,,,,,, -  
대가면, - ,0 ,0 , -  ,,,0 ,0 ,,,,,,,0 ,0 ,,,,,0 ,0 ,,,,,,,,,, -  
벽진면," 32,714 ","32,714 ","32,714 ", 100.0 ,,,0 ,0 ,,,,, 0.4 ," 28,602.0 ","28,602 ","28,602 ",," 28,602.0 ", 4.0 ," 4,112.0 ","4,112 ","4,112 ",," 3,977.0 ",, 135.0 , 240 , 457 ,,," 32,714 ", 100.0 
초전면," 37,010 ","37,010 ","28,377 ", 76.7 ,,,0 ,0 ,,,,, 0.6 ," 20,176.0 ","20,176 ","18,705 ",," 18,705.0 ", 0.6 ," 16,834.0 ","16,834 ","9,672 "," 1,934.0 "," 5,803.0 ",," 1,935.0 ", 132 , 234 ,,," 28,377 ", 100.0 
월항면," 8,387 ","8,387 ","8,150 ", 97.2 ,,,0 ,0 ,,,,, 0.5 ," 4,414.0 ","4,414 ","4,414 ",," 4,414.0 ", 0.5 ," 3,973.0 ","3,973 ","3,736 ", 547.0 ," 2,641.0 ",, 548.0 , 43 , 175 ,,," 3,738 ", 45.9 
칠곡군," 459,800 ","459,800 ","344,161 ", 74.9 , -  ," 95,225.0 ","95,225 ","85,114 "," 11,634 "," 32,212 "," 13,030 "," 28,238 ", -  ," 233,237.0 ","233,237 ","192,714 ", - ," 192,714 ", -  ," 131,338.0 ","131,338 ","66,333 "," 28,276 "," 37,690 ", 50 , 317 ," 7,483 "," 8,835 ", 20 , 73 ," 344,161 ", 100.0 
왜관읍," 230,490 ","230,490 ","152,137 ", 66.0 ,," 52,706.0 ","52,706 ","52,706 "," 7,195.0 "," 12,649.0 "," 11,420.0 "," 21,442.0 ",," 103,571.0 ","103,571 ","73,894 ",," 73,894.0 ",," 74,213.0 ","74,213 ","25,537 "," 9,399.0 "," 15,771.0 ", 50.0 , 317.0 ," 3,708 "," 4,405 ", 6 , 34 ," 152,137 ", 100.0 
북삼읍," 79,169 ","79,169 ","79,163 ", 100.0 ,," 12,863.0 ","12,863 ","12,863 "," 2,404.0 "," 9,412.0 ", 294.0 , 753.0 ,," 42,934.0 ","42,934 ","42,934 ",," 42,934.0 ",," 23,372.0 ","23,372 ","23,366 "," 5,485.0 "," 17,881.0 ", -  , -  ," 2,206 "," 1,460 ", 4 , 1 ," 79,163 ", 100.0 
약목면," 84,624 ","84,624 ","53,686 ", 63.4 ,," 29,656.0 ","29,656 ","19,545 "," 2,035.0 "," 10,151.0 "," 1,316.0 "," 6,043.0 ",," 28,122.0 ","28,122 ","23,618 ",," 23,618.0 ",," 26,846.0 ","26,846 ","10,523 "," 6,696.0 "," 3,827.0 ", -  , -  ," 1,431 "," 1,961 ", 5 , 19 ," 53,686 ", 100.0 
지천면," 65,517 ","65,517 ","59,175 ", 90.3 ,, -  ,0 ,0 , -  , -  , -  , -  ,," 58,610.0 ","58,610 ","52,268 ",," 52,268.0 ",," 6,907.0 ","6,907 ","6,907 "," 6,696.0 ", 211.0 , -  , -  , 138 ," 1,009 ", 5 , 19 ," 59,175 ", 100.0 
예천군," 379,283 ","390,156 ","263,185 ", 67.5 , 7.0 ," 111,302.0 ","115,714 ","110,722 "," 58,183 "," 24,975 ", - ," 27,564 ", 15.0 ," 167,928.0 ","174,389 ","114,610 ", - ," 114,610 ", 16.0 ," 100,053.0 ","100,053 ","37,853 "," 37,853 ", - , - , - , -  ," 6,235 ", -  ," 17,910 ", - , -  
예천읍," 225,734 ","225,734 ","135,502 ", 60.0 , 7.0 ," 73,886.0 ","73,886 ","70,824 "," 31,755.0 "," 11,505.0 ",," 27,564.0 ", 4.0 ," 90,901.0 ","90,901 ","53,643 ",," 53,643.0 ", 4.0 ," 60,947.0 ","60,947 ","11,035 "," 11,035.0 ",,,,," 3,375 ",," 13,250 ",, -  
용문면," 13,105 ","18,253 ","17,282 ", 94.7 ,," 3,009.0 ","3,242 ","3,242 "," 2,210.0 "," 1,032.0 ",,, 1.0 ," 6,628.0 ","11,543 ","11,543 ",," 11,543.0 ", 1.0 ," 3,468.0 ","3,468 ","2,497 "," 2,497.0 ",,,,, 210 ,, 419 ,, -  
상리면," 5,963 ","6,189 ","4,559 ", 73.7 ,," 1,139.0 ","1,365 ","1,365 ", 941.0 , 424.0 ,,, 1.0 ," 3,167.0 ","3,167 ","2,187 ",," 2,187.0 ", 1.0 ," 1,657.0 ","1,657 ","1,007 "," 1,007.0 ",,,,, 155 ,, 200 ,, -  
하리면," 7,845 ","8,711 ","5,768 ", 66.2 ,," 1,899.0 ","2,765 ","2,765 "," 1,518.0 "," 1,247.0 ",,, 1.0 ," 3,903.0 ","3,903 ","1,699 ",," 1,699.0 ", 1.0 ," 2,043.0 ","2,043 ","1,304 "," 1,304.0 ",,,,, 99 ,, 247 ,, -  
감천면," 16,041 ","16,674 ","12,012 ", 72.0 ,," 4,037.0 ","4,670 ","4,670 "," 3,145.0 "," 1,525.0 ",,, 1.0 ," 7,880.0 ","7,880 ","4,435 ",," 4,435.0 ", 1.0 ," 4,124.0 ","4,124 ","2,907 "," 2,907.0 ",,,,, 200 ,, 499 ,, -  
보문면," 9,859 ","10,143 ","6,597 ", 65.0 ,," 2,455.0 ","2,739 ","2,739 "," 2,033.0 ", 706.0 ,,, 1.0 ," 4,860.0 ","4,860 ","2,168 ",," 2,168.0 ", 1.0 ," 2,544.0 ","2,544 ","1,690 "," 1,690.0 ",,,,, 123 ,, 308 ,, -  
호명면," 13,949 ","14,133 ","9,482 ", 67.1 ,," 3,179.0 ","3,363 ","3,363 "," 2,171.0 "," 1,192.0 ",,, 1.0 ," 7,070.0 ","7,070 ","3,539 ",," 3,539.0 ", 1.0 ," 3,700.0 ","3,700 ","2,580 "," 2,580.0 ",,,,, 200 ,, 447 ,, -  
유천면," 17,239 ","17,862 ","13,874 ", 77.7 ,," 3,988.0 ","4,611 ","4,611 "," 2,740.0 "," 1,871.0 ",,, 1.0 ," 8,521.0 ","8,521 ","6,326 ",," 6,326.0 ", 1.0 ," 4,730.0 ","4,730 ","2,937 "," 2,937.0 ",,,,, 206 ,, 503 ,, -  
용궁면," 20,459 ","20,459 ","17,479 ", 85.4 ,," 5,303.0 ","5,303 ","3,566 "," 3,215.0 ", 351.0 ,,, 1.0 ," 10,917.0 ","10,917 ","10,917 ",," 10,917.0 ", 1.0 ," 4,239.0 ","4,239 ","2,996 "," 2,996.0 ",,,,, 780 ,, 513 ,, -  
개포면," 9,904 ","10,489 ","6,848 ", 65.3 ,," 2,275.0 ","2,860 ","2,860 "," 1,817.0 "," 1,043.0 ",,, 1.0 ," 5,008.0 ","5,008 ","2,239 ",," 2,239.0 ", 1.0 ," 2,621.0 ","2,621 ","1,749 "," 1,749.0 ",,,,, 127 ,, 317 ,, -  
지보면," 17,693 ","20,017 ","18,722 ", 93.5 ,," 4,682.0 ","5,460 ","5,460 "," 3,246.0 "," 2,214.0 ",,, 1.0 ," 8,542.0 ","10,088 ","10,088 ",," 10,088.0 ", 1.0 ," 4,469.0 ","4,469 ","3,174 "," 3,174.0 ",,,,, 488 ,, 541 ,, -  
풍양면," 21,492 ","21,492 ","15,060 ", 70.1 ,," 5,450.0 ","5,450 ","5,257 "," 3,392.0 "," 1,865.0 ",,, 1.0 ," 10,531.0 ","10,531 ","5,826 ",," 5,826.0 ", 2.0 ," 5,511.0 ","5,511 ","3,977 "," 3,977.0 ",,,,, 272 ,, 666 ,, -  
봉화군," 162,834 ","162,834 ","122,172 ", 75.0 , -  , -  ,0 ,0 , - , - , - , - , 8.2 ," 136,645.0 ","136,645 ","95,983 ", - ," 95,983 ", -  ," 26,189.0 ","26,189 ","26,189 ", - , - ," 26,189 ", - ," 2,228 "," 5,088 ", -  , -  ," 26,189 ", 21.4 
봉화읍," 62,335 ","62,335 ","50,771 ", 81.4 ,,,0 ,0 ,,,,, 2.6 ," 39,604.0 ","39,604 ","28,040 ",," 28,040.0 ",," 22,731.0 ","22,731 ","22,731 ",,," 22,731.0 ",, 659 ," 1,802 ",,," 22,731 ", 44.8 
물야면," 16,730 ","16,730 ","7,250 ", 43.3 ,,,0 ,0 ,,,,, 1.0 ," 16,730.0 ","16,730 ","7,250 ",," 7,250.0 ",,,0 ,0 ,,,,, 157 , 307 ,,,, -  
봉성면," 21,251 ","21,251 ","13,906 ", 65.4 ,,,0 ,0 ,,,,, 1.3 ," 21,251.0 ","21,251 ","13,906 ",," 13,906.0 ",,,0 ,0 ,,,,, 270 , 489 ,,,, -  
법전면," 4,945 ","4,945 ","4,728 ", 95.6 ,,,0 ,0 ,,,,, 0.2 ," 4,945.0 ","4,945 ","4,728 ",," 4,728.0 ",,,0 ,0 ,,,,, 123 , 134 ,,,, -  
춘양면," 26,692 ","26,692 ","20,607 ", 77.2 ,,,0 ,0 ,,,,, 1.3 ," 23,234.0 ","23,234 ","17,149 ",," 17,149.0 ",," 3,458.0 ","3,458 ","3,458 ",,," 3,458.0 ",, 408 , 937 ,,," 3,458 ", 16.8 
소천면," 7,253 ","7,253 ","6,993 ", 96.4 ,,,0 ,0 ,,,,, 0.4 ," 7,253.0 ","7,253 ","6,993 ",," 6,993.0 ",,,0 ,0 ,,,,, 173 , 457 ,,,, -  
석포면," 6,089 ","6,089 ","5,488 ", 90.1 ,,,0 ,0 ,,,,, 0.5 ," 6,089.0 ","6,089 ","5,488 ",," 5,488.0 ",,,0 ,0 ,,,,, 143 , 476 ,,,, -  
재산면," 9,883 ","9,883 ","7,547 ", 76.4 ,,,0 ,0 ,,,,, 0.4 ," 9,883.0 ","9,883 ","7,547 ",," 7,547.0 ",,,0 ,0 ,,,,, 182 , 245 ,,,, -  
명호면," 3,870 ","3,870 ","1,132 ", 29.3 ,,,0 ,0 ,,,,, 0.2 ," 3,870.0 ","3,870 ","1,132 ",," 1,132.0 ",,,0 ,0 ,,,,,,,,,, -  
상운면," 3,786 ","3,786 ","3,750 ", 99.0 ,,,0 ,0 ,,,,, 0.3 ," 3,786.0 ","3,786 ","3,750 ",," 3,750.0 ",,,0 ,0 ,,,,, 113 , 241 ,,,, -  
울진군," 287,063 ","429,560 ","355,608 ", 82.8 , 12.2 , -  ,"68,912 ","68,912 "," 44,058 "," 7,350 "," 12,480 "," 5,024 ", 10.1 ," 173,287.0 ","221,877 ","181,432 ", - ," 181,432 ", 12.0 ," 113,776.0 ","138,771 ","105,264 "," 94,831 "," 1,318 ", 999 ," 8,116 "," 3,816 "," 8,516 ", -  , 257 ," 286,696 ", 80.6 
울진읍," 63,028 ","103,840 ","73,840 ", 71.1 , 5.4 ,,"33,929 ","33,929 "," 27,749.0 "," 4,374.0 "," 1,744.0 ", 62.0 , 2.9 ," 29,213.0 ","36,096 ","36,096 ",," 36,096.0 ", 6.0 ," 33,815.0 ","33,815 ","3,815 "," 3,255.0 ", 560.0 ,,, 548 ," 1,924 ",, 23 ," 39,911 ", 54.1 
평해읍," 42,548 ","58,306 ","33,417 ", 57.3 , 2.2 ,,"15,758 ","15,758 "," 1,993.0 "," 1,328.0 "," 8,032.0 "," 4,405.0 ", 0.1 ," 27,370.0 ","27,370 ","2,481 ",," 2,481.0 ", 2.0 ," 15,178.0 ","15,178 ","15,178 "," 15,178.0 ",,,, 294 , 58 , - , 59 ," 17,659 ", 52.8 
북면," 2,044 ","64,482 ","64,482 ", 100.0 , 1.0 ,,"11,042 ","11,042 "," 7,271.0 "," 1,638.0 "," 2,133.0 ", -  , 0.9 ," 2,044.0 ","42,400 ","42,400 ",," 42,400.0 ", 1.0 ,,"11,040 ","11,040 "," 11,040.0 ",,,, 418 , 760 , - , 30 ," 53,440 ", 82.9 
금강송면," 3,000 ","3,000 ","3,000 ", 100.0 ,,,0 ,0 ,,,,, 0.2 ," 3,000.0 ","3,000 ","3,000 ",," 3,000.0 ",,,0 ,0 , -  ,,,, 50 , 99 ,,," 3,000 ", 100.0 
근남면," 3,000 ","3,000 ","3,000 ", 100.0 ,,,0 ,0 ,,,,, 0.2 ," 3,000.0 ","3,000 ","3,000 ",," 3,000.0 ",,,0 ,0 , -  ,,,, 50 , 106 ,,," 3,000 ", 100.0 
매화면," 8,500 ","8,500 ","8,500 ", 100.0 ,,,0 ,0 ,,,,, 0.4 ," 8,500.0 ","8,500 ","8,500 ",," 8,500.0 ",,,0 ,0 , -  ,,,, 141 , 347 ,,," 8,500 ", 100.0 
기성면," 26,194 ","26,194 ","26,194 ", 100.0 ,,,0 ,0 ,,,,, 0.6 ," 26,194.0 ","26,194 ","26,194 ",," 26,194.0 ",,,0 ,0 , -  ,,,, 343 , 688 ,,," 26,194 ", 100.0 
온정면," 23,025 ","23,374 ","19,680 ", 84.2 , 0.6 ,,349 ,349 , 141.0 , 10.0 , 198.0 , -  , 0.6 ," 9,046.0 ","9,046 ","8,859 ",," 8,859.0 ", - ," 13,979.0 ","13,979 ","10,472 ", 688.0 , 694.0 , 974.0 ," 8,116.0 ", 566 , 646 , - , 16 ," 19,331 ", 98.2 
죽변면," 38,637 ","49,656 ","49,656 ", 100.0 , 1.0 ,,"2,649 ","2,649 "," 2,077.0 ", - , 249.0 , 323.0 , 1.8 ," 20,847.0 ","22,198 ","22,198 ",," 22,198.0 ", 1.0 ," 17,790.0 ","24,809 ","24,809 "," 24,720.0 ", 64.0 , 25.0 ,, 638 ," 1,524 ", - , 32 ," 47,007 ", 94.7 
후포면," 77,087 ","89,208 ","73,839 ", 82.8 , 2.0 ,,"5,185 ","5,185 "," 4,827.0 ", - , 124.0 , 234.0 , 2.5 ," 44,073.0 ","44,073 ","28,704 ",," 28,704.0 ", 2.0 ," 33,014.0 ","39,950 ","39,950 "," 39,950.0 ",,,, 768 ," 2,364 ", - , 97 ," 68,654 ", 93.0 
울릉군, - ,"35,650 ","11,520 ", 32.1 , 0.5 ,,"7,790 ","6,780 "," 4,217 ", 330 ,," 2,233 ", 0.7 ,,"27,225 ","4,740 ",," 4,740 ", 0.1 ,,635 ,0 ,,,,, 512 ,,,,, -  
경상남도," 14,097,727 ","15,329,203 ","12,550,529 ", 81.9 ," 1,040.8 "," 2,019,331.0 ","2,165,324 ","1,984,947 "," 244,246.6 "," 769,758.0 "," 120,372.3 "," 850,569.8 ", 929.8 ," 7,315,258.5 ","7,963,506 ","6,631,457 "," 21,801.0 "," 6,609,656.2 "," 1,871.9 "," 4,763,137.9 ","5,200,373 ","3,934,125 "," 344,625.6 "," 2,598,046.9 "," 158,161.4 "," 833,291.4 "," 233,445 "," 377,536 "," 2,089 ", 700 ," 9,800,539.2 ", 78.1 
시부," 10,078,141 ","11,137,610 ","9,109,311 ", 81.8 , 107.4 ," 1,566,335.0 ","1,707,100 ","1,613,636 "," 188,456.0 "," 656,138.0 "," 84,440.0 "," 684,602.0 ", 405.0 ," 4,595,580.0 ","5,174,391 ","4,401,437 "," 12,700.0 "," 4,388,737.1 ", 551.7 ," 3,916,226.0 ","4,256,119 ","3,094,238 "," 262,788.0 "," 2,094,174.0 "," 77,235.0 "," 660,041.0 "," 182,231 "," 321,816 "," 2,015 ", 275 ," 7,287,839.5 ", 80.0 
창원시," 3,811,162 ","3,811,162 ","3,330,027 ", 87.4 , 7.3 ," 272,701.0 ","272,701 ","272,701 "," 21,202.0 "," 144,996.0 "," 13,861.0 "," 92,642.0 ", 128.2 ," 1,857,791.0 ","1,857,791 ","1,519,611 ", -  ," 1,519,611.0 ", 175.4 ," 1,680,670.0 ","1,680,670 ","1,537,715 "," 80,180.0 "," 1,093,637.0 "," 24,294.0 "," 339,604.0 "," 93,739 "," 140,722 ", 509 , -  ," 3,140,093.0 ", 94.3 
"성산,의창구"," 1,732,081 ","1,732,081 ","1,629,748 ", 94.1 , -  ," 57,207.0 ","57,207 ","57,207 ", -  ," 54,806.0 "," 1,161.0 "," 1,240.0 ", 57.0 ," 792,744.0 ","792,744 ","745,648 ", -  ," 745,648.0 ", 168.4 ," 882,130.0 ","882,130 ","826,893 "," 13,377.0 "," 768,749.0 "," 10,014.0 "," 34,753.0 "," 24,967 "," 117,723 ", -  , -  ," 1,524,908.0 ", 93.6 
시가지," 1,069,008 ","1,069,008 ","1,044,679 ", 97.7 , -  , -  ,0 ,0 , -  , -  , -  , -  , 39.0 ," 494,388.0 ","494,388 ","492,098 ", -  ," 492,098.0 ", 126.9 ," 574,620.0 ","574,620 ","552,581 "," 3,247.0 "," 535,253.0 "," 1,020.0 "," 13,061.0 "," 20,356 "," 111,204 ", -  , -  ," 1,023,855 ", 98.0 
동읍," 133,039 ","133,039 ","127,838 ", 96.1 , -  ," 15,954.0 ","15,954 ","15,954 ", -  ," 15,279.0 ", 396.0 , 279.0 , 3.2 ," 77,843.0 ","77,843 ","77,842 ", -  ," 77,842.0 ", 7.7 ," 39,242.0 ","39,242 ","34,042 ", 680.0 ," 30,574.0 ", 408.0 ," 2,380.0 ", 968 , 980 , -  , -  ," 127,153 ", 99.5 
북면," 344,111 ","344,111 ","292,001 ", 84.9 , -  ," 27,830.0 ","27,830 ","27,830 ", -  ," 26,747.0 ", 497.0 , 586.0 , 10.5 ," 126,132.0 ","126,132 ","96,777 ", -  ," 96,777.0 ", 29.5 ," 190,149.0 ","190,149 ","167,394 "," 6,296.0 "," 143,259.0 "," 6,661.0 "," 11,178.0 "," 2,419 "," 3,398 ", -  , -  ," 233,408 ", 79.9 
대산면," 185,923 ","185,923 ","165,230 ", 88.9 , -  ," 13,423.0 ","13,423 ","13,423 ", -  ," 12,780.0 ", 268.0 , 375.0 , 4.3 ," 94,381.0 ","94,381 ","78,931 ", -  ," 78,931.0 ", 4.3 ," 78,119.0 ","78,119 ","72,876 "," 3,154.0 "," 59,663.0 "," 1,925.0 "," 8,134.0 "," 1,224 "," 2,141 ", -  , -  ," 140,492 ", 85.0 
"마산합포,회원구"," 1,376,768 ","1,376,768 ","1,162,331 ", 84.4 , -  , -  ,0 ,0 , -  , -  , -  , -  , 64.2 ," 763,029.0 ","763,029 ","564,579 ", -  ," 564,579.0 ", -  ," 613,739.0 ","613,739 ","597,752 "," 45,840.0 "," 232,781.0 "," 14,280.0 "," 304,851.0 "," 59,047 "," 17,822 ", -  , -  ," 1,114,258.0 ", 95.9 
시가지," 1,113,103 ","1,113,103 ","987,088 ", 88.7 , -  , -  ,0 ,0 , -  , -  , -  , -  , 27.9 ," 559,670.0 ","559,670 ","435,985 ", -  ," 435,985.0 ", -  ," 553,433.0 ","553,433 ","551,103 "," 38,435.0 "," 200,826.0 "," 10,450.0 "," 301,392.0 "," 55,631 "," 13,793 ", -  , -  ," 963,730 ", 97.6 
내서읍," 102,563 ","102,563 ","97,763 ", 95.3 , -  , -  ,0 ,0 , -  , -  , -  , -  , 5.8 ," 59,781.0 ","59,781 ","54,981 ", -  ," 54,981.0 ", -  ," 42,782.0 ","42,782 ","42,782 "," 7,405.0 "," 28,195.0 "," 3,830.0 "," 3,352.0 "," 1,610 "," 1,716 ", -  , -  ," 97,763 ", 100.0 
구산면," 29,726 ","29,726 ","12,742 ", 42.9 , -  , -  ,0 ,0 , -  , -  , -  , -  , 12.0 ," 22,577.0 ","22,577 ","12,635 ", -  ," 12,635.0 ", -  ," 7,149.0 ","7,149 ",107 , -  , -  , -  , 107.0 , 292 , 373 , -  , -  ," 10,957 ", 86.0 
진동면," 78,480 ","78,480 ","46,329 ", 59.0 , -  , -  ,0 ,0 , -  , -  , -  , -  , 6.8 ," 78,139.0 ","78,139 ","45,988 ", -  ," 45,988.0 ", -  , 341.0 ,341 ,341 , -  , 341.0 , -  , -  ," 1,275 "," 1,940 ", -  , -  ," 37,890 ", 81.8 
진전면," 43,396 ","43,396 ","12,287 ", 28.3 , -  , -  ,0 ,0 , -  , -  , -  , -  , 4.3 ," 37,362.0 ","37,362 ","11,087 ", -  ," 11,087.0 ", -  ," 6,034.0 ","6,034 ","1,200 ", -  ," 1,200.0 ", -  , -  , 147 , -  , -  , -  ," 2,981 ", 24.3 
진북면," 9,500 ","9,500 ","6,122 ", 64.4 , -  , -  ,0 ,0 , -  , -  , -  , -  , 7.4 ," 5,500.0 ","5,500 ","3,903 ", -  ," 3,903.0 ", -  ," 4,000.0 ","4,000 ","2,219 ", -  ," 2,219.0 ", -  , -  , 92 , -  , -  , -  , 937 , 15.3 
진해구," 702,313 ","702,313 ","537,948 ", 76.6 , 7.3 ," 215,494.0 ","215,494 ","215,494 "," 21,202.0 "," 90,190.0 "," 12,700.0 "," 91,402.0 ", 7.0 ," 302,018.0 ","302,018 ","209,384 ", -  ," 209,384.0 ", 7.0 ," 184,801.0 ","184,801 ","113,070 "," 20,963.0 "," 92,107.0 ", -  , -  ," 9,725 "," 5,177 ", 509 , -  ," 500,927.0 ", 93.1 
진주시," 1,357,767 ","1,525,595 ","1,433,257 ", 93.9 , -  ," 463,688.0 ","470,306 ","454,164 "," 44,319.0 "," 198,435.0 "," 1,898.0 "," 209,512.0 ", 37.3 ," 577,813.0 ","669,977 ","663,815 "," 11,131.0 "," 652,684.0 ", 37.3 ," 316,266.0 ","385,312 ","315,278 "," 21,534.0 "," 134,912.0 "," 26,840.0 "," 131,992.0 "," 30,792 "," 77,573 ", 90 , 204 ," 965,173.0 ", 67.3 
시가지," 1,145,079 ","1,300,796 ","1,284,654 ", 98.8 ,," 443,676.0 ","443,676 ","427,534 "," 39,592.0 "," 183,079.0 "," 1,739.0 "," 203,124.0 ", 22.0 ," 464,152.0 ","550,823 ","550,823 "," 11,131.0 "," 539,692.0 ", 22.0 ," 237,251.0 ","306,297 ","306,297 "," 20,924.0 "," 126,541.0 "," 26,840.0 "," 131,992.0 "," 26,683 "," 70,462 ", 51 , 110 ," 842,319 ", 65.6 
문산읍," 48,068 ","51,386 ","25,819 ", 50.2 ,," 11,362.0 ","14,680 ","14,680 "," 1,782.0 "," 7,272.0 ",," 5,626.0 ", 2.8 ," 14,792.0 ","14,792 ","11,028 ",," 11,028.0 ", 2.8 ," 21,914.0 ","21,914 ",111 ,, 111.0 ,,, 595 ," 1,442 ", 24 , 35 ," 25,819 ", 100.0 
일반성," 25,537 ","25,537 ","18,207 ", 71.3 ,," 8,650.0 ","8,650 ","8,650 "," 2,945.0 "," 4,784.0 ", 159.0 , 762.0 , 1.1 ," 10,474.0 ","10,474 ","8,890 ",," 8,890.0 ", 1.1 ," 6,413.0 ","6,413 ",667 , 90.0 , 577.0 ,,, 518 , 266 , 11 , 2 ," 13,556 ", 74.5 
대곡면," 34,934 ","34,934 ","21,007 ", 60.1 ,,,0 ,0 ,,,,, 1.6 ," 20,522.0 ","20,522 ","20,522 ",," 20,522.0 ", 1.6 ," 14,412.0 ","14,412 ",485 , 100.0 , 385.0 ,,, 383 , 795 ,, 13 ," 11,809 ", 56.2 
금산면," 58,938 ","64,431 ","41,036 ", 63.7 ,,,0 ,0 ,,,,, 5.1 ," 34,071.0 ","39,564 ","39,564 ",," 39,564.0 ", 5.1 ," 24,867.0 ","24,867 ","1,472 ",," 1,472.0 ",,, 619 ," 1,602 ", 2 , 6 ," 32,886 ", 80.1 
집현면," 7,715 ","11,015 ","8,285 ", 75.2 ,,,"3,300 ","3,300 ",," 3,300.0 ",,, 2.1 ," 5,529.0 ","5,529 ","4,715 ",," 4,715.0 ", 2.1 ," 2,186.0 ","2,186 ",270 ,, 270.0 ,,, 110 , 173 , 1 , 3 ," 6,494 ", 78.4 
명석면," 9,733 ","9,733 ","6,766 ", 69.5 ,,,0 ,0 ,,,,, 0.5 ," 6,128.0 ","6,128 ","6,128 ",," 6,128.0 ", 0.5 ," 3,605.0 ","3,605 ",638 , 100.0 , 538.0 ,,, 179 , 281 , 1 , 6 ," 4,807 ", 71.0 
기타지역," 27,763 ","27,763 ","27,483 ", 99.0 ,,,0 ,0 ,,,,, 2.1 ," 22,145.0 ","22,145 ","22,145 ",," 22,145.0 ", 2.1 ," 5,618.0 ","5,618 ","5,338 ", 320.0 ," 5,018.0 ",,," 1,705 "," 2,552 ",, 29 ," 27,483 ", 100.0 
통영시," 518,989 ","580,205 ","476,348 ", 82.1 , 24.0 ," 285,343.0 ","285,343 ","212,453 "," 43,191.0 "," 59,231.0 "," 9,440.0 "," 100,591.0 ", 13.0 ," 149,773.0 ","204,072 ","184,874 ", 492.0 ," 184,382.1 ", 13.0 ," 83,873.0 ","90,790 ","79,021 "," 9,220.0 "," 56,298.0 "," 4,071.0 "," 9,432.0 "," 6,145 "," 2,477 ", 214 , -  ," 377,226.0 ", 79.2 
시가지," 357,683 ","391,375 ","374,246 ", 95.6 , 9.0 ," 218,292.0 ","218,292 ","212,453 "," 43,191.0 "," 59,231.0 "," 9,440.0 "," 100,591.0 ", 7.0 ," 93,255.0 ","126,947 ","126,947 ", 492.0 ," 126,455.0 ", 7.0 ," 46,136.0 ","46,136 ","34,846 "," 2,303.0 "," 31,118.0 ", -  ," 1,425.0 "," 5,498 "," 1,412 ", 161 , -  ," 311,765 ", 83.3 
산양읍," 23,163 ","25,471 ","12,266 ", 48.2 , 3.0 ," 13,205.0 ","13,205 ",0 , -  , -  , -  , -  , 1.0 ," 9,958.0 ","12,266 ","12,266 ", -  ," 12,266.0 ", 1.0 , -  ,0 ,0 , -  , -  , -  , -  , -  , -  , -  , -  ," 9,548 ", 77.8 
산양읍," 35,777 ","44,925 ","10,052 ", 22.4 , 3.0 ," 34,873.0 ","34,873 ",0 , -  , -  , -  , -  , 2.0 , 904.0 ,"3,135 ","3,135 ", -  ," 3,135.0 ", 2.0 , -  ,"6,917 ","6,917 "," 6,917.0 ", -  , -  , -  , -  , -  , -  , -  ," 7,314 ", 72.8 
광도면," 7,898 ","7,898 ","3,142 ", 39.8 , -  , -  ,0 ,0 , -  , -  , -  , -  , -  ," 7,898.0 ","7,898 ","3,142 ", -  ," 3,142.0 ", -  , -  ,0 ,0 , -  , -  , -  , -  , -  , -  , -  , -  , -  , -  
욕지면," 75,933 ","75,933 ","57,068 ", 75.2 , 6.0 ," 10,563.0 ","10,563 ",0 , -  , -  , -  , -  , 2.0 ," 27,633.0 ","27,633 ","19,810 ", -  ," 19,810.0 ", 2.0 ," 37,737.0 ","37,737 ","37,258 ", -  ," 25,180.0 "," 4,071.0 "," 8,007.0 ", 647 ," 1,065 ", 53 , -  ," 48,599 ", 85.2 
한산면," 13,777 ","13,777 ",0 , 0.0 , 3.0 ," 8,410.0 ","8,410 ",0 , -  , -  , -  , -  , 1.0 ," 5,367.0 ","5,367 ",0 , -  , 0.1 , 1.0 , -  ,0 ,0 , -  , -  , -  , -  , -  , -  , -  , -  , -  , -  
사량면," 3,490 ","3,490 ","2,238 ", 64.1 , -  , -  ,0 ,0 , -  , -  , -  , -  , -  ," 3,490.0 ","3,490 ","2,238 ", -  ," 2,238.0 ", -  , -  ,0 ,0 , -  , -  , -  , -  , -  , -  , -  , -  , -  , -  
도산면," 1,268 ","17,336 ","17,336 ", 100.0 , -  , -  ,0 ,0 , -  , -  , -  , -  , -  ," 1,268.0 ","17,336 ","17,336 ", -  ," 17,336.0 ", -  , -  ,0 ,0 , -  , -  , -  , -  , -  , -  , -  , -  , -  , -  
사천시," 638,208 ","685,160 ","573,970 ", 83.8 , 10.0 ," 198,013.0 ","198,013 ","198,013 "," 22,543.0 "," 83,731.0 "," 2,690.0 "," 89,049.0 ", 26.0 ," 352,785.0 ","397,109 ","323,949 ", 687.0 ," 323,262.0 ", 26.0 ," 87,410.0 ","90,038 ","52,008 "," 6,000.0 "," 46,008.0 ", -  , -  ," 9,781 "," 12,260 ", 487 , -  ," 351,364.0 ", 61.2 
시가지," 295,457 ","328,752 ","328,752 ", 100.0 , 4.0 ," 113,919.0 ","113,919 ","113,919 "," 16,729.0 "," 32,647.0 ", 523.0 ," 64,020.0 ", 6.0 ," 153,990.0 ","186,274 ","186,274 ", 687.0 ," 185,587.0 ", 6.0 ," 27,548.0 ","28,559 ","28,559 "," 4,470.0 "," 24,089.0 ",,," 7,615 "," 8,393 ", 459 ,," 228,518 ", 69.5 
사천읍," 242,907 ","242,907 ","137,567 ", 56.6 , 2.0 ," 54,107.0 ","54,107 ","54,107 "," 5,814.0 "," 21,097.0 "," 2,167.0 "," 25,029.0 ", 7.0 ," 139,738.0 ","139,738 ","66,578 ",," 66,578.0 ", 7.0 ," 49,062.0 ","49,062 ","16,882 "," 1,530.0 "," 15,352.0 ",,," 1,195 "," 1,888 ", 28 ,," 89,084 ", 64.8 
곤양면," 21,281 ","21,281 ","18,661 ", 87.7 , 1.0 ," 6,071.0 ","6,071 ","6,071 ",," 6,071.0 ",,, 4.0 ," 10,184.0 ","10,184 ","10,184 ",," 10,184.0 ", 4.0 ," 5,026.0 ","5,026 ","2,406 ",," 2,406.0 ",,, 246 , 718 ,,," 11,425 ", 61.2 
서포면," 20,132 ","20,132 ","16,902 ", 84.0 , 1.0 ," 8,144.0 ","8,144 ","8,144 ",," 8,144.0 ",,, 4.0 ," 7,258.0 ","7,258 ","7,258 ",," 7,258.0 ", 4.0 ," 4,730.0 ","4,730 ","1,500 ",," 1,500.0 ",,, 165 , 368 ,,," 6,615 ", 39.1 
용현면," 58,431 ","72,088 ","72,088 ", 100.0 , 2.0 ," 15,772.0 ","15,772 ","15,772 ",," 15,772.0 ",,, 5.0 ," 41,615.0 ","53,655 ","53,655 ",," 53,655.0 ", 5.0 ," 1,044.0 ","2,661 ","2,661 ",," 2,661.0 ",,, 560 , 893 ,,," 15,722 ", 21.8 
김해시," 2,362,909 ","2,362,909 ","1,498,894 ", 63.4 , 21.0 ," 49,138.0 ","49,138 ","49,138 "," 5,619.0 "," 13,888.0 "," 7,125.0 "," 22,506.0 ", 94.0 ," 1,161,149.0 ","1,161,149 ","830,016 ", -  ," 830,016.0 ", 196.0 ," 1,152,622.0 ","1,152,622 ","619,740 "," 80,110.0 "," 436,689.0 "," 20,248.0 "," 82,693.0 "," 27,735 "," 53,128 ", 454 , -  ," 1,092,017.0 ", 72.9 
시가지," 1,048,169 ","1,048,169 ","880,764 ", 84.0 , 1.0 ," 49,138.0 ","49,138 ","49,138 "," 5,619.0 "," 13,888.0 "," 7,125.0 "," 22,506.0 ", 47.0 ," 396,594.0 ","396,594 ","378,781 ", -  ," 378,781.0 ", 44.0 ," 602,437.0 ","602,437 ","452,845 "," 80,110.0 "," 283,517.0 "," 11,635.0 "," 77,583.0 "," 15,804 "," 37,391 ", 228 , -  ," 719,138 ", 81.6 
"장유,주촌면"," 424,425 ","424,425 ","200,871 ", 47.3 , -  , -  ,0 ,0 , -  , -  , -  , -  , 20.0 ," 238,483.0 ","238,483 ","118,013 ", -  ," 118,013.0 ", 46.0 ," 185,942.0 ","185,942 ","82,858 ", -  ," 80,536.0 ", 165.0 ," 2,157.0 "," 4,160 "," 7,132 ", 73 , -  ," 134,690 ", 67.1 
진영읍," 203,438 ","203,438 ","118,399 ", 58.2 , -  , -  ,0 ,0 , -  , -  , -  , -  , 7.0 ," 115,096.0 ","115,096 ","77,305 ", -  ," 77,305.0 ", 18.0 ," 88,342.0 ","88,342 ","41,094 ", -  ," 40,095.0 ", 115.0 , 884.0 ," 1,523 "," 2,060 ", 48 , -  ," 100,488 ", 84.9 
진례면," 201,538 ","201,538 ","110,545 ", 54.9 , 10.0 , -  ,0 ,0 , -  , -  , -  , -  , 10.0 ," 128,100.0 ","128,100 ","87,063 ", -  ," 87,063.0 ", 23.0 ," 73,438.0 ","73,438 ","23,482 ", -  ," 16,494.0 "," 6,988.0 ", -  ," 2,133 "," 2,901 ", -  , -  ," 58,401 ", 52.8 
한림면," 171,127 ","171,127 ","38,285 ", 22.4 , 4.0 , -  ,0 ,0 , -  , -  , -  , -  , 4.0 ," 108,291.0 ","108,291 ","33,796 ", -  ," 33,796.0 ", 18.0 ," 62,836.0 ","62,836 ","4,489 ", -  ," 4,489.0 ", - , -  , 623 , 724 , 6 , -  , 527 , 1.4 
생림면," 76,395 ","76,395 ","16,868 ", 22.1 , 1.0 , -  ,0 ,0 , -  , -  , -  , -  , 1.0 ," 46,461.0 ","46,461 ","13,140 ", -  ," 13,140.0 ", 11.0 ," 29,934.0 ","29,934 ","3,728 ", -  ," 3,688.0 ", 40.0 , -  , 86 , 258 , 13 , -  , -  , -  
상동면," 151,845 ","151,845 ","85,741 ", 56.5 , 4.0 , -  ,0 ,0 , -  , -  , -  , -  , 4.0 ," 86,480.0 ","86,480 ","82,452 ", -  ," 82,452.0 ", 24.0 ," 65,365.0 ","65,365 ","3,289 ", -  ," 2,291.0 ", 619.0 , 379.0 ," 1,838 "," 1,285 ", 43 , -  ," 39,252 ", 45.8 
대동면," 85,972 ","85,972 ","47,421 ", 55.2 , 1.0 , -  ,0 ,0 , -  , -  , -  , -  , 1.0 ," 41,644.0 ","41,644 ","39,466 ", -  ," 39,466.0 ", 12.0 ," 44,328.0 ","44,328 ","7,955 ", -  ," 5,579.0 ", 686.0 ," 1,690.0 "," 1,568 "," 1,377 ", 43 , -  ," 39,521 ", 83.3 
밀양시," 655,079 ","685,861 ","534,804 ", 78.0 , 5.3 ," 206,863.0 ","206,863 ","206,863 "," 25,340.0 "," 78,353.0 "," 33,130.0 "," 70,040.0 ", 5.4 ," 237,830.0 ","268,612 ","268,612 ", -  ," 268,612.0 ", 3.9 ," 210,386.0 ","210,386 ","59,329 "," 3,983.0 "," 55,126.0 ", -  , 220.0 ," 4,688 "," 10,050 ", -  , -  ," 456,807.0 ", 85.4 
시가지," 417,394 ","430,461 ","338,327 ", 78.6 , 4.0 ," 137,678.0 ","137,678 ","137,678 "," 19,940.0 "," 61,108.0 "," 20,120.0 "," 36,510.0 ", 3.4 ," 146,017.0 ","159,084 ","159,084 ", -  ," 159,084.0 ", 2.5 ," 133,699.0 ","133,699 ","41,565 "," 3,983.0 "," 37,362.0 ", -  , 220.0 ," 2,987 "," 7,619 ", -  , -  ," 319,510 ", 94.4 
삼랑진읍," 99,444 ","103,036 ","67,840 ", 65.8 , 0.5 ," 23,601.0 ","23,601 ","23,601 "," 1,540.0 "," 7,331.0 "," 4,730.0 "," 10,000.0 ", 0.6 ," 38,917.0 ","42,509 ","42,509 ", -  ," 42,509.0 ", 0.4 ," 36,926.0 ","36,926 ","1,730 ", -  ," 1,730.0 ", -  , -  , 844 ," 1,523 ", -  , -  ," 37,764 ", 55.7 
하남읍," 96,985 ","100,822 ","88,215 ", 87.5 , 0.4 ," 30,980.0 ","30,980 ","30,980 "," 2,720.0 "," 7,230.0 "," 7,760.0 "," 13,270.0 ", 0.8 ," 39,300.0 ","43,137 ","43,137 ", -  ," 43,137.0 ", 0.5 ," 26,705.0 ","26,705 ","14,098 ", -  ," 14,098.0 ", -  , -  , 264 , 398 , -  , -  ," 83,703 ", 94.9 
무안면," 41,256 ","51,542 ","40,422 ", 78.4 , 0.4 ," 14,604.0 ","14,604 ","14,604 "," 1,140.0 "," 2,684.0 ", 520.0 ," 10,260.0 ", 0.6 ," 13,596.0 ","23,882 ","23,882 ", -  ," 23,882.0 ", 0.5 ," 13,056.0 ","13,056 ","1,936 ", -  ," 1,936.0 ", -  , -  , 593 , 510 , -  , -  ," 15,830 ", 39.2 
거제시," 499,544 ","542,405 ","374,719 ", 69.1 , 30.3 ," 90,589.0 ","93,240 ","88,808 "," 9,003.0 "," 18,148.0 "," 7,199.0 "," 54,458.0 ", 39.8 ," 206,315.0 ","245,352 ","240,231 ", 390.0 ," 239,841.0 ", 38.8 ," 202,640.0 ","203,813 ","45,680 "," 6,618.0 "," 32,863.0 ", 50.0 ," 6,149.0 "," 9,351 "," 24,304 ", 188 , -  ," 292,410.0 ", 78.0 
동지역," 363,188 ","367,790 ","250,270 ", 68.0 , 21.2 ," 64,120.0 ","65,025 ","65,025 "," 6,414.0 "," 13,114.0 "," 5,432.0 "," 40,065.0 ", 30.0 ," 149,412.0 ","153,109 ","153,109 ", 390.0 ," 152,719.0 ", 30.0 ," 149,656.0 ","149,656 ","32,136 "," 5,424.0 "," 24,134.0 ", -  ," 2,578.0 "," 6,324 "," 17,524 ", 121 , -  ," 222,412 ", 88.9 
일운면," 20,796 ","22,790 ","17,021 ", 74.7 , 5.7 ," 3,841.0 ","3,841 ","3,696 ", 512.0 , 774.0 , 284.0 ," 2,126.0 ", 1.1 ," 9,414.0 ","11,408 ","11,408 ", -  ," 11,408.0 ", 1.1 ," 7,541.0 ","7,541 ","1,917 ", 251.0 ," 1,124.0 ", 8.0 , 534.0 , 841 ," 1,385 ", 20 , -  ," 9,974 ", 58.6 
동부면," 26,486 ","26,838 ","14,583 ", 54.3 , 0.5 ," 4,134.0 ","4,486 ","4,486 ", 105.0 ," 1,114.0 ", 372.0 ," 2,895.0 ", 1.8 ," 12,411.0 ","12,411 ","7,817 ", -  ," 7,817.0 ", 1.8 ," 9,941.0 ","9,941 ","2,280 ", 198.0 ," 1,651.0 ", 10.0 , 421.0 , 332 , 854 , -  , -  ," 10,041 ", 68.9 
남부면," 19,595 ","19,983 ","13,728 ", 68.7 , 0.7 ," 2,641.0 ","3,029 ","3,029 ", 362.0 , 481.0 , 221.0 ," 1,965.0 ", 1.3 ," 9,541.0 ","9,541 ","9,014 ", -  ," 9,014.0 ", 1.3 ," 7,413.0 ","7,413 ","1,685 ", 148.0 ," 1,211.0 ", 6.0 , 320.0 , 251 , 661 , -  , -  ," 8,941 ", 65.1 
거제면," 20,436 ","24,731 ","17,963 ", 72.6 , 0.5 ," 3,612.0 ","3,848 ","3,848 ", 512.0 , 814.0 , 274.0 ," 2,248.0 ", 1.5 ," 8,412.0 ","12,471 ","12,471 ", -  ," 12,471.0 ", 1.5 ," 8,412.0 ","8,412 ","1,644 ", 194.0 ," 1,001.0 ", 7.0 , 442.0 , 402 ," 1,491 ", 11 , -  ," 8,214 ", 45.7 
둔덕면," 17,726 ","18,596 ","12,591 ", 67.7 , 0.6 ," 4,314.0 ","4,314 ","3,052 ", 418.0 , 662.0 , 214.0 ," 1,758.0 ", 1.1 ," 6,871.0 ","7,741 ","7,741 ", -  ," 7,741.0 ", 1.1 ," 6,541.0 ","6,541 ","1,798 ", 131.0 ," 1,312.0 ", 5.0 , 350.0 , 209 , 511 , -  , -  ," 9,941 ", 79.0 
사등면," 6,078 ","7,447 ","4,669 ", 62.7 , 0.4 , 124.0 ,894 ,894 , 124.0 , 184.0 , 54.0 , 532.0 , 0.3 ," 2,413.0 ","3,012 ","3,012 ", -  ," 3,012.0 ", 0.3 ," 3,541.0 ","3,541 ",763 , 79.0 , 524.0 , 3.0 , 157.0 , 92 , 141 , -  , -  ," 2,951 ", 63.2 
연초면," 10,398 ","18,672 ","15,015 ", 80.4 , 0.1 ," 2,147.0 ","2,147 ","1,564 ", 112.0 , 364.0 , 104.0 , 984.0 , 0.7 ," 4,127.0 ","12,401 ","12,401 ", -  ," 12,401.0 ", 0.7 ," 4,124.0 ","4,124 ","1,050 ", 51.0 , 423.0 , 5.0 , 571.0 , 324 , 924 , 26 , -  ," 3,971 ", 26.4 
하청면," 1,642 ","14,829 ","13,952 ", 94.1 , 0.2 ," 1,642.0 ","1,642 ",765 , 105.0 , 149.0 , 60.0 , 451.0 , 1.0 , -  ,"12,014 ","12,014 ", -  ," 12,014.0 ", -  , -  ,"1,173 ","1,173 ", -  , 721.0 , -  , 452.0 , 335 , 421 , -  , -  ," 8,841 ", 63.4 
장목면," 13,199 ","20,729 ","14,927 ", 72.0 , 0.4 ," 4,014.0 ","4,014 ","2,449 ", 339.0 , 492.0 , 184.0 ," 1,434.0 ", 1.0 ," 3,714.0 ","11,244 ","11,244 ", -  ," 11,244.0 ", 1.0 ," 5,471.0 ","5,471 ","1,234 ", 142.0 , 762.0 , 6.0 , 324.0 , 241 , 392 , 10 , -  ," 7,124 ", 47.7 
양산시," 234,483 ","944,313 ","887,292 ", 94.0 , 9.5 , -  ,"131,496 ","131,496 "," 17,239.0 "," 59,356.0 "," 9,097.0 "," 45,804.0 ", 61.3 ," 52,124.0 ","370,329 ","370,329 ", -  ," 370,329.0 ", 61.3 ," 182,359.0 ","442,488 ","385,467 "," 55,143.0 "," 238,641.0 "," 1,732.0 "," 89,951.0 ", -  ," 1,302 ", 73 , 71 ," 612,749.5 ", 69.1 
양산시가지," 41,499 ","305,164 ","305,164 ", 100.0 , 1.4 ,,"70,558 ","70,558 "," 10,592.0 "," 25,830.0 "," 5,310.0 "," 28,826.0 ", 13.7 ," 10,927.0 ","114,951 ","114,951 ",," 114,951.0 ", 13.7 ," 30,572.0 ","119,655 ","119,655 "," 13,515.0 "," 68,898.0 ", -  ," 37,242.0 ",, 108 , 13 , 13 ," 254,712 ", 83.5 
웅상시가지," 53,604 ","132,478 ","98,238 ", 74.2 , 1.1 ,,"12,573 ","12,573 "," 1,015.0 "," 10,253.0 ", -  ," 1,305.0 ", 16.3 ," 6,436.0 ","72,737 ","72,737 ",," 72,737.0 ", 16.3 ," 47,168.0 ","47,168 ","12,928 "," 1,220.0 "," 4,062.0 ", 7.0 ," 7,639.0 ",, -  , 29 , 38 ," 98,238 ", 100.0 
물금읍, 365 ,"153,749 ","153,749 ", 100.0 , 2.0 ,,"16,874 ","16,874 "," 2,438.0 "," 6,354.0 "," 1,859.0 "," 6,223.0 ", 10.5 , 365.0 ,"16,995 ","16,995 ",," 16,995.0 ", 10.5 , -  ,"119,880 ","119,880 "," 29,448.0 "," 86,073.0 ", 448.0 ," 3,911.0 ",, -  , 5 , 10 ," 44,179 ", 28.7 
동면," 40,606 ","71,184 ","71,184 ", 100.0 , 0.2 ,,"5,637 ","5,637 ", 705.0 ," 2,063.0 ", 681.0 ," 2,188.0 ", 5.4 ," 4,885.0 ","5,742 ","5,742 ",," 5,742.0 ", 5.4 ," 35,721.0 ","59,805 ","59,805 "," 7,351.0 "," 40,826.0 ", 412.0 ," 11,216.0 ",, 137 ,, 2 ," 14,567 ", 20.5 
원동면," 16,289 ","61,132 ","61,132 ", 100.0 , -  ,,"1,079 ","1,079 ", 78.0 , 650.0 , 40.0 , 311.0 , 4.0 ," 16,289.0 ","57,734 ","57,734 ",," 57,734.0 ", 4.0 , -  ,"2,319 ","2,319 ", 380.0 , 124.0 ,," 1,815.0 ",, 457 ,,," 59,863 ", 97.9 
상북면," 79,747 ","148,767 ","125,986 ", 84.7 , 4.6 ,,"19,093 ","19,093 "," 1,723.0 "," 11,250.0 ", 885.0 ," 5,235.0 ", 7.4 ," 12,485.0 ","62,412 ","62,412 ",," 62,412.0 ", 7.4 ," 67,262.0 ","67,262 ","44,481 "," 2,059.0 "," 24,443.0 ", 111.0 ," 17,868.0 ",, 114 , 26 , 2 ," 89,297 ", 70.9 
하북면," 2,373 ","71,839 ","71,839 ", 100.0 , 0.3 ,,"5,682 ","5,682 ", 688.0 ," 2,956.0 ", 322.0 ," 1,716.0 ", 4.0 , 737.0 ,"39,758 ","39,758 ",," 39,758.0 ", 4.0 ," 1,636.0 ","26,399 ","26,399 "," 1,170.0 "," 14,215.0 ", 754.0 ," 10,260.0 ",, 486 ,, 6 ," 51,894 ", 72.2 
군부," 4,019,586 ","4,191,593 ","3,441,218 ", 82.1 , 933.3 ," 452,996.0 ","458,224 ","371,311 "," 55,790.6 "," 113,620.0 "," 35,932.3 "," 165,967.8 ", 524.8 ," 2,719,678.5 ","2,789,115 ","2,230,020 "," 9,101.0 "," 2,220,919.1 "," 1,320.2 "," 846,911.9 ","944,254 ","839,887 "," 81,837.6 "," 503,872.9 "," 80,926.4 "," 173,250.4 "," 51,214 "," 55,720 ", 74 , 425 ," 2,512,699.7 ", 73.0 
의령군," 279,444 ","290,170 ","255,603 ", 88.1 , 2.0 ," 47,725.0 ","47,725 ","47,725 "," 12,934.0 "," 14,414.0 ", -  ," 20,377.0 ", 10.4 ," 195,710.0 ","206,436 ","187,783 ", -  ," 187,783.0 ", 3.7 ," 36,009.0 ","36,009 ","20,095 ", 200.0 ," 15,339.0 "," 4,556.0 ", -  ," 2,757 "," 6,189 ", 11 , 11 ," 193,466.0 ", 75.7 
의령읍," 111,741 ","112,864 ","109,716 ", 97.2 , 1.0 ," 26,104.0 ","26,104 ","26,104 "," 9,528.0 "," 4,495.0 ",," 12,081.0 ", 3.9 ," 67,758.0 ","68,881 ","68,881 ",," 68,881.0 ", 2.4 ," 17,879.0 ","17,879 ","14,731 ", 200.0 ," 10,740.0 "," 3,791.0 ",, 989 ," 3,011 ", 7 , 7 ," 87,506 ", 79.8 
가례면," 18,562 ","21,824 ","21,824 ", 100.0 , -  ,,0 ,0 ,,,,, 0.5 ," 18,562.0 ","21,824 ","21,824 ",," 21,824.0 ",,,0 ,0 ,,,,, 273 , 499 ,,," 18,562 ", 85.1 
칠곡면," 20,793 ","20,941 ","20,941 ", 100.0 , -  ,,0 ,0 ,,,,, 0.5 ," 20,793.0 ","20,941 ","20,941 ",," 20,941.0 ",,,0 ,0 ,,,,, 341 , 479 ,,," 20,793 ", 99.3 
대의면," 5,400 ","5,400 ","5,400 ", 100.0 , -  ,,0 ,0 ,,,,, 1.4 ," 5,400.0 ","5,400 ","5,400 ",," 5,400.0 ",,,0 ,0 ,,,,, 101 , 151 ,,," 5,400 ", 100.0 
화정면," 4,800 ","4,800 ","1,468 ", 30.6 , -  ,,0 ,0 ,,,,, 0.2 ," 4,800.0 ","4,800 ","1,468 ",," 1,468.0 ",,,0 ,0 ,,,,, 30 , 97 ,,," 1,468 ", 100.0 
용덕면," 6,100 ","6,100 ","1,211 ", 19.9 , -  ,,0 ,0 ,,,,, 0.2 ," 6,100.0 ","6,100 ","1,211 ",," 1,211.0 ",,,0 ,0 ,,,,, 24 , 71 ,,," 1,211 ", 100.0 
정곡면," 6,750 ","6,750 ","6,750 ", 100.0 , -  ,,0 ,0 ,,,,, 0.1 ," 6,750.0 ","6,750 ","6,750 ",," 6,750.0 ",,,0 ,0 ,,,,, 98 , 229 ,,," 6,750 ", 100.0 
지정면," 3,300 ","5,157 ","5,157 ", 100.0 , -  ,,0 ,0 ,,,,, 0.1 ," 3,300.0 ","5,157 ","5,157 ",," 5,157.0 ",,,0 ,0 ,,,,, 13 , 54 ,,, 617 , 12.0 
낙서면," 7,900 ","7,900 ","6,131 ", 77.6 , -  ,,0 ,0 ,,,,, 0.3 ," 7,900.0 ","7,900 ","6,131 ",," 6,131.0 ",,,0 ,0 ,,,,, 21 , 68 ,,," 1,000 ", 16.3 
부림면," 65,670 ","65,670 ","52,904 ", 80.6 , 1.0 ," 21,621.0 ","21,621 ","21,621 "," 3,406.0 "," 9,919.0 ",," 8,296.0 ", 1.8 ," 25,919.0 ","25,919 ","25,919 ",," 25,919.0 ", 1.3 ," 18,130.0 ","18,130 ","5,364 ",," 4,599.0 ", 765.0 ,, 345 , 826 , 4 , 4 ," 30,394 ", 57.5 
봉수면," 9,928 ","14,264 ","14,264 ", 100.0 , -  ,,0 ,0 ,,,,, 0.7 ," 9,928.0 ","14,264 ","14,264 ",," 14,264.0 ",,,0 ,0 ,,,,, 293 , 549 ,,," 9,928 ", 69.6 
궁류면," 10,600 ","10,600 ","6,393 ", 60.3 , -  ,,0 ,0 ,,,,, 0.1 ," 10,600.0 ","10,600 ","6,393 ",," 6,393.0 ",,,0 ,0 ,,,,, 161 , 55 ,,," 6,393 ", 100.0 
유곡면," 7,900 ","7,900 ","3,444 ", 43.6 , -  ,,0 ,0 ,,,,, 0.6 ," 7,900.0 ","7,900 ","3,444 ",," 3,444.0 ",,,0 ,0 ,,,,, 68 , 100 ,,," 3,444 ", 100.0 
함안군," 380,185 ","406,976 ","357,356 ", 87.8 , -  , 652.0 ,652 ,652 , 99.0 , 533.0 , -  , 20.0 , 8.0 ," 223,494.0 ","243,668 ","217,614 ", -  ," 217,614.0 ", -  ," 156,039.0 ","162,656 ","139,090 "," 20,895.0 "," 70,677.0 "," 25,165.0 "," 22,353.0 "," 5,480 "," 8,302 ", 23 , 172 ," 357,356.0 ", 100.0 
가야읍," 81,241 ","85,173 ","85,173 ", 100.0 ,, 652.0 ,652 ,652 , 99.0 , 533.0 , -  , 20.0 , 2.8 ," 38,642.0 ","40,776 ","40,776 ", -  ," 40,776.0 ",," 41,947.0 ","43,745 ","43,745 "," 10,534.0 "," 25,405.0 "," 3,512.0 "," 4,294.0 "," 1,645 "," 3,360 ", 11 , 20 ," 85,173 ", 100.0 
칠원읍," 99,930 ","105,512 ","81,946 ", 77.7 ,,,0 ,0 , -  , -  , -  , -  , 1.1 ," 58,692.0 ","64,274 ","64,274 ", -  ," 64,274.0 ",," 41,238.0 ","41,238 ","17,672 "," 2,589.0 "," 7,391.0 "," 7,246.0 ", 446.0 , 23 , -  ,, 47 ," 81,946 ", 100.0 
함안면," 22,574 ","29,713 ","29,713 ", 100.0 ,,,0 ,0 , -  , -  , -  , -  , 0.6 ," 10,961.0 ","17,274 ","17,274 ", -  ," 17,274.0 ",," 11,613.0 ","12,439 ","12,439 "," 2,957.0 "," 7,405.0 ", 901.0 ," 1,176.0 ", 962 ," 1,021 ",, 12 ," 29,713 ", 100.0 
군북면," 44,718 ","46,054 ","45,965 ", 99.8 ,,,0 ,0 , -  , -  , -  , -  , 0.9 ," 25,928.0 ","25,928 ","25,839 ", -  ," 25,839.0 ",," 18,790.0 ","20,126 ","20,126 ", 802.0 ," 10,895.0 "," 2,929.0 "," 5,500.0 ", 495 , 747 ,, 17 ," 45,965 ", 100.0 
법수면," 27,305 ","27,827 ","15,615 ", 56.1 ,,,0 ,0 , -  , -  , -  , -  , 0.3 ," 19,963.0 ","19,963 ","7,751 ", -  ," 7,751.0 ",," 7,342.0 ","7,864 ","7,864 ", 701.0 ," 4,229.0 "," 1,654.0 "," 1,280.0 ", 404 , 689 ,, 18 ," 15,615 ", 100.0 
대산면," 27,036 ","32,361 ","32,361 ", 100.0 ,,,0 ,0 , -  , -  , -  , -  , 0.7 ," 14,018.0 ","18,417 ","18,417 ", -  ," 18,417.0 ",," 13,018.0 ","13,944 ","13,944 ", 564.0 ," 5,388.0 "," 4,059.0 "," 3,933.0 ", 257 , 435 ,, 14 ," 32,361 ", 100.0 
칠서면," 46,731 ","47,345 ","45,436 ", 96.0 ,,,0 ,0 , -  , -  , -  , -  , 0.9 ," 33,004.0 ","33,004 ","31,095 ", -  ," 31,095.0 ",," 13,727.0 ","14,341 ","14,341 "," 1,301.0 "," 4,849.0 "," 3,742.0 "," 4,449.0 ", 401 , 683 , 12 , 20 ," 45,436 ", 100.0 
칠북면," 7,454 ","7,540 ","2,163 ", 28.7 ,,,0 ,0 , -  , -  , -  , -  , 0.1 ," 6,242.0 ","6,242 ",865 , -  , 865.0 ,," 1,212.0 ","1,298 ","1,298 ", 46.0 , 741.0 , -  , 511.0 ," 1,016 "," 1,051 ",, 5 ," 2,163 ", 100.0 
산인면," 19,601 ","19,984 ","13,517 ", 67.6 ,,,0 ,0 , -  , -  , -  , -  , 0.4 ," 14,215.0 ","14,215 ","7,748 ", -  ," 7,748.0 ",," 5,386.0 ","5,769 ","5,769 ", 996.0 ," 3,504.0 ", 505.0 , 764.0 , 210 , 259 ,, 13 ," 13,517 ", 100.0 
여항면," 3,595 ","5,467 ","5,467 ", 100.0 ,,,0 ,0 , -  , -  , -  , -  , 0.1 ," 1,829.0 ","3,575 ","3,575 ", -  ," 3,575.0 ",," 1,766.0 ","1,892 ","1,892 ", 405.0 , 870.0 , 617.0 , -  , 67 , 57 ,, 6 ," 5,467 ", 100.0 
창녕군," 287,070 ","287,070 ","263,379 ", 91.7 , 14.0 ," 98,454.0 ","98,454 ","98,454 "," 7,894.0 "," 32,723.0 "," 17,331.0 "," 40,506.0 ", 40.3 ," 143,434.0 ","143,434 ","126,006 ", -  ," 126,006.0 ", 40.0 ," 45,182.0 ","45,182 ","38,919 ", 246.0 ," 29,464.0 ", 716.0 ," 8,493.0 "," 1,942 ", -  , 12 , -  ," 253,869.0 ", 96.4 
창녕읍," 98,162 ","98,162 ","81,544 ", 83.1 , 6.0 ," 35,131.0 ","35,131 ","35,131 "," 2,509.0 "," 10,000.0 "," 1,780.0 "," 20,842.0 ", 14.0 ," 47,086.0 ","47,086 ","36,426 ",," 36,426.0 ", 14.0 ," 15,945.0 ","15,945 ","9,987 ", 246.0 ," 7,879.0 ", 76.0 ," 1,786.0 ", 671 ,, 4 ,," 81,544 ", 100.0 
남지읍," 77,101 ","77,101 ","71,016 ", 92.1 , 2.0 ," 28,041.0 ","28,041 ","28,041 "," 1,854.0 "," 13,832.0 ", 197.0 ," 12,158.0 ", 8.0 ," 38,574.0 ","38,574 ","32,794 ",," 32,794.0 ", 8.0 ," 10,486.0 ","10,486 ","10,181 ", -  ," 10,181.0 ", -  , -  , 593 ,, 4 ,," 68,213 ", 96.1 
영산면," 46,673 ","46,673 ","46,198 ", 99.0 , 4.0 ," 24,414.0 ","24,414 ","24,414 "," 2,606.0 "," 4,940.0 "," 15,111.0 "," 1,757.0 ", 9.0 ," 20,542.0 ","20,542 ","20,067 ",," 20,067.0 ", 9.0 ," 1,717.0 ","1,717 ","1,717 ", -  , 637.0 , -  ," 1,080.0 ", 181 ,, -  ,," 46,198 ", 100.0 
부곡면," 53,798 ","53,798 ","53,285 ", 99.0 , 2.0 ," 10,868.0 ","10,868 ","10,868 ", 925.0 ," 3,951.0 ", 243.0 ," 5,749.0 ", 9.0 ," 25,896.0 ","25,896 ","25,383 ",," 25,383.0 ", 9.0 ," 17,034.0 ","17,034 ","17,034 ", -  ," 10,767.0 ", 640.0 ," 5,627.0 ", 224 ,, 4 ,," 46,578 ", 87.4 
계성면," 11,336 ","11,336 ","11,336 ", 100.0 , -  , -  ,0 ,0 , -  , -  , -  , -  , 0.3 ," 11,336.0 ","11,336 ","11,336 ", -  ," 11,336.0 ", -  , -  ,0 ,0 , -  , -  , -  , -  , 273 ,, -  , -  ," 11,336 ", 100.0 
고성군," 230,096 ","238,170 ","207,118 ", 87.0 , -  , -  ,"5,048 ","5,048 ", 591.2 ," 3,385.1 ", -  ," 1,071.4 ", 8.3 ," 136,828.2 ","136,828 ","105,839 ", -  ," 105,839.2 ", 3.9 ," 93,267.5 ","96,294 ","96,231 "," 9,008.1 "," 65,193.9 ", -  ," 22,029.1 "," 4,361 "," 2,897 ", -  , -  ," 198,229.8 ", 95.7 
고성읍," 150,024 ","157,549 ","139,773 ", 88.7 ,,,"4,498 ","4,498 ", 591.2 ," 3,111.8 ", -  , 795.3 , 5.8 ," 89,134.2 ","89,134 ","71,358 ", -  ," 71,358.2 ", 3.3 ," 60,890.2 ","63,916 ","63,916 "," 5,858.4 "," 44,744.8 ", -  ," 13,313.2 "," 2,768 "," 2,350 ", -  , -  ," 130,885 ", 93.6 
회화면," 38,115 ","38,664 ","32,473 ", 84.0 ,,,549 ,549 , -  , 273.3 , -  , 276.1 , 1.1 ," 20,221.3 ","20,221 ","14,092 ", -  ," 14,092.3 ", 0.7 ," 17,893.7 ","17,894 ","17,831 "," 2,244.1 "," 11,931.0 ", -  ," 3,656.0 ", 777 , 405 , -  , -  ," 32,473 ", 100.0 
거류면," 41,956 ","41,956 ","34,872 ", 83.1 ,,,0 ,0 , -  , -  , -  , -  , 1.4 ," 27,472.7 ","27,473 ","20,389 ",," 20,388.7 ", -  ," 14,483.6 ","14,484 ","14,484 ", 905.6 ," 8,518.1 ", -  ," 5,059.9 ", 816 , 142 , -  , -  ," 34,872 ", 100.0 
남해군," 625,083 ","710,851 ","499,387 ", 70.3 , 36.8 ," 120,828.0 ","120,828 ","35,401 "," 2,243.9 "," 15,390.1 ", 817.4 ," 16,949.4 ", 357.6 ," 415,629.0 ","416,265 ","290,227 ", -  ," 290,227.2 ", 357.6 ," 88,626.0 ","173,759 ","173,759 "," 14,066.5 "," 109,286.6 "," 2,941.4 "," 47,464.3 "," 7,740 "," 14,801 ", 1 , 43 ," 143,462.0 ", 28.7 
남해읍," 207,538 ","216,007 ","165,948 ", 76.8 , 1.7 ," 29,598.0 ","29,598 ",0 , -  , -  , -  , -  , 24.2 ," 114,038.0 ","114,038 ","93,577 ", -  ," 93,576.7 ", 24.2 ," 63,902.0 ","72,371 ","72,371 "," 4,747.3 "," 51,741.9 ", 506.8 ," 15,375.0 "," 2,314 "," 5,972 ", 1 , 35 ," 143,462 ", 86.5 
이동면," 78,098 ","91,026 ","62,366 ", 68.5 , 6.2 ," 12,436.0 ","12,436 ","4,828 ", -  ," 2,461.6 ", 179.0 ," 2,187.8 ", 47.6 ," 59,858.0 ","59,858 ","38,805 ", -  ," 38,804.7 ", 47.6 ," 5,804.0 ","18,732 ","18,732 "," 1,471.6 "," 11,657.6 ", 150.9 ," 5,452.3 "," 1,109 "," 1,545 ", -  , 2 , -  , -  
상주면," 30,033 ","33,966 ","25,537 ", 75.2 , -  , 913.0 ,913 ,0 , -  , -  , -  , -  , 20.8 ," 23,385.0 ","23,385 ","15,870 ", -  ," 15,869.6 ", 20.8 ," 5,735.0 ","9,668 ","9,668 ", 104.4 ," 7,587.0 ", 664.5 ," 1,311.8 ", 411 , 753 , -  , 6 , -  , -  
삼동면," 43,675 ","52,233 ","42,349 ", 81.1 , 5.4 ," 6,751.0 ","6,751 ","5,130 ", 649.7 ," 1,619.4 ", 78.0 ," 2,782.6 ", 51.2 ," 32,350.0 ","32,350 ","24,087 ", -  ," 24,087.0 ", 51.2 ," 4,574.0 ","13,132 ","13,132 "," 1,438.3 "," 6,976.4 ", 317.5 ," 4,399.7 ", 606 ," 1,448 ", -  , -  , -  , -  
미조면," 38,443 ","44,302 ","19,865 ", 44.8 , 2.4 ," 9,998.0 ","9,998 ","1,902 ", 264.8 ," 1,403.4 ", -  , 234.1 , 18.7 ," 27,510.0 ","27,510 ","11,169 ", -  ," 11,169.4 ", 18.7 , 935.0 ,"6,794 ","6,794 ", 653.1 ," 3,979.5 ", 43.7 ," 2,117.2 ", 304 , 408 , -  , -  , -  , -  
남면," 65,856 ","74,481 ","40,007 ", 53.7 , 4.6 ," 9,651.0 ","9,651 ","3,689 ", 365.3 ," 1,267.0 ", 129.4 ," 1,927.2 ", 43.5 ," 53,478.0 ","53,478 ","24,966 ", -  ," 24,966.4 ", 43.5 ," 2,727.0 ","11,352 ","11,352 "," 1,275.2 "," 6,323.1 ", 129.4 ," 3,624.4 ", 813 ," 1,140 ", -  , -  , -  , -  
서면," 29,692 ","35,287 ","19,712 ", 55.9 , 4.3 ," 10,165.0 ","10,165 ","5,157 ", 150.0 ," 1,875.8 ", 123.3 ," 3,007.6 ", 45.0 ," 19,382.0 ","19,382 ","8,815 ", -  ," 8,814.6 ", 45.0 , 145.0 ,"5,740 ","5,740 ", 303.6 ," 2,066.4 ", -  ," 3,370.2 ", 250 , 453 , -  , -  , -  , -  
고현면," 50,559 ","64,798 ","45,175 ", 69.7 , 4.8 ," 17,905.0 ","17,905 ","3,862 ", 42.0 ," 2,535.7 ", -  ," 1,284.3 ", 27.2 ," 32,169.0 ","32,169 ","26,589 ", -  ," 26,588.5 ", 27.2 , 485.0 ,"14,724 ","14,724 "," 1,130.4 "," 8,833.6 ", 233.5 ," 4,526.7 ", 801 , 842 , -  , -  , -  , -  
설천면," 33,960 ","38,984 ","34,966 ", 89.7 , 2.5 ," 7,779.0 ","7,779 ","3,761 ", 602.6 ," 1,324.8 ", -  ," 1,833.5 ", 24.9 ," 23,505.0 ","24,141 ","24,141 ", -  ," 24,140.5 ", 24.9 ," 2,676.0 ","7,065 ","7,065 "," 1,241.9 "," 3,560.0 ", 54.0 ," 2,208.8 ", 493 , 856 , -  , -  , -  , -  
창선면," 47,229 ","59,767 ","43,463 ", 72.7 , 4.9 ," 15,632.0 ","15,632 ","7,072 ", 169.5 ," 2,902.4 ", 307.7 ," 3,692.3 ", 54.4 ," 29,954.0 ","29,954 ","22,210 ", -  ," 22,209.8 ", 54.4 ," 1,643.0 ","14,181 ","14,181 "," 1,700.7 "," 6,561.1 ", 841.1 ," 5,078.2 ", 639 ," 1,384 ", -  , -  , -  , -  
하동군," 447,321 ","447,721 ","346,961 ", 77.5 , -  ," 33,931.0 ","33,931 ","33,931 "," 3,747.0 "," 6,199.0 "," 1,023.0 "," 22,962.0 ", 0.3 ," 408,301.0 ","408,701 ","307,941 ", -  ," 307,941.0 ", -  ," 5,089.0 ","5,089 ","5,089 "," 4,713.0 ", 376.0 , -  , -  ," 1,727 "," 6,216 ", 6 , -  ," 121,273.0 ", 35.0 
하동읍," 120,350 ","120,350 ","80,504 ", 66.9 , -  ," 33,931.0 ","33,931 ","33,931 "," 3,747.0 "," 6,199.0 "," 1,023.0 "," 22,962.0 ", 0.2 ," 81,706.0 ","81,706 ","41,860 ", -  ," 41,860.0 ", -  ," 4,713.0 ","4,713 ","4,713 "," 4,713.0 ", -  , -  , -  , 478 ," 1,784 ", 6 , -  ," 60,068 ", 74.6 
화개면," 35,089 ","35,289 ","35,289 ", 100.0 , -  , -  ,0 ,0 , -  , -  , -  , -  , 0.0 ," 34,767.0 ","34,967 ","34,967 ", -  ," 34,967.0 ", -  , 322.0 ,322 ,322 , -  , 322.0 , -  , -  , 35 , 242 , -  , -  ," 5,565 ", 15.8 
악양면," 50,314 ","50,314 ","24,744 ", 49.2 , -  , -  ,0 ,0 , -  , -  , -  , -  , -  ," 50,260.0 ","50,260 ","24,690 ", -  ," 24,690.0 ", -  , 54.0 ,54 ,54 , -  , 54.0 , -  , -  , 52 , 193 , -  , -  ," 9,420 ", 38.1 
적량면," 3,504 ","3,504 ","3,504 ", 100.0 , -  , -  ,0 ,0 , -  , -  , -  , -  , -  ," 3,504.0 ","3,504 ","3,504 ", -  ," 3,504.0 ", -  , -  ,0 ,0 , -  , -  , -  , -  , 6 , 81 , -  , -  ," 3,504 ", 100.0 
횡천면," 25,544 ","25,544 ","25,544 ", 100.0 , -  , -  ,0 ,0 , -  , -  , -  , -  , -  ," 25,544.0 ","25,544 ","25,544 ", -  ," 25,544.0 ", -  , -  ,0 ,0 , -  , -  , -  , -  , 45 , 79 , -  , -  ," 6,111 ", 23.9 
고전면," 15,160 ","15,160 ","10,361 ", 68.3 , -  , -  ,0 ,0 , -  , -  , -  , -  , -  ," 15,160.0 ","15,160 ","10,361 ", -  ," 10,361.0 ", -  , -  ,0 ,0 , -  , -  , -  , -  , 10 , 39 , -  , -  ," 1,427 ", 13.8 
금남면," 48,840 ","48,840 ","48,840 ", 100.0 , -  , -  ,0 ,0 , -  , -  , -  , -  , 0.0 ," 48,840.0 ","48,840 ","48,840 ", -  ," 48,840.0 ", -  , -  ,0 ,0 , -  , -  , -  , -  , 133 , 344 , -  , -  ," 3,241 ", 6.6 
금성면," 30,000 ","30,000 ","5,967 ", 19.9 , -  , -  ,0 ,0 , -  , -  , -  , -  , -  ," 30,000.0 ","30,000 ","5,967 ", -  ," 5,967.0 ", -  , -  ,0 ,0 , -  , ` , -  , -  , 20 , 121 , -  , -  ," 1,500 ", 25.1 
진교면," 32,456 ","32,456 ","32,456 ", 100.0 , -  , -  ,0 ,0 , -  , -  , -  , -  , 0.0 ," 32,456.0 ","32,456 ","32,456 ", -  ," 32,456.0 ", -  , -  ,0 ,0 , -  , -  , -  , -  , 196 , 458 , -  , -  ," 12,003 ", 37.0 
양보면," 7,058 ","7,058 ","7,058 ", 100.0 , -  , -  ,0 ,0 , -  , -  , -  , -  , -  ," 7,058.0 ","7,058 ","7,058 ", -  ," 7,058.0 ", -  , -  ,0 ,0 , -  , -  , -  , -  , 26 , 150 , -  , -  ," 7,058 ", 100.0 
북천면," 19,211 ","19,411 ","19,411 ", 100.0 , -  , -  ,0 ,0 , -  , -  , -  , -  , -  ," 19,211.0 ","19,411 ","19,411 ", -  ," 19,411.0 ", -  , -  ,0 ,0 , -  , -  , -  , -  , 33 , 159 , -  , -  ," 4,257 ", 21.9 
청암면," 23,097 ","23,097 ","23,097 ", 100.0 , -  , -  ,0 ,0 , -  , -  , -  , -  , -  ," 23,097.0 ","23,097 ","23,097 ", -  ," 23,097.0 ", -  , -  ,0 ,0 , -  , -  , -  , -  , 130 , 314 , -  , -  ," 2,076 ", 9.0 
옥종면," 36,698 ","36,698 ","30,186 ", 82.3 , -  , -  ,0 ,0 , -  , -  , -  , -  , -  ," 36,698.0 ","36,698 ","30,186 ", -  ," 30,186.0 ", -  , -  ,0 ,0 , -  , -  , -  , -  , 563 ," 2,252 ", -  , -  ," 5,043 ", 16.7 
산청군," 430,015 ","430,015 ","348,267 ", 81.0 , -  , -  ,0 ,0 , -  , -  , -  , -  , 21.2 ," 385,484.0 ","385,484 ","332,534 ", -  ," 332,533.7 ", 794.9 ," 44,531.0 ","44,531 ","15,733 "," 1,720.0 "," 12,005.0 ", -  ," 2,008.0 "," 2,676 "," 7,093 ", -  , -  ," 348,267.0 ", 100.0 
산청읍," 84,305 ","84,305 ","76,650 ", 90.9 ,,,0 ,0 ,,,,, 2.3 ," 69,105.0 ","69,105 ","66,099 ",," 66,098.7 ", 68.9 ," 15,200.0 ","15,200 ","10,551 "," 1,612.0 "," 7,222.0 ", -  ," 1,717.0 ", 581 ," 1,400 ",,," 76,650 ", 100.0 
차황면," 32,532 ","32,532 ","11,652 ", 35.8 ,,,0 ,0 ,,,,, 1.2 ," 29,090.0 ","29,090 ","11,652 ",," 11,652.0 ", 48.8 ," 3,442.0 ","3,442 ",0 , -  ,, -  , -  , 83 , 288 ,,," 11,652 ", 100.0 
오부면," 17,567 ","17,567 ","8,867 ", 50.5 ,,,0 ,0 ,,,,, 1.0 ," 15,389.0 ","15,389 ","8,867 ",," 8,867.0 ", 35.1 ," 2,178.0 ","2,178 ",0 , -  ,, -  , -  , 221 , 234 ,,," 8,867 ", 100.0 
생초면," 25,312 ","25,312 ","23,440 ", 92.6 ,,,0 ,0 ,,,,, 1.2 ," 23,198.0 ","23,198 ","22,986 ",," 22,986.0 ", 53.0 ," 2,114.0 ","2,114 ",454 , -  , 454.0 , -  ,, 155 , 772 ,,," 23,440 ", 100.0 
금서면," 36,120 ","36,120 ","36,120 ", 100.0 ,,,0 ,0 ,,,,, 2.7 ," 35,790.0 ","35,790 ","35,790 ",," 35,790.0 ", 76.3 , 330.0 ,330 ,330 , 108.0 , 222.0 , -  ,, 384 , 502 ,,," 36,120 ", 100.0 
삼장면," 25,697 ","25,697 ","18,798 ", 73.2 ,,,0 ,0 ,,,,, 1.9 ," 22,666.0 ","22,666 ","18,388 ",," 18,388.0 ", 103.3 ," 3,031.0 ","3,031 ",410 , -  , 410.0 , -  ,, 198 , 298 ,,," 18,798 ", 100.0 
시천면," 53,230 ","53,230 ","41,714 ", 78.4 ,,,0 ,0 ,,,,, 3.7 ," 47,510.0 ","47,510 ","40,483 ",," 40,483.0 ", 127.7 ," 5,720.0 ","5,720 ","1,231 ", -  ," 1,231.0 ", -  ,, 247 , 851 ,,," 41,714 ", 100.0 
단성면," 70,395 ","70,395 ","64,447 ", 91.6 ,,,0 ,0 ,,,,, 3.7 ," 62,658.0 ","62,658 ","62,658 ",," 62,658.0 ", 108.7 ," 7,737.0 ","7,737 ","1,789 ", -  ," 1,498.0 ", -  , 291.0 , 298 ," 1,574 ",,," 64,447 ", 100.0 
신안면," 37,790 ","37,790 ","37,717 ", 99.8 ,,,0 ,0 ,,,,, 2.0 ," 37,251.0 ","37,251 ","37,251 ",," 37,251.0 ", 72.2 , 539.0 ,539 ,466 , -  , 466.0 , -  ,, 220 , 473 ,,," 37,717 ", 100.0 
생비량면," 19,932 ","19,932 ","13,213 ", 66.3 ,,,0 ,0 ,,,,, 0.6 ," 17,457.0 ","17,457 ","12,732 ",," 12,732.0 ", 44.0 ," 2,475.0 ","2,475 ",481 , -  , 481.0 , -  ,, 178 , 268 ,,," 13,213 ", 100.0 
신등면," 27,135 ","27,135 ","15,649 ", 57.7 ,,,0 ,0 ,,,,, 1.0 ," 25,370.0 ","25,370 ","15,628 ",," 15,628.0 ", 56.9 ," 1,765.0 ","1,765 ",21 , -  , 21.0 , -  , -  , 111 , 433 ,,," 15,649 ", 100.0 
함양군," 591,617 ","591,617 ","465,631 ", 78.7 , -  , 715.0 ,715 ,715 , -  , 715.1 , -  , -  , 9.5 ," 330,014.3 ","330,014 ","223,882 ", -  ," 223,881.6 ", 9.5 ," 260,887.4 ","260,887 ","241,034 "," 19,333.0 "," 109,310.4 "," 43,868.0 "," 68,523.0 "," 15,275 "," 5,337 ", 15 , 54 ," 444,822.9 ", 95.5 
함양읍," 235,984 ","235,984 ","201,922 ", 85.6 , -  , 300.0 ,300 ,300 , -  , 300.1 , -  , -  , 3.5 ," 110,207.2 ","110,207 ","85,221 ", -  ," 85,221.2 ", 3.5 ," 125,476.8 ","125,477 ","116,401 "," 12,892.0 "," 58,377.8 "," 28,655.0 "," 16,476.0 "," 6,442 "," 2,534 ", 15 , 27 ," 199,114 ", 98.6 
마천면," 37,748 ","37,748 ","26,348 ", 69.8 , -  , -  ,0 ,0 , -  , -  , -  , -  , 0.7 ," 25,625.0 ","25,625 ","14,225 ", -  ," 14,225.0 ", 0.7 ," 12,123.3 ","12,123 ","12,123 ", 222.0 ," 3,973.3 ", -  ," 7,928.0 ", 763 , 182 , -  , -  ," 26,348 ", 100.0 
휴천면," 21,696 ","21,696 ","14,196 ", 65.4 , -  , -  ,0 ,0 , -  , -  , -  , -  , 0.4 ," 13,869.0 ","13,869 ","6,369 ", -  ," 6,369.0 ", 0.4 ," 7,826.7 ","7,827 ","7,827 ", 549.0 ," 3,461.7 ", -  ," 3,816.0 ", 446 , 195 , -  , -  ," 14,196 ", 100.0 
유림면," 26,157 ","26,157 ","18,207 ", 69.6 , -  , -  ,0 ,0 , -  , -  , -  , -  , 0.4 ," 17,739.0 ","17,739 ","9,789 ", -  ," 9,789.0 ", 0.4 ," 8,418.1 ","8,418 ","8,418 ", 399.0 ," 3,059.1 ", -  ," 4,960.0 ", 339 , 84 , -  , -  ," 18,207 ", 100.0 
수동면," 59,580 ","59,580 ","43,571 ", 73.1 , -  , -  ,0 ,0 , -  , -  , -  , -  , 1.2 ," 31,666.3 ","31,666 ","18,920 ", -  ," 18,920.3 ", 1.2 ," 27,913.3 ","27,913 ","24,650 "," 2,189.0 "," 9,264.3 "," 1,458.0 "," 11,739.0 "," 1,952 ", 468 , -  , 6 ," 43,571 ", 100.0 
지곡면," 26,526 ","26,526 ","17,976 ", 67.8 , -  , -  ,0 ,0 , -  , -  , -  , -  , 0.5 ," 16,383.4 ","16,383 ","7,833 ", -  ," 7,833.4 ", 0.5 ," 10,142.5 ","10,143 ","10,143 ", 30.0 ," 5,198.5 ", -  ," 4,914.0 ", 562 , 201 , -  , -  ," 17,976 ", 100.0 
안의면," 91,839 ","91,839 ","76,624 ", 83.4 , -  , -  ,0 ,0 , -  , -  , -  , -  , 1.2 ," 51,999.7 ","52,000 ","44,299 ", -  ," 44,299.0 ", 1.2 ," 39,838.9 ","39,839 ","32,325 "," 1,682.0 "," 14,403.9 "," 7,945.0 "," 8,294.0 "," 2,538 ", 954 , -  , 21 ," 58,624 ", 76.5 
서하면," 13,199 ","13,199 ","7,399 ", 56.1 , -  , 415.0 ,415 ,415 , -  , 415.0 , -  , -  , 0.3 ," 7,971.0 ","7,971 ","2,171 ", -  ," 2,171.0 ", 0.3 ," 4,813.0 ","4,813 ","4,813 ", 892.0 ," 1,998.0 ", -  ," 1,923.0 ", 338 , 124 , -  , -  ," 7,399 ", 100.0 
서상면," 29,489 ","29,489 ","26,689 ", 90.5 , -  , -  ,0 ,0 , -  , -  , -  , -  , 0.6 ," 16,474.8 ","16,475 ","13,675 ", -  ," 13,674.8 ", 0.6 ," 13,014.3 ","13,014 ","13,014 ", 180.0 ," 5,629.3 "," 5,810.0 "," 1,395.0 ", 930 , 307 , -  , -  ," 26,689 ", 100.0 
백전면," 18,913 ","18,913 ","9,413 ", 49.8 , -  , -  ,0 ,0 , -  , -  , -  , -  , 0.4 ," 15,325.9 ","15,326 ","5,826 ", -  ," 5,825.9 ", 0.4 ," 3,587.5 ","3,588 ","3,588 ", 231.0 ," 1,325.5 ", -  ," 2,031.0 ", 283 , 106 , -  , -  ," 9,413 ", 100.0 
병곡면," 30,486 ","30,486 ","23,286 ", 76.4 , -  , -  ,0 ,0 , -  , -  , -  , -  , 0.4 ," 22,753.1 ","22,753 ","15,553 ", -  ," 15,553.1 ", 0.4 ," 7,733.0 ","7,733 ","7,733 ", 67.0 ," 2,619.0 ", -  ," 5,047.0 ", 682 , 182 , -  , -  ," 23,286 ", 100.0 
거창군," 322,074 ","362,141 ","310,118 ", 85.6 , -  ," 27,137.0 ","27,137 ","27,137 "," 9,055.0 "," 8,183.0 "," 2,305.0 "," 7,594.0 ", 32.8 ," 266,600.0 ","304,101 ","254,435 "," 2,249.0 "," 252,186.4 ", 12.4 ," 28,337.0 ","30,903 ","28,546 "," 3,086.0 "," 19,400.0 "," 3,680.0 "," 2,380.0 "," 7,170 ", 532 , -  , 145 ," 136,726.0 ", 44.1 
거창읍," 134,982 ","146,118 ","146,118 ", 100.0 ,," 18,982.0 ","18,982 ","18,982 "," 7,972.0 "," 1,518.0 "," 1,898.0 "," 7,594.0 ", 7.0 ," 91,000.0 ","100,900 ","100,900 "," 1,142.0 "," 99,758.4 ", 5.0 ," 25,000.0 ","26,236 ","26,236 "," 1,614.0 "," 18,562.0 "," 3,680.0 "," 2,380.0 "," 5,302 ", 67 ,, 145 ," 136,726 ", 93.6 
주상면," 6,120 ","6,120 ","5,767 ", 94.2 ,,,0 ,0 ,,,,, 1.5 ," 6,000.0 ","6,000 ","5,767 ",," 5,767.0 ", 0.6 , 120.0 ,120 ,0 ,,,,, 101 ,,,,, -  
웅양면," 13,470 ","13,470 ","10,796 ", 80.1 ,,,0 ,0 ,,,,, 3.0 ," 13,200.0 ","13,200 ","10,796 ",," 10,796.0 ", 0.9 , 270.0 ,270 ,0 ,,,,, 234 , 274 ,,,, -  
고제면," 8,650 ","8,650 ","6,824 ", 78.9 ,,,0 ,0 ,,,,, 2.0 ," 8,500.0 ","8,500 ","6,824 ",," 6,824.0 ", 0.7 , 150.0 ,150 ,0 ,,,,, 96 ,,,,, -  
북상면," 10,315 ","10,315 ","9,275 ", 89.9 ,,,0 ,0 ,,,,, 2.3 ," 10,100.0 ","10,100 ","9,275 ",," 9,275.0 ", 0.8 , 215.0 ,215 ,0 ,,,,, 138 ,,,,, -  
위천면," 2,950 ","19,132 ","18,982 ", 99.2 ,,,0 ,0 ,,,,, 0.6 ," 2,800.0 ","18,982 ","18,982 ",," 18,982.0 ", 0.1 , 150.0 ,150 ,0 ,,,,, 321 ,,,,, -  
마리면," 6,411 ","6,411 ","5,819 ", 90.8 ,,,0 ,0 ,,,,, 0.9 ," 6,200.0 ","6,200 ","5,819 ",," 5,819.0 ", 0.2 , 211.0 ,211 ,0 ,,,,, 103 ,,,,, -  
남상면," 15,415 ","15,415 ","13,281 ", 86.2 ,,,0 ,0 ,,,,, 4.0 ," 15,000.0 ","15,000 ","13,281 ",," 13,281.0 ", 0.4 , 415.0 ,415 ,0 ,,,,, 197 , 119 ,,,, -  
남하면," 4,734 ","14,023 ","13,789 ", 98.3 ,,,0 ,0 ,,,,, 0.7 ," 4,500.0 ","13,789 ","13,789 ",," 13,789.0 ", 0.2 , 234.0 ,234 ,0 ,,,,, 197 ,,,,, -  
신원면," 6,987 ","6,987 ","2,003 ", 28.7 ,,,0 ,0 ,,,,, 1.3 ," 6,500.0 ","6,500 ","2,003 ",," 2,003.0 ", 0.4 , 487.0 ,487 ,0 ,,,,, 39 ,,,,, -  
가조면," 110,135 ","111,465 ","73,534 ", 66.0 ,," 8,155.0 ","8,155 ","8,155 "," 1,083.0 "," 6,665.0 ", 407.0 ,, 8.0 ," 101,000.0 ","101,000 ","63,069 "," 1,107.0 "," 61,962.0 ", 3.0 , 980.0 ,"2,310 ","2,310 "," 1,472.0 ", 838.0 ,,, 371 , 72 ,,,, -  
가북면," 1,905 ","4,035 ","3,930 ", 97.4 ,,,0 ,0 ,,,,, 1.5 ," 1,800.0 ","3,930 ","3,930 ",," 3,930.0 ", 0.1 , 105.0 ,105 ,0 ,,,,, 71 ,,,,, -  
합천군," 426,682 ","426,862 ","387,398 ", 90.8 , 880.5 ," 123,554.0 ","123,734 ","122,248 "," 19,226.5 "," 32,077.7 "," 14,455.9 "," 56,488.0 ", 36.4 ," 214,184.0 ","214,184 ","183,759 "," 6,852.0 "," 176,907.0 ", 98.2 ," 88,944.0 ","88,944 ","81,391 "," 8,570.0 "," 72,821.0 ", -  , -  ," 2,086 "," 4,353 ", 6 , -  ," 315,228.0 ", 81.4 
합천읍," 86,787 ","86,787 ","82,513 ", 95.1 , 43.0 ," 28,960.0 ","28,960 ","28,960 "," 5,250.0 "," 1,110.0 "," 1,840.0 "," 20,760.0 ", 1.9 ," 29,008.0 ","29,008 ","24,734 ",," 24,734.0 ", 8.1 ," 28,819.0 ","28,819 ","28,819 ", 525.0 ," 28,294.0 ",,, 747 ," 3,175 ", 4 ,," 75,600 ", 91.6 
봉산면," 12,106 ","12,106 ","11,861 ", 98.0 , 75.0 ," 1,126.0 ","1,126 ","1,126 ",,,," 1,126.0 ", 0.8 ," 6,360.0 ","6,360 ","6,115 ",," 6,115.0 ", 4.2 ," 4,620.0 ","4,620 ","4,620 ", 620.0 ," 4,000.0 ",,, 120 ,,,," 9,350 ", 78.8 
묘산면," 7,894 ","7,894 ","5,508 ", 69.8 , 49.8 ," 1,932.0 ","1,932 ","1,732 ", 23.2 , 585.0 ,," 1,124.0 ", 0.2 ," 2,956.0 ","2,956 ","2,956 ",," 2,956.0 ",," 3,006.0 ","3,006 ",820 , 220.0 , 600.0 ,,, 52 ,,,," 4,600 ", 83.5 
가야면," 53,279 ","53,279 ","51,417 ", 96.5 , 93.4 ," 20,510.0 ","20,510 ","20,510 "," 5,584.0 "," 6,521.0 "," 3,162.0 "," 5,243.0 ", 2.6 ," 24,554.0 ","24,554 ","22,692 ",," 22,692.0 ", 9.0 ," 8,215.0 ","8,215 ","8,215 ",," 8,215.0 ",,, 132 ,,,," 42,350 ", 82.4 
야로면," 45,523 ","45,523 ","39,085 ", 85.9 , 44.0 ," 6,399.0 ","6,399 ","6,270 ", 186.0 ," 2,901.0 ", 105.7 ," 3,077.6 ", 1.7 ," 30,449.0 ","30,449 ","24,140 ",," 24,140.0 ", 15.3 ," 8,675.0 ","8,675 ","8,675 "," 1,613.0 "," 7,062.0 ",,, 63 ,,,," 31,100 ", 79.6 
율곡면," 6,145 ","6,145 ","5,372 ", 87.4 , 70.0 ," 4,275.0 ","4,275 ","4,275 ", 131.2 , 568.3 , 825.4 ," 2,749.9 ", 0.2 ," 1,790.0 ","1,790 ","1,017 ",," 1,017.0 ", 1.8 , 80.0 ,80 ,80 ,, 80.0 ,,, 31 ,,,," 4,600 ", 85.6 
초계면," 49,471 ","49,471 ","44,685 ", 90.3 , 23.0 ," 14,147.0 ","14,147 ","12,991 "," 2,661.0 "," 4,612.0 ", 738.0 ," 4,980.0 ", 1.6 ," 27,487.0 ","27,487 ","26,699 ",," 26,699.0 ",," 7,837.0 ","7,837 ","4,995 ", 605.0 ," 4,390.0 ",,, 116 ,,,," 31,200 ", 69.8 
쌍책면," 9,244 ","9,244 ","9,244 ", 100.0 , 61.0 ," 2,967.0 ","2,967 ","2,967 ",," 1,400.6 ", 244.1 ," 1,322.5 ", 0.3 ," 5,401.0 ","5,401 ","5,401 ",," 5,401.0 ", 1.7 , 876.0 ,876 ,876 ,, 876.0 ,,, 82 ,,,," 6,300 ", 68.2 
덕곡면," 7,295 ","7,295 ","1,146 ", 15.7 , 22.6 ," 1,146.0 ","1,146 ","1,146 ",, 531.9 , 44.7 , 569.0 , 0.3 ," 6,149.0 ","6,149 ",0 ,,, 3.7 ,,0 ,0 ,,,,, 39 ,,,," 1,100 ", 96.0 
청덕면," 6,361 ","6,361 ","6,361 ", 100.0 , 48.5 ," 2,220.0 ","2,220 ","2,220 ", 503.0 , 883.0 , 187.0 , 646.6 , 0.3 ," 4,141.0 ","4,141 ","4,141 ",," 4,141.0 ", 8.7 ,,0 ,0 ,,,,, 9 ,,,," 4,400 ", 69.2 
적중면," 28,467 ","28,467 ","23,247 ", 81.7 , 6.4 ," 6,877.0 ","6,877 ","6,877 "," 1,600.0 "," 3,147.5 ", 230.0 ," 1,899.0 ", 0.9 ," 21,590.0 ","21,590 ","16,370 ",," 16,370.0 ", 16.6 ,,0 ,0 ,,,,, 260 ,,,," 15,500 ", 66.7 
대양면," 8,581 ","8,761 ","8,761 ", 100.0 , 53.0 ," 2,022.0 ","2,202 ","2,202 ", 290.6 , 602.4 , 50.0 ," 1,259.0 ", 0.3 ," 6,559.0 ","6,559 ","6,559 ",," 6,559.0 ", 3.7 ,,0 ,0 ,,,,, 24 ,,,," 6,000 ", 68.5 
쌍백면," 21,923 ","21,923 ","19,738 ", 90.0 , 61.0 ," 8,260.0 ","8,260 ","8,260 ", 470.0 ," 2,456.0 "," 2,189.0 "," 3,145.0 ", 0.6 ," 11,463.0 ","11,463 ","10,120 ",," 10,120.0 ", 1.4 ," 2,200.0 ","2,200 ","1,358 ",," 1,358.0 ",,, 34 ,,,," 17,895 ", 90.7 
삼가면," 51,938 ","51,938 ","51,277 ", 98.7 , 52.3 ," 14,731.0 ","14,731 ","14,731 "," 1,958.0 "," 2,356.0 "," 3,568.0 "," 6,849.0 ", 1.7 ," 21,783.0 ","21,783 ","21,122 "," 6,852.0 "," 14,270.0 ", 6.6 ," 15,424.0 ","15,424 ","15,424 "," 4,987.0 "," 10,437.0 ",,, 100 ," 1,178 ", 2 ,," 41,000 ", 80.0 
가회면," 9,206 ","9,206 ","8,435 ", 91.6 , 64.0 ," 4,323.0 ","4,323 ","4,323 ",," 3,458.0 ", 560.0 , 305.0 , 0.2 ," 3,200.0 ","3,200 ","2,612 ",," 2,612.0 ", 5.8 ," 1,683.0 ","1,683 ","1,500 ",," 1,500.0 ",,, 26 ,,,," 6,874 ", 81.5 
대병면," 16,224 ","16,224 ","16,224 ", 100.0 , 47.0 ," 1,134.0 ","1,134 ","1,134 ", 330.8 ,, 575.0 , 228.0 , 5.4 ," 9,081.0 ","9,081 ","9,081 ",," 9,081.0 ", 11.6 ," 6,009.0 ","6,009 ","6,009 ",," 6,009.0 ",,, 218 ,,,," 15,211 ", 93.8 
용주면," 6,238 ","6,238 ","2,525 ", 40.5 , 66.6 ," 2,525.0 ","2,525 ","2,525 ", 238.7 , 945.0 , 137.0 ," 1,204.4 ", 17.5 ," 2,213.0 ","2,213 ",0 ,,,," 1,500.0 ","1,500 ",0 ,,,,, 33 ,,,," 2,148 ", 85.1 
제주특별자치도," 5,684,899 ","5,737,208 ","3,953,991 ", 68.9 , -  ," 757,259.0 ","757,259 ","750,607 "," 75,268.0 "," 439,731.0 "," 16,487.0 "," 219,121.0 ", 248.1 ," 2,405,024.0 ","2,457,333 ","2,060,823 ", -  ," 2,060,823.0 ", 200.1 ," 2,522,616.0 ","2,522,616 ","1,142,561 "," 67,923.0 "," 969,896.0 "," 2,124.0 "," 102,618.0 "," 66,254 "," 104,898 ", 16 ," 2,379 "," 3,285,689.0 ", 83.1 
제주시," 3,450,095 ","3,502,404 ","2,498,071 ", 71.3 , -  ," 453,874.0 ","453,874 ","452,582 "," 55,732.0 "," 259,358.0 "," 6,798.0 "," 130,694.0 ", 105.4 ," 1,456,878.0 ","1,509,187 ","1,331,678 ", -  ," 1,331,678.0 ", 105.4 ," 1,539,343.0 ","1,539,343 ","713,811 "," 55,457.0 "," 563,213.0 ", -  ," 95,141.0 "," 44,128 "," 72,687 ", 16 ," 1,508 "," 2,078,488.0 ", 83.2 
동지역," 1,976,403 ","1,976,403 ","1,397,878 ", 70.7 , -  ," 321,519.0 ","321,519 ","321,316 "," 39,778.0 "," 165,331.0 ", -  ," 116,207.0 ", 51.0 ," 826,762.0 ","826,762 ","682,244 ", -  ," 682,244.0 ", 51.0 ," 828,122.0 ","828,122 ","394,318 "," 29,792.0 "," 304,319.0 ", -  ," 60,207.0 "," 29,134 "," 45,367 ", 16 ," 1,154 "," 1,234,498 ", 88.3 
 읍면지역 ," 1,473,692 ","1,526,001 ","1,100,193 ", 72.1 , -  ," 132,355.0 ","132,355 ","131,266 "," 15,954.0 "," 94,027.0 "," 6,798.0 "," 14,487.0 ", 54.4 ," 630,116.0 ","682,425 ","649,434 ", -  ," 649,434.0 ", 54.4 ," 711,221.0 ","711,221 ","319,493 "," 25,665.0 "," 258,894.0 ", -  ," 34,934.0 "," 14,994 "," 27,320 ", -  , 354 ," 843,990.0 ", 76.7 
한림읍," 327,043 ","327,043 ","201,980 ", 61.8 , -  ," 38,277.0 ","38,277 ","38,277 "," 7,212.0 "," 28,246.0 "," 2,819.0 ", -  , 8.9 ," 117,540.0 ","117,540 ","96,660 ", -  ," 96,660.0 ", 8.9 ," 171,226.0 ","171,226 ","67,043 "," 6,487.0 "," 50,597.0 ", -  ," 9,959.0 "," 2,673 "," 5,602 ", -  , 72 ," 188,666 ", 93.4 
애월읍," 395,538 ","422,347 ","333,469 ", 79.0 , -  ," 24,025.0 ","24,025 ","22,936 ", -  ," 20,602.0 ", -  ," 2,334.0 ", 10.3 ," 176,724.0 ","203,533 ","203,533 ", -  ," 203,533.0 ", 10.3 ," 194,789.0 ","194,789 ","107,000 "," 6,358.0 "," 84,581.0 ", -  ," 16,061.0 "," 4,502 "," 7,028 ", -  , 80 ," 239,245 ", 71.7 
구좌읍," 228,369 ","241,079 ","190,676 ", 79.1 , -  ," 16,017.0 ","16,017 ","16,017 "," 2,465.0 "," 11,905.0 "," 1,469.0 ", 178.0 , 10.9 ," 95,120.0 ","107,830 ","107,830 ", -  ," 107,830.0 ", 10.9 ," 117,232.0 ","117,232 ","66,829 "," 6,775.0 "," 52,250.0 ", -  ," 7,804.0 "," 3,017 "," 6,310 ", -  , 71 ," 187,053 ", 98.1 
조천읍," 210,466 ","210,466 ","140,389 ", 66.7 , -  ," 25,869.0 ","25,869 ","25,869 "," 2,993.0 "," 13,845.0 ", 575.0 ," 8,456.0 ", 5.4 ," 95,135.0 ","95,135 ","83,024 ", -  ," 83,024.0 ", 5.4 ," 89,462.0 ","89,462 ","31,496 "," 2,764.0 "," 28,020.0 ", -  , 712.0 ," 1,817 "," 3,544 ", -  , 59 ," 123,816 ", 88.2 
한경면," 254,814 ","257,906 ","191,536 ", 74.3 , -  ," 20,582.0 ","20,582 ","20,582 "," 2,637.0 "," 17,945.0 ", -  , -  , 4.9 ," 125,938.0 ","129,030 ","129,030 ", -  ," 129,030.0 ", 4.9 ," 108,294.0 ","108,294 ","41,924 "," 3,281.0 "," 38,245.0 ", -  , 398.0 ," 2,442 "," 3,779 ", -  , 57 ," 72,358 ", 37.8 
추자면," 21,989 ","23,482 ","16,823 ", 71.6 , -  ," 3,350.0 ","3,350 ","3,350 ", 647.0 , 957.0 , 846.0 , 900.0 , 6.0 ," 8,704.0 ","10,197 ","10,197 ", -  ," 10,197.0 ", 6.0 ," 9,935.0 ","9,935 ","3,276 ", -  ," 3,276.0 ", -  , -  , 193 , 597 , -  , 8 ," 13,277 ", 78.9 
우도면," 35,473 ","43,678 ","25,320 ", 58.0 , -  ," 4,235.0 ","4,235 ","4,235 ", -  , 527.0 ," 1,089.0 "," 2,619.0 ", 8.0 ," 10,955.0 ","19,160 ","19,160 ", -  ," 19,160.0 ", 8.0 ," 20,283.0 ","20,283 ","1,925 ", -  ," 1,925.0 ", -  , -  , 350 , 460 , -  , 7 ," 19,575 ", 77.3 
서귀포시," 2,234,804 ","2,234,804 ","1,455,920 ", 65.1 , -  ," 303,385.0 ","303,385 ","298,025 "," 19,536.0 "," 180,373.0 "," 9,689.0 "," 88,427.0 ", 142.7 ," 948,146.0 ","948,146 ","729,145 ", -  ," 729,145.0 ", 94.7 ," 983,273.0 ","983,273 ","428,750 "," 12,466.0 "," 406,683.0 "," 2,124.0 "," 7,477.0 "," 22,126 "," 32,211 ", -  , 871 ," 1,207,201.0 ", 82.9 
동지역," 846,666 ","846,666 ","645,888 ", 76.3 , -  ," 34,786.0 ","34,786 ","29,426 "," 1,449.0 "," 12,083.0 ", 460.0 ," 15,434.0 ", 40.1 ," 507,348.0 ","507,348 ","380,745 ", -  ," 380,745.0 ", 40.1 ," 304,532.0 ","304,532 ","235,717 "," 10,401.0 "," 216,715.0 "," 2,124.0 "," 6,477.0 "," 9,482 "," 16,617 ", -  , 482 ," 645,197 ", 99.9 
 읍면지역 ," 1,388,138 ","1,388,138 ","810,032 ", 58.4 , -  ," 268,599.0 ","268,599 ","268,599 "," 18,087.0 "," 168,290.0 "," 9,229.0 "," 72,993.0 ", 102.6 ," 440,798.0 ","440,798 ","348,400 ", -  ," 348,400.0 ", 54.6 ," 678,741.0 ","678,741 ","193,033 "," 2,065.0 "," 189,968.0 ", -  ," 1,000.0 "," 12,644 "," 15,594 ", -  , 389 ," 562,004.0 ", 69.4 
남원읍," 353,872 ","353,872 ","220,605 ", 62.3 , -  ," 98,380.0 ","98,380 ","98,380 "," 4,862.0 "," 72,786.0 "," 3,668.0 "," 17,064.0 ", 54.6 ," 85,359.0 ","85,359 ","77,822 ", -  ," 77,822.0 ", 12.1 ," 170,133.0 ","170,133 ","44,403 ", -  ," 43,751.0 ", -  , 652.0 ," 4,374 "," 5,449 ", -  , 139 ," 220,605 ", 100.0 
대정읍," 307,121 ","307,121 ","189,199 ", 61.6 , -  ," 54,448.0 ","54,448 ","54,448 "," 5,486.0 "," 23,191.0 "," 2,582.0 "," 23,189.0 ", 12.1 ," 98,493.0 ","98,493 ","83,430 ", -  ," 83,430.0 ", 14.1 ," 154,180.0 ","154,180 ","51,321 ", -  ," 51,247.0 ", -  , 74.0 ," 2,214 "," 3,416 ", -  , 74 ," 39,739 ", 21.0 
성산읍," 362,347 ","362,347 ","196,476 ", 54.2 , -  ," 32,671.0 ","32,671 ","32,671 "," 2,486.0 "," 18,239.0 ", 698.0 ," 11,248.0 ", 14.1 ," 154,026.0 ","154,026 ","110,831 ", -  ," 110,831.0 ", 10.2 ," 175,650.0 ","175,650 ","52,974 "," 1,577.0 "," 51,397.0 ", -  , -  ," 2,777 "," 2,289 ", -  , 79 ," 170,907 ", 87.0 
안덕면," 191,128 ","191,128 ","103,663 ", 54.2 , -  ," 28,588.0 ","28,588 ","28,588 "," 1,878.0 "," 9,589.0 "," 1,921.0 "," 15,200.0 ", 10.2 ," 70,157.0 ","70,157 ","47,589 ", -  ," 47,589.0 ", 11.6 ," 92,383.0 ","92,383 ","27,486 ", 488.0 ," 26,998.0 ", -  , -  ," 1,702 "," 2,099 ", -  , 46 ," 50,568 ", 48.8 
표선면," 173,670 ","173,670 ","100,089 ", 57.6 , -  ," 54,512.0 ","54,512 ","54,512 "," 3,375.0 "," 44,485.0 ", 360.0 ," 6,292.0 ", 11.6 ," 32,763.0 ","32,763 ","28,728 ", -  ," 28,728.0 ", 6.6 ," 86,395.0 ","86,395 ","16,849 ", -  ," 16,575.0 ", -  , 274.0 ," 1,577 "," 2,341 ", -  , 51 ," 80,185 ", 80.1 
