,,,,,,,,,,,,,,,,,,,, i ,,,,,,,,,,,,
3. 하수관로,,,,,,,,,,,,,,,,,,,,,,,,,,,,,,,,
   3.1 시설현황,,,,,,,,,,,,,,,,,,,,,,,,,,,,,,,,
,,,,,,,,,,,,,,,,,,,,,,,,,,,,,,,,
"지 역
(시, 시가지·구·군·읍·면)"," 총 관로정비계획연장
(m) "," 총 계획연장
(m) "," 총 시설연장(m)
(누계) ", 하수관로보급율(%) , 합류식(m) ,,,,,,,, 분류식(m) ,,,,,,,,,,,,,, 맨홀(개소) , 우·오수받이(개소) ," 우수토실
(개소) "," 우수토구
(개소) ", 하수도대장 전산화연장(m) , 하수도대장전산화율(%) 
,,,,," 관로정비계획
면적
(㎢) ", 관로정비계획연장 , 계획연장 , 시설연장 , 암거 ,, 개거 , 측구 , 오수관로 ,,,,,, 우수관로 ,,,,,,,,,,,,,
,,,,,,,,, 사각형 , 원형 ,,, 관로정비계획면적(㎢) , 관로정비계획연장 , 계획연장 , 시설연장 , 암거 ,, 관로정비계획면적(㎢) , 관로정비계획연장 , 계획연장 , 시설연장 , 암거 ,, 개거 , 측구 ,,,,,,
,,,,,,,,,,,,,,,,, 사각형 , 원형 ,,,,, 사각형 , 원형 ,,,,,,,,
'97," 92,391,416 "," 92,559,792 "," 58,671,414 ", 63.5 ," 2,801.0 "," 37,979,585 "," 38,147,961 "," 38,147,961 "," 4,073,528 "," 21,697,363 "," 2,206,139 "," 10,170,931 "," 2,995.0 "," 25,520,282 "," 25,520,282 "," 8,942,810 "," 538,818 "," 8,402,872 ", - ," 28,891,549 "," 28,891,549 "," 11,580,643 "," 1,401,621 "," 7,995,553 "," 298,177 "," 1,885,292 ", - , - , - , - , - , - 
'98," 96,728,118 "," 98,202,737 "," 62,329,634 ", 64.4 ," 4,505.0 "," 38,685,115 "," 40,159,734 "," 40,159,734 "," 4,450,293 "," 23,463,250 "," 2,146,284 "," 10,099,907 ", - ," 28,578,587 "," 28,578,587 "," 9,983,635 "," 570,715 "," 9,412,920 ", - ," 29,464,416 "," 29,464,416 "," 12,186,265 "," 1,542,753 "," 8,297,582 "," 269,958 "," 2,075,972 ", - , - , - , - , - , - 
'99," 103,280,317 "," 105,465,452 "," 64,740,830 ", 62.7 ," 13,014.0 "," 39,251,927 "," 41,437,062 "," 41,437,062 "," 4,732,029 "," 24,976,958 "," 2,198,811 "," 9,530,667 ", - ," 32,279,445 "," 32,279,445 "," 11,004,319 "," 594,155 "," 10,407,944 ", - ," 31,748,945 "," 31,748,945 "," 12,299,449 "," 1,576,214 "," 8,394,872 "," 266,445 "," 2,061,918 ", - , - , - , - , - , - 
'00," 107,622,593 "," 109,862,870 "," 68,194,501 ", 63.4 ," 16,667.0 "," 40,637,621 "," 42,877,898 "," 42,877,898 "," 4,948,461 "," 25,841,745 "," 2,311,906 "," 9,775,787 ", - ," 34,100,977 "," 34,100,977 "," 12,340,150 "," 607,371 "," 11,732,779 ", - ," 32,883,995 "," 32,883,995 "," 12,976,453 "," 1,682,485 "," 8,912,997 "," 277,397 "," 2,090,951 ", - , - , - , - , - , - 
'01," 112,567,129 "," 114,996,824 "," 71,839,456 ", 63.8 ," 12,949.0 "," 42,104,434 "," 44,534,129 "," 44,534,129 "," 5,052,135 "," 25,611,290 "," 2,226,606 "," 11,644,098 ", - ," 36,346,582 "," 36,346,582 "," 13,892,924 "," 672,298 "," 13,220,626 ", - ," 34,116,113 "," 34,116,113 "," 13,412,403 "," 1,690,604 "," 9,399,155 "," 315,644 "," 2,006,999 ", - , - , - , - , - , - 
'02," 116,141,326 "," 120,183,218 "," 75,859,381 ", 65.3 ," 5,307.0 "," 41,637,934 "," 45,679,826 "," 45,679,826 "," 5,228,289 "," 26,195,724 "," 2,288,155 "," 12,017,327 ", - ," 38,299,491 "," 38,299,491 "," 15,441,166 "," 679,586 "," 14,756,123 ", - ," 36,203,901 "," 36,203,901 "," 14,738,389 "," 1,826,058 "," 10,324,798 "," 420,946 "," 2,166,588 ", - , - , - , - , - , - 
'03," 119,520,689 "," 124,398,934 "," 78,605,562 ", 65.8 ," 5,866.0 "," 41,288,872 "," 46,167,117 "," 46,167,117 "," 5,213,230 "," 26,492,954 "," 2,314,700 "," 12,139,875 ", - ," 41,291,003 "," 41,291,003 "," 16,967,520 "," 658,747 "," 16,272,980 ", - ," 36,940,814 "," 36,940,814 "," 15,470,925 "," 1,924,210 "," 10,719,825 "," 487,452 "," 2,321,329 ", - , - , - , - , - , - 
'04," 120,545,498 "," 127,231,388 "," 82,214,598 ", 68.1 ," 5,935.7 "," 40,569,349 "," 47,255,239 "," 47,255,239 "," 5,689,739 "," 26,992,870 "," 2,260,592 "," 12,334,469 "," 6,752.3 "," 42,598,367 "," 42,598,367 "," 18,532,341 "," 650,484 "," 17,897,267 ", - ," 37,377,782 "," 37,377,782 "," 16,427,018 "," 2,019,697 "," 11,482,616 "," 488,384 "," 2,436,541 "," 1,114,109 "," 2,020,445 ", - ," 14,129 ", - , - 
'05," 125,865,688 "," 132,889,935 "," 85,754,636 ", 68.2 ," 6,183.2 "," 41,232,253 "," 48,256,500 "," 48,256,500 "," 6,098,663 "," 26,833,072 "," 2,631,055 "," 12,711,947 "," 5,656.8 "," 45,138,828 "," 45,138,828 "," 20,488,490 "," 674,998 "," 19,762,047 "," 3,828.5 "," 39,494,607 "," 39,494,607 "," 17,009,645 "," 2,117,689 "," 11,932,408 "," 498,718 "," 2,470,510 "," 1,261,370 "," 2,217,170 ", - ," 15,434 ", - , - 
'06," 127,980,058 "," 136,054,875 "," 91,098,498 ", 71.2 ," 6,960.5 "," 40,891,274 "," 48,966,092 "," 48,966,092 "," 5,565,523 "," 27,917,266 "," 2,578,108 "," 12,905,195 "," 5,080.3 "," 47,033,555 "," 47,033,555 "," 23,602,901 "," 687,346 "," 22,915,555 "," 5,744.9 "," 40,055,229 "," 40,055,229 "," 18,529,506 "," 2,211,110 "," 13,204,801 "," 532,462 "," 2,581,133 "," 1,411,598 "," 2,265,611 ", - ," 19,592 "," 52,764,798 ", 57.9 
'07," 130,773,727 "," 140,249,413 "," 96,279,908 ", 73.6 ," 7,223.5 "," 40,160,767 "," 49,636,453 "," 49,636,453 "," 5,825,619 "," 28,287,354 "," 2,667,333 "," 12,856,148 "," 6,688.0 "," 48,590,123 "," 48,590,123 "," 26,532,183 "," 687,675 "," 25,844,507 "," 9,237.3 "," 42,022,838 "," 42,022,838 "," 20,111,273 "," 2,514,423 "," 14,263,656 "," 514,208 "," 2,818,986 "," 1,549,319 "," 2,362,219 ", - ," 21,477 "," 61,251,677 ", 63.6 
'08," 138,338,446 "," 145,325,240 "," 102,078,559 ", 73.8 ," 8,569.4 "," 42,473,417 "," 49,460,211 "," 49,460,211 "," 5,700,783 "," 27,954,406 "," 2,864,794 "," 12,940,228 "," 6,659.5 "," 53,143,604 "," 53,143,604 "," 30,239,196 "," 973,792 "," 29,265,404 "," 5,223.2 "," 42,721,425 "," 42,721,425 "," 22,379,152 "," 2,549,891 "," 15,792,960 "," 684,188 "," 3,352,113 "," 1,567,091 "," 2,555,552 ", - ," 19,346 "," 72,060,922 ", 70.6 
'09," 142,966,976 "," 149,519,839 "," 107,842,551 ", 75.4 ," 10,672.2 "," 42,832,794 "," 49,385,657 "," 49,385,657 "," 5,811,470 "," 28,085,758 "," 2,593,569 "," 12,894,860 "," 6,525.6 "," 55,470,317 "," 55,470,317 "," 33,583,592 "," 688,590 "," 32,895,002 "," 5,214.4 "," 44,663,865 "," 44,663,865 "," 24,873,302 "," 2,627,158 "," 17,507,935 "," 916,851 "," 3,821,357 "," 1,684,895 "," 2,724,926 ", - ," 38,326 "," 84,737,426 ", 78.6 
'10," 145,472,835 "," 152,542,686 "," 113,494,121 ", 78.0 ," 13,331.2 "," 40,905,730 "," 47,975,581 "," 47,975,581 "," 5,634,999 "," 27,642,697 "," 2,503,024 "," 12,194,862 "," 6,107.3 "," 58,256,473 "," 58,256,473 "," 38,068,303 "," 664,279 "," 37,404,024 "," 6,527.8 "," 46,310,632 "," 46,310,632 "," 27,450,236 "," 2,947,314 "," 19,253,002 "," 985,295 "," 4,264,626 "," 1,775,315 "," 2,974,260 "," 17,322 "," 28,341 "," 87,784,082 ", 77.3 
'11," 161,321,132 "," 161,321,132 "," 118,329,400 ", 73.4 ," 10,357.8 "," 50,539,745 "," 50,539,745 "," 47,509,544 "," 5,545,130 "," 27,432,316 "," 2,396,951 "," 12,135,147 "," 5,771.1 "," 61,615,504 "," 61,615,504 "," 41,739,397 "," 640,228 "," 41,099,169 "," 7,023.6 "," 49,165,884 "," 49,165,884 "," 29,080,459 "," 3,180,643 "," 20,338,179 "," 1,075,707 "," 4,485,930 "," 1,897,009 "," 3,123,052 "," 12,413 "," 30,167 "," 94,171,109 ", 79.6 
'12," 149,547,625 "," 155,718,670 "," 123,309,368 ", 75.8 ," 49,589.6 "," 39,511,502 "," 45,682,547 "," 45,682,547 "," 5,490,280 "," 27,990,159 "," 2,161,105 "," 10,041,003 "," 6,381.5 "," 62,512,843 "," 62,512,843 "," 45,093,676 "," 372,157 "," 44,721,518 "," 187,436.2 "," 47,523,280 "," 47,523,280 "," 32,533,146 "," 3,681,043 "," 21,565,376 "," 1,122,132 "," 6,164,595 "," 2,051,430 "," 3,094,954 "," 13,593 "," 97,576 "," 99,477,739 ", 80.7 
'13," 151,414,934 "," 156,688,354 "," 126,605,822 ", 76.5 ," 48,430.5 "," 40,141,104 "," 45,414,524 "," 45,414,524 "," 5,585,591 "," 27,759,831 "," 2,104,355 "," 9,964,748 "," 6,354.5 "," 64,189,469 "," 64,189,469 "," 47,935,413 "," 368,364 "," 47,567,049 "," 7,910.5 "," 47,084,361 "," 47,084,361 "," 33,255,884 "," 3,675,536 "," 21,908,619 "," 1,275,402 "," 6,396,327 "," 2,264,233 "," 3,239,569 "," 12,684 "," 99,701 "," 102,728,413 ", 81.1 
'14," 153,579,963 "," 159,410,337 "," 132,680,303 ", 77.8 ," 47,167.1 "," 38,770,625 "," 44,600,998 "," 44,600,998 "," 5,690,510 "," 27,269,332 "," 2,072,912 "," 9,568,245 "," 6,563.5 "," 66,108,698 "," 66,108,698 "," 51,813,367 "," 357,153 "," 51,456,214 "," 8,845.8 "," 48,700,640 "," 48,700,640 "," 36,265,938 "," 4,109,436 "," 23,880,729 "," 1,471,359 "," 6,804,414 "," 2,357,172 "," 3,509,680 "," 12,468 "," 101,499 "," 109,104,673 ", 82.2 
'15," 155,951,582 "," 171,803,332 "," 137,193,210 ", 79.9 ," 7,421.3 "," 39,653,833 "," 47,369,949 "," 44,227,705 "," 5,534,415 "," 27,319,530 "," 1,799,403 "," 9,574,357 "," 6,565.3 "," 66,968,758 "," 71,278,710 "," 54,720,736 "," 350,757 "," 54,369,979 "," 8,367.9 "," 49,328,990 "," 53,154,672 "," 38,244,769 "," 4,241,770 "," 25,347,861 "," 1,539,876 "," 7,115,262 "," 2,508,185 "," 3,810,978 "," 12,349 "," 102,801 "," 107,299,443 ", 78.2 
전국('16)," 159,690,118 "," 178,951,281 "," 143,167,635 ", 80.0 ," 5,178 "," 39,423,799 "," 47,563,975 "," 43,737,567 "," 5,646,059 "," 26,644,235 "," 1,690,457 "," 9,636,002 "," 6,372 "," 70,336,157 "," 76,079,240 "," 58,333,615 "," 824,270 "," 57,436,776 "," 12,714 "," 50,168,488 "," 55,308,066 "," 41,096,453 "," 4,480,336 "," 27,041,304 "," 1,778,153 "," 7,647,752 "," 2,695,720 "," 5,284,315 "," 11,974 "," 106,055 "," 120,192,348 ", 84.0 
서울특별시," 10,682,218 "," 10,682,218 "," 10,682,218 ", 100.0 , 343 ," 9,631,946 "," 9,631,946 "," 9,631,946 "," 1,366,583 "," 8,264,592 ", 298 , 473 , 89 ," 607,291 "," 607,291 "," 607,291 "," 2,363 "," 604,928 ", 89 ," 442,981 "," 442,981 "," 442,981 "," 45,442 "," 284,168 "," 44,800 "," 68,570 "," 271,028 "," 483,822 "," 1,517 "," 2,448 "," 10,682,218 ", 100.0 
부산광역시," 10,485,582 "," 15,116,081 "," 9,161,139 ", 60.6 , 353 , - ," 4,630,499 "," 4,630,499 "," 589,958 "," 1,229,346 "," 291,635 "," 2,519,560 ", 415 ," 3,367,512 "," 3,367,512 "," 1,781,741 "," 17,508 "," 1,764,233 ", 415 ," 7,118,070 "," 7,118,070 "," 2,748,899 "," 280,390 "," 571,782 "," 123,762 "," 1,772,965 "," 80,346 "," 130,653 "," 2,379 "," 1,199 "," 7,478,965 ", 81.6 
대구광역시," 5,963,415 "," 6,552,463 "," 5,957,568 ", 90.9 , 109 ," 3,653,348 "," 3,693,588 "," 3,489,340 "," 356,344 "," 1,140,006 ", 389 ," 1,992,601 ", 98 ," 1,455,475 "," 1,530,842 "," 1,140,195 "," 51,326 "," 1,088,869 ", - ," 854,592 "," 1,328,033 "," 1,328,033 "," 112,302 "," 883,741 ", - ," 331,990 "," 78,256 "," 261,731 ", 515 , 9 ," 5,718,228 ", 96.0 
인천광역시," 5,226,656 "," 6,674,795 "," 5,470,672 ", 82.0 , 145 ," 3,041,402 "," 3,193,199 "," 2,549,308 "," 347,599 "," 2,085,855 "," 32,319 "," 85,995 ", 142 ," 1,026,120 "," 1,545,968 "," 1,274,120 "," 68,211 "," 1,205,909 ", 163 ," 1,159,055 "," 1,935,628 "," 1,647,244 "," 198,730 "," 1,211,804 "," 38,296 "," 198,414 "," 87,761 "," 211,103 ", 217 , - ," 5,162,339 ", 94.4 
광주광역시," 4,335,700 "," 5,502,489 "," 4,339,459 ", 78.9 , - ," 612,100 "," 1,678,723 "," 1,678,723 "," 154,270 "," 1,090,516 "," 22,890 "," 411,047 ", 161 ," 1,522,700 "," 1,569,960 "," 1,417,727 "," 46,381 "," 1,371,346 ", - ," 2,200,900 "," 2,253,806 "," 1,243,009 "," 119,226 "," 1,071,803 "," 2,271 "," 49,709 "," 90,707 "," 95,690 ", 263 , 213 ," 3,780,509 ", 87.1 
대전광역시," 3,460,125 "," 3,688,857 "," 3,561,118 ", 96.5 , 55 ," 1,493,422 "," 1,656,570 "," 1,616,476 "," 230,913 "," 949,526 ", - ," 436,037 ", 86 ," 917,363 "," 929,291 "," 842,782 "," 1,943 "," 840,839 ", 86 ," 1,049,340 "," 1,102,996 "," 1,101,860 "," 135,946 "," 851,578 ", - ," 114,336 "," 57,560 "," 73,518 ", 161 , - ," 3,293,789 ", 92.5 
울산광역시," 5,022,784 "," 5,127,383 "," 4,139,229 ", 82.4 , - ," 86,475 "," 86,475 "," 86,474 "," 83,233 "," 3,242 ", - , - , 228 ," 2,623,728 "," 2,660,517 "," 1,962,369 "," 17,853 "," 1,944,516 ", 978 ," 2,312,581 "," 2,380,391 "," 2,090,387 "," 235,405 "," 1,074,099 ", - ," 780,883 "," 70,570 "," 104,774 ", 114 , 832 ," 4,139,229 ", 100.0 
세종특별자치시," 1,127,663 "," 1,133,020 "," 920,590 ", 81.3 , 10 ," 166,277 "," 166,391 "," 165,109 "," 12,708 "," 112,580 ", - ," 39,821 ", 55 ," 569,156 "," 569,156 "," 364,610 ", - ," 364,610 ", 55 ," 392,230 "," 397,473 "," 390,871 "," 37,842 "," 196,429 ", - ," 156,600 "," 13,805 "," 13,011 ", 6 , 289 ," 920,590 ", 100.0 
경기도," 29,216,152 "," 32,343,250 "," 26,490,918 ", 81.9 ," 1,327 "," 5,988,851 "," 6,849,550 "," 6,460,063 "," 728,096 "," 5,093,095 "," 298,011 "," 340,860 "," 1,417 "," 14,205,962 "," 15,317,582 "," 11,372,403 "," 59,520 "," 11,312,884 "," 2,015 "," 9,170,133 "," 10,176,118 "," 8,658,452 "," 846,683 "," 7,291,783 "," 152,492 "," 367,493 "," 722,135 "," 1,067,143 "," 1,844 "," 3,926 "," 23,653,867 ", 89.3 
강원도," 9,221,544 "," 11,050,526 "," 8,763,986 ", 79.3 , 966 ," 1,440,117 "," 2,376,399 "," 2,175,745 "," 178,878 "," 1,466,947 "," 168,312 "," 328,718 ", 401 ," 4,948,428 "," 5,237,205 "," 3,949,777 "," 21,900 "," 3,943,992 ", 364 ," 2,832,999 "," 3,436,922 "," 2,638,464 "," 174,827 "," 1,581,864 "," 110,257 "," 573,461 "," 145,428 "," 258,440 ", 740 ," 3,188 "," 6,156,540 ", 70.2 
충청북도," 6,588,203 "," 7,456,525 "," 6,275,961 ", 84.2 , 69 ," 1,189,072 "," 1,425,475 "," 1,372,929 "," 138,445 "," 862,601 "," 91,899 "," 190,255 ", 258 ," 3,364,374 "," 3,728,362 "," 3,122,044 "," 36,659 "," 2,997,447 ", 771 ," 2,034,757 "," 2,302,688 "," 1,780,988 "," 132,459 "," 1,168,341 "," 98,112 "," 352,076 "," 100,263 "," 164,816 ", 575 ," 66,465 "," 4,962,302 ", 79.1 
충청남도," 10,776,721 "," 10,909,304 "," 7,782,605 ", 71.3 , 141 ," 2,649,230 "," 2,350,201 "," 1,571,235 "," 136,814 "," 727,916 "," 187,976 "," 517,874 ", 396 ," 5,305,790 "," 5,566,718 "," 4,170,547 ", 713 ," 4,169,834 ", 196 ," 2,912,403 "," 2,992,385 "," 2,040,824 "," 260,289 "," 1,499,025 "," 123,108 "," 219,038 "," 130,850 "," 338,378 ", 885 ," 1,023 "," 6,513,402 ", 83.7 
전라북도," 10,225,279 "," 10,752,087 "," 8,884,352 ", 82.6 , 110 ," 2,081,541 "," 2,098,080 "," 1,733,012 "," 352,568 "," 821,308 "," 75,366 "," 483,770 ", 389 ," 5,595,330 "," 5,904,424 "," 4,794,819 "," 47,803 "," 4,747,016 "," 1,358 "," 2,548,408 "," 2,749,583 "," 2,356,521 "," 251,730 "," 1,738,748 "," 31,936 "," 334,107 "," 159,193 "," 467,659 ", 508 ," 1,431 "," 7,252,998 ", 81.6 
전라남도," 13,244,645 "," 14,420,077 "," 10,281,943 ", 71.3 , 212 ," 2,280,987 "," 2,321,864 "," 1,694,702 "," 253,100 "," 754,479 "," 139,112 "," 548,011 ", 562 ," 6,911,300 "," 7,664,692 "," 5,643,366 "," 11,573 "," 5,631,793 "," 1,073 "," 4,051,955 "," 4,433,521 "," 2,943,875 "," 396,556 "," 1,810,450 "," 305,296 "," 431,574 "," 149,131 "," 565,223 ", 351 ," 1,685 "," 6,757,212 ", 65.7 
경상북도," 14,334,918 "," 16,076,754 "," 13,188,097 ", 82.0 , 335 ," 2,322,540 "," 2,574,518 "," 2,201,053 "," 396,563 "," 866,232 "," 245,571 "," 692,687 ", 973 ," 7,476,003 "," 8,281,430 "," 6,609,034 "," 419,012 "," 6,190,022 "," 1,024 "," 4,535,687 "," 5,220,805 "," 4,378,010 "," 799,220 "," 2,099,072 "," 557,731 "," 921,987 "," 199,411 "," 439,767 ", 563 ," 20,014 "," 10,018,186 ", 76.0 
경상남도," 14,273,113 "," 15,960,054 "," 13,227,692 ", 82.9 , 999 ," 1,952,526 "," 1,996,532 "," 1,930,346 "," 244,720 "," 736,263 "," 120,192 "," 829,171 ", 522 ," 7,551,374 "," 8,710,039 "," 7,133,872 "," 21,505 "," 7,111,620 "," 1,632 "," 4,769,213 "," 5,253,483 "," 4,163,474 "," 385,366 "," 2,736,720 "," 187,968 "," 871,930 "," 273,022 "," 503,689 "," 1,320 ", 954 ," 10,416,285 ", 78.7 
제주특별자치도," 5,505,400 "," 5,505,400 "," 4,040,087 ", 73.4 , 1 ," 833,965 "," 833,965 "," 750,607 "," 75,268 "," 439,731 "," 16,487 "," 219,121 ", 182 ," 2,888,251 "," 2,888,251 "," 2,146,919 ", - ," 2,146,919 "," 2,496 "," 1,783,184 "," 1,783,184 "," 1,142,561 "," 67,923 "," 969,896 "," 2,124 "," 102,618 "," 66,254 "," 104,898 ", 16 ," 2,379 "," 3,285,689 ", 81.3 
전국('16)," 159,690,118 "," 178,951,281 "," 143,167,635 ", 80.0 ," 5,177.8 "," 39,423,799 "," 47,563,975 "," 43,737,567 "," 5,646,059 "," 26,644,235 "," 1,690,457 "," 9,636,002 "," 6,372.3 "," 70,336,157 "," 76,079,240 "," 58,333,615 "," 824,270 "," 57,436,776 "," 12,714.0 "," 50,168,488 "," 55,308,066 "," 41,096,453 "," 4,480,336 "," 27,041,304 "," 1,778,153 "," 7,647,752 "," 2,695,720 "," 5,284,315 "," 11,974 "," 106,055 "," 120,192,348 ", 84.0 
서울특별시," 10,682,218 "," 10,682,218 "," 10,682,218 ", 100.0 , 343.3 ," 9,631,946 "," 9,631,946 "," 9,631,946 "," 1,366,583 "," 8,264,592 ", 298 , 473 , 88.6 ," 607,291 "," 607,291 "," 607,291 "," 2,363 "," 604,928 ", 88.6 ," 442,981 "," 442,981 "," 442,981 "," 45,442 "," 284,168 "," 44,800 "," 68,570 "," 271,028 "," 483,822 "," 1,517 "," 2,448 "," 10,682,218 ", 100.0 
종로구," 339,188 "," 339,188 "," 339,188 ", 100.0 , 14.1 ," 322,565 "," 322,565 "," 322,565 "," 39,564 "," 283,001 ",,, 1.1 ," 1,150 "," 1,150 "," 1,150 ",," 1,150 ", 1.1 ," 15,473 "," 15,473 "," 15,473 ",, 329 ," 5,222 "," 9,921 "," 9,557 "," 15,774 ",, 100 ," 339,188 ", 100.0 
중구," 265,276 "," 265,276 "," 265,276 ", 100.0 , 9.9 ," 260,785 "," 260,785 "," 260,785 "," 23,293 "," 237,492 ",,, - , 994 , 994 , 994 ,, 994 , - ," 3,497 "," 3,497 "," 3,497 ",, 592 ," 1,630 "," 1,276 "," 7,955 "," 15,232 ",, 28 ," 265,276 ", 100.0 
용산구," 352,876 "," 352,876 "," 352,876 ", 100.0 , 17.1 ," 335,026 "," 335,026 "," 335,026 "," 32,787 "," 302,065 ",, 175 , 0.1 ," 8,062 "," 8,062 "," 8,062 ",," 8,062 ", 0.1 ," 9,788 "," 9,788 "," 9,788 ",, 130 ," 4,403 "," 5,254 "," 9,543 "," 18,004 ", 1 , 90 ," 352,876 ", 100.0 
성동구," 291,882 "," 291,882 "," 291,882 ", 100.0 , 12.8 ," 284,617 "," 284,617 "," 284,617 "," 40,127 "," 244,489 ",,, 0.3 ," 1,553 "," 1,553 "," 1,553 ",," 1,553 ", 0.3 ," 5,712 "," 5,712 "," 5,712 "," 1,099 "," 2,484 ", 398 ," 1,730 "," 8,300 "," 15,897 ",, 103 ," 291,882 ", 100.0 
광진구," 350,149 "," 350,149 "," 350,149 ", 100.0 , 11.7 ," 348,167 "," 348,167 "," 348,167 "," 38,963 "," 309,204 ",,, 0.7 ," 1,375 "," 1,375 "," 1,375 ",," 1,375 ", 0.7 , 607 , 607 , 607 ,, 216 , 153 , 238 ," 9,618 "," 24,904 ",, 40 ," 350,149 ", 100.0 
동대문구," 400,611 "," 400,611 "," 400,611 ", 100.0 , 11.8 ," 394,197 "," 394,197 "," 394,197 "," 50,917 "," 343,279 ",,, 1.9 ," 2,534 "," 2,534 "," 2,534 ",," 2,534 ", 1.9 ," 3,880 "," 3,880 "," 3,880 ",," 1,508 "," 1,898 ", 474 ," 11,936 "," 21,469 ",, 69 ," 400,611 ", 100.0 
중랑구," 404,661 "," 404,661 "," 404,661 ", 100.0 , 11.4 ," 381,695 "," 381,695 "," 381,695 "," 47,427 "," 334,268 ",,, 1.6 ," 12,830 "," 12,830 "," 12,830 ",," 12,830 ", 1.6 ," 10,136 "," 10,136 "," 10,136 "," 2,427 "," 5,982 "," 1,696 ", 31 ," 11,913 "," 18,281 ", 1 , 60 ," 404,661 ", 100.0 
성북구," 471,062 "," 471,062 "," 471,062 ", 100.0 , 15.4 ," 455,757 "," 455,757 "," 455,757 "," 54,808 "," 400,948 ",,, 3.4 ," 6,590 "," 6,590 "," 6,590 ",," 6,590 ", 3.4 ," 8,715 "," 8,715 "," 8,715 ",, 274 ," 2,563 "," 5,877 "," 14,128 "," 22,046 ",, 182 ," 471,062 ", 100.0 
강북구," 332,545 "," 332,545 "," 332,545 ", 100.0 , 9.1 ," 328,836 "," 328,836 "," 328,836 "," 34,010 "," 294,826 ",,, 2.3 ," 2,240 "," 2,240 "," 2,240 ",," 2,240 ", 2.3 ," 1,469 "," 1,469 "," 1,469 ",, 212 , 645 , 612 ," 10,422 "," 16,012 ",, 64 ," 332,545 ", 100.0 
도봉구," 293,265 "," 293,265 "," 293,265 ", 100.0 , 8.5 ," 270,082 "," 270,082 "," 270,082 "," 27,174 "," 242,908 ",,, 2.7 ," 18,039 "," 18,039 "," 18,039 ",," 18,039 ", 2.7 ," 5,144 "," 5,144 "," 5,144 ", 157 ," 3,127 ", 503 ," 1,357 "," 8,098 "," 11,691 ", 29 , 188 ," 293,265 ", 100.0 
노원구," 400,617 "," 400,617 "," 400,617 ", 100.0 , 6.9 ," 322,239 "," 322,239 "," 322,239 "," 54,518 "," 267,721 ",,, 11.5 ," 61,292 "," 61,292 "," 61,292 ", 90 ," 61,201 ", 11.5 ," 17,086 "," 17,086 "," 17,086 ", 295 ," 12,702 "," 2,864 "," 1,226 "," 10,386 "," 14,977 ",, 134 ," 400,617 ", 100.0 
은평구," 455,174 "," 455,174 "," 455,174 ", 100.0 , 15.3 ," 398,851 "," 398,851 "," 398,851 "," 41,737 "," 357,091 ",, 23 , 4.4 ," 24,756 "," 24,756 "," 24,756 ",," 24,756 ", 4.4 ," 31,567 "," 31,567 "," 31,567 "," 2,013 "," 28,508 ", 430 , 616 ," 13,199 "," 22,653 ",, 87 ," 455,174 ", 100.0 
서대문구," 331,933 "," 331,933 "," 331,933 ", 100.0 , 14.6 ," 312,745 "," 312,745 "," 312,745 "," 25,773 "," 286,971 ",,, 2.0 ," 9,032 "," 9,032 "," 9,032 ", 2 ," 9,030 ", 2.0 ," 10,156 "," 10,156 "," 10,156 "," 1,763 "," 4,163 ", 649 ," 3,582 "," 8,881 "," 14,492 ",, 185 ," 331,933 ", 100.0 
마포구," 443,981 "," 443,981 "," 443,981 ", 100.0 , 14.9 ," 394,046 "," 394,046 "," 394,046 "," 43,191 "," 350,855 ",,, 3.2 ," 17,316 "," 17,316 "," 17,316 ",," 17,316 ", 3.2 ," 32,619 "," 32,619 "," 32,619 ", 767 ," 29,631 ", 216 ," 2,005 "," 11,954 "," 23,975 ",, 107 ," 443,981 ", 100.0 
양천구," 387,670 "," 387,670 "," 387,670 ", 100.0 , 9.9 ," 326,721 "," 326,721 "," 326,721 "," 54,818 "," 271,903 ",,, 6.3 ," 47,183 "," 47,183 "," 47,183 ",," 47,183 ", 6.3 ," 13,766 "," 13,766 "," 13,766 "," 1,728 "," 9,082 "," 1,471 "," 1,486 "," 9,527 "," 22,998 ", 1 , 17 ," 387,670 ", 100.0 
강서구," 505,641 "," 505,641 "," 505,641 ", 100.0 , 14.2 ," 382,022 "," 382,022 "," 382,022 "," 52,178 "," 329,837 ", 6 ,, 11.0 ," 60,075 "," 60,075 "," 60,075 "," 1,802 "," 58,273 ", 11.0 ," 63,544 "," 63,544 "," 63,544 "," 12,693 "," 49,385 "," 1,175 ", 290 ," 12,120 "," 21,315 ", 4 , 78 ," 505,641 ", 100.0 
구로구," 379,757 "," 379,757 "," 379,757 ", 100.0 , 16.1 ," 353,563 "," 353,563 "," 353,563 "," 45,709 "," 307,854 ",,, 0.5 ," 6,223 "," 6,223 "," 6,223 ",," 6,223 ", 0.5 ," 19,971 "," 19,971 "," 19,971 "," 2,489 "," 10,113 "," 2,521 "," 4,848 "," 10,016 "," 13,482 ", 2 , 90 ," 379,757 ", 100.0 
금천구," 249,029 "," 249,029 "," 249,029 ", 100.0 , 9.6 ," 229,744 "," 229,744 "," 229,744 "," 42,424 "," 187,101 ", 219 ,, 0.8 ," 2,464 "," 2,464 "," 2,464 ",," 2,464 ", 0.8 ," 16,821 "," 16,821 "," 16,821 "," 1,505 "," 14,135 "," 1,180 ",," 6,309 "," 15,520 ", 3 , 32 ," 249,029 ", 100.0 
영등포구," 467,424 "," 467,424 "," 467,424 ", 100.0 , 15.0 ," 463,568 "," 463,568 "," 463,568 "," 50,201 "," 413,367 ",,, 1.7 ," 1,176 "," 1,176 "," 1,176 ",," 1,176 ", 1.7 ," 2,680 "," 2,680 "," 2,680 ", 179 , 154 ," 2,331 ", 15 ," 12,332 "," 17,360 ", 6 , 94 ," 467,424 ", 100.0 
동작구," 331,742 "," 331,742 "," 331,742 ", 100.0 , 13.9 ," 325,611 "," 325,611 "," 325,611 "," 28,591 "," 297,020 ",,, 1.7 ," 3,839 "," 3,839 "," 3,839 ",," 3,839 ", 1.7 ," 2,292 "," 2,292 "," 2,292 ", 67 ," 1,620 ", 462 , 143 ," 9,796 "," 17,517 ", 6 , 32 ," 331,742 ", 100.0 
관악구," 406,168 "," 406,168 "," 406,168 ", 100.0 , 19.4 ," 403,259 "," 403,259 "," 403,259 "," 37,245 "," 365,941 ", 73 ,, 0.8 ," 1,623 "," 1,623 "," 1,623 ",," 1,623 ", 0.8 ," 1,286 "," 1,286 "," 1,286 ",,, 899 , 388 ," 10,992 "," 24,386 ", 24 , 133 ," 406,168 ", 100.0 
서초구," 540,656 "," 540,656 "," 540,656 ", 100.0 , 24.3 ," 481,072 "," 481,072 "," 481,072 "," 65,291 "," 415,782 ",,, 0.6 ," 40,129 "," 40,129 "," 40,129 ", 23 ," 40,106 ", 0.6 ," 19,455 "," 19,455 "," 19,455 ", 761 ," 7,424 "," 6,540 "," 4,731 "," 11,257 "," 23,538 ", 19 , 227 ," 540,656 ", 100.0 
강남구," 664,127 "," 664,127 "," 664,127 ", 100.0 , 20.5 ," 569,222 "," 569,222 "," 569,222 "," 61,768 "," 507,197 ",, 256 , 10.0 ," 68,703 "," 68,703 "," 68,703 ",," 68,703 ", 10.0 ," 26,203 "," 26,203 "," 26,203 "," 4,761 "," 13,988 "," 2,924 "," 4,529 "," 13,891 "," 22,871 ", 11 , 96 ," 664,127 ", 100.0 
송파구," 656,703 "," 656,703 "," 656,703 ", 100.0 , 16.0 ," 416,724 "," 416,724 "," 416,724 "," 60,243 "," 356,462 ",, 19 , 12.4 ," 148,337 "," 148,337 "," 148,337 ", 446 ," 147,891 ", 12.4 ," 91,642 "," 91,642 "," 91,642 "," 6,178 "," 73,850 ", 370 ," 11,244 "," 13,379 "," 27,664 ", 3 , 129 ," 656,703 ", 100.0 
강동구," 443,039 "," 443,039 "," 443,039 ", 100.0 , 11.0 ," 353,788 "," 353,788 "," 353,788 "," 50,047 "," 303,741 ",,, 7.7 ," 59,779 "," 59,779 "," 59,779 ",," 59,779 ", 7.7 ," 29,472 "," 29,472 "," 29,472 "," 6,560 "," 14,558 "," 1,657 "," 6,696 "," 9,839 "," 21,764 ", 8 , 83 ," 443,039 ", 100.0 
중랑물재생센터," 197,960 "," 197,960 "," 197,960 ", 100.0 ,," 197,960 "," 197,960 "," 197,960 "," 93,937 "," 104,024 ",,,, - , - , - ,,,, - , - , - ,,,,," 1,988 ",, 764 ,," 197,960 ", 100.0 
난지물재생센터," 101,148 "," 101,148 "," 101,148 ", 100.0 ,," 101,148 "," 101,148 "," 101,148 "," 72,482 "," 28,666 ",,,, - , - , - ,,,, - , - , - ,,,,," 1,001 ",, 318 ,," 101,148 ", 100.0 
탄천물재생센터," 109,317 "," 109,317 "," 109,317 ", 100.0 ,," 109,317 "," 109,317 "," 109,317 "," 26,833 "," 82,484 ",,,, - , - , - ,,,, - , - , - ,,,,," 1,266 ",, 115 ,," 109,317 ", 100.0 
서남물재생센터," 108,619 "," 108,619 "," 108,619 ", 100.0 ,," 108,619 "," 108,619 "," 108,619 "," 70,525 "," 38,093 ",,,, - , - , - ,,,, - , - , - ,,,,," 1,425 ",, 202 ,," 108,619 ", 100.0 
부산광역시," 10,485,582 "," 15,116,081 "," 9,161,139 ", 60.6 , 352.7 , - ," 4,630,499 "," 4,630,499 "," 589,958 "," 1,229,346 "," 291,635 "," 2,519,560 ", 414.9 ," 3,367,512 "," 3,367,512 "," 1,781,741 "," 17,508 "," 1,764,233 ", 414.9 ," 7,118,070 "," 7,118,070 "," 2,748,899 "," 280,390 "," 571,782 "," 123,762 "," 1,772,965 "," 80,346 "," 130,653 "," 2,379 "," 1,199 "," 7,478,965 ", 81.6 
중구," 216,400 "," 318,207 "," 173,174 ", 54.4 , 1.4 ,," 101,807 "," 101,807 "," 31,721 "," 18,472 ", 909 ," 50,705 ", 1.4 ," 52,245 "," 52,245 "," 7,158 ", - ," 7,158 ", 1.4 ," 164,155 "," 164,155 "," 64,209 "," 8,196 ", 920 ,," 55,093 "," 10,077 "," 2,902 ",, 30 ," 169,741 ", 98.0 
서구," 380,300 "," 625,450 "," 350,659 ", 56.1 , 6.3 ,," 245,150 "," 245,150 "," 37,305 "," 88,507 "," 25,851 "," 93,487 ", 7.6 ," 108,889 "," 108,889 "," 28,859 ", - ," 28,859 ", 7.6 ," 271,411 "," 271,411 "," 76,650 "," 5,109 "," 7,106 "," 7,932 "," 56,503 "," 1,308 "," 6,010 ", 25 ,," 276,892 ", 79.0 
동구," 350,460 "," 517,735 "," 310,855 ", 60.0 , 2.8 ,," 167,275 "," 167,275 "," 41,357 "," 26,523 "," 7,654 "," 91,741 ", 7.0 ," 83,426 "," 83,426 "," 13,894 ", 257 ," 13,637 ", 7.0 ," 267,034 "," 267,034 "," 129,686 "," 19,261 "," 16,776 "," 16,829 "," 76,820 "," 2,410 "," 5,576 ",, 39 ," 261,804 ", 84.2 
영도구," 365,099 "," 577,572 "," 318,446 ", 55.1 , 8.7 ,," 212,473 "," 212,473 "," 33,340 "," 80,085 "," 7,778 "," 91,270 ", 5.3 ," 106,454 "," 106,454 "," 33,778 ", - ," 33,778 ", 5.3 ," 258,645 "," 258,645 "," 72,195 "," 13,175 "," 19,005 "," 13,182 "," 26,833 "," 1,860 "," 5,708 ",, 52 ," 228,652 ", 71.8 
부산진구," 848,863 "," 1,394,265 "," 856,318 ", 61.4 , 14.8 ,," 545,402 "," 545,402 "," 41,670 "," 203,883 "," 5,185 "," 294,664 ", 14.8 ," 248,938 "," 248,938 "," 215,612 "," 7,070 "," 208,542 ", 14.8 ," 599,925 "," 599,925 "," 95,304 ", 474 ," 33,002 ", 10 ," 61,818 "," 6,581 "," 7,958 ", 30 ,," 709,170 ", 82.8 
동래구," 567,869 "," 859,674 "," 585,797 ", 68.1 , 5.4 ,," 291,805 "," 291,805 "," 44,148 "," 75,476 "," 11,654 "," 160,527 ", 11.2 ," 157,243 "," 157,243 "," 68,803 ", 769 ," 68,034 ", 11.2 ," 410,626 "," 410,626 "," 225,189 "," 14,331 "," 13,938 "," 16,488 "," 180,432 "," 3,165 "," 7,359 ", 160 , 160 ," 466,533 ", 79.6 
남구," 673,841 "," 971,920 "," 598,666 ", 61.6 , 10.9 ,," 298,079 "," 298,079 "," 61,370 "," 93,264 "," 34,715 "," 108,730 ", 16.1 ," 184,879 "," 184,879 "," 92,877 "," 1,345 "," 91,532 ", 16.1 ," 488,962 "," 488,962 "," 207,710 "," 12,102 "," 16,975 "," 12,420 "," 166,213 "," 3,156 "," 8,147 ", 99 ,," 532,402 ", 88.9 
북구," 517,039 "," 748,332 "," 568,214 ", 75.9 , 10.1 ,," 231,293 "," 231,293 "," 28,365 "," 50,253 "," 18,301 "," 134,374 ", 29.3 ," 134,067 "," 134,067 "," 72,338 ",," 72,338 ", 29.3 ," 382,972 "," 382,972 "," 264,583 "," 32,531 "," 42,716 ",," 189,336 "," 6,842 "," 5,642 ",, 12 ," 404,986 ", 71.3 
해운대구," 895,725 "," 1,350,771 "," 792,609 ", 58.7 , 16.0 ,," 455,046 "," 455,046 "," 72,500 "," 102,207 "," 27,462 "," 252,877 ", 35.5 ," 323,152 "," 323,152 "," 176,199 ", 169 ," 176,030 ", 35.5 ," 572,573 "," 572,573 "," 161,364 "," 1,333 "," 100,018 ", 519 ," 59,494 "," 8,794 "," 12,462 ", 108 , 108 ," 653,267 ", 82.4 
사하구," 825,016 "," 1,210,827 "," 848,270 ", 70.1 , 22.4 ,," 385,811 "," 385,811 "," 43,670 "," 126,737 "," 16,302 "," 199,102 ", 18.5 ," 209,160 "," 209,160 "," 170,793 "," 4,344 "," 166,449 ", 18.5 ," 615,856 "," 615,856 "," 291,666 "," 46,338 "," 46,983 "," 16,022 "," 182,323 "," 8,331 "," 13,783 ", 143 , - ," 721,109 ", 85.0 
금정구," 695,470 "," 1,152,813 "," 646,204 ", 56.1 , 53.7 ,," 457,343 "," 457,343 "," 51,460 "," 94,036 "," 65,198 "," 246,649 ", 11.5 ," 179,130 "," 179,130 "," 93,707 ", - ," 93,707 ", 11.5 ," 516,340 "," 516,340 "," 95,154 ", 187 ," 35,219 ", 419 ," 59,329 "," 3,082 "," 9,603 ", - , 246 ," 553,127 ", 85.6 
강서구," 1,534,081 "," 1,835,084 "," 1,004,189 ", 54.7 , 40.0 ,," 301,003 "," 301,003 "," 19,446 "," 22,474 "," 35,574 "," 223,509 ", 140.0 ," 604,595 "," 604,595 "," 370,428 ", - ," 370,428 ", 140.0 ," 929,486 "," 929,486 "," 332,758 "," 48,677 "," 178,580 "," 12,818 "," 92,683 "," 12,748 "," 21,576 "," 1,711 ", 205 ," 844,147 ", 84.1 
연제구," 458,076 "," 632,166 "," 403,010 ", 63.8 , 4.1 ,," 174,090 "," 174,090 "," 19,406 "," 56,795 "," 7,098 "," 90,791 ", 8.0 ," 139,465 "," 139,465 "," 50,731 ", 745 ," 49,986 ", 8.0 ," 318,611 "," 318,611 "," 178,189 "," 8,323 "," 4,624 ", 315 ," 164,927 "," 1,976 "," 5,367 ", 16 ,," 337,365 ", 83.7 
수영구," 415,668 "," 652,857 "," 344,344 ", 52.7 , 2.4 ,," 237,189 "," 237,189 "," 21,809 "," 38,502 "," 4,723 "," 172,155 ", 7.8 ," 108,469 "," 108,469 "," 37,318 ", 140 ," 37,178 ", 7.8 ," 307,199 "," 307,199 "," 69,837 ", 493 ," 25,862 ",," 43,482 "," 1,930 "," 2,896 ",, 52 ," 326,826 ", 94.9 
사상구," 760,217 "," 1,142,505 "," 657,294 ", 57.5 , 5.3 ,," 382,288 "," 382,288 "," 26,406 "," 97,839 "," 14,082 "," 243,961 ", 30.8 ," 196,551 "," 196,551 "," 83,694 "," 2,669 "," 81,025 ", 30.8 ," 563,666 "," 563,666 "," 191,312 "," 33,993 "," 16,162 "," 4,881 "," 136,276 "," 5,053 "," 8,771 ", 81 , 295 ," 599,391 ", 91.2 
기장군," 981,458 "," 1,125,903 "," 703,090 ", 62.4 , 148.3 ,," 144,445 "," 144,445 "," 15,985 "," 54,293 "," 9,149 "," 65,018 ", 70.0 ," 530,849 "," 530,849 "," 265,552 ", - ," 265,552 ", 70.0 ," 450,609 "," 450,609 "," 293,093 "," 35,867 "," 13,896 "," 21,927 "," 221,403 "," 3,033 "," 6,893 ", 6 , - ," 393,553 ", 56.0 
대구광역시," 5,963,415 "," 6,552,463 "," 5,957,568 ", 90.9 , 108.7 ," 3,653,348 "," 3,693,588 "," 3,489,340 "," 356,344 "," 1,140,006 ", 389 ," 1,992,601 ", 98.4 ," 1,455,475 "," 1,530,842 "," 1,140,195 "," 51,326 "," 1,088,869 ", - ," 854,592 "," 1,328,033 "," 1,328,033 "," 112,302 "," 883,741 ", - ," 331,990 "," 78,256 "," 261,731 ", 515 , 9 ," 5,718,228 ", 96.0 
중구," 317,154 "," 324,775 "," 319,083 ", 98.2 , 5.7 ," 309,751 "," 309,751 "," 304,059 "," 23,332 "," 77,432 ",," 203,295 ", 1.3 ," 7,403 "," 15,024 "," 15,024 ",," 15,024 ",,, - , - ,,,,," 1,917 "," 11,714 ", 6 , 3 ," 313,775 ", 98.3 
동구," 854,901 "," 1,028,283 "," 897,611 ", 87.3 , 24.8 ," 501,025 "," 501,025 "," 438,817 "," 33,826 "," 185,279 ",," 219,712 ", 23.4 ," 307,483 "," 307,483 "," 239,019 "," 12,728 "," 226,291 ",," 46,393 "," 219,775 "," 219,775 "," 15,347 "," 172,954 ",," 31,474 "," 22,041 "," 29,050 ", 116 ,," 852,856 ", 95.0 
서구," 704,608 "," 704,608 "," 559,587 ", 79.4 , 11.2 ," 561,333 "," 561,333 "," 539,160 "," 47,940 "," 156,704 ", _ ," 334,516 ", 2.5 ," 143,275 "," 143,275 "," 20,427 "," 2,441 "," 17,986 ",,, - , - ,,,,," 5,193 "," 33,474 ", 10 ,," 552,639 ", 98.8 
남구," 446,466 "," 449,154 "," 381,187 ", 84.9 , 6.5 ," 388,743 "," 388,743 "," 373,574 "," 32,215 "," 43,961 ", - ," 297,398 ", 3.8 ," 57,723 "," 57,723 "," 4,925 ", 900 ," 4,025 ",,," 2,688 "," 2,688 ",,,," 2,688 "," 3,176 "," 33,353 ", 10 , 3 ," 378,696 ", 99.3 
북구," 912,916 "," 975,541 "," 927,272 ", 95.1 , 16.6 ," 505,189 "," 535,838 "," 535,838 "," 67,145 "," 120,212 ",," 348,481 ", 15.5 ," 263,175 "," 263,175 "," 214,906 "," 28,883 "," 186,023 ",," 144,552 "," 176,528 "," 176,528 "," 6,734 "," 147,919 ",," 21,875 "," 9,299 "," 40,237 ", 92 ,," 863,836 ", 93.2 
수성구," 1,052,664 "," 1,074,805 "," 965,012 ", 89.8 , 17.9 ," 767,379 "," 767,379 "," 753,458 "," 71,186 "," 259,920 ", 298 ," 422,054 ", 10.6 ," 217,738 "," 217,738 "," 121,866 ", 651 ," 121,215 ",," 67,547 "," 89,688 "," 89,688 "," 4,878 "," 72,176 ",," 12,634 "," 10,309 "," 29,958 ", 177 ,," 933,670 ", 96.8 
달서구," 1,042,142 "," 1,092,128 "," 1,089,732 ", 99.8 , 13.1 ," 244,477 "," 254,068 "," 254,068 "," 40,743 "," 118,078 ",," 95,247 ", 13.5 ," 248,754 "," 248,754 "," 246,358 "," 5,723 "," 240,635 ",," 548,911 "," 589,306 "," 589,306 "," 61,341 "," 332,882 ",," 195,083 "," 13,164 "," 60,183 ", 6 ,," 1,069,853 ", 98.2 
달성군," 632,564 "," 903,169 "," 818,084 ", 90.6 , 12.9 ," 375,451 "," 375,451 "," 290,366 "," 39,957 "," 178,420 ", 91 ," 71,898 ", 27.9 ," 209,924 "," 277,670 "," 277,670 ",," 277,670 ",," 47,189 "," 250,048 "," 250,048 "," 24,002 "," 157,810 ",," 68,236 "," 13,157 "," 23,762 ", 98 , 3 ," 752,903 ", 92.0 
인천광역시," 5,226,656 "," 6,674,795 "," 5,470,672 ", 82.0 , 145.2 ," 3,041,402 "," 3,193,199 "," 2,549,308 "," 347,599 "," 2,085,855 "," 32,319 "," 85,995 ", 141.6 ," 1,026,120 "," 1,545,968 "," 1,274,120 "," 68,211 "," 1,205,909 ", 163.5 ," 1,159,055 "," 1,935,628 "," 1,647,244 "," 198,730 "," 1,211,804 "," 38,296 "," 198,414 "," 87,761 "," 211,103 ", 217 , - ," 5,162,339 ", 94.4 
중구," 903,576 "," 903,576 "," 718,671 ", 79.5 , 14.5 ," 283,111 "," 283,111 "," 283,111 "," 35,497 "," 236,398 "," 2,231 "," 8,985 ", 36.3 ," 250,463 "," 250,463 "," 176,501 ",," 176,501 ", 36.3 ," 370,002 "," 370,002 "," 259,059 "," 48,595 "," 210,464 ",,," 10,193 "," 15,062 ", 47 ,," 451,227 ", 62.8 
동구," 186,520 "," 186,520 "," 186,520 ", 100.0 , 7.1 ," 186,520 "," 186,520 "," 186,520 "," 41,710 "," 144,810 ",,,,, - , - ,,,,, - , - ,,,,," 2,417 "," 8,549 ", 8 ,," 186,520 ", 100.0 
남구," 593,565 "," 593,565 "," 593,565 ", 100.0 , 13.3 ," 509,551 "," 509,630 "," 509,630 "," 58,898 "," 432,949 "," 8,063 "," 9,720 ", 1.4 ," 27,840 "," 27,840 "," 27,840 ",," 27,840 ", 1.4 ," 56,095 "," 56,095 "," 56,095 "," 5,390 "," 50,260 ",, 445 ," 11,691 "," 24,463 ", 11 ,," 593,565 ", 100.0 
연수구," 665,009 "," 680,194 "," 643,758 ", 94.6 , 6.4 ," 52,816 "," 67,900 "," 67,900 "," 8,740 "," 56,820 "," 1,680 ", 660 , 39.0 ," 297,441 "," 297,441 "," 261,005 ", 966 ," 260,039 ", 39.0 ," 314,752 "," 314,853 "," 314,853 "," 49,594 "," 264,700 ", 459 , 100 ," 9,834 "," 16,545 ", 27 ,," 643,394 ", 99.9 
남동구," 496,671 "," 1,112,330 "," 940,232 ", 84.5 , 27.0 ," 496,671 "," 496,671 "," 324,573 "," 59,974 "," 264,599 "," 2,460 ",,,," 238,898 "," 238,898 "," 20,211 "," 218,687 ", 1.0 ,," 376,761 "," 376,761 "," 56,987 "," 263,452 "," 34,582 "," 21,740 "," 16,485 "," 33,937 ", 18 ,," 940,232 ", 100.0 
부평구," 518,742 "," 619,550 "," 565,839 ", 91.3 , 28.4 ," 406,048 "," 506,856 "," 506,856 "," 57,784 "," 419,940 "," 3,736 "," 25,396 ", 3.6 ," 50,596 "," 50,596 "," 35,998 ",," 35,998 ", 3.6 ," 62,098 "," 62,098 "," 22,985 "," 3,224 "," 19,761 ",,," 10,445 "," 20,490 ", 75 ,," 565,839 ", 100.0 
계양구," 297,267 "," 297,267 "," 297,267 ", 100.0 , 10.0 ," 200,066 "," 200,066 "," 200,066 "," 24,009 "," 161,545 "," 10,753 "," 3,759 ", 0.5 ," 45,325 "," 45,325 "," 45,325 "," 5,492 "," 39,833 ", 7.0 ," 51,876 "," 51,876 "," 51,876 "," 7,017 "," 41,440 ", 755 ," 2,664 "," 5,607 "," 9,876 ", 2 ,," 297,267 ", 100.0 
서구," 1,146,463 "," 1,827,124 "," 1,381,046 ", 75.6 , 30.0 ," 840,000 "," 840,000 "," 393,922 "," 56,784 "," 303,042 "," 3,396 "," 30,700 ", 40.0 ," 160,250 "," 441,200 "," 441,200 "," 35,000 "," 406,200 ", 40.0 ," 146,213 "," 545,924 "," 545,924 "," 19,909 "," 354,525 "," 1,190 "," 170,300 "," 19,338 "," 78,240 ", 26 ,," 1,370,000 ", 99.2 
강화군," 325,866 "," 361,692 "," 97,785 ", 27.0 , 3.6 ," 11,325 "," 47,151 "," 47,151 "," 4,203 "," 36,173 ",," 6,775 ", 19.0 ," 167,821 "," 167,821 "," 31,551 "," 6,542 "," 25,009 ", 35.0 ," 146,720 "," 146,720 "," 19,083 "," 8,014 "," 6,594 "," 1,310 "," 3,165 "," 1,158 "," 2,967 ", 2 ,," 95,795 ", 98.0 
옹진군," 92,977 "," 92,977 "," 45,989 ", 49.5 , 4.9 ," 55,294 "," 55,294 "," 29,579 ", - ," 29,579 ", - , - , 1.8 ," 26,384 "," 26,384 "," 15,802 ", - ," 15,802 ", 0.2 ," 11,299 "," 11,299 ", 608 , - , 608 , - , - , 593 , 974 , 1 , - ," 18,500 ", 40.2 
광주광역시," 4,335,700 "," 5,502,489 "," 4,339,459 ", 78.9 , - ," 612,100 "," 1,678,723 "," 1,678,723 "," 154,270 "," 1,090,516 "," 22,890 "," 411,047 ", 160.7 ," 1,522,700 "," 1,569,960 "," 1,417,727 "," 46,381 "," 1,371,346 ", - ," 2,200,900 "," 2,253,806 "," 1,243,009 "," 119,226 "," 1,071,803 "," 2,271 "," 49,709 "," 90,707 "," 95,690 ", 263 , 213 ," 3,780,509 ", 87.1 
동구," 394,300 "," 464,909 "," 348,708 ", 75.0 , - ," 214,500 "," 277,411 "," 277,411 "," 31,594 "," 166,782 ", 272 ," 78,763 ", 10.0 ," 35,600 "," 43,298 "," 43,298 "," 2,610 "," 40,688 ",," 144,200 "," 144,200 "," 27,999 "," 2,046 "," 25,504 ", - , 449 ," 15,260 "," 7,817 ", 100 , - ," 264,596 ", 75.9 
서구," 781,000 "," 1,110,910 "," 813,137 ", 73.2 , - , - ," 329,910 "," 329,910 "," 34,693 "," 250,350 "," 1,959 "," 42,908 ", 26.3 ," 305,900 "," 305,900 "," 258,443 "," 10,776 "," 247,667 ",," 475,100 "," 475,100 "," 224,784 "," 17,788 "," 198,962 ", 4 ," 8,030 "," 18,650 "," 18,305 ", 50 , 90 ," 813,137 ", 100.0 
남구," 453,100 "," 641,613 "," 475,898 ", 74.2 , - ," 47,500 "," 232,345 "," 232,345 "," 21,706 "," 173,952 "," 2,279 "," 34,408 ", 14.4 ," 141,900 "," 145,568 "," 145,568 "," 4,214 "," 141,354 ",," 263,700 "," 263,700 "," 97,985 "," 10,977 "," 83,592 ",," 3,416 "," 19,720 "," 14,291 ", 68 , 23 ," 417,616 ", 87.8 
북구," 1,407,600 "," 1,872,324 "," 1,288,983 ", 68.8 , - ," 14,500 "," 479,224 "," 479,224 "," 42,895 "," 317,153 "," 3,011 "," 116,165 ", 39.8 ," 560,500 "," 560,500 "," 455,724 "," 6,017 "," 449,707 ",," 832,600 "," 832,600 "," 354,035 "," 36,840 "," 302,670 ", 473 ," 14,052 "," 19,514 "," 23,892 ", 29 , 27 ," 1,116,584 ", 86.6 
광산구," 1,299,700 "," 1,412,733 "," 1,412,733 ", 100.0 , - ," 335,600 "," 359,833 "," 359,833 "," 23,382 "," 182,279 "," 15,369 "," 138,803 ", 70.2 ," 478,800 "," 514,694 "," 514,694 "," 22,764 "," 491,930 ",," 485,300 "," 538,206 "," 538,206 "," 51,575 "," 461,075 "," 1,794 "," 23,762 "," 17,563 "," 31,385 ", 16 , 73 ," 1,168,576 ", 82.7 
대전광역시," 3,460,125 "," 3,688,857 "," 3,561,118 ", 96.5 , 55.4 ," 1,493,422 "," 1,656,570 "," 1,616,476 "," 230,913 "," 949,526 ", - ," 436,037 ", 86.4 ," 917,363 "," 929,291 "," 842,782 "," 1,943 "," 840,839 ", 86.4 ," 1,049,340 "," 1,102,996 "," 1,101,860 "," 135,946 "," 851,578 ", - ," 114,336 "," 57,560 "," 73,518 ", 161 , - ," 3,293,789 ", 92.5 
동구," 588,683 "," 621,134 "," 597,339 ", 96.2 , 14.9 ," 356,739 "," 388,740 "," 388,740 "," 38,828 "," 251,191 ",," 98,721 ", 7.6 ," 125,266 "," 125,266 "," 101,471 ",," 101,471 ", 7.6 ," 106,678 "," 107,128 "," 107,128 "," 12,766 "," 71,184 ",," 23,178 "," 10,262 "," 5,812 ", 55 ,," 554,527 ", 92.8 
중구," 533,381 "," 566,043 "," 564,907 ", 99.8 , 14.1 ," 425,759 "," 446,493 "," 446,493 "," 55,236 "," 229,282 ",," 161,975 ", 2.8 ," 47,909 "," 59,837 "," 59,837 ",," 59,837 ", 2.8 ," 59,713 "," 59,713 "," 58,577 "," 4,015 "," 47,952 ",," 6,610 "," 9,216 "," 4,152 ", 40 ,," 529,666 ", 93.8 
서구," 726,678 "," 762,242 "," 757,521 ", 99.4 , 10.4 ," 259,987 "," 295,551 "," 295,551 "," 58,816 "," 172,892 ",," 63,843 ", 18.2 ," 218,719 "," 218,719 "," 213,998 "," 1,943 "," 212,055 ", 18.2 ," 247,972 "," 247,972 "," 247,972 "," 27,487 "," 202,134 ",," 18,351 "," 14,244 "," 21,281 ", 35 ,," 721,586 ", 99.9 
유성구," 982,304 "," 1,101,802 "," 1,051,062 ", 95.4 , 2.8 ," 186,326 "," 252,701 "," 212,607 "," 35,267 "," 153,194 ",," 24,146 ", 46.3 ," 329,154 "," 329,154 "," 318,508 ",," 318,508 ", 46.3 ," 466,824 "," 519,947 "," 519,947 "," 72,174 "," 402,770 ",," 45,003 "," 13,939 "," 29,601 ", 21 ,," 904,527 ", 86.1 
대덕구," 629,079 "," 637,636 "," 590,289 ", 92.6 , 13.1 ," 264,611 "," 273,085 "," 273,085 "," 42,766 "," 142,967 ",," 87,352 ", 11.5 ," 196,315 "," 196,315 "," 148,968 ",," 148,968 ", 11.5 ," 168,153 "," 168,236 "," 168,236 "," 19,504 "," 127,538 ",," 21,194 "," 9,899 "," 12,672 ", 10 ,," 583,483 ", 98.8 
울산광역시," 5,022,784 "," 5,127,383 "," 4,139,229 ", 82.4 , - ," 86,475 "," 86,475 "," 86,474 "," 83,233 "," 3,242 ", - , - , 228.3 ," 2,623,728 "," 2,660,517 "," 1,962,369 "," 17,853 "," 1,944,516 ", 977.5 ," 2,312,581 "," 2,380,391 "," 2,090,387 "," 235,405 "," 1,074,099 ", - ," 780,883 "," 70,570 "," 104,774 ", 114 , 832 ," 4,139,229 ", 100.0 
중구," 715,908 "," 715,908 "," 623,152 ", 87.0 ,, - , - , - , - , - ,,, 18.0 ," 285,091 "," 285,091 "," 249,637 "," 1,189 "," 248,448 ", 46.8 ," 430,817 "," 430,817 "," 373,515 "," 22,097 "," 162,369 ",," 189,050 "," 11,023 "," 19,459 ", 23 , 28 ," 623,152 ", 100.0 
남구," 1,034,916 "," 1,084,474 "," 1,084,474 ", 100.0 ,," 5,290 "," 5,290 "," 5,290 "," 4,944 ", 346 ,,, 53.8 ," 376,680 "," 413,469 "," 413,469 "," 8,096 "," 405,373 ", 116.2 ," 652,946 "," 665,715 "," 665,715 "," 111,348 "," 302,685 ",," 251,682 "," 15,076 "," 26,482 ", 43 , 43 ," 1,084,474 ", 100.0 
동구," 494,143 "," 494,143 "," 385,261 ", 78.0 ,," 27,739 "," 27,739 "," 27,739 "," 27,340 ", 399 ,,, 19.7 ," 209,133 "," 209,133 "," 161,100 ", 108 ," 160,992 ", 51.0 ," 257,271 "," 257,271 "," 196,422 "," 4,907 "," 107,125 ",," 84,389 "," 5,966 "," 17,021 ",, 4 ," 385,261 ", 100.0 
북구," 690,778 "," 745,819 "," 566,224 ", 75.9 ,," 14,476 "," 14,476 "," 14,476 "," 14,002 ", 474 ,,, 35.1 ," 453,497 "," 453,497 "," 273,902 "," 3,680 "," 270,221 ", 105.3 ," 222,805 "," 277,846 "," 277,846 "," 33,936 "," 165,233 ",," 78,678 "," 10,224 "," 11,767 ", 16 , 166 ," 566,224 ", 100.0 
울주군," 2,087,039 "," 2,087,039 "," 1,480,118 ", 70.9 ,," 38,970 "," 38,970 "," 38,970 "," 36,947 "," 2,022 ",,, 101.7 ," 1,299,327 "," 1,299,327 "," 864,261 "," 4,779 "," 859,482 ", 658.3 ," 748,742 "," 748,742 "," 576,888 "," 63,116 "," 336,687 ",," 177,085 "," 28,281 "," 30,045 ", 32 , 591 ," 1,480,118 ", 100.0 
 세종특별자치시 ," 1,127,663 "," 1,133,020 "," 920,590 ", 81.3 , 10.3 ," 166,277 "," 166,391 "," 165,109 "," 12,708 "," 112,580 ", - ," 39,821 ", 55.1 ," 569,156 "," 569,156 "," 364,610 ", - ," 364,610 ", 55.1 ," 392,230 "," 397,473 "," 390,871 "," 37,842 "," 196,429 ", - ," 156,600 "," 13,805 "," 13,011 ", 6 , 289 ," 920,590 ", 100.0 
조치원읍," 220,701 "," 220,701 "," 214,524 ", 97.2 , 2.2 ," 49,393 "," 49,393 "," 49,393 "," 4,860 "," 39,039 ", - ," 5,494 ", 5.3 ," 92,970 "," 92,970 "," 86,794 ", - ," 86,794 ", 5.3 ," 78,338 "," 78,338 "," 78,337 "," 14,420 "," 36,388 ", - ," 27,529 "," 3,326 "," 2,317 ", 6 , 22 ," 214,524 ", 100.0 
연동면," 54,509 "," 54,509 "," 32,875 ", 60.3 , 0.9 ," 22,814 "," 22,814 "," 22,813 "," 2,562 "," 13,181 ", - ," 7,070 ", 0.3 ," 25,979 "," 25,979 "," 4,348 ", - ," 4,348 ", 0.3 ," 5,716 "," 5,716 "," 5,714 ", 423 ," 4,383 ", - , 908 , 645 , 139 , - , 22 ," 32,875 ", 100.0 
연서면," 110,099 "," 110,099 "," 94,879 ", 86.2 , 0.5 ," 8,126 "," 8,126 "," 8,012 ", 550 ," 5,758 ", - ," 1,704 ", 4.8 ," 70,522 "," 70,522 "," 55,421 ", - ," 55,421 ", 4.8 ," 31,451 "," 31,451 "," 31,446 "," 2,019 "," 17,711 ", - ," 11,716 "," 1,851 ", 482 , - , 63 ," 94,879 ", 100.0 
연기면," 28,227 "," 28,227 "," 28,225 ", 100.0 , 1.5 , - , - , - , - , - , - , - , 8.9 ," 12,975 "," 12,975 "," 12,974 ", - ," 12,974 ", 8.9 ," 15,252 "," 15,252 "," 15,251 "," 1,219 "," 7,389 ", - ," 6,643 ", 536 , - , - , 11 ," 28,225 ", 100.0 
금남면," 82,385 "," 82,499 "," 38,872 ", 47.1 , 1.1 ," 33,089 "," 33,203 "," 33,203 "," 3,472 "," 19,602 ", - ," 10,129 ", 0.7 ," 45,581 "," 45,581 "," 1,954 ", - ," 1,954 ", 0.7 ," 3,715 "," 3,715 "," 3,715 ", 68 , 997 , - ," 2,650 ", 741 ," 1,004 ", - , 36 ," 38,872 ", 100.0 
전의면," 82,635 "," 82,637 "," 54,441 ", 65.9 , 1.2 ," 18,044 "," 18,044 "," 18,042 ", 307 ," 13,082 ", - ," 4,653 ", 1.5 ," 44,518 "," 44,518 "," 16,324 ", - ," 16,324 ", 1.5 ," 20,073 "," 20,075 "," 20,075 "," 2,177 "," 12,113 ", - ," 5,785 "," 1,477 ", 108 , - , 38 ," 54,441 ", 100.0 
전동면," 64,600 "," 64,600 "," 42,363 ", 65.6 , 0.9 ," 11,263 "," 11,263 "," 10,099 ", 130 ," 6,925 ", - ," 3,044 ", 1.6 ," 39,432 "," 39,432 "," 18,359 ", - ," 18,359 ", 1.6 ," 13,905 "," 13,905 "," 13,905 ", 488 ," 9,259 ", - ," 4,158 ", 568 , 314 , - , 32 ," 42,363 ", 100.0 
장군면," 78,443 "," 78,443 "," 20,756 ", 26.5 , 1.2 ," 20,538 "," 20,538 "," 20,537 ", 575 ," 12,420 ", - ," 7,542 ", 2.0 ," 57,839 "," 57,839 ", 153 , - , 153 , 2.0 , 66 , 66 , 66 , 66 , - , - , - , 242 , 158 , - , 24 ," 20,756 ", 100.0 
부강면," 51,239 "," 51,239 "," 40,182 ", 78.4 , 0.7 ," 3,010 "," 3,010 "," 3,010 ", 252 ," 2,573 ", - , 185 , - ," 25,945 "," 25,945 "," 14,888 ", - ," 14,888 ", - ," 22,284 "," 22,284 "," 22,284 "," 1,755 "," 10,993 ", - ," 9,536 ", 773 , 72 , - , 13 ," 40,182 ", 100.0 
소정면," 44,323 "," 44,323 "," 44,322 ", 100.0 , - , - , - , - , - , - , - , - , 1.5 ," 20,338 "," 20,338 "," 20,338 ", - ," 20,338 ", 1.5 ," 23,985 "," 23,985 "," 23,984 "," 2,157 "," 11,307 ", - ," 10,520 ", 828 ," 1,618 ", - , 28 ," 44,322 ", 100.0 
한솔동," 84,258 "," 84,258 "," 77,666 ", 92.2 , - , - , - , - , - , - , - , - , 14.9 ," 41,681 "," 41,681 "," 41,681 ", - ," 41,681 ", 14.9 ," 42,577 "," 42,577 "," 35,985 "," 3,836 "," 16,801 ", - ," 15,348 ", 587 ," 1,100 ", - , - ," 77,666 ", 100.0 
도담동," 78,627 "," 78,627 "," 78,627 ", 100.0 , - , - , - , - , - , - , - , - , 4.7 ," 17,850 "," 17,850 "," 17,850 ", - ," 17,850 ", 4.7 ," 60,777 "," 60,777 "," 60,777 "," 3,071 "," 30,192 ", - ," 27,514 "," 1,075 "," 1,740 ", - , - ," 78,627 ", 100.0 
아름동," 106,070 "," 111,311 "," 111,311 ", 100.0 , - , - , - , - , - , - , - , - , 7.8 ," 55,748 "," 55,748 "," 55,748 ", - ," 55,748 ", 7.8 ," 50,322 "," 55,563 "," 55,563 "," 4,692 "," 26,118 ", - ," 24,753 ", 985 ," 3,388 ", - , - ," 111,311 ", 100.0 
종촌동," 41,547 "," 41,547 "," 41,547 ", 100.0 ,,, - , - , - , - , - , - , 1.2 ," 17,778 "," 17,778 "," 17,778 ",," 17,778 ", 1.2 ," 23,769 "," 23,769 "," 23,769 "," 1,451 "," 12,778 ",," 9,540 ", 171 , 571 ,,," 41,547 ", 100.0 
경기도," 29,216,152 "," 32,343,250 "," 26,490,918 ", 81.9 ," 1,327.5 "," 5,988,851 "," 6,849,550 "," 6,460,063 "," 728,096 "," 5,093,095 "," 298,011 "," 340,860 "," 1,416.9 "," 14,205,962 "," 15,317,582 "," 11,372,403 "," 59,520 "," 11,312,884 "," 2,014.5 "," 9,170,133 "," 10,176,118 "," 8,658,452 "," 846,683 "," 7,291,783 "," 152,492 "," 367,493 "," 722,135 "," 1,067,143 "," 1,844 "," 3,926 "," 23,653,867 ", 89.3 
시부," 26,914,100 "," 29,838,417 "," 24,657,458 ", 82.6 , 640.6 ," 5,700,730 "," 6,561,429 "," 6,217,777 "," 707,383 "," 4,942,145 "," 227,388 "," 340,860 "," 1,278.7 "," 12,450,789 "," 13,519,301 "," 9,998,517 "," 59,520 "," 9,938,998 "," 1,532.3 "," 8,762,582 "," 9,757,687 "," 8,441,164 "," 829,358 "," 7,107,327 "," 141,107 "," 363,372 "," 683,024 "," 1,022,252 "," 1,791 "," 3,682 "," 22,230,189 ", 90.2 
수원시," 2,050,387 "," 2,139,981 "," 1,961,404 ", 91.7 , 17.7 ," 944,972 "," 1,033,338 "," 1,033,338 "," 126,355 "," 879,223 "," 4,931 "," 22,829 ", 38.5 ," 583,214 "," 583,214 "," 405,253 ", - ," 405,253 ", 38.5 ," 522,201 "," 523,429 "," 522,813 "," 31,735 "," 424,248 ", 956 ," 65,874 "," 40,298 "," 122,104 ", 322 , 727 ," 1,873,483 ", 95.5 
장안구," 447,902 "," 468,744 "," 385,311 ", 82.2 , 2.8 ," 249,941 "," 270,758 "," 270,758 "," 22,841 "," 240,957 ", 667 ," 6,293 ", 7.5 ," 127,206 "," 127,206 "," 43,773 ", - ," 43,773 ", 7.5 ," 70,755 "," 70,780 "," 70,780 "," 6,814 "," 44,545 ", 748 ," 18,673 "," 8,602 "," 10,216 ", 90 , 258 ," 364,601 ", 94.6 
권선구," 726,508 "," 771,024 "," 718,442 ", 93.2 , 6.1 ," 300,385 "," 343,698 "," 343,698 "," 50,494 "," 286,950 "," 2,703 "," 3,551 ", 11.7 ," 217,476 "," 217,476 "," 164,894 ", - ," 164,894 ", 11.7 ," 208,647 "," 209,850 "," 209,850 "," 13,916 "," 180,928 ", 208 ," 14,798 "," 14,289 "," 12,157 ", 110 , 255 ," 675,406 ", 94.0 
팔달구," 349,014 "," 357,991 "," 357,372 ", 99.8 , 8.8 ," 267,815 "," 276,792 "," 276,792 "," 23,407 "," 248,657 ", - ," 4,728 ", 1.8 ," 25,657 "," 25,657 "," 25,197 ", - ," 25,197 ", 1.8 ," 55,542 "," 55,542 "," 55,383 ", 522 ," 29,646 ", - ," 25,215 "," 8,705 "," 75,087 ", 100 , 105 ," 348,395 ", 97.5 
영통구," 526,963 "," 542,222 "," 500,279 ", 92.3 , - ," 126,831 "," 142,090 "," 142,090 "," 29,613 "," 102,659 "," 1,561 "," 8,257 ", 17.5 ," 212,875 "," 212,875 "," 171,389 ", - ," 171,389 ", 17.5 ," 187,257 "," 187,257 "," 186,800 "," 10,483 "," 169,129 ", - ," 7,188 "," 8,702 "," 24,644 ", 22 , 109 ," 485,081 ", 97.0 
성남시," 1,097,153 "," 1,403,750 "," 1,303,496 ", 92.9 , 20.5 ," 453,717 "," 481,259 "," 431,145 "," 123,672 "," 307,112 ", 361 , - , 37.4 ," 366,929 "," 426,626 "," 376,486 ", 1 ," 376,485 ", 33.0 ," 276,507 "," 495,865 "," 495,865 "," 47,675 "," 448,191 ", - , - ," 29,705 "," 39,914 ", 42 , 560 ," 1,301,153 ", 99.8 
수정구," 324,771 "," 359,074 "," 299,453 ", 83.4 , 13.4 ," 228,094 "," 228,094 "," 192,222 "," 29,566 "," 162,299 ", 357 , - , 5.2 ," 64,266 "," 64,266 "," 40,516 ", - ," 40,516 ", 6.0 ," 32,411 "," 66,714 "," 66,714 "," 6,673 "," 60,042 ", - , - ," 8,099 "," 8,241 ", 7 , 132 ," 299,202 ", 99.9 
중원구," 281,889 "," 321,027 "," 280,395 ", 87.3 , 7.2 ," 220,886 "," 220,886 "," 206,643 "," 67,155 "," 139,485 ", 3 , - , 1.3 ," 52,145 "," 52,145 "," 25,755 ", - ," 25,755 ", 1.0 ," 8,858 "," 47,996 "," 47,996 "," 7,334 "," 40,662 ",,," 6,395 "," 9,607 ", 34 , 54 ," 280,395 ", 100.0 
분당구," 490,493 "," 723,649 "," 723,649 ", 100.0 ,," 4,737 "," 32,279 "," 32,279 "," 26,951 "," 5,328 ", - , - , 31.0 ," 250,518 "," 310,215 "," 310,215 ", 1 ," 310,214 ", 26.0 ," 235,238 "," 381,155 "," 381,155 "," 33,668 "," 347,487 ", - , - ," 15,211 "," 22,066 ", 1 , 374 ," 721,556 ", 99.7 
의정부시," 519,092 "," 533,240 "," 520,603 ", 97.6 , 9.4 ," 260,505 "," 260,505 "," 259,184 "," 40,903 "," 218,281 ", - , - , 13.2 ," 143,453 "," 157,601 "," 157,601 ", - ," 157,601 ", 13.2 ," 115,134 "," 115,134 "," 103,818 "," 1,376 "," 101,841 ", 601 , - ," 11,846 ", - , 68 , 216 ," 490,956 ", 94.3 
가능동," 60,453 "," 62,101 "," 60,629 ", 97.6 , 2.3 ," 30,338 "," 30,338 "," 30,184 "," 4,764 "," 25,421 ",,, 0.2 ," 16,706 "," 18,354 "," 18,354 ",," 18,354 ", 0.2 ," 13,408 "," 13,408 "," 12,091 ", 160 ," 11,860 ", 70 ,," 1,041 ",, 11 , 27 ," 60,191 ", 99.3 
고산동, - , - , - , - , - , - , - , - , - , - ,,, - , - , - , - ,, - , - , - , - , - , - , - , - ,, - ,, - , 11 , - , - 
금오동," 49,146 "," 50,485 "," 49,289 ", 97.6 , 2.2 ," 24,664 "," 24,664 "," 24,539 "," 3,873 "," 20,666 ",,, 1.3 ," 13,582 "," 14,921 "," 14,921 ",," 14,921 ", 1.3 ," 10,901 "," 10,901 "," 9,829 ", 130 ," 9,642 ", 57 ,," 1,397 ",, 9 , 17 ," 45,607 ", 92.5 
낙양동, - , - , - , - , - , - , - , - , - , - ,,, - , - , - , - ,, - , - , - , - , - , - , - , - ,, - ,, - , 9 , - , - 
녹양동," 35,520 "," 36,488 "," 35,623 ", 97.6 ,," 17,825 "," 17,825 "," 17,735 "," 2,799 "," 14,936 ",,, 0.3 ," 9,816 "," 10,784 "," 10,784 ",," 10,784 ", 0.3 ," 7,878 "," 7,878 "," 7,104 ", 94 ," 6,969 ", 41 ,, 935 ,, 7 , 28 ," 35,485 ", 99.6 
민락동," 37,931 "," 38,965 "," 38,041 ", 97.6 , - ," 19,036 "," 19,036 "," 18,939 "," 2,989 "," 15,950 ",,, 2.6 ," 10,482 "," 11,516 "," 11,516 ",," 11,516 ", 2.6 ," 8,413 "," 8,413 "," 7,586 ", 101 ," 7,442 ", 44 ,, 921 ,, 1 , 26 ," 36,518 ", 96.0 
산곡동, - , - , - , - , - , - , - , - , - , - ,,, - , - , - , - ,, - , - , - , - , - , - , - , - ,, - ,, - , 1 , - , - 
신곡동," 71,319 "," 73,262 "," 71,526 ", 97.6 , 0.6 ," 35,791 "," 35,791 "," 35,610 "," 5,620 "," 29,990 ",,, 1.9 ," 19,709 "," 21,653 "," 21,653 ",," 21,653 ", 1.9 ," 15,818 "," 15,818 "," 14,264 ", 189 ," 13,992 ", 83 ,," 1,904 ",, 8 , 16 ," 71,249 ", 99.6 
용현동," 54,551 "," 56,038 "," 54,710 ", 97.6 , 1.1 ," 27,376 "," 27,376 "," 27,237 "," 4,298 "," 22,939 ",,, 2.0 ," 15,075 "," 16,562 "," 16,562 ",," 16,562 ", 2.0 ," 12,099 "," 12,099 "," 10,910 ", 145 ," 10,702 ", 63 ,, 940 ,, 1 , 13 ," 35,344 ", 64.6 
의정부동," 124,461 "," 127,854 "," 124,824 ", 97.6 , 2.7 ," 62,461 "," 62,461 "," 62,144 "," 9,807 "," 52,337 ",,, 1.7 ," 34,395 "," 37,788 "," 37,788 ",," 37,788 ", 1.7 ," 27,605 "," 27,605 "," 24,892 ", 330 ," 24,418 ", 144 ,," 2,409 ",, 12 , 6 ," 121,089 ", 97.0 
자일동, - , - , - , - , - , - , - , - , - , - ,,, - , - , - , - ,, - , - , - , - , - , - , - , - ,, - ,, - , 9 , - , - 
장암동," 16,342 "," 16,787 "," 16,390 ", 97.6 , 0.1 ," 8,201 "," 8,201 "," 8,160 "," 1,288 "," 6,872 ",,, 0.2 ," 4,516 "," 4,962 "," 4,962 ",," 4,962 ", 0.2 ," 3,625 "," 3,625 "," 3,268 ", 43 ," 3,206 ", 19 ,, 402 ,, - , 23 ," 16,171 ", 98.7 
호원동," 69,370 "," 71,260 "," 69,572 ", 97.6 , 0.4 ," 34,813 "," 34,813 "," 34,636 "," 5,466 "," 29,170 ",,, 3.0 ," 19,171 "," 21,061 "," 21,061 ",," 21,061 ", 3.0 ," 15,386 "," 15,386 "," 13,874 ", 184 ," 13,610 ", 80 ,," 1,899 ",, 19 , 30 ," 69,302 ", 99.6 
안양시," 656,370 "," 787,789 "," 666,831 ", 84.6 , 10.0 ," 398,149 "," 468,118 "," 391,431 "," 38,900 "," 344,180 ", 259 ," 8,092 ", 16.5 ," 164,859 "," 174,406 "," 160,602 "," 29,287 "," 131,315 ", 16.5 ," 93,362 "," 145,265 "," 114,798 "," 18,788 "," 92,345 ", - ," 3,665 "," 12,078 "," 26,056 ", 270 , 357 ," 666,831 ", 100.0 
만안구," 320,369 "," 390,338 "," 346,067 ", 88.7 , 5.1 ," 160,735 "," 230,704 "," 230,704 "," 18,946 "," 205,805 ", - ," 5,953 ", 7.6 ," 89,111 "," 89,111 "," 75,307 "," 19,224 "," 56,083 ", 7.6 ," 70,523 "," 70,523 "," 40,056 "," 7,479 "," 28,981 ", - ," 3,596 "," 6,261 "," 14,813 ", 166 , 236 ," 346,067 ", 100.0 
동안구," 336,001 "," 397,451 "," 320,764 ", 80.7 , 4.9 ," 237,414 "," 237,414 "," 160,727 "," 19,954 "," 138,375 ", 259 ," 2,139 ", 8.9 ," 75,748 "," 85,295 "," 85,295 "," 10,063 "," 75,232 ", 8.9 ," 22,839 "," 74,742 "," 74,742 "," 11,309 "," 63,364 ", - , 69 ," 5,817 "," 11,243 ", 104 , 121 ," 320,764 ", 100.0 
부천시," 905,653 "," 906,131 "," 902,890 ", 99.6 , 33.1 ," 599,901 "," 600,379 "," 600,116 "," 74,668 "," 524,076 "," 1,372 ", - , 9.6 ," 125,727 "," 125,727 "," 124,544 ", 125 ," 124,419 ", 9.6 ," 180,025 "," 180,025 "," 178,230 "," 40,024 "," 138,206 ", - , - ," 17,525 "," 42,118 ", 42 , 37 ," 902,890 ", 100.0 
원미권역," 450,033 "," 450,033 "," 449,547 ", 99.9 , 12.3 ," 250,826 "," 250,826 "," 250,563 "," 27,628 "," 222,926 ", 9 ,, 8.2 ," 82,110 "," 82,110 "," 82,110 ", 125 ," 81,985 ", 8.2 ," 117,097 "," 117,097 "," 116,874 "," 31,035 "," 85,839 ",, - ," 8,643 "," 20,732 ", 20 , 2 ," 449,547 ", 100.0 
소사권역," 193,586 "," 193,586 "," 193,241 ", 99.8 , 7.2 ," 149,900 "," 149,900 "," 149,900 "," 19,709 "," 129,392 ", 799 ,, 1.3 ," 17,101 "," 17,101 "," 16,756 ",," 16,756 ", 1.3 ," 26,585 "," 26,585 "," 26,585 "," 2,783 "," 23,802 ",,," 3,938 "," 8,922 ", 8 , 24 ," 193,241 ", 100.0 
오정권역," 262,034 "," 262,512 "," 260,102 ", 99.1 , 13.5 ," 199,175 "," 199,653 "," 199,653 "," 27,331 "," 171,758 ", 564 ,,," 26,516 "," 26,516 "," 25,678 ",," 25,678 ",," 36,343 "," 36,343 "," 34,771 "," 6,206 "," 28,565 ",, - ," 4,944 "," 12,464 ", 14 , 11 ," 260,102 ", 100.0 
광명시," 173,824 "," 392,771 "," 363,122 ", 92.5 , 2.9 ," 24,539 "," 187,737 "," 187,737 "," 32,231 "," 155,506 ", - , - , 9.7 ," 88,576 "," 105,933 "," 89,002 "," 3,667 "," 85,335 ", 9.7 ," 60,709 "," 99,101 "," 86,383 "," 10,291 "," 74,631 "," 1,152 ", 309 ," 7,816 "," 15,217 ", 19 , 48 ," 363,122 ", 100.0 
광명동," 50,029 "," 133,885 "," 110,041 ", 82.2 , 2.1 ," 1,031 "," 84,887 "," 84,887 "," 6,064 "," 78,823 ",,, 0.6 ," 26,631 "," 26,631 "," 15,505 ",," 15,505 ", 0.6 ," 22,367 "," 22,367 "," 9,649 ",," 9,649 ",,," 2,687 "," 6,349 ", 10 , 29 ," 110,041 ", 100.0 
철산동," 23,092 "," 65,429 "," 65,429 ", 100.0 , 0.3 ," 14,248 "," 29,314 "," 29,314 "," 5,369 "," 23,945 ",,, 2.3 ," 6,829 "," 20,351 "," 20,351 "," 2,670 "," 17,681 ", 2.3 ," 2,015 "," 15,764 "," 15,764 ", 339 ," 15,425 ",,," 1,545 "," 2,393 ", 2 , 6 ," 65,429 ", 100.0 
하안동," 33,062 "," 64,127 "," 64,127 ", 100.0 , 0.4 ," 7,964 "," 23,026 "," 23,026 "," 10,965 "," 12,061 ",,, 3.8 ," 20,984 "," 24,819 "," 24,819 ",," 24,819 ", 3.8 ," 4,114 "," 16,282 "," 16,282 "," 1,442 "," 14,228 ", 612 ,," 1,030 "," 2,084 ", 6 , 11 ," 64,127 ", 100.0 
소하동," 67,641 "," 109,008 "," 103,203 ", 94.7 , 0.1 ," 1,296 "," 30,188 "," 30,188 "," 7,811 "," 22,377 ",,, 3.0 ," 34,132 "," 34,132 "," 28,327 ", 997 ," 27,330 ", 3.0 ," 32,213 "," 44,688 "," 44,688 "," 8,510 "," 35,329 ", 540 , 309 ," 2,240 "," 3,908 ", 1 , 2 ," 103,203 ", 100.0 
학온동, - ," 20,322 "," 20,322 ", 100.0 ,, - ," 20,322 "," 20,322 "," 2,022 "," 18,300 ",,,, - , - , - ,,,, - , - , - ,,,,, 314 , 483 ,,," 20,322 ", 100.0 
평택시," 421,159 "," 1,434,144 "," 1,426,437 ", 99.5 , 168.4 ," 417,200 "," 425,914 "," 418,207 "," 5,664 "," 386,139 "," 19,538 "," 6,866 ", 85.8 , 307 ," 562,818 "," 562,818 "," 1,203 "," 561,615 ", 89.2 ," 3,652 "," 445,412 "," 445,412 "," 9,865 "," 421,551 "," 11,534 "," 2,463 "," 23,001 "," 38,592 ", 22 , 238 ," 1,426,437 ", 100.0 
팽성읍," 45,061 "," 173,413 "," 171,886 ", 99.1 , 42.0 ," 45,000 "," 45,000 "," 43,473 ", 127 ," 38,462 "," 4,298 ", 586 , 13.0 , 4 ," 80,376 "," 80,376 ", 696 ," 79,680 ", 13.5 , 57 ," 48,037 "," 48,037 "," 2,478 "," 45,462 ", 2 , 95 ," 2,946 "," 4,302 ", 3 , 22 ," 174,203 ", 101.3 
안중읍," 9,177 "," 117,284 "," 117,284 ", 100.0 , 12.0 ," 9,000 "," 9,180 "," 9,180 ",," 8,838 ", 311 , 31 , 6.2 , 26 ," 54,518 "," 54,518 ", 4 ," 54,514 ", 6.6 , 151 ," 53,586 "," 53,586 "," 1,672 "," 51,914 ",,," 1,411 "," 1,985 ",, 15 ," 118,896 ", 101.4 
포승읍," 1,935 "," 62,048 "," 62,048 ", 100.0 , 9.0 , 200 , 493 , 493 ,, 487 ,, 6 , 7.0 , 55 ," 27,576 "," 27,576 ",," 27,576 ", 7.0 ," 1,680 "," 33,979 "," 33,979 ",," 33,979 ",,, 621 ," 1,466 ",, 16 ," 68,148 ", 109.8 
진위면," 40,000 "," 83,646 "," 82,806 ", 99.0 , 3.0 ," 40,000 "," 40,000 "," 39,160 "," 2,270 "," 33,418 "," 2,894 ", 578 , 2.4 ,," 36,153 "," 36,153 ", 117 ," 36,036 ", 2.5 ,," 7,493 "," 7,493 ",," 6,331 "," 1,162 ",," 1,128 "," 2,308 ",, 10 ," 82,667 ", 99.8 
서탄면," 24,000 "," 56,136 "," 55,564 ", 99.0 , 4.0 ," 24,000 "," 24,000 "," 23,428 ", 431 ," 19,785 "," 2,538 ", 674 , 2.0 ,," 20,623 "," 20,623 ",," 20,623 ", 2.0 ,," 11,513 "," 11,513 ", 291 ," 9,970 "," 1,252 ",," 1,255 "," 2,672 ",, 7 ," 37,962 ", 68.3 
고덕면," 20,000 "," 72,288 "," 72,274 ", 100.0 , 21.7 ," 20,000 "," 20,000 "," 19,987 ", 441 ," 17,442 "," 1,903 ", 201 , 5.0 ,," 26,452 "," 26,452 ",," 26,452 ", 5.8 ,," 25,836 "," 25,836 "," 1,038 "," 24,609 ", 189 ,, 748 ," 1,154 ",, 6 ," 72,272 ", 100.0 
오성면," 8,174 "," 17,528 "," 17,528 ", 100.0 , 4.4 ," 8,000 "," 8,120 "," 8,120 "," 1,003 "," 7,042 ",, 75 , 1.1 , 3 ," 4,997 "," 4,997 ", 3 ," 4,994 ", 1.1 , 171 ," 4,411 "," 4,411 ", 82 ," 4,329 ",,, 264 , 421 ,, 2 ," 17,527 ", 100.0 
청북면," 5,605 "," 81,546 "," 81,448 ", 99.9 , 6.3 ," 5,500 "," 5,500 "," 5,402 ", 7 ," 4,967 ", 116 , 312 , 1.6 , 5 ," 33,915 "," 33,915 ", 19 ," 33,896 ", 2.1 , 100 ," 42,131 "," 42,131 "," 1,792 "," 38,328 "," 1,955 ", 56 , 952 ," 1,303 ",, 9 ," 81,027 ", 99.5 
현덕면," 8,677 "," 92,546 "," 92,546 ", 100.0 , 3.5 ," 8,500 "," 16,596 "," 16,596 ", 79 ," 16,057 ",, 460 , 2.5 , 26 ," 62,043 "," 62,043 ",," 62,043 ", 2.6 , 151 ," 13,907 "," 13,907 ", 501 ," 13,406 ",,, 477 ," 1,128 ",, 3 ," 82,871 ", 89.5 
중앙동," 25,055 "," 90,172 "," 90,150 ", 100.0 , 3.0 ," 25,000 "," 25,000 "," 24,978 ",," 23,563 "," 1,267 ", 148 , 3.0 , 13 ," 29,577 "," 29,577 ", 7 ," 29,570 ", 3.0 , 42 ," 35,595 "," 35,595 ",," 34,514 ", 204 , 877 ," 1,730 "," 2,428 ", 4 , 19 ," 95,845 ", 106.3 
서정동," 20,055 "," 81,651 "," 81,034 ", 99.2 , 5.5 ," 20,000 "," 20,000 "," 19,383 ", 78 ," 19,291 ", 14 ,, 1.5 , 13 ," 38,835 "," 38,835 ",," 38,835 ", 1.5 , 42 ," 22,816 "," 22,816 ",," 22,455 ",, 361 ," 3,155 "," 4,475 ", 2 , 39 ," 81,034 ", 100.0 
송탄동," 25,000 "," 74,615 "," 73,974 ", 99.1 , 2.5 ," 25,000 "," 25,000 "," 24,359 ", 324 ," 20,700 "," 2,654 ", 681 , 3.0 ,," 24,927 "," 24,927 ",," 24,927 ", 4.0 ,," 24,688 "," 24,688 ", 277 ," 24,233 ", 46 , 132 ," 1,163 "," 1,691 ",, 14 ," 75,974 ", 102.7 
지산동," 14,055 "," 24,254 "," 23,748 ", 97.9 , 4.3 ," 14,000 "," 14,000 "," 13,494 ",," 13,494 ",,, 4.0 , 13 ," 5,544 "," 5,544 ",," 5,544 ", 4.0 , 42 ," 4,710 "," 4,710 ",," 4,611 ",, 99 , 447 , 820 , 1 , 4 ," 23,748 ", 100.0 
송북동," 25,055 "," 53,774 "," 53,597 ", 99.7 , 4.2 ," 25,000 "," 25,000 "," 24,823 ", 258 ," 24,518 ",, 47 , 3.5 , 13 ," 16,097 "," 16,097 ",," 16,097 ", 3.5 , 42 ," 12,677 "," 12,677 ", 420 ," 12,199 ",, 58 ," 1,001 "," 1,556 ", 2 , 9 ," 55,075 ", 102.8 
신장1동," 16,055 "," 24,013 "," 23,866 ", 99.4 , 3.0 ," 16,000 "," 16,000 "," 15,853 ", 522 ," 14,197 ",," 1,134 ", 2.5 , 13 ," 5,195 "," 5,195 ",," 5,195 ", 2.5 , 42 ," 2,818 "," 2,818 ",," 2,818 ",,, 476 , 787 ,, 5 ," 23,866 ", 100.0 
신장2동," 18,055 "," 22,858 "," 22,398 ", 98.0 , 3.0 ," 18,000 "," 18,000 "," 17,540 ",," 17,484 ",, 56 , 2.5 , 13 ," 3,436 "," 3,436 ",," 3,436 ", 2.5 , 42 ," 1,422 "," 1,422 ",," 1,422 ",,, 425 , 772 ,, 4 ," 29,398 ", 131.3 
신평동," 29,235 "," 58,528 "," 58,286 ", 99.6 , 4.5 ," 29,000 "," 29,000 "," 28,758 ",," 28,162 ", 428 , 168 , 4.5 , 22 ," 12,712 "," 12,712 ",," 12,712 ", 4.5 , 213 ," 16,816 "," 16,816 ",," 16,243 ",, 573 ," 1,182 "," 1,784 ", - , 15 ," 59,286 ", 101.7 
원평동," 15,235 "," 40,810 "," 40,810 ", 100.0 , 4.5 ," 15,000 "," 15,025 "," 15,025 ", 2 ," 13,004 ", 991 ," 1,028 ", 4.0 , 22 ," 12,825 "," 12,825 ", 357 ," 12,468 ", 4.0 , 213 ," 12,960 "," 12,960 ", 12 ," 10,839 "," 1,989 ", 120 ," 1,139 "," 1,424 ", 4 , 6 ," 40,810 ", 100.0 
통복동," 11,235 "," 16,707 "," 16,180 ", 96.8 , 2.5 ," 11,000 "," 11,000 "," 10,473 ",," 10,413 ",, 60 , 1.5 , 22 ," 3,939 "," 3,939 ",," 3,939 ", 1.5 , 213 ," 1,768 "," 1,768 ",," 1,768 ",,, 315 , 654 , 5 , - ," 16,180 ", 100.0 
비전1동," 22,025 "," 58,033 "," 57,527 ", 99.1 , 10.5 ," 22,000 "," 22,000 "," 21,494 ", 67 ," 19,050 "," 2,017 ", 360 , 5.0 ,," 18,922 "," 18,922 ",," 18,922 ", 5.0 , 25 ," 17,111 "," 17,111 ",," 16,073 "," 1,038 ",, 937 ," 1,774 ", - , 10 ," 57,526 ", 100.0 
비전2동," 21,235 "," 75,129 "," 74,489 ", 99.1 , 11.0 ," 21,000 "," 21,000 "," 20,360 ", 55 ," 20,044 ",, 261 , 6.0 , 22 ," 26,979 "," 26,979 ",," 26,979 ", 6.0 , 213 ," 27,150 "," 27,150 ", 950 ," 26,108 ",, 92 ," 1,208 "," 1,991 ", - , 13 ," 74,490 ", 100.0 
세교동," 16,235 "," 57,166 "," 56,994 ", 99.7 , 4.0 ," 16,000 "," 16,000 "," 15,828 ",," 15,721 ", 107 ,, 4.0 , 22 ," 17,177 "," 17,177 ",," 17,177 ", 4.0 , 213 ," 23,989 "," 23,989 ", 352 ," 19,940 "," 3,697 ",, 21 ," 1,697 ", 1 , 10 ," 57,632 ", 101.1 
동두천시," 493,529 "," 493,529 "," 346,731 ", 70.3 , 3.7 ," 185,635 "," 185,635 "," 182,935 "," 18,256 "," 152,118 "," 7,014 "," 5,547 ", 23.6 ," 221,212 "," 221,212 "," 134,425 "," 5,427 "," 128,998 ", 29.3 ," 86,682 "," 86,682 "," 29,371 "," 3,029 "," 26,177 ", 114 , 51 ," 6,857 "," 7,899 ", 21 , 28 ," 314,263 ", 90.6 
안산시," 1,692,597 "," 1,692,597 "," 1,652,602 ", 97.6 , - , - , - , - , - , - , - , - , 50.0 ," 777,603 "," 777,603 "," 739,397 ", - ," 739,397 ", 50.0 ," 914,994 "," 914,994 "," 913,205 "," 85,504 "," 827,701 ", - , - ," 32,003 "," 65,597 ", 12 , 109 ," 1,652,602 ", 100.0 
상록구," 810,027 "," 810,027 "," 794,441 ", 98.1 ,,, - , - ,,,,, 16.5 ," 337,577 "," 337,577 "," 322,971 ",," 322,971 ", 16.5 ," 472,450 "," 472,450 "," 471,470 "," 42,386 "," 429,084 ",,," 15,808 "," 29,574 ", 3 , 25 ," 794,441 ", 100.0 
단원구," 882,570 "," 882,570 "," 858,161 ", 97.2 ,,, - , - ,,,,, 33.5 ," 440,026 "," 440,026 "," 416,426 ",," 416,426 ", 33.5 ," 442,544 "," 442,544 "," 441,735 "," 43,118 "," 398,617 ",,," 16,195 "," 36,023 ", 9 , 84 ," 858,161 ", 100.0 
고양시," 2,002,700 "," 2,369,866 "," 1,817,639 ", 76.7 , - , - ," 367,166 "," 367,166 "," 37,082 "," 246,667 "," 20,994 "," 62,423 ", 71.6 ," 976,500 "," 976,500 "," 550,461 ", 200 ," 550,261 ", 71.6 ," 1,026,200 "," 1,026,200 "," 900,012 "," 136,523 "," 760,358 ", - ," 3,131 "," 36,587 "," 97,640 ", 153 , - ," 1,672,542 ", 92.0 
덕양구," 897,930 "," 1,071,108 "," 781,111 ", 72.9 ,,," 173,178 "," 173,178 "," 18,141 "," 129,504 "," 11,878 "," 13,655 ", 33.7 ," 452,003 "," 452,003 "," 208,317 ", 33 ," 208,284 ", 33.7 ," 445,927 "," 445,927 "," 399,616 "," 47,753 "," 351,214 ",, 649 ," 16,167 "," 42,928 ", 129 ,," 713,212 ", 91.3 
일산동구," 659,898 "," 785,911 "," 634,086 ", 80.7 ,,," 126,013 "," 126,013 "," 11,591 "," 83,052 "," 4,855 "," 26,515 ", 22.9 ," 303,681 "," 303,681 "," 202,779 ", - ," 202,779 ", 22.9 ," 356,217 "," 356,217 "," 305,294 "," 54,671 "," 249,229 ",," 1,394 "," 12,898 "," 30,844 ", 24 ,," 578,780 ", 91.3 
일산서구," 444,872 "," 512,847 "," 402,442 ", 78.5 ,,," 67,975 "," 67,975 "," 7,350 "," 34,111 "," 4,261 "," 22,253 ", 15.0 ," 220,816 "," 220,816 "," 139,365 ", 167 ," 139,198 ", 15.0 ," 224,056 "," 224,056 "," 195,102 "," 34,099 "," 159,915 ",," 1,088 "," 7,522 "," 23,868 ", - ,," 380,550 ", 94.6 
과천시," 208,027 "," 212,691 "," 207,702 ", 97.7 , - , - , - , - , - , - , - , - , 8.0 ," 81,362 "," 85,298 "," 80,309 ", 991 ," 79,318 ", 35.8 ," 126,665 "," 127,393 "," 127,393 "," 18,481 "," 108,912 ", - , - ," 5,105 "," 28,505 ", - , - ," 207,702 ", 100.0 
과천시 중앙동," 38,723 "," 40,848 "," 40,848 ", 100.0 ,,, - , - ,,,,, 1.3 ," 11,566 "," 13,539 "," 13,539 ",    - ," 13,539 ", 7.0 ," 27,157 "," 27,309 "," 27,309 "," 3,384 "," 23,925 ",,," 1,008 "," 4,984 ",,," 40,848 ", 100.0 
과천시 갈현동," 20,875 "," 20,941 "," 20,869 ", 99.7 ,,, - , - ,,,,, 0.7 ," 9,028 "," 9,028 "," 8,956 ", 470 ," 8,486 ", 4.3 ," 11,847 "," 11,913 "," 11,913 "," 2,806 "," 9,107 ",,, 515 ," 3,558 ",,," 20,869 ", 100.0 
과천시 별양동," 24,771 "," 26,759 "," 26,759 ", 100.0 ,,, - , - ,,,,, 0.7 ," 10,879 "," 12,767 "," 12,767 ", 521 ," 12,246 ", 0.7 ," 13,892 "," 13,992 "," 13,992 "," 1,469 "," 12,523 ",,, 660 ," 4,731 ",,," 26,759 ", 100.0 
과천시 부림동," 12,273 "," 12,302 "," 11,320 ", 92.0 ,,, - , - ,,,,, 0.4 ," 7,042 "," 7,042 "," 6,060 ",    - ," 6,060 ", 0.4 ," 5,231 "," 5,260 "," 5,260 ",          - ," 5,260 ",,, 280 ," 4,287 ",,," 11,320 ", 100.0 
과천시 과천동," 74,739 "," 74,981 "," 71,046 ", 94.8 ,,, - , - ,,,,, 2.5 ," 31,147 "," 31,147 "," 27,212 ",    - ," 27,212 ", 10.8 ," 43,592 "," 43,834 "," 43,834 "," 6,257 "," 37,577 ",,," 1,717 "," 6,110 ",,," 71,046 ", 100.0 
과천시 문원동," 36,646 "," 36,860 "," 36,860 ", 100.0 ,,, - , - ,,,,, 2.5 ," 11,700 "," 11,775 "," 11,775 ",    - ," 11,775 ", 12.7 ," 24,946 "," 25,085 "," 25,085 "," 4,565 "," 20,520 ",,, 925 ," 4,835 ",,," 36,860 ", 100.0 
구리시," 292,799 "," 292,799 "," 256,460 ", 87.6 , 2.1 ," 88,970 "," 88,970 "," 88,970 "," 9,831 "," 78,821 ", 147 , 171 , 14.0 ," 120,291 "," 120,291 "," 107,544 "," 3,833 "," 103,711 ", 14.0 ," 83,538 "," 83,538 "," 59,946 "," 10,558 "," 49,274 ", 114 ,," 5,615 "," 22,869 ", 10 , - ," 242,922 ", 94.7 
남양주시," 1,405,615 "," 1,423,234 "," 1,350,226 ", 94.9 , 8.8 ," 95,189 "," 95,189 "," 90,460 "," 21,089 "," 69,371 ", - , - , 95.6 ," 811,973 "," 829,372 "," 761,093 ", - ," 761,093 ", 70.9 ," 498,453 "," 498,673 "," 498,673 "," 13,983 "," 469,047 ", - ," 15,643 "," 34,873 "," 79,757 ", 212 , - ," 1,161,683 ", 86.0 
동지역," 156,846 "," 156,846 "," 142,778 ", 91.0 , 1.9 ," 33,321 "," 33,321 "," 30,592 "," 8,165 "," 22,427 ",,, 13.3 ," 86,100 "," 86,100 "," 74,761 ",," 74,761 ", 12.7 ," 37,425 "," 37,425 "," 37,425 ",," 35,777 ",," 1,648 "," 6,142 "," 5,682 ", 40 , - ," 142,500 ", 99.8 
와부읍," 83,801 "," 83,801 "," 82,090 ", 98.0 , 2.1 ," 15,560 "," 15,560 "," 15,560 "," 2,296 "," 13,264 ",,, 6.0 ," 64,925 "," 64,925 "," 63,214 ",," 63,214 ", 4.4 ," 3,316 "," 3,316 "," 3,316 ",," 3,316 ",, - ," 3,426 "," 3,914 ", 29 , - ," 44,812 ", 54.6 
진접읍," 152,071 "," 152,071 "," 149,508 ", 98.3 , 0.8 ," 6,120 "," 6,120 "," 6,120 "," 3,392 "," 2,728 ",,, 15.3 ," 121,575 "," 121,575 "," 119,012 ",," 119,012 ", 14.6 ," 24,376 "," 24,376 "," 24,376 ",," 23,232 ",," 1,144 "," 6,337 "," 1,991 ", 39 , - ," 136,196 ", 91.1 
진건읍," 135,834 "," 135,834 "," 126,763 ", 93.3 , 0.6 ," 4,057 "," 4,057 "," 4,057 "," 1,178 "," 2,879 ",,, 4.2 ," 63,601 "," 63,601 "," 54,530 ",," 54,530 ", 4.3 ," 68,176 "," 68,176 "," 68,176 ",," 68,176 ",, - ," 4,083 "," 48,080 ", 30 , - ," 111,598 ", 88.0 
오남읍," 110,000 "," 118,143 "," 118,143 ", 100.0 , 0.2 ," 2,461 "," 2,461 "," 2,461 ", - ," 2,461 ",,, 4.6 ," 42,211 "," 50,354 "," 50,354 ",," 50,354 ", 2.8 ," 65,328 "," 65,328 "," 65,328 ",," 65,328 ",, - , 909 ," 2,457 ", - , - ," 102,121 ", 86.4 
퇴계원면," 42,073 "," 42,073 "," 40,939 ", 97.3 , 1.4 ," 17,628 "," 17,628 "," 17,628 "," 2,405 "," 15,223 ",,, 0.1 ," 21,440 "," 21,440 "," 20,306 ",," 20,306 ", 0.9 ," 3,005 "," 3,005 "," 3,005 ",," 3,005 ",, - , 582 , 956 , 14 , - ," 33,496 ", 81.8 
별내면," 105,140 "," 105,140 "," 92,935 ", 88.4 , 0.1 ," 12,856 "," 12,856 "," 10,856 "," 3,413 "," 7,443 ",,, 6.0 ," 77,659 "," 77,659 "," 67,454 ",," 67,454 ", 0.4 ," 14,625 "," 14,625 "," 14,625 ",," 14,253 ",, 372 ," 1,357 "," 1,195 ", 10 , - ," 92,800 ", 99.9 
별내동," 134,415 "," 134,415 "," 134,415 ", 100.0 , - , - , - , - , - , - , - , - , 7.1 ," 50,200 "," 50,200 "," 50,200 ", - ," 50,200 ", 7.1 ," 84,215 "," 84,215 "," 84,215 "," 13,763 "," 60,032 ",," 10,420 "," 2,338 ", 967 , - ,," 134,200 ", 99.8 
수동면," 96,971 "," 96,971 "," 83,859 ", 86.5 ,,, - , - ,,,,, 12.4 ," 82,152 "," 82,152 "," 69,040 ",," 69,040 ", 7.7 ," 14,819 "," 14,819 "," 14,819 ",," 12,760 ",," 2,059 "," 2,239 "," 4,675 ", 3 , - ," 83,859 ", 100.0 
화도읍," 297,444 "," 297,444 "," 278,300 ", 93.6 , 1.7 ," 3,186 "," 3,186 "," 3,186 ", 240 ," 2,946 ",,, 22.6 ," 119,506 "," 119,506 "," 100,362 ",," 100,362 ", 13.5 ," 174,752 "," 174,752 "," 174,752 ",," 174,752 ",, - ," 6,585 "," 8,084 ", 47 , - ," 214,810 ", 77.2 
조안면," 91,020 "," 100,496 "," 100,496 ", 100.0 ,,, - , - ,,,,, 3.8 ," 82,604 "," 91,860 "," 91,860 ",," 91,860 ", 2.5 ," 8,416 "," 8,636 "," 8,636 ", 220 ," 8,416 ",, - , 875 ," 1,756 ", - , - ," 65,292 ", 65.0 
오산시," 607,599 "," 648,464 "," 441,443 ", 68.1 , 6.1 ," 130,803 "," 145,559 "," 145,559 "," 17,557 "," 114,535 "," 3,202 "," 10,265 ", 20.4 ," 209,374 "," 214,251 "," 127,489 "," 6,879 "," 120,610 ", 21.4 ," 267,422 "," 288,654 "," 168,395 "," 18,205 "," 146,121 "," 4,069 ", - ," 10,930 "," 27,988 ", 25 , 179 ," 441,160 ", 99.9 
중앙동," 82,960 "," 82,960 "," 40,144 ", 48.4 , 0.4 ," 23,958 "," 23,958 "," 23,958 "," 2,240 "," 21,396 ", 131 , 191 , 2.0 ," 27,995 "," 27,995 "," 5,285 ", 694 ," 4,591 ", 2.0 ," 31,008 "," 31,008 "," 10,901 "," 1,242 "," 9,659 ", - , - , 902 ," 4,132 ", - , 5 ," 40,144 ", 100.0 
대원동," 153,112 "," 153,112 "," 96,436 ", 63.0 , 2.0 ," 46,519 "," 46,519 "," 46,519 "," 7,176 "," 38,443 ", 255 , 645 , 3.9 ," 47,124 "," 47,124 "," 27,657 ", - ," 27,657 ", 3.9 ," 59,470 "," 59,470 "," 22,260 "," 2,001 "," 20,259 ", - , - ," 2,150 "," 8,140 ", - , 29 ," 96,436 ", 100.0 
남촌동," 137,337 "," 137,337 "," 70,038 ", 51.0 , 0.1 ," 17,221 "," 17,221 "," 17,221 "," 4,357 "," 12,430 ", - , 434 , 5.2 ," 48,380 "," 48,380 "," 22,511 "," 1,680 "," 20,831 ", 5.2 ," 71,736 "," 71,736 "," 30,306 "," 2,285 "," 26,151 "," 1,870 ", - ," 1,935 "," 5,252 ", 2 , 18 ," 70,038 ", 100.0 
신장동," 65,976 "," 91,846 "," 91,846 ", 100.0 , 1.3 ," 10,999 "," 10,999 "," 10,999 ", 988 ," 7,329 ", - ," 2,682 ", 3.9 ," 23,940 "," 28,578 "," 28,578 ", - ," 28,578 ", 3.9 ," 31,037 "," 52,269 "," 52,269 "," 7,380 "," 43,214 "," 1,675 ", - ," 2,286 "," 5,503 ", 5 , 36 ," 91,846 ", 100.0 
세마동," 91,323 "," 106,079 "," 86,768 ", 81.8 , - , - ," 14,756 "," 14,756 ", 536 ," 8,696 ", - ," 5,524 ", 2.5 ," 47,120 "," 47,120 "," 28,403 ", - ," 28,403 ", 3.5 ," 44,203 "," 44,203 "," 43,608 "," 5,123 "," 37,961 ", 524 , - ," 2,447 "," 2,888 ", - , 39 ," 86,768 ", 100.0 
초평동," 76,890 "," 77,130 "," 56,211 ", 72.9 , 2.4 ," 32,106 "," 32,106 "," 32,106 "," 2,260 "," 26,241 "," 2,816 ", 789 , 2.8 ," 14,815 "," 15,055 "," 15,055 "," 4,505 "," 10,550 ", 2.8 ," 29,969 "," 29,969 "," 9,050 ", 174 ," 8,876 ", - , - ," 1,210 "," 2,073 ", 18 , 52 ," 55,928 ", 99.5 
시흥시," 1,239,449 "," 1,239,449 "," 971,509 ", 78.4 , 13.9 ," 190,423 "," 190,423 "," 109,922 "," 5,775 "," 89,373 "," 5,754 "," 9,019 ", 18.9 ," 489,338 "," 489,338 "," 304,139 "," 4,475 "," 299,664 ", 17.7 ," 559,689 "," 559,689 "," 557,448 "," 39,367 "," 497,029 "," 1,255 "," 19,797 "," 15,143 "," 27,448 ", 62 , 581 ," 971,510 ", 100.0 
과림동," 10,671 "," 10,671 "," 6,409 ", 60.1 , 0.7 ," 9,942 "," 9,942 "," 5,739 ", 302 ," 4,666 ", 300 , 471 , 0.0 , 150 , 150 , 93 , 1 , 92 , 0.0 , 579 , 579 , 577 , 41 , 514 , 1 , 20 ,,,,,,
군자동," 113,623 "," 113,623 "," 84,827 ", 74.7 , 2.2 ," 29,644 "," 29,644 "," 17,112 ", 899 ," 13,913 ", 896 ," 1,404 ", 1.6 ," 42,534 "," 42,534 "," 26,436 ", 389 ," 26,047 ", 1.3 ," 41,444 "," 41,444 "," 41,278 "," 2,915 "," 36,805 ", 93 ," 1,466 ",,,,,,
대야동," 62,422 "," 62,422 "," 50,474 ", 80.9 , 1.0 ," 14,375 "," 14,375 "," 8,298 ", 436 ," 6,747 ", 434 , 681 , 0.6 ," 15,166 "," 15,166 "," 9,426 ", 139 ," 9,288 ", 1.0 ," 32,881 "," 32,881 "," 32,749 "," 2,313 "," 29,200 ", 74 ," 1,163 ",,,,,,
매화동," 21,940 "," 21,940 "," 16,299 ", 74.3 , 0.7 ," 10,235 "," 10,235 "," 5,908 ", 310 ," 4,804 ", 309 , 485 , 0.1 ," 3,385 "," 3,385 "," 2,104 ", 31 ," 2,073 ", 0.3 ," 8,320 "," 8,320 "," 8,287 ", 585 ," 7,389 ", 19 , 294 ,,,,,,
목감동," 38,466 "," 38,466 "," 28,162 ", 73.2 , 1.7 ," 23,771 "," 23,771 "," 13,722 ", 721 ," 11,157 ", 718 ," 1,126 ", 0.0 , 524 , 524 , 326 , 5 , 321 , 0.4 ," 14,171 "," 14,171 "," 14,114 ", 997 ," 12,585 ", 32 , 501 ,,,,,,
신천동," 72,778 "," 72,778 "," 58,708 ", 80.7 , 0.8 ," 10,819 "," 10,819 "," 6,245 ", 328 ," 5,078 ", 327 , 512 , 1.0 ," 24,698 "," 24,698 "," 15,350 ", 226 ," 15,124 ", 1.2 ," 37,261 "," 37,261 "," 37,112 "," 2,621 "," 33,090 ", 84 ," 1,318 ",,,,,,
신현동," 38,558 "," 38,558 "," 25,183 ", 65.3 , 2.1 ," 29,403 "," 29,403 "," 16,973 ", 892 ," 13,800 ", 888 ," 1,393 ", 0.1 ," 2,425 "," 2,425 "," 1,507 ", 22 ," 1,485 ", 0.2 ," 6,730 "," 6,730 "," 6,703 ", 473 ," 5,976 ", 15 , 238 ,,,,,,
연성동," 119,599 "," 119,599 "," 94,614 ", 79.1 , 1.5 ," 19,950 "," 19,950 "," 11,516 ", 605 ," 9,363 ", 603 , 945 , 1.7 ," 43,136 "," 43,136 "," 26,810 ", 394 ," 26,416 ", 1.8 ," 56,514 "," 56,514 "," 56,287 "," 3,975 "," 50,187 ", 127 ," 1,999 ",,,,,,
은행동," 38,648 "," 38,648 "," 30,794 ", 79.7 , 0.7 ," 9,185 "," 9,185 "," 5,302 ", 279 ," 4,311 ", 278 , 435 , 0.4 ," 10,290 "," 10,290 "," 6,396 ", 94 ," 6,302 ", 0.6 ," 19,173 "," 19,173 "," 19,096 "," 1,349 "," 17,026 ", 43 , 678 ,,,,,,
정왕1동," 286,167 "," 286,167 "," 228,996 ", 80.0 , 0.4 ," 5,407 "," 5,407 "," 3,121 ", 164 ," 2,538 ", 163 , 256 , 5.5 ," 143,568 "," 143,568 "," 89,232 "," 1,313 "," 87,919 ", 4.3 ," 137,192 "," 137,192 "," 136,643 "," 9,650 "," 121,833 ", 308 ," 4,853 ",,,,,,
정왕2동," 143,890 "," 143,890 "," 116,251 ", 80.8 , 0.6 ," 8,594 "," 8,594 "," 4,961 ", 261 ," 4,034 ", 260 , 407 , 2.4 ," 62,658 "," 62,658 "," 38,944 ", 573 ," 38,371 ", 2.3 ," 72,637 "," 72,637 "," 72,346 "," 5,109 "," 64,505 ", 163 ," 2,569 ",,,,,,
정왕3동," 182,803 "," 182,803 "," 144,525 ", 79.1 , 1.1 ," 15,047 "," 15,047 "," 8,686 ", 456 ," 7,062 ", 455 , 713 , 3.2 ," 83,440 "," 83,440 "," 51,861 ", 763 ," 51,098 ", 2.7 ," 84,316 "," 84,316 "," 83,978 "," 5,931 "," 74,876 ", 189 ," 2,982 ",,,,,,
정왕4동," 34,222 "," 34,222 "," 28,030 ", 81.9 , 0.3 ," 3,674 "," 3,674 "," 2,121 ", 111 ," 1,725 ", 111 , 174 , 0.5 ," 12,062 "," 12,062 "," 7,497 ", 110 ," 7,387 ", 0.6 ," 18,486 "," 18,486 "," 18,412 "," 1,300 "," 16,416 ", 41 , 654 ,,,,,,
정왕본동," 75,662 "," 75,662 "," 58,238 ", 77.0 , 0.0 , 378 , 378 , 218 , 11 , 177 , 11 , 18 , 1.7 ," 45,300 "," 45,300 "," 28,156 ", 414 ," 27,741 ", 0.9 ," 29,984 "," 29,984 "," 29,864 "," 2,109 "," 26,627 ", 67 ," 1,061 ",,,,,,
군포시," 328,517 "," 360,061 "," 343,031 ", 95.3 , 7.5 ," 113,532 "," 125,430 "," 118,767 "," 10,138 "," 108,629 ", - , - , 5.9 ," 85,233 "," 95,370 "," 95,370 ", - ," 95,370 ", 5.9 ," 129,752 "," 139,261 "," 128,894 "," 21,172 "," 107,133 ", 589 , - ," 6,206 "," 11,646 ", 30 , 154 ," 325,530 ", 94.9 
군포1동," 81,122 "," 90,070 "," 84,517 ", 93.8 , 3.1 ," 34,779 "," 41,865 "," 41,865 ", 609 ," 41,256 ",,, - ," 16,690 "," 18,552 "," 18,552 ",," 18,552 ", - ," 29,653 "," 29,653 "," 24,100 "," 2,938 "," 21,032 ", 130 ,," 1,652 "," 3,152 ", 13 , 40 ," 83,760 ", 99.1 
군포2동," 47,781 "," 64,332 "," 62,191 ", 96.7 , 1.4 ," 8,319 "," 8,319 "," 6,178 ", 315 ," 5,863 ",,, 1.7 ," 13,663 "," 20,823 "," 20,823 ",," 20,823 ", 1.7 ," 25,799 "," 35,190 "," 35,190 "," 4,072 "," 30,659 ", 459 ,," 1,039 "," 2,058 ", - , 11 ," 54,843 ", 88.2 
산본1동," 24,911 "," 25,097 "," 24,910 ", 99.3 , 0.7 ," 18,307 "," 18,493 "," 18,493 "," 2,943 "," 15,550 ",,, - ," 2,603 "," 2,603 "," 2,603 ",," 2,603 ", - ," 4,001 "," 4,001 "," 3,814 ", 333 ," 3,481 ",,, 421 ," 1,051 ", - , - ," 23,845 ", 95.7 
산본2동," 19,439 "," 19,439 "," 19,439 ", 100.0 , 0.8 ," 2,763 "," 2,763 "," 2,763 "," 2,119 ", 644 ,,, - ," 7,321 "," 7,321 "," 7,321 ",," 7,321 ", - ," 9,355 "," 9,355 "," 9,355 "," 1,875 "," 7,480 ",,, 361 , 609 , - , - ," 18,573 ", 95.5 
금정동," 45,087 "," 47,756 "," 45,087 ", 94.4 , 1.1 ," 38,044 "," 40,713 "," 40,713 "," 3,339 "," 37,374 ",,, - ," 2,729 "," 2,729 "," 2,729 ",," 2,729 ", - ," 4,314 "," 4,314 "," 1,645 ", 471 ," 1,174 ",,, 702 ," 1,560 ", 17 , 38 ," 41,254 ", 91.5 
재궁동," 19,391 "," 19,391 "," 19,391 ", 100.0 , - ," 3,925 "," 3,925 "," 3,925 ", 8 ," 3,917 ",,, 0.7 ," 7,352 "," 7,352 "," 7,352 ",," 7,352 ", 0.7 ," 8,114 "," 8,114 "," 8,114 ", 837 ," 7,277 ",,, 409 , 675 , - , - ," 18,317 ", 94.5 
오금동," 10,553 "," 10,553 "," 10,552 ", 100.0 , - , - , - , - ,, - ,,, 0.6 ," 4,340 "," 4,340 "," 4,340 ",," 4,340 ", 0.6 ," 6,213 "," 6,213 "," 6,212 "," 1,206 "," 5,006 ",,, 205 , 236 , - , - ," 10,030 ", 95.1 
수리동," 11,421 "," 11,493 "," 11,421 ", 99.4 , - , 229 , 301 , 301 , 229 , 72 ,,, 0.5 ," 4,512 "," 4,512 "," 4,512 ",," 4,512 ", 0.5 ," 6,680 "," 6,680 "," 6,608 "," 3,735 "," 2,873 ",,, 161 , 296 , - , - ," 11,156 ", 97.7 
궁내동," 10,391 "," 10,391 "," 10,391 ", 100.0 , - , 375 , 375 , 375 , 375 , - ,,, 0.5 ," 4,906 "," 4,906 "," 4,906 ",," 4,906 ", 0.5 ," 5,110 "," 5,110 "," 5,110 "," 1,223 "," 3,887 ",,, 173 , 224 , - , - ," 9,777 ", 94.1 
광정동," 25,450 "," 27,335 "," 25,450 ", 93.1 , - , - ," 1,885 "," 1,885 ",," 1,885 ",,, 1.0 ," 12,143 "," 12,143 "," 12,143 ",," 12,143 ", 1.0 ," 13,307 "," 13,307 "," 11,422 "," 3,619 "," 7,803 ",,, 498 , 796 , - , - ," 24,344 ", 95.7 
대야동," 32,971 "," 34,204 "," 29,682 ", 86.8 , 0.3 ," 6,791 "," 6,791 "," 2,269 ", 201 ," 2,068 ",,, 0.9 ," 8,974 "," 10,089 "," 10,089 ",," 10,089 ", 0.9 ," 17,206 "," 17,324 "," 17,324 ", 863 ," 16,461 ",,, 585 , 989 , - , 65 ," 29,631 ", 99.8 
의왕시," 392,120 "," 392,120 "," 300,612 ", 76.7 , - ," 67,560 "," 67,560 "," 67,560 "," 16,543 "," 49,375 "," 1,073 ", 569 , 17.5 ," 172,378 "," 172,378 "," 106,536 ", - ," 106,536 ", 54.0 ," 152,182 "," 152,182 "," 126,516 "," 21,032 "," 89,686 "," 8,218 "," 7,580 "," 8,968 "," 29,850 ", 69 , 58 ," 300,612 ", 100.0 
고천동," 57,880 "," 57,880 "," 48,012 ", 83.0 ,," 10,565 "," 10,565 "," 10,565 "," 1,150 "," 9,149 ", 210 , 56 , 2.9 ," 21,572 "," 21,572 "," 15,131 ", - ," 15,131 ", 8.6 ," 25,743 "," 25,743 "," 22,316 "," 3,398 "," 16,025 "," 1,295 "," 1,598 "," 1,126 "," 2,500 ", 6 , 6 ," 48,012 ", 100.0 
부곡동," 122,401 "," 122,401 "," 85,983 ", 70.2 ,," 21,359 "," 21,359 "," 21,359 "," 4,442 "," 16,778 ", 95 , 44 , 5.5 ," 53,080 "," 53,080 "," 30,363 ", - ," 30,363 ", 11.3 ," 47,962 "," 47,962 "," 34,261 "," 8,307 "," 19,356 "," 3,661 "," 2,937 "," 2,265 "," 7,339 ", 18 , 10 ," 85,983 ", 100.0 
오전동," 62,545 "," 62,545 "," 44,628 ", 71.4 ,," 10,444 "," 10,444 "," 10,444 "," 4,020 "," 6,074 ", 250 , 100 , 2.4 ," 29,440 "," 29,440 "," 14,830 ", - ," 14,830 ", 7.0 ," 22,661 "," 22,661 "," 19,354 "," 3,605 "," 14,359 ", 670 , 720 ," 1,795 "," 2,495 ", 12 , 11 ," 44,628 ", 100.0 
내손1동," 25,185 "," 25,185 "," 25,185 ", 100.0 ,," 11,480 "," 11,480 "," 11,480 "," 3,568 "," 7,355 ", 254 , 303 , 0.8 ," 5,648 "," 5,648 "," 5,648 ", - ," 5,648 ", 1.6 ," 8,057 "," 8,057 "," 8,057 "," 1,938 "," 5,243 ", 351 , 525 , 968 ," 3,769 ", 3 , 5 ," 25,185 ", 100.0 
내손2동," 40,598 "," 40,598 "," 27,227 ", 67.1 ,," 11,643 "," 11,643 "," 11,643 "," 2,854 "," 8,659 ", 105 , 25 , 1.1 ," 19,115 "," 19,115 "," 6,449 ", - ," 6,449 ", 2.0 ," 9,840 "," 9,840 "," 9,135 "," 1,982 "," 6,177 ", 501 , 475 ," 1,186 "," 5,701 ", 7 , 6 ," 27,227 ", 100.0 
청계동," 83,511 "," 83,511 "," 69,577 ", 83.3 ,," 2,069 "," 2,069 "," 2,069 ", 509 ," 1,360 ", 159 , 41 , 4.8 ," 43,523 "," 43,523 "," 34,115 ", - ," 34,115 ", 23.5 ," 37,919 "," 37,919 "," 33,393 "," 1,802 "," 28,526 "," 1,740 "," 1,325 "," 1,628 "," 8,046 ", 23 , 20 ," 69,577 ", 100.0 
하남시," 393,412 "," 393,412 "," 328,011 ", 83.4 , 0.8 ," 98,847 "," 98,847 "," 94,096 "," 5,098 "," 83,703 "," 2,910 "," 2,385 ", 29.2 ," 278,597 "," 278,597 "," 217,947 ",," 217,947 ", 29.2 ," 15,968 "," 15,968 "," 15,968 ",," 15,027 ",, 941 ," 6,920 "," 2,357 ", 20 , - ," 322,317 ", 98.3 
용인시," 2,300,111 "," 2,367,683 "," 2,012,793 ", 85.0 , - ," 130,039 "," 131,979 "," 128,317 ", - ," 128,317 ", - , - , 91.0 ," 1,081,993 "," 1,142,659 "," 921,103 ", - ," 921,103 ", 159.0 ," 1,088,079 "," 1,093,045 "," 963,373 "," 78,128 "," 719,898 "," 15,097 "," 150,250 "," 226,724 "," 62,947 ", 85 , - ," 1,900,943 ", 94.4 
처인구," 1,391,014 "," 1,391,014 "," 1,073,619 ", 77.2 ,," 100,378 "," 100,378 "," 96,716 ",," 96,716 ",,, 38.0 ," 648,704 "," 648,704 "," 427,148 ",," 427,148 ", 90.0 ," 641,932 "," 641,932 "," 549,755 "," 25,065 "," 406,122 "," 6,532 "," 112,036 "," 49,938 "," 30,616 ", 66 ,," 1,043,130 ", 97.2 
기흥구," 449,708 "," 499,273 "," 461,778 ", 92.5 ,," 13,375 "," 15,118 "," 15,118 ",," 15,118 ",,, 31.0 ," 203,734 "," 251,556 "," 251,556 ",," 251,556 ", 38.0 ," 232,599 "," 232,599 "," 195,104 "," 27,391 "," 140,391 "," 4,508 "," 22,814 "," 29,815 "," 16,650 ", 19 ,," 399,852 ", 86.6 
수지구," 459,389 "," 477,396 "," 477,396 ", 100.0 ,," 16,286 "," 16,483 "," 16,483 ",," 16,483 ",,, 22.0 ," 229,555 "," 242,399 "," 242,399 ",," 242,399 ", 31.0 ," 213,548 "," 218,514 "," 218,514 "," 25,672 "," 173,385 "," 4,057 "," 15,400 "," 146,971 "," 15,681 ",,," 457,961 ", 95.9 
파주시," 1,680,119 "," 1,722,849 "," 1,351,425 ", 78.4 , 80.6 ," 259,722 "," 259,722 "," 225,473 "," 33,658 "," 130,855 "," 8,727 "," 52,233 ", 98.3 ," 898,658 "," 911,438 "," 593,087 "," 1,704 "," 591,383 ", 97.9 ," 521,739 "," 551,689 "," 532,865 "," 135,230 "," 382,625 "," 1,935 "," 13,075 "," 21,729 "," 32,726 ", 11 , - ," 794,971 ", 58.8 
금촌동," 234,010 "," 234,010 "," 219,899 ", 94.0 , 7.4 ," 37,836 "," 37,836 "," 37,836 "," 3,771 "," 22,316 ", 744 ," 11,005 ", 7.4 ," 100,814 "," 100,814 "," 86,703 ",," 86,703 ", 7.4 ," 95,360 "," 95,360 "," 95,360 "," 8,132 "," 86,454 ", 18 , 756 ," 3,761 "," 9,687 ", 3 ,," 161,149 ", 73.3 
교하동," 215,047 "," 215,047 "," 134,831 ", 62.7 , 14.5 ," 25,873 "," 25,873 "," 25,873 "," 2,388 "," 17,576 ", 349 ," 5,560 ", 14.5 ," 104,989 "," 104,989 "," 43,027 ",," 43,027 ", 14.5 ," 84,185 "," 84,185 "," 65,931 "," 6,013 "," 55,867 "," 1,279 "," 2,772 "," 1,462 "," 1,347 ",,," 134,831 ", 100.0 
문산읍," 133,259 "," 133,259 "," 88,252 ", 66.2 ,, - , - , - , - , - , - , - , 9.9 ," 88,759 "," 88,759 "," 43,752 ",," 43,752 ", 9.9 ," 44,500 "," 44,500 "," 44,500 "," 15,076 "," 29,424 ", - , - ," 1,433 "," 1,756 ", 4 ,," 54,942 ", 62.3 
파주읍," 139,176 "," 139,176 "," 124,814 ", 89.7 , 11.9 ," 30,310 "," 30,310 "," 30,310 "," 2,930 "," 16,081 ", 69 ," 11,230 ", 11.9 ," 68,206 "," 68,206 "," 54,379 ",," 54,379 ", 11.9 ," 40,660 "," 40,660 "," 40,125 "," 17,915 "," 22,210 ", - , - ," 1,702 "," 3,306 ", 2 ,," 80,572 ", 64.6 
법원읍," 81,247 "," 81,247 "," 57,942 ", 71.3 , 4.3 ," 4,508 "," 4,508 "," 4,508 ", 95 ," 2,623 ", 697 ," 1,093 ", 4.3 ," 48,189 "," 48,189 "," 24,884 ",," 24,884 ", 4.3 ," 28,550 "," 28,550 "," 28,550 "," 15,403 "," 12,904 ", 225 , 18 ," 1,104 "," 2,319 ", 2 ,," 41,029 ", 70.8 
조리읍," 84,459 "," 84,459 "," 44,259 ", 52.4 ,, - , - , - , - , - , - , - , 6.8 ," 59,489 "," 59,489 "," 19,289 ",," 19,289 ", 6.8 ," 24,970 "," 24,970 "," 24,970 "," 9,171 "," 14,171 ", 106 ," 1,522 ", 728 ," 1,332 ",,," 44,259 ", 100.0 
월롱면," 73,164 "," 73,164 "," 69,622 ", 95.2 , 3.0 ," 13,212 "," 13,212 "," 13,212 "," 2,001 "," 7,660 "," 1,270 "," 2,281 ", 3.0 ," 36,525 "," 36,525 "," 33,018 ",," 33,018 ", 3.0 ," 23,427 "," 23,427 "," 23,392 "," 9,712 "," 13,680 ", - , - , 639 ," 1,304 ",,," 37,430 ", 53.8 
탄현면," 203,215 "," 242,473 "," 208,224 ", 85.9 , 10.4 ," 55,933 "," 55,933 "," 21,684 "," 1,307 "," 9,382 "," 4,757 "," 6,238 ", 10.4 ," 95,139 "," 104,447 "," 104,447 ",," 104,447 ", 10.4 ," 52,143 "," 82,093 "," 82,093 "," 22,027 "," 54,998 ", 307 ," 4,761 "," 4,643 "," 3,737 ",,," 159,603 ", 76.6 
광탄면," 105,136 "," 105,136 "," 37,031 ", 35.2 , 6.9 ," 6,817 "," 6,817 "," 6,817 ", 803 ," 2,149 ", 297 ," 3,568 ", 6.9 ," 86,342 "," 86,342 "," 18,237 ",," 18,237 ", 6.9 ," 11,977 "," 11,977 "," 11,977 "," 5,631 "," 6,346 ", - , 0 , 566 ," 1,122 ",,," 26,381 ", 71.2 
파평면," 77,281 "," 77,281 "," 65,354 ", 84.6 , 2.5 ," 34,270 "," 34,270 "," 34,270 "," 15,181 "," 16,394 ", 5 ," 2,690 ", 2.5 ," 43,011 "," 43,011 "," 31,084 ",," 31,084 ", 2.5 , - , - , - , - , - , - , - ," 1,083 ", 883 ,,," 19,745 ", 30.2 
적성면," 67,109 "," 67,109 "," 35,484 ", 52.9 , 4.7 ," 7,044 "," 7,044 "," 7,044 "," 2,677 "," 1,754 ", 539 ," 2,074 ", 4.7 ," 50,040 "," 50,040 "," 18,415 ",," 18,415 ", 4.7 ," 10,025 "," 10,025 "," 10,025 "," 2,825 "," 3,954 ", - ," 3,246 ", 498 ," 1,089 ",,," 35,030 ", 98.7 
운정동," 261,771 "," 265,243 "," 265,243 ", 100.0 , 15.0 ," 43,919 "," 43,919 "," 43,919 "," 2,505 "," 34,920 ", - ," 6,494 ", 15.0 ," 111,910 "," 115,382 "," 115,382 "," 1,704 "," 113,678 ", 15.0 ," 105,942 "," 105,942 "," 105,942 "," 23,325 "," 82,617 ", - , - ," 3,468 "," 4,102 ",,,, - 
군내면," 4,775 "," 4,775 ", - , - ,, - , - , - , - , - , - , - , 0.5 ," 4,775 "," 4,775 ", - ,, - , 0.5 , - , - , - , - , - , - , - , 633 , 742 ,,,, - 
진동면, 470 , 470 , 470 , 100.0 ,, - , - , - , - , - , - , - , 0.5 , 470 , 470 , 470 ,, 470 , 0.1 , - , - , - , - , - , - , - , 9 ,,,,, - 
이천시," 806,200 "," 887,615 "," 821,942 ", 92.6 , - , - , - , - , - , - , - , - , 118.7 ," 392,841 "," 452,423 "," 389,690 ", - ," 389,690 ", 354.1 ," 413,359 "," 435,192 "," 432,252 "," 23,833 "," 326,644 "," 53,896 "," 27,879 "," 27,907 "," 38,170 ", 18 , - ," 821,942 ", 100.0 
창전동," 50,428 "," 50,428 "," 50,428 ", 100.0 ,,, - ,, - ,,,, 2.1 ," 8,455 "," 8,455 "," 8,455 ", - ," 8,455 ", 7.0 ," 41,973 "," 41,973 "," 41,973 "," 2,417 "," 38,823 ", 18 , 715 ," 1,110 "," 5,268 ", 1 , - ," 50,428 ", 100.0 
증포동," 73,147 "," 73,147 "," 73,147 ", 100.0 ,,, - ,, - ,,,, 3.1 ," 12,281 "," 12,281 "," 12,281 ", - ," 12,281 ", 10.2 ," 60,866 "," 60,866 "," 60,866 "," 3,505 "," 56,298 ", 26 ," 1,037 "," 1,725 "," 3,811 ", - , - ," 73,147 ", 100.0 
중리동," 83,587 "," 83,587 "," 83,587 ", 100.0 ,,, - ,, - ,,,, 3.5 ," 14,070 "," 14,070 "," 14,070 ", - ," 14,070 ", 11.6 ," 69,517 "," 69,517 "," 69,517 "," 4,004 "," 64,298 ", 30 ," 1,185 "," 2,338 "," 5,352 ", - , - ," 83,587 ", 100.0 
관고동," 41,617 "," 41,617 "," 41,617 ", 100.0 ,,, - ,, - ,,,, 1.7 ," 6,978 "," 6,978 "," 6,978 ", - ," 6,978 ", 5.7 ," 34,639 "," 34,639 "," 34,639 "," 1,995 "," 32,039 ", 15 , 590 ," 1,098 "," 2,632 ", - , - ," 41,617 ", 100.0 
장호원읍," 122,622 "," 122,622 "," 122,430 ", 99.8 ,,, - ,, - ,,,, 12.0 ," 68,881 "," 68,881 "," 68,881 ", - ," 68,881 ", 49.7 ," 53,741 "," 53,741 "," 53,549 "," 3,155 "," 32,571 "," 1,161 "," 16,662 "," 3,143 "," 3,723 ", 16 , - ," 122,430 ", 100.0 
부발읍," 71,313 "," 80,953 "," 58,949 ", 72.8 ,,, - ,, - ,,,, 12.2 ," 67,584 "," 67,584 "," 45,580 ", - ," 45,580 ", 30.3 ," 3,729 "," 13,369 "," 13,369 ", 490 ," 12,510 ", 130 , 239 ," 2,673 "," 3,402 ", - , - ," 58,949 ", 100.0 
신둔면," 32,618 "," 60,770 "," 60,770 ", 100.0 ,,, - ,, - ,,,, 35.8 ," 13,946 "," 41,373 "," 41,373 ", - ," 41,373 ", 0.8 ," 18,672 "," 19,397 "," 19,397 "," 4,419 "," 11,873 "," 3,040 ", 65 ," 3,162 "," 2,322 ", 1 , - ," 60,770 ", 100.0 
백사면," 62,644 "," 62,644 "," 48,347 ", 77.2 ,,, - ,, - ,,,, 3.9 ," 42,456 "," 42,456 "," 28,683 ", - ," 28,683 ", 29.2 ," 20,188 "," 20,188 "," 19,664 ", 788 ," 15,799 "," 2,520 ", 557 ," 2,241 "," 2,145 ", - , - ," 48,347 ", 100.0 
호법면," 48,137 "," 48,905 "," 31,409 ", 64.2 ,,, - ,, - ,,,, 4.2 ," 35,078 "," 35,078 "," 17,582 ", - ," 17,582 ", 33.0 ," 13,059 "," 13,827 "," 13,827 ", 134 ," 2,228 "," 11,387 ", 78 ," 2,151 "," 1,311 ", - , - ," 31,409 ", 100.0 
마장면," 48,377 "," 73,603 "," 71,379 ", 97.0 ,,, - ,, - ,,,, 11.5 ," 25,911 "," 51,137 "," 51,137 ", - ," 51,137 ", 20.4 ," 22,466 "," 22,466 "," 20,242 ", 189 ," 8,851 "," 11,014 ", 188 ," 2,798 "," 2,362 ", - , - ," 71,379 ", 100.0 
대월면," 36,162 "," 43,525 "," 43,525 ", 100.0 ,,, - ,, - ,,,, 7.2 ," 15,754 "," 22,683 "," 22,683 ", - ," 22,683 ", 44.2 ," 20,408 "," 20,842 "," 20,842 ", 421 ," 13,630 "," 5,504 "," 1,287 "," 1,311 "," 1,694 ", - , - ," 43,525 ", 100.0 
모가면," 27,641 "," 31,631 "," 22,171 ", 70.1 ,,, - ,, - ,,,, 9.8 ," 20,743 "," 20,743 "," 11,283 ", - ," 11,283 ", 31.6 ," 6,898 "," 10,888 "," 10,888 ", 299 ," 7,142 "," 2,858 ", 589 ," 1,335 "," 1,388 ", - , - ," 22,171 ", 100.0 
설성면," 52,960 "," 57,860 "," 57,860 ", 100.0 ,,, - ,, - ,,,, 6.2 ," 24,641 "," 24,641 "," 24,641 ", - ," 24,641 ", 45.7 ," 28,319 "," 33,219 "," 33,219 ", 837 ," 15,400 "," 14,560 "," 2,422 "," 1,446 "," 1,480 ", - , - ," 57,860 ", 100.0 
율면," 54,947 "," 56,323 "," 56,323 ", 100.0 ,,, - ,, - ,,,, 5.5 ," 36,063 "," 36,063 "," 36,063 ", - ," 36,063 ", 34.7 ," 18,884 "," 20,260 "," 20,260 "," 1,180 "," 15,182 "," 1,633 "," 2,265 "," 1,376 "," 1,280 ", - , - ," 56,323 ", 100.0 
안성시," 1,017,736 "," 1,051,727 "," 657,233 ", 62.5 , 1.3 ," 235,858 "," 246,399 "," 234,903 "," 20,952 "," 140,864 "," 25,248 "," 47,839 ", 31.8 ," 460,384 "," 483,834 "," 387,601 ", - ," 387,601 ", 31.8 ," 321,494 "," 321,494 "," 34,729 "," 5,085 "," 28,576 ", 918 , 150 ," 9,228 "," 12,793 ", 16 , - ," 570,328 ", 86.8 
공도읍," 127,273 "," 127,273 "," 106,211 ", 83.5 , - ," 27,873 "," 27,873 "," 27,873 ", 359 ," 16,425 "," 6,665 "," 4,424 ", 5.1 ," 81,400 "," 81,400 "," 77,445 ", - ," 77,445 ", 5.1 ," 18,000 "," 18,000 ", 893 , 48 , 845 , - , - ," 1,615 "," 1,834 ", 3 ,," 101,554 ", 95.6 
보개면," 47,847 "," 47,847 "," 21,288 ", 44.5 , - ," 9,957 "," 9,957 "," 9,957 "," 1,487 "," 4,570 "," 1,243 "," 2,657 ", 1.9 ," 21,170 "," 21,170 "," 11,331 ", - ," 11,331 ", 1.9 ," 16,720 "," 16,720 ", - , - , - , - , - , 111 , 393 , - ,," 20,835 ", 97.9 
금광면," 25,942 "," 25,942 "," 9,448 ", 36.4 , - ," 8,312 "," 8,312 "," 8,312 ", 497 ," 6,091 ", 970 , 753 , 0.7 ," 9,850 "," 9,850 "," 1,136 ", - ," 1,136 ", 0.7 ," 7,780 "," 7,780 ", - , - , - , - , - , 199 , 207 , - ,," 9,448 ", 100.0 
서운면," 5,280 "," 24,778 "," 24,778 ", 100.0 , 0.5 ," 5,280 "," 15,188 "," 15,188 "," 2,335 "," 11,808 ", 531 , 515 , - , - ," 9,589 "," 9,589 ", - ," 9,589 ", - ,, - , - , - , - , - , - , 59 , 263 , - ,," 11,501 ", 46.4 
미양면," 50,319 "," 50,319 "," 23,525 ", 46.8 , - ," 9,039 "," 9,039 "," 9,039 "," 1,680 "," 4,946 "," 1,340 "," 1,072 ", 1.4 ," 21,740 "," 21,740 "," 12,407 ", - ," 12,407 ", 1.4 ," 19,540 "," 19,540 "," 2,079 ", 97 ," 1,982 ", - , - , 293 , 389 ,,," 23,256 ", 98.9 
대덕면," 93,335 "," 93,744 "," 53,929 ", 57.5 , - ," 22,675 "," 23,084 "," 23,084 "," 1,062 "," 19,167 "," 1,432 "," 1,424 ", 0.9 ," 39,480 "," 39,480 "," 22,849 ", - ," 22,849 ", 0.9 ," 31,180 "," 31,180 "," 7,996 "," 1,231 "," 5,937 ", 827 , - , 520 ," 1,042 ",,," 50,151 ", 93.0 
양성면," 27,024 "," 27,478 "," 17,078 ", 62.2 , 0.5 ," 9,414 "," 9,414 "," 9,414 ", 600 ," 5,309 "," 2,166 "," 1,339 ", - ," 7,210 "," 7,664 "," 7,664 ", - ," 7,664 ", - ," 10,400 "," 10,400 ", - , - , - , - , - , 185 , 207 ,,," 16,893 ", 98.9 
원곡면," 43,126 "," 51,650 "," 39,975 ", 77.4 , - ," 9,326 "," 9,326 "," 9,326 ", 550 ," 4,510 "," 2,065 "," 2,201 ", 2.1 ," 16,300 "," 24,825 "," 24,825 ", - ," 24,825 ", 2.1 ," 17,500 "," 17,500 "," 5,825 "," 1,638 "," 4,187 ", - , - , 570 , 647 , - ,," 30,948 ", 77.4 
일죽면," 119,242 "," 119,242 "," 75,490 ", 63.3 , - ," 19,042 "," 19,042 "," 19,042 ", 501 ," 13,214 "," 1,664 "," 3,663 ", 4.4 ," 62,200 "," 62,200 "," 55,329 ", - ," 55,329 ", 4.4 ," 38,000 "," 38,000 "," 1,119 ", - ," 1,119 ", - , - ," 1,930 "," 1,650 ",,," 55,666 ", 73.7 
죽산면," 102,791 "," 102,791 "," 55,460 ", 54.0 , - ," 21,371 "," 21,371 "," 21,371 "," 1,616 "," 13,562 "," 2,240 "," 3,953 ", 4.2 ," 43,680 "," 43,680 "," 33,353 ", - ," 33,353 ", 4.2 ," 37,740 "," 37,740 ", 735 , 60 , 675 , - , - ," 1,246 "," 1,191 ", 2 ,," 47,670 ", 86.0 
삼죽면," 25,082 "," 25,082 "," 16,968 ", 67.6 , - ," 7,502 "," 7,502 "," 7,502 ", 581 ," 5,354 "," 1,416 ", 151 , 0.9 ," 10,920 "," 10,920 "," 9,466 ", - ," 9,466 ", 0.9 ," 6,660 "," 6,660 ", - , - , - , - , - , 513 , 359 , - ,," 13,531 ", 79.7 
고삼면," 5,813 "," 5,813 "," 5,813 ", 100.0 , 0.2 ," 5,813 "," 5,813 "," 5,813 ", 20 ," 2,641 "," 2,968 ", 185 , - , - , - , - , - , - , - ,, - , - , - , - , - , - , 104 , 3 , - ,," 4,935 ", 84.9 
안성1동," 120,088 "," 120,312 "," 60,877 ", 50.6 , 0.0 ," 23,518 "," 23,742 "," 23,742 "," 3,263 "," 11,537 ", 188 ," 8,754 ", 4.1 ," 53,980 "," 53,980 "," 32,242 ", - ," 32,242 ", 4.1 ," 42,590 "," 42,590 "," 4,893 ", 432 ," 4,379 ", 31 , 51 , 565 ," 1,908 ", 3 ,," 56,605 ", 93.0 
안성2동," 114,983 "," 114,983 "," 63,970 ", 55.6 , 0.0 ," 31,645 "," 31,645 "," 20,149 "," 2,919 "," 9,652 ", 159 ," 7,418 ", 2.5 ," 45,224 "," 45,224 "," 37,853 ", - ," 37,853 ", 2.5 ," 38,114 "," 38,114 "," 5,968 "," 1,119 "," 4,778 ", 27 , 44 , 571 ," 1,165 ", 2 ,," 51,067 ", 79.8 
안성3동," 109,592 "," 114,474 "," 82,426 ", 72.0 , 0.0 ," 25,092 "," 25,092 "," 25,092 "," 3,482 "," 12,079 ", 200 ," 9,330 ", 3.6 ," 47,230 "," 52,112 "," 52,112 ", - ," 52,112 ", 3.6 ," 37,270 "," 37,270 "," 5,222 ", 461 ," 4,673 ", 33 , 55 , 747 ," 1,535 ", 6 ,," 76,269 ", 92.5 
김포시," 994,584 "," 1,042,294 "," 631,099 ", 60.5 , 223.9 ," 216,541 "," 216,541 "," 216,541 "," 20,294 "," 135,648 "," 14,835 "," 45,764 ", 52.7 ," 453,656 "," 495,537 "," 247,515 "," 1,727 "," 245,788 ", 43.4 ," 324,387 "," 330,216 "," 167,043 "," 8,452 "," 136,274 "," 3,807 "," 18,510 "," 11,883 "," 22,429 ", 138 , - ," 518,710 ", 82.2 
김포시 동지역," 299,039 "," 304,868 "," 245,432 ", 80.5 , 16.8 ," 61,763 "," 61,763 "," 61,763 "," 10,266 "," 41,889 "," 5,752 "," 3,856 ", 22.1 ," 156,085 "," 156,085 "," 96,649 "," 1,649 "," 95,000 ", 14.1 ," 81,191 "," 87,020 "," 87,020 "," 3,624 "," 65,870 "," 1,437 "," 16,089 "," 4,068 "," 9,762 ", 48 , - ," 212,775 ", 86.7 
김포시 통진읍," 138,766 "," 177,518 "," 174,631 ", 98.4 , 20.7 ," 44,405 "," 44,405 "," 44,405 "," 3,643 "," 25,896 "," 1,924 "," 12,942 ", 8.6 ," 51,364 "," 90,116 "," 90,116 ", - ," 90,116 ", 8.0 ," 42,997 "," 42,997 "," 40,110 "," 3,826 "," 33,347 "," 2,079 ", 858 ," 3,399 "," 4,873 ", 20 , - ," 125,002 ", 71.6 
김포시 고촌읍," 101,889 "," 101,889 "," 58,099 ", 57.0 , 20.0 ," 30,132 "," 30,132 "," 30,132 "," 1,812 "," 13,715 "," 3,877 "," 10,728 ", 5.1 ," 38,692 "," 38,692 "," 12,363 ", 78 ," 12,285 ", 1.4 ," 33,065 "," 33,065 "," 15,604 ", 463 ," 14,850 ", 291 , - ," 1,008 "," 2,199 ", 15 , - ," 54,873 ", 94.4 
김포시 양촌읍," 190,602 "," 190,602 "," 71,979 ", 37.8 , 27.9 ," 22,399 "," 22,399 "," 22,399 "," 1,553 "," 16,379 ", 8 ," 4,459 ", 5.8 ," 91,815 "," 91,815 "," 27,229 ", - ," 27,229 ", 11.9 ," 76,388 "," 76,388 "," 22,351 ", 429 ," 20,359 ", - ," 1,563 "," 1,855 "," 3,198 ", 19 , - ," 60,436 ", 84.0 
김포시 대곶면," 143,327 "," 143,327 "," 33,205 ", 23.2 , 36.9 ," 31,132 "," 31,132 "," 31,132 "," 2,091 "," 23,851 "," 3,116 "," 2,074 ", 5.9 ," 63,255 "," 63,255 "," 1,248 ", - ," 1,248 ", 3.9 ," 48,940 "," 48,940 ", 825 , - , 825 , - , - , 633 ," 1,104 ", 4 , - ," 31,798 ", 95.8 
김포시 월곶면," 26,858 "," 29,987 "," 21,177 ", 70.6 , 50.3 ," 9,577 "," 9,577 "," 9,577 ", 578 ," 6,092 ", 4 ," 2,903 ", 1.7 ," 7,970 "," 11,099 "," 11,099 ", - ," 11,099 ", 1.6 ," 9,311 "," 9,311 ", 501 , 103 , 398 , - , - , 426 , 868 , 15 , - ," 10,529 ", 49.7 
김포시 하성면," 94,103 "," 94,103 "," 26,576 ", 28.2 , 51.3 ," 17,133 "," 17,133 "," 17,133 ", 351 ," 7,826 ", 154 ," 8,802 ", 3.5 ," 44,475 "," 44,475 "," 8,811 ", - ," 8,811 ", 2.5 ," 32,495 "," 32,495 ", 632 , 7 , 625 , - , - , 494 , 425 , 17 , - ," 23,297 ", 87.7 
화성시," 1,443,788 "," 1,528,894 "," 988,379 ", 64.6 , - ," 145,407 "," 145,407 "," 145,407 "," 4,248 "," 111,404 "," 5,436 "," 24,319 ", 105.6 ," 851,701 "," 902,988 "," 499,229 ", - ," 499,229 ", 105.6 ," 446,680 "," 480,499 "," 343,743 "," 25,051 "," 318,692 ", - , - ," 22,547 "," 78,009 ", - , - ," 500,687 ", 50.7 
봉담읍," 152,520 "," 152,520 "," 130,428 ", 85.5 ,," 2,199 "," 2,199 "," 2,199 ", - , - , 71 ," 2,128 ", 7.1 ," 76,225 "," 76,225 "," 63,323 ", - ," 63,323 ", 7.1 ," 74,096 "," 74,096 "," 64,906 "," 5,225 "," 59,681 ", - , - ," 2,999 "," 2,811 ", - , - ," 97,574 ", 74.8 
우정읍," 102,908 "," 102,908 "," 29,940 ", 29.1 ,, 935 , 935 , 935 , 7 , 278 , 166 , 484 , 8.1 ," 60,449 "," 60,449 "," 15,939 ", - ," 15,939 ", 8.1 ," 41,524 "," 41,524 "," 13,066 ", 706 ," 12,360 ", - , - ," 1,032 ", 249 , - , - ," 26,113 ", 87.2 
향남읍," 146,981 "," 146,981 "," 45,131 ", 30.7 ,," 6,621 "," 6,621 "," 6,621 ", 351 ," 4,635 ", 166 ," 1,469 ", 19.3 ," 103,818 "," 103,818 "," 26,080 ", - ," 26,080 ", 19.3 ," 36,542 "," 36,542 "," 12,430 "," 1,002 "," 11,428 ", - , - ," 1,319 ", 549 , - , - ," 24,026 ", 53.2 
매송면," 68,865 "," 68,865 "," 14,245 ", 20.7 ,," 4,850 "," 4,850 "," 4,850 ", 63 ," 3,017 ", 301 ," 1,469 ", 3.7 ," 34,937 "," 34,937 "," 4,450 ", - ," 4,450 ", 3.7 ," 29,078 "," 29,078 "," 4,945 ", 495 ," 4,450 ", - , - , 97 , 139 , - , - ," 8,450 ", 59.3 
비봉면," 39,868 "," 39,868 "," 4,665 ", 11.7 ,," 4,665 "," 4,665 "," 4,665 ", 61 ," 2,902 ", 289 ," 1,413 ", 3.4 ," 13,932 "," 13,932 ", - , - ,  -   , 3.4 ," 21,271 "," 21,271 ", - , - , - , - , - , - , - , - , - , - , - 
마도면," 16,929 "," 16,929 "," 15,636 ", 92.4 ,, - , - , - , - , - , - , - , 3.4 ," 11,071 "," 11,071 "," 9,778 ", - ," 9,778 ", 3.4 ," 5,858 "," 5,858 "," 5,858 ", 750 ," 5,108 ", - , - , 184 , 112 , - , - ," 15,187 ", 97.1 
송산면," 51,664 "," 51,664 "," 23,214 ", 44.9 ,," 1,623 "," 1,623 "," 1,623 ", 102 , 969 , 138 , 414 , 2.3 ," 39,110 "," 39,110 "," 10,660 ", - ," 10,660 ", 2.3 ," 10,931 "," 10,931 "," 10,931 "," 1,399 "," 9,532 ", - , - , 457 , 96 , - , - ," 15,532 ", 66.9 
서신면," 59,443 "," 83,343 "," 65,103 ", 78.1 ,," 7,899 "," 7,899 "," 7,899 ", 450 ," 4,858 ", 458 ," 2,133 ", 0.9 ," 43,704 "," 43,704 "," 25,464 ", - ," 25,464 ", 0.9 ," 7,840 "," 31,740 "," 31,740 "," 4,156 "," 27,584 ", - , - , 786 ," 2,207 ", - , - ," 53,257 ", 81.8 
팔탄면," 47,878 "," 95,702 "," 90,776 ", 94.9 ,," 1,461 "," 1,461 "," 1,461 ", 77 ," 1,023 ", 37 , 324 , 4.0 ," 37,660 "," 85,484 "," 85,484 ", - ," 85,484 ", 4.0 ," 8,757 "," 8,757 "," 3,831 ", 178 ," 3,653 ", - , - ," 1,358 "," 1,083 ", - , - ," 30,524 ", 33.6 
장안면," 47,298 "," 47,298 "," 6,718 ", 14.2 ,, 663 , 663 , 663 , 5 , 196 , 118 , 344 , 2.1 ," 39,433 "," 39,433 "," 3,367 ", - ," 3,367 ", 2.1 ," 7,202 "," 7,202 "," 2,688 ", 142 ," 2,546 ", - , - , 219 , 102 , - , - ," 4,973 ", 74.0 
양감면," 21,696 "," 24,126 "," 11,750 ", 48.7 ,," 5,771 "," 5,771 "," 5,771 ", 139 ," 2,874 ", 248 ," 2,510 ", 0.2 ," 15,636 "," 15,636 "," 3,260 ", - ," 3,260 ", 0.2 , 289 ," 2,719 "," 2,719 ", 29 ," 2,690 ", - , - , 214 ," 64,145 ", - , - , 260 , 2.2 
정남면," 142,534 "," 142,534 "," 102,445 ", 71.9 ,," 21,167 "," 21,167 "," 21,167 "," 1,207 "," 14,076 ", 889 ," 4,995 ", 10.6 ," 111,216 "," 111,216 "," 71,127 ", - ," 71,127 ", 10.6 ," 10,151 "," 10,151 "," 10,151 ", 71 ," 10,080 ", - , - ," 2,727 "," 2,680 ", - , - ," 34,325 ", 33.5 
동탄면," 41,412 "," 43,606 "," 43,606 ", 100.0 ,," 41,412 "," 41,412 "," 41,412 ", 61 ," 41,077 ", 42 , 232 , - , - , - , - , - , - , - , - ," 2,194 "," 2,194 ", 167 ," 2,027 ", - , - , 25 , 77 , - , - ," 2,194 ", 5.0 
남양동," 68,101 "," 68,101 "," 32,790 ", 48.1 ,, 694 , 694 , 694 , 44 , 414 , 59 , 177 , 9.2 ," 50,990 "," 50,990 "," 15,679 ", - ," 15,679 ", 9.2 ," 16,417 "," 16,417 "," 16,417 "," 2,101 "," 14,316 ", - , - , 908 , 559 , - , - ," 18,316 ", 55.9 
진안동," 41,730 "," 43,618 "," 43,618 ", 100.0 ,," 8,270 "," 8,270 "," 8,270 ", 306 ," 6,384 ", 447 ," 1,133 ", 2.8 ," 15,586 "," 17,341 "," 17,341 ", - ," 17,341 ", 2.8 ," 17,874 "," 18,007 "," 18,007 "," 2,288 "," 15,719 ", - , - ," 1,207 ", 763 , - , - ," 15,586 ", 35.7 
병점1동," 26,480 "," 26,480 "," 20,531 ", 77.5 ,," 7,851 "," 7,851 "," 7,851 ", 290 ," 6,061 ", 424 ," 1,076 ", 1.5 ," 10,003 "," 10,003 "," 6,353 ", - ," 6,353 ", 1.5 ," 8,626 "," 8,626 "," 6,327 ", 776 ," 5,551 ", - , - , 534 , 343 , - , - ," 12,375 ", 60.3 
병점2동," 4,768 "," 4,768 "," 1,697 ", 35.6 ,, 106 , 106 , 106 , 4 , 82 , 6 , 14 , 1.4 , 979 , 979 , 741 , - , 741 , 1.4 ," 3,683 "," 3,683 ", 850 , 109 , 741 , - , - , 25 , 16 , - , - , 741 , 43.7 
반월동," 18,873 "," 24,673 "," 24,673 ", 100.0 ,," 6,027 "," 6,027 "," 6,027 ", 223 ," 4,653 ", 325 , 826 , 3.8 ," 5,984 "," 6,622 "," 6,622 ", - ," 6,622 ", 3.8 ," 6,862 "," 12,024 "," 12,024 "," 1,822 "," 10,202 ", - , - , 474 , 466 , - , - ," 16,146 ", 65.4 
기배동," 42,060 "," 42,060 "," 30,302 ", 72.0 ,," 7,410 "," 7,410 "," 7,410 ", 274 ," 5,721 ", 400 ," 1,015 ", 2.8 ," 18,006 "," 18,006 "," 10,985 ", - ," 10,985 ", 2.8 ," 16,644 "," 16,644 "," 11,907 "," 1,524 "," 10,383 ", - , - , 762 , 489 , - , - ," 13,062 ", 43.1 
화산동," 75,192 "," 75,192 "," 53,453 ", 71.1 ,," 15,783 "," 15,783 "," 15,783 ", 584 ," 12,184 ", 852 ," 2,163 ", 8.5 ," 32,635 "," 32,635 "," 21,179 ", - ," 21,179 ", 8.5 ," 26,774 "," 26,774 "," 16,491 "," 2,111 "," 14,380 ", - , - ," 1,350 ", 887 , - , - ," 15,785 ", 29.5 
동탄1동," 117,810 "," 117,810 "," 87,810 ", 74.5 ,,, - , - , - , - , - , - , 6.3 ," 73,905 "," 73,905 "," 43,905 ", - ," 43,905 ", 6.3 ," 43,905 "," 43,905 "," 43,905 ", - ," 43,905 ", - , - ," 3,043 ", 100 , - , - ," 43,905 ", 50.0 
동탄2동," 44,712 "," 44,712 "," 44,712 ", 100.0 ,,, - , - , - , - , - , - , 2.2 ," 22,356 "," 22,356 "," 22,356 ", - ," 22,356 ", 2.2 ," 22,356 "," 22,356 "," 22,356 ", - ," 22,356 ", - , - ," 1,418 ", 53 , - , - ," 22,356 ", 50.0 
동탄3동," 64,066 "," 65,136 "," 65,136 ", 100.0 ,,, - , - , - , - , - , - , 2.1 ," 34,066 "," 35,136 "," 35,136 ", - ," 35,136 ", 2.1 ," 30,000 "," 30,000 "," 30,000 ", - ," 30,000 ", - , - ," 1,409 ", 83 , - , - ," 30,000 ", 46.1 
광주시," 873,261 "," 883,678 "," 766,456 ", 86.7 , - ," 135,434 "," 135,446 "," 99,087 "," 8,880 "," 64,561 "," 6,235 "," 19,411 ", 37.0 ," 676,470 "," 686,554 "," 637,885 ", - ," 637,885 ", 37.0 ," 61,357 "," 61,678 "," 29,484 "," 4,027 "," 24,838 ", 539 , 80 ," 12,369 "," 13,557 ", 10 , - ," 714,037 ", 93.2 
오포읍," 246,586 "," 246,586 "," 181,757 ", 73.7 , - ," 36,400 "," 36,400 "," 20,262 "," 2,500 "," 14,100 ", 320 ," 3,342 ", 10.0 ," 195,856 "," 195,856 "," 155,044 ", - ," 155,044 ", 10.0 ," 14,330 "," 14,330 "," 6,451 ", 523 ," 5,710 ", 218 , - ," 1,617 "," 3,021 ", - , - ," 173,345 ", 95.4 
초월읍," 111,971 "," 114,614 "," 110,542 ", 96.4 , - ," 14,481 "," 14,481 "," 14,481 ", 380 ," 8,221 "," 1,882 "," 3,998 ", 3.0 ," 90,580 "," 93,223 "," 93,223 ", - ," 93,223 ", 3.0 ," 6,910 "," 6,910 "," 2,838 ", 274 ," 2,552 ", - , 12 ," 1,954 "," 1,722 ", - , - ," 91,702 ", 83.0 
곤지암읍," 89,013 "," 92,591 "," 76,559 ", 82.7 , - ," 21,230 "," 21,230 "," 11,551 ", 500 ," 8,324 ", 517 ," 2,210 ", 6.0 ," 56,353 "," 59,931 "," 59,931 ", - ," 59,931 ", 6.0 ," 11,430 "," 11,430 "," 5,077 ", 142 ," 4,707 ", 168 , 60 ," 2,289 "," 2,316 ", 5 , - ," 67,227 ", 87.8 
도척면," 54,119 "," 56,714 "," 56,297 ", 99.3 , - ," 6,770 "," 6,770 "," 6,353 ", - ," 5,453 ", 900 , - , 2.0 ," 45,488 "," 48,083 "," 48,083 ", - ," 48,083 ", 2.0 ," 1,861 "," 1,861 "," 1,861 ", - ," 1,838 ", 23 , - ," 1,418 ", 737 , 2 , - ," 53,646 ", 95.3 
퇴촌면," 41,842 "," 42,466 "," 42,466 ", 100.0 , - ," 7,586 "," 7,586 "," 7,586 ", - ," 7,357 ", - , 229 , 2.0 ," 32,271 "," 32,605 "," 32,605 ", - ," 32,605 ", 2.0 ," 1,985 "," 2,275 "," 2,275 ", - ," 2,141 ", 130 , 4 , 959 , 916 , - , - ," 40,640 ", 95.7 
남종면," 28,079 "," 28,087 "," 28,087 ", 100.0 , - ," 5,546 "," 5,546 "," 5,546 ", - ," 5,546 ", - , - , 1.0 ," 22,454 "," 22,462 "," 22,462 ", - ," 22,462 ", 1.0 , 79 , 79 , 79 , - , 79 , - , - , 709 , 365 , - , - ," 26,816 ", 95.5 
남한산성면," 43,518 "," 44,475 "," 42,973 ", 96.6 , - ," 4,600 "," 4,600 "," 3,098 ", - ," 3,098 ", - , - , 1.0 ," 38,266 "," 39,192 "," 39,192 ", - ," 39,192 ", 1.0 , 652 , 683 , 683 , - , 679 , - , 4 , 967 , 387 , - , - ," 41,857 ", 97.4 
경안동," 98,195 "," 98,207 "," 91,669 ", 93.3 , - ," 15,429 "," 15,441 "," 15,441 "," 5,500 "," 4,967 ", 854 ," 4,120 ", 6.0 ," 72,736 "," 72,736 "," 70,811 ", - ," 70,811 ", 6.0 ," 10,030 "," 10,030 "," 5,417 "," 2,334 "," 3,083 ", - , - , 881 ," 1,363 ", 2 , - ," 86,620 ", 94.5 
송정동," 83,589 "," 83,589 "," 74,412 ", 89.0 , - ," 11,958 "," 11,958 "," 9,020 ", - ," 3,983 "," 1,762 "," 3,275 ", 3.0 ," 64,111 "," 64,111 "," 62,111 ", - ," 62,111 ", 3.0 ," 7,520 "," 7,520 "," 3,281 ", 754 ," 2,527 ", - , - , 822 ," 1,347 ", 1 , - ," 72,563 ", 97.5 
광남동," 76,349 "," 76,349 "," 61,694 ", 80.8 , - ," 11,434 "," 11,434 "," 5,749 ", - ," 3,512 ", - ," 2,237 ", 3.0 ," 58,355 "," 58,355 "," 54,423 ", - ," 54,423 ", 3.0 ," 6,560 "," 6,560 "," 1,522 ", - ," 1,522 ", - , - , 753 ," 1,383 ", - , - ," 59,621 ", 96.6 
양주시," 958,199 "," 1,020,918 "," 619,892 ", 60.7 , 14.9 ," 197,949 "," 197,949 "," 175,501 "," 12,694 "," 133,045 "," 29,762 ", - , 87.4 ," 760,250 "," 760,250 "," 381,672 ", - ," 381,672 ", - , - ," 62,719 "," 62,719 ", 613 ," 61,475 ", 631 , - ," 10,490 "," 6,808 ", 68 , - ," 520,653 ", 84.0 
백석읍," 87,909 "," 96,698 "," 54,772 ", 56.6 , 6.2 ," 30,845 "," 30,845 "," 27,113 "," 1,107 "," 23,710 "," 2,296 ",, 10.7 ," 57,064 "," 57,064 "," 18,870 ",," 18,870 ",, - ," 8,789 "," 8,789 ",," 8,789 ",,, 365 , 70 , 12 ,," 51,414 ", 93.9 
은현면," 154,020 "," 170,014 "," 64,444 ", 37.9 , 1.2 ," 31,767 "," 31,767 "," 22,818 "," 1,272 "," 8,002 "," 13,544 ",, 19.4 ," 122,253 "," 122,253 "," 25,632 ",," 25,632 ",, - ," 15,994 "," 15,994 ", 282 ," 15,508 ", 204 ,," 1,217 ", 349 , 10 ,," 48,207 ", 74.8 
남면," 135,508 "," 138,460 "," 76,310 ", 55.1 , 0.3 ," 10,146 "," 10,146 "," 7,546 "," 1,982 "," 4,430 "," 1,134 ",, 4.0 ," 125,362 "," 125,362 "," 65,812 ",," 65,812 ",, - ," 2,952 "," 2,952 ",," 2,952 ",,, 579 , 534 , 15 ,," 55,647 ", 72.9 
광적면," 84,917 "," 87,498 "," 36,324 ", 41.5 , 6.8 ," 26,478 "," 26,478 "," 21,167 ", 303 ," 18,784 "," 2,080 ",, 8.2 ," 58,439 "," 58,439 "," 12,576 ",," 12,576 ",, - ," 2,581 "," 2,581 ",," 2,476 ", 105 ,, 790 , 23 , 12 ,," 36,000 ", 99.1 
장흥면," 118,140 "," 122,026 "," 108,881 ", 89.2 , 0.3 ," 39,481 "," 39,481 "," 37,781 "," 2,559 "," 32,074 "," 3,148 ",, 12.2 ," 78,659 "," 78,659 "," 67,214 ",," 67,214 ",, - ," 3,886 "," 3,886 ", 331 ," 3,353 ", 202 ,," 1,986 "," 1,215 ",,," 84,502 ", 77.6 
시가지," 377,705 "," 406,222 "," 279,161 ", 68.7 , 0.2 ," 59,232 "," 59,232 "," 59,076 "," 5,471 "," 46,045 "," 7,560 ",, 32.9 ," 318,473 "," 318,473 "," 191,568 ",," 191,568 ",, - ," 28,517 "," 28,517 ",," 28,397 ", 120 ,," 5,553 "," 4,617 ", 19 ,," 244,883 ", 87.7 
포천시," 1,556,347 "," 1,661,825 "," 1,110,414 ", 66.8 , - ," 309,837 "," 371,117 "," 371,117 "," 15,648 "," 262,750 "," 69,591 "," 23,128 ", 79.0 ," 852,354 "," 870,988 "," 430,648 ", - ," 430,648 ", 79.0 ," 394,155 "," 419,719 "," 308,648 "," 12,842 "," 238,527 "," 32,363 "," 24,916 "," 20,563 "," 56,186 ", 36 , 380 ," 987,025 ", 88.9 
소흘읍," 256,652 "," 268,122 "," 163,087 ", 60.8 ,," 37,502 "," 48,972 "," 48,972 "," 3,282 "," 41,440 "," 2,425 "," 1,825 ", 13.5 ," 153,993 "," 153,993 "," 63,532 ",," 63,532 ", 13.5 ," 65,157 "," 65,157 "," 50,582 "," 3,103 "," 38,401 "," 6,905 "," 2,174 "," 3,384 "," 13,941 ", 9 , 52 ," 141,898 ", 87.0 
군내면," 89,385 "," 89,385 "," 55,507 ", 62.1 ,," 28,378 "," 28,378 "," 28,378 ", 355 ," 21,143 "," 5,613 "," 1,267 ", 4.7 ," 40,459 "," 40,459 "," 7,236 ",," 7,236 ", 4.7 ," 20,548 "," 20,548 "," 19,893 "," 1,525 "," 15,804 ", 331 ," 2,234 "," 1,081 "," 1,463 ", - , 29 ," 55,507 ", 100.0 
내촌면," 148,922 "," 161,692 "," 59,175 ", 36.6 ,," 15,939 "," 28,709 "," 28,709 ", 569 ," 24,194 "," 2,568 "," 1,377 ", 5.8 ," 81,944 "," 81,944 "," 25,588 ",," 25,588 ", 5.8 ," 51,039 "," 51,039 "," 4,878 ", - ," 4,734 ", 27 , 118 , 556 ," 1,909 ", - , 57 ," 59,175 ", 100.0 
가산면," 154,095 "," 154,095 "," 88,907 ", 57.7 ,," 46,951 "," 46,951 "," 46,951 ", 868 ," 42,172 "," 2,141 "," 1,770 ", 6.9 ," 84,754 "," 84,754 "," 32,613 ",," 32,613 ", 6.9 ," 22,390 "," 22,390 "," 9,343 ", 290 ," 7,538 "," 1,213 ", 303 ," 2,017 "," 3,232 ", - , 27 ," 64,671 ", 72.7 
신북면," 115,479 "," 154,280 "," 122,998 ", 79.7 ,," 21,434 "," 46,844 "," 46,844 "," 2,223 "," 34,926 "," 5,519 "," 4,176 ", 7.4 ," 70,902 "," 70,902 "," 39,620 ",," 39,620 ", 7.4 ," 23,143 "," 36,534 "," 36,534 "," 1,061 "," 31,271 "," 2,282 "," 1,920 "," 1,863 "," 10,466 ", - , 48 ," 119,547 ", 97.2 
창수면," 33,086 "," 33,086 "," 31,804 ", 96.1 ,," 15,645 "," 15,645 "," 15,645 ", 756 ," 9,024 "," 5,639 ", 225 , 1.4 ," 16,331 "," 16,331 "," 15,055 ",," 15,055 ", 1.4 ," 1,110 "," 1,110 "," 1,104 ", 92 , 396 , 154 , 463 , 713 , 68 , - , 1 ," 17,362 ", 54.6 
영중면," 90,384 "," 96,884 "," 72,004 ", 74.3 ,," 18,031 "," 24,531 "," 24,531 "," 1,281 "," 15,520 "," 5,620 "," 2,110 ", 3.2 ," 42,534 "," 42,534 "," 21,208 ",," 21,208 ", 3.2 ," 29,818 "," 29,818 "," 26,264 "," 1,280 "," 17,324 "," 5,908 "," 1,752 "," 1,127 "," 1,293 ", 5 , 32 ," 72,004 ", 100.0 
일동면," 107,195 "," 107,195 "," 64,767 ", 60.4 ,," 7,365 "," 7,365 "," 7,365 ", 468 ," 3,069 "," 3,531 ", 297 , 5.3 ," 67,519 "," 67,519 "," 30,342 ",," 30,342 ", 5.3 ," 32,311 "," 32,311 "," 27,060 "," 1,268 "," 19,949 "," 3,640 "," 2,203 "," 1,291 "," 4,429 ", - , 37 ," 64,767 ", 100.0 
이동면," 135,253 "," 135,253 "," 88,755 ", 65.6 ,," 2,705 "," 2,705 "," 2,705 ", 72 , 773 , 760 ," 1,100 ", 10.1 ," 75,280 "," 75,280 "," 41,650 ",," 41,650 ", 10.1 ," 57,268 "," 57,268 "," 44,401 "," 1,647 "," 27,884 "," 4,047 "," 10,823 "," 1,599 "," 3,246 ", - , 38 ," 82,306 ", 92.7 
영북면," 121,797 "," 126,927 "," 108,769 ", 85.7 ,," 41,795 "," 46,925 "," 46,925 "," 2,208 "," 28,164 "," 13,705 "," 2,849 ", 6.2 ," 53,362 "," 53,362 "," 41,784 ",," 41,784 ", 6.2 ," 26,640 "," 26,640 "," 20,060 "," 1,678 "," 14,055 "," 3,185 "," 1,142 "," 2,159 "," 3,540 ", 4 , 13 ," 75,851 ", 69.7 
관인면," 53,523 "," 72,157 "," 64,092 ", 88.8 ,," 10,531 "," 10,531 "," 10,531 ", 18 ," 1,000 "," 8,181 "," 1,332 ", 1.3 ," 20,356 "," 38,990 "," 38,990 ",," 38,990 ", 1.3 ," 22,636 "," 22,636 "," 14,571 ", 89 ," 11,264 "," 3,194 ", 24 , 746 ," 1,201 ", - , 16 ," 64,092 ", 100.0 
화현면," 41,614 "," 41,614 "," 17,627 ", 42.4 ,," 16,601 "," 16,601 "," 16,601 ", 239 ," 10,229 "," 5,634 ", 500 , 0.3 ," 24,083 "," 24,083 ", 406 ,, 406 , 0.3 , 930 , 930 , 619 , 305 , 307 , 7 , - , 201 , - , - , - ," 17,627 ", 100.0 
포천동," 114,564 "," 121,579 "," 94,780 ", 78.0 ,," 15,373 "," 15,373 "," 15,373 "," 2,367 "," 7,282 "," 2,395 "," 3,329 ", 7.8 ," 69,236 "," 69,236 "," 42,437 ",," 42,437 ", 7.8 ," 29,955 "," 36,970 "," 36,970 ", 464 ," 34,169 ", 934 ," 1,403 "," 2,299 "," 10,802 ", 10 , 22 ," 87,850 ", 92.7 
선단동," 94,397 "," 99,556 "," 78,141 ", 78.5 ,," 31,586 "," 31,586 "," 31,586 ", 942 ," 23,815 "," 5,859 ", 971 , 5.1 ," 51,601 "," 51,601 "," 30,187 ",," 30,187 ", 5.1 ," 11,210 "," 16,369 "," 16,369 ", 38 ," 15,432 ", 539 , 360 ," 1,527 ", 596 , 8 , 8 ," 64,367 ", 82.4 
여주시," 403,754 "," 554,904 "," 537,078 ", 94.7 , 15.2 , - ," 34,839 "," 34,839 "," 7,247 "," 27,592 ", - , - , 12 ," 325,557 "," 416,095 "," 409,071 ", - ," 409,071 ", 15 ," 78,197 "," 103,970 "," 93,168 "," 8,490 "," 72,302 "," 3,318 "," 9,058 "," 8,108 "," 13,070 ", 10 , 10 ," 263,178 ", 63.3 
"여주시
가남읍"," 39,976 "," 68,663 "," 68,663 ", 100.0 , 2.4 , - ," 3,469 "," 3,469 "," 1,364 "," 2,105 ",,, 1.0 ," 29,020.0 "," 47,340 "," 47,340 ",," 47,340 ", 2.4 ," 10,956.0 "," 17,854 "," 17,854 "," 2,056 "," 14,088 ", 300 ," 1,410 ", 898 ," 1,164 ", - , - ," 25,240 ", 36.8 
"여주시
점동면"," 29,615 "," 42,339 "," 42,339 ", 100.0 , 1.0 , - ," 5,907 "," 5,907 "," 1,104 "," 4,803 ",,, 0.8 ," 29,347.0 "," 32,046 "," 32,046 ",," 32,046 ", 1.0 , 268.0 ," 4,386 "," 4,386 ", - ," 4,386 ", - , - , 324 , 671 , - , - ," 35,522 ", 83.9 
"여주시
능서면"," 9,349 "," 26,387 "," 26,234 ", 99.4 , 0.3 , - , 775 , 775 , 72 , 703 ,,, 0.1 ," 6,737.0 "," 23,000 "," 23,000 ",," 23,000 ", 0.3 ," 2,612.0 "," 2,612 "," 2,459 ", 382 ," 1,550 ", - , 527 , 144 , 783 , - , - ," 4,318 ", 16.5 
"여주시
흥천면"," 20,250 "," 39,023 "," 38,846 ", 99.5 , 0.5 , - ," 2,703 "," 2,703 ", - ," 2,703 ",,, 0.5 ," 18,243.2 "," 34,314 "," 34,314 ",," 34,314 ", 0.5 ," 2,006.4 "," 2,006 "," 1,829 ", 53 ," 1,776 ", - , - , 417 , 981 , - , - ," 13,998 ", 36.0 
"여주시
금사면"," 45,630 "," 52,019 "," 52,019 ", 100.0 , 0.6 , - ," 1,197 "," 1,197 ", 155 ," 1,042 ",,, 0.7 ," 37,051.0 "," 42,243 "," 42,243 ",," 42,243 ", 0.6 ," 8,579.0 "," 8,579 "," 8,579 "," 1,294 "," 5,087 ", 725 ," 1,473 ", 853 , 777 , - , - ," 12,657 ", 24.3 
"여주시
산북면"," 41,988 "," 43,773 "," 43,773 ", 100.0 , 0.4 , - ," 1,765 "," 1,765 ", 749 ," 1,016 ",,, 1.6 ," 34,729.0 "," 34,729 "," 34,729 ",," 34,729 ", 0.4 ," 7,259.0 "," 7,279 "," 7,279 ", 860 ," 5,660 ", 115 , 644 , 595 , 633 , - , - ," 17,509 ", 40.0 
"여주시
대신면"," 39,307 "," 43,123 "," 39,867 ", 92.4 , 0.9 , - ," 3,816 "," 3,816 ", - ," 3,816 ",,, 1.0 ," 29,317.8 "," 29,318 "," 28,977 ",," 28,977 ", 0.9 ," 9,989.0 "," 9,989 "," 7,074 ", 713 ," 5,450 ", 330 , 581 , 842 ," 1,423 ", - , - ," 29,347 ", 73.6 
"여주시
북내면"," 32,885 "," 40,309 "," 40,309 ", 100.0 , 0.7 , - ," 7,424 "," 7,424 "," 3,268 "," 4,156 ",,, 0.5 ," 31,610.0 "," 31,610 "," 31,610 ",," 31,610 ", 0.7 ," 1,275.0 "," 1,275 "," 1,275 ", - , 226 , 150 , 899 ," 1,040 ", 728 , - , - ," 36,128 ", 89.6 
"여주시
강천면"," 5,037 "," 21,606 "," 21,606 ", 100.0 , - , - , - , - , - , - ,,, - ," 4,095.0 "," 20,664 "," 20,664 ",," 20,664 ", - , 942.0 , 942 , 942 , - , 192 , 750 , - , 121 , 337 , - , - , - , - 
"여주시
여흥동"," 29,340 "," 61,136 "," 61,136 ", 100.0 , 1.8 , - ," 1,634 "," 1,634 ", 112 ," 1,522 ",,, 1.2 ," 22,135.4 "," 37,560 "," 37,560 ",," 37,560 ", 1.7 ," 7,205.0 "," 21,942 "," 21,942 ", 658 ," 20,345 ", 199 , 740 , 603 ," 1,268 ", 2 , 2 ," 18,576 ", 30.4 
"여주시
중앙동"," 69,859 "," 73,751 "," 64,738 ", 87.8 , 4.2 , - ," 3,892 "," 3,892 ", 268 ," 3,624 ",,, 2.8 ," 52,703.3 "," 52,703 "," 48,473 ",," 48,473 ", 4.2 ," 17,155.6 "," 17,156 "," 12,373 "," 1,566 "," 8,571 ", 474 ," 1,762 "," 1,437 "," 2,601 ", 5 , 5 ," 44,230 ", 68.3 
"여주시
오학동"," 40,518 "," 42,775 "," 37,548 ", 87.8 , 2.4 , - ," 2,257 "," 2,257 ", 155 ," 2,102 ",,, 1.7 ," 30,567.9 "," 30,568 "," 28,115 ",," 28,115 ", 2.4 ," 9,950.2 "," 9,950 "," 7,176 ", 908 ," 4,971 ", 275 ," 1,022 ", 834 ," 1,704 ", 3 , 3 ," 25,653 ", 68.3 
군부," 2,302,052 "," 2,504,834 "," 1,833,460 ", 73.2 , 686.9 ," 288,121 "," 288,121 "," 242,286 "," 20,713 "," 150,950 "," 70,623 ", - , 138.2 ," 1,755,173 "," 1,798,281 "," 1,373,886 ", - ," 1,373,886 ", 482.2 ," 407,551 "," 418,432 "," 217,288 "," 17,325 "," 184,457 "," 11,385 "," 4,121 "," 39,111 "," 44,891 ", 53 , 244 ," 1,423,677 ", 77.6 
연천군," 579,373 "," 755,920 "," 579,275 ", 76.6 , 669.0 ," 206,721 "," 206,721 "," 199,286 "," 18,073 "," 110,590 "," 70,623 ", - , 26.9 ," 372,625 "," 398,395 "," 300,188 ", - ," 300,188 ", 26.9 ," 148,820 "," 150,804 "," 79,801 ", 260 ," 79,248 ", 293 , - ," 10,525 "," 13,689 ", 21 , 2 ," 254,098 ", 43.9 
연천읍," 107,039 "," 147,124 "," 111,724 ", 75.9 , 82.8 ," 35,931 "," 35,931 "," 28,496 "," 5,178 "," 12,193 "," 11,125 ", - , 5.1 ," 71,103 "," 71,103 "," 61,942 ", - ," 61,942 ", 5.1 ," 40,090 "," 40,090 "," 21,286 ", - ," 20,993 ", 293 , - ," 1,220 "," 3,003 ", 6 , - ," 75,834 ", 67.9 
전곡읍," 137,554 "," 173,078 "," 118,604 ", 68.5 , 49.2 ," 45,454 "," 45,454 "," 45,454 "," 3,262 "," 33,747 "," 8,445 ", - , 6.0 ," 92,094 "," 92,094 "," 51,950 ", - ," 51,950 ", 6.0 ," 35,530 "," 35,530 "," 21,200 ", - ," 21,200 ", - , - ," 2,763 "," 5,048 ", 9 , - ," 73,046 ", 61.6 
군남면," 75,183 "," 87,259 "," 58,706 ", 67.3 , 42.0 ," 21,758 "," 21,758 "," 21,758 "," 1,789 "," 13,376 "," 6,593 ", - , 3.6 ," 53,421 "," 53,421 "," 34,373 ", - ," 34,373 ", 3.6 ," 12,080 "," 12,080 "," 2,575 ", - ," 2,575 ", - , - ," 1,042 ", 737 , - , 1 ," 18,196 ", 31.0 
청산면," 62,077 "," 77,025 "," 70,474 ", 91.5 , 40.5 ," 24,874 "," 24,874 "," 24,874 "," 1,544 "," 16,656 "," 6,674 ", - , 3.2 ," 37,200 "," 39,751 "," 39,751 ", - ," 39,751 ", 3.2 ," 12,400 "," 12,400 "," 5,849 ", 260 ," 5,589 ", - , - ," 2,502 "," 1,653 ", - , - ," 29,925 ", 42.5 
백학면," 56,113 "," 88,342 "," 88,342 ", 100.0 , 59.1 ," 23,417 "," 23,417 "," 23,417 "," 2,067 "," 11,358 "," 9,992 ", - , 2.3 ," 32,694 "," 51,851 "," 51,851 ", - ," 51,851 ", 2.3 ," 11,090 "," 13,074 "," 13,074 ", - ," 13,074 ", - , - ," 1,139 "," 1,051 ", - , - ," 15,499 ", 17.5 
미산면," 30,050 "," 35,319 "," 27,156 ", 76.9 , 39.9 ," 15,159 "," 15,159 "," 15,159 ", 608 ," 5,344 "," 9,207 ", - , 1.4 ," 14,890 "," 14,890 "," 10,727 ", - ," 10,727 ", 1.4 ," 5,270 "," 5,270 "," 1,270 ", - ," 1,270 ", - , - , 375 , 333 , - , - ," 10,305 ", 37.9 
왕징면," 17,031 "," 23,830 "," 17,771 ", 74.6 , 85.8 ," 10,524 "," 10,524 "," 10,524 ", 903 ," 5,032 "," 4,589 ", - , 0.5 ," 6,506 "," 6,506 "," 5,337 ", - ," 5,337 ", 0.5 ," 6,800 "," 6,800 "," 1,910 ", - ," 1,910 ", - , - , 231 , 238 , - , - ," 4,794 ", 27.0 
신서면," 70,297 "," 91,353 "," 56,301 ", 61.6 , 128.2 ," 15,556 "," 15,556 "," 15,556 "," 1,955 "," 6,710 "," 6,891 ", - , 3.8 ," 54,737 "," 54,737 "," 30,275 ", - ," 30,275 ", 3.8 ," 21,060 "," 21,060 "," 10,470 ", - ," 10,470 ", - , - , 808 ," 1,357 ", 6 , 1 ," 19,558 ", 34.7 
중면," 3,611 "," 4,611 "," 3,551 ", 77.0 , 88.3 ," 1,771 "," 1,771 "," 1,771 ", 254 , 449 ," 1,068 ", - , 0.2 ," 1,840 "," 1,840 "," 1,780 ", - ," 1,780 ", 0.2 ," 1,000 "," 1,000 ", - , - , - , - , - , 56 , - , - , - , 703 , 19.8 
장남면," 20,418 "," 27,979 "," 26,646 ", 95.2 , 53.2 ," 12,277 "," 12,277 "," 12,277 ", 513 ," 5,725 "," 6,039 ", - , 0.8 ," 8,140 "," 12,202 "," 12,202 ", - ," 12,202 ", 0.8 ," 3,500 "," 3,500 "," 2,167 ", - ," 2,167 ", - , - , 389 , 269 , - , - ," 6,238 ", 23.4 
가평군," 713,088 "," 735,989 "," 516,871 ", 70.2 , - , - , - , - , - , - , - , - , 48.8 ," 530,652 "," 544,656 "," 389,369 ", - ," 389,369 ", 455.3 ," 182,436 "," 191,333 "," 127,502 "," 16,987 "," 95,302 "," 11,092 "," 4,121 "," 10,656 "," 11,668 ", - , 199 ," 477,188 ", 92.3 
가평읍," 183,827 "," 183,827 "," 168,987 ", 91.9 ,,, - , - ,,,,, 12.9 ," 125,100 "," 125,100 "," 119,105 ",," 119,105 ", 80.1 ," 58,727 "," 58,727 "," 49,882 "," 7,746 "," 34,826 "," 4,875 "," 2,435 "," 3,231 "," 5,087 ", - , 66 ," 152,190 ", 90.1 
설악면," 111,107 "," 111,107 "," 62,874 ", 56.6 ,,, - , - ,,,,, 9.2 ," 84,979 "," 84,979 "," 52,661 ",," 52,661 ", 86.4 ," 26,128 "," 26,128 "," 10,213 ", 463 ," 8,761 ", 618 , 371 ," 1,429 "," 1,558 ", - , 22 ," 62,874 ", 100.0 
청평면," 155,894 "," 155,894 "," 122,671 ", 78.7 ,,, - , - ,,,,, 10.4 ," 110,097 "," 110,097 "," 87,984 ",," 87,984 ", 169.1 ," 45,797 "," 45,797 "," 34,687 "," 2,773 "," 29,042 "," 2,450 ", 422 ," 2,026 "," 2,462 ", - , 66 ," 122,671 ", 100.0 
상면," 71,781 "," 85,785 "," 69,709 ", 81.3 ,,, - , - ,,,,, 6.9 ," 48,435 "," 62,439 "," 62,439 ",," 62,439 ", 44.6 ," 23,346 "," 23,346 "," 7,270 "," 1,476 "," 5,076 ", 533 , 185 ," 1,867 "," 1,158 ", - , 18 ," 49,593 ", 71.1 
조종면," 81,961 "," 90,858 "," 60,623 ", 66.7 ,,, - , - ,,,,, 4.9 ," 71,519 "," 71,519 "," 41,284 ",," 41,284 ", 24.5 ," 10,442 "," 19,339 "," 19,339 "," 3,611 "," 13,539 "," 1,683 ", 506 ," 1,289 ", 772 , - , 19 ," 57,853 ", 95.4 
북면," 108,518 "," 108,518 "," 32,007 ", 29.5 ,,, - , - ,,,,, 4.6 ," 90,522 "," 90,522 "," 25,896 ",," 25,896 ", 50.7 ," 17,996 "," 17,996 "," 6,111 ", 918 ," 4,058 ", 933 , 202 , 814 , 631 , - , 8 ," 32,007 ", 100.0 
양평군," 1,009,591 "," 1,012,925 "," 737,314 ", 72.8 , 17.9 ," 81,400 "," 81,400 "," 43,000 "," 2,640 "," 40,360 ", - , - , 62.5 ," 851,896 "," 855,230 "," 684,329 ", - ," 684,329 ", - ," 76,295 "," 76,295 "," 9,985 ", 78 ," 9,907 ", - , - ," 17,930 "," 19,534 ", 32 , 43 ," 692,391 ", 93.9 
양평읍," 179,523 "," 179,523 "," 149,093 ", 83.0 , 6.6 ," 18,200 "," 18,200 "," 18,200 "," 1,000 "," 17,200 ", - , - , 24.0 ," 151,323 "," 151,323 "," 127,550 ", - ," 127,550 ", - ," 10,000 "," 10,000 "," 3,343 ", 46 ," 3,297 ", - ,," 3,938 "," 2,936 ", 14 , 5 ," 149,093 ", 100.0 
강상면," 98,840 "," 98,840 "," 56,864 ", 57.5 , - , - , - , - , - , - , - , - , 5.0 ," 91,740 "," 91,740 "," 56,864 ", - ," 56,864 ", - ," 7,100 "," 7,100 ", - ,,, - ,," 1,162 ", 833 ,, 2 ," 56,864 ", 100.0 
강하면," 96,071 "," 96,071 "," 72,449 ", 75.4 , - , - , - , - , - , - , - , - , 5.0 ," 88,371 "," 88,371 "," 72,449 ", - ," 72,449 ", - ," 7,700 "," 7,700 ", - ,,, - ,," 1,548 "," 1,049 ",, 3 ," 69,890 ", 96.5 
양서면," 109,769 "," 109,769 "," 78,592 ", 71.6 , 0.9 ," 14,800 "," 14,800 "," 14,800 ", 580 ," 14,220 ", - , - , 1.0 ," 82,590 "," 82,590 "," 63,792 ", - ," 63,792 ", - ," 12,379 "," 12,379 ", - ,,, - ,, 761 ," 2,293 ", 10 , 1 ," 78,592 ", 100.0 
옥천면," 67,940 "," 67,940 "," 49,409 ", 72.7 , 1.5 ," 9,800 "," 9,800 "," 3,200 ", 490 ," 2,710 ", - , - , 1.0 ," 52,140 "," 52,140 "," 44,453 ", - ," 44,453 ", - ," 6,000 "," 6,000 "," 1,756 ", 32 ," 1,724 ", - ,," 1,308 "," 1,135 ", 3 , 2 ," 49,409 ", 100.0 
서종면," 63,042 "," 63,042 "," 35,895 ", 56.9 , - , - , - , - , - , - , - , - , 5.3 ," 57,842 "," 57,842 "," 35,895 ", - ," 35,895 ", - ," 5,200 "," 5,200 ", - ,,, - ,," 1,192 "," 1,528 ",, 3 ," 35,895 ", 100.0 
단월면," 62,962 "," 64,748 "," 55,248 ", 85.3 , 2.2 ," 5,500 "," 5,500 ", - , - , - , - , - , 5.0 ," 53,462 "," 55,248 "," 55,248 ", - ," 55,248 ", - ," 4,000 "," 4,000 ", - ,,, - ,," 1,187 "," 1,279 ",, 3 ," 43,468 ", 78.7 
청운면," 57,684 "," 57,684 "," 36,449 ", 63.2 , 2.5 ," 5,800 "," 5,800 ", - , - , - , - , - , 4.0 ," 48,384 "," 48,384 "," 36,449 ", - ," 36,449 ", - ," 3,500 "," 3,500 ", - ,,, - ,," 1,179 "," 1,848 ",,," 35,200 ", 96.6 
양동면," 66,580 "," 68,128 "," 57,528 ", 84.4 , - ," 7,600 "," 7,600 ", - , - , - , - , - , 5.0 ," 55,980 "," 57,528 "," 57,528 ", - ," 57,528 ", - ," 3,000 "," 3,000 ", - ,,, - ,, 870 ," 1,259 ",, 5 ," 45,720 ", 79.5 
지평면," 69,546 "," 69,546 "," 32,567 ", 46.8 , 0.5 ," 5,700 "," 5,700 ", - , - , - , - , - , 3.3 ," 56,846 "," 56,846 "," 32,567 ", - ," 32,567 ", - ," 7,000 "," 7,000 ", - ,,, - ,," 1,460 "," 1,362 ",, 7 ," 32,567 ", 100.0 
용문면," 88,998 "," 88,998 "," 74,575 ", 83.8 , 3.2 ," 8,400 "," 8,400 "," 6,800 ", 570 ," 6,230 ", - , - , 2.6 ," 74,598 "," 74,598 "," 67,305 ", - ," 67,305 ", - ," 6,000 "," 6,000 ", 470 ,, 470 , - ,," 2,333 "," 3,304 ", 5 , 4 ," 69,014 ", 92.5 
개군면," 48,636 "," 48,636 "," 38,645 ", 79.5 , 0.5 ," 5,600 "," 5,600 ", - , - , - , - , - , 1.3 ," 38,620 "," 38,620 "," 34,229 ", - ," 34,229 ", - ," 4,416 "," 4,416 "," 4,416 ",," 4,416 ", - ,, 992 , 708 ,, 8 ," 26,679 ", 69.0 
강원도," 9,221,544 "," 11,050,526 "," 8,763,986 ", 79.3 , 966.4 ," 1,440,117 "," 2,376,399 "," 2,175,745 "," 178,878 "," 1,466,947 "," 168,312 "," 328,718 ", 401.0 ," 4,948,428 "," 5,237,205 "," 3,949,777 "," 21,900 "," 3,943,992 ", 363.9 ," 2,832,999 "," 3,436,922 "," 2,638,464 "," 174,827 "," 1,581,864 "," 110,257 "," 573,461 "," 145,428 "," 258,440 ", 740 ," 3,188 "," 6,156,540 ", 70.2 
시부," 5,208,302 "," 6,897,845 "," 5,374,252 ", 77.9 , 87.9 ," 1,054,046 "," 1,990,128 "," 1,804,278 "," 131,425 "," 1,321,577 "," 61,839 "," 289,437 ", 226.2 ," 2,376,652 "," 2,629,996 "," 1,895,256 "," 19,693 "," 1,875,563 ", 189.6 ," 1,777,604 "," 2,277,720 "," 1,674,717 "," 125,723 "," 1,166,473 "," 74,848 "," 307,673 "," 93,648 "," 167,837 ", 492 ," 2,233 "," 4,347,369 ", 80.9 
춘천시," 1,125,088 "," 1,653,220 "," 1,160,660 ", 70.2 , - , - ," 429,747 "," 429,747 "," 42,465 "," 382,563 "," 4,719 ", - , 58.0 ," 432,573 "," 529,542 "," 462,733 ", - ," 462,733 ", 58.0 ," 692,515 "," 693,931 "," 268,180 "," 13,093 "," 117,333 "," 46,831 "," 90,923 "," 21,036 "," 23,851 ", 95 , 159 ," 1,077,459 ", 92.8 
읍면지역계," 420,506 "," 505,199 "," 433,015 ", 85.7 , - , - ," 57,052 "," 57,052 "," 4,115 "," 50,604 "," 2,334 ", - , 32.4 ," 226,562 "," 252,787 "," 226,692 ", - ," 226,692 ", 32.4 ," 193,944 "," 195,360 "," 149,270 "," 1,825 "," 32,759 "," 44,048 "," 70,638 "," 6,210 "," 4,801 ", 21 , 111 ," 369,960 ", 85.4 
신북읍," 143,608 "," 158,221 "," 153,473 ", 97.0 , - , - ," 11,456 "," 11,456 "," 1,772 "," 8,280 "," 1,404 ", - , 7.3 ," 69,134 "," 72,291 "," 72,291 ", - ," 72,291 ", 7.3 ," 74,474 "," 74,474 "," 69,726 ", - ," 7,177 "," 24,103 "," 38,445 "," 1,713 "," 1,688 ", - , 14 ," 110,043 ", 71.7 
동면," 49,458 "," 78,111 "," 71,008 ", 90.9 , - , - ," 14,776 "," 14,776 ", 504 ," 14,273 ", - , - , 5.6 ," 14,974 "," 28,851 "," 28,851 ", - ," 28,851 ", 5.6 ," 34,484 "," 34,484 "," 27,381 ", 530 ," 9,103 "," 9,496 "," 8,252 ", 896 , 500 , 15 , 26 ," 66,068 ", 93.0 
동산면," 9,040 "," 9,040 "," 7,334 ", 81.1 , - , - , - , - , - , - , - , - , 0.6 ," 9,040 "," 9,040 "," 7,334 ", - ," 7,334 ", 0.6 , - , - , - , - , - , - , - , 202 , 68 , - , 15 ," 7,039 ", 96.0 
신동면," 27,857 "," 41,499 "," 35,452 ", 85.4 , - , - ," 4,451 "," 4,451 ", 266 ," 3,734 ", 451 , - , 2.4 ," 14,885 "," 24,076 "," 24,076 ", - ," 24,076 ", 2.4 ," 12,972 "," 12,972 "," 6,925 ", - , 424 ," 1,996 "," 4,504 ", 606 , 507 , - , 20 ," 31,812 ", 89.7 
동내면," 65,862 "," 73,733 "," 59,817 ", 81.1 , - , - ," 7,871 "," 7,871 "," 1,163 "," 6,658 ", 50 , - , 4.9 ," 36,071 "," 36,071 "," 34,075 ", - ," 34,075 ", 4.9 ," 29,791 "," 29,791 "," 17,870 "," 1,276 "," 11,178 ", 849 ," 4,567 "," 1,076 "," 1,567 ", 6 , 9 ," 57,414 ", 96.0 
남면," 6,902 "," 6,902 "," 4,013 ", 58.1 , - , - , - , - , - , - , - , - , 0.7 ," 6,902 "," 6,902 "," 4,013 ", - ," 4,013 ", 0.7 , - , - , - , - , - , - , - , 109 , 72 , - , 10 ," 3,992 ", 99.5 
남산면," 46,614 "," 50,440 "," 42,630 ", 84.5 , - , - ," 3,610 "," 3,610 ", 305 ," 2,877 ", 429 , - , 5.0 ," 36,002 "," 36,002 "," 28,191 ", - ," 28,191 ", 5.0 ," 10,612 "," 10,829 "," 10,829 ", 19 ," 3,677 "," 1,019 "," 6,114 ", 658 , 61 , - , 8 ," 41,716 ", 97.9 
서면," 52,506 "," 67,394 "," 43,207 ", 64.1 , - , - ," 14,888 "," 14,888 ", 106 ," 14,782 ", - , - , 4.4 ," 20,895 "," 20,895 "," 12,978 ", - ," 12,978 ", 4.4 ," 31,611 "," 31,611 "," 15,340 ", - , - ," 6,584 "," 8,756 ", 613 , 35 , - , 3 ," 37,824 ", 87.5 
사북면," 16,369 "," 17,568 "," 16,082 ", 91.5 , - , - , - , - , - , - , - , - , 1.3 ," 16,369 "," 16,369 "," 14,883 ", - ," 14,883 ", 1.3 , - ," 1,199 "," 1,199 ", - ," 1,199 ", - , - , 337 , 303 , - , 6 ," 14,052 ", 87.4 
북산면," 2,290 "," 2,290 ", - , - , - , - , - , - , - , - , - , - , 0.1 ," 2,290 "," 2,290 ", - , - , - , 0.1 , - , - , - , - , - , - , - , - , - , - , - , - , - 
동지역," 704,582 "," 1,148,021 "," 727,645 ", 63.4 , - , - ," 372,695 "," 372,695 "," 38,350 "," 331,960 "," 2,385 ", - , 25.6 ," 206,011 "," 276,755 "," 236,040 ", - ," 236,040 ", 25.6 ," 498,571 "," 498,571 "," 118,910 "," 11,268 "," 84,575 "," 2,783 "," 20,284 "," 14,826 "," 19,050 ", 74 , 48 ," 707,499 ", 97.2 
교동," 21,754 "," 40,587 "," 27,756 ", 68.4 , - , - ," 12,393 "," 12,393 ", 815 ," 11,578 ", - , - , 0.5 ," 8,335 "," 14,775 "," 14,775 ", - ," 14,775 ", 0.5 ," 13,419 "," 13,419 ", 588 , - , 274 , - , 314 , 695 ," 1,489 ", - , - ," 24,422 ", 88.0 
조운동," 21,257 "," 32,007 "," 15,921 ", 49.7 , - , - ," 10,750 "," 10,750 "," 1,503 "," 9,247 ", - , - , 0.3 ," 9,693 "," 9,693 "," 4,832 ", - ," 4,832 ", 0.3 ," 11,564 "," 11,564 ", 339 , - , 57 , - , 282 , 316 , 627 , - , - ," 15,666 ", 98.4 
약사명동," 28,328 "," 49,459 "," 34,016 ", 68.8 , - , - ," 14,403 "," 14,403 "," 1,618 "," 12,785 ", - , - , 0.5 ," 10,992 "," 17,720 "," 17,720 ", - ," 17,720 ", 0.5 ," 17,336 "," 17,336 "," 1,893 ", 589 , 201 , - ," 1,103 ", 802 , 844 , 2 , - ," 30,751 ", 90.4 
근화동," 72,168 "," 114,079 "," 55,512 ", 48.7 , - , - ," 41,911 "," 41,911 "," 8,836 "," 31,880 "," 1,194 ", - , 2.4 ," 24,028 "," 24,028 "," 10,198 ", - ," 10,198 ", 2.4 ," 48,141 "," 48,141 "," 3,404 ", - ," 1,928 ", 250 ," 1,226 ", 831 ," 1,093 ", 5 , 2 ," 52,853 ", 95.2 
소양동," 49,217 "," 75,034 "," 44,291 ", 59.0 , - , - ," 25,817 "," 25,817 "," 2,442 "," 23,228 ", 147 , - , 1.3 ," 19,910 "," 19,910 "," 15,623 ", - ," 15,623 ", 1.3 ," 29,307 "," 29,307 "," 2,850 ", - , 174 , 36 ," 2,640 ", 902 ," 1,606 ", 4 , - ," 42,710 ", 96.4 
후평1동," 42,244 "," 102,344 "," 62,141 ", 60.7 , - , - ," 41,138 "," 41,138 "," 3,611 "," 37,194 ", 333 , - , 1.7 , 205 ," 19,168 "," 19,168 ", - ," 19,168 ", 1.7 ," 42,039 "," 42,039 "," 1,836 ", - ," 1,477 ", - , 359 ," 1,352 "," 2,326 ", 11 , 1 ," 60,972 ", 98.1 
후평2동," 18,558 "," 49,973 "," 31,777 ", 63.6 , - , - ," 18,244 "," 18,244 ", 767 ," 17,476 ", - , - , 0.7 , - ," 13,171 "," 13,171 ", - ," 13,171 ", 0.7 ," 18,558 "," 18,558 ", 363 , - , 49 , - , 315 , 589 ," 1,042 ", - , - ," 30,810 ", 97.0 
후평3동," 28,448 "," 61,729 "," 39,623 ", 64.2 , - , - ," 22,154 "," 22,154 "," 1,054 "," 21,100 ", - , - , 1.2 ," 2,333 "," 13,460 "," 13,460 ", - ," 13,460 ", 1.2 ," 26,115 "," 26,115 "," 4,009 ", - ," 3,808 ", - , 201 , 982 ," 1,579 ", - , - ," 38,773 ", 97.9 
효자1동," 26,791 "," 41,114 "," 19,641 ", 47.8 , - , - ," 14,323 "," 14,323 "," 1,657 "," 12,666 ", - , - , 0.6 ," 10,820 "," 10,820 "," 3,334 ", - ," 3,334 ", 0.6 ," 15,971 "," 15,971 "," 1,984 ", - , 990 , - , 994 , 355 , 432 , 2 , 5 ," 19,123 ", 97.4 
효자2동," 67,397 "," 124,254 "," 80,979 ", 65.2 , - , - ," 43,778 "," 43,778 "," 5,986 "," 37,751 ", 42 , - , 1.2 ," 21,287 "," 34,367 "," 34,367 ", - ," 34,367 ", 1.2 ," 46,109 "," 46,109 "," 2,835 ", 310 ," 1,187 ", - ," 1,338 "," 1,879 "," 1,561 ", 7 , 5 ," 78,013 ", 96.3 
효자3동," 24,778 "," 38,370 "," 23,834 ", 62.1 , - , - ," 13,592 "," 13,592 "," 1,079 "," 12,513 ", - , - , 0.9 ," 10,396 "," 10,396 "," 9,744 ", - ," 9,744 ", 0.9 ," 14,382 "," 14,382 ", 499 , 332 , - , - , 167 , 472 , 866 , 1 , - ," 21,783 ", 91.4 
석사동," 72,962 "," 85,775 "," 71,508 ", 83.4 , - , - ," 12,813 "," 12,813 "," 1,741 "," 11,073 ", - , - , 3.2 ," 27,315 "," 27,315 "," 27,081 ", - ," 27,081 ", 3.2 ," 45,646 "," 45,646 "," 31,614 "," 3,479 "," 26,764 ", - ," 1,372 "," 1,619 "," 2,465 ", 2 , 8 ," 71,508 ", 100.0 
퇴계동," 74,023 "," 93,662 "," 74,436 ", 79.5 , - , - ," 19,639 "," 19,639 "," 1,488 "," 17,870 ", 281 , - , 3.0 ," 25,820 "," 25,820 "," 25,643 ", - ," 25,643 ", 3.0 ," 48,203 "," 48,203 "," 29,154 "," 3,302 "," 24,653 ", 341 , 857 ," 1,489 "," 1,362 ", 9 , 18 ," 74,436 ", 100.0 
강남동," 78,063 "," 108,684 "," 78,659 ", 72.4 , - , - ," 29,384 "," 29,384 "," 3,945 "," 25,305 ", 134 , - , 2.7 ," 20,828 "," 22,064 "," 22,064 ", - ," 22,064 ", 2.7 ," 57,236 "," 57,236 "," 27,211 "," 3,256 "," 18,384 "," 1,386 "," 4,185 "," 1,380 "," 1,424 ", 7 , 7 ," 78,346 ", 99.6 
신사우동," 78,593 "," 130,950 "," 67,551 ", 51.6 , - , - ," 52,357 "," 52,357 "," 1,809 "," 50,294 ", 254 , - , 5.3 ," 14,050 "," 14,050 "," 4,863 ", - ," 4,863 ", 5.3 ," 64,543 "," 64,543 "," 10,331 ", - ," 4,630 ", 770 ," 4,932 "," 1,163 ", 334 , 24 , 2 ," 67,333 ", 99.7 
원주시," 1,303,867 "," 1,310,104 "," 1,096,357 ", 83.7 , 40.2 ," 59,317 "," 59,317 "," 59,317 "," 8,338 "," 45,579 ", - ," 5,400 ", 74.7 ," 710,219 "," 716,456 "," 552,452 ", 814 ," 551,638 ", 56.3 ," 534,331 "," 534,331 "," 484,588 "," 48,295 "," 396,092 "," 23,609 "," 16,592 "," 24,957 "," 55,201 ", 66 , 369 ," 643,218 ", 58.7 
동지역," 912,594 "," 912,594 "," 826,434 ", 90.6 , 40.0 ," 56,934 "," 56,934 "," 56,934 "," 8,097 "," 44,423 ",," 4,414 ", 47.0 ," 420,377 "," 420,377 "," 376,562 ", 814 ," 375,748 ", 47.0 ," 435,283 "," 435,283 "," 392,938 "," 41,052 "," 339,895 ", 85 ," 11,906 "," 21,124 "," 47,517 ", 66 , 218 ," 557,569 ", 67.5 
문막읍," 124,175 "," 124,175 "," 98,704 ", 79.5 ,,, - , - ,,,,, 7.5 ," 73,618 "," 73,618 "," 55,545 ",," 55,545 ", 4.9 ," 50,557 "," 50,557 "," 43,159 "," 3,210 "," 28,980 "," 9,049 "," 1,919 "," 1,913 "," 3,623 ", - , 59 ," 28,140 ", 28.5 
소초면," 28,860 "," 28,860 "," 18,021 ", 62.4 , 0.2 ," 2,383 "," 2,383 "," 2,383 ", 241 ," 1,156 ",, 986 , 2.1 ," 25,835 "," 25,835 "," 14,996 ",," 14,996 ", 0.1 , 642 , 642 , 642 ,, 564 ,, 78 ,,,,," 3,973 ", 22.0 
호저면," 9,047 "," 9,047 "," 1,219 ", 13.5 ,,, - , - ,,,,, 0.9 ," 9,047 "," 9,047 "," 1,219 ",," 1,219 ",,, - , - ,,,,,,,,, - , - 
지정면," 29,709 "," 29,709 "," 10,572 ", 35.6 ,,, - , - ,,,,, 2.9 ," 29,709 "," 29,709 "," 10,572 ",," 10,572 ",,, - , - ,,,,,,,,, 660 , 6.2 
부론면," 17,200 "," 17,200 "," 5,914 ", 34.4 ,,, - , - ,,,,, 1.7 ," 17,200 "," 17,200 "," 5,914 ",," 5,914 ",,, - , - ,,,,,,,,," 3,336 ", 56.4 
귀래면," 29,551 "," 29,551 "," 6,919 ", 23.4 ,,, - , - ,,,,, 3.0 ," 29,551 "," 29,551 "," 6,919 ",," 6,919 ",,, - , - ,,,,,,,,," 5,076 ", 73.4 
흥업면," 116,011 "," 116,011 "," 86,575 ", 74.6 ,,, - , - ,,,,, 7.2 ," 75,705 "," 75,705 "," 46,269 ",," 46,269 ", 3.5 ," 40,306 "," 40,306 "," 40,306 "," 3,926 "," 22,175 "," 11,791 "," 2,414 "," 1,756 "," 3,948 ", - , 92 ," 27,736 ", 32.0 
판부면," 15,016 "," 15,016 "," 14,058 ", 93.6 ,,, - , - ,,,,, 1.2 ," 15,016 "," 15,016 "," 14,058 ",," 14,058 ",,, - , - ,,,,, 22 , 24 ,,," 6,959 ", 49.5 
신림면," 21,704 "," 27,941 "," 27,941 ", 100.0 ,,, - , - ,,,,, 1.2 ," 14,161 "," 20,398 "," 20,398 ",," 20,398 ", 0.8 ," 7,543 "," 7,543 "," 7,543 ", 107 ," 4,477 "," 2,683 ", 276 , 142 , 89 ,,," 9,769 ", 35.0 
강릉시," 1,149,692 "," 1,500,590 "," 1,088,154 ", 72.5 , 20.1 ," 353,544 "," 546,508 "," 534,068 "," 53,128 "," 372,895 "," 13,953 "," 94,092 ", 28.9 ," 548,460 "," 582,381 "," 290,260 "," 18,879 "," 271,381 ", 28.2 ," 247,688 "," 371,700 "," 263,826 "," 25,099 "," 238,727 ", - , - ," 22,447 "," 25,761 ", 94 , 697 ," 646,501 ", 59.4 
동," 676,396 "," 871,868 "," 732,544 ", 84.0 , 18.9 ," 257,018 "," 376,064 "," 376,064 "," 40,768 "," 274,429 "," 12,780 "," 48,087 ", 17.4 ," 316,729 "," 316,729 "," 177,405 "," 18,879 "," 158,526 ", 17.4 ," 102,649 "," 179,075 "," 179,075 "," 16,245 "," 162,830 ", - , - ," 15,051 "," 18,415 ", 44 , 270 ," 353,450 ", 48.2 
주문진읍," 302,980 "," 302,980 "," 114,825 ", 37.9 , 1.2 ," 96,526 "," 96,526 "," 84,086 "," 9,240 "," 66,398 ",," 8,448 ", 5.3 ," 119,372 "," 119,372 "," 19,860 ", - ," 19,860 ", 5.3 ," 87,082 "," 87,082 "," 10,879 ", 51 ," 10,828 ", - , - ," 2,467 "," 2,860 ", 30 , 132 ," 102,591 ", 89.3 
성산면, - ," 42,636 "," 42,636 ", 100.0 ,,," 23,741 "," 23,741 ", 247 ," 16,124 ", 329 ," 7,041 ", 0.1 ,," 10,952 "," 10,952 ", - ," 10,952 ", 0.1 ,," 7,943 "," 7,943 "," 1,828 "," 6,115 ", - , - , 743 , 325 ,, 83 ," 41,922 ", 98.3 
왕산면," 3,178 "," 14,007 "," 14,007 ", 100.0 ,,, - , - , - , - , - , - , 0.5 ," 3,178 "," 14,007 "," 14,007 ", - ," 14,007 ",, - , - , - , - , - , - , - , 336 , 181 ,,," 13,586 ", 97.0 
구정면," 3,536 "," 21,401 "," 21,401 ", 100.0 ,,," 7,163 "," 7,163 ", - ," 4,668 ", - ," 2,495 ", 0.3 ," 3,536 "," 5,623 "," 5,623 ", - ," 5,623 ",, - ," 8,615 "," 8,615 ", 282 ," 8,333 ", - , - , 423 , 424 ,, 40 ," 20,758 ", 97.0 
강동면," 11,512 "," 30,632 "," 30,632 ", 100.0 ,, - ," 3,765 "," 3,765 ", - , - , 184 ," 3,581 ", 0.7 ," 8,758 "," 15,349 "," 15,349 ", - ," 15,349 ", 0.7 ," 2,754 "," 11,518 "," 11,518 "," 1,468 "," 10,050 ", - , - , 724 , 800 , 17 , 56 ," 24,548 ", 80.1 
옥계면," 30,027 "," 55,811 "," 55,811 ", 100.0 ,, - ," 6,851 "," 6,851 ", - , 168 ,," 6,683 ", 2.2 ," 23,521 "," 26,983 "," 26,983 ", - ," 26,983 ", 2.2 ," 6,506 "," 21,977 "," 21,977 "," 2,955 "," 19,022 ", - , - ," 1,255 "," 1,366 ", 3 , 82 ," 40,402 ", 72.4 
사천면," 50,364 "," 74,140 "," 41,320 ", 55.7 ,,," 16,983 "," 16,983 ", 212 ," 4,259 ", 626 ," 11,886 ", 0.5 ," 42,284 "," 42,284 "," 9,464 ", - ," 9,464 ", 0.5 ," 8,080 "," 14,873 "," 14,873 "," 1,755 "," 13,118 ", - , - , 788 , 791 ,, 14 ," 15,323 ", 37.1 
연곡면," 71,700 "," 87,115 "," 34,978 ", 40.2 ,,," 15,415 "," 15,415 "," 2,661 "," 6,849 ", 34 ," 5,871 ", 1.9 ," 31,082 "," 31,082 "," 10,617 ", - ," 10,617 ", 1.9 ," 40,617 "," 40,617 "," 8,946 ", 515 ," 8,431 ", - , - , 660 , 599 ,, 20 ," 33,921 ", 97.0 
동해시," 641,786 "," 771,862 "," 578,560 ", 75.0 , 9.6 ," 235,685 "," 253,167 "," 181,741 ", 330 ," 179,989 "," 1,423 ", - , 32.4 ," 271,567 "," 293,629 "," 176,625 ", - ," 176,625 ", 32.4 ," 134,534 "," 225,065 "," 220,194 "," 1,902 "," 157,460 "," 3,235 "," 57,596 "," 11,144 "," 18,912 ", 42 , 601 ," 578,560 ", 100.0 
천곡동," 75,700 "," 117,838 "," 116,170 ", 98.6 , 0.1 ," 38,670 "," 38,670 "," 37,003 ", 260 ," 36,339 ", 404 , - , 4.1 ," 33,053 "," 50,999 "," 50,999 ", - ," 50,999 ", 4.1 ," 3,977 "," 28,168 "," 28,168 ", - ," 26,998 ", - ," 1,170 "," 2,365 "," 5,473 ", 1 , 29 ," 116,170 ", 100.0 
송정동," 63,125 "," 64,158 "," 47,293 ", 73.7 , 0.2 ," 25,614 "," 25,614 "," 18,332 ", - ," 18,330 ", 2 , - , 4.2 ," 19,865 "," 19,865 "," 10,281 ", - ," 10,281 ", 4.2 ," 17,647 "," 18,680 "," 18,680 ", - ," 12,451 ", 147 ," 6,082 ", 824 ," 1,426 ", 3 , 44 ," 47,293 ", 100.0 
북삼동," 126,076 "," 126,076 "," 82,567 ", 65.5 , 0.2 ," 38,420 "," 38,420 "," 26,432 ", - ," 26,265 ", 167 , - , 4.2 ," 52,388 "," 52,388 "," 25,739 ", - ," 25,739 ", 4.2 ," 35,267 "," 35,267 "," 30,396 ", - ," 18,039 ", 878 ," 11,479 "," 1,716 "," 2,173 ", 7 , 107 ," 82,567 ", 100.0 
부곡동," 25,923 "," 31,165 "," 19,133 ", 61.4 ,," 14,375 "," 14,375 "," 11,464 ", - ," 11,464 ", - , - , 0.9 ," 10,904 "," 10,904 "," 1,784 ", - ," 1,784 ", 0.9 , 644 ," 5,886 "," 5,886 ", - ," 3,514 ", 161 ," 2,210 ", 368 , 540 , 1 , 11 ," 19,133 ", 100.0 
동호동," 37,776 "," 37,860 "," 13,803 ", 36.5 ,," 14,934 "," 14,934 "," 8,170 ", - ," 8,170 ", - , - , 0.7 ," 17,568 "," 17,568 ", 275 , - , 275 , 0.7 ," 5,274 "," 5,358 "," 5,358 ", - ," 2,705 ", 55 ," 2,598 ", 251 , 400 , - , 14 ," 13,803 ", 100.0 
발한동," 60,362 "," 65,764 "," 27,144 ", 41.3 ,," 34,847 "," 34,847 "," 16,613 ", - ," 16,613 ", - , - , 1.1 ," 23,101 "," 23,101 "," 2,715 ", - ," 2,715 ", 1.1 ," 2,414 "," 7,816 "," 7,816 ", - ," 3,184 ", - ," 4,632 ", 560 , 872 , 3 , 7 ," 27,144 ", 100.0 
묵호동," 25,011 "," 40,627 "," 40,627 ", 100.0 ,," 5,331 "," 12,861 "," 12,861 ", 70 ," 12,700 ", 91 , - , 1.8 ," 12,928 "," 16,601 "," 16,601 ", - ," 16,601 ", 1.8 ," 6,752 "," 11,165 "," 11,165 ", - ," 7,397 ", - ," 3,768 ", 697 ," 1,035 ", 7 , 51 ," 40,627 ", 100.0 
북평동," 154,898 "," 178,206 "," 134,479 ", 75.5 , 1.1 ," 44,516 "," 44,516 "," 25,360 ", - ," 24,612 ", 748 , - , 5.0 ," 65,523 "," 65,523 "," 40,952 ", - ," 40,952 ", 5.0 ," 44,859 "," 68,167 "," 68,167 "," 1,844 "," 51,218 "," 1,662 "," 13,443 "," 2,422 "," 3,557 ", 4 , 144 ," 134,479 ", 100.0 
망상동," 19,412 "," 46,701 "," 46,701 ", 100.0 , 4.1 ," 1,967 "," 11,919 "," 11,919 ", - ," 11,919 ", - , - , 5.5 ," 11,287 "," 11,730 "," 11,730 ", - ," 11,730 ", 5.5 ," 6,158 "," 23,052 "," 23,052 ", 58 ," 20,492 ", 285 ," 2,218 ", 911 ," 1,298 ", 3 , 48 ," 46,701 ", 100.0 
삼화동," 53,503 "," 63,467 "," 50,642 ", 79.8 , 4.0 ," 17,011 "," 17,011 "," 13,586 ", - ," 13,577 ", 9 , - , 4.9 ," 24,950 "," 24,950 "," 15,550 ", - ," 15,550 ", 4.9 ," 11,542 "," 21,506 "," 21,506 ", - ," 11,463 ", 48 ," 9,996 "," 1,030 "," 2,138 ", 13 , 146 ," 50,642 ", 100.0 
태백시," 466,651 "," 466,651 "," 325,468 ", 69.7 , 14.2 ," 405,500 "," 405,500 "," 303,516 "," 5,890 "," 187,947 "," 16,636 "," 93,043 ", 4.6 ," 45,337 "," 45,337 "," 20,901 ", - ," 20,901 ", 4.6 ," 15,814 "," 15,814 "," 1,051 ", - ," 1,051 ", - , - ," 1,603 "," 4,461 ", 133 , - ," 295,494 ", 90.8 
속초시," 381,090 "," 519,035 "," 463,889 ", 89.4 , 3.8 , - ," 129,605 "," 129,605 ",," 69,547 "," 8,409 "," 51,649 ", 10.2 ," 228,368 "," 228,368 "," 173,222 ",," 173,222 ", 10.2 ," 152,722 "," 161,062 "," 161,062 "," 22,990 "," 138,072 ", - , - ," 5,821 "," 26,738 ", 18 , 148 ," 444,973 ", 95.9 
삼척시," 140,128 "," 676,383 "," 661,164 ", 97.7 , - , - ," 166,284 "," 166,284 "," 21,275 "," 83,057 "," 16,699 "," 45,253 ", 17.4 ," 140,128 "," 234,283 "," 219,064 ", - ," 219,064 ", - , - ," 275,817 "," 275,817 "," 14,343 "," 117,738 "," 1,174 "," 142,562 "," 6,640 "," 12,913 ", 44 , 259 ," 661,164 ", 100.0 
동지역," 66,306 "," 240,088 "," 224,869 ", 93.7 ,,," 79,940 "," 79,940 "," 15,416 "," 44,812 ", 139 ," 19,574 ", 10.1 ," 66,306 "," 66,306 "," 51,087 ",," 51,087 ",,," 93,842 "," 93,842 "," 6,944 "," 57,731 ", 288 ," 28,878 "," 3,161 "," 8,297 ", 14 , 157 ," 224,869 ", 100.0 
도계읍," 25,103 "," 85,169 "," 85,169 ", 100.0 ,,," 27,815 "," 27,815 "," 3,417 "," 16,300 ", 136 ," 7,962 ", 4.1 ," 25,103 "," 25,973 "," 25,973 ",," 25,973 ",,," 31,382 "," 31,382 "," 1,283 "," 22,966 ", 266 ," 6,867 "," 1,135 ", 374 , 30 , 26 ," 85,169 ", 100.0 
원덕읍," 10,601 "," 58,161 "," 58,161 ", 100.0 ,,," 8,162 "," 8,162 ", 685 ," 4,712 ",," 2,765 ", 1.3 ," 10,601 "," 28,467 "," 28,467 ",," 28,467 ",,," 21,533 "," 21,533 "," 2,417 "," 6,597 ",," 12,520 ", 631 ," 1,332 ",, 45 ," 58,161 ", 100.0 
근덕면," 38,118 "," 168,138 "," 168,138 ", 100.0 ,,," 12,783 "," 12,783 ", 683 ," 9,028 ", - ," 3,072 ", 1.9 ," 38,118 "," 100,718 "," 100,718 ",," 100,718 ",,," 54,637 "," 54,637 "," 2,156 "," 14,977 ", - ," 37,505 "," 1,307 "," 2,145 ",, 31 ," 168,138 ", 100.0 
하장면, - ," 33,068 "," 33,068 ", 100.0 ,,, - , - , - , - , - , - ,,," 2,456 "," 2,456 ",," 2,456 ",,," 30,612 "," 30,612 ",," 4,087 ", 355 ," 26,170 ", 65 , 177 ,, - ," 33,068 ", 100.0 
노곡면, - ," 19,301 "," 19,301 ", 100.0 ,,," 19,301 "," 19,301 ", 532 ," 2,361 "," 16,408 ",,,, - , - ,, - ,,, - , - , - , - , - , - , 5 , 61 , - , - ," 19,301 ", 100.0 
미로면, - ," 27,376 "," 27,376 ", 100.0 ,,," 15,799 "," 15,799 ", 124 ," 5,394 ", 16 ," 10,265 ",,," 5,435 "," 5,435 ",," 5,435 ",,," 6,142 "," 6,142 ",," 3,404 ",," 2,738 ", 172 , 191 , - , - ," 27,376 ", 100.0 
가곡면, - ," 26,516 "," 26,516 ", 100.0 ,,, 73 , 73 ,, 73 ,,,,," 2,516 "," 2,516 ",," 2,516 ",,," 23,927 "," 23,927 "," 1,027 "," 2,896 ", 264 ," 19,740 ", 93 , 86 , - , - ," 26,516 ", 100.0 
신기면, - ," 18,566 "," 18,566 ", 100.0 ,,," 2,411 "," 2,411 ", 418 , 378 ,," 1,615 ",,," 2,413 "," 2,413 ",," 2,413 ",,," 13,742 "," 13,742 ", 517 ," 5,080 ",," 8,145 ", 71 , 250 , - , - ," 18,566 ", 100.0 
군부," 4,013,242 "," 4,152,682 "," 3,389,734 ", 81.6 , 878.5 ," 386,071 "," 386,271 "," 371,467 "," 47,453 "," 145,370 "," 106,473 "," 39,281 ", 174.8 ," 2,571,776 "," 2,607,209 "," 2,054,520 "," 2,207 "," 2,068,428 ", 174.3 ," 1,055,395 "," 1,159,202 "," 963,747 "," 49,104 "," 415,391 "," 35,409 "," 265,788 "," 51,780 "," 90,603 ", 248 , 955 ," 1,809,171 ", 53.4 
홍천군," 473,836 "," 490,070 "," 395,599 ", 80.7 , - , - , - , - , - , - , - , - , 18.9 ," 284,370 "," 300,604 "," 265,676 ", - ," 265,676 ", 3.3 ," 189,466 "," 189,466 "," 129,923 ", 914 ," 103,532 "," 1,004 "," 24,473 "," 6,933 "," 7,502 ", 46 , - ," 224,176 ", 56.7 
홍천읍," 249,860 "," 262,375 "," 217,123 ", 82.8 ,,, - , - ,,,,, 8.0 ," 110,331 "," 122,846 "," 122,846 ", - ," 122,846 ", 3.1 ," 139,529 "," 139,529 "," 94,277 ", 710 ," 76,909 ", 672 ," 15,986 "," 3,293 "," 3,878 ", 46 ,," 100,157 ", 46.1 
화촌면," 23,651 "," 24,303 "," 27,823 ", 114.5 ,,, - , - ,,,,, 1.5 ," 23,651 "," 24,303 "," 24,303 ", - ," 24,303 ",, - , - ," 3,520 ",," 3,520 ",,, 595 , 653 ,,," 20,251 ", 72.8 
두촌면," 11,116 "," 11,116 "," 8,628 ", 77.6 ,,, - , - ,,,,, 0.3 ," 11,116 "," 11,116 "," 6,228 ", - ," 6,228 ",, - , - ," 2,400 ",," 2,400 ",,, 131 , 226 ,,," 6,227 ", 72.2 
내촌면," 9,637 "," 9,637 "," 9,423 ", 97.8 ,,, - , - ,,,,, 0.6 ," 9,637 "," 9,637 "," 5,332 ", - ," 5,332 ",, - , - ," 4,091 ",," 4,091 ",,, 174 , 193 ,,," 8,800 ", 93.4 
서석면," 33,128 "," 33,128 "," 20,799 ", 62.8 ,,, - , - ,,,,, 0.8 ," 14,920 "," 14,920 "," 12,511 ", - ," 12,511 ", 0.1 ," 18,208 "," 18,208 "," 8,288 ", 53 ," 5,472 ", 57 ," 2,706 ", 333 , 317 ,,," 10,801 ", 51.9 
동  면," 25,338 "," 25,338 "," 25,301 ", 99.9 ,,, - , - ,,,,, 2.1 ," 25,338 "," 25,338 "," 21,004 ", - ," 21,004 ",, - , - ," 4,297 ",," 4,297 ",,, 693 , 367 ,,," 24,338 ", 96.2 
남  면," 46,790 "," 49,105 "," 34,161 ", 69.6 ,,, - , - ,,,,, 2.9 ," 22,036 "," 24,351 "," 24,351 ", - ," 24,351 ", 0.1 ," 24,754 "," 24,754 "," 9,810 ", 151 ," 3,603 ", 275 ," 5,781 ", 624 , 798 ,,," 22,036 ", 64.5 
서  면," 33,544 "," 33,544 "," 20,815 ", 62.1 ,,, - , - ,,,,, 1.7 ," 33,544 "," 33,544 "," 19,977 ", - ," 19,977 ",, - , - , 838 ,, 838 ,,, 479 , 430 ,,," 20,044 ", 96.3 
북방면," 23,250 "," 24,002 "," 18,661 ", 77.7 ,,, - , - ,,,,, - ," 16,275 "," 17,027 "," 17,027 ", - ," 17,027 ",," 6,975 "," 6,975 "," 1,634 ",," 1,634 ",,, 327 , 301 ,,,,
내  면," 17,522 "," 17,522 "," 12,865 ", 73.4 ,,, - , - ,,,,, 1.0 ," 17,522 "," 17,522 "," 12,097 ", - ," 12,097 ",, - , - , 768 ,, 768 ,,, 284 , 339 ,,," 11,522 ", 89.6 
횡성군," 299,814 "," 301,612 "," 277,238 ", 91.9 , - ," 98,525 "," 98,525 "," 94,087 "," 11,319 "," 51,715 "," 21,699 "," 9,354 ", - ," 136,373 "," 138,171 "," 131,744 "," 1,620 "," 130,124 ", - ," 64,916 "," 64,916 "," 51,407 "," 5,064 "," 42,058 "," 3,465 ", 820 ," 1,336 ", 552 , 17 , 138 ," 261,028 ", 94.2 
횡성읍," 127,211 "," 127,211 "," 121,352 ", 95.4 ,," 31,646 "," 31,646 "," 31,646 "," 5,091 "," 21,952 "," 3,751 ", 852 , - ," 62,105 "," 62,105 "," 62,105 ",," 62,105 ",," 33,460 "," 33,460 "," 27,601 "," 2,692 "," 23,558 "," 1,351 ",, 275 , - , 12 , 55 ," 106,802 ", 88.0 
우천면," 50,375 "," 50,375 "," 46,936 ", 93.2 ,," 27,560 "," 27,560 "," 27,560 "," 2,014 "," 8,950 "," 10,054 "," 6,542 ", - ," 18,665 "," 18,665 "," 18,665 ",," 18,665 ",," 4,150 "," 4,150 ", 711 , 711 ,,,, 429 , - ,, 50 ," 46,936 ", 100.0 
안흥면," 17,075 "," 17,075 "," 16,449 ", 96.3 ,," 10,217 "," 10,217 "," 9,693 ", 945 ," 3,951 "," 3,752 "," 1,045 ", - ," 5,321 "," 5,321 "," 5,321 ",," 5,321 ",," 1,537 "," 1,537 "," 1,435 ", 683 , 752 ,,, 63 , - ,,," 16,449 ", 100.0 
둔내면," 40,897 "," 42,695 "," 42,179 ", 98.8 ,," 11,335 "," 11,335 "," 11,335 "," 2,957 "," 8,031 ", 347 ,, - ," 13,588 "," 15,386 "," 15,386 "," 1,620 "," 13,766 ",," 15,974 "," 15,974 "," 15,458 ", 644 ," 14,814 ",,, 94 , - , 5 , 33 ," 40,519 ", 96.1 
갑천면," 11,515 "," 11,515 "," 8,652 ", 75.1 ,," 3,873 "," 3,873 "," 3,873 ",," 1,247 "," 2,014 ", 612 , - ," 6,716 "," 6,716 "," 4,469 ",," 4,469 ",, 926 , 926 , 310 , 157 , 153 ,,, 64 , - ,,," 8,652 ", 100.0 
청일면," 15,334 "," 15,334 "," 14,700 ", 95.9 ,, - , - , - ,,,,, - ," 9,210 "," 9,210 "," 8,808 ",," 8,808 ",," 6,124 "," 6,124 "," 5,892 ", 177 ," 2,781 "," 2,114 ", 820 , 70 , 211 ,,," 14,700 ", 100.0 
공근면," 21,421 "," 21,421 "," 14,762 ", 68.9 ,," 6,434 "," 6,434 "," 2,520 ", 208 ," 2,312 ",,, - ," 12,242 "," 12,242 "," 12,242 ",," 12,242 ",," 2,745 "," 2,745 ", - ,,,,, 195 , 202 ,,," 14,762 ", 100.0 
서원면," 8,630 "," 8,630 "," 8,384 ", 97.1 ,," 3,636 "," 3,636 "," 3,636 ", 86 ," 1,686 "," 1,671 ", 193 , - ," 4,994 "," 4,994 "," 4,748 ",," 4,748 ",, - , - , - ,,,,, 121 , 139 ,,," 8,384 ", 100.0 
강림면," 7,356 "," 7,356 "," 3,824 ", 52.0 ,," 3,824 "," 3,824 "," 3,824 ", 18 ," 3,586 ", 110 , 110 , - ," 3,532 "," 3,532 ", - ,,,, - , - , - ,,,,, 25 , - ,,," 3,824 ", 100.0 
영월군," 215,508 "," 217,097 "," 178,805 ", 82.4 ,,, - , - ,,,,, 15.4 ," 215,508 "," 217,097 "," 178,805 ",," 178,805 ",,, - , - ,,,,," 6,526 "," 7,965 ", - , 217 , - , - 
영월읍," 83,158 "," 83,158 "," 72,488 ", 87.2 ,,, - , - ,,,,, 6.3 ," 83,158 "," 83,158 "," 72,488 ",," 72,488 ",,, - , - ,,,,," 3,173 "," 3,766 ",, 81 , - , - 
상동읍," 14,293 "," 14,293 "," 13,378 ", 93.6 ,,, - , - ,,,,, 1.0 ," 14,293 "," 14,293 "," 13,378 ",," 13,378 ",,, - , - ,,,,, 484 , 420 ,, 29 , - , - 
중동면," 8,794 "," 8,794 "," 8,794 ", 100.0 ,,, - , - ,,,,, 0.7 ," 8,794 "," 8,794 "," 8,794 ",," 8,794 ",,, - , - ,,,,, 748 , 336 ,, 36 , - , - 
김삿갓면," 5,428 "," 5,428 "," 3,293 ", 60.7 ,,, - , - ,,,,, 0.2 ," 5,428 "," 5,428 "," 3,293 ",," 3,293 ",,, - , - ,,,,, 643 , 128 ,, 71 , - , - 
북면," 12,119 "," 12,119 "," 10,795 ", 89.1 ,,, - , - ,,,,, 0.7 ," 12,119 "," 12,119 "," 10,795 ",," 10,795 ",,, - , - ,,,,, 117 , 517 ,,, - , - 
남면," 9,812 "," 11,401 "," 11,401 ", 100.0 ,,, - , - ,,,,, 0.8 ," 9,812 "," 11,401 "," 11,401 ",," 11,401 ",,, - , - ,,,,, 407 , 437 ,,, - , - 
한반도면," 24,093 "," 24,093 "," 19,326 ", 80.2 ,,, - , - ,,,,, 2.1 ," 24,093 "," 24,093 "," 19,326 ",," 19,326 ",,, - , - ,,,,, 377 , 943 ,,, - , - 
주천면," 37,560 "," 37,560 "," 25,054 ", 66.7 ,,, - , - ,,,,, 2.4 ," 37,560 "," 37,560 "," 25,054 ",," 25,054 ",,, - , - ,,,,, 283 ," 1,068 ",,, - , - 
무릉도원면," 20,251 "," 20,251 "," 14,276 ", 70.5 ,,, - , - ,,,,, 1.3 ," 20,251 "," 20,251 "," 14,276 ",," 14,276 ",,, - , - ,,,,, 294 , 350 ,,, - , - 
평창군," 450,428 "," 450,428 "," 334,572 ", 74.3 , 1.7 ," 48,983 "," 48,983 "," 48,983 "," 5,551 "," 27,686 "," 11,443 "," 4,303 ", 5.9 ," 373,539 "," 373,539 "," 265,269 ", - ," 265,269 ", - ," 27,906 "," 27,906 "," 20,320 ", 817 ," 17,908 ", - ," 1,595 "," 4,577 "," 7,125 ", - , - , - , - 
평창읍," 114,459 "," 114,459 "," 64,518 ", 56.4 , 0.6 ," 25,041 "," 25,041 "," 25,041 "," 3,492 "," 16,873 "," 2,630 "," 2,046 ", 1.5 ," 86,207 "," 86,207 "," 38,245 ", - ," 38,245 ", - ," 3,211 "," 3,211 "," 1,232 ", - ," 1,232 ", - , - ," 1,281 "," 1,666 ", - , - , - , - 
미탄면," 9,934 "," 9,934 "," 4,942 ", 49.7 , - , - , - , - , - , - , - , - , 0.3 ," 9,934 "," 9,934 "," 4,942 ", - ," 4,942 ", - , - , - , - , - , - , - , - , 101 , 277 , - , - , - , - 
방림면," 16,135 "," 16,135 "," 16,135 ", 100.0 , - , - , - , - , - , - , - , - , - ," 16,135 "," 16,135 "," 16,135 ", - ," 16,135 ", - , - , - , - , - , - , - , - , 272 , 499 , - , - , - , - 
대화면," 64,414 "," 64,414 "," 61,733 ", 95.8 , - , - , - , - , - , - , - , - , 1.0 ," 61,566 "," 61,566 "," 58,885 ", - ," 58,885 ", - ," 2,848 "," 2,848 "," 2,848 ", - ," 2,848 ", - , - , 782 ," 1,202 ", - , - , - , - 
봉평면," 68,778 "," 68,778 "," 58,200 ", 84.6 , 0.3 ," 10,344 "," 10,344 "," 10,344 ", 49 ," 5,747 "," 3,747 ", 801 , 0.8 ," 52,804 "," 52,804 "," 43,294 ", - ," 43,294 ", - ," 5,630 "," 5,630 "," 4,562 ", - ," 4,562 ", - , - , 592 , 910 , - , - , - , - 
용평면," 28,440 "," 28,440 "," 9,540 ", 33.5 , - , - , - , - , - , - , - , - , - ," 27,785 "," 27,785 "," 9,540 ", - ," 9,540 ", - , 655 , 655 , - , - , - , - , - , 245 , 412 , - , - , - , - 
진부면," 94,369 "," 94,369 "," 75,783 ", 80.3 , 0.8 ," 13,598 "," 13,598 "," 13,598 "," 2,010 "," 5,066 "," 5,066 "," 1,456 ", 1.1 ," 67,240 "," 67,240 "," 51,302 ", - ," 51,302 ", - ," 13,531 "," 13,531 "," 10,883 ", 817 ," 8,471 ", - ," 1,595 ", 784 ," 1,394 ", - , - , - , - 
대관령면," 53,899 "," 53,899 "," 43,721 ", 81.1 , - , - , - , - , - , - , - , - , 1.2 ," 51,868 "," 51,868 "," 42,926 ", - ," 42,926 ", - ," 2,031 "," 2,031 ", 795 , - , 795 , - , - , 520 , 765 , - , - , - , - 
정선군," 456,979 "," 456,979 "," 430,376 ", 94.2 , - ," 32,889 "," 32,889 "," 32,889 ", - , - , - , - , 13.4 ," 214,340 "," 214,340 "," 187,737 ", - ," 203,852 ", 13.4 ," 209,750 "," 209,750 "," 209,750 ", 384 ," 10,548 ", 522 , 242 ," 6,131 "," 9,963 ", 142 , 262 ," 266,205 ", 70.5 
정선읍," 109,798 "," 109,798 "," 90,295 ", 82.2 , - ," 6,918 "," 6,918 "," 6,918 ", - , - , - , - , 3.3 ," 64,799 "," 64,799 "," 45,296 ",," 59,973 ", 3.3 ," 38,081 "," 38,081 "," 38,081 ", - ," 4,432 ", 145 , - ," 1,482 "," 3,564 ", 22 , 20 ," 56,858 ", 54.4 
고한읍," 64,664 "," 64,664 "," 64,664 ", 100.0 , - ," 7,214 "," 7,214 "," 7,214 ", - , - , - , - , 1.4 ," 27,425 "," 27,425 "," 27,425 ",," 19,431 ", 1.4 ," 30,025 "," 30,025 "," 30,025 ", - ," 2,333 ", - , - , 543 ," 1,222 ", 35 , 51 ," 26,048 ", 59.4 
사북읍," 64,664 "," 64,664 "," 64,664 ", 100.0 , - ," 7,214 "," 7,214 "," 7,214 ", - , - , - , - , 0.9 ," 27,425 "," 27,425 "," 27,425 ",," 13,694 ", 0.9 ," 30,025 "," 30,025 "," 30,025 ", - , 576 , - , - , 660 , 745 , 35 , 50 ," 30,355 ", 69.0 
신동읍," 90,950 "," 90,950 "," 90,950 ", 100.0 , - ," 11,543 "," 11,543 "," 11,543 ", - , - , - , - , 2.3 ," 39,596 "," 39,596 "," 39,596 ",," 52,895 ", 2.3 ," 39,811 "," 39,811 "," 39,811 ", 384 ," 1,485 ", 377 , - ," 1,437 "," 1,864 ", 50 , 81 ," 40,623 ", 46.2 
화암면," 13,257 "," 13,257 "," 13,257 ", 100.0 , - ,,,, - , - , - , - , 0.5 ," 7,180 "," 7,180 "," 7,180 ",," 5,780 ", 0.5 ," 6,077 "," 6,077 "," 6,077 ", - , - , - , - , 127 , 168 ,,," 7,683 ", 57.1 
남  면," 8,686 "," 8,686 "," 8,686 ", 100.0 , - ,,,, - , - , - , - , 1.1 ," 5,081 "," 5,081 "," 5,081 ",," 15,002 ", 1.1 ," 3,605 "," 3,605 "," 3,605 ", - ," 1,019 ", - , 120 , 661 , 852 ,,," 16,269 ", 50.2 
여량면," 22,892 "," 22,892 "," 22,892 ", 100.0 , - ,,,, - , - , - , - , 1.9 ," 9,013 "," 9,013 "," 9,013 ",," 6,259 ", 1.9 ," 13,879 "," 13,879 "," 13,879 ", - , 121 , - , 122 , 292 , 397 ,, 20 ," 13,755 ", 67.9 
북평면," 61,890 "," 61,890 "," 54,790 ", 88.5 , - ,,,, - , - , - , - , 1.6 ," 24,248 "," 24,248 "," 17,148 ",," 14,751 ", 1.6 ," 37,642 "," 37,642 "," 37,642 ", - , - , - , - , 606 , 612 ,,," 40,927 ", 73.5 
임계면," 20,178 "," 20,178 "," 20,178 ", 100.0 , - ,,,, - , - , - , - , 0.5 ," 9,573 "," 9,573 "," 9,573 ",," 16,067 ", 0.5 ," 10,605 "," 10,605 "," 10,605 ", - , 582 , - , - , 323 , 539 ,, 40 ," 33,687 ", 98.3 
철원군," 318,051 "," 318,382 "," 253,743 ", 79.7 , 870.9 ," 100,465 "," 100,665 "," 100,665 "," 19,103 "," 34,610 "," 46,952 ", - , 70.1 ," 110,772 "," 110,782 "," 95,606 ", - ," 95,606 ", 70.1 ," 106,814 "," 106,935 "," 57,472 "," 3,689 "," 10,665 "," 9,454 "," 33,664 "," 4,817 "," 23,481 ", 16 , 46 ," 122,811 ", 48.4 
철원읍," 44,080 "," 44,080 "," 33,028 ", 74.9 , 99.0 ," 14,751 "," 14,751 "," 14,751 "," 3,485 "," 2,246 "," 9,020 ",, 12.0 ," 12,248 "," 12,248 "," 11,058 ",," 11,058 ", 12.0 ," 17,081 "," 17,081 "," 7,219 ", 288 ," 1,815 ", 226 ," 4,890 ", 712 ," 2,717 ",, 5 ," 16,098 ", 48.7 
김화읍," 72,409 "," 72,409 "," 52,851 ", 73.0 , 79.5 ," 24,990 "," 24,990 "," 24,990 "," 5,980 "," 5,922 "," 13,088 ",, 10.0 ," 22,179 "," 22,179 "," 16,958 ",," 16,958 ", 10.0 ," 25,240 "," 25,240 "," 10,903 ", 360 , 923 , 495 ," 9,125 ", 782 ," 4,291 ", 3 , 10 ," 13,729 ", 26.0 
갈말읍," 72,883 "," 73,083 "," 59,582 ", 81.5 , 161.2 ," 19,917 "," 20,117 "," 20,117 "," 3,009 "," 9,523 "," 7,585 ",, 14.0 ," 33,359 "," 33,359 "," 28,238 ",," 28,238 ", 14.0 ," 19,607 "," 19,607 "," 11,227 ", 195 ," 2,583 "," 2,302 "," 6,148 "," 1,335 "," 7,711 ", 3 , 13 ," 37,233 ", 62.5 
동송읍," 100,587 "," 100,587 "," 84,144 ", 83.7 , 128.3 ," 37,985 "," 37,985 "," 37,985 "," 6,065 "," 15,508 "," 16,412 ",, 16.0 ," 29,427 "," 29,427 "," 27,994 ",," 27,994 ", 16.0 ," 33,175 "," 33,175 "," 18,165 ", 597 ," 1,232 "," 4,083 "," 12,252 "," 1,143 "," 5,943 ", 6 , 8 ," 45,733 ", 54.4 
서  면," 14,427 "," 14,427 "," 12,340 ", 85.5 , 68.4 ," 1,936 "," 1,936 "," 1,936 ", 387 , 968 , 581 ,, 12.0 ," 6,364 "," 6,364 "," 5,811 ",," 5,811 ", 12.0 ," 6,127 "," 6,127 "," 4,594 ", 921 ," 2,303 ", 657 , 713 , 605 ," 2,088 ", 4 , 6 ," 3,298 ", 26.7 
근남면," 11,192 "," 11,192 "," 9,194 ", 82.1 , 128.7 , 886 , 886 , 886 , 177 , 443 , 266 ,, 6.0 ," 6,206 "," 6,206 "," 4,549 ",," 4,549 ", 6.0 ," 4,100 "," 4,100 "," 3,759 ", 825 ," 1,808 ", 590 , 535 , 209 , 675 ,, 3 ," 4,247 ", 46.2 
근북면," 2,473 "," 2,604 "," 2,604 ", 100.0 , 205.8 , 0 , 0 , - ,,,,, 0.1 , 989 , 999 , 999 ,, 999 , 0.1 ," 1,484 "," 1,605 "," 1,605 ", 504 ,," 1,101 ",, 31 , 57 ,, 1 ," 2,473 ", 95.0 
화천군," 275,856 "," 379,456 "," 233,602 ", 61.6 , - , - , - , - , - , - , - , - , - ," 275,856 "," 275,856 "," 130,002 ", - ," 130,002 ", 38.2 , - ," 103,600 "," 103,600 "," 9,554 "," 48,484 "," 11,211 "," 34,351 "," 3,985 "," 1,340 ", - , 127 ," 171,675 ", 73.5 
화천읍," 77,692 "," 111,682 "," 85,176 ", 76.3 ,, - , - , - , - , - , - , - , - ," 77,692 "," 77,692 "," 51,186 ",," 51,186 ", 27.5 ,," 33,990 "," 33,990 "," 4,665 "," 23,323 "," 2,309 "," 3,693 "," 1,569 "," 1,208 ", - , 26 ," 76,658 ", 90.0 
간동면," 37,402 "," 50,473 "," 27,558 ", 54.6 ,, - , - , - , - , - , - , - , - ," 37,402 "," 37,402 "," 14,487 ",," 14,487 ", - ,," 13,071 "," 13,071 ", 230 ," 7,192 "," 1,200 "," 4,449 ", 511 , - , - , - ," 15,157 ", 55.0 
하남면," 24,933 "," 32,655 "," 13,684 ", 41.9 ,, - , - , - , - , - , - , - , - ," 24,933 "," 24,933 "," 5,962 ",," 5,962 ", - ,," 7,722 "," 7,722 "," 1,181 "," 1,051 "," 2,338 "," 3,152 ", 149 , - , - , - ," 7,526 ", 55.0 
상서면," 53,223 "," 74,343 "," 53,276 ", 71.7 ,, - , - , - , - , - , - , - , - ," 53,223 "," 53,223 "," 32,156 ",," 32,156 ", 5.3 ,," 21,120 "," 21,120 ", 788 ," 7,392 "," 1,748 "," 11,192 ", 863 , 2 , - , 47 ," 37,293 ", 70.0 
사내면," 82,606 "," 110,303 "," 53,908 ", 48.9 ,, - , - , - , - , - , - , - , - ," 82,606 "," 82,606 "," 26,211 ",," 26,211 ", 5.4 ,," 27,697 "," 27,697 "," 2,690 "," 9,526 "," 3,616 "," 11,865 ", 893 , 130 , - , 54 ," 35,040 ", 65.0 
양구군," 500,515 "," 500,515 "," 422,505 ", 84.4 , - , - , - , - , - , - , - , - , 16.9 ," 275,967 "," 275,967 "," 197,957 ", - ," 197,957 ", 16.9 ," 224,548 "," 224,548 "," 224,548 "," 10,426 "," 71,020 "," 6,917 "," 136,185 "," 8,055 "," 3,717 ", 5 , 36 ," 406,772 ", 96.3 
양구읍," 192,231 "," 192,231 "," 167,460 ", 87.1 ,,, - , - ,,,,, 7.0 ," 113,946 "," 113,946 "," 89,175 ",," 89,175 ", 7.0 ," 78,285 "," 78,285 "," 78,285 "," 7,368 "," 42,443 "," 3,828 "," 24,646 "," 3,108 "," 1,468 ", 5 , 29 ," 155,446 ", 92.8 
남면," 146,836 "," 146,836 "," 131,184 ", 89.3 ,,, - , - ,,,,, 5.7 ," 71,472 "," 71,472 "," 55,820 ",," 55,820 ", 5.7 ," 75,364 "," 75,364 "," 75,364 "," 1,197 "," 14,519 "," 2,399 "," 57,248 "," 2,472 "," 1,124 ",, 7 ," 127,542 ", 97.2 
동면," 85,137 "," 85,137 "," 68,009 ", 79.9 ,,, - , - ,,,,, 2.2 ," 47,585 "," 47,585 "," 30,457 ",," 30,457 ", 2.2 ," 37,552 "," 37,552 "," 37,552 "," 1,398 "," 7,383 ", 324 ," 28,448 "," 1,359 ", 618 ,,," 67,977 ", 100.0 
방산면," 51,332 "," 51,332 "," 30,873 ", 60.1 ,,, - , - ,,,,, 1.1 ," 30,585 "," 30,585 "," 10,126 ",," 10,126 ", 1.1 ," 20,747 "," 20,747 "," 20,747 ", 253 ," 3,317 ", 232 ," 16,945 ", 617 , 280 ,,," 30,827 ", 99.9 
해안면," 24,980 "," 24,980 "," 24,980 ", 100.0 ,,, - , - ,,,,, 0.9 ," 12,379 "," 12,379 "," 12,379 ",," 12,379 ", 0.9 ," 12,601 "," 12,601 "," 12,601 ", 209 ," 3,359 ", 134 ," 8,899 ", 499 , 227 ,,," 24,980 ", 100.0 
인제군," 326,025 "," 326,111 "," 257,677 ", 79.0 , - , - , - , - , - , - , - , - , 14.6 ," 224,931 "," 224,931 "," 159,189 ", - ," 159,189 ", 14.6 ," 101,094 "," 101,180 "," 98,488 ", - ," 76,218 ", - ," 22,270 "," 2,159 "," 9,645 ", - , 118 ," 89,384 ", 34.7 
인제읍," 80,139 "," 80,139 "," 74,647 ", 93.1 , - , - , - , - , - , - , - , - , 2.7 ," 48,564 "," 48,564 "," 44,973 ", - ," 44,973 ", 2.7 ," 31,575 "," 31,575 "," 29,674 ", - ," 28,764 ", - , 910 , 381 ," 2,765 ", - , 17 ," 22,659 ", 30.4 
남면," 45,169 "," 45,169 "," 28,173 ", 62.4 , - , - , - , - , - , - , - , - , 1.7 ," 30,424 "," 30,424 "," 13,429 ", - ," 13,429 ", 1.7 ," 14,745 "," 14,745 "," 14,744 ", - ," 9,564 ", - ," 5,180 ", 179 ," 1,028 ", - , 24 ," 9,568 ", 34.0 
북면," 97,425 "," 97,469 "," 76,326 ", 78.3 , - , - , - , - , - , - , - , - , 4.9 ," 76,375 "," 76,375 "," 55,232 ", - ," 55,232 ", 4.9 ," 21,050 "," 21,094 "," 21,094 ", - ," 19,774 ", - ," 1,320 ", 886 ," 3,042 ", - , 14 ," 31,944 ", 41.9 
기린면," 42,147 "," 42,147 "," 34,805 ", 82.6 , - , - , - , - , - , - , - , - , 2.3 ," 27,731 "," 27,731 "," 20,881 ", - ," 20,881 ", 2.3 ," 14,416 "," 14,416 "," 13,924 ", - ," 9,034 ", - ," 4,890 ", 325 ," 1,371 ", - , 26 ," 12,587 ", 36.2 
서화면," 37,154 "," 37,154 "," 31,351 ", 84.4 , - , - , - , - , - , - , - , - , 2.4 ," 21,846 "," 21,846 "," 16,341 ", - ," 16,341 ", 2.4 ," 15,308 "," 15,308 "," 15,010 ", - ," 6,770 ", - ," 8,240 ", 388 ," 1,201 ", - , 22 ," 12,626 ", 40.3 
상남면," 23,991 "," 24,033 "," 12,375 ", 51.5 , - , - , - , - , - , - , - , - , 0.6 ," 19,991 "," 19,991 "," 8,333 ", - ," 8,333 ", 0.6 ," 4,000 "," 4,042 "," 4,042 ", - ," 2,312 ", - ," 1,730 ", - , 238 , - , 15 , - , - 
고성군," 423,362 "," 355,630 "," 309,729 ", 87.1 , 5.9 ," 65,165 "," 65,165 "," 54,799 "," 4,192 "," 13,274 "," 14,400 "," 22,933 ", 15.9 ," 331,966 "," 264,234 "," 238,003 ", - ," 238,003 ", 14.8 ," 26,231 "," 26,231 "," 16,927 "," 1,815 "," 6,855 ", - ," 8,257 "," 3,264 "," 15,084 ", 22 , 11 , - , - 
간성읍," 82,440 "," 65,118 "," 59,231 ", 91.0 , 0.9 ," 20,419 "," 20,419 "," 19,728 "," 1,649 "," 4,306 "," 2,930 "," 10,843 ", 2.1 ," 59,423 "," 42,101 "," 39,503 ",," 39,503 ", 2.1 ," 2,598 "," 2,598 ", - ,,,,, 770 ," 3,311 ", - ,,, - 
거진읍," 95,846 "," 98,716 "," 74,669 ", 75.6 , 1.8 ," 19,110 "," 19,110 "," 9,435 ", - , 541 ," 5,169 "," 3,725 ", 3.6 ," 62,364 "," 65,234 "," 50,862 ",," 50,862 ", 3.6 ," 14,372 "," 14,372 "," 14,372 "," 1,815 "," 4,300 ",," 8,257 ", 342 ," 3,630 ", 1 ,,, - 
현내면," 46,049 "," 46,837 "," 44,253 ", 94.5 , 0.6 ," 6,934 "," 6,934 "," 6,934 ", 897 ," 2,585 "," 2,017 "," 1,435 ", 1.8 ," 37,823 "," 38,611 "," 37,319 ",," 37,319 ", 1.2 ," 1,292 "," 1,292 ", - ,,,,, 725 ," 1,421 ", 7 ,,, - 
죽왕면," 80,068 "," 70,235 "," 64,146 ", 91.3 , 1.2 ," 11,406 "," 11,406 "," 11,406 ", 852 ," 3,033 "," 2,100 "," 5,421 ", 2.1 ," 64,664 "," 54,831 "," 50,833 ",," 50,833 ", 1.8 ," 3,998 "," 3,998 "," 1,907 ",," 1,907 ",,, 773 ," 1,980 ", - ,,, - 
토성면," 118,959 "," 74,724 "," 67,430 ", 90.2 , 1.4 ," 7,296 "," 7,296 "," 7,296 ", 794 ," 2,809 "," 2,184 "," 1,509 ", 6.4 ," 107,692 "," 63,457 "," 59,486 ",," 59,486 ", 6.1 ," 3,971 "," 3,971 ", 648 ,, 648 ,,, 654 ," 4,742 ", 14 , 11 ,, - 
양양군," 272,868 "," 356,402 "," 295,888 ", 83.0 , - ," 40,044 "," 40,044 "," 40,044 "," 7,288 "," 18,085 "," 11,979 "," 2,691 ", 3.6 ," 128,154 "," 211,688 "," 204,532 ", 587 ," 203,945 ", 3.0 ," 104,670 "," 104,670 "," 51,312 "," 16,441 "," 28,103 "," 2,837 "," 3,931 "," 3,997 "," 4,229 ", - , - ," 267,120 ", 90.3 
양양읍," 133,306 "," 133,306 "," 96,557 ", 72.4 ,," 3,116 "," 3,116 "," 3,116 ", 476 ," 1,161 "," 1,328 ", 151 , 1.5 ," 69,189 "," 69,189 "," 62,033 ", 446 ," 61,587 ", 1.3 ," 61,001 "," 61,001 "," 31,408 "," 11,245 "," 18,150 "," 1,283 ", 730 ," 1,708 "," 1,717 ",,," 88,624 ", 91.8 
서면," 17,385 "," 26,090 "," 26,090 ", 100.0 ,," 10,223 "," 10,223 "," 10,223 "," 2,010 "," 5,853 "," 1,495 ", 865 , 0.3 ," 5,758 "," 14,463 "," 14,463 ",," 14,463 ", 0.2 ," 1,404 "," 1,404 "," 1,404 ", 61 , 174 , 612 , 557 , 296 , 234 ,,," 23,425 ", 89.8 
손양면," 14,020 "," 30,575 "," 30,575 ", 100.0 ,," 4,076 "," 4,076 "," 4,076 ", 239 ," 1,814 "," 1,863 ", 160 , 0.3 ," 9,125 "," 25,680 "," 25,680 ",," 25,680 ", 0.2 , 819 , 819 , 819 , 571 , 168 , 53 , 27 , 442 , 584 ,,," 27,536 ", 90.1 
현북면," 4,085 "," 29,090 "," 29,090 ", 100.0 ,," 2,803 "," 2,803 "," 2,803 ", 554 ," 1,168 ", 44 ," 1,037 ", 0.4 , 560 ," 25,565 "," 25,565 ", 141 ," 25,424 ", 0.3 , 722 , 722 , 722 , 101 , 409 , 212 ,, 362 , 197 ,,," 29,090 ", 100.0 
현남면," 36,933 "," 53,044 "," 43,739 ", 82.5 ,," 3,898 "," 3,898 "," 3,898 "," 1,191 "," 1,422 "," 1,285 ",, 0.4 ," 14,336 "," 30,447 "," 30,447 ",," 30,447 ", 0.4 ," 18,699 "," 18,699 "," 9,394 "," 2,834 "," 4,173 ", 677 ," 1,710 ", 602 , 860 ,,," 37,213 ", 85.1 
강현면," 67,139 "," 84,297 "," 69,837 ", 82.8 ,," 15,928 "," 15,928 "," 15,928 "," 2,818 "," 6,667 "," 5,964 ", 478 , 0.7 ," 29,186 "," 46,344 "," 46,344 ",," 46,344 ", 0.6 ," 22,025 "," 22,025 "," 7,565 "," 1,629 "," 5,029 ",, 907 , 587 , 637 ,,," 61,232 ", 87.7 
충청북도," 6,588,203 "," 7,456,525 "," 6,275,961 ", 84.2 , 69.4 ," 1,189,072 "," 1,425,475 "," 1,372,929 "," 138,445 "," 862,601 "," 91,899 "," 190,255 ", 258.1 ," 3,364,374 "," 3,728,362 "," 3,122,044 "," 36,659 "," 2,997,447 ", 770.8 ," 2,034,757 "," 2,302,688 "," 1,780,988 "," 132,459 "," 1,168,341 "," 98,112 "," 352,076 "," 100,263 "," 164,816 ", 575 ," 66,465 "," 4,962,302 ", 79.1 
시부," 3,733,829 "," 4,200,321 "," 3,527,238 ", 84.0 , 34.0 ," 1,101,293 "," 1,310,625 "," 1,258,079 "," 131,595 "," 787,632 "," 89,325 "," 159,798 ", 149.8 ," 1,553,034 "," 1,809,937 "," 1,583,836 "," 35,741 "," 1,460,157 ", 124.6 ," 1,079,502 "," 1,079,759 "," 685,323 "," 52,107 "," 564,833 "," 14,245 "," 24,138 "," 51,637 "," 112,358 ", 405 ," 65,847 "," 2,988,203 ", 84.7 
청주시," 1,926,814 "," 1,926,814 "," 1,760,650 ", 91.4 , 22.1 ," 709,117 "," 709,117 "," 709,117 "," 82,955 "," 526,768 "," 26,739 "," 72,655 ", 47.0 ," 771,749 "," 771,749 "," 671,993 "," 12,741 "," 659,252 ", 47.0 ," 445,948 "," 445,948 "," 379,540 "," 32,225 "," 347,024 ", 291 ,," 30,852 "," 65,471 ", 267 ," 65,297 "," 1,449,565 ", 82.3 
충주시," 747,261 "," 1,137,920 "," 940,380 ", 82.6 , 11.8 ," 71,322 "," 280,654 "," 265,962 "," 24,848 "," 146,350 "," 27,001 "," 67,763 ", 63.1 ," 338,965 "," 520,035 "," 514,635 ", - ," 514,635 ", 52.3 ," 336,974 "," 337,231 "," 159,783 "," 18,484 "," 105,543 "," 11,618 "," 24,138 "," 9,458 "," 14,804 ", 110 , 434 ," 712,430 ", 75.8 
시가지," 435,004 "," 680,962 "," 574,814 ", 84.4 , 10.1 ," 48,120 "," 208,662 "," 208,662 "," 20,042 "," 126,839 "," 5,453 "," 56,328 ", 26.0 ," 150,276 "," 235,692 "," 235,692 ",," 235,692 ", 14.7 ," 236,608 "," 236,608 "," 130,460 "," 13,274 "," 91,014 "," 6,763 "," 19,409 "," 7,256 "," 13,179 ", 105 , 434 ," 453,549 ", 78.9 
면지역," 72,539 "," 156,344 "," 156,344 ", 100.0 , - , - , - , - , - , - , - , - , 27.9 ," 72,539 "," 156,087 "," 156,087 ",," 156,087 ", 27.9 , - , 257 , 257 , - , 257 , - , - ," 1,219 "," 1,073 ",,," 105,340 ", 67.4 
수안보," 75,925 "," 75,925 "," 43,975 ", 57.9 , - ," 14,692 "," 14,692 ", - , - , - , - , - , 2.3 ," 31,205 "," 31,205 "," 25,805 ",," 25,805 ", 2.2 ," 30,028 "," 30,028 "," 18,170 "," 2,034 "," 6,552 "," 4,855 "," 4,729 ", 572 , 15 , 5 ,," 32,025 ", 72.8 
대소원," 126,150 "," 160,264 "," 116,141 ", 72.5 , 1.6 ," 5,123 "," 34,558 "," 34,558 "," 2,919 "," 11,986 "," 8,814 "," 10,839 ", 5.8 ," 69,184 "," 73,863 "," 73,863 ",," 73,863 ", 5.8 ," 51,843 "," 51,843 "," 7,720 ", - ," 7,720 ", - , - , 273 , 255 ,,," 86,906 ", 74.8 
앙성," 37,643 "," 64,425 "," 49,106 ", 76.2 , 0.1 ," 3,387 "," 22,742 "," 22,742 "," 1,887 "," 7,525 "," 12,734 ", 596 , 1.1 ," 15,761 "," 23,188 "," 23,188 ",," 23,188 ", 1.7 ," 18,495 "," 18,495 "," 3,176 "," 3,176 ", - , - , - , 138 , 282 ,,," 34,610 ", 70.5 
제천시," 1,059,754 "," 1,135,587 "," 826,208 ", 72.8 , 0.0 ," 320,854 "," 320,854 "," 283,000 "," 23,792 "," 114,514 "," 35,585 "," 19,380 ", 39.7 ," 442,320 "," 518,153 "," 397,208 "," 23,000 "," 286,270 ", 25.3 ," 296,580 "," 296,580 "," 146,000 "," 1,398 "," 112,266 "," 2,336 ", - ," 11,327 "," 32,083 ", 28 , 116 ," 826,208 ", 100.0 
 시가지 ," 841,424 "," 841,424 "," 612,237 ", 72.8 , 0.0 ," 320,854 "," 320,854 "," 283,000 "," 23,792 "," 113,686 "," 35,585 "," 19,380 ", 19.6 ," 283,320 "," 283,320 "," 183,237 "," 18,360 "," 86,073 ", 21.8 ," 237,250 "," 237,250 "," 146,000 "," 1,398 "," 112,266 "," 2,336 ", - ," 7,111 "," 26,590 ", 28 , 62 ," 612,237 ", 100.0 
 봉양읍 ," 72,730 "," 72,730 "," 31,425 ", 43.2 ,,, - ,,, 828 ,,, 3.2 ," 50,700 "," 50,700 "," 31,425 "," 4,640 "," 23,424 ", 3.5 ," 22,030 "," 22,030 ", - , - , - ,,, 505 , 713 ,, 8 ," 31,425 ", 100.0 
 금성면 , - ," 22,068 "," 22,068 ", 100.0 ,,, - , - ,,,,, 2.3 ,," 22,068 "," 22,068 ",," 20,439 ",,, - , - ,,,,, 467 , 575 ,,," 22,068 ", 100.0 
 청풍면 ," 2,800 "," 12,874 "," 12,874 ", 100.0 ,,, - , - ,,,,, 1.0 ," 2,800 "," 12,874 "," 12,874 ",," 9,803 ",,, - , - ,,,,, 212 , 283 ,,," 12,874 ", 100.0 
 수산면 , - ," 26,541 "," 26,541 ", 100.0 ,,, - , - ,,,,, 2.2 ,," 26,541 "," 26,541 ",," 26,385 ",,, - , - ,,,,, 566 , 642 ,, 9 ," 26,541 ", 100.0 
 덕산면 ," 56,910 "," 57,022 "," 30,452 ", 53.4 ,,, - , - ,,,,, 3.9 ," 30,340 "," 30,452 "," 30,452 ",," 29,676 ",," 26,570 "," 26,570 ", - ,,,,, 769 , 852 ,, 17 ," 30,452 ", 100.0 
 한수면 ," 15,470 "," 15,902 "," 15,902 ", 100.0 ,,, - , - ,,,,, 0.4 ," 15,470 "," 15,902 "," 15,902 ",," 14,901 ",,, - , - ,,,,, 267 , 283 ,,," 15,902 ", 100.0 
 백운면 , - ," 16,606 "," 16,606 ", 100.0 ,,, - , - ,,,,, 2.8 ,," 16,606 "," 16,606 ",," 15,711 ",,, - , - ,,,,, 397 , 605 ,, 8 ," 16,606 ", 100.0 
 송학면 ," 70,420 "," 70,420 "," 58,103 ", 82.5 ,,, - , - ,,,,, 4.3 ," 59,690 "," 59,690 "," 58,103 ",," 59,858 ",," 10,730 "," 10,730 ", - ,,,,," 1,033 "," 1,540 ",, 12 ," 58,103 ", 100.0 
 군부 ," 2,854,374 "," 3,256,204 "," 2,748,724 ", 84.4 , 35.4 ," 87,779 "," 114,850 "," 114,850 "," 6,850 "," 74,969 "," 2,574 "," 30,457 ", 108.4 ," 1,811,340 "," 1,918,425 "," 1,538,208 ", 918 ," 1,537,290 ", 646.2 ," 955,255 "," 1,222,929 "," 1,095,665 "," 80,352 "," 603,508 "," 83,867 "," 327,938 "," 48,626 "," 52,458 ", 170 , 618 ," 1,974,099 ", 71.8 
보은군," 553,208 "," 553,208 "," 446,038 ", 80.6 , - , - , - , - , - , - , - , - , 18.6 ," 354,693 "," 354,693 "," 280,086 ", - ," 280,086 ", 584.3 ," 198,515 "," 198,515 "," 165,952 "," 12,789 "," 68,507 "," 7,464 "," 77,192 "," 9,925 "," 7,815 ", - , 303 ," 417,996 ", 93.7 
보은읍," 194,366 "," 194,366 "," 165,585 ", 85.2 ,,, - , - , - , - , - , - , 6.0 ," 108,978 "," 108,978 "," 90,266 ", - ," 90,266 ", 62.3 ," 85,388 "," 85,388 "," 75,319 "," 6,384 "," 32,901 "," 4,815 "," 31,219 "," 3,578 "," 2,785 ", - , 49 ," 160,655 ", 97.0 
속리산면," 54,378 "," 54,378 "," 48,634 ", 89.4 ,,, - , - , - , - , - , - , 2.1 ," 41,956 "," 41,956 "," 38,924 ", - ," 38,924 ", 92.2 ," 12,422 "," 12,422 "," 9,710 ", 305 ," 4,706 ", - ," 4,699 ", 954 , 851 , - , 60 ," 41,641 ", 85.6 
장안면," 36,130 "," 36,130 "," 32,953 ", 91.2 ,,, - , - , - , - , - , - , 1.3 ," 21,071 "," 21,071 "," 17,894 ", - ," 17,894 ", 29.9 ," 15,059 "," 15,059 "," 15,059 ", 521 ," 3,621 ", 709 ," 10,208 ", 806 , 428 , - , 29 ," 30,623 ", 92.9 
마로면," 55,119 "," 55,119 "," 44,301 ", 80.4 ,,, - , - , - , - , - , - , 3.2 ," 41,064 "," 41,064 "," 36,958 ", - ," 36,958 ", 68.5 ," 14,055 "," 14,055 "," 7,343 ", 739 ," 2,487 ", - ," 4,117 "," 1,117 ", 893 , - , 45 ," 44,125 ", 99.6 
탄부면," 47,721 "," 47,721 "," 40,091 ", 84.0 ,,, - , - , - , - , - , - , 0.6 ," 39,885 "," 39,885 "," 32,255 ", - ," 32,255 ", 31.6 ," 7,836 "," 7,836 "," 7,836 "," 1,477 "," 2,584 ", - ," 3,775 ", 781 , 476 , - , 17 ," 37,877 ", 94.5 
삼승면," 61,560 "," 61,560 "," 57,530 ", 93.5 ,,, - , - , - , - , - , - , 1.2 ," 31,264 "," 31,264 "," 31,264 ", - ," 31,264 ", 28.3 ," 30,296 "," 30,296 "," 26,266 "," 2,496 "," 11,988 "," 1,940 "," 9,842 "," 1,366 ", 825 , - , 45 ," 57,473 ", 99.9 
수한면," 8,252 "," 8,252 "," 7,200 ", 87.3 ,,, - , - , - , - , - , - , 0.8 ," 5,701 "," 5,701 "," 4,649 ", - ," 4,649 ", 48.7 ," 2,551 "," 2,551 "," 2,551 ", 126 ," 1,029 ", - ," 1,396 ", 205 , 322 , - , 16 ," 6,949 ", 96.5 
회남면," 10,992 "," 10,992 ", - , - ,,, - , - , - , - , - , - , 0.3 ," 10,992 "," 10,992 ", - , - , - , 46.5 , - , - , - , - , - , - , - , - , - , - , - , - , - 
회인면," 40,910 "," 40,910 "," 20,002 ", 48.9 ,,, - , - , - , - , - , - , 1.4 ," 22,083 "," 22,083 "," 10,215 ", - ," 10,215 ", 54.0 ," 18,827 "," 18,827 "," 9,787 ", 408 ," 3,925 ", - ," 5,454 ", 465 , 690 , - , 17 ," 15,749 ", 78.7 
내북면," 19,594 "," 19,594 "," 14,321 ", 73.1 ,,, - , - , - , - , - , - , 0.6 ," 13,584 "," 13,584 "," 8,311 ", - ," 8,311 ", 63.5 ," 6,010 "," 6,010 "," 6,010 ", 333 ," 2,571 ", - ," 3,106 ", 428 , 381 , - , 16 ," 13,955 ", 97.4 
산외면," 24,186 "," 24,186 "," 15,421 ", 63.8 ,,, - , - , - , - , - , - , 1.1 ," 18,115 "," 18,115 "," 9,350 ", - ," 9,350 ", 58.7 ," 6,071 "," 6,071 "," 6,071 ", - ," 2,695 ", - ," 3,376 ", 225 , 164 , - , 9 ," 8,949 ", 58.0 
옥천군," 684,600 "," 684,602 "," 620,832 ", 90.7 , 33.4 ," 21,343 "," 21,343 "," 21,343 ", 753 ," 19,393 ", 428 , 769 , 2.0 ," 356,661 "," 356,661 "," 292,893 ", - ," 292,893 ", - ," 306,596 "," 306,598 "," 306,596 "," 24,076 "," 149,496 "," 67,675 "," 65,349 "," 4,278 "," 9,353 ", 49 , 154 , - , - 
옥천읍," 235,580 "," 235,580 "," 224,673 ", 95.4 , 33.4 ," 21,343 "," 21,343 "," 21,343 ", 753 ," 19,393 ", 428 , 769 , 0.2 ," 101,991 "," 101,991 "," 91,084 ",," 91,084 ",," 112,246 "," 112,246 "," 112,246 "," 8,825 "," 59,527 "," 13,723 "," 30,171 "," 2,098 "," 3,243 ", 49 , 97 , - , - 
동이면," 58,193 "," 58,194 "," 55,459 ", 95.3 ,,, - , - ,,,,, 0.1 ," 32,048 "," 32,048 "," 29,313 ",," 29,313 ",," 26,145 "," 26,146 "," 26,146 "," 1,296 "," 14,662 "," 7,305 "," 2,883 ", 246 ," 1,036 ",  - ,  - , - , - 
안남면," 26,197 "," 26,197 "," 23,440 ", 89.5 ,,, - , - ,,,,, 0.1 ," 14,451 "," 14,451 "," 11,695 ",," 11,695 ",," 11,746 "," 11,746 "," 11,745 ", 889 ," 3,581 "," 3,156 "," 4,119 ", 214 , 231 ,  - ,  - , - , - 
안내면," 38,182 "," 38,182 "," 34,355 ", 90.0 ,,, - , - ,,,,, 0.0 ," 21,453 "," 21,453 "," 17,627 ",," 17,627 ",," 16,729 "," 16,729 "," 16,728 "," 1,106 "," 5,757 "," 5,797 "," 4,068 ", 241 , 516 ,  - ,  - , - , - 
청성면," 34,959 "," 34,960 "," 20,649 ", 59.1 ,,, - , - ,,,,, 0.4 ," 21,291 "," 21,291 "," 6,980 ",," 6,980 ",," 13,668 "," 13,669 "," 13,669 ", 949 ," 6,865 "," 3,791 "," 2,064 ", 96 , 328 ,  - ,  - , - , - 
청산면," 65,540 "," 65,540 "," 63,324 ", 96.6 ,,, - , - ,,,,, 0.3 ," 41,805 "," 41,805 "," 39,589 ",," 39,589 ",," 23,735 "," 23,735 "," 23,735 "," 1,623 "," 9,431 "," 6,826 "," 5,855 ", 158 ," 1,440 ",  - ,  - , - , - 
이원면," 107,643 "," 107,643 "," 96,047 ", 89.2 ,,, - , - ,,,,, 0.1 ," 59,866 "," 59,866 "," 48,270 ",," 48,270 ",," 47,777 "," 47,777 "," 47,777 "," 3,260 "," 22,376 "," 13,133 "," 9,008 ", 686 ," 1,036 ",  - , 57 , - , - 
군서면," 58,426 "," 58,426 "," 47,288 ", 80.9 ,,, - , - ,,,,, 0.7 ," 33,348 "," 33,348 "," 22,210 ",," 22,210 ",," 25,078 "," 25,078 "," 25,078 "," 3,138 "," 9,308 "," 7,813 "," 4,819 ", 113 , 634 ,  - ,  - , - , - 
군북면," 59,880 "," 59,880 "," 55,597 ", 92.8 ,,, - , - ,,,,, 0.2 ," 30,408 "," 30,408 "," 26,125 ",," 26,125 ",," 29,472 "," 29,472 "," 29,472 "," 2,990 "," 17,989 "," 6,131 "," 2,362 ", 426 , 889 ,  - ,  - , - , - 
영동군," 273,356 "," 443,051 "," 379,643 ", 85.7 , - , - , 256 , 256 , - , 256 , - , - , 14.9 ," 273,356 "," 273,356 "," 209,948 ", - ," 209,948 ", - , - ," 169,439 "," 169,439 "," 13,576 "," 54,923 ", - ," 100,940 "," 7,958 "," 7,709 ", 1 , 24 ," 374,705 ", 98.7 
영동읍," 79,466 "," 146,853 "," 140,697 ", 95.8 ,,, 256 , 256 ,, 256 ,,, 5.4 ," 79,466 "," 79,466 "," 73,310 ",," 73,310 ",,," 67,131 "," 67,131 "," 6,026 "," 37,557 ",," 23,548 "," 2,868 "," 2,208 ", 1 , 24 ," 140,697 ", 100.0 
용산면," 15,002 "," 25,357 "," 24,084 ", 95.0 ,,, - , - ,,,,, 0.6 ," 15,002 "," 15,002 "," 13,729 ",," 13,729 ",,," 10,355 "," 10,355 ", 895 ," 1,610 ",," 7,850 ", 538 , 533 ,,," 24,084 ", 100.0 
황간면," 28,949 "," 44,308 "," 40,820 ", 92.1 ,,, - , - ,,,,, 2.5 ," 28,949 "," 28,949 "," 25,461 ",," 25,461 ",,," 15,359 "," 15,359 "," 1,921 "," 3,866 ",," 9,572 ", 728 , 874 ,,," 40,820 ", 100.0 
추풍령면," 13,730 "," 31,412 "," 31,274 ", 99.6 ,,, - , - ,,,,, 0.7 ," 13,730 "," 13,730 "," 13,592 ",," 13,592 ",,," 17,682 "," 17,682 ", 900 ," 1,766 ",," 15,016 ", 577 , 524 ,,," 31,274 ", 100.0 
매곡면," 16,013 "," 20,545 "," 9,181 ", 44.7 ,,, - , - ,,,,, 0.5 ," 16,013 "," 16,013 "," 4,649 ",," 4,649 ",,," 4,532 "," 4,532 ", 465 , 368 ,," 3,699 ", 213 , 229 ,,," 9,181 ", 100.0 
상촌면," 16,072 "," 21,675 "," 14,098 ", 65.0 ,,, - , - ,,,,, 0.8 ," 16,072 "," 16,072 "," 8,495 ",," 8,495 ",,," 5,603 "," 5,603 ", 438 , 347 ,," 4,818 ", 317 , 381 ,,," 14,098 ", 100.0 
양강면," 21,842 "," 33,379 "," 26,455 ", 79.3 ,,, - , - ,,,,, 0.9 ," 21,842 "," 21,842 "," 14,918 ",," 14,918 ",,," 11,537 "," 11,537 ", 197 ," 1,263 ",," 10,077 ", 544 , 478 ,,," 26,455 ", 100.0 
용화면," 5,514 "," 8,848 "," 8,848 ", 100.0 ,,, - , - ,,,,, 0.3 ," 5,514 "," 5,514 "," 5,514 ",," 5,514 ",,," 3,334 "," 3,334 ",, 190 ,," 3,144 ", 207 , 229 ,,," 8,848 ", 100.0 
학산면," 28,688 "," 41,893 "," 33,789 ", 80.7 ,,, - , - ,,,,, 1.1 ," 28,688 "," 28,688 "," 20,584 ",," 20,584 ",,," 13,205 "," 13,205 ", 533 ," 2,801 ",," 9,871 ", 811 , 876 ,,," 33,789 ", 100.0 
양산면," 20,051 "," 29,950 "," 22,192 ", 74.1 ,,, - , - ,,,,, 1.0 ," 20,051 "," 20,051 "," 12,293 ",," 12,293 ",,," 9,899 "," 9,899 ", 940 ," 2,451 ",," 6,508 ", 579 , 539 ,,," 22,192 ", 100.0 
심천면," 28,029 "," 38,831 "," 28,205 ", 72.6 ,,, - , - ,,,,, 1.1 ," 28,029 "," 28,029 "," 17,403 ",," 17,403 ",,," 10,802 "," 10,802 "," 1,261 "," 2,704 ",," 6,837 ", 576 , 838 ,,," 23,267 ", 82.5 
증평군," 357,402 "," 357,402 "," 304,173 ", 91.1 , 0.0 ," 23,226 "," 23,226 "," 23,226 ", 683 ," 9,702 ", - ," 12,841 ", 18.0 ," 198,268 "," 198,268 "," 145,039 ", - ," 145,039 ", 18.0 ," 135,908 "," 135,908 "," 135,908 "," 18,364 "," 84,393 ", - ," 33,151 "," 6,686 "," 3,811 ", 3 , - ," 304,173 ", 100.0 
증평읍," 299,882 "," 299,882 "," 273,154 ", 91.1 , - ," 14,365 "," 14,365 "," 14,365 ", 577 ," 6,145 ", - ," 7,643 ", 15.2 ," 161,297 "," 161,297 "," 134,569 ",," 134,569 ", 15.2 ," 124,220 "," 124,220 "," 124,220 "," 16,610 "," 77,500 ", - ," 30,110 "," 5,975 "," 3,652 ", 2 ,," 273,154 ", 100.0 
도안면," 57,520 "," 57,520 "," 31,019 ", 53.9 , 0.0 ," 8,861 "," 8,861 "," 8,861 ", 106 ," 3,557 ", - ," 5,198 ", 2.7 ," 36,971 "," 36,971 "," 10,470 ",," 10,470 ", 2.7 ," 11,688 "," 11,688 "," 11,688 "," 1,754 "," 6,893 ", - ," 3,041 ", 711 , 159 , 1 ,," 31,019 ", 100.0 
진천군," 343,391 "," 343,391 "," 242,346 ", 70.6 , 0.4 ," 18,994 "," 18,994 "," 18,994 ", 158 ," 3,988 "," 1,765 "," 13,083 ", 19.4 ," 241,966 "," 241,966 "," 199,970 ", 447 ," 199,523 ", 19.4 ," 82,431 "," 82,431 "," 23,382 "," 1,056 "," 17,555 ", - ," 4,771 "," 3,717 "," 5,614 ", 12 , - ," 166,457 ", 68.7 
 진천읍 ," 134,730 "," 134,730 "," 99,710 ", 74.0 , 0.1 ," 14,292 "," 14,292 "," 14,292 ", - , - ," 1,665 "," 12,627 ", 9.1 ," 91,616 "," 91,616 "," 80,248 ", 146 ," 80,102 ", 9.1 ," 28,822 "," 28,822 "," 5,170 ", - ," 5,170 ", - , - ," 1,912 "," 2,847 ", 12 , - ," 83,508 ", 83.8 
 덕산면 ," 51,239 "," 51,239 "," 32,763 ", 63.9 , - , - , - , - , - , - , - , - , 2.9 ," 37,904 "," 37,904 "," 29,412 ", - ," 29,412 ", 2.9 ," 13,335 "," 13,335 "," 3,351 ", 348 ," 1,579 ", - ," 1,424 ", 504 , 642 , - , - ," 22,237 ", 67.9 
 초평면 ," 35,308 "," 35,308 "," 35,308 ", 100.0 , - , - , - , - , - , - , - , - , 0.5 ," 33,626 "," 33,626 "," 33,626 ", - ," 33,626 ", 0.5 ," 1,682 "," 1,682 "," 1,682 ", - , 990 , - , 692 , 358 , 684 , - , - ," 14,397 ", 40.8 
 문백면 ," 14,466 "," 14,466 "," 9,750 ", 67.4 , - , - , - , - , - , - , - , - , 0.3 ," 8,598 "," 8,598 "," 8,598 ", - ," 8,598 ", 0.3 ," 5,868 "," 5,868 "," 1,152 ", 62 , 528 , - , 562 , 215 , 231 , - , - , - , - 
 백곡면 ," 3,864 "," 3,864 "," 1,186 ", 30.7 , - , - , - , - , - , - , - , - , - ,, - , - , - , - , - ," 3,864 "," 3,864 "," 1,186 ", 99 , 91 , - , 996 , - , - , - , - , - , - 
 이월면 ," 52,620 "," 52,620 "," 30,934 ", 58.8 , - , - , - , - , - , - , - , - , 2.8 ," 42,301 "," 42,301 "," 27,223 ", - ," 27,223 ", 2.8 ," 10,319 "," 10,319 "," 3,711 ", - ," 2,614 ", - ," 1,097 ", 406 , 720 , - , - ," 25,321 ", 81.9 
 광혜원면 ," 51,164 "," 51,164 "," 32,695 ", 63.9 , 0.3 ," 4,702 "," 4,702 "," 4,702 ", 158 ," 3,988 ", 100 , 456 , 3.8 ," 27,921 "," 27,921 "," 20,863 ", 301 ," 20,562 ", 3.8 ," 18,541 "," 18,541 "," 7,130 ", 547 ," 6,583 ", - , - , 322 , 490 , - , - ," 20,994 ", 64.2 
괴산군," 69,981 "," 266,541 "," 244,319 ", 91.7 , - , - , - , - , - , - , - , - , 12.2 ," 63,376 "," 167,758 "," 145,536 ", - ," 145,536 ", 12.2 ," 6,605 "," 98,783 "," 98,783 "," 6,118 "," 47,192 "," 8,100 "," 37,373 "," 6,240 "," 6,164 ", 27 , - ," 244,319 ", 100.0 
 괴산읍 ," 9,102 "," 83,657 "," 83,657 ", 100.0 , - , - , - , - , - , - , - , - , 7.7 ," 2,497 "," 50,539 "," 50,539 ",," 50,539 ", 7.7 ," 6,605 "," 33,118 "," 33,118 "," 3,461 "," 17,784 "," 2,524 "," 9,349 "," 2,936 "," 3,074 ", 14 , - ," 83,657 ", 100.0 
 감물면 ," 1,415 "," 25,476 "," 25,476 ", 100.0 , - , - , - , - , - , - , - , - , 0.5 ," 1,415 "," 20,912 "," 20,912 ",," 20,912 ", 0.5 ,," 4,564 "," 4,564 ", 7 ," 1,692 ", 7 ," 2,858 ", 445 , 225 , - , - ," 25,476 ", 100.0 
 장연면 ," 11,477 "," 12,958 "," 7,128 ", 55.0 , - , - , - , - , - , - , - , - , 0.4 ," 11,477 "," 11,477 "," 5,647 ",," 5,647 ", 0.4 ,," 1,481 "," 1,481 ",, 655 , 128 , 698 , 211 , 145 , - , - ," 7,128 ", 100.0 
 연풍면 , - ," 21,915 "," 21,915 ", 100.0 , - , - , - , - , - , - , - , - , 0.6 ,," 13,340 "," 13,340 ",," 13,340 ", 0.6 ,," 8,575 "," 8,575 ",," 5,215 ", - ," 3,360 ", 252 , 476 , - , - ," 21,915 ", 100.0 
 칠성면 ," 13,873 "," 23,426 "," 19,027 ", 81.2 , - , - , - , - , - , - , - , - , 0.9 ," 13,873 "," 13,873 "," 9,474 ",," 9,474 ", 0.9 ,," 9,553 "," 9,553 ",," 3,320 ", 181 ," 6,052 ", 291 , 493 , - , - ," 19,027 ", 100.0 
 문광면 ," 4,750 "," 5,315 "," 4,456 ", 83.8 , - , - , - , - , - , - , - , - , 0.1 ," 4,750 "," 4,750 "," 3,891 ",," 3,891 ", 0.1 ,, 565 , 565 ,, 565 , - , - , 318 , 173 , - , - ," 4,456 ", 100.0 
 청천면 ," 4,031 "," 29,380 "," 29,380 ", 100.0 , - , - , - , - , - , - , - , - , 0.7 ," 4,031 "," 17,622 "," 17,622 ",," 17,622 ", 0.7 ,," 11,758 "," 11,758 "," 1,660 "," 5,572 "," 1,660 "," 2,866 ", 618 , 372 , 11 , - ," 29,380 ", 100.0 
 청안면 ," 5,944 "," 21,653 "," 21,653 ", 100.0 , - , - , - , - , - , - , - , - , 0.5 ," 5,944 "," 11,686 "," 11,686 ",," 11,686 ", 0.5 ,," 9,967 "," 9,967 ",," 4,964 "," 1,598 "," 3,405 ", 603 , 379 , - , - ," 21,653 ", 100.0 
 사리면 ," 7,180 "," 15,070 "," 9,690 ", 64.3 , - , - , - , - , - , - , - , - , 0.4 ," 7,180 "," 7,180 "," 1,800 ",," 1,800 ", 0.4 ,," 7,890 "," 7,890 ",," 4,870 "," 1,012 "," 2,008 ", 199 , 260 , 2 , - ," 9,690 ", 100.0 
 소수면 , - ," 6,256 "," 6,256 ", 100.0 , - , - , - , - , - , - , - , - , 0.2 ,," 4,170 "," 4,170 ",," 4,170 ", 0.2 ,," 2,086 "," 2,086 ", 447 , 105 , 447 ," 1,087 ", 154 , 183 , - , - ," 6,256 ", 100.0 
 불정면 ," 12,209 "," 21,435 "," 15,681 ", 73.2 , - , - , - , - , - , - , - , - , 0.3 ," 12,209 "," 12,209 "," 6,455 ",," 6,455 ", 0.3 ,," 9,226 "," 9,226 ", 543 ," 2,450 ", 543 ," 5,690 ", 213 , 384 , - , - ," 15,681 ", 100.0 
음성군," 365,118 "," 371,313 "," 337,355 ", 90.9 , 1.6 ," 24,216 "," 24,216 "," 24,216 "," 3,863 "," 19,249 ", - ," 1,104 ", 12.5 ," 195,248 "," 195,388 "," 163,637 ", - ," 163,637 ", 12.5 ," 145,654 "," 151,709 "," 149,502 ", 762 ," 148,374 ", - , 366 ," 7,102 "," 6,867 ", 14 , 98 ," 337,337 ", 100.0 
음성읍," 96,755 "," 96,755 "," 75,275 ", 77.8 , 1.6 ," 24,216 "," 24,216 "," 24,216 "," 3,863 "," 19,249 ", - ," 1,104 ", 2.0 ," 55,828 "," 55,828 "," 36,555 ", - ," 36,555 ", 2.0 ," 16,711 "," 16,711 "," 14,504 ", - ," 14,504 ", - , - ," 1,232 "," 2,770 ", - , 31 ," 75,257 ", 100.0 
금왕읍," 68,855 "," 74,063 "," 71,567 ", 96.6 , - , - , - , - , - , - , - , - , 2.7 ," 37,551 "," 37,551 "," 35,055 ", - ," 35,055 ", 2.7 ," 31,304 "," 36,512 "," 36,512 ", - ," 36,512 ", - , - ," 1,131 "," 1,375 ", 11 , 18 ," 71,567 ", 100.0 
소이면, - , - , - , - , - , - , - , - , - , - , - , - , 0.1 ,, - , - , - , - , 0.1 ,, - , - , - , - , - , - , - , - , - , - , - , - 
원남면, - , - , - , - , - , - , - , - , - , - , - , - , 0.1 ,, - , - , - , - , 0.1 ,, - , - , - , - , - , - , - , - , - , - , - , - 
맹동면," 78,642 "," 78,642 "," 78,642 ", 100.0 , - , - , - , - , - , - , - , - , 0.2 ," 32,441 "," 32,441 "," 32,441 ", - ," 32,441 ", 0.2 ," 46,201 "," 46,201 "," 46,201 ", - ," 46,201 ", - , - ," 1,833 ", 128 , - ,," 78,642 ", 100.0 
"대소면,
삼성면"," 68,972 "," 69,546 "," 65,261 ", 93.8 , - , - , - , - , - , - , - , - , 4.8 ," 42,232 "," 42,232 "," 37,947 ", - ," 37,947 ", 4.8 ," 26,740 "," 27,314 "," 27,314 ", 762 ," 26,186 ", - , 366 ," 1,868 "," 1,593 ", 3 , 7 ," 65,261 ", 100.0 
생극면," 19,209 "," 19,209 "," 13,512 ", 70.3 , - , - , - , - , - , - , - , - , 0.7 ," 11,752 "," 11,752 "," 6,055 ", - ," 6,055 ", 0.7 ," 7,457 "," 7,457 "," 7,457 ", - ," 7,457 ", - , - , 354 , 342 , - , 18 ," 13,512 ", 100.0 
감곡면," 32,685 "," 33,098 "," 33,098 ", 100.0 , - , - , - , - , - , - , - , - , 1.8 ," 15,444 "," 15,584 "," 15,584 ", - ," 15,584 ", 1.8 ," 17,241 "," 17,514 "," 17,514 ", - ," 17,514 ", - , - , 684 , 659 , - , 24 ," 33,098 ", 100.0 
단양군," 207,318 "," 236,696 "," 174,017 ", 73.5 , - , - ," 26,815 "," 26,815 "," 1,393 "," 22,381 ", 381 ," 2,660 ", 10.9 ," 127,772 "," 130,335 "," 101,099 ", 471 ," 100,628 ", - ," 79,546 "," 79,546 "," 46,103 "," 3,611 "," 33,068 ", 628 ," 8,796 "," 2,720 "," 5,125 ", 64 , 39 ," 129,112 ", 74.2 
단양읍," 109,522 "," 124,421 "," 78,149 ", 62.8 , - , - ," 14,899 "," 14,899 "," 1,219 "," 13,063 ", 144 , 473 , 3.1 ," 56,844 "," 56,844 "," 40,082 ", 51 ," 40,031 ", - ," 52,678 "," 52,678 "," 23,168 "," 2,101 "," 15,401 ", 160 ," 5,506 "," 1,206 "," 2,364 ", 19 , 8 ," 73,373 ", 93.9 
매포읍," 65,176 "," 77,092 "," 64,132 ", 83.2 , - , - ," 11,916 "," 11,916 ", 174 ," 9,318 ", 237 ," 2,187 ", 4.1 ," 38,308 "," 38,308 "," 29,281 ", 420 ," 28,861 ", - ," 26,868 "," 26,868 "," 22,935 "," 1,510 "," 17,667 ", 468 ," 3,290 "," 1,062 "," 1,559 ", 45 , 31 ," 55,739 ", 86.9 
단성면," 9,082 "," 9,082 "," 8,713 ", 95.9 , - , - , - , - ,,,,, 0.6 ," 9,082 "," 9,082 "," 8,713 ",," 8,713 ",,, - , - ,,,,, 82 , 213 ,,,, - 
대강면," 7,170 "," 7,170 "," 6,160 ", 85.9 , - , - , - , - ,,,,, 0.5 ," 7,170 "," 7,170 "," 6,160 ",," 6,160 ",,, - , - ,,,,, 111 , 292 ,,,, - 
가곡면," 2,324 "," 4,424 "," 4,424 ", 100.0 , - , - , - , - ,,,,, 0.7 ," 2,324 "," 4,424 "," 4,424 ",," 4,424 ",,, - , - ,,,,, 34 , 172 ,,,, - 
영춘면," 7,667 "," 8,130 "," 8,130 ", 100.0 , - , - , - , - ,,,,, 0.9 ," 7,667 "," 8,130 "," 8,130 ",," 8,130 ",,, - , - ,,,,, 92 , 284 ,,,, - 
어상천면," 2,394 "," 2,394 "," 2,048 ", 85.5 , - , - , - , - ,,,,, 0.7 ," 2,394 "," 2,394 "," 2,048 ",," 2,048 ",,, - , - ,,,,, 59 , 147 ,,,, - 
적성면," 3,983 "," 3,983 "," 2,261 ", 56.8 , - , - , - , - ,,,,, 0.3 ," 3,983 "," 3,983 "," 2,261 ",," 2,261 ",,, - , - ,,,,, 74 , 94 ,,,, - 
충청남도," 10,776,721 "," 10,909,304 "," 7,782,605 ", 71.3 , 141.5 ," 2,649,230 "," 2,350,201 "," 1,571,235 "," 136,814 "," 727,916 "," 187,976 "," 517,874 ", 395.5 ," 5,305,790 "," 5,566,718 "," 4,170,547 ", 713 ," 4,169,834 ", 195.7 ," 2,912,403 "," 2,992,385 "," 2,040,824 "," 260,289 "," 1,499,025 "," 123,108 "," 219,038 "," 130,850 "," 338,378 ", 885 ," 1,023 "," 6,513,402 ", 83.7 
시부," 6,860,401 "," 7,152,968 "," 5,497,251 ", 76.9 , 77.6 ," 1,197,181 "," 1,275,094 "," 864,181 "," 60,784 "," 390,110 "," 155,963 "," 256,669 ", 244.2 ," 3,362,164 "," 3,606,002 "," 2,966,356 ", 712 ," 2,965,644 ", 113.0 ," 2,191,962 "," 2,271,872 "," 1,666,714 "," 237,373 "," 1,285,205 "," 59,370 "," 144,026 "," 103,304 "," 283,035 ", 614 , 789 ," 4,688,540 ", 85.3 
천안시," 1,688,592 "," 1,804,840 "," 1,508,974 ", 83.6 , - ," 692,685 "," 692,685 "," 445,975 "," 27,093 "," 137,728 "," 138,745 "," 142,409 ", 82.5 ," 772,690 "," 846,713 "," 798,548 ", 133 ," 798,415 ", - ," 223,217 "," 265,442 "," 264,451 "," 41,133 "," 218,989 "," 4,026 ", 303 ," 30,132 "," 207,510 ", 141 , 406 ," 1,421,503 ", 94.2 
시가지," 1,092,997 "," 1,135,222 "," 910,962 ", 80.2 , - ," 481,691 "," 481,691 "," 287,468 "," 15,322 "," 87,094 "," 97,558 "," 87,494 ", 45.4 ," 407,097 "," 407,097 "," 377,060 ", 133 ," 376,927 ",," 204,209 "," 246,434 "," 246,434 "," 39,945 "," 206,186 ", - , 303 ," 19,376 "," 188,984 ", 101 , 251 ," 910,962 ", 100.0 
성환읍," 162,802 "," 171,499 "," 162,754 ", 94.9 , - ," 82,201 "," 82,201 "," 73,456 "," 5,367 "," 26,134 "," 18,758 "," 23,197 ", 7.7 ," 71,437 "," 80,134 "," 80,134 ", - ," 80,134 ",," 9,164 "," 9,164 "," 9,164 ", 344 ," 7,460 "," 1,360 ", - ," 1,573 "," 4,674 ", 16 , 53 ," 134,488 ", 82.6 
성거읍," 49,656 "," 49,656 "," 36,817 ", 74.1 , - ," 17,513 "," 17,513 "," 9,792 ", 785 ," 3,717 "," 1,234 "," 4,056 ", 5.0 ," 30,403 "," 30,403 "," 25,285 ", - ," 25,285 ",," 1,740 "," 1,740 "," 1,740 ", 165 ," 1,075 ", 500 , - , 648 ," 1,719 ", - , - ," 36,817 ", 100.0 
직산읍," 51,540 "," 51,540 "," 32,102 ", 62.3 , - ," 23,760 "," 23,760 "," 10,853 "," 1,298 "," 3,098 "," 3,108 "," 3,349 ", 5.9 ," 26,355 "," 26,355 "," 19,824 ", - ," 19,824 ",," 1,425 "," 1,425 "," 1,425 ", 27 , 898 , 500 , - , 754 ," 1,583 ", - , - ," 32,102 ", 100.0 
목천읍," 73,376 "," 111,126 "," 110,077 ", 99.1 , - ," 20,716 "," 20,716 "," 19,667 ", 729 ," 6,138 "," 3,736 "," 9,064 ", 3.8 ," 51,588 "," 89,338 "," 89,338 ", - ," 89,338 ",," 1,072 "," 1,072 "," 1,072 ", - , 572 , 500 , - ," 2,560 "," 2,599 ", - , - ," 86,578 ", 78.7 
입장면," 37,258 "," 37,258 "," 26,551 ", 71.3 , - ," 14,995 "," 14,995 "," 5,725 ", 212 ," 2,120 "," 1,143 "," 2,250 ", 2.8 ," 20,844 "," 20,844 "," 19,407 ", - ," 19,407 ",," 1,419 "," 1,419 "," 1,419 ", 79 , 840 , 500 , - , 728 ," 1,351 ", 24 , 61 ," 26,551 ", 100.0 
풍세면," 62,777 "," 66,265 "," 61,267 ", 92.5 , - ," 13,238 "," 13,238 "," 8,240 "," 1,061 "," 1,377 "," 2,680 "," 3,122 ", 1.7 ," 49,008 "," 52,496 "," 52,496 ", - ," 52,496 ",, 531 , 531 , 531 , - , 131 , 400 , - , 959 ," 1,913 ", - , 14 ," 61,267 ", 100.0 
광덕면," 17,114 "," 18,162 "," 15,162 ", 83.5 , - ," 8,326 "," 8,326 "," 5,326 ", 156 ," 1,809 "," 2,144 "," 1,217 ", 1.4 ," 8,207 "," 9,255 "," 9,255 ", - ," 9,255 ",, 581 , 581 , 581 , - , 515 , 66 , - , 140 , 286 , - , - ," 15,162 ", 100.0 
북면," 18,577 "," 21,077 "," 20,199 ", 95.8 , - ," 3,192 "," 3,192 "," 2,658 ", - , 970 , 468 ," 1,220 ", 1.1 ," 15,041 "," 17,541 "," 17,541 ", - ," 17,541 ",, 344 , 344 , - , - , - , - , - , 478 , 708 , - , - ," 17,699 ", 87.6 
성남면," 20,654 "," 20,693 "," 18,445 ", 89.1 , - ," 2,500 "," 2,500 ", 300 , 300 , - , - , - , 2.1 ," 17,654 "," 17,693 "," 17,693 ", - ," 17,693 ",, 500 , 500 , 452 , 408 , 44 , - , - , 461 , 621 , - , 10 ," 12,854 ", 69.7 
수신면," 40,125 "," 57,554 "," 57,174 ", 99.3 , - ," 13,141 "," 13,141 "," 12,915 ", 197 ," 2,442 "," 5,545 "," 4,731 ", 1.7 ," 26,459 "," 43,888 "," 43,888 ", - ," 43,888 ",, 525 , 525 , 371 , 165 , 206 , - , - ," 1,166 "," 1,633 ", - , 1 ," 39,745 ", 69.5 
병천면," 44,450 "," 47,522 "," 45,454 ", 95.6 , - ," 11,202 "," 11,202 "," 9,441 "," 1,666 "," 2,725 "," 2,371 "," 2,679 ", 2.6 ," 32,441 "," 35,513 "," 35,513 ", - ," 35,513 ",, 807 , 807 , 500 , - , 300 , 200 , - , 954 ," 1,102 ", - , 16 ," 42,382 ", 93.2 
동면," 17,266 "," 17,266 "," 12,010 ", 69.6 , - , 210 , 210 , 134 , - , 104 , - , 30 , 1.4 ," 16,156 "," 16,156 "," 11,114 ", - ," 11,114 ",, 900 , 900 , 762 , - , 762 , - , - , 335 , 337 , - , - ," 4,896 ", 40.8 
공주시," 480,156 "," 508,342 "," 405,566 ", 79.8 , 13.4 ," 106,799 "," 106,799 "," 83,775 "," 12,454 "," 48,610 "," 2,858 "," 19,853 ", 24.5 ," 238,120 "," 266,306 "," 249,883 ", - ," 249,883 ", 22.0 ," 135,237 "," 135,237 "," 71,908 "," 8,675 "," 59,996 "," 1,572 "," 1,665 "," 4,302 "," 13,673 ", 336 , 157 ," 320,887 ", 79.1 
시가지," 285,816 "," 314,002 "," 237,240 ", 75.6 , 9.9 ," 97,800 "," 97,800 "," 75,802 "," 11,181 "," 41,910 "," 2,858 "," 19,853 ", 10.0 ," 83,920 "," 112,106 "," 112,106 ",," 112,106 ", 14.0 ," 104,096 "," 104,096 "," 49,332 "," 5,970 "," 43,570 ", 592 , 765 ," 1,652 "," 9,606 ", 336 , 157 ," 168,219 ", 70.9 
유구읍," 90,576 "," 90,576 "," 80,985 ", 89.4 , 3.1 ," 8,706 "," 8,706 "," 7,680 "," 1,273 "," 6,407 ",,, 2.0 ," 52,614 "," 52,614 "," 52,614 ",," 52,614 ", 2.0 ," 29,256 "," 29,256 "," 20,691 "," 2,705 "," 16,106 ", 980 , 900 ," 1,028 "," 2,682 ",, - ," 70,695 ", 87.3 
이인면," 7,950 "," 7,950 "," 5,950 ", 74.8 , - , - , - , - ,,,,, 1.0 ," 7,100 "," 7,100 "," 5,100 ",," 5,100 ", 2.0 , 850 , 850 , 850 , - ,,,, 75 , 61 ,,," 2,500 ", 42.0 
탄천면," 5,944 "," 5,944 "," 5,944 ", 100.0 , - , - , - , - ,,,,, 1.5 ," 5,944 "," 5,944 "," 5,944 ",," 5,944 ", - , - , - , - , - , - , - , - , 174 , 214 ,, - ," 5,080 ", 85.5 
계룡면," 10,510 "," 10,510 "," 9,070 ", 86.3 , - , - , - , - ,,,,, 2.0 ," 10,250 "," 10,250 "," 8,810 ",," 8,810 ", - , 260 , 260 , 260 , - , 260 , - , - , 153 , 15 ,, - ," 8,902 ", 98.1 
반포면," 56,742 "," 56,742 "," 50,464 ", 88.9 , - , - , - , - ,,,,, 2.0 ," 56,682 "," 56,682 "," 50,404 ",," 50,404 ", 2.0 , 60 , 60 , 60 , - , 60 , - , - , 777 , 615 ,, - ," 49,312 ", 97.7 
의당면," 2,500 "," 2,500 "," 1,992 ", 79.7 , - , - , - , - ,,,,, 1.0 ," 2,500 "," 2,500 "," 1,992 ",," 1,992 ", - , - , - , - , - , - , - , - , 53 , 126 ,, - ," 1,971 ", 98.9 
정안면," 5,740 "," 5,740 "," 4,665 ", 81.3 , - , - , - , - ,,,,, 1.5 ," 5,025 "," 5,025 "," 3,950 ",," 3,950 ", 2.0 , 715 , 715 , 715 , - , - , - , - , 120 , 49 ,,," 4,900 ", 105.0 
우성면," 2,115 "," 2,115 "," 1,115 ", 52.7 , - , - , - , - ,,,,, 1.0 ," 2,115 "," 2,115 "," 1,115 ",," 1,115 ", - , - , - , - , - , - , - , - , 35 , 15 ,,," 2,010 ", 180.3 
사곡면," 5,947 "," 5,947 "," 4,790 ", 80.5 , - , - , - , - ,,,,, 1.5 ," 5,947 "," 5,947 "," 4,790 ",," 4,790 ", - , - , - , - , - , - , - , - , 212 , 240 ,,," 4,260 ", 88.9 
신풍면," 6,316 "," 6,316 "," 3,351 ", 53.1 , 0.3 , 293 , 293 , 293 ,, 293 ,,, 1.0 ," 6,023 "," 6,023 "," 3,058 ",," 3,058 ", - , - , - , - , - , - , - , - , 23 , 50 ,,," 3,038 ", 90.7 
보령시," 715,425 "," 673,833 "," 519,021 ", 77.0 , - ," 29,447 "," 30,142 "," 16,720 "," 1,397 "," 5,169 "," 4,353 "," 5,801 ", 23.3 ," 330,659 "," 288,372 "," 181,000 ", 436 ," 180,564 ", 17.4 ," 355,319 "," 355,319 "," 321,301 "," 38,346 "," 170,016 "," 48,745 "," 64,194 "," 11,985 "," 9,989 ", 70 , - ," 402,154 ", 77.5 
대천1동," 120,935 "," 120,935 "," 86,654 ", 71.7 ,," 1,364 "," 1,364 "," 1,364 ", - , - ," 1,306 ", 58 , 1.6 ," 34,090 "," 34,090 "," 10,758 ", 174 ," 10,584 ", 1.6 ," 85,481 "," 85,481 "," 74,532 "," 7,232 "," 42,088 "," 8,519 "," 16,693 "," 4,904 "," 1,501 ", 15 ,," 77,151 ", 89.0 
대천2동," 69,163 "," 69,858 "," 53,448 ", 76.5 ,," 3,186 "," 3,881 "," 3,881 ", - , - ," 3,047 ", 834 , 1.6 ," 17,045 "," 17,045 ", 789 , 174 , 615 , 1.6 ," 48,932 "," 48,932 "," 48,778 "," 3,066 "," 33,015 ", - ," 12,697 "," 1,556 "," 1,549 ", 14 ,," 42,818 ", 80.1 
대천3동," 100,956 "," 100,956 "," 86,944 ", 86.1 ,," 5,976 "," 5,976 ", - , - , - , - , - , 2.5 ," 21,861 "," 21,861 "," 19,640 ", 44 ," 19,596 ", 2.5 ," 73,119 "," 73,119 "," 67,304 "," 10,443 "," 28,820 "," 17,285 "," 10,756 ", 803 ," 1,697 ", 4 ,," 77,424 ", 89.1 
대천4동," 86,208 "," 86,208 "," 58,284 ", 67.6 ,," 7,446 "," 7,446 ", - , - , - , - , - , 3.2 ," 32,361 "," 32,361 "," 12,563 ", 44 ," 12,519 ", 3.5 ," 46,401 "," 46,401 "," 45,721 "," 6,887 "," 21,477 "," 5,396 "," 11,961 "," 1,535 ", 570 , 10 ,," 47,793 ", 82.0 
대천5동," 106,600 "," 81,830 "," 75,637 ", 92.4 ,," 11,475 "," 11,475 "," 11,475 "," 1,397 "," 5,169 ",," 4,909 ", 3.1 ," 50,649 "," 25,879 "," 25,879 ",," 25,879 ", 3.1 ," 44,476 "," 44,476 "," 38,283 "," 4,517 "," 26,333 ", 719 ," 6,714 "," 1,012 "," 1,639 ",,," 74,519 ", 98.5 
웅천읍," 81,991 "," 73,627 "," 53,635 ", 72.8 ,,, - , - ,,,,, 2.7 ," 41,403 "," 33,039 "," 22,468 ",," 22,468 ", 2.7 ," 40,588 "," 40,588 "," 31,167 "," 5,363 "," 12,673 "," 7,758 "," 5,373 "," 1,085 ", 575 , 27 ,," 47,309 ", 88.2 
주포면," 2,510 "," 2,510 "," 2,260 ", 90.0 ,,, - , - ,,,,, 0.2 ," 2,510 "," 2,510 "," 2,260 ",," 2,260 ",,, - , - ,,,,, 59 , 65 ,,," 2,260 ", 100.0 
주교면," 13,247 "," 13,247 "," 13,247 ", 100.0 ,,, - , - ,,,,, 0.2 ," 11,331 "," 11,331 "," 11,331 ",," 11,331 ", 0.2 ," 1,916 "," 1,916 "," 1,916 ", 286 ," 1,630 ",,, 95 , 199 ,,,, - 
오천면," 31,999 "," 29,113 "," 15,324 ", 52.6 ,,, - , - ,,,,, 1.0 ," 31,193 "," 28,307 "," 15,324 ",," 15,324 ", 0.1 , 806 , 806 , - ,,,,, 225 , 547 ,,," 6,288 ", 41.0 
천북면," 4,934 "," 4,934 "," 2,310 ", 46.8 ,,, - , - ,,,,, 0.3 ," 4,934 "," 4,934 "," 2,310 ",," 2,310 ",,, - , - ,,,,, 20 , 27 ,,,, - 
청소면," 7,407 "," 7,507 "," 7,507 ", 100.0 ,,, - , - ,,,,, 0.4 ," 7,407 "," 7,507 "," 7,507 ",," 7,507 ",,, - , - ,,,,, 199 , 276 ,,," 6,162 ", 82.1 
청라면," 12,050 "," 12,050 "," 4,212 ", 35.0 ,,, - , - ,,,,, 1.4 ," 12,050 "," 12,050 "," 4,212 ",," 4,212 ",,, - , - ,,,,, 76 , 120 ,,,, - 
남포면," 22,164 "," 15,797 "," 14,139 ", 89.5 ,,, - , - ,,,,, 0.0 ," 19,621 "," 13,254 "," 11,596 ",," 11,596 ", 0.0 ," 2,543 "," 2,543 "," 2,543 ",," 2,280 ", 263 ,, 229 , 409 ,,," 7,654 ", 54.1 
주산면," 5,610 "," 5,610 "," 4,350 ", 77.5 ,,, - , - ,,,,, 0.5 ," 5,610 "," 5,610 "," 4,350 ",," 4,350 ",,, - , - ,,,,, 124 , 178 ,,," 4,281 ", 98.4 
미산면," 25,026 "," 25,026 "," 9,321 ", 37.2 ,,, - , - ,,,,, 2.6 ," 25,026 "," 25,026 "," 9,321 ",," 9,321 ",,, - , - ,,,,, 63 , 217 ,,," 8,495 ", 91.1 
성주면," 24,625 "," 24,625 "," 31,749 ", 128.9 ,,, - , - ,,,,, 2.1 ," 13,568 "," 13,568 "," 20,692 ",," 20,692 ", 2.1 ," 11,057 "," 11,057 "," 11,057 ", 552 ," 1,700 "," 8,805 ",, - , 420 ,,,, - 
아산시," 1,284,929 "," 1,289,210 "," 1,058,875 ", 82.1 , 1.0 ," 13,800 "," 13,800 "," 13,800 ", - ," 13,800 ", - , - , 32.0 ," 730,044 "," 734,325 "," 574,449 ", - ," 574,449 ", - ," 541,085 "," 541,085 "," 470,626 "," 111,220 "," 359,406 ", - ," 59,260 "," 23,586 "," 14,173 ", 4 , 164 ," 792,566 ", 74.8 
시가지," 459,632 "," 459,632 "," 432,937 ", 94.2 , - ," 13,800 "," 13,800 "," 13,800 ", - ," 13,800 ",,, 11.2 ," 238,961 "," 238,961 "," 228,836 ",," 228,836 ",," 206,871 "," 206,871 "," 190,301 "," 33,580 "," 156,721 ",," 16,570 "," 11,276 "," 10,247 ", 4 , 40 ," 410,726 ", 94.9 
 염치읍 ," 28,014 "," 28,014 "," 8,460 ", 30.2 , - ,, - , - , - , - ,,, 0.4 ," 22,374 "," 22,374 "," 5,800 ",," 5,800 ",," 5,640 "," 5,640 "," 2,660 "," 1,310 "," 1,350 ", - , - , 208 ,, - , - ," 8,423 ", 99.6 
 배방읍 ," 222,560 "," 222,560 "," 220,955 ", 99.3 , - ,, - , - , - , - ,,, 7.1 ," 111,600 "," 111,600 "," 110,435 ",," 110,435 ",," 110,960 "," 110,960 "," 110,520 "," 17,570 "," 92,950 ", - , 890 ," 3,634 "," 1,606 ", - , 31 ," 88,604 ", 40.1 
 송악면 ," 80,560 "," 80,560 "," 60,533 ", 75.1 , - ,, - , - , - , - ,,, 1.1 ," 71,550 "," 71,550 "," 51,523 ",," 51,523 ",," 9,010 "," 9,010 "," 9,010 "," 4,070 "," 4,940 ", - , - , 504 , 156 , - , 13 ," 9,009 ", 14.9 
 탕정면 ," 120,413 "," 120,413 "," 71,103 ", 59.0 , - ,, - , - , - , - ,,, 3.2 ," 76,273 "," 76,273 "," 35,782 ",," 35,782 ",," 44,140 "," 44,140 "," 35,321 "," 6,750 "," 28,571 ", - ," 10,390 "," 1,078 ",, - , 18 ," 46,821 ", 65.8 
 음봉면 ," 11,040 "," 15,321 "," 15,321 ", 100.0 , - ,, - , - , - , - ,,, 1.7 ," 11,040 "," 15,321 "," 15,321 ",," 15,321 ",, - , - , - , - , - , - , - , 200 ,, - , 1 , - , - 
 둔포면 ," 74,837 "," 74,837 "," 65,927 ", 88.1 , - ,, - , - , - , - ,,, 1.4 ," 43,007 "," 43,007 "," 41,087 ",," 41,087 ",," 31,830 "," 31,830 "," 24,840 "," 12,940 "," 11,900 ", - ," 5,510 "," 2,613 ", 822 , - , 12 ," 60,469 ", 91.7 
 영인면 ," 29,070 "," 29,070 "," 10,220 ", 35.2 , - ,, - , - , - , - ,,, 0.5 ," 21,120 "," 21,120 "," 9,720 ",," 9,720 ",," 7,950 "," 7,950 ", 500 , - , 500 , - , - , 233 ,, - , - , - , - 
 인주면 ," 60,377 "," 60,377 "," 20,050 ", 33.2 , 1.0 ,, - , - , - , - ,,, 0.1 ," 33,287 "," 33,287 ", - ,, - ,," 27,090 "," 27,090 "," 20,050 "," 7,760 "," 12,290 ", - ," 7,040 ", 751 , 64 , - , 14 ," 20,044 ", 100.0 
 선장면 ," 43,297 "," 43,297 "," 33,822 ", 78.1 , - ,, - , - , - , - ,,, 0.8 ," 28,569 "," 28,569 "," 21,774 ",," 21,774 ",," 14,728 "," 14,728 "," 12,048 "," 7,550 "," 4,498 ", - , - , 577 , 507 , - , 6 ," 33,822 ", 100.0 
 도고면 ," 91,675 "," 91,675 "," 82,477 ", 90.0 , - ,, - , - , - , - ,,, 1.3 ," 36,659 "," 36,659 "," 36,321 ",," 36,321 ",," 55,016 "," 55,016 "," 46,156 "," 12,420 "," 33,736 ", - ," 18,860 "," 1,788 ", 771 , - , 20 ," 82,477 ", 100.0 
 신창면 ," 63,454 "," 63,454 "," 37,070 ", 58.4 , - ,, - , - , - , - ,,, 3.1 ," 35,604 "," 35,604 "," 17,850 ",," 17,850 ",," 27,850 "," 27,850 "," 19,220 "," 7,270 "," 11,950 ", - , - , 724 ,, - , 9 ," 32,171 ", 86.8 
서산시," 1,180,641 "," 1,353,616 "," 810,178 ", 59.9 , - ," 254,016 "," 254,016 "," 125,881 "," 7,717 "," 68,724 "," 7,337 "," 42,103 ", 15.4 ," 465,943 "," 633,108 "," 535,735 ", - ," 535,735 ", 15.4 ," 460,682 "," 466,492 "," 148,562 "," 15,335 "," 133,227 ", - , - ," 9,411 "," 14,079 ", 3 , - ," 684,809 ", 84.5 
시가지," 512,598 "," 660,921 "," 542,594 ", 82.1 ,," 152,715 "," 152,715 "," 34,388 ", 186 ," 23,922 "," 2,199 "," 8,081 ", 7.1 ," 218,531 "," 361,044 "," 361,044 ",," 361,044 ", 7.1 ," 141,352 "," 147,162 "," 147,162 "," 15,335 "," 131,827 ",,," 6,910 "," 11,371 ", 3 ,," 461,205 ", 85.0 
대산읍," 244,557 "," 244,557 "," 32,936 ", 13.5 ,," 18,379 "," 18,379 "," 18,379 "," 1,219 "," 12,455 ", 18 ," 4,687 ", 2.1 ," 91,592 "," 91,592 "," 14,399 ",," 14,399 ", 2.1 ," 134,586 "," 134,586 ", 158 , - , 158 ,,, 284 , 533 ,,," 24,702 ", 75.0 
인지면," 37,480 "," 37,480 "," 35,263 ", 94.1 ,," 7,558 "," 7,558 "," 7,558 ", 383 ," 3,414 ", 61 ," 3,700 ", 1.4 ," 28,996 "," 28,996 "," 27,479 ",," 27,479 ", 1.4 , 926 , 926 , 226 , - , 226 ,,, 607 , 738 ,,," 31,737 ", 90.0 
부석면," 16,684 "," 19,055 "," 14,472 ", 75.9 ,," 4,583 "," 4,583 "," 4,583 ", 588 ," 1,398 ", 201 ," 2,396 ", 0.3 ," 7,518 "," 9,889 "," 9,889 ",," 9,889 ", 0.3 ," 4,583 "," 4,583 ", - ,,,,, 173 , 153 ,,," 10,854 ", 75.0 
팔봉면," 7,026 "," 7,026 "," 1,048 ", 14.9 ,," 1,048 "," 1,048 "," 1,048 ", 15 , 710 , - , 323 , 0.1 ," 5,790 "," 5,790 ", - ,, - , 0.1 , 188 , 188 , - , - , - ,,, - , - ,,, - , - 
지곡면," 6,002 "," 10,827 "," 10,447 ", 96.5 ,," 3,052 "," 3,052 "," 3,052 ", 37 ," 1,025 ", - ," 1,990 ", 0.4 ," 2,570 "," 7,395 "," 7,395 ",," 7,395 ", 0.4 , 380 , 380 , - , - , - ,,, 146 , 143 ,,," 8,357 ", 80.0 
성연면," 19,546 "," 19,546 "," 17,721 ", 90.7 ,," 4,644 "," 4,644 "," 4,644 "," 1,830 "," 1,506 ", - ," 1,308 ", 0.1 ," 13,077 "," 13,077 "," 13,077 ",," 13,077 ", 0.1 ," 1,825 "," 1,825 ", - , - , - ,,, 173 , 145 ,,," 13,291 ", 75.0 
음암면," 27,161 "," 27,161 "," 10,137 ", 37.3 ,," 5,900 "," 5,900 "," 5,900 ", 55 ," 3,455 ", - ," 2,390 ", 0.4 ," 12,677 "," 12,677 "," 4,237 ",," 4,237 ", 0.4 ," 8,584 "," 8,584 ", - , - , - ,,, 28 , 193 ,,," 7,603 ", 75.0 
운산면," 48,405 "," 48,405 "," 26,292 ", 54.3 ,," 9,240 "," 9,240 "," 9,240 ", 820 ," 6,415 ", 611 ," 1,394 ", 0.5 ," 21,225 "," 21,225 "," 16,792 ",," 16,792 ", 0.5 ," 17,940 "," 17,940 ", 260 , - , 260 ,,, 153 , 272 ,,," 19,719 ", 75.0 
해미면," 95,393 "," 112,471 "," 102,663 ", 91.3 ,," 36,534 "," 36,534 "," 26,726 "," 1,843 "," 9,729 "," 4,022 "," 11,132 ", 2.7 ," 58,103 "," 75,181 "," 75,181 ",," 75,181 ", 2.7 , 756 , 756 , 756 , - , 756 ,,, 874 , 522 ,,," 92,397 ", 90.0 
고북면," 165,789 "," 166,168 "," 16,606 ", 10.0 ,," 10,363 "," 10,363 "," 10,363 ", 741 ," 4,695 ", 225 ," 4,702 ", 0.4 ," 5,864 "," 6,243 "," 6,243 ",," 6,243 ", 0.4 ," 149,562 "," 149,562 ", - , - , - ,,, 63 , 9 ,,," 14,945 ", 90.0 
 논산시 ," 796,726 "," 795,407 "," 607,316 ", 76.4 , 24.5 ,," 77,218 "," 77,596 ", 15 ," 74,812 "," 1,812 ", 302 , 21.1 ," 495,972 "," 494,654 "," 320,557 ", 28 ," 320,529 ", 12.1 ," 191,660 "," 223,535 "," 209,163 ", - ," 199,419 ", - ," 9,744 "," 15,785 "," 13,779 ", - , - ," 566,265 ", 93.2 
 시가지  ," 376,085 "," 376,085 "," 298,602 ", 79.4 , 9.3 ,," 37,919 "," 37,919 ", 12 ," 36,150 "," 1,506 ", 251 , 12.0 ," 211,736 "," 211,736 "," 140,584 ", - ," 140,584 ", 4.9 ," 126,430 "," 126,430 "," 120,098 ", - ," 120,098 ", - , - ," 7,376 "," 7,558 ", - , - ," 275,946 ", 92.4 
 강경읍 ," 76,557 "," 76,557 "," 60,784 ", 79.4 , 1.9 ,," 7,719 "," 7,719 ", 3 ," 7,359 ", 306 , 51 , 2.4 ," 43,102 "," 43,102 "," 28,618 ", - ," 28,618 ", 1.0 ," 25,736 "," 25,736 "," 24,448 ", - ," 24,448 ", - , - ," 1,501 "," 1,539 ", - , - ," 56,173 ", 92.4 
 연무읍 ," 120,765 "," 120,765 "," 111,670 ", 92.5 , 2.9 , - ," 22,601 "," 22,601 ",," 22,601 ",,, 5.2 ," 69,970 "," 69,970 "," 62,379 ",," 62,379 ", 1.7 ," 28,194 "," 28,194 "," 26,690 ",," 26,690 ",,," 3,722 "," 2,330 ",,," 111,670 ", 100.0 
 연산면 ," 40,568 "," 39,250 "," 40,568 ", 103.4 , 1.9 , - ," 7,999 "," 7,999 ",," 7,999 ",,, 1.4 ," 19,284 "," 17,966 "," 19,284 ",," 19,284 ", 0.5 ," 11,300 "," 13,285 "," 13,285 ",," 13,285 ",,," 1,352 ", 617 ,,," 40,568 ", 100.0 
성동면," 13,542 "," 13,542 "," 6,957 ", 51.4 , 0.6 , - , 328 , 164 , - , 164 , - , - , 0.4 ," 11,041 "," 11,041 "," 1,453 ", - ," 1,453 ", 0.3 , - ," 2,173 "," 3,572 ", - ," 3,572 ", - , - , 140 , 126 , - , - ," 5,955 ", 85.6 
광석면," 13,938 "," 13,938 "," 7,309 ", 52.4 , 0.7 , - , 54 , 429 , - , 429 , - , - , 0.4 ," 11,601 "," 11,601 "," 2,370 ", - ," 2,370 ", 0.3 , - ," 2,283 ", 263 , - , 263 , - , - , 64 , 133 , - , - ," 6,256 ", 85.6 
노성면," 5,180 "," 5,180 "," 2,716 ", 52.4 , 0.2 , - , 20 , 283 , - , 283 , - , - , 0.1 ," 4,311 "," 4,311 "," 10,428 ", - ," 10,428 ", 0.1 , - , 848 ," 3,089 ", - ," 1,246 ", - ," 1,843 ", 91 , 49 , - , - ," 2,325 ", 85.6 
상월면, - , - , - , - , - , - , - , - , - , - , - , - , - , - , - , - , - , - , - , - , - , - , - , - , - , - , - , - , - , - , - , - 
부적면," 19,354 "," 19,354 "," 10,150 ", 52.4 , 0.9 , - , 75 , 482 , 131 , 351 , - , - , 0.5 ," 16,109 "," 16,109 "," 14,928 ", 28 ," 14,900 ", 0.4 , - ," 3,170 "," 5,006 ", - ," 3,100 ", - ," 1,906 ", 232 , 184 , - , - ," 8,688 ", 85.6 
벌곡면," 29,022 "," 29,022 "," 15,219 ", 52.4 , 1.4 , - , 112 , - , - , - , - , - , 0.8 ," 24,156 "," 24,156 "," 10,475 ", - ," 10,475 ", 0.6 , - ," 4,754 "," 6,752 ", - ," 4,071 ", - ," 2,681 ", 417 , 276 , - , - ," 13,027 ", 85.6 
양촌면," 33,193 "," 33,193 "," 17,407 ", 52.4 , 1.6 , - , 128 , - , - , - , - , - , 0.9 ," 27,628 "," 27,628 "," 13,948 ", - ," 13,948 ", 0.7 , - ," 5,437 "," 1,249 ", - , - , - ," 1,249 ", 391 , 316 , - , - ," 14,900 ", 85.6 
가야곡면," 17,437 "," 17,437 "," 9,144 ", 52.4 , 0.8 , - , 67 , - , - , - , - , - , 0.5 ," 14,513 "," 14,513 "," 6,183 ", - ," 6,183 ", 0.4 , - ," 2,856 "," 2,155 ", - , 512 , - ," 1,643 ", 147 , 166 , - , - ," 7,827 ", 85.6 
은진면," 42,070 "," 42,070 "," 22,062 ", 52.4 , 2.0 , - , 162 , - , - , - , - , - , 1.2 ," 35,016 "," 35,016 "," 4,955 ", - ," 4,955 ", 0.9 , - ," 6,891 "," 2,134 ", - ," 1,711 ", - , 422 , 317 , 400 , - , - ," 18,884 ", 85.6 
채운면," 9,015 "," 9,015 "," 4,728 ", 52.4 , 0.4 , - , 35 , - , - , - , - , - , 0.2 ," 7,503 "," 7,503 "," 4,952 ", - ," 4,952 ", 0.2 , - ," 1,477 ", 423 , - , 423 , - , - , 35 , 86 , - , - ," 4,047 ", 85.6 
계룡시," 179,050 "," 179,352 "," 174,224 ", 97.1 , - ," 8,212 "," 8,212 "," 8,212 "," 1,137 "," 5,696 ", 19 ," 1,360 ", 7.1 ," 78,722 "," 79,024 "," 73,896 ", - ," 73,896 ", 7.1 ," 92,116 "," 92,116 "," 92,116 "," 8,961 "," 73,294 "," 3,385 "," 6,476 "," 4,574 "," 1,654 ", - , 58 ," 173,922 ", 99.8 
두마면," 46,151 "," 46,453 "," 46,453 ", 100.0 , - ," 1,050 "," 1,050 "," 1,050 ", - , 914 , - , 136 , 3.2 ," 18,930 "," 19,232 "," 19,232 ", - ," 19,232 ", 3.2 ," 26,171 "," 26,171 "," 26,171 "," 2,596 "," 18,336 "," 1,855 "," 3,384 "," 1,172 ", 296 , - , 21 ," 46,151 ", 99.3 
엄사면," 63,808 "," 63,808 "," 58,680 ", 92.0 , - ," 5,683 "," 5,683 "," 5,683 "," 1,137 "," 4,233 ", 19 , 294 , 1.9 ," 29,184 "," 29,184 "," 24,056 ", - ," 24,056 ", 1.9 ," 28,941 "," 28,941 "," 28,941 "," 3,212 "," 24,183 ", 332 ," 1,214 "," 1,661 ", 826 , - , 21 ," 58,680 ", 100.0 
신도안면," 18,985 "," 18,985 "," 18,985 ", 100.0 , - ," 1,479 "," 1,479 "," 1,479 ", - , 549 , - , 930 , 0.7 ," 8,817 "," 8,817 "," 8,817 ", - ," 8,817 ", 0.7 ," 8,689 "," 8,689 "," 8,689 ", 860 ," 7,688 ", - , 141 , 312 , 187 , - , 4 ," 18,985 ", 100.0 
금암동," 50,106 "," 50,106 "," 50,106 ", 100.0 , - , - , - , - , - , - , - , - , 1.2 ," 21,791 "," 21,791 "," 21,791 ", - ," 21,791 ", 1.2 ," 28,315 "," 28,315 "," 28,315 "," 2,293 "," 23,087 "," 1,198 "," 1,737 "," 1,429 ", 345 , - , 12 ," 50,106 ", 100.0 
당진시," 534,882 "," 548,368 "," 413,097 ", 75.3 , 38.8 ," 92,222 "," 92,222 "," 92,222 "," 10,971 "," 35,571 ", 839 ," 44,841 ", 38.3 ," 250,014 "," 263,500 "," 232,288 ", 115 ," 232,173 ", 39.0 ," 192,646 "," 192,646 "," 88,587 "," 13,703 "," 70,858 "," 1,642 "," 2,384 "," 3,529 "," 8,178 ", 60 , 4 ," 326,434 ", 79.0 
"당진1,2,3동"," 214,885 "," 215,485 "," 190,092 ", 88.2 , 26.5 ," 47,290 "," 47,290 "," 47,290 "," 7,567 "," 19,685 ", 591 ," 19,447 ", 13.1 ," 104,651 "," 105,251 "," 105,251 ", 115 ," 105,136 ", 13.0 ," 62,944 "," 62,944 "," 37,551 "," 3,939 "," 31,086 ", 142 ," 2,384 "," 1,805 "," 3,689 ", 60 , 4 ," 140,650 ", 74.0 
합덕읍," 119,936 "," 132,822 "," 100,094 ", 75.4 , 1.6 ," 34,815 "," 34,815 "," 34,815 "," 3,013 "," 12,775 ", 248 ," 18,779 ", 8.2 ," 45,046 "," 57,932 "," 57,932 ",," 57,932 ", 8.0 ," 40,075 "," 40,075 "," 7,347 "," 1,105 "," 4,742 "," 1,500 ",, 662 ," 1,960 ",,," 80,324 ", 80.2 
신평면," 69,615 "," 69,615 "," 26,841 ", 38.6 , 2.2 ," 4,056 "," 4,056 "," 4,056 ", 170 ," 1,703 ",," 2,183 ", 4.5 ," 32,008 "," 32,008 "," 16,945 ",," 16,945 ", 5.0 ," 33,551 "," 33,551 "," 5,840 ",," 5,840 ",,, 42 , 10 ,,," 10,700 ", 39.9 
송악읍 고대리," 70,323 "," 70,323 "," 63,000 ", 89.6 , 7.2 , - , - , - ,,,,, 8.3 ," 34,054 "," 34,054 "," 34,054 ",," 34,054 ", 8.0 ," 36,269 "," 36,269 "," 28,946 "," 8,659 "," 20,287 ",,, 982 ," 2,519 ",,," 62,500 ", 99.2 
송악읍 중흥리," 11,258 "," 11,258 "," 2,986 ", 26.5 , 0.7 ," 1,471 "," 1,471 "," 1,471 ", 35 , 98 ,," 1,338 ", 1.7 ," 7,232 "," 7,232 "," 1,515 ",," 1,515 ", 2.0 ," 2,555 "," 2,555 ", - ,,,,, - ,,,," 2,700 ", 90.4 
송악읍 기지시리," 48,865 "," 48,865 "," 30,084 ", 61.6 , 0.6 ," 4,590 "," 4,590 "," 4,590 ", 186 ," 1,310 ",," 3,094 ", 2.5 ," 27,023 "," 27,023 "," 16,591 ",," 16,591 ", 3.0 ," 17,252 "," 17,252 "," 8,903 ",," 8,903 ",,, 38 ,,,," 29,560 ", 98.3 
군부," 3,916,320 "," 3,756,336 "," 2,285,354 ", 60.8 , 63.8 ," 1,452,049 "," 1,075,107 "," 707,054 "," 76,030 "," 337,806 "," 32,013 "," 261,205 ", 151.3 ," 1,943,626 "," 1,960,716 "," 1,204,191 ", 1 ," 1,204,190 ", 82.7 ," 720,441 "," 720,513 "," 374,110 "," 22,916 "," 213,820 "," 63,738 "," 75,011 "," 27,546 "," 55,343 ", 271 , 234 ," 1,824,862 ", 79.9 
금산군," 815,864 "," 638,010 "," 377,722 ", 59.2 , 5.6 ," 646,685 "," 268,963 "," 69,167 "," 21,923 "," 17,741 "," 2,222 "," 27,281 ", 10.8 ," 330,548 "," 330,548 "," 304,821 ", - ," 304,821 ", 10.6 ," 38,427 "," 38,499 "," 3,734 ", - ," 2,959 ", - , 775 ," 5,291 "," 11,867 ", - , - ," 308,555 ", 81.7 
금산읍," 175,299 "," 375,095 "," 163,169 ", 43.5 , 5.6 ," 268,963 "," 268,963 "," 69,167 "," 21,923 "," 17,741 "," 2,222 "," 27,281 ", 3.5 ," 90,340 "," 90,340 "," 90,340 ",," 90,340 ", 3.3 ," 15,792 "," 15,792 "," 3,662 ",," 2,887 ",, 775 ," 2,632 "," 5,032 ",,," 94,002 ", 57.6 
금성면," 406,065 "," 28,343 "," 26,450 ", 93.3 ,," 377,722 ",,,,,,, 1.1 ," 28,343 "," 28,343 "," 26,450 ",," 26,450 ", 1.1 ,,,,,,,, 174 , 453 ,,," 26,450 ", 100.0 
제원면," 24,879 "," 24,879 "," 23,434 ", 94.2 ,,,,,,,,, 0.4 ," 24,879 "," 24,879 "," 23,434 ",," 23,434 ", 0.4 ,,,,,,,, 194 , 700 ,,," 23,434 ", 100.0 
부리면," 29,300 "," 29,372 "," 28,758 ", 97.9 ,,,,,,,,, 0.9 ," 29,300 "," 29,300 "," 28,686 ",," 28,686 ", 0.9 ,, 72 , 72 ,, 72 ,,, 402 , 834 ,,," 28,758 ", 100.0 
군북면," 33,505 "," 33,505 "," 30,999 ", 92.5 ,,,,,,,,, 0.7 ," 33,505 "," 33,505 "," 30,999 ",," 30,999 ", 0.7 ,,,,,,,, 688 ," 1,121 ",,," 30,999 ", 100.0 
남일면," 16,319 "," 16,319 "," 16,161 ", 99.0 ,,,,,,,,, 0.4 ," 16,319 "," 16,319 "," 16,161 ",," 16,161 ", 0.4 ,,,,,,,, 166 , 942 ,,," 16,161 ", 100.0 
남이면," 9,195 "," 9,195 "," 6,763 ", 73.6 ,,,,,,,,, 0.2 ," 9,195 "," 9,195 "," 6,763 ",," 6,763 ", 0.2 ,,,,,,,, 116 , 214 ,,," 6,763 ", 100.0 
진산면," 21,356 "," 21,356 "," 21,356 ", 100.0 ,,,,,,,,, 0.4 ," 21,356 "," 21,356 "," 21,356 ",," 21,356 ", 0.4 ,,,,,,,, 149 , 426 ,,," 21,356 ", 100.0 
복수면," 29,305 "," 29,305 "," 12,626 ", 43.1 ,,,,,,,,, 0.6 ," 29,305 "," 29,305 "," 12,626 ",," 12,626 ", 0.6 ,,,,,,,, 220 , 498 ,,," 12,626 ", 100.0 
추부면," 70,641 "," 70,641 "," 48,006 ", 68.0 ,,, - , - ,,,,, 2.5 ," 48,006 "," 48,006 "," 48,006 ",," 48,006 ", 2.5 ," 22,635 "," 22,635 ",,,,,, 550 ," 1,647 ",,," 48,006 ", 100.0 
부여군," 723,922 "," 723,922 "," 472,911 ", 65.3 , 16.3 ," 214,538 "," 214,538 "," 214,538 "," 20,656 "," 102,927 ", - ," 90,955 ", 20.4 ," 365,874 "," 365,874 "," 217,001 ", - ," 217,001 ", 20.4 ," 143,510 "," 143,510 "," 41,372 "," 4,950 "," 23,278 ", 236 ," 12,908 "," 7,058 "," 12,671 ", 13 , 22 ," 331,118 ", 70.0 
부여읍," 221,929 "," 221,929 "," 139,758 ", 63.0 , 7.1 ," 99,296 "," 99,296 "," 99,296 "," 10,430 "," 49,501 ", - ," 39,364 ", 4.4 ," 66,255 "," 66,255 "," 37,229 ", - ," 37,229 ", 4.4 ," 56,378 "," 56,378 "," 3,233 ", - ," 2,804 ", - , 430 ," 2,050 "," 7,465 ", 7 , 9 ," 109,167 ", 78.1 
규암면," 119,824 "," 119,824 "," 98,471 ", 82.2 , 2.7 ," 40,493 "," 40,493 "," 40,493 "," 2,882 "," 23,901 ", - ," 13,711 ", 6.7 ," 61,376 "," 61,376 "," 42,836 ", - ," 42,836 ", 6.7 ," 17,955 "," 17,955 "," 15,141 "," 2,917 "," 10,288 ", - ," 1,936 "," 1,110 "," 1,015 ", 6 , 13 ," 64,274 ", 65.3 
은산면," 53,893 "," 53,893 "," 46,771 ", 86.8 , 0.9 ," 12,445 "," 12,445 "," 12,445 ", 740 ," 3,854 ", - ," 7,852 ", 1.1 ," 33,534 "," 33,534 "," 33,534 ", - ," 33,534 ", 1.1 ," 7,914 "," 7,914 ", 793 , - , 174 , - , 619 , 552 , 998 , - ,," 26,150 ", 55.9 
외산면," 28,399 "," 28,399 "," 28,015 ", 98.6 , 0.7 ," 1,442 "," 1,442 "," 1,442 ", - , 988 , - , 454 , 0.5 ," 21,226 "," 21,226 "," 21,226 ", - ," 21,226 ", 0.5 ," 5,731 "," 5,731 "," 5,347 ", - ," 2,303 ", - ," 3,044 ", 640 , 725 , - ,," 16,402 ", 58.5 
내산면," 18,716 "," 18,716 "," 17,817 ", 95.2 , 0.0 , 725 , 725 , 725 , - , 658 , - , 67 , 0.1 ," 14,011 "," 14,011 "," 14,011 ", - ," 14,011 ", 0.1 ," 3,980 "," 3,980 "," 3,081 ", 493 ," 1,173 ", 236 ," 1,179 ", 333 , 238 , - ,," 10,022 ", 56.2 
구룡면," 14,185 "," 14,185 "," 5,732 ", 40.4 , 0.4 ," 5,732 "," 5,732 "," 5,732 ", 213 ," 3,197 ", - ," 2,323 ", 0.4 ," 5,770 "," 5,770 ", - , - , - , 0.4 ," 2,683 "," 2,683 ", - , - , - , - , - , 117 , 81 , - ,," 5,732 ", 100.0 
홍산면," 35,639 "," 35,639 "," 28,012 ", 78.6 , 0.9 ," 17,800 "," 17,800 "," 17,800 "," 1,792 "," 8,464 ", - ," 7,545 ", 0.8 ," 10,212 "," 10,212 "," 10,212 ", - ," 10,212 ", 0.8 ," 7,627 "," 7,627 ", - , - , - , - , - , 324 , 307 , - ,," 17,800 ", 63.5 
옥산면," 6,089 "," 6,089 "," 4,789 ", 78.6 , 0.0 , 233 , 233 , 233 , - , 198 , - , 35 , 0.2 ," 3,526 "," 3,526 "," 2,226 ", - ," 2,226 ", 0.2 ," 2,330 "," 2,330 "," 2,330 ", - ," 1,725 ", - , 605 , 80 , 15 , - ,," 4,789 ", 100.0 
남  면," 29,446 "," 29,446 "," 4,468 ", 15.2 , 0.4 ," 4,468 "," 4,468 "," 4,468 ", 264 ," 1,350 ", - ," 2,855 ", 0.7 ," 20,220 "," 20,220 ", - , - , - , 0.7 ," 4,758 "," 4,758 ", - , - , - , - , - , 39 , 54 , - ,," 4,468 ", 100.0 
충화면," 14,039 "," 14,039 "," 9,332 ", 66.5 , 0.2 ," 3,300 "," 3,300 "," 3,300 ", 88 ," 1,531 ", - ," 1,680 ", 0.4 ," 7,631 "," 7,631 "," 4,311 ", - ," 4,311 ", 0.4 ," 3,108 "," 3,108 "," 1,722 ", 206 , 570 , - , 946 , 90 , 62 , - ,," 6,158 ", 66.0 
양화면," 19,903 "," 19,903 "," 13,818 ", 69.4 , 0.2 ," 2,541 "," 2,541 "," 2,541 ", 78 , 598 , - ," 1,866 ", 0.3 ," 14,296 "," 14,296 "," 8,211 ", - ," 8,211 ", 0.3 ," 3,066 "," 3,066 "," 3,066 ", 684 , 338 , - ," 2,045 ", 221 , 356 , - ,," 7,450 ", 53.9 
임천면," 12,093 "," 12,093 "," 5,348 ", 44.2 , 0.3 ," 5,348 "," 5,348 "," 5,348 "," 1,358 "," 1,459 ", - ," 2,530 ", 0.8 ," 5,320 "," 5,320 ", - , - , - , 0.8 ," 1,425 "," 1,425 ", - , - , - , - , - , 142 , 55 , - ,," 5,348 ", 100.0 
장암면," 27,373 "," 27,373 "," 8,357 ", 30.5 , 0.3 ," 5,179 "," 5,179 "," 5,179 ", 925 ," 2,643 ", - ," 1,611 ", 0.9 ," 16,319 "," 16,319 "," 1,539 ", - ," 1,539 ", 0.9 ," 5,875 "," 5,875 "," 1,639 ", 222 ," 1,202 ", - , 215 , 185 , 34 , - ,," 8,357 ", 100.0 
세도면," 66,143 "," 66,143 "," 29,141 ", 44.1 , 1.1 ," 9,397 "," 9,397 "," 9,397 ", 552 ," 2,646 ", - ," 6,199 ", 1.5 ," 50,012 "," 50,012 "," 19,090 ", - ," 19,090 ", 1.5 ," 6,734 "," 6,734 ", 654 , - , 378 , - , 276 , 547 , 614 , - ,," 29,235 ", 100.3 
석성면," 23,725 "," 23,725 "," 4,899 ", 20.6 , 0.4 ," 2,985 "," 2,985 "," 2,985 ", 768 , 849 , - ," 1,367 ", 1.0 ," 14,305 "," 14,305 ", 715 , - , 715 , 1.0 ," 6,435 "," 6,435 "," 1,199 ", 428 , 715 , - , 56 , 85 , 96 , - ,," 4,899 ", 100.0 
초촌면," 32,527 "," 32,527 "," 28,184 ", 86.6 , 0.6 ," 3,155 "," 3,155 "," 3,155 ", 569 ," 1,089 ", - ," 1,498 ", 0.5 ," 21,861 "," 21,861 "," 21,861 ", - ," 21,861 ", 0.5 ," 7,511 "," 7,511 "," 3,168 ", - ," 1,609 ", - ," 1,558 ", 543 , 556 , - ,," 10,866 ", 38.6 
서천군," 362,792 "," 375,177 "," 281,491 ", 75.0 , 0.6 ," 36,050 "," 36,050 "," 30,303 "," 6,641 "," 11,665 "," 11,997 ", - , 13.8 ," 185,771 "," 198,156 "," 150,196 ", 1 ," 150,195 ", 13.8 ," 140,971 "," 140,971 "," 100,992 "," 7,615 "," 30,031 "," 62,646 ", 700 ," 2,460 "," 14,488 ", 8 , 47 ," 272,968 ", 97.0 
장항읍," 114,818 "," 117,156 "," 115,146 ", 98.3 ,,, - , - ,,,,, 3.8 ," 54,371 "," 56,709 "," 56,709 ", 1 ," 56,708 ", 3.8 ," 60,447 "," 60,447 "," 58,437 "," 6,047 "," 20,990 "," 31,100 ", 300 , 774 ," 5,983 ", - , 17 ," 112,808 ", 98.0 
서천읍," 95,804 "," 95,804 "," 68,517 ", 71.5 , 0.6 ," 36,050 "," 36,050 "," 30,303 "," 6,641 "," 11,665 "," 11,997 ",, 2.7 ," 44,000 "," 44,000 "," 36,454 ", - ," 36,454 ", 2.7 ," 15,754 "," 15,754 "," 1,760 ", - ," 1,360 ", - , 400 , 684 ," 3,915 ", 8 , 30 ," 67,817 ", 99.0 
마서면," 33,100 "," 33,100 "," 11,593 ", 35.0 ,,, - , - ,,,,, 1.3 ," 27,100 "," 27,100 "," 7,095 ", - ," 7,095 ", 1.3 ," 6,000 "," 6,000 "," 4,498 ", 871 , 479 ," 3,148 ", - , 180 , 526 , - , - ," 11,593 ", 100.0 
화양면," 10,556 "," 10,556 "," 5,854 ", 55.5 ,,, - , - ,,,,, 0.1 ," 5,036 "," 5,036 "," 1,736 ", - ," 1,736 ", 0.1 ," 5,520 "," 5,520 "," 4,118 ", - ," 1,076 "," 3,042 ", - , 41 , 106 , - , - ," 5,854 ", 100.0 
기산면," 12,050 "," 12,050 "," 10,158 ", 84.3 ,,, - , - ,,,,, 1.0 ," 8,500 "," 8,500 "," 7,188 ", - ," 7,188 ", 1.0 ," 3,550 "," 3,550 "," 2,970 ", - , 77 ," 2,893 ", - , 67 , 273 , - , - ," 10,158 ", 100.0 
한산면," 17,074 "," 26,349 "," 22,936 ", 87.0 ,,, - , - ,,,,, 1.7 ," 10,264 "," 19,539 "," 19,539 ", - ," 19,539 ", 1.7 ," 6,810 "," 6,810 "," 3,397 ", - , 47 ," 3,350 ", - , 164 ," 1,163 ", - , - ," 22,936 ", 100.0 
마산면," 2,150 "," 2,150 "," 1,139 ", 53.0 ,,, - , - ,,,,, - , - , - , - , - , - , - ," 2,150 "," 2,150 "," 1,139 ", - , 483 , 656 , - , - , - , - , - ," 1,139 ", 100.0 
시초면," 3,550 "," 3,550 "," 1,668 ", 47.0 ,,, - , - ,,,,, - , - , - , - , - , - , - ," 3,550 "," 3,550 "," 1,668 ", 33 , 589 ," 1,046 ", - , 3 , - , - , - ," 1,668 ", 100.0 
문산면," 5,050 "," 5,050 "," 1,552 ", 30.7 ,,, - , - ,,,,, - ," 2,500 "," 2,500 ", - , - , - , - ," 2,550 "," 2,550 "," 1,552 ", 135 , 65 ," 1,352 ", - , 2 , - , - , - ," 1,552 ", 100.0 
판교면," 14,370 "," 15,142 "," 10,118 ", 66.8 ,,, - , - ,,,,, 1.0 ," 4,800 "," 5,572 "," 5,572 ", - ," 5,572 ", 1.0 ," 9,570 "," 9,570 "," 4,546 ", 350 ," 1,313 "," 2,883 ", - , 189 , 643 , - , - ," 10,118 ", 100.0 
종천면," 9,420 "," 9,420 "," 5,128 ", 54.4 ,,, - , - ,,,,, - ," 2,300 "," 2,300 ", - , - , - , - ," 7,120 "," 7,120 "," 5,128 ", 127 , 755 ," 4,246 ", - , 4 , - , - , - ," 5,128 ", 100.0 
비인면," 22,800 "," 22,800 "," 14,187 ", 62.2 ,,, - , - ,,,,, 0.6 ," 13,800 "," 13,800 "," 10,238 ", - ," 10,238 ", 0.6 ," 9,000 "," 9,000 "," 3,949 ", - , 555 ," 3,394 ", - , 315 ," 1,015 ", - , - ," 14,187 ", 100.0 
서면," 22,050 "," 22,050 "," 13,495 ", 61.2 ,,, - , - ,,,,, 1.7 ," 13,100 "," 13,100 "," 5,665 ", - ," 5,665 ", 1.7 ," 8,950 "," 8,950 "," 7,830 ", 52 ," 2,242 "," 5,536 ", - , 37 , 864 , - , - ," 8,010 ", 59.4 
청양군," 390,899 "," 390,899 "," 338,367 ", 86.6 , 0.4 ," 65,461 "," 65,461 "," 65,461 "," 4,199 "," 23,559 ", - ," 37,703 ", 10.5 ," 181,320 "," 181,320 "," 137,621 ", - ," 137,621 ", 0.7 ," 144,118 "," 144,118 "," 135,285 "," 7,988 "," 66,669 ", - ," 60,628 "," 3,357 "," 3,168 ", 6 , 163 ," 338,367 ", 100.0 
청양읍," 125,083 "," 125,083 "," 120,868 ", 96.6 , 0.4 ," 12,208 "," 12,208 "," 12,208 "," 2,161 "," 9,351 ",, 696 , 3.3 ," 55,130 "," 55,130 "," 53,857 ",," 53,857 ", 0.7 ," 57,745 "," 57,745 "," 54,803 "," 4,435 "," 32,790 ",," 17,578 "," 1,145 ", 586 , 6 , 126 ," 120,868 ", 100.0 
운곡면," 17,822 "," 17,822 "," 12,110 ", 67.9 ,," 5,310 "," 5,310 "," 5,310 ", 31 ," 1,269 ",," 4,010 ", 0.6 ," 10,433 "," 10,433 "," 4,721 ",," 4,721 ",," 2,079 "," 2,079 "," 2,079 ", 30 , 682 ,," 1,367 ", 123 , 175 ,,," 12,110 ", 100.0 
대치면," 23,581 "," 23,581 "," 16,238 ", 68.9 ,," 3,968 "," 3,968 "," 3,968 ", 118 ," 1,052 ",," 2,798 ", 0.5 ," 10,709 "," 10,709 "," 6,258 ",," 6,258 ",," 8,904 "," 8,904 "," 6,012 ", 54 ," 4,260 ",," 1,698 ", 104 , 159 ,,," 16,238 ", 100.0 
정산면," 52,824 "," 52,824 "," 40,509 ", 76.7 ,,, - , - , - , - ,, - , 0.9 ," 27,569 "," 27,569 "," 15,254 ",," 15,254 ",," 25,255 "," 25,255 "," 25,255 "," 1,504 "," 12,357 ",," 11,394 ", 423 , 142 ,, 37 ," 40,509 ", 100.0 
목면," 19,610 "," 19,610 "," 19,610 ", 100.0 ,,, - , - , - , - ,, - , 0.8 ," 10,173 "," 10,173 "," 10,173 ",," 10,173 ",," 9,437 "," 9,437 "," 9,437 ", 128 ," 4,137 ",," 5,172 ", 163 , 293 ,,," 19,610 ", 100.0 
청남면," 27,410 "," 27,410 "," 23,958 ", 87.4 ,," 12,399 "," 12,399 "," 12,399 "," 1,019 "," 3,456 ",," 7,924 ", 0.8 ," 8,807 "," 8,807 "," 5,355 ",," 5,355 ",," 6,204 "," 6,204 "," 6,204 ", 643 ," 3,020 ",," 2,541 ", 257 , 377 ,,," 23,958 ", 100.0 
장평면," 37,708 "," 37,708 "," 28,087 ", 74.5 ,," 13,891 "," 13,891 "," 13,891 ", 727 ," 4,823 ",," 8,341 ", 0.8 ," 18,706 "," 18,706 "," 9,085 ",," 9,085 ",," 5,111 "," 5,111 "," 5,111 ", 78 ," 2,144 ",," 2,889 ", 245 , 364 ,,," 28,087 ", 100.0 
남양면," 24,840 "," 24,840 "," 18,732 ", 75.4 ,," 10,255 "," 10,255 "," 10,255 ", 50 ," 2,018 ",," 8,187 ", 0.2 ," 8,069 "," 8,069 "," 4,960 ",," 4,960 ",," 6,516 "," 6,516 "," 3,517 ", 278 ," 1,475 ",," 1,764 ", 118 , 159 ,,," 18,732 ", 100.0 
화성면," 14,579 "," 14,579 "," 13,655 ", 93.7 ,,, - , - , - , - ,, - , 0.7 ," 8,713 "," 8,713 "," 7,789 ",," 7,789 ",," 5,866 "," 5,866 "," 5,866 ", - ," 2,793 ",," 3,073 ", 221 , 298 ,,," 13,655 ", 100.0 
비봉면," 47,442 "," 47,442 "," 44,600 ", 94.0 ,," 7,430 "," 7,430 "," 7,430 ", 93 ," 1,590 ",," 5,747 ", 1.8 ," 23,011 "," 23,011 "," 20,169 ",," 20,169 ",," 17,001 "," 17,001 "," 17,001 ", 838 ," 3,011 ",," 13,152 ", 558 , 615 ,,," 44,600 ", 100.0 
홍성군," 584,900 "," 584,900 "," 432,748 ", 74.0 , 9.7 ," 168,325 "," 168,325 "," 168,325 "," 12,609 "," 94,340 ", - ," 61,376 ", 15.3 ," 330,651 "," 330,651 "," 208,349 ", - ," 208,349 ", 20.0 ," 85,924 "," 85,924 "," 56,074 ", - ," 57,449 ", - , - ," 5,022 ", - , 138 , - ," 305,347 ", 70.6 
홍성읍," 298,035 "," 298,035 "," 223,676 ", 75.1 , 6.8 ," 104,110 "," 104,110 "," 104,110 "," 7,103 "," 66,299 ",," 30,708 ", 0.3 ," 132,296 "," 132,296 "," 86,340 ",," 86,340 ", 6.8 ," 61,629 "," 61,629 "," 33,226 ",," 33,226 ",,," 2,855 ",, 119 ,," 162,944 ", 72.8 
광천읍," 123,253 "," 123,253 "," 104,608 ", 84.9 , 2.9 ," 64,215 "," 64,215 "," 64,215 "," 5,506 "," 28,041 ",," 30,668 ", 0.2 ," 54,091 "," 54,091 "," 36,893 ",," 36,893 ", 2.9 ," 4,947 "," 4,947 "," 3,500 ",," 3,500 ",,," 1,578 ",, 19 ,," 72,084 ", 68.9 
홍북면," 37,903 "," 37,903 "," 37,903 ", 100.0 ,,, - , - ,,,,, 10.3 ," 18,555 "," 18,555 "," 18,555 ",," 18,555 ", 10.3 ," 19,348 "," 19,348 "," 19,348 ",," 20,723 ",,, 589 ,,,," 6,758 ", 17.8 
금마면," 20,368 "," 20,368 "," 6,579 ", 32.3 ,,, - , - ,,,,, 0.3 ," 20,368 "," 20,368 "," 6,579 ",," 6,579 ",,, - , - ,,,,,,,,," 6,579 ", 100.0 
홍동면," 6,615 "," 6,615 "," 4,119 ", 62.3 ,,, - , - ,,,,, 0.1 ," 6,615 "," 6,615 "," 4,119 ",," 4,119 ",,, - , - ,,,,,,,,," 4,119 ", 100.0 
장곡면," 16,740 "," 16,740 "," 6,894 ", 41.2 ,,, - , - ,,,,, 0.5 ," 16,740 "," 16,740 "," 6,894 ",," 6,894 ",,, - , - ,,,,,,,,," 6,894 ", 100.0 
은하면," 7,592 "," 7,592 "," 1,243 ", 16.4 ,,, - , - ,,,,, 0.1 ," 7,592 "," 7,592 "," 1,243 ",," 1,243 ",,, - , - ,,,,,,,,," 1,243 ", 100.0 
결성면," 11,442 "," 11,442 "," 8,223 ", 71.9 ,,, - , - ,,,,, 0.8 ," 11,442 "," 11,442 "," 8,223 ",," 8,223 ",,, - , - ,,,,,,,,," 8,223 ", 100.0 
서부면," 16,015 "," 16,015 "," 13,498 ", 84.3 ,,, - , - ,,,,, 1.2 ," 16,015 "," 16,015 "," 13,498 ",," 13,498 ",,, - , - ,,,,,,,,," 13,498 ", 100.0 
갈산면," 30,712 "," 30,712 "," 9,780 ", 31.8 ,,, - , - ,,,,, 0.8 ," 30,712 "," 30,712 "," 9,780 ",," 9,780 ",,, - , - ,,,,,,,,," 6,780 ", 69.3 
구항면," 16,225 "," 16,225 "," 16,225 ", 100.0 ,,, - , - ,,,,, 0.8 ," 16,225 "," 16,225 "," 16,225 ",," 16,225 ",,, - , - ,,,,,,,,," 16,225 ", 100.0 
예산군," 460,078 "," 460,858 "," 160,924 ", 34.9 , 15.5 ," 110,101 "," 110,881 "," 106,313 "," 3,577 "," 58,959 "," 12,764 "," 31,013 ", 66.4 ," 306,652 "," 306,652 "," 49,122 ", - ," 49,122 ", 3.0 ," 43,325 "," 43,325 "," 5,489 "," 1,588 "," 3,045 ", 856 , - ," 1,473 "," 6,310 ", 104 , - ," 125,316 ", 77.9 
 예산읍 ," 154,251 "," 154,703 "," 69,798 ", 45.1 , 10.6 ," 60,583 "," 61,035 "," 61,035 ", 762 ," 36,906 "," 6,573 "," 16,794 ", 11.3 ," 88,660 "," 88,660 "," 6,945 ", - ," 6,945 ", 1.0 ," 5,008 "," 5,008 "," 1,818 ", - ," 1,315 ", 503 , - , 268 ," 4,492 ", 94 , - ," 62,799 ", 90.0 
 삽교읍 ," 120,090 "," 120,418 "," 24,806 ", 20.6 , 2.1 ," 20,565 "," 20,893 "," 20,893 "," 1,090 "," 4,312 "," 5,400 "," 10,091 ", 45.4 ," 63,846 "," 63,846 "," 2,880 ", - ," 2,880 ", 1.0 ," 35,679 "," 35,679 "," 1,033 ", - , 680 , 353 , - , 206 , 529 , 2 , - ," 11,957 ", 48.2 
 덕산면 ," 85,566 "," 85,566 "," 38,760 ", 45.3 , 2.7 ," 28,953 "," 28,953 "," 24,385 "," 1,725 "," 17,741 ", 791 ," 4,128 ", 4.3 ," 53,975 "," 53,975 "," 11,737 ", - ," 11,737 ", 1.0 ," 2,638 "," 2,638 "," 2,638 "," 1,588 "," 1,050 ", - , - , 160 , 789 , 8 , - ," 23,000 ", 59.3 
 신양면 ," 18,396 "," 18,396 "," 12,782 ", 69.5 ,,, - , - , - , - , - , - , 0.4 ," 18,396 "," 18,396 "," 12,782 ", - ," 12,782 ", - , - , - , - , - , - , - , - , 95 , 160 , - , - ," 12,782 ", 100.0 
 광시면 ," 18,006 "," 18,006 "," 10,848 ", 60.2 ,,, - , - , - , - , - , - , 1.2 ," 18,006 "," 18,006 "," 10,848 ", - ," 10,848 ", - , - , - , - , - , - , - , - , 563 , 180 , - , - ," 10,848 ", 100.0 
 대흥면 ," 7,915 "," 7,915 "," 1,406 ", 17.8 ,,, - , - , - , - , - , - , 0.6 ," 7,915 "," 7,915 "," 1,406 ", - ," 1,406 ", - , - , - , - , - , - , - , - , 109 , 66 , - , - ," 1,406 ", 100.0 
 응봉면 ," 8,282 "," 8,282 ", 274 , 3.3 ,,, - , - , - , - , - , - , 0.6 ," 8,282 "," 8,282 ", 274 , - , 274 , - , - , - , - , - , - , - , - , 8 , 13 , - , - , 274 , 100.0 
 신암면 ," 12,762 "," 12,762 "," 2,250 ", 17.6 ,,, - , - , - , - , - , - , 0.1 ," 12,762 "," 12,762 "," 2,250 ", - ," 2,250 ", - , - , - , - , - , - , - , - , 64 , 81 , - , - ," 2,250 ", 100.0 
대술면," 5,501 "," 5,501 ", - , - ,,, - , - , - , - , - , - , 0.3 ," 5,501 "," 5,501 ", - ,,,,, - , - ,,,,,,,,,, - 
봉산면," 2,707 "," 2,707 ", - , - ,,, - , - , - , - , - , - , 0.3 ," 2,707 "," 2,707 ", - ,,,,, - , - ,,,,,,,,,, - 
고덕면," 14,157 "," 14,157 ", - , - ,,, - , - , - , - , - , - , 0.9 ," 14,157 "," 14,157 ", - ,,,,, - , - ,,,,,,,,,, - 
오가면," 12,445 "," 12,445 ", - , - ,,, - , - , - , - , - , - , 1.0 ," 12,445 "," 12,445 ", - ,,,,, - , - ,,,,,,,,,, - 
태안군," 577,865 "," 582,570 "," 221,192 ", 38.0 , 15.8 ," 210,889 "," 210,889 "," 52,947 "," 6,425 "," 28,615 "," 5,030 "," 12,877 ", 14.2 ," 242,810 "," 247,515 "," 137,081 ", - ," 137,081 ", 14.2 ," 124,166 "," 124,166 "," 31,164 ", 775 ," 30,389 ", - , - ," 2,885 "," 6,839 ", 2 , 2 ," 143,191 ", 64.7 
태안읍," 191,030 "," 191,316 "," 103,197 ", 53.9 , 4.7 ," 95,515 "," 95,515 "," 29,843 "," 3,111 "," 20,276 ", 710 ," 5,746 ", 2.5 ," 50,546 "," 50,832 "," 50,832 ", - ," 50,832 ", 2.5 ," 44,969 "," 44,969 "," 22,522 ", 775 ," 21,747 ", - , - ," 1,660 "," 3,339 ", 1 , 1 ," 81,129 ", 78.6 
안면읍," 90,160 "," 90,160 "," 48,309 ", 53.6 , 2.7 ," 26,880 "," 26,880 "," 7,037 "," 1,745 "," 2,676 ", 490 ," 2,126 ", 2.2 ," 47,246 "," 47,246 "," 38,056 ", - ," 38,056 ", 2.2 ," 16,034 "," 16,034 "," 3,216 ", - ," 3,216 ", - , - , 454 ," 1,864 ", 1 , 1 ," 24,371 ", 50.4 
고남면," 32,705 "," 37,124 "," 18,434 ", 49.7 , 1.0 ," 12,420 "," 12,420 "," 2,453 ", 253 ," 1,100 ", 420 , 680 , 1.2 ," 11,562 "," 15,981 "," 15,981 ", - ," 15,981 ", 1.2 ," 8,723 "," 8,723 ", - , - , - , - , - , 138 , 407 ,,," 11,065 ", 60.0 
남  면," 39,599 "," 39,599 "," 6,874 ", 17.4 , 1.0 ," 10,324 "," 10,324 "," 1,983 ", 183 , 486 , 532 , 782 , 1.4 ," 18,543 "," 18,543 "," 4,891 ", - ," 4,891 ", 1.4 ," 10,732 "," 10,732 ", - , - , - , - , - , 60 , 120 ,,," 3,466 ", 50.4 
근흥면," 72,125 "," 72,125 "," 18,493 ", 25.6 , 2.2 ," 18,230 "," 18,230 "," 3,497 ", 247 ," 1,204 ", 632 ," 1,414 ", 2.0 ," 38,572 "," 38,572 "," 9,570 ", - ," 9,570 ", 2.0 ," 15,323 "," 15,323 "," 5,426 ", - ," 5,426 ", - , - , 228 , 388 ,,," 14,996 ", 81.1 
소원면," 61,362 "," 61,362 "," 5,079 ", 8.3 , 1.8 ," 18,260 "," 18,260 "," 3,341 ", 326 ," 1,423 ", 852 , 740 , 1.9 ," 29,781 "," 29,781 "," 1,738 ", - ," 1,738 ", 1.9 ," 13,321 "," 13,321 ", - , - , - , - , - , 162 , 368 ,,," 1,338 ", 26.3 
원북면," 68,002 "," 68,002 "," 19,258 ", 28.3 , 1.6 ," 19,420 "," 19,420 "," 3,245 ", 432 ," 1,024 ", 923 , 866 , 2.0 ," 34,250 "," 34,250 "," 16,013 ", - ," 16,013 ", 2.0 ," 14,332 "," 14,332 ", - , - , - , - , - , 178 , 353 ,,," 6,826 ", 35.4 
이원면," 22,882 "," 22,882 "," 1,548 ", 6.8 , 0.8 ," 9,840 "," 9,840 "," 1,548 ", 128 , 426 , 471 , 523 , 1.0 ," 12,310 "," 12,310 ", - , - , - , 1.0 , 732 , 732 , - , - , - , - , - , 5 , - ,,, - , - 
전라북도," 10,225,279 "," 10,752,087 "," 8,884,352 ", 82.6 , 109.9 ," 2,081,541 "," 2,098,080 "," 1,733,012 "," 352,568 "," 821,308 "," 75,366 "," 483,770 ", 388.9 ," 5,595,330 "," 5,904,424 "," 4,794,819 "," 47,803 "," 4,747,016 "," 1,358.4 "," 2,548,408 "," 2,749,583 "," 2,356,521 "," 251,730 "," 1,738,748 "," 31,936 "," 334,107 "," 159,193 "," 467,659 ", 508 ," 1,431 "," 7,252,998 ", 81.6 
시부," 7,145,144 "," 7,339,840 "," 6,264,511 ", 85.3 , 75.3 ," 1,916,191 "," 1,920,412 "," 1,614,843 "," 337,795 "," 750,462 "," 70,523 "," 456,063 ", 223.5 ," 3,333,533 "," 3,446,542 "," 2,942,071 "," 47,803 "," 2,894,268 ", 438.8 ," 1,895,420 "," 1,972,886 "," 1,707,597 "," 220,683 "," 1,299,435 "," 20,687 "," 166,792 "," 111,108 "," 385,544 ", 480 , 678 ," 4,797,044 ", 76.6 
전주시," 1,952,594 "," 2,042,383 "," 1,817,695 ", 89.0 , 19.4 ," 657,968 "," 657,968 "," 445,948 "," 61,351 "," 174,769 "," 19,746 "," 190,082 ", 49.1 ," 766,929 "," 856,718 "," 856,718 "," 31,655 "," 825,063 ", 49.1 ," 527,697 "," 527,697 "," 515,029 "," 53,958 "," 429,073 "," 3,700 "," 28,298 "," 25,825 "," 297,010 ", 341 ,," 1,767,000 ", 97.2 
군산시," 1,757,670 "," 1,757,670 "," 1,424,865 ", 81.1 , 3.8 ," 371,072 "," 371,072 "," 288,936 "," 184,143 "," 34,016 "," 1,035 "," 69,742 ", 51.9 ," 802,222 "," 802,222 "," 551,553 "," 13,957 "," 537,596 ", 322.1 ," 584,376 "," 584,376 "," 584,376 "," 80,925 "," 428,673 "," 10,680 "," 64,098 "," 28,782 "," 33,628 ", 71 , 282 ," 1,260,921 ", 88.5 
시가지," 1,445,400 "," 1,445,400 "," 1,112,595 ", 77.0 , 3.8 ," 371,072 "," 371,072 "," 288,936 "," 184,143 "," 34,016 "," 1,035 "," 69,742 ", 34.8 ," 620,996 "," 620,996 "," 370,327 "," 13,957 "," 356,370 ", 129.8 ," 453,332 "," 453,332 "," 453,332 "," 68,926 "," 362,890 "," 1,009 "," 20,507 "," 22,885 "," 23,301 ", 71 , 183 ," 1,046,627 ", 94.1 
옥구읍," 26,417 "," 26,417 "," 26,417 ", 100.0 , - , - , - , - , - , - , - , - , 1.5 ," 16,329 "," 16,329 "," 16,329 ", - ," 16,329 ", 20.8 ," 10,088 "," 10,088 "," 10,088 ", 503 ," 7,132 "," 1,049 "," 1,404 ", 524 , 899 , - , 4 ," 19,522 ", 73.9 
옥산면," 7,030 "," 7,030 "," 7,030 ", 100.0 , - , - , - , - , - , - , - , - , 0.2 ," 1,672 "," 1,672 "," 1,672 ", - ," 1,672 ", 9.4 ," 5,358 "," 5,358 "," 5,358 ", 237 ," 3,215 ", 473 ," 1,433 ", 165 , 84 , - , - ," 5,893 ", 83.8 
회현면," 26,922 "," 26,922 "," 26,922 ", 100.0 , - , - , - , - , - , - , - , - , 2.2 ," 22,717 "," 22,717 "," 22,717 ", - ," 22,717 ", 8.4 ," 4,205 "," 4,205 "," 4,205 ", 378 ," 2,840 ", 417 , 570 , 504 ," 1,003 ", - , 6 ," 17,817 ", 66.2 
임피면," 68,921 "," 68,921 "," 68,921 ", 100.0 , - , - , - , - , - , - , - , - , 4.0 ," 42,264 "," 42,264 "," 42,264 ", - ," 42,264 ", 39.8 ," 26,657 "," 26,657 "," 26,657 "," 4,893 "," 13,613 "," 2,001 "," 6,150 "," 1,380 "," 2,272 ", - , 35 ," 50,101 ", 72.7 
서수면," 33,788 "," 33,788 "," 33,788 ", 100.0 , - , - , - , - , - , - , - , - , 1.9 ," 20,704 "," 20,704 "," 20,704 ", - ," 20,704 ", 17.9 ," 13,084 "," 13,084 "," 13,084 "," 1,132 "," 6,131 ", 901 ," 4,920 ", 645 ," 1,083 ", - , 13 ," 22,241 ", 65.8 
대야면," 42,601 "," 42,601 "," 42,601 ", 100.0 , - , - , - , - , - , - , - , - , 1.9 ," 20,598 "," 20,598 "," 20,598 ", - ," 20,598 ", 26.2 ," 22,003 "," 22,003 "," 22,003 ", 635 ," 8,972 "," 1,319 "," 11,077 ", 663 ," 1,681 ", - , 17 ," 26,002 ", 61.0 
개정면," 46,844 "," 46,844 "," 46,844 ", 100.0 , - , - , - , - , - , - , - , - , 2.2 ," 23,207 "," 23,207 "," 23,207 ", - ," 23,207 ", 21.0 ," 23,637 "," 23,637 "," 23,637 "," 1,147 "," 7,175 "," 1,055 "," 14,260 ", 787 ," 1,460 ", - , 16 ," 27,592 ", 58.9 
성산면," 9,431 "," 9,431 "," 9,431 ", 100.0 , - , - , - , - , - , - , - , - , 0.3 ," 2,913 "," 2,913 "," 2,913 ", - ," 2,913 ", 14.2 ," 6,518 "," 6,518 "," 6,518 ", 470 ," 4,875 ", 717 , 456 , 278 , 226 , - , 5 ," 8,045 ", 85.3 
나포면," 9,254 "," 9,254 "," 9,254 ", 100.0 , - , - , - , - , - , - , - , - , 0.4 ," 4,765 "," 4,765 "," 4,765 ", - ," 4,765 ", 7.8 ," 4,489 "," 4,489 "," 4,489 ", 714 ," 2,660 ", 391 , 724 , 137 , 253 , - , 3 ," 7,194 ", 77.7 
옥도면, - , - , - , - , - , - , - , - , - , - , - , - , - , - , - , - , - , - , - , - , - , - , - , - , - , - , - ,, - , - , - , - 
옥서면," 41,062 "," 41,062 "," 41,062 ", 100.0 , - , - , - , - , - , - , - , - , 2.5 ," 26,057 "," 26,057 "," 26,057 ", - ," 26,057 ", 26.8 ," 15,005 "," 15,005 "," 15,005 "," 1,890 "," 9,170 "," 1,348 "," 2,597 ", 814 ," 1,366 ", - , - ," 29,887 ", 72.8 
익산시," 1,418,551 "," 1,418,551 "," 1,313,562 ", 92.6 , 15.1 ," 451,281 "," 451,281 "," 451,281 "," 32,782 "," 363,778 "," 1,678 "," 53,043 ", 26.6 ," 598,305 "," 598,305 "," 505,464 ", 853 ," 504,611 ", 26.6 ," 368,965 "," 368,965 "," 356,817 "," 29,741 "," 252,275 "," 1,802 "," 72,999 "," 31,899 "," 18,501 ", - , 172 ," 717,250 ", 54.6 
동지역," 786,788 "," 786,788 "," 774,253 ", 98.4 , 7.1 ," 291,613 "," 291,613 "," 291,613 "," 29,944 "," 259,339 ", 92 ," 2,238 ", 14.1 ," 283,680 "," 283,680 "," 272,261 ", 853 ," 271,408 ", 14.1 ," 211,495 "," 211,495 "," 210,379 "," 21,474 "," 141,388 ", 448 ," 47,069 "," 16,967 "," 13,661 ",, 35 ," 717,250 ", 92.6 
함열읍," 125,473 "," 125,473 "," 101,177 ", 80.6 , 0.9 ," 16,441 "," 16,441 "," 16,441 ", 30 ," 15,006 ", 306 ," 1,099 ", 1.9 ," 53,920 "," 53,920 "," 38,050 ",," 38,050 ", 1.9 ," 55,112 "," 55,112 "," 46,686 "," 1,950 "," 38,666 ", 43 ," 6,027 "," 3,267 ", 412 ,, 45 ,, - 
오산면," 47,202 "," 47,202 "," 35,223 ", 74.6 , 0.5 ," 19,232 "," 19,232 "," 19,232 ", 673 ," 13,587 ", - ," 4,972 ", 1.0 ," 17,539 "," 17,539 "," 5,560 ",," 5,560 ", 1.0 ," 10,431 "," 10,431 "," 10,431 ", - ," 9,050 ", - ," 1,381 ", 950 , 23 ,, - ,, - 
황등면," 77,107 "," 77,107 "," 74,501 ", 96.6 , 1.0 ," 18,920 "," 18,920 "," 18,920 ", 53 ," 15,631 ", 134 ," 3,102 ", 1.9 ," 36,657 "," 36,657 "," 36,657 ",," 36,657 ", 1.9 ," 21,530 "," 21,530 "," 18,924 ", 994 ," 11,912 ", - ," 6,018 "," 1,871 "," 1,854 ",, 28 ,, - 
함라면," 12,468 "," 12,468 "," 12,468 ", 100.0 , 0.1 , 856 , 856 , 856 , - , 676 , - , 180 , 0.3 ," 5,161 "," 5,161 "," 5,161 ",," 5,161 ", 0.3 ," 6,451 "," 6,451 "," 6,451 "," 1,152 "," 3,750 "," 1,140 ", 409 , 321 , 15 ,, - ,, - 
웅포면," 11,333 "," 11,333 "," 11,333 ", 100.0 , 0.1 ," 2,470 "," 2,470 "," 2,470 ", - ," 1,538 ", - , 932 , 0.2 ," 4,937 "," 4,937 "," 4,937 ",," 4,937 ", 0.2 ," 3,926 "," 3,926 "," 3,926 ", 462 ," 2,950 ", - , 514 , 495 , 6 ,, - ,, - 
성당면," 25,838 "," 25,838 "," 21,547 ", 83.4 , 0.3 ," 15,787 "," 15,787 "," 15,787 ", 434 ," 7,289 ", - ," 8,064 ", 0.6 ," 10,051 "," 10,051 "," 5,760 ",," 5,760 ", 0.6 , - , - , - , - , - , - , - , 390 , 161 ,, - ,, - 
용안면," 44,124 "," 44,124 "," 42,042 ", 95.3 , 0.4 ," 4,987 "," 4,987 "," 4,987 ", 27 ," 2,776 ", 248 ," 1,936 ", 0.8 ," 24,282 "," 24,282 "," 22,200 ",," 22,200 ", 0.8 ," 14,855 "," 14,855 "," 14,855 ", 402 ," 11,750 ", - ," 2,703 "," 1,132 ", 306 ,, 17 ,, - 
낭산면," 26,771 "," 26,771 "," 21,285 ", 79.5 , 0.1 ," 14,507 "," 14,507 "," 14,507 ", 27 ," 9,503 ", - ," 4,977 ", 0.3 ," 12,264 "," 12,264 "," 6,778 ",," 6,778 ", 0.3 , - , - , - , - , - , - , - , 475 , 219 ,, - ,, - 
망성면," 23,924 "," 23,924 "," 20,662 ", 86.4 , 0.1 ," 11,962 "," 11,962 "," 11,962 ", - ," 7,077 ", 483 ," 4,402 ", 0.2 ," 11,962 "," 11,962 "," 8,700 ",," 8,700 ", 0.2 , - , - , - , - , - , - , - , 610 , 265 ,, - ,, - 
여산면," 44,324 "," 44,324 "," 43,328 ", 97.8 , 0.2 , - , - , - , - , - , - , - , 0.5 ," 32,196 "," 32,196 "," 31,200 ",," 31,200 ", 0.5 ," 12,128 "," 12,128 "," 12,128 ", 501 ," 9,100 ", 171 ," 2,356 ", 652 , - ,, 9 ,, - 
금마면," 38,420 "," 38,420 "," 33,970 ", 88.4 , 0.6 ," 5,695 "," 5,695 "," 5,695 ", 11 ," 3,848 ", 10 ," 1,826 ", 1.1 ," 24,770 "," 24,770 "," 20,320 ",," 20,320 ", 1.1 ," 7,955 "," 7,955 "," 7,955 ", 902 ," 4,210 ", - ," 2,843 "," 1,235 ", 59 ,, 23 ,, - 
왕궁면," 59,340 "," 59,340 "," 44,628 ", 75.2 , 1.5 ," 27,033 "," 27,033 "," 27,033 "," 1,348 "," 11,117 ", 405 ," 14,163 ", 1.5 ," 29,618 "," 29,618 "," 14,906 ",," 14,906 ", 1.5 ," 2,689 "," 2,689 "," 2,689 ", 223 ," 1,890 ", - , 576 , 971 , 422 ,, - ,, - 
춘포면," 60,477 "," 60,477 "," 47,829 ", 79.1 , 2.0 ," 8,087 "," 8,087 "," 8,087 ", 235 ," 6,038 ", - ," 1,814 ", 2.0 ," 37,140 "," 37,140 "," 24,492 ",," 24,492 ", 2.0 ," 15,250 "," 15,250 "," 15,250 "," 1,670 "," 11,269 ", - ," 2,311 "," 1,526 "," 1,093 ",, 15 ,, - 
삼기면," 20,703 "," 20,703 "," 20,602 ", 99.5 , 0.2 ," 6,308 "," 6,308 "," 6,308 ", - ," 4,947 ", - ," 1,361 ", 0.4 ," 8,021 "," 8,021 "," 7,920 ",," 7,920 ", 0.4 ," 6,374 "," 6,374 "," 6,374 ", - ," 5,620 ", - , 754 , 695 , 4 ,, - ,, - 
용동면," 14,259 "," 14,259 "," 8,714 ", 61.1 , 0.0 ," 7,383 "," 7,383 "," 7,383 ", - ," 5,406 ", - ," 1,977 ", 0.0 ," 6,107 "," 6,107 ", 562 ,, 562 , 0.0 , 769 , 769 , 769 , 11 , 720 , - , 38 , 342 , 1 ,, - ,, - 
정읍시," 638,873 "," 716,339 "," 676,610 ", 94.5 , 21.5 ," 185,240 "," 185,240 "," 173,827 "," 29,577 "," 67,077 "," 15,268 "," 61,905 ", 20.0 ," 453,633 "," 453,633 "," 425,317 ", - ," 425,317 ", - , - ," 77,466 "," 77,466 "," 42,139 "," 35,272 ", 55 , - ," 10,371 "," 12,322 ", 23 , - ," 542,161 ", 80.1 
동지역," 511,809 "," 574,498 "," 548,674 ", 95.5 , 21.5 ," 157,248 "," 157,248 "," 148,393 "," 27,209 "," 63,844 "," 5,191 "," 52,149 ", 15.0 ," 354,561 "," 354,561 "," 337,592 ",," 337,592 ",,," 62,689 "," 62,689 "," 32,066 "," 30,623 ",,," 9,133 "," 9,155 ", 23 ,," 481,173 ", 87.7 
읍면지역," 127,064 "," 141,841 "," 127,936 ", 90.2 , - ," 27,992 "," 27,992 "," 25,434 "," 2,368 "," 3,233 "," 10,077 "," 9,756 ", 5.0 ," 99,072 "," 99,072 "," 87,725 ",," 87,725 ",,," 14,777 "," 14,777 "," 10,073 "," 4,649 ", 55 ,," 1,238 "," 3,167 ",,," 60,988 ", 47.7 
남원시," 563,248 "," 576,382 "," 460,593 ", 79.9 , 2.6 ," 84,573 "," 86,646 "," 86,646 "," 8,054 "," 47,234 "," 2,143 "," 29,215 ", 22.0 ," 304,986 "," 316,047 "," 280,653 "," 1,338 "," 279,315 ", 22.0 ," 173,689 "," 173,689 "," 93,294 "," 9,583 "," 80,425 "," 1,889 "," 1,397 "," 5,334 "," 12,653 ", 43 , 194 ," 349,488 ", 75.9 
동지역," 484,467 "," 486,540 "," 390,242 ", 80.2 , 2.6 ," 84,573 "," 86,646 "," 86,646 "," 8,054 "," 47,234 "," 2,143 "," 29,215 ", 19.9 ," 265,942 "," 265,942 "," 230,548 "," 1,338 "," 229,210 ", 19.9 ," 133,952 "," 133,952 "," 73,048 "," 7,992 "," 64,001 ", 916 , 139 ," 3,495 "," 11,190 ", 43 , 169 ," 295,488 ", 75.7 
운봉읍," 38,625 "," 40,798 "," 31,169 ", 76.4 ,,, - , - ,,,,, 0.9 ," 18,151 "," 20,324 "," 20,324 ",," 20,324 ", 0.9 ," 20,474 "," 20,474 "," 10,845 "," 1,400 "," 7,214 ", 973 ," 1,258 ", 976 , 630 ,, 9 ," 22,867 ", 73.4 
인월면," 40,156 "," 49,044 "," 39,182 ", 79.9 ,,, - , - ,,,,, 1.2 ," 20,893 "," 29,781 "," 29,781 ",," 29,781 ", 1.2 ," 19,263 "," 19,263 "," 9,401 ", 191 ," 9,210 ",,, 863 , 833 ,, 16 ," 31,133 ", 79.5 
김제시," 814,208 "," 828,515 "," 571,186 ", 68.9 , 13.0 ," 166,057 "," 168,205 "," 168,205 "," 21,888 "," 63,588 "," 30,653 "," 52,076 ", 53.8 ," 407,458 "," 419,617 "," 322,366 ", - ," 322,366 ", 19.0 ," 240,693 "," 240,693 "," 80,615 "," 4,337 "," 73,717 "," 2,561 ", - ," 8,897 "," 11,430 ", 2 , 30 ," 160,224 ", 28.1 
시가지," 628,847 "," 629,601 "," 410,431 ", 65.2 , 11.2 ," 128,807 "," 129,561 "," 129,561 "," 18,105 "," 50,422 "," 12,162 "," 48,872 ", 48.4 ," 283,929 "," 283,929 "," 220,380 ",," 220,380 ", 13.6 ," 216,111 "," 216,111 "," 60,490 "," 4,337 "," 55,644 ", 509 ,," 6,132 "," 7,880 ", 2 , 30 ," 160,224 ", 39.0 
만경읍," 46,153 "," 46,445 "," 34,090 ", 73.4 , 0.5 ," 13,648 "," 13,940 "," 13,940 ", 390 ," 3,708 "," 6,638 "," 3,204 ", 1.7 ," 25,351 "," 25,351 "," 15,464 ",," 15,464 ", 1.7 ," 7,154 "," 7,154 "," 4,686 ",," 4,667 ", 19 ,, 493 , 591 ,,,, - 
죽산면," 18,817 "," 23,258 "," 23,258 ", 100.0 , 0.4 ," 9,039 "," 9,641 "," 9,641 "," 1,130 "," 1,219 "," 7,292 ", - , 0.8 ," 7,275 "," 11,114 "," 11,114 ",," 11,114 ", 0.8 ," 2,503 "," 2,503 "," 2,503 ", - ," 2,043 ", 460 ,, 356 , 393 ,,,, - 
금구면," 17,304 "," 19,713 "," 19,713 ", 100.0 , 0.3 ," 5,751 "," 5,912 "," 5,912 ", 75 ," 3,870 "," 1,967 ", - , 1.0 ," 8,649 "," 10,897 "," 10,897 ",," 10,897 ", 1.0 ," 2,904 "," 2,904 "," 2,904 ", - ," 2,658 ", 246 ,, 362 , 422 ,,,, - 
금산면," 45,738 "," 52,149 "," 50,160 ", 96.2 , 0.6 ," 8,812 "," 9,151 "," 9,151 "," 2,188 "," 4,369 "," 2,594 ",, 2.0 ," 24,905 "," 30,977 "," 30,977 ",," 30,977 ", 2.0 ," 12,021 "," 12,021 "," 10,032 ", - ," 8,705 "," 1,327 ",, 876 ," 1,055 ",,,, - 
외지역," 57,349 "," 57,349 "," 33,534 ", 58.5 , - , - , - , - ,,,,,," 57,349 "," 57,349 "," 33,534 ",," 33,534 ",,, - , - ,,,,, 678 ," 1,089 ",,,, - 
군부," 3,080,135 "," 3,412,247 "," 2,619,841 ", 76.8 , 34.6 ," 165,350 "," 177,668 "," 118,169 "," 14,773 "," 70,846 "," 4,843 "," 27,707 ", 165.4 ," 2,261,797 "," 2,457,882 "," 1,852,748 ", - ," 1,852,748 ", 919.6 ," 652,988 "," 776,697 "," 648,924 "," 31,047 "," 439,313 "," 11,249 "," 167,315 "," 48,085 "," 82,115 ", 28 , 753 ," 2,455,954 ", 93.7 
완주군," 784,225 "," 790,409 "," 599,994 ", 75.9 , - , - , - , - , - , - , - , - , 35.1 ," 594,584 "," 600,024 "," 409,609 ", - ," 409,609 ", 820.6 ," 189,641 "," 190,385 "," 190,385 "," 14,412 "," 110,274 ", - ," 65,699 "," 13,964 "," 29,449 ", 1 , 251 ," 599,994 ", 100.0 
삼례읍," 140,913 "," 140,913 "," 132,280 ", 93.9 ,,, - , - ,,,,, 4.2 ," 89,440 "," 89,440 "," 80,807 ",," 80,807 ", 28.6 ," 51,473 "," 51,473 "," 51,473 "," 3,313 "," 27,534 ",," 20,626 "," 2,273 "," 17,574 ", 1 , 25 ," 132,280 ", 100.0 
봉동읍," 134,393 "," 134,393 "," 116,144 ", 86.4 ,,, - , - ,,,,, 11.7 ," 92,673 "," 92,673 "," 74,424 ",," 74,424 ", 46.1 ," 41,720 "," 41,720 "," 41,720 "," 4,421 "," 23,843 ",," 13,456 "," 2,724 ", 411 , - , 10 ," 116,144 ", 100.0 
용진읍," 89,557 "," 89,557 "," 41,773 ", 46.6 ,,, - , - ,,,,, 3.2 ," 71,700 "," 71,700 "," 23,916 ",," 23,916 ", 38.5 ," 17,857 "," 17,857 "," 17,857 ", 466 ," 9,841 ",," 7,550 ", 843 , 78 , - , - ," 41,773 ", 100.0 
상관면," 73,067 "," 73,067 "," 59,042 ", 80.8 ,,, - , - ,,,,, 1.2 ," 55,077 "," 55,077 "," 41,052 ",," 41,052 ", 68.6 ," 17,990 "," 17,990 "," 17,990 "," 1,358 "," 6,926 ",," 9,706 "," 1,326 ", 318 , - , 11 ," 59,042 ", 100.0 
이서면," 51,206 "," 51,206 "," 38,195 ", 74.6 ,,, - , - ,,,,, 7.1 ," 51,206 "," 51,206 "," 38,195 ",," 38,195 ", 33.5 , - , - , - ,,,,, 838 , 906 , - , - ," 38,195 ", 100.0 
소양면," 78,736 "," 84,176 "," 84,176 ", 100.0 ,,, - , - ,,,,, 2.0 ," 51,872 "," 57,312 "," 57,312 ",," 57,312 ", 94.1 ," 26,864 "," 26,864 "," 26,864 "," 1,357 "," 17,825 ",," 7,682 "," 2,900 "," 4,374 ", - , 94 ," 84,176 ", 100.0 
구이면," 60,906 "," 61,650 "," 47,769 ", 77.5 ,,, - , - ,,,,, 1.6 ," 48,376 "," 48,376 "," 34,495 ",," 34,495 ", 89.1 ," 12,530 "," 13,274 "," 13,274 ", 876 ," 10,847 ",," 1,551 "," 1,131 "," 2,246 ", - , 66 ," 47,769 ", 100.0 
고산면," 70,893 "," 70,893 "," 44,895 ", 63.3 ,,, - , - ,,,,, 1.7 ," 49,686 "," 49,686 "," 23,688 ",," 23,688 ", 69.5 ," 21,207 "," 21,207 "," 21,207 "," 2,621 "," 13,458 ",," 5,128 "," 1,144 "," 3,281 ", - , 45 ," 44,895 ", 100.0 
비봉면," 21,898 "," 21,898 "," 20,813 ", 95.0 ,,, - , - ,,,,, 0.5 ," 21,898 "," 21,898 "," 20,813 ",," 20,813 ", 44.6 ,, - , - ,,,,, 410 , 261 , - , - ," 20,813 ", 100.0 
운주면," 30,338 "," 30,338 "," 8,324 ", 27.4 ,,, - , - ,,,,, 1.1 ," 30,338 "," 30,338 "," 8,324 ",," 8,324 ", 91.9 ,, - , - ,,,,, 204 , - , - , - ," 8,324 ", 100.0 
화산면," 23,154 "," 23,154 "," 4,609 ", 19.9 ,,, - , - ,,,,, 0.6 ," 23,154 "," 23,154 "," 4,609 ",," 4,609 ", 70.9 ,, - , - ,,,,, 126 , - , - , - ," 4,609 ", 100.0 
동상면, - , - , - , - ,,, - , - ,,,,, - , - , - , - ,,, 106.5 ,, - , - ,,,,, - , - , - , - , - , - 
경천면," 9,164 "," 9,164 "," 1,974 ", 21.5 ,,, - , - ,,,,, 0.3 ," 9,164 "," 9,164 "," 1,974 ",," 1,974 ", 38.8 ,, - , - ,,,,, 45 , - , - , - ," 1,974 ", 100.0 
진안군," 399,308 "," 399,308 "," 289,710 ", 72.6 , - , - , - , - , - , - , - , - , 10.0 ," 346,994 "," 346,994 "," 237,396 ", - ," 237,396 ", - ," 52,314 "," 52,314 "," 52,314 "," 4,404 "," 35,423 ", 582 ," 11,905 "," 6,462 "," 8,718 ", - , 102 ," 278,229 ", 96.0 
진안읍," 149,604 "," 149,604 "," 127,961 ", 85.5 ,,, - , - , - , - , - , - , 3.8 ," 106,622 "," 106,622 "," 84,979 ",," 84,979 ",," 42,982 "," 42,982 "," 42,982 "," 3,852 "," 29,906 ",," 9,224 "," 3,162 "," 4,566 ",, 82 ," 127,454 ", 99.6 
용담면," 30,945 "," 30,945 "," 25,381 ", 82.0 ,,, - , - , - , - , - , - , 0.5 ," 21,613 "," 21,613 "," 16,049 ",," 16,049 ",," 9,332 "," 9,332 "," 9,332 ", 552 ," 5,517 ", 582 ," 2,681 ", 498 , 313 ,, 20 ," 23,112 ", 91.1 
안천면," 21,571 "," 21,571 "," 19,467 ", 90.2 ,,, - , - , - , - , - , - , 0.5 ," 21,571 "," 21,571 "," 19,467 ",," 19,467 ",,, - , - ,,,,, 331 , 463 ,,," 14,228 ", 73.1 
동향면," 15,506 "," 15,506 "," 7,749 ", 50.0 ,,, - , - , - , - , - , - , 0.5 ," 15,506 "," 15,506 "," 7,749 ",," 7,749 ",,, - , - ,,,,, 176 , 272 ,,," 7,749 ", 100.0 
상전면," 13,478 "," 13,478 "," 2,757 ", 20.5 ,,, - , - , - , - , - , - , 0.3 ," 13,478 "," 13,478 "," 2,757 ",," 2,757 ",,, - , - ,,,,, 75 , 163 ,,," 2,757 ", 100.0 
백운면," 24,125 "," 24,125 "," 18,209 ", 75.5 ,,, - , - , - , - , - , - , 0.7 ," 24,125 "," 24,125 "," 18,209 ",," 18,209 ",,, - , - ,,,,, 377 , 497 ,,," 17,098 ", 93.9 
성수면," 26,508 "," 26,508 "," 15,209 ", 57.4 ,,, - , - , - , - , - , - , 0.6 ," 26,508 "," 26,508 "," 15,209 ",," 15,209 ",,, - , - ,,,,, 319 , 418 ,,," 15,209 ", 100.0 
마령면," 22,858 "," 22,858 "," 17,677 ", 77.3 ,,, - , - , - , - , - , - , 0.7 ," 22,858 "," 22,858 "," 17,677 ",," 17,677 ",,, - , - ,,,,, 357 , 563 ,,," 15,322 ", 86.7 
부귀면," 39,151 "," 39,151 "," 10,584 ", 27.0 ,,, - , - , - , - , - , - , 0.8 ," 39,151 "," 39,151 "," 10,584 ",," 10,584 ",,, - , - ,,,,, 279 , 357 ,,," 10,584 ", 100.0 
정천면," 18,206 "," 18,206 "," 12,308 ", 67.6 ,,, - , - , - , - , - , - , 0.4 ," 18,206 "," 18,206 "," 12,308 ",," 12,308 ",,, - , - ,,,,, 242 , 375 ,,," 12,308 ", 100.0 
주천면," 37,356 "," 37,356 "," 32,408 ", 86.8 ,,, - , - , - , - , - , - , 1.3 ," 37,356 "," 37,356 "," 32,408 ",," 32,408 ",,, - , - ,,,,, 646 , 731 ,,," 32,408 ", 100.0 
무주군," 292,488 "," 308,063 "," 231,519 ", 75.2 , - , - ," 12,318 "," 12,318 "," 4,514 "," 2,589 "," 1,992 "," 3,223 ", 11.5 ," 194,783 "," 198,040 "," 147,068 ", - ," 147,068 ", 11.5 ," 97,705 "," 97,705 "," 72,133 "," 1,407 "," 70,726 ", - , - ," 2,637 "," 3,395 ", - , - ," 231,519 ", 100.0 
무주읍," 68,513 "," 75,684 "," 66,717 ", 88.2 , - , - ," 7,171 "," 7,171 "," 4,009 "," 1,282 "," 1,260 ", 620 , 2.6 ," 35,200 "," 35,200 "," 30,784 ",," 30,784 ", 2.6 ," 33,313 "," 33,313 "," 28,762 ", 310 ," 28,452 ",,, 671 , 945 ,,," 66,717 ", 100.0 
무풍면," 27,600 "," 31,125 "," 26,157 ", 84.0 , - , - , 268 , 268 , 27 , 100 , 40 , 101 , 0.8 ," 16,500 "," 19,757 "," 19,757 ",," 19,757 ", 0.8 ," 11,100 "," 11,100 "," 6,132 ", - ," 6,132 ",,, 429 , 643 ,,," 26,157 ", 100.0 
설천면," 75,179 "," 76,525 "," 68,482 ", 89.5 , - , - ," 1,346 "," 1,346 ", 21 , 99 , - ," 1,226 ", 4.9 ," 49,000 "," 49,000 "," 43,381 ",," 43,381 ", 4.9 ," 26,179 "," 26,179 "," 23,755 ", 210 ," 23,545 ",,, 354 , 540 ,,," 68,482 ", 100.0 
적상면," 27,878 "," 27,878 "," 15,397 ", 55.2 , - , - , - , - , - , - , - , - , 0.6 ," 21,898 "," 21,898 "," 11,442 ",," 11,442 ", 0.6 ," 5,980 "," 5,980 "," 3,955 ", 266 ," 3,689 ",,, 351 , 252 ,,," 15,397 ", 100.0 
안성면," 72,400 "," 75,933 "," 48,902 ", 64.4 , - , - ," 3,533 "," 3,533 ", 457 ," 1,108 ", 692 ," 1,276 ", 2.4 ," 56,000 "," 56,000 "," 38,463 ",," 38,463 ", 2.4 ," 16,400 "," 16,400 "," 6,906 ", - ," 6,906 ",,, 832 , 895 ,,," 48,902 ", 100.0 
부남면," 20,918 "," 20,918 "," 5,864 ", 28.0 , - , - , - , - , - , - , - , - , 0.2 ," 16,185 "," 16,185 "," 3,241 ",," 3,241 ", 0.2 ," 4,733 "," 4,733 "," 2,623 ", 621 ," 2,002 ",,,, 120 ,,," 5,864 ", 100.0 
장수군," 94,951 "," 232,379 "," 217,918 ", 93.8 , - , - , - , - , - , - , - , - , 5.9 ," 86,093 "," 163,192 "," 148,731 ", - ," 148,731 ", - ," 8,858 "," 69,187 "," 69,187 ", - ," 47,559 "," 3,681 "," 17,947 "," 4,466 "," 4,744 ", 18 , 126 ," 217,918 ", 100.0 
장수읍," 5,404 "," 77,324 "," 77,324 ", 100.0 ,,, - , - , - , - , - , - , 1.8 , 370 ," 48,159 "," 48,159 ",," 48,159 ",," 5,034 "," 29,165 "," 29,165 ",," 23,959 ", 851 ," 4,355 "," 1,841 "," 1,945 ", 15 , 73 ," 77,324 ", 100.0 
장계면," 45,322 "," 71,548 "," 71,548 ", 100.0 ,,, - , - , - , - , - , - , 1.5 ," 41,498 "," 43,829 "," 43,829 ",," 43,829 ",," 3,824 "," 27,719 "," 27,719 ",," 19,704 "," 2,607 "," 5,408 "," 1,610 "," 1,418 ", 3 , 44 ," 71,548 ", 100.0 
산서면," 27,132 "," 31,481 "," 17,020 ", 54.1 ,,, - , - , - , - , - , - , 1.0 ," 27,132 "," 27,132 "," 12,671 ",," 12,671 ",, - ," 4,349 "," 4,349 ",," 1,733 ", - ," 2,616 ", 285 , 91 , - ,," 17,020 ", 100.0 
번암면," 11,214 "," 23,588 "," 23,588 ", 100.0 ,,, - , - , - , - , - , - , 0.6 ," 11,214 "," 19,708 "," 19,708 ",," 19,708 ",, - ," 3,880 "," 3,880 ",," 1,295 ", - ," 2,585 ", 384 , 449 , - ,," 23,588 ", 100.0 
천천면," 5,879 "," 18,363 "," 18,363 ", 100.0 ,,, - , - , - , - , - , - , 0.6 ," 5,879 "," 14,699 "," 14,699 ",," 14,699 ",, - ," 3,664 "," 3,664 ",, 868 , 223 ," 2,573 ", 346 , 362 , - ,," 18,363 ", 100.0 
계남면, - , 839 , 839 , 100.0 ,,, - , - , - , - , - , - , 0.0 , - , 839 , 839 ,, 839 ,, - , - , - ,,,,,, 119 , - , 9 , 839 , 100.0 
계북면, - ," 9,235 "," 9,235 ", 100.0 ,,, - , - , - , - , - , - , 0.3 , - ," 8,825 "," 8,825 ",," 8,825 ",, - , 410 , 410 ,,,, 410 ,, 360 , - ,," 9,235 ", 100.0 
임실군," 219,024 "," 304,653 "," 263,437 ", 86.5 , - , - , - , - , - , - , - , - , 8.9 ," 140,400 "," 163,394 "," 132,063 ", - ," 132,063 ", 15.1 ," 78,624 "," 141,259 "," 131,374 "," 5,447 "," 74,263 "," 2,345 "," 49,319 "," 4,150 "," 8,144 ", 3 , 274 ," 254,779 ", 96.7 
임실읍," 54,947 "," 88,955 "," 88,955 ", 100.0 , - , - , - , - , - , - , - , - , 2.5 ," 35,620 "," 35,620 "," 35,620 ", - ," 35,620 ", 6.7 ," 19,327 "," 53,335 "," 53,335 "," 1,256 "," 25,226 "," 1,053 "," 25,800 "," 1,144 "," 2,516 ", 2 , 133 ," 123,264 ", 138.6 
청웅면," 21,320 "," 21,320 "," 12,910 ", 60.6 , - , - , - , - , - , - , - , - , 0.4 ," 16,840 "," 16,840 "," 8,752 ", - ," 8,752 ", 0.6 ," 4,480 "," 4,480 "," 4,158 ", 368 ," 3,148 ", 68 , 574 , 221 , 362 , - , 9 ," 8,752 ", 67.8 
운암면," 25,900 "," 25,900 "," 14,116 ", 54.5 , - , - , - , - , - , - , - , - , 0.5 ," 18,230 "," 18,230 "," 9,025 ", - ," 9,025 ", 0.8 ," 7,670 "," 7,670 "," 5,091 ", 372 ," 3,354 ", 112 ," 1,253 ", 315 , 452 , - , 6 ," 9,025 ", 63.9 
신평면," 9,986 "," 12,349 "," 12,328 ", 99.8 , - , - , - , - , - , - , - , - , 0.4 ," 5,462 "," 7,825 "," 7,825 ", - ," 7,825 ", 0.4 ," 4,524 "," 4,524 "," 4,503 ", 324 ," 3,251 ", 82 , 846 , 289 , 389 , - , 8 ," 7,825 ", 63.5 
성수면," 9,054 "," 9,054 "," 8,537 ", 94.3 , - , - , - , - , - , - , - , - , 0.3 ," 6,254 "," 6,254 "," 6,254 ", - ," 6,254 ", 0.5 ," 2,800 "," 2,800 "," 2,283 ", 226 ," 1,833 ", - , 224 , 145 , 388 , - , 4 ," 6,254 ", 73.3 
오수면," 52,265 "," 58,518 "," 44,480 ", 76.0 , - , - , - , - , - , - , - , - , 2.3 ," 31,451 "," 31,451 "," 17,413 ", - ," 17,413 ", 2.4 ," 20,814 "," 27,067 "," 27,067 ", 953 ," 14,172 ", 740 ," 11,202 ", 688 ," 1,584 ", 1 , 49 ," 54,451 ", 122.4 
신덕면," 6,765 "," 9,892 "," 9,892 ", 100.0 , - , - , - , - , - , - , - , - , 0.4 ," 4,865 "," 7,456 "," 7,456 ", - ," 7,456 ", 0.3 ," 1,900 "," 2,436 "," 2,436 ", 268 ," 1,922 ", - , 246 , 246 , 303 , - , 6 ," 7,456 ", 75.4 
삼계면," 8,967 "," 10,050 "," 9,885 ", 98.4 , - , - , - , - , - , - , - , - , 0.4 ," 6,542 "," 7,625 "," 7,625 ", - ," 7,625 ", 0.6 ," 2,425 "," 2,425 "," 2,260 ", 347 ," 1,678 ", - , 235 , 125 , 226 , - , 8 ," 7,625 ", 77.1 
관촌면," 5,286 "," 28,368 "," 28,368 ", 100.0 , - , - , - , - , - , - , - , - , 0.5 ," 4,486 "," 8,354 "," 8,354 ", - ," 8,354 ", 1.4 , 800 ," 20,014 "," 20,014 ", 689 ," 12,256 ", 224 ," 6,845 ", 368 , 986 , - , 22 ," 8,354 ", 29.4 
강진면," 5,362 "," 13,208 "," 13,208 ", 100.0 , - , - , - , - , - , - , - , - , 0.5 ," 3,142 "," 8,364 "," 8,364 ", - ," 8,364 ", 0.3 ," 2,220 "," 4,844 "," 4,844 ", 234 ," 3,124 ", 66 ," 1,420 ", 263 , 462 , - , 6 ," 8,364 ", 63.3 
덕치면," 6,906 "," 11,258 "," 9,905 ", 88.0 , - , - , - , - , - , - , - , - , 0.3 ," 3,096 "," 7,448 "," 7,448 ", - ," 7,448 ", 0.4 ," 3,810 "," 3,810 "," 2,457 ", 186 ," 1,945 ", - , 326 , 164 , 224 , - , 11 ," 6,425 ", 64.9 
지사면," 12,266 "," 15,781 "," 10,853 ", 68.8 , - , - , - , - , - , - , - , - , 0.4 ," 4,412 "," 7,927 "," 7,927 ", - ," 7,927 ", 0.7 ," 7,854 "," 7,854 "," 2,926 ", 224 ," 2,354 ", - , 348 , 182 , 252 , - , 12 ," 6,984 ", 64.4 
순창군," 235,915 "," 235,915 "," 159,308 ", 67.5 , 18.0 ," 72,134 "," 72,134 "," 53,514 "," 6,467 "," 30,140 ", - ," 16,907 ", 35.5 ," 142,488 "," 142,488 "," 88,086 ", - ," 88,086 ", 14.7 ," 21,293 "," 21,293 "," 17,708 ", - ," 15,384 "," 1,549 ", 775 , 332 ," 6,767 ", - , - ," 140,775 ", 88.4 
순창읍," 147,842 "," 147,842 "," 86,989 ", 58.8 , 17.0 ," 68,306 "," 68,306 "," 49,686 "," 6,467 "," 27,895 ",," 15,324 ", 16.3 ," 66,512 "," 66,512 "," 27,864 ",," 27,864 ", 11.1 ," 13,024 "," 13,024 "," 9,439 ",," 7,115 "," 1,549 ", 775 , 215 ," 2,154 ",,," 82,451 ", 94.8 
인계면," 5,007 "," 5,007 "," 4,848 ", 96.8 ,,, - , - ,,,,, 1.2 ," 5,007 "," 5,007 "," 4,848 ",," 4,848 ", 0.2 ,, - , - ,,,,,, 431 ,,," 4,848 ", 100.0 
동계면," 4,661 "," 4,661 "," 4,661 ", 100.0 ,,, - , - ,,,,, 1.1 ," 4,661 "," 4,661 "," 4,661 ",," 4,661 ", 0.4 ,, - , - ,,,,,, 542 ,,," 4,661 ", 100.0 
적성면," 3,589 "," 3,589 "," 3,148 ", 87.7 ,,, - , - ,,,,, 0.9 ," 3,589 "," 3,589 "," 3,148 ",," 3,148 ", 0.2 ,, - , - ,,,,,, 468 ,,," 3,148 ", 100.0 
유등면," 13,997 "," 13,997 "," 13,997 ", 100.0 , 1.0 ," 3,828 "," 3,828 "," 3,828 ",," 2,245 ",," 1,583 ", 2.5 ," 10,039 "," 10,039 "," 10,039 ",," 10,039 ", 0.4 , 130 , 130 , 130 ,, 130 ,,, 32 , 453 ,,," 9,825 ", 70.2 
풍산면," 3,905 "," 3,905 "," 3,905 ", 100.0 ,,, - , - ,,,,, 1.0 ," 3,905 "," 3,905 "," 3,905 ",," 3,905 ", 0.2 ,, - , - ,,,,,, 377 ,,," 3,905 ", 100.0 
금과면," 13,013 "," 13,013 "," 7,459 ", 57.3 ,,, - , - ,,,,, 3.2 ," 13,013 "," 13,013 "," 7,459 ",," 7,459 ", 0.7 ,, - , - ,,,,,, 622 ,,," 2,160 ", 29.0 
팔덕면," 5,906 "," 5,906 "," 5,906 ", 100.0 ,,, - , - ,,,,, 1.5 ," 5,906 "," 5,906 "," 5,906 ",," 5,906 ", 0.4 ,, - , - ,,,,,, 453 ,,," 5,906 ", 100.0 
복흥면," 16,649 "," 16,649 "," 7,049 ", 42.3 ,,, - , - ,,,,, 3.9 ," 15,340 "," 15,340 "," 5,740 ",," 5,740 ", 0.5 ," 1,309 "," 1,309 "," 1,309 ",," 1,309 ",,,, 350 ,,," 7,049 ", 100.0 
쌍치면," 8,032 "," 8,032 "," 8,032 ", 100.0 ,,, - , - ,,,,, 1.2 ," 4,765 "," 4,765 "," 4,765 ",," 4,765 ", 0.2 ," 3,267 "," 3,267 "," 3,267 ",," 3,267 ",,,, 334 ,,," 8,032 ", 100.0 
구림면," 13,314 "," 13,314 "," 13,314 ", 100.0 ,,, - , - ,,,,, 2.8 ," 9,751 "," 9,751 "," 9,751 ",," 9,751 ", 0.4 ," 3,563 "," 3,563 "," 3,563 ",," 3,563 ",,, 85 , 583 ,,," 8,790 ", 66.0 
고창군," 451,869 "," 539,165 "," 456,251 ", 84.6 , 16.6 ," 93,216 "," 93,216 "," 52,337 "," 3,792 "," 38,117 "," 2,851 "," 7,577 ", 16.6 ," 274,484 "," 361,779 "," 350,608 ", - ," 350,608 ", 15.8 ," 84,169 "," 84,169 "," 53,306 ", 242 ," 52,958 ", 106 , - ," 7,637 "," 10,802 ", 5 , - ," 393,554 ", 90.9 
고창읍," 215,330 "," 233,436 "," 193,144 ", 82.7 , 6.8 ," 54,285 "," 54,285 "," 23,641 "," 2,129 "," 17,107 ", 423 ," 3,982 ", 6.8 ," 112,395 "," 130,501 "," 130,501 ", - ," 130,501 ", 6.8 ," 48,650 "," 48,650 "," 39,002 ", 242 ," 38,760 ", - , - ," 2,844 "," 4,383 ", 5 , - ," 163,484 ", 84.6 
고수면," 23,302 "," 23,302 "," 13,310 ", 57.1 , 0.8 ," 2,724 "," 2,724 ", 700 , - , 700 , - , - , 0.8 ," 19,368 "," 19,368 "," 12,610 ", - ," 12,610 ", 0.8 ," 1,210 "," 1,210 ", - , - , - , - , - , 436 , 475 , - , - ," 13,310 ", 100.0 
아산면," 19,120 "," 31,812 "," 29,679 ", 93.3 , 0.8 ," 3,360 "," 3,360 "," 2,160 ", - ," 1,808 ", - , 352 , 0.8 ," 13,862 "," 26,554 "," 26,554 ", - ," 26,554 ", 0.8 ," 1,898 "," 1,898 ", 965 , - , 965 , - , - , 638 , 691 , - , - ," 20,637 ", 69.5 
무장면," 15,497 "," 15,497 "," 11,778 ", 76.0 , 0.6 ," 5,231 "," 5,231 "," 4,232 ", 600 ," 1,249 "," 1,236 "," 1,147 ", 0.6 ," 6,844 "," 6,844 "," 5,590 ", - ," 5,590 ", 0.6 ," 3,422 "," 3,422 "," 1,956 ", - ," 1,956 ", - , - , 195 , 382 , - , - ," 10,957 ", 93.0 
공음면," 11,204 "," 11,204 "," 8,455 ", 75.5 , 0.5 ," 1,177 "," 1,177 ", 490 , - , 490 , - , - , 0.5 ," 7,966 "," 7,966 "," 7,965 ", - ," 7,965 ", 0.5 ," 2,061 "," 2,061 ", - , - , - , - , - , 290 , 268 , - , - ," 8,455 ", 100.0 
상하면," 13,510 "," 19,725 "," 17,063 ", 86.5 , 1.3 ," 1,670 "," 1,670 "," 1,670 ", - ," 1,670 ", - , - , 1.3 ," 7,966 "," 14,181 "," 14,181 ", - ," 14,181 ", 1.3 ," 3,874 "," 3,874 "," 1,212 ", - ," 1,212 ", - , - , 327 , 529 , - , - ," 15,356 ", 90.0 
해리면," 24,983 "," 24,983 "," 22,504 ", 90.1 , 1.0 ," 5,401 "," 5,401 "," 4,381 ", 696 ," 2,254 ", 227 ," 1,204 ", 0.8 ," 16,052 "," 16,052 "," 14,888 ", - ," 14,888 ", 0.8 ," 3,530 "," 3,530 "," 3,235 ", - ," 3,235 ", - , - , 390 , 690 , - , - ," 21,611 ", 96.0 
성송면," 15,251 "," 22,654 "," 21,855 ", 96.5 , 0.6 ," 1,548 "," 1,548 "," 1,100 ", - ," 1,100 ", - , - , 0.6 ," 13,246 "," 20,649 "," 20,649 ", - ," 20,649 ", 0.6 , 457 , 457 , 106 , - , - , 106 , - , 294 , 272 , - , - ," 21,855 ", 100.0 
대산면," 35,796 "," 35,796 "," 28,591 ", 79.9 , 0.9 ," 2,928 "," 2,928 "," 1,970 ", - ," 1,970 ", - , - , 0.9 ," 26,329 "," 26,329 "," 24,334 ", - ," 24,334 ", 0.9 ," 6,540 "," 6,540 "," 2,287 ", - ," 2,287 ", - , - , 473 , 836 , - , - ," 25,900 ", 90.6 
심원면," 16,044 "," 31,045 "," 30,068 ", 96.9 , 0.6 ," 2,385 "," 2,385 "," 2,169 ", - ," 2,169 ", - , - , 0.6 ," 10,014 "," 25,015 "," 25,015 ", - ," 25,015 ", 0.6 ," 3,645 "," 3,645 "," 2,884 ", - ," 2,884 ", - , - , 361 , 656 , - , - ," 30,068 ", 100.0 
흥덕면," 26,291 "," 41,322 "," 36,055 ", 87.3 , 1.8 ," 8,203 "," 8,203 "," 6,769 ", 367 ," 4,545 ", 965 , 892 , 1.8 ," 12,846 "," 27,877 "," 27,877 ", - ," 27,877 ", 1.0 ," 5,242 "," 5,242 "," 1,409 ", - ," 1,409 ", - , - , 431 , 522 , - , - ," 18,525 ", 51.4 
성내면," 9,432 "," 16,050 "," 15,018 ", 93.6 , 0.1 ," 1,128 "," 1,128 ", 900 , - , 900 , - , - , 0.3 ," 7,500 "," 14,118 "," 14,118 ", - ," 14,118 ", 0.3 , 804 , 804 , - , - , - , - , - , 218 , 301 , - , - ," 15,018 ", 100.0 
신림면," 11,649 "," 12,783 "," 12,068 ", 94.4 , 0.3 ," 1,080 "," 1,080 ", 931 , - , 931 , - , - , 0.3 ," 9,753 "," 10,887 "," 10,887 ", - ," 10,887 ", 0.3 , 816 , 816 , 250 , - , 250 , - , - , 382 , 384 , - , - ," 11,715 ", 97.1 
부안면," 14,460 "," 19,556 "," 16,663 ", 85.2 , 0.5 ," 2,096 "," 2,096 "," 1,224 ", - ," 1,224 ", - , - , 0.5 ," 10,343 "," 15,439 "," 15,439 ", - ," 15,439 ", 0.5 ," 2,021 "," 2,021 ", - , - , - , - , - , 358 , 413 , - , - ," 16,663 ", 100.0 
부안군," 602,355 "," 602,355 "," 401,704 ", 66.7 , - , - , - , - , - , - , - , - , 41.9 ," 481,971 "," 481,971 "," 339,187 ", - ," 339,187 ", 41.9 ," 120,384 "," 120,384 "," 62,517 "," 5,135 "," 32,726 "," 2,986 "," 21,670 "," 8,437 "," 10,096 ", 1 , - ," 339,187 ", 84.4 
부안읍," 186,046 "," 186,046 "," 137,126 ", 73.7 ,,,,,,,,, 6.4 ," 92,600 "," 92,600 "," 77,491 ",," 77,491 ", 6.4 ," 93,446 "," 93,446 "," 59,635 "," 5,135 "," 29,844 "," 2,986 "," 21,670 "," 2,982 "," 3,200 ", 1 ,," 77,491 ", 56.5 
주산면," 27,754 "," 27,754 ", - , - ,,,,,,,,, 1.5 ," 27,754 "," 27,754 ", - ,, - , 1.5 ,, - , - ,,,,, - , - ,,, - , - 
동진면," 37,934 "," 37,934 "," 33,686 ", 88.8 ,,,,,,,,, 3.0 ," 37,934 "," 37,934 "," 33,686 ",," 33,686 ", 3.0 , - , - , - ,,,,, 674 ," 1,010 ",,," 33,686 ", 100.0 
행안면," 10,000 "," 10,000 "," 7,000 ", 70.0 ,,,,,,,,, 0.1 ," 10,000 "," 10,000 "," 7,000 ",," 7,000 ", 0.1 ,, - , - ,,,,, 140 , 360 ,,," 7,000 ", 100.0 
계화면," 55,746 "," 55,746 "," 43,749 ", 78.5 ,,,,,,,,, 3.6 ," 53,997 "," 53,997 "," 42,000 ",," 42,000 ", 3.6 ," 1,749 "," 1,749 "," 1,749 ",," 1,749 ",,, 944 ," 1,180 ",,," 42,000 ", 96.0 
보안면," 30,000 "," 30,000 "," 9,224 ", 30.7 ,,,,,,,,, 0.2 ," 30,000 "," 30,000 "," 9,224 ",," 9,224 ", 0.2 ,, - , - ,,,,, 222 , 230 ,,," 9,224 ", 100.0 
변산면," 80,271 "," 80,271 "," 74,285 ", 92.5 ,,,,,,,,, 7.0 ," 79,601 "," 79,601 "," 73,615 ",," 73,615 ", 7.0 , 670 , 670 , 670 ,, 670 ,,," 1,567 "," 1,510 ",,," 73,615 ", 99.1 
진서면," 50,460 "," 50,460 "," 15,829 ", 31.4 ,,,,,,,,, 4.8 ," 25,941 "," 25,941 "," 15,366 ",," 15,366 ", 4.8 ," 24,519 "," 24,519 ", 463 ,, 463 ,,, 307 , 772 ,,," 15,366 ", 97.1 
백산면," 33,750 "," 33,750 "," 33,750 ", 100.0 ,,,,,,,,, 3.1 ," 33,750 "," 33,750 "," 33,750 ",," 33,750 ", 3.1 ,, - , - ,,,,, 675 , 660 ,,," 33,750 ", 100.0 
상서면," 15,281 "," 15,281 "," 13,871 ", 90.8 ,,,,,,,,, 3.5 ," 15,281 "," 15,281 "," 13,871 ",," 13,871 ", 3.5 ,, - , - ,,,,, 277 , 262 ,,," 13,871 ", 100.0 
하서면," 20,000 "," 20,000 "," 20,000 ", 100.0 ,,,,,,,,, 3.2 ," 20,000 "," 20,000 "," 20,000 ",," 20,000 ", 3.2 ,, - , - ,,,,, 260 , 167 ,,," 20,000 ", 100.0 
줄포면," 50,550 "," 50,550 "," 13,184 ", 26.1 ,,, - , - ,,,,, 5.3 ," 50,550 "," 50,550 "," 13,184 ",," 13,184 ", 5.3 ,, - , - ,,,,, 389 , 745 ,,," 13,184 ", 100.0 
위도면," 4,563 "," 4,563 ", - , - ,,, - , - ,,,,, 0.2 ," 4,563 "," 4,563 ", - ,, - , 0.2 ,, - , - ,,,,,,,,, - , - 
전라남도," 13,244,645 "," 14,420,077 "," 10,281,943 ", 71.3 , 211.8 ," 2,280,987 "," 2,321,864 "," 1,694,702 "," 253,100 "," 754,479 "," 139,112 "," 548,011 ", 561.5 ," 6,911,300 "," 7,664,692 "," 5,643,366 "," 11,573 "," 5,631,793 "," 1,072.9 "," 4,051,955 "," 4,433,521 "," 2,943,875 "," 396,556 "," 1,810,450 "," 305,296 "," 431,574 "," 149,131 "," 565,223 ", 351 ," 1,685 "," 6,757,212 ", 65.7 
시부," 4,996,367 "," 5,399,725 "," 4,111,759 ", 76.1 , 128.8 ," 1,515,897 "," 1,546,394 "," 1,250,121 "," 195,578 "," 614,510 "," 100,028 "," 340,005 ", 203.3 ," 2,381,973 "," 2,561,458 "," 1,644,369 "," 4,657 "," 1,639,712 ", 185.8 ," 1,098,094 "," 1,291,873 "," 1,217,269 "," 155,490 "," 922,214 "," 60,488 "," 79,077 "," 69,640 "," 397,685 ", 229 , 829 ," 2,801,754 ", 68.1 
목포시," 1,032,776 "," 1,032,776 "," 856,822 ", 83.0 , 5.0 ," 560,340 "," 560,340 "," 425,613 "," 99,047 "," 251,435 "," 3,371 "," 71,760 ", 47.0 ," 270,260 "," 270,260 "," 229,033 ", - ," 229,033 ", 47.0 ," 202,176 "," 202,176 "," 202,176 "," 26,959 "," 165,533 ", 856 ," 8,828 "," 17,465 "," 123,536 ", 32 , 251 ," 827,952 ", 96.6 
여수시," 1,202,338 "," 1,251,620 "," 1,126,860 ", 90.0 , 67.8 ," 276,168 "," 292,171 "," 283,207 "," 23,338 "," 141,740 "," 29,115 "," 89,014 ", 53.5 ," 516,235 "," 541,684 "," 426,057 ", - ," 426,057 ", 53.5 ," 409,935 "," 417,765 "," 417,596 "," 56,587 "," 271,533 "," 46,663 "," 42,813 "," 18,429 "," 107,949 ", 87 , 85 ," 475,338 ", 42.2 
돌산읍," 80,599 "," 80,599 "," 77,388 ", 96.0 ,, - , - , - ,,,,, 4.9 ," 48,471 "," 48,471 "," 45,260 ",," 45,260 ", 4.9 ," 32,128 "," 32,128 "," 32,128 "," 3,311 "," 23,301 "," 1,863 "," 3,653 ", 498 ," 4,549 ", - , - ," 61,562 ", 79.5 
소라면," 41,740 "," 41,740 "," 40,186 ", 96.3 , 0.1 ," 10,629 "," 10,629 "," 10,575 ", 888 ," 4,692 "," 2,196 "," 2,799 ", 3.3 ," 16,176 "," 16,176 "," 14,676 ",," 14,676 ", 3.3 ," 14,935 "," 14,935 "," 14,935 "," 13,609 "," 1,326 ",,, 533 ," 2,760 ", - , 3 ," 33,902 ", 84.4 
율촌면," 41,107 "," 41,107 "," 25,944 ", 63.1 , 0.2 ," 10,508 "," 10,508 "," 10,508 ", 886 ," 3,742 "," 2,599 "," 3,281 ", 8.6 ," 30,599 "," 30,599 "," 15,436 ",," 15,436 ", 8.6 , - , - , - ,,,,, 71 , 770 , - , - ," 3,793 ", 14.6 
화양면," 6,724 "," 6,724 "," 5,224 ", 77.7 ,, - , - , - ,,,,, 1.5 ," 6,724 "," 6,724 "," 5,224 ",," 5,224 ", 1.5 , - , - , - ,,,,, 103 ," 1,821 ", - , - ," 3,273 ", 62.7 
남면," 6,280 "," 6,280 "," 5,180 ", 82.5 ,, - , - , - ,,,,, 1.8 ," 6,280 "," 6,280 "," 5,180 ",," 5,180 ", 1.8 , - , - , - ,,,,, 102 , 864 , - , - , - , - 
화정면," 1,826 "," 1,826 ", 926 , 50.7 ,, - , - , - ,,,,, 0.3 ," 1,826 "," 1,826 ", 926 ,, 926 , 0.3 , - , - , - ,,,,, 18 , 540 , - , - , - , - 
삼산면," 2,904 "," 2,904 "," 1,904 ", 65.6 ,, - , - , - ,,,,, 0.3 ," 2,904 "," 2,904 "," 1,904 ",," 1,904 ", 0.3 , - , - , - ,,,,, 37 , 688 , - , - , - , - 
동문동," 11,526 "," 11,526 "," 5,707 ", 49.5 , 0.9 ," 7,707 "," 7,707 "," 5,707 ", 384 ," 3,514 ", 99 ," 1,710 ",," 3,819 "," 3,819 ", - ,,, - , - , - , - ,,,,, 242 ," 2,400 ", - , 7 ," 5,707 ", 100.0 
한려동," 12,257 "," 18,770 "," 15,770 ", 84.0 , 0.9 ," 8,547 "," 8,547 "," 5,547 ", 326 ," 3,624 ", 87 ," 1,510 ",," 3,710 "," 10,223 "," 10,223 ",," 10,223 ", - , - , - , - ,,,,, 198 ," 1,739 ", 4 , - ," 3,928 ", 24.9 
중앙동," 6,790 "," 6,790 "," 4,904 ", 72.2 , 0.5 ," 4,778 "," 4,778 "," 3,368 ", 261 ," 1,942 ", 64 ," 1,101 ",," 2,012 "," 2,012 "," 1,536 ",," 1,536 ", - , - , - , - ,,,,, 186 ," 2,525 ", 6 , 13 ," 4,904 ", 100.0 
충무동," 15,716 "," 15,716 "," 9,193 ", 58.5 , 1.4 ," 10,173 "," 10,173 "," 8,173 ", 557 ," 4,991 ", 143 ," 2,482 ",," 5,543 "," 5,543 "," 1,020 ",," 1,020 ", - , - , - , - ,,,,, 361 ," 2,363 ", 16 , 7 ," 3,165 ", 34.4 
광림동," 35,822 "," 35,822 "," 25,140 ", 70.2 , 3.4 ," 21,861 "," 21,861 "," 21,861 "," 1,403 "," 13,847 ", 361 ," 6,250 ",," 13,961 "," 13,961 "," 3,279 ",," 3,279 ", - , - , - , - ,,,,, 884 ," 3,230 ", 9 , 3 ," 1,855 ", 7.4 
서강동," 7,157 "," 7,157 "," 3,988 ", 55.7 , 0.7 ," 4,488 "," 4,488 "," 3,988 ", 268 ," 2,456 ", 69 ," 1,195 ",," 2,669 "," 2,669 ", - ,,, - , - , - , - ,,,,, 169 ," 1,920 ", - , - , 159 , 4.0 
대교동," 30,001 "," 30,001 "," 23,431 ", 78.1 , 1.1 ," 9,817 "," 9,817 "," 9,817 ", 660 ," 6,046 ", 170 ," 2,941 ", 0.5 ," 12,280 "," 12,280 "," 5,710 ",," 5,710 ", 0.5 ," 7,904 "," 7,904 "," 7,904 ", 476 ," 5,094 ", 481 ," 1,853 ", 416 ," 3,239 ", - , - ," 4,251 ", 18.1 
국동," 31,642 "," 31,642 "," 25,280 ", 79.9 , 0.9 ," 9,387 "," 9,387 "," 9,387 ", 631 ," 5,781 ", 162 ," 2,813 ", 0.6 ," 14,391 "," 14,391 "," 8,109 ",," 8,109 ", 0.6 ," 7,864 "," 7,864 "," 7,784 ", 681 ," 4,871 ", 460 ," 1,772 ", 398 ," 6,040 ", 20 , 4 ," 4,173 ", 16.5 
월호동," 98,043 "," 99,043 "," 92,295 ", 93.2 , 4.8 ," 40,595 "," 41,595 "," 41,595 "," 2,797 "," 25,115 ", 720 ," 12,963 ", 2.0 ," 24,956 "," 24,956 "," 18,208 ",," 18,208 ", 2.0 ," 32,492 "," 32,492 "," 32,492 "," 1,017 "," 21,585 "," 2,037 "," 7,853 "," 1,762 "," 3,009 ", - , 1 ," 1,311 ", 1.4 
여서동," 72,904 "," 84,403 "," 84,403 ", 100.0 , 1.0 ," 15,831 "," 16,831 "," 16,831 "," 1,065 "," 9,749 ", 774 ," 5,243 ", 1.5 ," 24,729 "," 35,228 "," 35,228 ",," 35,228 ", 1.5 ," 32,344 "," 32,344 "," 32,344 "," 2,367 "," 20,214 "," 1,775 "," 7,988 ", 671 ," 8,292 ", - , 2 ," 30,345 ", 36.0 
문수동," 81,227 "," 82,230 "," 73,962 ", 89.9 , 0.7 ," 13,805 "," 14,808 "," 14,808 ", 928 ," 8,502 ", 739 ," 4,639 ", 1.6 ," 36,595 "," 36,595 "," 28,356 ",," 28,356 ", 1.6 ," 30,827 "," 30,827 "," 30,798 "," 2,374 "," 19,836 "," 2,006 "," 6,582 ", 754 ," 8,722 ", 15 , 6 ," 26,019 ", 35.2 
미평동," 60,709 "," 60,709 "," 48,021 ", 79.1 , 1.9 ," 18,959 "," 18,959 "," 18,959 "," 1,275 "," 11,676 ", 328 ," 5,680 ", 1.2 ," 25,986 "," 25,986 "," 13,298 ",," 13,298 ", 1.2 ," 15,764 "," 15,764 "," 15,764 "," 1,419 "," 9,838 ", 928 ," 3,579 ", 803 ," 5,832 ", 4 , 5 ," 19,445 ", 40.5 
둔덕동," 71,508 "," 72,508 "," 57,745 ", 79.6 , 2.9 ," 25,033 "," 26,033 "," 26,033 "," 1,683 "," 15,917 ", 933 ," 7,500 ", 1.2 ," 25,660 "," 25,660 "," 10,957 ",," 10,957 ", 1.2 ," 20,815 "," 20,815 "," 20,755 "," 1,814 "," 12,989 "," 1,226 "," 4,726 "," 1,060 "," 4,038 ", 8 , 9 ," 6,344 ", 11.0 
만덕동," 25,471 "," 40,499 "," 40,499 ", 100.0 , 15.8 ," 13,421 "," 25,421 "," 25,421 "," 6,298 "," 6,411 "," 5,446 "," 7,266 ",," 12,050 "," 15,078 "," 15,078 ",," 15,078 ", - , - , - , - ,,,,, 267 ," 3,774 ", 2 , - ," 15,078 ", 37.2 
쌍봉동," 115,036 "," 121,445 "," 121,445 ", 100.0 ,, - , - , - ,,,,, 7.2 ," 52,673 "," 58,082 "," 58,082 ",," 58,082 ", 7.2 ," 62,363 "," 63,363 "," 63,363 "," 8,916 "," 40,319 "," 12,915 "," 1,213 "," 1,565 "," 15,102 ", 2 , 21 ," 78,102 ", 64.3 
시전동," 98,206 "," 105,036 "," 103,876 ", 98.9 ,, - , - , - ,,,,, 6.1 ," 45,511 "," 45,511 "," 44,351 ",," 44,351 ", 6.1 ," 52,695 "," 59,525 "," 59,525 "," 8,502 "," 38,264 "," 10,441 "," 2,318 "," 4,679 "," 11,698 ", - , 2 ," 54,488 ", 52.5 
여천동," 120,727 "," 120,727 "," 118,247 ", 97.9 ,, - , - , - ,,,,, 7.5 ," 55,141 "," 55,141 "," 52,661 ",," 52,661 ", 7.5 ," 65,586 "," 65,586 "," 65,586 "," 9,377 "," 42,402 "," 12,531 "," 1,276 "," 1,645 "," 10,549 ", 1 , 1 ," 84,814 ", 71.7 
주삼동," 102,222 "," 102,222 "," 92,008 ", 90.0 , 2.3 ," 26,435 "," 26,435 "," 26,435 "," 1,958 "," 8,010 "," 5,895 "," 10,572 ", 3.4 ," 41,569 "," 41,569 "," 31,355 ",," 31,355 ", 3.4 ," 34,218 "," 34,218 "," 34,218 "," 2,724 "," 31,494 ",,, 525 ," 1,485 ", - , 1 ," 4,908 ", 5.3 
삼일동," 24,194 "," 24,194 "," 24,194 ", 100.0 , 28.4 ," 24,194 "," 24,194 "," 24,194 "," 1,070 "," 5,725 "," 8,330 "," 9,069 ",, - , - , - ,,, - , - , - , - ,,,,, 482 , - , - , - ," 23,812 ", 98.4 
묘도동, - , - , - , - ,, - , - , - ,,,,,, - , - , - ,,, - , - , - , - ,,,,,, - , - , - , - , - 
순천시," 1,487,041 "," 1,529,553 "," 866,864 ", 56.7 , 26.4 ," 329,246 "," 329,649 "," 329,649 "," 28,945 "," 116,900 "," 62,500 "," 121,304 ", 37.6 ," 1,042,524 "," 1,042,524 "," 379,835 "," 4,657 "," 375,178 ", 11.6 ," 114,868 "," 157,380 "," 157,380 "," 15,012 "," 118,989 "," 12,969 "," 10,410 "," 15,246 "," 43,615 ", 60 , 222 ," 796,841 ", 91.9 
동지역," 1,085,449 "," 1,127,352 "," 614,162 ", 54.5 , 10.6 ," 295,060 "," 295,463 "," 295,463 "," 25,178 "," 99,329 "," 62,295 "," 108,661 ", 15.0 ," 676,391 "," 676,391 "," 163,201 "," 4,657 "," 158,544 ", 4.6 ," 113,595 "," 155,498 "," 155,498 "," 14,403 "," 117,716 "," 12,969 "," 10,410 "," 8,686 "," 36,152 ", 60 , 99 ," 546,389 ", 89.0 
승주읍," 80,096 "," 80,096 "," 70,440 ", 87.9 , 3.0 ," 23,100 "," 23,100 "," 23,100 "," 1,267 "," 15,485 ", 55 ," 6,293 ", 4.3 ," 55,723 "," 55,723 "," 46,067 ", - ," 46,067 ", 1.3 ," 1,273 "," 1,273 "," 1,273 ", - ," 1,273 ", - , - ," 1,571 "," 1,455 ", - , 39 ," 70,404 ", 99.9 
해룡면," 17,324 "," 17,324 "," 1,053 ", 6.1 , 7.0 ," 1,053 "," 1,053 "," 1,053 ", - ," 1,053 ", - , - , 9.9 ," 16,271 "," 16,271 ", - , - , - , 3.0 , - , - , - , - , - , - , - , 26 , 450 , - , - ," 1,053 ", 100.0 
서면," 31,393 "," 31,393 "," 4,095 ", 13.0 , 0.8 ," 3,150 "," 3,150 "," 3,150 ", 650 , 300 , 50 ," 2,150 ", 1.1 ," 28,243 "," 28,243 ", 945 , - , 945 , 0.3 , - , - , - , - , - , - , - , 31 ,, - , - ," 4,065 ", 99.3 
황전면," 48,025 "," 48,025 "," 23,084 ", 48.1 , 0.5 , - , - , - , - , - , - , - , 0.8 ," 48,025 "," 48,025 "," 23,084 ", - ," 23,084 ", 0.2 , - , - , - , - , - , - , - , 578 , 458 , - , 21 ," 23,066 ", 99.9 
월등면," 25,045 "," 25,045 "," 20,324 ", 81.1 , 0.6 , - , - , - , - , - , - , - , 0.9 ," 25,045 "," 25,045 "," 20,324 ", - ," 20,324 ", 0.3 , - , - , - , - , - , - , - , 508 , 435 , - , - ," 20,324 ", 100.0 
주암면," 43,116 "," 43,116 "," 30,814 ", 71.5 , 2.0 , - , - , - , - , - , - , - , 2.8 ," 43,116 "," 43,116 "," 30,814 ", - ," 30,814 ", 0.9 , - , - , - , - , - , - , - , 770 ," 1,350 ", - , 22 ," 30,804 ", 100.0 
송광면," 15,740 "," 15,740 "," 13,522 ", 85.9 , 0.4 , - , - , - , - , - , - , - , 0.5 ," 15,740 "," 15,740 "," 13,522 ", - ," 13,522 ", 0.2 , - , - , - , - , - , - , - , 338 , 475 , - , 16 ," 13,522 ", 100.0 
외서면," 19,989 "," 19,989 "," 16,451 ", 82.3 , 0.1 ," 6,883 "," 6,883 "," 6,883 "," 1,850 ", 733 , 100 ," 4,200 ", 0.2 ," 13,106 "," 13,106 "," 9,568 ", - ," 9,568 ", 0.1 , - , - , - , - , - , - , - , 258 , 375 , - , - ," 16,451 ", 100.0 
낙안면," 49,492 "," 49,492 "," 39,862 ", 80.5 , 1.0 , - , - , - , - , - , - , - , 1.5 ," 49,492 "," 49,492 "," 39,862 ", - ," 39,862 ", 0.5 , - , - , - , - , - , - , - , 997 ," 1,250 ", - , 25 ," 39,714 ", 99.6 
별량면," 46,856 "," 46,856 "," 7,932 ", 16.9 , 0.3 , - , - , - , - , - , - , - , 0.4 ," 46,856 "," 46,856 "," 7,932 ", - ," 7,932 ", 0.1 , - , - , - , - , - , - , - , 198 , 830 , - , - ," 6,100 ", 76.9 
상사면," 24,516 "," 25,125 "," 25,125 ", 100.0 , 0.1 , - , - , - , - , - , - , - , 0.2 ," 24,516 "," 24,516 "," 24,516 ", - ," 24,516 ", 0.1 , - , 609 , 609 , 609 , - , - , - ," 1,285 ", 385 , - , - ," 24,949 ", 99.3 
나주시," 648,687 "," 958,745 "," 668,965 ", 69.8 , 3.9 ," 303,291 "," 317,382 "," 164,800 "," 15,199 "," 87,142 "," 5,042 "," 57,417 ", 21.8 ," 243,857 "," 396,735 "," 303,139 ", - ," 303,139 ", 30.2 ," 101,539 "," 244,628 "," 201,026 ", - ," 201,026 ", - , - ," 7,781 "," 103,457 ", 31 , 56 ," 263,654 ", 39.4 
시가지," 439,958 "," 439,958 "," 234,287 ", 53.3 , 1.1 ," 234,134 "," 234,134 "," 113,570 "," 12,756 "," 62,446 ", 312 ," 38,056 ", 9.0 ," 114,569 "," 114,569 "," 65,640 ", - ," 65,640 ", 25.1 ," 91,255 "," 91,255 "," 55,077 ", - ," 55,077 ",,," 3,210 "," 66,933 ", 23 , 44 ," 81,968 ", 35.0 
남평읍," 51,475 "," 146,603 "," 116,373 ", 79.4 , 2.0 ," 38,089 "," 38,089 "," 7,859 ", 4 ," 1,950 ", 780 ," 5,125 ", 1.2 ," 11,701 "," 56,303 "," 56,303 ", - ," 56,303 ", 2.5 ," 1,685 "," 52,211 "," 52,211 ", - ," 52,211 ",,, 391 ," 22,943 ", 2 , 2 ," 18,733 ", 16.1 
공산면," 52,762 "," 100,091 "," 90,879 ", 90.8 , 0.8 ," 31,068 "," 31,068 "," 29,280 ", 12 ," 16,409 "," 2,001 "," 10,858 ", 0.8 ," 13,095 "," 60,424 "," 60,424 ", - ," 60,424 ", 1.6 ," 8,599 "," 8,599 "," 1,175 ", - ," 1,175 ",,, 411 ," 5,120 ", 2 , 4 ," 6,267 ", 6.9 
금천면," 35,383 "," 46,880 "," 29,194 ", 62.3 ,,, - , - ,,,,, 0.4 ," 35,383 "," 35,383 "," 17,697 ",," 17,697 ",,," 11,497 "," 11,497 ", - ," 11,497 ",,, 609 ," 1,518 ", - , - ," 22,651 ", 77.6 
다시면," 41,658 "," 42,762 "," 15,781 ", 36.9 ,,, - , - ,,,,, 2.4 ," 41,658 "," 41,658 "," 14,677 ",," 14,677 ",,," 1,104 "," 1,104 ", - ," 1,104 ",,, 378 , 936 , - , - , - , - 
 산포면 ," 27,451 "," 58,032 "," 58,032 ", 100.0 ,,," 14,091 "," 14,091 "," 2,427 "," 6,337 "," 1,949 "," 3,378 ", 0.6 ," 27,451 "," 38,326 "," 38,326 ", - ," 38,326 ", 1.0 , - ," 5,615 "," 5,615 ", - ," 5,615 ",,, 342 , 452 , 4 , 6 ," 25,000 ", 43.1 
 노안면 , - ," 3,483 "," 3,483 ", 100.0 ,,, - , - , - , - , - , - ,,," 3,483 "," 3,483 ", - ," 3,483 ",,, - , - , - , - ,,, 120 ," 4,514 ", - , - , - , - 
 세지면 , - ," 1,283 "," 1,283 ", 100.0 ,,, - , - , - , - , - , - ,,," 1,283 "," 1,283 ", - ," 1,283 ",,, - , - , - , - ,,, 18 , 301 , - , - , - , - 
 반남면 , - ," 4,618 "," 4,618 ", 100.0 ,,, - , - , - , - , - , - ,,," 4,251 "," 4,251 ", - ," 4,251 ",,, 367 , 367 , - , 367 ,,, 43 , 303 , - , - , - , - 
 문평면 , - ," 6,000 "," 6,000 ", 100.0 ,,, - , - , - , - , - , - , - , - ," 6,000 "," 6,000 ", - ," 6,000 ", - , - , - , - , - , - ,,, 183 , 101 , - , - , - , - 
 빛가람동 , - ," 109,035 "," 109,035 ", 100.0 ,,, - , - , - , - , - , - , 7.3 , - ," 35,055 "," 35,055 ",," 35,055 ", - , - ," 73,980 "," 73,980 ", - ," 73,980 ",,," 2,076 ", 336 , - , - ," 109,035 ", 100.0 
 광양시 ," 625,525 "," 627,031 "," 592,248 ", 94.5 , 25.7 ," 46,852 "," 46,852 "," 46,852 "," 29,049 "," 17,293 ", - , 510 , 43.4 ," 309,097 "," 310,255 "," 306,305 ", - ," 306,305 ", 43.4 ," 269,576 "," 269,924 "," 239,091 "," 56,932 "," 165,133 ", - ," 17,026 "," 10,719 "," 19,128 ", 19 , 215 ," 437,969 ", 74.0 
광양읍," 255,976 "," 256,132 "," 237,571 ", 92.8 , 25.7 ," 46,852 "," 46,852 "," 46,852 "," 29,049 "," 17,293 ",, 510 , 14.0 ," 119,412 "," 119,568 "," 119,568 ",," 119,568 ", 14.0 ," 89,712 "," 89,712 "," 71,151 "," 20,837 "," 49,083 ",," 1,231 "," 4,099 "," 11,281 ", 19 , 59 ," 171,297 ", 72.1 
옥곡면," 35,904 "," 35,980 "," 32,712 ", 90.9 ,,, - , - ,,,,, 3.7 ," 30,734 "," 30,734 "," 27,466 ",," 27,466 ", 3.7 ," 5,170 "," 5,246 "," 5,246 "," 2,258 "," 2,746 ",, 242 , 770 , 662 ,, 12 ," 5,170 ", 15.8 
진상면," 31,085 "," 31,191 "," 30,959 ", 99.3 ,,, - , - ,,,,, 0.6 ," 24,000 "," 24,000 "," 23,768 ",," 23,768 ", 0.6 ," 7,085 "," 7,191 "," 7,191 "," 2,257 "," 4,690 ",, 244 , 484 , 437 ,, 12 ," 7,085 ", 22.9 
진월면," 36,285 "," 36,285 "," 36,268 ", 100.0 ,,, - , - ,,,,, 0.5 ," 30,112 "," 30,112 "," 30,112 ",," 30,112 ", 0.5 ," 6,173 "," 6,173 "," 6,156 "," 1,916 "," 4,040 ",, 200 , 523 , 726 ,, 24 ," 6,173 ", 17.0 
중마·골약동," 164,826 "," 164,826 "," 164,376 ", 99.7 ,,,,,,,,, 23.0 ," 67,185 "," 67,185 "," 66,735 ",," 66,735 ", 23.0 ," 97,641 "," 97,641 "," 97,641 "," 9,169 "," 74,393 ",," 14,079 "," 3,107 "," 4,172 ",, 72 ," 157,882 ", 96.0 
광영동," 53,666 "," 53,666 "," 41,411 ", 77.2 ,,, - , - ,,,,, 0.5 ," 17,687 "," 17,687 "," 17,687 ",," 17,687 ", 0.5 ," 35,979 "," 35,979 "," 23,724 "," 10,708 "," 12,152 ",, 864 , 751 , 271 ,, 3 ," 41,411 ", 100.0 
태인동," 47,783 "," 48,951 "," 48,951 ", 100.0 ,,, - , - ,,,,, 1.1 ," 19,967 "," 20,969 "," 20,969 ",," 20,969 ", 1.1 ," 27,816 "," 27,982 "," 27,982 "," 9,787 "," 18,029 ",, 166 , 985 ," 1,579 ",, 33 ," 48,951 ", 100.0 
금호동, 공공하수처리구역 제외(포스코 자체 관리) ,,,,,,,,,,,,,,,,,,,,,,,,,,,,,,,
군부," 8,248,278 "," 9,020,352 "," 6,170,184 ", 68.4 , 83.0 ," 765,090 "," 775,470 "," 444,581 "," 57,522 "," 139,969 "," 39,084 "," 208,006 ", 358.2 ," 4,529,327 "," 5,103,234 "," 3,998,997 "," 6,916 "," 3,992,081 ", 887.1 ," 2,953,861 "," 3,141,648 "," 1,726,606 "," 241,066 "," 888,236 "," 244,808 "," 352,497 "," 79,491 "," 167,538 ", 122 , 856 ," 3,955,458 ", 64.1 
담양군," 211,496 "," 489,554 "," 473,447 ", 96.7 , - , - , - , - , - , - , - , - , 5.9 ," 111,157 "," 368,528 "," 354,844 ", - ," 354,844 ", 5.9 ," 100,339 "," 121,026 "," 118,603 "," 12,636 "," 80,136 "," 5,290 "," 20,540 "," 12,732 ", - , - , 162 ," 473,447 ", 100.0 
담양읍," 69,095 "," 153,007 "," 153,007 ", 100.0 ,,, - , - ,,,,, 2.3 ," 12,708 "," 90,472 "," 90,472 ",," 90,472 ", 2.3 ," 56,387 "," 62,535 "," 62,535 "," 10,607 "," 39,339 "," 1,474 "," 11,116 "," 4,085 ", - ,, 60 ," 153,007 ", 100.0 
봉산면," 3,854 "," 7,980 "," 7,980 ", 100.0 ,,, - , - ,,,,, 0.7 ," 3,854 "," 7,980 "," 7,980 ",," 7,980 ", 0.7 ,, - , - ,,,,, 208 , - ,,," 7,980 ", 100.0 
고서면," 26,179 "," 29,263 "," 27,460 ", 93.8 ,,, - , - ,,,,, 0.6 ," 21,850 "," 21,850 "," 20,047 ",," 20,047 ", 0.6 ," 4,329 "," 7,413 "," 7,413 ", 446 ," 6,265 ", 409 , 293 , 677 , - ,, 29 ," 27,460 ", 100.0 
남면, - ," 20,471 "," 20,471 ", 100.0 ,,, - , - ,,,,,,," 20,471 "," 20,471 ",," 20,471 ", - ,, - , - ,,,,, 549 , - ,,," 20,471 ", 100.0 
창평면," 32,493 "," 58,819 "," 58,819 ", 100.0 ,,, - , - ,,,,, 0.7 ," 16,202 "," 40,243 "," 40,243 ",," 40,243 ", 0.7 ," 16,291 "," 18,577 "," 18,577 ", 367 ," 11,854 ", 150 ," 6,206 "," 1,606 ", - ,, 26 ," 58,819 ", 100.0 
대덕면," 13,692 "," 13,692 "," 12,107 ", 88.4 ,,, - , - ,,,,, 0.4 ," 10,817 "," 10,817 "," 10,233 ",," 10,233 ", 0.4 ," 2,875 "," 2,875 "," 1,875 ",," 1,114 ",, 761 , 291 , - ,, 3 ," 12,107 ", 100.0 
무정면," 24,790 "," 30,295 "," 18,998 ", 62.7 ,,, - , - ,,,,, 0.6 ," 24,790 "," 24,790 "," 13,494 ",," 13,494 ", 0.6 ,," 5,505 "," 5,505 ", 978 ," 3,989 ",, 538 , 529 , - ,, 8 ," 18,998 ", 100.0 
금성면," 13,031 "," 39,766 "," 39,766 ", 100.0 ,,, - , - ,,,,, 0.3 ," 6,278 "," 29,697 "," 29,697 ",," 29,697 ", 0.3 ," 6,753 "," 10,069 "," 10,069 ",," 6,819 "," 2,424 ", 826 , 894 , - ,, 15 ," 39,766 ", 100.0 
용면," 2,682 "," 25,027 "," 25,027 ", 100.0 ,,, - , - ,,,,, 0.1 ," 2,682 "," 25,027 "," 25,027 ",," 25,027 ", 0.1 ,, - , - ,,,,, 742 , - ,,," 25,027 ", 100.0 
월산면, - ," 12,114 "," 12,114 ", 100.0 ,,, - , - ,,,,,,," 12,114 "," 12,114 ",," 12,114 ", - ,, - , - ,,,,, 368 , - ,,," 12,114 ", 100.0 
수북면," 4,799 "," 57,589 "," 57,589 ", 100.0 ,,, - , - ,,,,, 0.1 ," 1,907 "," 54,350 "," 54,350 ",," 54,350 ", 0.1 ," 2,892 "," 3,240 "," 3,240 ", 239 ," 1,571 ", 833 , 597 ," 1,681 ", - ,, 2 ," 57,589 ", 100.0 
대전면," 20,881 "," 41,530 "," 40,108 ", 96.6 ,,, - , - ,,,,, 0.2 ," 10,069 "," 30,718 "," 30,718 ",," 30,718 ", 0.2 ," 10,812 "," 10,812 "," 9,390 ",," 9,185 ",, 205 ," 1,102 ", - ,, 19 ," 40,108 ", 100.0 
곡성군," 358,098 "," 387,812 "," 338,217 ", 87.2 , - , - , - , - , - , - , - , - , 6.7 ," 265,926 "," 265,926 "," 216,331 ", - ," 216,331 ", 6.1 ," 92,172 "," 121,886 "," 121,886 "," 27,717 "," 68,581 "," 25,588 ", - ," 6,517 "," 7,277 ", 18 , 62 ," 338,217 ", 100.0 
"곡성읍,오곡면"," 122,893 "," 122,893 "," 121,731 ", 99.1 ,,, - , - ,,,,, 3.5 ," 69,602 "," 69,602 "," 68,440 ",," 68,440 ", 3.5 ," 53,291 "," 53,291 "," 53,291 "," 12,447 "," 33,910 "," 6,934 ",," 2,783 "," 2,990 ", 4 , 22 ," 121,731 ", 100.0 
석곡면," 35,883 "," 35,883 "," 32,086 ", 89.4 ,,, - , - ,,,,, 0.8 ," 23,050 "," 23,050 "," 19,253 ",," 19,253 ", 0.8 ," 12,833 "," 12,833 "," 12,833 "," 4,870 "," 6,509 "," 1,454 ",, 714 , 744 , 3 , 13 ," 32,086 ", 100.0 
옥과면," 49,448 "," 49,448 "," 41,616 ", 84.2 ,,, - , - ,,,,, 0.8 ," 30,800 "," 30,800 "," 22,968 ",," 22,968 ", 0.8 ," 18,648 "," 18,648 "," 18,648 "," 4,171 "," 12,356 "," 2,121 ",, 904 ," 1,711 ", - , 11 ," 41,616 ", 100.0 
입  면," 38,176 "," 38,176 "," 37,040 ", 97.0 ,,, - , - ,,,,, 1.0 ," 30,776 "," 30,776 "," 29,640 ",," 29,640 ", 1.0 ," 7,400 "," 7,400 "," 7,400 "," 1,083 "," 4,463 "," 1,854 ",," 1,058 ", 916 , - , 8 ," 37,040 ", 100.0 
기타지역," 111,698 "," 141,412 "," 105,744 ", 74.8 ,,, - , - ,,,,, 0.6 ," 111,698 "," 111,698 "," 76,030 ",," 76,030 ", - , - ," 29,714 "," 29,714 "," 5,146 "," 11,343 "," 13,225 ",," 1,058 ", 916 , 11 , 8 ," 105,744 ", 100.0 
구례군," 232,175 "," 232,175 "," 221,107 ", 95.2 , - , - , - , - , - , - , - , - , 57.0 ," 171,938 "," 171,938 "," 164,337 ", - ," 164,337 ", 57.0 ," 60,237 "," 60,237 "," 56,770 ", - ," 52,612 ", - ," 4,158 "," 2,879 "," 6,491 ", - , 189 ," 221,107 ", 100.0 
구례읍," 168,651 "," 168,651 "," 168,651 ", 100.0 , - , - , - , - , - , - , - , - , 12.8 ," 126,867 "," 126,867 "," 126,867 ", - ," 126,867 ", 12.8 ," 41,784 "," 41,784 "," 41,784 ", - ," 38,811 ", - ," 2,973 "," 2,073 "," 4,643 ",, 112 ," 168,651 ", 100.0 
마산면," 27,993 "," 27,993 "," 27,993 ", 100.0 , - , - , - , - , - , - , - , - , 14.9 ," 18,415 "," 18,415 "," 18,415 ", - ," 18,415 ", 14.9 ," 9,578 "," 9,578 "," 9,578 ", - ," 8,393 ", - ," 1,185 ", 538 , 828 ,, 17 ," 27,993 ", 100.0 
산동면," 35,531 "," 35,531 "," 24,463 ", 68.8 , - , - , - , - , - , - , - , - , 29.3 ," 26,656 "," 26,656 "," 19,055 ", - ," 19,055 ", 29.3 ," 8,875 "," 8,875 "," 5,408 ", - ," 5,408 ", - , - , 268 ," 1,020 ",, 60 ," 24,463 ", 100.0 
고흥군," 473,398 "," 485,120 "," 369,626 ", 76.2 , 0.2 ," 225,787 "," 226,305 "," 216,940 "," 26,884 "," 54,170 "," 11,247 "," 124,639 ", 0.2 ," 192,970 "," 204,174 "," 146,229 ", - ," 146,229 ", 0.2 ," 54,641 "," 54,641 "," 6,457 ", - ," 6,457 ", - , - ," 1,940 "," 14,063 ", 12 , 1 , - , - 
고흥읍," 101,572 "," 101,572 "," 75,658 ", 74.5 , 0.1 ," 56,790 "," 56,790 "," 56,790 "," 8,342 "," 24,956 "," 3,149 "," 20,343 ", 0.0 ," 34,737 "," 34,737 "," 17,340 ", - ," 17,340 ", 0.1 ," 10,045 "," 10,045 "," 1,528 ", - ," 1,528 ", - , - , 322 ," 4,554 ", - , 1 , - , - 
도양읍," 65,652 "," 66,170 "," 42,567 ", 64.3 , 0.0 ," 29,238 "," 29,756 "," 29,756 "," 1,359 "," 5,373 "," 1,244 "," 21,780 ", 0.0 ," 26,036 "," 26,036 "," 12,357 ", - ," 12,357 ", 0.1 ," 10,378 "," 10,378 ", 454 , - , 454 , - , - , 315 ," 4,044 ", - , - , - , - 
풍양면," 72,341 "," 73,822 "," 69,697 ", 94.4 , 0.0 ," 33,707 "," 33,707 "," 33,707 ", 939 ," 7,322 "," 1,781 "," 23,665 ", 0.0 ," 33,683 "," 35,164 "," 35,164 ", - ," 35,164 ", 0.0 ," 4,951 "," 4,951 ", 826 , - , 826 , - , - , 150 , 984 , 4 , - , - , - 
금산면," 57,576 "," 57,576 "," 48,680 ", 84.5 , 0.0 ," 24,730 "," 24,730 "," 20,930 "," 8,271 "," 2,153 "," 1,001 "," 9,505 ", 0.0 ," 28,345 "," 28,345 "," 26,856 ", - ," 26,856 ", 0.0 ," 4,501 "," 4,501 ", 894 , - , 894 , - , - , 472 ," 1,321 ", - , - , - , - 
도화면," 58,551 "," 58,551 "," 43,910 ", 75.0 , 0.0 ," 28,208 "," 28,208 "," 28,208 "," 7,100 "," 3,802 "," 1,211 "," 16,095 ", 0.0 ," 25,989 "," 25,989 "," 15,227 ", - ," 15,227 ", 0.0 ," 4,354 "," 4,354 ", 475 , - , 475 , - , - , 182 ," 1,211 ", - , - , - , - 
포두면," 60,516 "," 60,516 "," 38,494 ", 63.6 , 0.0 ," 28,229 "," 28,229 "," 22,668 ", 193 ," 4,860 "," 1,622 "," 15,993 ", 0.0 ," 19,565 "," 19,565 "," 14,228 ", - ," 14,228 ", 0.0 ," 12,722 "," 12,722 "," 1,598 ", - ," 1,598 ", - , - , 228 , 910 , 5 , - , - , - 
점암면," 21,187 "," 21,187 "," 11,280 ", 53.2 , 0.0 ," 8,905 "," 8,905 "," 8,901 ", - ," 1,103 ", 491 ," 7,307 ", 0.0 ," 11,535 "," 11,535 "," 2,254 ", - ," 2,254 ", 0.0 , 747 , 747 , 125 , - , 125 , - , - , 124 , 260 , - , - , - , - 
과역면," 36,003 "," 45,726 "," 39,340 ", 86.0 , 0.0 ," 15,980 "," 15,980 "," 15,980 ", 680 ," 4,601 ", 748 ," 9,951 ", 0.0 ," 13,080 "," 22,803 "," 22,803 ", - ," 22,803 ", 0.0 ," 6,943 "," 6,943 ", 557 , - , 557 , - , - , 147 , 779 , 3 , - , - , - 
보성군," 599,627 "," 603,334 "," 357,662 ", 59.3 , - , - , - , - , - , - , - , - , 21.0 ," 285,017 "," 288,724 "," 223,697 ", - ," 223,697 ", - ," 314,610 "," 314,610 "," 133,965 "," 8,676 "," 62,999 "," 16,004 "," 46,286 "," 4,168 "," 16,543 ", - , 48 ," 351,937 ", 98.4 
보성읍," 100,647 "," 100,647 "," 77,122 ", 76.6 ,,, - , - ,,,,, 5.0 ," 29,269 "," 29,269 "," 21,810 ",," 21,810 ",," 71,378 "," 71,378 "," 55,312 "," 2,611 "," 25,600 "," 12,296 "," 14,805 "," 1,122 "," 5,520 ", - , 13 ," 77,122 ", 100.0 
벌교읍," 83,724 "," 83,724 "," 68,412 ", 81.7 ,,, - , - ,,,,, 9.0 ," 25,583 "," 25,583 "," 25,583 ",," 25,583 ",," 58,141 "," 58,141 "," 42,829 "," 4,555 "," 21,017 ", 953 ," 16,304 ", 986 ," 4,540 ", - , 16 ," 62,687 ", 91.6 
노동면," 33,169 "," 33,169 "," 10,940 ", 33.0 ,,, - , - ,,,,, 1.0 ," 18,200 "," 18,200 "," 10,710 ",," 10,710 ",," 14,969 "," 14,969 ", 230 ,, 230 ,,, 34 , 173 , - , - ," 10,940 ", 100.0 
미력면," 22,605 "," 22,605 "," 7,122 ", 31.5 ,,, - , - ,,,,, 0.3 ," 10,020 "," 10,020 "," 7,014 ",," 7,014 ",," 12,585 "," 12,585 ", 108 ,, 108 ,,, 106 , 276 , - , - ," 7,122 ", 100.0 
겸백면," 28,932 "," 28,932 "," 10,725 ", 37.1 ,,, - , - ,,,,,," 15,150 "," 15,150 "," 10,605 ",," 10,605 ",," 13,782 "," 13,782 ", 120 ,, 120 ,,, 32 , 155 , - , - ," 10,725 ", 100.0 
율어면," 30,638 "," 30,638 "," 15,250 ", 49.8 ,,, - , - ,,,,, 0.1 ," 16,702 "," 16,702 "," 15,132 ",," 15,132 ",," 13,936 "," 13,936 ", 118 ,, 118 ,,, 94 , 242 , - , - ," 15,250 ", 100.0 
복내면," 33,249 "," 33,249 "," 21,387 ", 64.3 ,,, - , - ,,,,, 0.1 ," 23,449 "," 23,449 "," 16,205 ",," 16,205 ",," 9,800 "," 9,800 "," 5,182 ",," 4,841 ",, 341 , 130 , 880 , - , - ," 21,387 ", 100.0 
문덕면," 19,173 "," 19,173 "," 12,670 ", 66.1 ,,, - , - ,,,,,," 13,200 "," 13,200 "," 10,401 ",," 10,401 ",," 5,973 "," 5,973 "," 2,269 ", 35 , 856 ,," 1,378 ", 90 , 453 , - , - ," 12,670 ", 100.0 
조성면," 86,838 "," 86,838 "," 39,242 ", 45.2 ,,, - , - ,,,,, 4.0 ," 47,761 "," 47,761 "," 29,812 ",," 29,812 ",," 39,077 "," 39,077 "," 9,430 ", 194 ," 3,080 "," 2,114 "," 4,042 ", 425 ," 1,145 ", - , - ," 39,242 ", 100.0 
득량면," 122,607 "," 122,607 "," 64,980 ", 53.0 ,,, - , - ,,,,, 1.0 ," 67,433 "," 67,433 "," 54,468 ",," 54,468 ",," 55,174 "," 55,174 "," 10,512 ", 768 ," 2,060 ", 641 ," 7,043 ", 666 ," 1,848 ", - , - ," 64,980 ", 100.0 
회천면," 13,115 "," 13,115 "," 13,115 ", 100.0 ,,, - , - ,,,,, 0.3 ," 5,820 "," 5,820 "," 5,820 ",," 5,820 ",," 7,295 "," 7,295 "," 7,295 ", 513 ," 4,409 ",," 2,373 ", 190 , 810 , - , 19 ," 13,115 ", 100.0 
웅치면," 24,930 "," 28,637 "," 16,697 ", 58.3 ,,, - , - ,,,,, 0.2 ," 12,430 "," 16,137 "," 16,137 ",," 16,137 ",," 12,500 "," 12,500 ", 560 ,, 560 ,,, 293 , 501 , - , - ," 16,697 ", 100.0 
화순군," 401,997 "," 408,687 "," 319,408 ", 78.2 , 0.6 ," 43,566 "," 43,566 "," 19,740 "," 10,021 "," 9,719 ", - , - , 24.4 ," 207,206 "," 213,896 "," 205,888 ", - ," 205,888 ", 18.2 ," 151,225 "," 151,225 "," 93,780 "," 8,870 "," 66,178 "," 11,230 "," 7,502 "," 5,020 "," 29,575 ", 4 , 182 , - , - 
화순읍," 323,930 "," 330,620 "," 263,170 ", 79.6 , 0.4 ," 35,613 "," 35,613 "," 18,841 "," 10,021 "," 8,820 ", - , - , 18.9 ," 160,236 "," 166,926 "," 166,926 ", - ," 166,926 ", 12.7 ," 128,081 "," 128,081 "," 77,403 "," 7,398 "," 56,919 "," 8,893 "," 4,193 "," 3,914 "," 26,915 ", 4 , 182 , - , - 
도곡면," 16,827 "," 16,827 "," 13,203 ", 78.5 , - ," 2,655 "," 2,655 ", 209 , - , 209 , - , - , 2.6 ," 7,963 "," 7,963 "," 7,963 ", - ," 7,963 ", 2.6 ," 6,209 "," 6,209 "," 5,031 "," 1,211 "," 3,820 ", - , - , 273 , 398 , - , - , - , - 
북면," 12,420 "," 12,420 "," 5,168 ", 41.6 , - ," 4,748 "," 4,748 ", 140 , - , 140 , - , - , 0.1 ," 2,935 "," 2,935 "," 2,698 ", - ," 2,698 ", 0.1 ," 4,737 "," 4,737 "," 2,330 ", 173 ," 2,157 ", - , - , 159 , 72 , - , - , - , - 
동복면," 22,100 "," 22,100 "," 13,867 ", 62.7 , - , 250 , 250 , 250 , - , 250 , - , - , 1.1 ," 14,766 "," 14,766 "," 8,835 ", - ," 8,835 ", 1.1 ," 7,084 "," 7,084 "," 4,782 ", 23 ," 2,055 "," 1,415 "," 1,289 ", 277 , 767 , - , - , - , - 
남면," 26,720 "," 26,720 "," 24,000 ", 89.8 , 0.3 , 300 , 300 , 300 , - , 300 , - , - , 1.7 ," 21,306 "," 21,306 "," 19,466 ", - ," 19,466 ", 1.7 ," 5,114 "," 5,114 "," 4,234 ", 65 ," 1,227 ", 922 ," 2,020 ", 397 ," 1,423 ", - , - , - , - 
장흥군," 356,636 "," 427,350 "," 312,514 ", 73.1 , - , - , - , - , - , - , - , - , 11.9 ," 234,324 "," 234,324 "," 154,836 ", - ," 154,836 ", 618.2 ," 122,312 "," 193,026 "," 157,678 "," 61,512 "," 56,236 ", - ," 39,930 "," 3,393 "," 4,461 ", - , - ," 245,722 ", 78.6 
장흥읍," 103,040 "," 173,753 "," 155,835 ", 89.7 , - , - , - , - , - , - , - , - , 4.1 ," 83,919 "," 83,919 "," 66,001 ", - ," 66,001 ", 55.9 ," 19,121 "," 89,834 "," 89,834 "," 42,815 "," 22,319 ", - ," 24,700 "," 1,621 "," 2,607 ",,," 103,131 ", 66.2 
관산읍," 76,359 "," 76,359 "," 42,411 ", 55.5 , - , - , - , - , - , - , - , - , 1.6 ," 29,731 "," 29,731 "," 23,842 ", - ," 23,842 ", 71.8 ," 46,628 "," 46,628 "," 18,569 "," 3,569 "," 12,085 ", - ," 2,915 ", 475 , 558 ,,," 42,411 ", 100.0 
대덕읍," 70,735 "," 70,735 "," 50,621 ", 71.6 , - , - , - , - , - , - , - , - , 2.5 ," 44,317 "," 44,317 "," 28,580 ", - ," 28,580 ", 58.1 ," 26,418 "," 26,418 "," 22,041 "," 9,144 "," 10,426 ", - ," 2,471 ", 833 , 785 ,,," 40,671 ", 80.3 
용산면," 11,234 "," 11,234 "," 6,297 ", 56.1 , - , - , - , - , - , - , - , - , 0.4 ," 4,937 "," 4,937 "," 2,421 ", - ," 2,421 ", 72.3 ," 6,297 "," 6,297 "," 3,876 ", 644 , 678 , - ," 2,554 ",,,,," 6,296 ", 100.0 
안양면," 30,260 "," 30,261 "," 14,307 ", 47.3 , - , - , - , - , - , - , - , - , 1.1 ," 24,140 "," 24,140 "," 8,186 ", - ," 8,186 ", 51.2 ," 6,120 "," 6,121 "," 6,121 ", 557 ," 2,165 ", - ," 3,399 ",,,,," 14,307 ", 100.0 
장동면," 4,380 "," 4,380 ", - , - , - , - , - , - , - , - , - , - , 0.2 ," 4,380 "," 4,380 ", - , - , - , 44.8 , - , - , - , - , - , - , - ,,,,, - , - 
장평면," 6,837 "," 6,837 ", - , - , - , - , - , - , - , - , - , - , 0.0 ," 6,837 "," 6,837 ", - , - , - , 77.9 , - , - , - , - , - , - , - ,,,,, - , - 
유치면," 16,576 "," 16,576 "," 16,576 ", 100.0 , - , - , - , - , - , - , - , - , 1.2 ," 11,063 "," 11,063 "," 11,063 ", - ," 11,063 ", 122.2 ," 5,513 "," 5,513 "," 5,513 ", - ," 3,621 ", - ," 1,892 ",,,,," 16,576 ", 100.0 
부산면," 7,089 "," 7,089 ", - , - , - , - , - , - , - , - , - , - , 0.2 ," 7,089 "," 7,089 ", - , - , - , 38.0 , - , - , - , - , - , - , - ,,,,, - , - 
회진면," 30,126 "," 30,126 "," 26,467 ", 87.9 , - , - , - , - , - , - , - , - , 0.6 ," 17,911 "," 17,911 "," 14,743 ", - ," 14,743 ", 26.0 ," 12,215 "," 12,215 "," 11,724 "," 4,783 "," 4,942 ", - ," 1,999 ", 464 , 511 ,,," 22,330 ", 84.4 
강진군," 334,907 "," 334,907 "," 331,181 ", 98.9 , - , - , - , - , - , - , - , - , 6.5 ," 196,236 "," 196,236 "," 192,510 ", - ," 192,510 ", 6.4 ," 138,671 "," 138,671 "," 138,671 "," 37,803 "," 57,572 ", 777 ," 42,519 "," 6,110 "," 8,135 ", - , 40 ," 274,640 ", 82.9 
강진읍," 136,236 "," 136,236 "," 136,236 ", 100.0 ,,, - , - ,,,,, 2.5 ," 75,524 "," 75,524 "," 75,524 ",," 75,524 ", 3.2 ," 60,712 "," 60,712 "," 60,712 "," 21,551 "," 31,875 ",," 7,286 "," 2,698 "," 3,082 ",, 16 ," 128,170 ", 94.1 
군동면," 18,563 "," 18,563 "," 18,563 ", 100.0 ,,, - , - ,,,,, 0.5 ," 13,826 "," 13,826 "," 13,826 ",," 13,826 ", 0.2 ," 4,737 "," 4,737 "," 4,737 ", 973 , 501 ,," 3,263 ", 296 , 505 ,,," 13,213 ", 71.2 
칠량면," 11,561 "," 11,561 "," 11,257 ", 97.4 ,,, - , - ,,,,, 0.3 ," 9,276 "," 9,276 "," 8,972 ",," 8,972 ", 0.1 ," 2,285 "," 2,285 "," 2,285 ", 248 , 519 ,," 1,518 ", 23 , 256 ,,," 8,050 ", 71.5 
대구면," 13,339 "," 13,339 "," 13,339 ", 100.0 ,,, - , - ,,,,, 0.1 ," 4,350 "," 4,350 "," 4,350 ",," 4,350 ", 0.3 ," 8,989 "," 8,989 "," 8,989 "," 1,168 "," 2,527 ", 129 ," 5,165 ", 185 , 358 ,,," 4,692 ", 35.2 
마량면," 45,623 "," 45,623 "," 45,623 ", 100.0 ,,, - , - ,,,,, 0.7 ," 21,751 "," 21,751 "," 21,751 ",," 21,751 ", 0.9 ," 23,872 "," 23,872 "," 23,872 "," 3,045 "," 8,470 ", 411 ," 11,946 ", 875 , 856 ,, 24 ," 42,636 ", 93.5 
도암면," 16,346 "," 16,346 "," 16,093 ", 98.5 ,,, - , - ,,,,, 0.4 ," 12,110 "," 12,110 "," 11,857 ",," 11,857 ", 0.3 ," 4,236 "," 4,236 "," 4,236 "," 1,272 "," 1,870 ",," 1,094 ", 337 , 398 ,,," 10,627 ", 66.0 
신전면," 16,575 "," 16,575 "," 16,575 ", 100.0 ,,, - , - ,,,,, 0.3 ," 10,186 "," 10,186 "," 10,186 ",," 10,186 ", 0.3 ," 6,389 "," 6,389 "," 6,389 ", 941 ," 2,450 ",," 2,998 ", 281 , 402 ,,," 13,970 ", 84.3 
성전면," 19,643 "," 19,643 "," 19,643 ", 100.0 ,,, - , - ,,,,, 0.6 ," 16,834 "," 16,834 "," 16,834 ",," 16,834 ", 0.2 ," 2,809 "," 2,809 "," 2,809 ", 423 ," 1,047 ", 152 ," 1,187 ", 299 , 843 ,,," 18,283 ", 93.1 
작천면," 11,585 "," 11,585 "," 11,585 ", 100.0 ,,, - , - ,,,,, 0.2 ," 5,216 "," 5,216 "," 5,216 ",," 5,216 ", 0.3 ," 6,369 "," 6,369 "," 6,369 "," 3,829 ", 588 , 8 ," 1,944 ", 156 , 276 ,,," 4,783 ", 41.3 
병영면," 33,897 "," 33,897 "," 30,728 ", 90.7 ,,, - , - ,,,,, 0.5 ," 15,981 "," 15,981 "," 12,812 ",," 12,812 ", 0.7 ," 17,916 "," 17,916 "," 17,916 "," 4,353 "," 7,526 ",," 6,037 ", 601 , 793 ,,," 19,144 ", 62.3 
옴천면," 11,539 "," 11,539 "," 11,539 ", 100.0 ,,, - , - ,,,,, 0.4 ," 11,182 "," 11,182 "," 11,182 ",," 11,182 ", 0.1 , 357 , 357 , 357 ,, 199 , 77 , 81 , 359 , 366 ,,," 11,072 ", 96.0 
해남군," 797,043 "," 859,520 "," 438,530 ", 51.0 , - , - , - , - , - , - , - , - , 9.9 ," 591,696 "," 591,696 "," 207,468 ", - ," 207,468 ", 4.3 ," 205,347 "," 267,824 "," 231,062 "," 11,241 "," 57,545 "," 160,585 "," 1,691 "," 3,705 "," 10,236 ", - , - ," 227,608 ", 51.9 
해남읍," 201,857 "," 232,293 "," 179,305 ", 77.2 , - , - , - , - , - , - , - , - , 2.6 ," 136,888 "," 136,888 "," 83,900 ", - ," 83,900 ", 1.0 ," 64,969 "," 95,405 "," 95,405 "," 4,260 "," 28,668 "," 62,477 ", - ," 1,562 "," 4,757 ", - , - ," 164,109 ", 91.5 
삼산면," 39,359 "," 46,653 "," 25,803 ", 55.3 , - , - , - , - , - , - , - , - , 0.5 ," 33,559 "," 33,559 "," 12,709 ", - ," 12,709 ", 0.2 ," 5,800 "," 13,094 "," 13,094 ", 775 ," 3,469 "," 8,850 ", - , 390 , 558 , - , - , - , - 
화산면," 58,966 "," 58,966 ", - , - , - , - , - , - , - , - , - , - , 0.3 ," 47,566 "," 47,566 ", - , - , - , 0.2 ," 11,400 "," 11,400 ", - , - , - , - ,  -  ,  -  , - , - , - , - , - 
현산면," 54,543 "," 54,543 ", - , - , - , - , - , - , - , - , - , - , 0.2 ," 44,743 "," 44,743 ", - , - , - , 0.2 ," 9,800 "," 9,800 ", - , - , - , - ,  -  ,  -  , - , - , - , - , - 
송지면," 50,534 "," 54,951 "," 37,870 ", 68.9 , - , - , - , - , - , - , - , - , 0.4 ," 36,216 "," 36,216 "," 19,135 ", - ," 19,135 ", 0.2 ," 14,318 "," 18,735 "," 18,735 "," 1,050 "," 4,912 "," 11,936 ", 837 , 356 ," 1,245 ", - , - ," 31,433 ", 83.0 
북평면," 51,992 "," 57,185 "," 43,121 ", 75.4 , - , - , - , - , - , - , - , - , 0.4 ," 40,414 "," 40,414 "," 26,350 ", - ," 26,350 ", 0.2 ," 11,578 "," 16,771 "," 16,771 ", 916 ," 3,498 "," 12,237 ", 120 , 383 , 943 , - , - , - , - 
북일면," 35,896 "," 45,451 "," 34,786 ", 76.5 , - , - , - , - , - , - , - , - , 0.2 ," 30,965 "," 30,965 "," 20,300 ", - ," 20,300 ", 0.1 ," 4,931 "," 14,486 "," 14,486 "," 1,218 "," 1,866 "," 11,402 ",  -  , 208 , 434 , - , - , - , - 
옥천면," 55,936 "," 55,936 ", - , - , - , - , - , - , - , - , - , - , 0.4 ," 49,653 "," 49,653 ", - , - , - , 0.2 ," 6,283 "," 6,283 ", - , - , - , - ,  -  ,  -  , - , - , - , - , - 
계곡면," 35,398 "," 36,310 "," 9,556 ", 26.3 , - , - , - , - , - , - , - , - , 0.3 ," 28,454 "," 28,454 "," 1,700 ", - ," 1,700 ", 0.2 ," 6,944 "," 7,856 "," 7,856 ", 200 ," 2,070 "," 5,586 ",  -  , 44 , 67 , - , - , - , - 
마산면," 33,640 "," 34,507 "," 12,167 ", 35.3 , - , - , - , - , - , - , - , - , 0.2 ," 25,140 "," 25,140 "," 2,800 ", - ," 2,800 ", 0.2 ," 8,500 "," 9,367 "," 9,367 ", 105 ," 1,558 "," 7,704 ",  -  , 29 , 138 , - , - , - , - 
황산면," 48,185 "," 51,989 "," 30,556 ", 58.8 , - , - , - , - , - , - , - , - , 0.3 ," 32,433 "," 32,433 "," 11,000 ", - ," 11,000 ", 0.2 ," 15,752 "," 19,556 "," 19,556 "," 2,655 "," 5,434 "," 11,232 ", 235 , 229 , 626 , - , - ," 25,078 ", 82.1 
산이면," 40,411 "," 40,411 "," 15,377 ", 38.1 , - , - , - , - , - , - , - , - , 0.5 ," 27,975 "," 27,975 "," 4,974 ", - ," 4,974 ", 0.2 ," 12,436 "," 12,436 "," 10,403 ",  -  ," 2,382 "," 8,007 ", 14 , 86 , 225 , - , - , - , - 
문내면," 50,543 "," 50,543 "," 20,491 ", 40.5 , - , - , - , - , - , - , - , - , 0.2 ," 31,684 "," 31,684 "," 6,900 ", - ," 6,900 ", 0.2 ," 18,859 "," 18,859 "," 13,591 ", 62 ," 2,027 "," 11,207 ", 295 , 283 , 616 , - , - ," 6,988 ", 34.1 
화원면," 39,783 "," 39,783 "," 29,498 ", 74.1 , - , - , - , - , - , - , - , - , 3.5 ," 26,006 "," 26,006 "," 17,700 ", - ," 17,700 ", 1.0 ," 13,777 "," 13,777 "," 11,798 ",  -  ," 1,661 "," 9,947 ", 190 , 135 , 627 , - , - , - , - 
영암군," 791,856 "," 854,175 "," 532,472 ", 62.3 , 40.8 ," 201,952 "," 210,693 "," 88,168 ", - ," 35,726 "," 15,784 "," 36,658 ", 40.8 ," 233,257 "," 286,835 "," 256,453 ", - ," 256,453 ", 19.0 ," 356,647 "," 356,647 "," 187,851 "," 43,281 "," 118,093 "," 13,714 "," 12,763 "," 4,695 "," 5,199 ", 72 , 76 ," 455,617 ", 85.6 
영암읍," 122,488 "," 127,340 "," 113,816 ", 89.4 , 3.3 , 200 ," 2,648 "," 2,648 ",," 2,648 ", - , - , 3.3 ," 57,065 "," 59,469 "," 59,469 ",," 59,469 ", 1.0 ," 65,223 "," 65,223 "," 51,699 "," 5,532 "," 27,984 "," 9,539 "," 8,644 "," 2,353 "," 1,314 ", 17 , 18 ," 111,117 ", 97.6 
삼호읍," 314,164 "," 341,718 "," 245,801 ", 71.9 , 33.5 ," 19,810 "," 19,810 "," 5,010 ",," 3,662 "," 1,348 ", - , 33.5 ," 87,474 "," 115,028 "," 115,028 ",," 115,028 ", 16.0 ," 206,880 "," 206,880 "," 125,763 "," 37,357 "," 84,702 ", 756 ," 2,948 ", 737 , 986 ,,," 231,914 ", 94.4 
덕진면," 16,684 "," 22,330 "," 19,220 ", 86.1 , - , 412 ," 2,510 "," 2,510 ",," 2,510 ", - , - , - ," 6,191 "," 9,739 "," 9,739 ",," 9,739 ", - ," 10,081 "," 10,081 "," 6,971 ", 392 ," 3,543 "," 1,865 "," 1,171 ", 285 , 280 , 6 , 6 ," 16,272 ", 84.7 
금정면," 6,033 "," 13,048 "," 11,460 ", 87.8 , - ," 4,006 "," 7,181 "," 7,181 ",," 2,350 "," 1,881 "," 2,950 ", - , 77 ," 3,917 "," 3,917 ",," 3,917 ", - ," 1,950 "," 1,950 ", 362 , - , - , 362 , - , 180 , 171 , 7 , 8 ," 7,884 ", 68.8 
신북면," 92,836 "," 97,534 "," 45,275 ", 46.4 , 1.0 ," 56,155 "," 56,155 "," 23,936 ",," 8,440 "," 5,672 "," 9,824 ", 1.0 ," 15,741 "," 20,439 "," 20,439 ",," 20,439 ", - ," 20,940 "," 20,940 ", 900 , - , 800 , 100 , - , 157 , 994 , 11 , 11 ," 30,957 ", 68.4 
시종면," 53,960 "," 53,960 "," 17,642 ", 32.7 , - ," 21,822 "," 21,822 "," 9,312 ",," 2,639 "," 1,306 "," 5,367 ", - ," 22,035 "," 22,035 "," 8,179 ",," 8,179 ", 1.0 ," 10,103 "," 10,103 ", 151 , - , - , 151 , - , 78 , 364 , 4 , 5 ," 9,930 ", 56.3 
도포면," 10,460 "," 10,460 "," 5,482 ", 52.4 , - ," 10,097 "," 10,097 "," 5,119 ",," 3,048 "," 1,109 ", 962 , - , 193 , 193 , 193 ,, 193 , - , 170 , 170 , 170 , - , - , 170 , - , 41 , 78 ,,," 3,812 ", 69.5 
군서면," 74,113 "," 82,294 "," 35,904 ", 43.6 , 1.6 ," 47,354 "," 47,354 "," 14,718 ",," 4,663 "," 1,260 "," 8,795 ", 1.6 ," 12,402 "," 20,583 "," 20,583 ",," 20,583 ", 1.0 ," 14,357 "," 14,357 ", 603 , - , 269 , 334 , - , 459 , 99 , 17 , 17 ," 22,995 ", 64.0 
서호면," 38,297 "," 38,297 "," 6,671 ", 17.4 , - ," 14,367 "," 14,367 "," 6,323 ",," 2,781 "," 1,407 "," 2,135 ", - ," 12,684 "," 12,684 ", 126 ,, 126 , - ," 11,246 "," 11,246 ", 222 , - , - , 222 , - , 49 , 86 , 10 , 11 ," 5,144 ", 77.1 
학산면," 54,408 "," 57,761 "," 29,284 ", 50.7 , 1.4 ," 27,262 "," 27,262 "," 9,924 ",," 1,632 "," 1,667 "," 6,625 ", 1.4 ," 15,212 "," 18,565 "," 18,565 ",," 18,565 ", - ," 11,934 "," 11,934 ", 795 , - , 795 , - , - , 352 , 750 ,,," 15,592 ", 53.2 
미암면," 8,413 "," 9,433 "," 1,917 ", 20.3 , - , 467 ," 1,487 "," 1,487 ",," 1,353 ", 134 , - , - ," 4,183 "," 4,183 ", 215 ,, 215 , - ," 3,763 "," 3,763 ", 215 , - , - , 215 , - , 4 , 77 ,,, - , - 
무안군," 710,138 "," 710,144 "," 478,942 ", 67.4 , 8.0 ," 134,016 "," 134,016 "," 58,055 "," 9,062 "," 12,552 "," 4,265 "," 32,176 ", 13.8 ," 507,992 "," 507,992 "," 412,863 ", - ," 412,863 ", 7.2 ," 68,130 "," 68,136 "," 8,024 ", - ," 1,898 ", 88 ," 6,038 "," 3,063 "," 11,066 ", 2 , 2 ," 38,425 ", 8.0 
무안읍," 323,202 "," 323,202 "," 213,991 ", 66.2 , 6.0 ," 62,958 "," 62,958 "," 35,723 "," 5,345 "," 6,666 "," 1,992 "," 21,720 ", 3.5 ," 225,678 "," 225,678 "," 172,685 ",," 172,685 ", 3.5 ," 34,566 "," 34,566 "," 5,583 ",," 1,792 ",," 3,791 "," 1,026 "," 5,272 ", 1 , 1 ," 20,844 ", 9.7 
일로읍," 227,859 "," 227,859 "," 152,044 ", 66.7 , 2.0 ," 71,058 "," 71,058 "," 22,332 "," 3,717 "," 5,886 "," 2,273 "," 10,456 ", 2.8 ," 129,293 "," 129,293 "," 127,465 ",," 127,465 ", 2.5 ," 27,508 "," 27,508 "," 2,247 ",,,," 2,247 "," 1,112 "," 4,165 ", 1 , 1 ," 9,632 ", 6.3 
삼향읍," 8,244 "," 8,244 "," 1,279 ", 15.5 ,,, - , - ,,,,, 0.0 ," 8,244 "," 8,244 "," 1,279 ",," 1,279 ",,, - , - ,,,,,,,,,, - 
몽탄면," 44,143 "," 44,149 "," 44,149 ", 100.0 ,,, - , - ,,,,, 2.6 ," 44,143 "," 44,143 "," 44,143 ",," 44,143 ",,, 6 , 6 ,, 6 ,,,, 426 ,,,, - 
청계면," 43,508 "," 43,508 "," 22,360 ", 51.4 ,,, - , - ,,,,, 1.6 ," 41,461 "," 41,461 "," 22,360 ",," 22,360 ", 0.7 ," 2,047 "," 2,047 ", - ,,,,, 314 , 423 ,,," 6,645 ", 29.7 
현경면," 9,742 "," 9,742 "," 9,742 ", 100.0 ,,, - , - ,,,,, 0.8 ," 9,742 "," 9,742 "," 9,742 ",," 9,742 ",,, - , - ,,,,, 64 ,,,,, - 
망운면," 8,049 "," 8,049 "," 5,067 ", 63.0 ,,, - , - ,,,,, 0.9 ," 8,049 "," 8,049 "," 5,067 ",," 5,067 ",,, - , - ,,,,, 98 ,,,,, - 
해제면," 37,986 "," 37,986 "," 24,747 ", 65.1 ,,, - , - ,,,,, 1.1 ," 33,977 "," 33,977 "," 24,559 ",," 24,559 ", 0.5 ," 4,009 "," 4,009 ", 188 ,, 100 , 88 ,, 177 , 489 ,,," 1,304 ", 5.3 
운남면," 7,405 "," 7,405 "," 5,563 ", 75.1 ,,, - , - ,,,,, 0.5 ," 7,405 "," 7,405 "," 5,563 ",," 5,563 ",,, - , - ,,,,, 272 , 291 ,,,, - 
함평군," 475,470 "," 613,109 "," 559,594 ", 91.3 , - ," 25,812 "," 26,933 "," 18,686 "," 1,557 "," 6,983 "," 6,259 "," 3,887 ", 7.5 ," 328,064 "," 460,393 "," 456,704 "," 6,916 "," 449,788 ", 2.5 ," 121,594 "," 125,783 "," 84,204 "," 5,499 "," 61,155 "," 6,474 "," 11,076 "," 6,295 "," 6,835 ", 6 , 5 ," 531,898 ", 95.1 
함평읍," 143,540 "," 171,420 "," 166,736 ", 97.3 ,," 17,225 "," 17,225 "," 12,541 ", 827 ," 5,310 "," 3,710 "," 2,694 ", 2.8 ," 88,420 "," 113,519 "," 113,519 ", 320 ," 113,199 ", 0.3 ," 37,895 "," 40,676 "," 40,676 "," 2,230 "," 34,208 "," 1,398 "," 2,840 "," 1,479 "," 1,205 ", 6 , 5 ," 156,094 ", 93.6 
손불면," 25,415 "," 74,537 "," 74,537 ", 100.0 ,,, 121 , 121 , 8 ,, 51 , 62 , 0.2 ," 23,794 "," 72,484 "," 72,484 ",," 72,484 ", 0.1 ," 1,621 "," 1,932 "," 1,932 ", - ," 1,932 ",,, 337 , 431 ,,," 74,424 ", 99.8 
신광면," 10,984 "," 16,192 "," 16,192 ", 100.0 ,,, 229 , 229 ,, 31 , 198 ,, 0.5 ," 9,934 "," 14,823 "," 14,823 ", 292 ," 14,531 ", 0.3 ," 1,050 "," 1,140 "," 1,140 ", 45 , 978 , 71 , 46 , 326 , 231 ,,," 15,877 ", 98.1 
학교면," 93,579 "," 102,361 "," 90,804 ", 88.7 ,," 8,587 "," 8,587 "," 5,024 ", 722 ," 1,231 "," 2,017 "," 1,054 ", 1.1 ," 60,131 "," 68,913 "," 68,913 "," 6,030 "," 62,883 ", 0.5 ," 24,861 "," 24,861 "," 16,867 ", 844 ," 12,545 "," 1,662 "," 1,816 ", 851 , 979 , - ,," 84,255 ", 92.8 
엄다면," 23,141 "," 43,084 "," 39,909 ", 92.6 ,,, 235 , 235 ,, 196 , 39 ,, 0.6 ," 14,592 "," 34,300 "," 34,300 ",," 34,300 ", 0.1 ," 8,549 "," 8,549 "," 5,374 ", - ," 4,006 ", 461 , 907 , 538 , 530 , - ,," 38,502 ", 96.5 
대동면," 31,865 "," 32,872 "," 32,157 ", 97.8 ,,, - , - ,,,,, 0.4 ," 28,331 "," 28,331 "," 27,616 ", 274 ," 27,342 ", 0.2 ," 3,534 "," 4,541 "," 4,541 ", 106 ," 3,625 ", 560 , 250 , 557 , 764 ,,," 31,347 ", 97.5 
나산면," 45,030 "," 45,334 "," 37,091 ", 81.8 ,,, - , - ,,,,, 0.9 ," 31,521 "," 31,825 "," 31,825 ", - ," 31,825 ", 0.3 ," 13,509 "," 13,509 "," 5,266 "," 1,196 "," 1,761 ", 732 ," 1,577 "," 1,277 "," 1,091 ",,," 34,782 ", 93.8 
해보면," 64,499 "," 64,729 "," 47,025 ", 72.6 ,,, 230 , 230 ,, 153 ,, 77 , 0.7 ," 45,149 "," 45,149 "," 42,175 ", - ," 42,175 ", 0.4 ," 19,350 "," 19,350 "," 4,620 ", 539 ," 1,451 ", 810 ," 1,820 ", 642 ," 1,045 ",,," 44,318 ", 94.2 
월야면," 37,417 "," 62,580 "," 55,143 ", 88.1 ,,, 306 , 306 ,, 62 , 244 ,, 0.5 ," 26,192 "," 51,049 "," 51,049 ", - ," 51,049 ", 0.3 ," 11,225 "," 11,225 "," 3,788 ", 539 , 649 , 780 ," 1,820 ", 288 , 559 ,,," 52,299 ", 94.8 
영광군," 465,795 "," 465,796 "," 260,884 ", 696.9 , 18.3 ," 102,976 "," 102,976 "," 12,011 "," 9,064 ", 688 ," 1,529 ", 730 , 18.3 ," 269,719 "," 269,719 "," 155,773 ", - ," 155,773 ", 18.3 ," 93,100 "," 93,100 "," 93,100 ", 9 ," 68,154 "," 2,332 "," 22,604 "," 5,118 "," 18,364 ", 2 , - ," 260,884 ", 100.0 
영광읍," 239,169 "," 239,169 "," 108,910 ", 45.5 , 4.4 ," 80,636 "," 80,636 "," 5,517 "," 5,517 ", - , - , - , 4.4 ," 113,538 "," 113,538 "," 58,398 ", - ," 58,398 ", 4.4 ," 44,995 "," 44,995 "," 44,995 ", - ," 41,878 ", 81 ," 3,036 "," 2,353 "," 9,083 ", 2 , - ," 108,910 ", 100.0 
백수읍," 15,659 "," 15,659 "," 13,923 ", 88.9 , 3.3 , - , - , - , - , - , - , - , 3.3 ," 12,888 "," 12,888 "," 11,152 ", - ," 11,152 ", 3.3 ," 2,771 "," 2,771 "," 2,771 ", - ," 1,189 "," 1,582 ", - , 267 , 732 , - , - ," 13,923 ", 100.0 
홍농읍," 71,858 "," 71,858 "," 40,701 ", 56.6 , 2.2 ," 8,630 "," 8,630 "," 2,015 "," 2,015 ", - , - , - , 2.2 ," 46,134 "," 46,134 "," 21,592 ", - ," 21,592 ", 2.2 ," 17,094 "," 17,094 "," 17,094 ", - ," 8,127 ", - ," 8,967 ", 664 ," 2,364 ", - , - ," 40,701 ", 100.0 
대마면," 8,555 "," 8,555 "," 2,012 ", 23.5 , 0.3 , - , - , - , - , - , - , - , 0.3 ," 7,460 "," 7,460 ", 916 , - , 916 , 0.3 ," 1,095 "," 1,095 "," 1,095 ", - , 348 , 140 , 608 , 38 , 81 , - , - ," 2,012 ", 100.0 
묘량면," 10,466 "," 10,466 "," 1,771 ", 16.9 , 0.4 , - , - , - , - , - , - , - , 0.4 ," 9,754 "," 9,754 "," 1,060 ", - ," 1,060 ", 0.4 , 712 , 712 , 712 , - , - , - , 712 , 40 , 80 , - , - ," 1,771 ", 100.0 
불갑면," 6,530 "," 6,530 "," 2,972 ", 45.5 , 0.2 , - , - , - , - , - , - , - , 0.2 ," 6,014 "," 6,014 "," 2,455 ", - ," 2,455 ", 0.2 , 516 , 516 , 516 , - , 516 , - , - , 79 , 121 , - , - ," 2,972 ", 100.0 
군서면," 14,247 "," 14,247 "," 6,928 ", 48.6 , 0.5 ," 1,161 "," 1,161 "," 1,161 ", - , 536 , 624 , - , 0.5 ," 13,086 "," 13,086 "," 5,768 ", - ," 5,768 ", 0.5 , - , - , - , - , - , - , - , 173 , 216 , - , - ," 6,928 ", 100.0 
군남면," 13,777 "," 13,777 "," 13,069 ", 94.9 , 0.7 , - , - , - , - , - , - , - , 0.7 ," 12,758 "," 12,758 "," 12,050 ", - ," 12,050 ", 0.7 ," 1,019 "," 1,019 "," 1,019 ", - , 886 , 133 , - , 118 , 262 , - , - ," 13,069 ", 100.0 
염산면," 13,843 "," 13,843 "," 13,843 ", 100.0 , 2.5 , 273 , 273 , 273 , - , 5 , 267 , - , 2.5 ," 10,167 "," 10,167 "," 10,167 ", - ," 10,167 ", 2.5 ," 3,403 "," 3,403 "," 3,403 ", 9 ," 2,997 ", 397 , - , 324 , 762 , - , - ," 13,843 ", 100.0 
법성면," 63,154 "," 63,154 "," 48,219 ", 76.4 , 3.3 ," 11,548 "," 11,548 "," 2,318 "," 1,441 ", 146 , - , 730 , 3.3 ," 30,111 "," 30,111 "," 24,406 ", - ," 24,406 ", 3.3 ," 21,495 "," 21,495 "," 21,495 ", - ," 12,214 ", - ," 9,282 ", 901 ," 4,276 ", - , - ," 48,219 ", 100.0 
낙월면," 8,537 "," 8,537 "," 8,537 ", 100.0 , 0.5 , 728 , 728 , 728 , 91 , - , 637 , - , 0.5 ," 7,809 "," 7,809 "," 7,809 ", - ," 7,809 ", 0.5 , - , - , - , - , - , - , - , 161 , 387 , - , - ," 8,537 ", 100.0 
장성군," 466,177 "," 466,177 "," 424,722 ", 91.1 , 15.0 ," 30,981 "," 30,981 "," 30,981 ", 934 ," 20,131 ", - ," 9,916 ", 40.1 ," 258,087 "," 258,087 "," 216,817 ", - ," 216,817 ", 40.1 ," 177,109 "," 177,109 "," 176,924 "," 15,810 "," 74,385 "," 2,725 "," 84,004 "," 7,202 "," 8,472 ", 6 , 89 ," 173,070 ", 40.7 
장성읍," 189,808 "," 189,808 "," 173,070 ", 91.2 , 6.7 ," 18,599 "," 18,599 "," 18,599 ", 642 ," 14,789 ", - ," 3,168 ", 23.1 ," 85,251 "," 85,251 "," 68,513 ", - ," 68,513 ", 23.1 ," 85,958 "," 85,958 "," 85,958 "," 8,623 "," 41,450 "," 1,556 "," 34,329 "," 3,885 "," 2,037 ", 5 , 46 ," 173,070 ", 100.0 
진원면," 11,596 "," 11,596 "," 11,596 ", 100.0 , 0.4 , - , - , - , - , - , - , - , 1.0 ," 6,952 "," 6,952 "," 6,952 ", - ," 6,952 ", 1.0 ," 4,644 "," 4,644 "," 4,644 ", 342 , 826 , - ," 3,476 ", 174 , 457 , - , - , - , - 
남  면," 10,939 "," 10,939 "," 10,939 ", 100.0 , 0.6 , 547 , 547 , 547 , 67 , 223 , - , 257 , 1.1 ," 5,362 "," 5,362 "," 5,362 ", - ," 5,362 ", 1.1 ," 5,030 "," 5,030 "," 5,030 ", 361 ," 2,785 ", - ," 1,884 ", 316 , 379 , - , - , - , - 
동화면," 10,090 "," 10,090 "," 10,090 ", 100.0 , 0.2 , 481 , 481 , 481 , - , 481 , - , - , 0.6 ," 5,511 "," 5,511 "," 5,511 ", - ," 5,511 ", 0.6 ," 4,098 "," 4,098 "," 4,098 ", 72 ," 2,274 ", - ," 1,752 ", 108 , 580 , - , - , - , - 
삼서면," 8,451 "," 8,451 "," 8,451 ", 100.0 , 0.5 , - , - , - , - , - , - , - , 0.8 ," 3,923 "," 3,923 "," 3,923 ", - ," 3,923 ", 0.8 ," 4,528 "," 4,528 "," 4,528 ", - ," 3,050 ", - ," 1,478 ", 72 , 565 , - , - , - , - 
삼계면," 43,054 "," 43,054 "," 41,641 ", 96.7 , 1.5 , 166 , 166 , 166 , - , 23 , - , 143 , 2.7 ," 25,068 "," 25,068 "," 23,655 ", - ," 23,655 ", 2.7 ," 17,820 "," 17,820 "," 17,820 "," 1,982 "," 7,335 ", - ," 8,503 ", 726 , 605 , - , 16 , - , - 
황룡면," 87,436 "," 87,436 "," 80,480 ", 92.0 , 3.2 ," 5,872 "," 5,872 "," 5,872 ", - ," 4,518 ", - ," 1,354 ", 7.5 ," 44,659 "," 44,659 "," 37,703 ", - ," 37,703 ", 7.5 ," 36,905 "," 36,905 "," 36,905 "," 2,416 "," 10,496 ", 330 ," 23,663 "," 1,312 "," 1,295 ", 1 , 24 , - , - 
서삼면," 39,913 "," 39,913 "," 23,565 ", 59.0 , 0.8 ," 5,316 "," 5,316 "," 5,316 ", 225 , 97 , - ," 4,994 ", 1.6 ," 32,715 "," 32,715 "," 16,552 ", - ," 16,552 ", 1.6 ," 1,882 "," 1,882 "," 1,697 ", 363 , 595 , - , 739 , 238 , 249 , - , 3 , - , - 
북일면," 11,435 "," 11,435 "," 11,435 ", 100.0 , 0.3 , - , - , - , - , - , - , - , 0.6 ," 9,883 "," 9,883 "," 9,883 ", - ," 9,883 ", 0.6 ," 1,552 "," 1,552 "," 1,552 "," 1,215 ", 63 , - , 274 , - , 384 , - , - , - , - 
북이면," 28,875 "," 28,875 "," 28,875 ", 100.0 , 0.6 , - , - , - , - , - , - , - , 0.9 ," 21,395 "," 21,395 "," 21,395 ", - ," 21,395 ", 0.9 ," 7,480 "," 7,480 "," 7,480 ", 47 ," 3,579 ", 228 ," 3,626 ", 236 ," 1,043 ", - , - , - , - 
북하면," 24,580 "," 24,580 "," 24,580 ", 100.0 , 0.2 , - , - , - , - , - , - , - , 0.2 ," 17,368 "," 17,368 "," 17,368 ", - ," 17,368 ", 0.2 ," 7,212 "," 7,212 "," 7,212 ", 389 ," 1,932 ", 611 ," 4,280 ", 135 , 878 , - , - , - , - 
완도군," 273,690 "," 364,305 "," 331,524 ", 91.0 , - , - , - , - , - , - , - , - , 7.2 ," 270,236 "," 360,851 "," 328,070 ", - ," 328,070 ", 3.9 ," 3,454 "," 3,454 "," 3,454 ", - ," 3,454 ", - , - , - ," 5,444 ", - , - , - , - 
완도읍," 85,776 "," 105,762 "," 105,762 ", 100.0 ,,, - , - ,,,,, 1.0 ," 85,546 "," 105,532 "," 105,532 ",," 105,532 ", 0.7 , 230 , 230 , 230 ,, 230 ,,,," 3,911 ",,, - , - 
금일읍," 19,794 "," 73,849 "," 73,849 ", 100.0 ,,, - , - ,,,,, 1.3 ," 18,434 "," 72,489 "," 72,489 ",," 72,489 ", 0.7 ," 1,360 "," 1,360 "," 1,360 ",," 1,360 ",,,, 741 ,,, - , - 
노화읍," 31,875 "," 42,743 "," 42,743 ", 100.0 ,,, - , - ,,,,, 1.9 ," 30,597 "," 41,465 "," 41,465 ",," 41,465 ", 0.9 ," 1,278 "," 1,278 "," 1,278 ",," 1,278 ",,,, 452 ,,, - , - 
군외면," 16,644 "," 16,644 "," 11,103 ", 66.7 ,,, - , - ,,,,, 0.6 ," 16,333 "," 16,333 "," 10,792 ",," 10,792 ", 0.5 , 311 , 311 , 311 ,, 311 ,,,, 263 ,,, - , - 
신지면," 78,944 "," 78,944 "," 51,704 ", 65.5 ,,, - , - ,,,,, 1.0 ," 78,944 "," 78,944 "," 51,704 ",," 51,704 ", 0.4 ,, - , - ,,,,,, 77 ,,, - , - 
약산면," 3,775 "," 7,881 "," 7,881 ", 100.0 ,,, - , - ,,,,, 0.4 ," 3,500 "," 7,606 "," 7,606 ",," 7,606 ", 0.4 , 275 , 275 , 275 ,, 275 ,,,,,,, - , - 
소안면," 3,724 "," 5,324 "," 5,324 ", 100.0 ,,, - , - ,,,,, 0.2 ," 3,724 "," 5,324 "," 5,324 ",," 5,324 ", 0.1 ,, - , - ,,,,,,,,, - , - 
금당면," 2,318 "," 2,318 "," 2,318 ", 100.0 ,,, - , - ,,,,, 0.1 ," 2,318 "," 2,318 "," 2,318 ",," 2,318 ", 0.0 ,, - , - ,,,,,,,,, - , - 
보길면," 23,603 "," 23,603 "," 23,603 ", 100.0 ,,, - , - ,,,,, 0.5 ," 23,603 "," 23,603 "," 23,603 ",," 23,603 ", 0.2 ,, - , - ,,,,,,,,, - , - 
생일면," 7,237 "," 7,237 "," 7,237 ", 100.0 ,,, - , - ,,,,, 0.1 ," 7,237 "," 7,237 "," 7,237 ",," 7,237 ", 0.0 ,, - , - ,,,,,,,,, - , - 
진도군," 1,067,183 "," 1,085,595 "," 252,802 ", 23.3 , - , - , - , - , - , - , - , - , 79.9 ," 172,910 "," 191,322 "," 138,625 ", - ," 138,625 ", 79.9 ," 894,273 "," 894,273 "," 114,177 "," 8,011 "," 52,781 ", - ," 53,385 "," 4,746 "," 9,066 ", - , - ," 195,333 ", 77.3 
진도읍," 108,115 "," 126,527 "," 91,270 ", 72.1 ,,, - , - ,,,,, 18.5 ," 44,789 "," 63,201 "," 63,201 ",," 63,201 ", 18.5 ," 63,326 "," 63,326 "," 28,069 "," 1,692 "," 16,948 ",," 9,429 "," 2,075 "," 4,005 ",,," 53,768 ", 58.9 
군내면," 180,977 "," 180,977 "," 22,890 ", 12.6 ,,, - , - ,,,,, 14.8 ," 13,593 "," 13,593 "," 11,980 ",," 11,980 ", 14.8 ," 167,384 "," 167,384 "," 10,910 ", 475 ," 2,400 ",," 8,035 ", 343 , 763 ,,," 22,890 ", 100.0 
고군면," 103,270 "," 103,270 "," 32,761 ", 31.7 ,,, - , - ,,,,, 12.5 ," 27,780 "," 27,780 "," 19,766 ",," 19,766 ", 12.5 ," 75,490 "," 75,490 "," 12,995 ", 592 ," 4,300 ",," 8,103 ", 588 ," 1,113 ",,," 32,761 ", 100.0 
의신면," 237,653 "," 237,653 "," 52,266 ", 22.0 ,,, - , - ,,,,, 15.8 ," 27,499 "," 27,499 "," 20,661 ",," 20,661 ", 15.8 ," 210,154 "," 210,154 "," 31,604 "," 1,987 "," 14,632 ",," 14,986 ", 821 ," 1,308 ",,," 41,340 ", 79.1 
 임회면," 173,056 "," 173,056 "," 21,086 ", 12.2 ,,, - , - ,,,,, 9.4 ," 37,441 "," 37,441 "," 12,064 ",," 12,064 ", 9.4 ," 135,615 "," 135,615 "," 9,023 ", 424 ," 3,600 ",," 4,998 ", 434 , 738 ,,," 19,951 ", 94.6 
지산면," 140,049 "," 140,049 "," 23,463 ", 16.8 ,,, - , - ,,,,, 6.5 ," 15,068 "," 15,068 "," 6,078 ",," 6,078 ", 6.5 ," 124,981 "," 124,981 "," 17,385 ", 896 ," 10,395 ",," 6,094 ", 366 , 690 ,,," 15,556 ", 66.3 
조도면," 124,063 "," 124,063 "," 9,067 ", 7.3 ,,, - , - ,,,,, 2.3 ," 6,740 "," 6,740 "," 4,875 ",," 4,875 ", 2.3 ," 117,323 "," 117,323 "," 4,192 "," 1,946 ", 506 ,," 1,740 ", 119 , 449 ,,," 9,067 ", 100.0 
신안군," 232,592 "," 232,592 "," 167,552 ", 72.0 , - , - , - , - , - , - , - , - , 7.2 ," 232,592 "," 232,592 "," 167,552 ", - ," 167,552 ", - , - , - , - , - , - , - , - ," 1,908 "," 6,311 ", - , - ," 167,552 ", 100.0 
지도읍," 10,290 "," 10,290 "," 10,290 ", 100.0 ,,, - , - ,,,,, 0.3 ," 10,290 "," 10,290 "," 10,290 ",," 10,290 ",,, - , - ,,,,, 165 , 511 ,,," 10,290 ", 100.0 
압해읍," 60,622 "," 60,622 "," 4,622 ", 7.6 ,,, - , - ,,,,, 0.2 ," 60,622 "," 60,622 "," 4,622 ",," 4,622 ",,, - , - ,,,,, 40 , 564 ,,," 4,622 ", 100.0 
증도면," 14,432 "," 14,432 "," 12,132 ", 84.1 ,,, - , - ,,,,, 0.4 ," 14,432 "," 14,432 "," 12,132 ",," 12,132 ",,, - , - ,,,,, 146 , 357 ,,," 12,132 ", 100.0 
임자면," 47,503 "," 47,503 "," 47,503 ", 100.0 ,,, - , - ,,,,, 1.9 ," 47,503 "," 47,503 "," 47,503 ",," 47,503 ",,, - , - ,,,,, 405 , 686 ,,," 47,503 ", 100.0 
자은면," 9,086 "," 9,086 "," 9,086 ", 100.0 ,,, - , - ,,,,, 0.4 ," 9,086 "," 9,086 "," 9,086 ",," 9,086 ",,, - , - ,,,,, 212 , 156 ,,," 9,086 ", 100.0 
비금면," 8,192 "," 8,192 "," 8,192 ", 100.0 ,,, - , - ,,,,, 0.2 ," 8,192 "," 8,192 "," 8,192 ",," 8,192 ",,, - , - ,,,,, 139 , 391 ,,," 8,192 ", 100.0 
도초면," 7,291 "," 7,291 "," 7,291 ", 100.0 ,,, - , - ,,,,, 0.6 ," 7,291 "," 7,291 "," 7,291 ",," 7,291 ",,, - , - ,,,,, 133 , 429 ,,," 7,291 ", 100.0 
흑산면," 39,643 "," 39,643 "," 32,903 ", 83.0 ,,, - , - ,,,,, 0.9 ," 39,643 "," 39,643 "," 32,903 ",," 32,903 ",,, - , - ,,,,, 185 ," 1,494 ",,," 32,903 ", 100.0 
하의면," 6,464 "," 6,464 "," 6,464 ", 100.0 ,,, - , - ,,,,, 0.7 ," 6,464 "," 6,464 "," 6,464 ",," 6,464 ",,, - , - ,,,,, 60 , 449 ,,," 6,464 ", 100.0 
신의면," 5,854 "," 5,854 "," 5,854 ", 100.0 ,,, - , - ,,,,, 0.4 ," 5,854 "," 5,854 "," 5,854 ",," 5,854 ",,, - , - ,,,,, 40 , 245 ,,," 5,854 ", 100.0 
장산면," 5,855 "," 5,855 "," 5,855 ", 100.0 ,,, - , - ,,,,, 0.3 ," 5,855 "," 5,855 "," 5,855 ",," 5,855 ",,, - , - ,,,,, 106 , 193 ,,," 5,855 ", 100.0 
안좌면," 4,905 "," 4,905 "," 4,905 ", 100.0 ,,, - , - ,,,,, 0.2 ," 4,905 "," 4,905 "," 4,905 ",," 4,905 ",,, - , - ,,,,, 101 , 315 ,,," 4,905 ", 100.0 
팔금면," 5,949 "," 5,949 "," 5,949 ", 100.0 ,,, - , - ,,,,, 0.3 ," 5,949 "," 5,949 "," 5,949 ",," 5,949 ",,, - , - ,,,,, 120 , 329 ,,," 5,949 ", 100.0 
암태면," 6,506 "," 6,506 "," 6,506 ", 100.0 ,,, - , - ,,,,, 0.4 ," 6,506 "," 6,506 "," 6,506 ",," 6,506 ",,, - , - ,,,,, 56 , 192 ,,," 6,506 ", 100.0 
경상북도," 14,334,918 "," 16,076,754 "," 13,188,097 ", 82.0 , 335.5 ," 2,322,540 "," 2,574,518 "," 2,201,053 "," 396,563 "," 866,232 "," 245,571 "," 692,687 ", 972.9 ," 7,476,003 "," 8,281,430 "," 6,609,034 "," 419,012 "," 6,190,022 "," 1,023.8 "," 4,535,687 "," 5,220,805 "," 4,378,010 "," 799,220 "," 2,099,072 "," 557,731 "," 921,987 "," 199,411 "," 439,767 ", 563 ," 20,014 "," 10,018,186 ", 76.0 
시부," 11,009,315 "," 12,131,895 "," 10,133,056 ", 83.5 , 318.5 ," 1,998,184 "," 2,179,539 "," 1,833,935 "," 299,865 "," 749,931 "," 201,709 "," 582,430 ", 888.9 ," 5,447,396 "," 6,093,861 "," 5,004,798 "," 419,012 "," 4,585,786 ", 941.8 ," 3,563,047 "," 3,858,495 "," 3,294,323 "," 445,840 "," 1,761,130 "," 357,456 "," 729,897 "," 166,039 "," 366,604 ", 525 ," 1,512 "," 7,909,480 ", 78.1 
포항시," 1,864,918 "," 1,864,918 "," 1,589,097 ", 85.2 , 132.4 ," 969,069 "," 969,069 "," 832,774 "," 193,169 "," 373,546 "," 29,329 "," 236,730 ", 397.7 ," 692,248 "," 692,248 "," 581,957 ", - ," 581,957 ", 48.8 ," 203,601 "," 203,601 "," 174,366 "," 17,378 "," 133,469 "," 5,464 "," 18,055 "," 17,945 "," 30,091 ", 262 , 275 ," 959,954 ", 60.4 
동지역," 1,133,448 "," 1,133,448 "," 1,030,519 ", 90.9 , 51.1 ," 670,269 "," 670,269 "," 567,340 "," 154,913 "," 299,387 "," 1,996 "," 111,044 ", 25.2 ," 343,134 "," 343,134 "," 343,134 ",," 343,134 ", 8.9 ," 120,045 "," 120,045 "," 120,045 "," 14,519 "," 99,083 ",," 6,443 "," 12,966 "," 22,213 ", 220 , 227 ," 750,488 ", 72.8 
구룡포읍," 92,109 "," 92,109 "," 78,128 ", 84.8 , 14.3 ," 24,402 "," 24,402 "," 24,036 "," 1,068 "," 9,430 "," 1,721 "," 11,817 ", 15.1 ," 51,726 "," 51,726 "," 51,726 ",," 51,726 ", 10.2 ," 15,981 "," 15,981 "," 2,366 ",," 2,366 ",,, 981 ," 1,730 ", 14 , 16 ," 40,143 ", 51.4 
연일읍," 72,364 "," 72,364 "," 48,379 ", 66.9 , 14.3 ," 48,198 "," 48,198 "," 38,358 "," 2,130 "," 3,176 "," 5,486 "," 27,566 ", 12.0 ," 11,947 "," 11,947 "," 5,900 ",," 5,900 ", 4.8 ," 12,219 "," 12,219 "," 4,121 ", 82 ," 4,039 ",,, 930 , 948 , 8 , 12 ," 48,126 ", 99.5 
오천읍," 40,158 "," 40,158 "," 26,804 ", 66.7 , 21.0 ," 31,304 "," 31,304 "," 26,804 "," 5,824 "," 3,522 "," 2,553 "," 14,905 ", 23.5 ," 8,854 "," 8,854 ", - ,,,,, - , - ,,,,, 460 , 818 , 8 , 7 ," 26,054 ", 97.2 
대송면," 106,439 "," 106,439 "," 104,610 ", 98.3 , 5.7 ," 55,600 "," 55,600 "," 53,967 "," 5,461 "," 14,607 "," 6,659 "," 27,240 ", 32.6 ," 32,839 "," 32,839 "," 32,839 ",," 32,839 ", 1.8 ," 18,000 "," 18,000 "," 17,804 "," 1,780 "," 2,671 "," 4,273 "," 9,080 ", 12 ,,,,, - 
동해면," 44,411 "," 44,411 "," 35,636 ", 80.2 , 4.0 ," 20,572 "," 20,572 "," 19,274 "," 4,989 "," 4,703 "," 1,987 "," 7,595 ", 14.5 ," 16,139 "," 16,139 "," 11,398 ",," 11,398 ", 0.9 ," 7,700 "," 7,700 "," 4,964 ", 496 , 745 ," 1,191 "," 2,532 ",,,,,, - 
장기면," 44,623 "," 44,623 ", 502 , 1.1 , - ," 1,350 "," 1,350 ", 502 , - , 302 , 200 , - , 33.4 ," 43,273 "," 43,273 ", - ,,,,, - , - ,,,,,,,,,, - 
대보면," 21,255 "," 21,255 "," 18,077 ", 85.0 , - ," 2,610 "," 2,610 "," 2,610 "," 2,460 ", 150 , - , - , 6.8 ," 18,645 "," 18,645 "," 15,467 ",," 15,467 ",,, - , - ,,,,,,,,,, - 
흥해읍," 159,306 "," 159,306 "," 154,584 ", 97.0 , 17.1 ," 57,937 "," 57,937 "," 56,197 "," 3,929 "," 28,039 "," 4,715 "," 19,514 ", 35.2 ," 76,203 "," 76,203 "," 73,321 ",," 73,321 ", 10.0 ," 25,166 "," 25,166 "," 25,066 ", 501 ," 24,565 ",,," 2,596 "," 4,382 ", 12 , 13 ," 95,143 ", 61.5 
신광면," 23,164 "," 23,164 "," 6,900 ", 29.8 , - ," 6,900 "," 6,900 "," 6,900 "," 1,795 "," 2,050 ", 582 ," 2,473 ", 26.7 ," 16,264 "," 16,264 ", - ,,,,, - , - ,,,,,,,,,, - 
청하면," 45,570 "," 45,570 "," 44,780 ", 98.3 , - ," 22,180 "," 22,180 "," 21,490 "," 5,794 "," 5,830 "," 1,879 "," 7,987 ", 26.1 ," 23,390 "," 23,390 "," 23,290 ",," 23,290 ",,, - , - ,,,,,,,,,, - 
송라면," 27,314 "," 27,314 "," 8,240 ", 30.2 , - ," 8,240 "," 8,240 "," 8,240 "," 2,638 "," 1,110 ", 856 ," 3,636 ", 19.8 ," 14,584 "," 14,584 ", - ,,, 12.2 ," 4,490 "," 4,490 ", - ,,,,,,,,,, - 
기계면," 30,004 "," 30,004 "," 19,473 ", 64.9 , 4.9 ," 16,520 "," 16,520 "," 6,893 "," 2,168 "," 1,077 ", 695 ," 2,953 ", 30.7 ," 13,484 "," 13,484 "," 12,580 ",," 12,580 ",,, - , - ,,,,,,,,,, - 
죽장면," 14,320 "," 14,320 "," 12,302 ", 85.9 , - ," 1,487 "," 1,487 ", - , - , - , - , - , 78.6 ," 12,833 "," 12,833 "," 12,302 ",," 12,302 ",,, - , - ,,,,,,,,,, - 
기북면," 10,433 "," 10,433 ", 163 , 1.6 , - ," 1,500 "," 1,500 ", 163 , - , 163 , - , - , 17.5 ," 8,933 "," 8,933 ", - ,,,,, - , - ,,,,,,,,,, - 
경주시," 2,128,464 "," 2,128,464 "," 1,901,672 ", 89.3 , 10.3 ," 114,163 "," 114,163 "," 114,163 "," 4,403 "," 26,430 "," 47,525 "," 35,805 ", 98.6 ," 1,179,173 "," 1,179,173 "," 952,381 ", - ," 952,381 ", - ," 835,128 "," 835,128 "," 835,128 "," 68,289 "," 229,344 "," 145,957 "," 391,538 "," 9,655 "," 96,500 ", 45 , 277 ," 1,803,574 ", 94.8 
 시가지 ," 1,047,755 "," 1,047,755 "," 974,753 ", 93.0 , 3.9 ," 31,188 "," 31,188 "," 31,188 ", 855 ," 6,697 "," 16,618 "," 7,018 ", 56.1 ," 502,156 "," 502,156 "," 429,154 ",," 429,154 ", - ," 514,411 "," 514,411 "," 514,411 "," 49,348 "," 146,513 "," 58,799 "," 259,751 "," 4,918 "," 69,903 ", 45 , 40 ," 911,897 ", 93.6 
 감포읍 ," 94,158 "," 94,158 "," 93,823 ", 99.6 , 0.4 ," 6,950 "," 6,950 "," 6,950 ", 148 ," 3,165 "," 1,362 "," 2,275 ", 2.6 ," 55,930 "," 55,930 "," 55,595 ",," 55,595 ", - ," 31,278 "," 31,278 "," 31,278 "," 1,436 "," 10,465 "," 9,336 "," 10,041 "," 1,205 ", 945 ,, 18 ," 83,048 ", 88.5 
 안강읍 ," 345,394 "," 345,394 "," 306,182 ", 88.6 , 2.2 ," 24,240 "," 24,240 "," 24,240 "," 1,294 "," 4,620 "," 10,590 "," 7,736 ", 16.2 ," 202,240 "," 202,240 "," 163,028 ",," 163,028 ", - ," 118,914 "," 118,914 "," 118,914 "," 8,010 "," 26,892 "," 27,636 "," 56,376 "," 1,983 "," 12,975 ",, 51 ," 306,182 ", 100.0 
 건천읍 ," 134,256 "," 134,256 "," 107,222 ", 79.9 , 0.8 ," 13,495 "," 13,495 "," 13,495 ", 466 ," 1,534 "," 2,779 "," 8,716 ", 2.6 ," 94,348 "," 94,348 "," 67,314 ",," 67,314 ", - ," 26,413 "," 26,413 "," 26,413 "," 1,965 "," 10,619 "," 1,459 "," 12,370 ", 327 ," 3,089 ",, 24 ," 96,916 ", 90.4 
 외동읍 ," 200,755 "," 200,755 "," 166,541 ", 83.0 , 1.5 ," 19,716 "," 19,716 "," 19,716 ", 885 ," 6,251 "," 7,639 "," 4,941 ", 12.9 ," 143,473 "," 143,473 "," 109,259 ",," 109,259 ", - ," 37,566 "," 37,566 "," 37,566 "," 1,772 "," 15,118 "," 3,413 "," 17,263 ", 317 ," 5,545 ",, 57 ," 156,119 ", 93.7 
 양북면 ," 51,636 "," 51,636 "," 44,835 ", 86.8 , 0.1 , 554 , 554 , 554 , - , 546 , - , 8 , 1.6 ," 30,360 "," 30,360 "," 23,559 ",," 23,559 ", - ," 20,722 "," 20,722 "," 20,722 "," 1,326 "," 2,663 "," 10,178 "," 6,555 ",, 611 ,, 20 ," 41,719 ", 93.1 
 양남면 ," 59,205 "," 59,205 "," 38,001 ", 64.2 , 0.4 ," 4,638 "," 4,638 "," 4,638 ", 345 , 713 , 439 ," 3,141 ", 2.0 ," 41,861 "," 41,861 "," 20,657 ",," 20,657 ", - ," 12,706 "," 12,706 "," 12,706 ", 995 ," 5,762 ", 576 ," 5,373 ", 356 ," 1,023 ",, 23 ," 38,001 ", 100.0 
 산내면 ," 60,250 "," 60,250 "," 54,323 ", 90.2 , - ," 1,612 "," 1,612 "," 1,612 ", 94 , 183 , 923 , 412 , - ," 28,377 "," 28,377 "," 22,450 ",," 22,450 ", - ," 30,261 "," 30,261 "," 30,261 "," 1,186 "," 4,175 "," 20,656 "," 4,244 ", 549 , 227 ,,," 53,700 ", 98.9 
 내남면 ," 56,968 "," 56,968 "," 47,594 ", 83.5 , 0.6 ," 7,453 "," 7,453 "," 7,453 ", 239 ," 1,203 "," 5,811 ", 200 , 1.2 ," 28,777 "," 28,777 "," 19,403 ",," 19,403 ", - ," 20,738 "," 20,738 "," 20,738 "," 1,276 "," 4,896 "," 6,543 "," 8,023 ",, 587 ,, 16 ," 47,594 ", 100.0 
 서면 ," 60,699 "," 60,699 "," 55,561 ", 91.5 , 0.5 ," 4,317 "," 4,317 "," 4,317 ", 77 ," 1,518 "," 1,364 "," 1,358 ", 3.5 ," 34,263 "," 34,263 "," 29,125 ",," 29,125 ", - ," 22,119 "," 22,119 "," 22,119 ", 975 ," 2,241 "," 7,361 "," 11,542 ",, 998 ,, 28 ," 55,561 ", 100.0 
천북면," 17,388 "," 17,388 "," 12,837 ", 73.8 , - , - , - , - , - , - , - , - , - ," 17,388 "," 17,388 "," 12,837 ",," 12,837 ", - , - , - , - , - , - , - , - ,, 597 ,,," 12,837 ", 100.0 
김천시," 1,075,422 "," 1,094,491 "," 878,333 ", 90.9 , - ," 69,714 "," 69,714 "," 69,714 "," 2,045 "," 35,695 ", 841 ," 31,133 ", 32.1 ," 538,545 "," 557,614 "," 466,203 ", 123 ," 466,080 ", 32.1 ," 467,163 "," 467,163 "," 342,416 "," 42,926 "," 218,852 "," 6,736 "," 73,902 "," 21,996 "," 19,859 ", 20 , 31 ," 698,172 ", 80.6 
동지역," 641,244 "," 641,244 "," 583,211 ", 90.9 ,," 69,714 "," 69,714 "," 69,714 "," 2,045 "," 35,695 ", 841 ," 31,133 ", 17.2 ," 310,773 "," 310,773 "," 294,618 ", 123 ," 294,495 ", 17.2 ," 260,757 "," 260,757 "," 218,879 "," 35,031 "," 144,678 ", 936 ," 38,234 "," 15,946 "," 14,437 ", 20 , 31 ," 475,630 ", 81.6 
아포읍," 121,503 "," 121,503 "," 64,839 ", 53.4 ,,,, - ,,,,, 3.2 ," 53,623 "," 53,623 "," 37,218 ",," 37,218 ", 3.2 ," 67,880 "," 67,880 "," 27,621 "," 2,802 "," 20,286 ", 164 ," 4,369 "," 1,373 "," 1,330 ", - ,," 48,737 ", 75.2 
농소," 12,069 "," 23,759 "," 20,463 ", 86.1 ,,,, - ,,,,, 0.8 ," 4,576 "," 16,266 "," 16,266 ",," 16,266 ", 0.8 ," 7,493 "," 7,493 "," 4,197 ", 84 ," 1,665 ", 516 ," 1,932 ", 580 , 580 , - ,," 6,401 ", 26.4 
남면," 47,262 "," 47,262 "," 20,801 ", 33.8 ,,,, - ,,,,, 0.8 ," 35,635 "," 35,635 "," 14,052 ",," 14,052 ", 0.8 ," 11,627 "," 11,627 "," 6,749 ", 730 ," 4,131 "," 1,007 ", 881 , 389 , 295 , - ,," 15,961 ", 100.0 
개령," 24,159 "," 25,252 "," 21,099 ", 83.6 ,,,, - ,,,,, 0.6 ," 10,205 "," 11,298 "," 11,298 ",," 11,298 ", 0.6 ," 13,954 "," 13,954 "," 9,801 ", 788 ," 5,686 ", 769 ," 2,558 ", 506 , 457 , - ,," 11,800 ", 55.9 
감문," 22,001 "," 22,001 "," 8,841 ", 40.2 ,,,, - ,,,,, 1.2 ," 14,458 "," 14,458 "," 1,298 ",," 1,298 ", 1.2 ," 7,543 "," 7,543 "," 7,543 ", 534 ," 3,672 ", 150 ," 3,187 ", 58 , 196 , - ,," 8,841 ", 100.0 
어모," 16,930 "," 16,930 "," 16,362 ", 96.7 ,,,, - ,,,,, 1.5 ," 9,071 "," 9,071 "," 9,070 ",," 9,070 ", 1.5 ," 7,859 "," 7,859 "," 7,292 ", 243 ," 4,680 ", 296 ," 2,073 ", 298 , 217 , - ,," 13,663 ", 83.5 
봉산," 23,967 "," 29,963 "," 26,381 ", 86.6 ,,,, - ,,,,, 1.1 ," 12,433 "," 18,429 "," 18,429 ",," 18,429 ", 1.1 ," 11,534 "," 11,534 "," 7,952 ", 283 ," 5,016 "," 1,095 "," 1,558 ", 405 , 342 , - ,," 20,385 ", 87.8 
대항," 89,355 "," 89,355 "," 63,837 ", 66.5 ,,,, - ,,,,, 2.2 ," 37,005 "," 37,005 "," 34,201 ",," 34,201 ", 2.2 ," 52,350 "," 52,350 "," 29,636 "," 1,275 "," 20,278 ", 971 ," 7,112 "," 1,370 ", 752 , - ,," 51,338 ", 86.4 
감천," 17,227 "," 17,227 "," 13,032 ", 75.6 ,,,, - ,,,,, 0.7 ," 8,238 "," 8,238 "," 5,253 ",," 5,253 ", 0.7 ," 8,989 "," 8,989 "," 7,779 ", 210 ," 4,449 ",," 3,120 ", 284 , 287 , - ,," 13,032 ", 100.0 
조마," 12,483 "," 12,483 "," 3,411 ", 27.3 ,,,, - ,,,,, 0.8 ," 10,514 "," 10,514 "," 1,443 ",," 1,443 ", 0.8 ," 1,969 "," 1,969 "," 1,968 ", 69 , 370 , 54 ," 1,475 ", 74 , 166 , - ,," 3,410 ", 100.0 
구성," 13,740 "," 13,740 "," 5,921 ", 43.1 ,,,, - ,,,,, 0.8 ," 8,819 "," 8,819 "," 1,310 ",," 1,310 ", 0.8 ," 4,921 "," 4,921 "," 4,611 ", 146 ," 1,004 ", 106 ," 3,355 ", 143 , 37 , - ,," 5,921 ", 100.0 
지례," 18,413 "," 18,413 "," 16,416 ", 89.2 ,,,, - ,,,,, 0.6 ," 11,977 "," 11,977 "," 11,141 ",," 11,141 ", 0.6 ," 6,436 "," 6,436 "," 5,275 ", 502 ," 1,242 ", 547 ," 2,984 ", 309 , 411 , - ,," 16,416 ", 100.0 
대덕," 10,609 "," 10,609 "," 9,518 ", 89.7 ,,,, - ,,,,, 0.4 ," 9,743 "," 9,743 "," 8,841 ",," 8,841 ", 0.4 , 866 , 866 , 677 , 189 , 54 ,, 434 , 179 , 293 , - ,," 2,726 ", 28.6 
증산," 4,460 "," 4,750 "," 4,201 ", 87.7 ,,,, - ,,,,, 0.4 ," 1,475 "," 1,765 "," 1,765 ",," 1,765 ", 0.4 ," 2,985 "," 2,985 "," 2,436 ", 40 ," 1,641 ", 125 , 630 , 82 , 59 , - ,," 3,911 ", 100.0 
안동시," 1,370,465 "," 1,390,870 "," 902,495 ", 64.9 , - ," 360,586 "," 363,596 "," 363,283 "," 47,929 "," 147,446 "," 19,513 "," 148,395 ", 32.5 ," 608,201 "," 625,596 "," 356,208 ", - ," 356,208 ", - ," 401,678 "," 401,678 "," 183,004 "," 13,980 "," 132,261 "," 5,333 "," 31,430 "," 17,356 "," 41,380 ", 37 , 88 ," 643,400 ", 71.3 
동지역," 777,322 "," 788,269 "," 648,898 ", 82.3 ,," 235,872 "," 236,215 "," 236,215 "," 37,352 "," 112,048 "," 3,910 "," 82,905 ", 25.4 ," 243,169 "," 253,773 "," 253,773 ",," 253,773 ",," 298,281 "," 298,281 "," 158,910 "," 11,586 "," 127,010 "," 1,435 "," 18,879 "," 14,318 "," 38,526 ", 28 , 75 ," 598,928 ", 92.3 
풍산읍," 93,778 "," 93,778 "," 77,436 ", 82.6 ,," 43,155 "," 43,155 "," 42,925 "," 2,785 "," 19,416 "," 8,077 "," 12,647 ", 3.1 ," 39,093 "," 39,093 "," 29,132 ",," 29,132 ",," 11,530 "," 11,530 "," 5,379 "," 1,614 ", 959 ," 1,867 ", 939 ," 1,241 "," 1,040 ", 9 , 13 ," 44,472 ", 57.4 
와룡면," 33,920 "," 34,516 "," 12,140 ", 35.2 ,," 5,540 "," 6,136 "," 6,136 ", 615 ," 1,606 ", 597 ," 3,318 ", 0.3 ," 19,760 "," 19,760 "," 3,260 ",," 3,260 ",," 8,620 "," 8,620 "," 2,744 ", 70 ," 2,291 ", 143 , 240 , 156 , 108 ,,,, - 
북후면," 47,839 "," 47,853 "," 21,745 ", 45.4 ,," 8,256 "," 8,270 "," 8,270 ", 650 ," 1,345 ", 180 ," 6,095 ", 0.5 ," 32,023 "," 32,023 "," 12,570 ",," 12,570 ",," 7,560 "," 7,560 ", 905 , 80 , 255 , 110 , 460 , 387 , 591 ,,,, - 
서후면," 41,819 "," 41,834 "," 6,840 ", 16.4 ,," 5,550 "," 5,565 "," 5,565 ", 802 ," 1,649 ", 572 ," 2,542 ", - ," 28,409 "," 28,409 ", 426 ,, 426 ,," 7,860 "," 7,860 ", 849 , 80 , 139 , 120 , 510 , 121 , 110 ,,,, - 
풍천면," 50,607 "," 50,607 "," 8,846 ", 17.5 ,," 8,022 "," 8,022 "," 7,954 ", 621 ," 1,780 ", 131 ," 5,422 ", - ," 33,465 "," 33,465 ", - ,,,," 9,120 "," 9,120 ", 892 , 73 , 267 , 135 , 417 , 130 , 105 ,,,, - 
일직면," 58,293 "," 58,526 "," 22,286 ", 38.1 ,," 10,950 "," 11,183 "," 11,183 ", 652 ," 1,822 ", 259 ," 8,450 ", 0.5 ," 39,823 "," 39,823 "," 10,386 ",," 10,386 ",," 7,520 "," 7,520 ", 717 , 64 , 103 , 125 , 425 , 253 , 369 ,,,, - 
남후면," 37,495 "," 37,786 "," 6,404 ", 16.9 ,," 5,325 "," 5,616 "," 5,616 ", 621 ," 1,298 ", 984 ," 2,713 ", - ," 25,640 "," 25,640 ", - ,,,," 6,530 "," 6,530 ", 788 , 60 , 113 , 140 , 475 , 93 , 79 ,,,, - 
남선면," 34,101 "," 34,101 "," 5,685 ", 16.7 ,," 4,730 "," 4,730 "," 4,715 ", 695 , 910 , 585 ," 2,525 ", - ," 22,884 "," 22,884 ", - ,,,," 6,487 "," 6,487 ", 970 , 60 , 100 , 130 , 680 , 93 , 83 ,,,, - 
임하면," 37,360 "," 44,290 "," 40,006 ", 90.3 ,," 9,410 "," 9,549 "," 9,549 ", 578 ," 1,312 "," 2,547 "," 5,112 ", 1.1 ," 21,060 "," 27,851 "," 27,851 ",," 27,851 ",," 6,890 "," 6,890 "," 2,606 ", 65 , 95 , 282 ," 2,164 ", 102 , 84 ,,,, - 
길안면," 47,202 "," 47,230 "," 15,363 ", 32.5 ,," 7,260 "," 7,288 "," 7,288 ", 810 ," 1,060 ", 339 ," 5,079 ", 0.5 ," 32,222 "," 32,222 "," 7,300 ",," 7,300 ",," 7,720 "," 7,720 ", 775 , 50 , 95 , 180 , 450 , 107 , 90 ,,,, - 
임동면," 25,594 "," 25,622 "," 12,911 ", 50.4 ,," 3,064 "," 3,092 "," 3,092 ", 380 , 696 , 426 ," 1,590 ", 0.2 ," 16,490 "," 16,490 "," 4,279 ",," 4,279 ",," 6,040 "," 6,040 "," 5,540 ", 37 , 547 , 306 ," 4,650 ", 96 , 62 ,,,, - 
예안면," 36,073 "," 36,658 "," 6,682 ", 18.2 ,," 3,850 "," 4,435 "," 4,435 ", 393 ," 1,063 ", 404 ," 2,575 ", 0.1 ," 26,253 "," 26,253 "," 1,600 ",," 1,600 ",," 5,970 "," 5,970 ", 647 , 45 , 102 , 120 , 380 , 94 , 50 ,,,, - 
도산면," 26,470 "," 26,530 "," 11,172 ", 42.1 ,," 6,580 "," 6,640 "," 6,640 ", 399 , 608 , 306 ," 5,327 ", 0.6 ," 14,020 "," 14,020 "," 3,931 ",," 3,931 ",," 5,870 "," 5,870 ", 601 , 45 , 95 , 115 , 346 , 85 , 43 ,,,, - 
녹전면," 22,592 "," 23,270 "," 6,081 ", 26.1 ,," 3,022 "," 3,700 "," 3,700 ", 576 , 833 , 196 ," 2,095 ", 0.2 ," 13,890 "," 13,890 "," 1,700 ",," 1,700 ",," 5,680 "," 5,680 ", 681 , 51 , 90 , 125 , 415 , 80 , 40 ,,,, - 
구미시," 1,350,610 "," 1,355,727 "," 1,262,123 ", 93.1 ,,, - , - ,,,,, 69.3 ," 837,356 "," 837,356 "," 766,518 ",," 766,518 ", 65.3 ," 513,254 "," 518,371 "," 495,605 "," 61,356 "," 315,392 "," 57,900 "," 60,957 "," 33,370 "," 58,145 ", 7 ,," 1,262,123 ", 100.0 
동지역," 910,242 "," 915,359 "," 904,163 ", 98.8 ,,, - , - ,,,,, 38.4 ," 456,519 "," 456,519 "," 445,323 ",," 445,323 ", 36.2 ," 453,723 "," 458,840 "," 458,840 "," 50,866 "," 300,946 "," 46,071 "," 60,957 "," 21,976 "," 48,611 ", 7 ,," 904,163 ", 100.0 
선산읍," 115,567 "," 115,567 "," 112,711 ", 97.5 ,,, - , - ,,,,, 5.6 ," 95,628 "," 95,628 "," 93,780 ",," 93,780 ", 5.3 ," 19,939 "," 19,939 "," 18,931 "," 4,568 "," 2,593 "," 11,770 ",," 3,303 "," 3,075 ",,," 112,711 ", 100.0 
고아읍," 51,618 "," 51,618 "," 46,386 ", 89.9 ,,, - , - ,,,,, 6.2 ," 45,936 "," 45,936 "," 41,183 ",," 41,183 ", 5.8 ," 5,682 "," 5,682 "," 5,203 ",," 5,203 ",,," 2,337 "," 2,943 ",,," 46,386 ", 100.0 
도개면," 47,178 "," 47,178 "," 45,771 ", 97.0 ,,, - , - ,,,,, 1.4 ," 37,672 "," 37,672 "," 37,672 ",," 37,672 ", 1.3 ," 9,506 "," 9,506 "," 8,099 "," 5,922 "," 2,118 ", 59 ,," 1,180 ", 587 ,,," 45,771 ", 100.0 
산동면," 120,093 "," 120,093 "," 57,151 ", 47.6 ,,, - , - ,,,,, 10.2 ," 100,489 "," 100,489 "," 56,507 ",," 56,507 ", 9.6 ," 19,604 "," 19,604 ", 644 ,, 644 ,,," 1,411 "," 2,160 ",,," 57,151 ", 100.0 
해평면," 51,704 "," 51,704 "," 50,364 ", 97.4 ,,, - , - ,,,,, 4.0 ," 46,904 "," 46,904 "," 46,476 ",," 46,476 ", 3.8 ," 4,800 "," 4,800 "," 3,888 ",," 3,888 ",,," 1,281 ", 154 ,,," 50,364 ", 100.0 
장천면," 39,531 "," 39,531 "," 37,633 ", 95.2 ,,, - , - ,,,,, 2.8 ," 39,531 "," 39,531 "," 37,633 ",," 37,633 ", 2.6 , - , - , - ,,,,, 976 , 443 ,,," 37,633 ", 100.0 
무을면," 9,765 "," 9,765 "," 4,229 ", 43.3 ,,, - , - ,,,,, 0.5 ," 9,765 "," 9,765 "," 4,229 ",," 4,229 ", 0.5 , - , - , - ,,,,, 863 , 169 ,,," 4,229 ", 100.0 
옥성면," 4,912 "," 4,912 "," 3,715 ", 75.6 ,,, - , - ,,,,, 0.2 ," 4,912 "," 4,912 "," 3,715 ",," 3,715 ", 0.2 , - , - , - ,,,,, 43 , 3 ,,," 3,715 ", 100.0 
영주시," 688,026 "," 801,219 "," 629,851 ", 78.6 , 113.9 ," 279,742 "," 350,224 "," 257,618 "," 35,259 "," 53,377 "," 42,330 "," 126,652 ", 72.4 ," 269,921 "," 313,320 "," 287,310 ", - ," 287,310 ", 55.1 ," 137,675 "," 137,675 "," 84,923 "," 9,847 "," 20,535 "," 34,112 "," 20,429 ", 224 ," 13,684 ", 30 , 205 ," 629,851 ", 100.0 
풍기읍," 89,368 "," 92,505 "," 90,744 ", 98.1 , 17.0 ," 19,111 "," 22,248 "," 22,248 "," 2,805 "," 4,623 "," 4,683 "," 10,137 ", 17.0 ," 65,857 "," 65,857 "," 65,857 ", - ," 65,857 ", 1.8 ," 4,400 "," 4,400 "," 2,639 ", 236 , 657 ," 1,092 ", 654 , 16 ," 2,701 ", 1 , 5 ," 90,744 ", 100.0 
이산면," 20,639 "," 26,250 "," 24,121 ", 91.9 , 1.3 ," 13,200 "," 18,641 "," 18,641 "," 2,127 "," 3,484 "," 3,751 "," 9,279 ", 1.3 ," 2,289 "," 2,289 "," 2,289 ", - ," 2,289 ", 2.1 ," 5,320 "," 5,320 "," 3,191 ", 285 , 795 ," 1,320 ", 791 , 17 , 25 ,, 12 ," 24,121 ", 100.0 
평은면," 20,169 "," 17,730 "," 16,523 ", 93.2 , 1.0 ," 11,234 "," 12,341 "," 12,341 "," 1,803 "," 2,391 "," 1,905 "," 6,242 ", 1.0 ," 2,119 "," 2,119 "," 2,119 ", - ," 2,119 ", 1.3 ," 3,270 "," 3,270 "," 2,063 ", 276 , 489 , 812 , 486 , 16 , 22 ,, 18 ," 16,523 ", 100.0 
문수면," 31,094 "," 32,951 "," 18,739 ", 56.9 , 0.5 ," 22,350 "," 22,350 "," 10,287 "," 1,234 "," 2,019 "," 1,609 "," 5,425 ", 0.5 ," 5,665 "," 5,665 "," 5,665 ", - ," 5,665 ", 2.0 ," 4,936 "," 4,936 "," 2,787 ", 249 , 694 ," 1,153 ", 691 , 31 , 35 ,, 16 ," 18,739 ", 100.0 
장수면," 49,994 "," 37,438 "," 28,579 ", 76.3 , 5.2 ," 24,865 "," 24,865 "," 20,385 "," 2,518 "," 3,985 "," 3,175 "," 10,707 ", 5.2 ," 3,808 "," 3,808 "," 3,808 ", - ," 3,808 ", 3.5 ," 8,765 "," 8,765 "," 4,386 ", 470 ," 1,310 "," 1,303 "," 1,303 ", 18 , 20 ,, 17 ," 28,579 ", 100.0 
안정면," 32,044 "," 47,617 "," 43,355 ", 91.0 , 1.1 ," 18,956 "," 20,593 "," 20,593 "," 2,782 "," 4,463 "," 1,356 "," 11,992 ", 1.1 ," 16,364 "," 16,364 "," 16,364 ", - ," 16,364 ", 4.3 ," 10,660 "," 10,660 "," 6,398 ", 572 ," 1,594 "," 2,647 "," 1,585 ", 26 , 30 ,, 14 ," 43,355 ", 100.0 
봉현면," 39,047 "," 30,745 "," 23,296 ", 75.8 , 10.1 ," 21,445 "," 21,445 "," 16,500 "," 1,253 "," 3,401 "," 2,709 "," 9,137 ", 10.1 ," 2,428 "," 2,428 "," 2,428 ", - ," 2,428 ", 2.7 ," 6,872 "," 6,872 "," 4,368 ", 614 ," 1,027 "," 1,706 "," 1,021 ", 25 , 27 , 3 , 18 ," 23,296 ", 100.0 
순흥면," 78,513 "," 41,837 "," 23,855 ", 57.0 , 7.1 ," 26,987 "," 26,987 "," 13,191 "," 2,438 "," 3,826 "," 3,048 "," 3,879 ", 7.1 ," 10,730 "," 10,730 "," 7,450 ", - ," 7,450 ", 1.6 ," 4,120 "," 4,120 "," 3,214 ", 962 , 616 ," 1,023 ", 613 , 17 , 20 , 3 , 23 ," 23,855 ", 100.0 
단산면," 114,571 "," 145,012 "," 76,626 ", 52.8 , 17.1 ," 55,689 "," 55,689 "," 17,559 "," 2,955 "," 4,835 "," 4,051 "," 5,718 ", 17.1 ," 47,406 "," 47,406 "," 32,524 ", - ," 32,524 ", 16.8 ," 41,917 "," 41,917 "," 26,543 "," 3,637 "," 6,265 "," 10,408 "," 6,233 ", 13 , 15 , 2 , 16 ," 76,626 ", 100.0 
부석면," 53,369 "," 116,986 "," 98,905 ", 84.5 , 7.0 ," 2,977 "," 52,606 "," 52,606 "," 7,789 "," 10,019 "," 7,958 "," 26,840 ", 3.9 ," 16,965 "," 16,965 "," 16,965 ", - ," 16,965 ", 19.0 ," 47,415 "," 47,415 "," 29,334 "," 2,546 "," 7,088 "," 12,648 "," 7,052 ", 45 , 37 , 16 , 33 ," 98,905 ", 100.0 
상망동," 5,162 "," 5,903 "," 3,663 ", 62.1 , 0.7 ," 2,185 "," 2,926 "," 2,926 ", 531 , 534 , 426 ," 1,435 ", 0.2 ," 2,977 "," 2,977 ", 737 , - , 737 , - , - , - , - , - , - , - , - ,, 9 ,, 5 ," 3,663 ", 100.0 
하망동," 4,210 "," 22,110 "," 22,110 ", 100.0 , 2.1 ," 2,025 "," 2,110 "," 2,110 ", 353 , 392 , 312 ," 1,053 ", 0.1 ," 2,185 "," 20,000 "," 20,000 ", - ," 20,000 ", - , - , - , - , - , - , - , - ,," 2,133 ",,," 22,110 ", 100.0 
영주1동," 5,616 "," 18,591 "," 17,006 ", 91.5 , 1.9 ," 3,591 "," 3,591 "," 2,006 ", 339 , 372 , 296 , 999 , 0.1 ," 2,025 "," 15,000 "," 15,000 ", - ," 15,000 ", - , - , - , - , - , - , - , - ,," 1,400 ",,," 17,006 ", 100.0 
영주2동," 19,553 "," 31,962 "," 19,361 ", 60.6 , 10.9 ," 15,962 "," 15,962 "," 3,361 ", 472 , 638 , 508 ," 1,743 ", 1.3 ," 3,591 "," 16,000 "," 16,000 ", - ," 16,000 ", - , - , - , - , - , - , - , - ,," 1,501 ",,," 19,361 ", 100.0 
휴천1동," 44,805 "," 52,423 "," 52,423 ", 100.0 , 6.8 ," 7,452 "," 15,070 "," 15,070 "," 2,206 "," 2,869 "," 2,286 "," 7,709 ", 2.0 ," 37,353 "," 37,353 "," 37,353 ", - ," 37,353 ", - , - , - , - , - , - , - , - ,, 939 , 3 , 16 ," 52,423 ", 100.0 
휴천2동," 14,813 "," 14,813 "," 8,835 ", 59.6 , 6.1 ," 7,361 "," 7,361 "," 6,991 ", 853 ," 1,511 "," 1,058 "," 3,569 ", 1.5 ," 7,452 "," 7,452 "," 1,844 ", - ," 1,844 ", - , - , - , - , - , - , - , - ,," 2,001 ", 2 , 12 ," 8,835 ", 100.0 
휴천3동," 28,964 "," 30,051 "," 30,051 ", 100.0 , 6.5 ," 5,801 "," 6,888 "," 6,888 ", 933 ," 1,328 "," 1,058 "," 3,569 ", 1.0 ," 23,163 "," 23,163 "," 23,163 ", - ," 23,163 ", - , - , - , - , - , - , - , - ,," 1,084 ",,," 30,051 ", 100.0 
가흥1동," 15,767 "," 15,967 "," 12,130 ", 76.0 , 8.4 ," 9,251 "," 9,251 "," 5,414 ", 649 ," 1,063 ", 847 ," 2,855 ", 1.1 ," 6,516 "," 6,716 "," 6,716 ", - ," 6,716 ", - , - , - , - , - , - , - , - ,," 1,389 ",,," 12,130 ", 100.0 
가흥2동," 20,328 "," 20,328 "," 19,529 ", 96.1 , 3.0 ," 9,300 "," 9,300 "," 8,501 "," 1,219 "," 1,624 "," 1,294 "," 4,364 ", 0.8 ," 11,028 "," 11,028 "," 11,028 ", - ," 11,028 ", - , - , - , - , - , - , - , - ,, 296 ,,," 19,529 ", 100.0 
영천시," 749,801 "," 749,801 "," 549,394 ", 73.3 , 43.0 ," 191,357 "," 191,357 "," 78,892 "," 11,273 "," 52,739 "," 11,165 "," 3,715 ", 51.6 ," 456,028 "," 456,028 "," 392,602 "," 9,113 "," 383,489 ", 44.0 ," 102,416 "," 102,416 "," 77,900 "," 20,270 "," 45,722 "," 10,102 "," 1,806 "," 19,036 "," 27,950 ", 19 , 111 ," 510,522 ", 92.9 
동지역," 416,337 "," 416,337 "," 318,190 ", 76.4 , 28.0 ," 139,557 "," 139,557 "," 78,892 "," 11,273 "," 52,739 "," 11,165 "," 3,715 ", 28.0 ," 195,066 "," 195,066 "," 180,373 "," 9,113 "," 171,260 ", 28.0 ," 81,714 "," 81,714 "," 58,925 "," 8,603 "," 40,314 "," 8,311 "," 1,697 "," 13,980 "," 22,637 ", 15 , 66 ," 305,062 ", 95.9 
금호읍," 172,753 "," 172,753 "," 119,791 ", 69.3 , 15.0 ," 51,800 "," 51,800 ", - ,,,,, 13.4 ," 103,596 "," 103,596 "," 103,596 ",," 103,596 ", 13.0 ," 17,357 "," 17,357 "," 16,195 "," 11,567 "," 2,728 "," 1,791 ", 109 ," 2,630 "," 2,404 ", 4 , 45 ," 107,829 ", 90.0 
청통면," 60,825 "," 60,825 "," 46,596 ", 76.6 ,,, - , - ,,,,, 4.0 ," 60,825 "," 60,825 "," 46,596 ",," 46,596 ",,, - , - ,,,,, 651 , 534 ,,," 44,700 ", 95.9 
신녕면," 29,125 "," 29,125 "," 23,470 ", 80.6 ,,, - , - ,,,,, 1.5 ," 29,125 "," 29,125 "," 23,470 ",," 23,470 ",,, - , - ,,,,, 782 ," 1,132 ",,," 23,470 ", 100.0 
화산면," 7,030 "," 7,030 "," 6,400 ", 91.0 ,,, - , - ,,,,, 0.7 ," 7,030 "," 7,030 "," 6,400 ",," 6,400 ",,, - , - ,,,,, 192 , 228 ,,," 6,400 ", 100.0 
화북면," 6,361 "," 6,361 "," 6,361 ", 100.0 ,,, - , - ,,,,, 0.4 ," 5,895 "," 5,895 "," 5,895 ",," 5,895 ", 0.4 , 466 , 466 , 466 ,, 466 ,,, 203 , 383 ,,," 5,895 ", 92.7 
화남면," 9,942 "," 9,942 "," 9,942 ", 100.0 ,,, - , - ,,,,, 0.5 ," 9,733 "," 9,733 "," 9,733 ",," 9,733 ", 0.5 , 209 , 209 , 209 ,, 209 ,,, 350 , 288 ,,," 9,733 ", 97.9 
자양면," 2,937 "," 2,937 ", - , - ,,, - , - ,,,,,," 2,937 "," 2,937 ", - ,,,,,,,,,,,,,,,, - 
임고면," 8,198 "," 8,198 ", - , - ,,, - , - ,,,,,," 7,633 "," 7,633 ", - ,,,, 565 , 565 , - ,,,,,,,,,, - 
고경면 ," 12,250 "," 12,250 ", - , - ,,, - , - ,,,,,," 12,250 "," 12,250 ", - ,,,,,,,,,,,,,,,, - 
북안면," 12,400 "," 12,400 "," 9,106 ", 73.4 ,,, - , - ,,,,, 0.9 ," 12,400 "," 12,400 "," 9,106 ",," 9,106 ",,, - , - ,,,,, 185 , 190 ,,, - , - 
대창면," 11,643 "," 11,643 "," 9,538 ", 81.9 ,,, - , - ,,,,, 2.0 ," 9,538 "," 9,538 "," 7,433 ",," 7,433 ", 2.0 ," 2,105 "," 2,105 "," 2,105 ", 100 ," 2,005 ",,, 63 , 154 ,,," 7,433 ", 77.9 
상주시," 853,329 "," 861,904 "," 677,134 ", 78.6 , - , - , - , - , - , - , - , - , 23.0 ," 481,987 "," 490,562 "," 372,085 ",," 372,085 ", 23.0 ," 371,342 "," 371,342 "," 305,049 "," 28,261 "," 200,087 "," 27,674 "," 49,027 "," 11,284 "," 11,135 ", 38 , 25 ," 543,293 ", 80.2 
시가지," 450,016 "," 450,016 "," 334,489 ", 74.3 , - , - , - , - , - , - , - , - , 9.2 ," 210,055 "," 210,055 "," 143,311 ",," 143,311 ", 9.2 ," 239,961 "," 239,961 "," 191,178 "," 21,385 "," 134,289 ", 869 ," 34,635 "," 6,037 "," 4,748 ", 28 ,," 322,553 ", 96.4 
함창읍," 116,477 "," 116,477 "," 90,529 ", 77.7 , - , - , - , - , - , - , - , - , 2.7 ," 38,635 "," 38,635 "," 30,197 ",," 30,197 ", 2.7 ," 77,842 "," 77,842 "," 60,332 "," 3,483 "," 42,216 ", 241 ," 14,392 "," 1,418 "," 1,786 ", 10 ,," 90,429 ", 99.9 
사벌면," 18,689 "," 26,480 "," 26,480 ", 100.0 , - , - , - , - , - , - , - , - , 2.1 ," 17,195 "," 24,986 "," 24,986 ",," 24,986 ", 2.1 ," 1,494 "," 1,494 "," 1,494 ", 26 , 781 , 687 ,, 570 , 553 ,,," 6,236 ", 23.5 
중동면," 8,866 "," 8,866 "," 6,146 ", 69.3 , - , - , - , - , - , - , - , - , 0.3 ," 7,844 "," 7,844 "," 5,124 ",," 5,124 ", 0.3 ," 1,022 "," 1,022 "," 1,022 ", 56 , 368 , 598 ,, 114 , 79 ,,," 3,570 ", 58.1 
낙동면," 17,671 "," 17,671 "," 13,665 ", 77.3 , - , - , - , - , - , - , - , - , 0.8 ," 14,243 "," 14,243 "," 10,237 ",," 10,237 ", 0.8 ," 3,428 "," 3,428 "," 3,428 ", 353 ," 1,252 "," 1,823 ",, 178 , 410 ,,," 9,907 ", 72.5 
청리면," 47,952 "," 47,952 "," 43,551 ", 90.8 , - , - , - , - , - , - , - , - , 1.5 ," 41,984 "," 41,984 "," 37,583 ",," 37,583 ", 1.5 ," 5,968 "," 5,968 "," 5,968 ", - ," 3,395 "," 2,573 ", - , 12 , 811 ,,," 24,997 ", 57.4 
공성면," 27,013 "," 27,013 "," 25,434 ", 94.2 , - , - , - , - , - , - , - , - , 0.8 ," 17,364 "," 17,364 "," 15,785 ",," 15,785 ", 0.8 ," 9,649 "," 9,649 "," 9,649 ", 717 ," 6,582 "," 2,350 ", - , 396 , 465 ,,," 17,253 ", 67.8 
외남면," 7,850 "," 7,850 "," 2,092 ", 26.6 , - , - , - , - , - , - , - , - , 0.2 ," 7,220 "," 7,220 "," 1,462 ",," 1,462 ", 0.2 , 630 , 630 , 630 ,, 265 , 365 ,, 65 , 61 ,,, - , - 
내서면," 8,703 "," 8,703 "," 2,639 ", 30.3 , - , - , - , - , - , - , - , - , 0.2 ," 6,064 "," 6,064 ", - ,,, 0.2 ," 2,639 "," 2,639 "," 2,639 ", 56 , 598 ," 1,985 ",, 15 , 32 ,,, - , - 
모서면," 19,509 "," 20,017 "," 20,017 ", 100.0 , - , - , - , - , - , - , - , - , 0.6 ," 14,830 "," 15,338 "," 15,338 ",," 15,338 ", 0.6 ," 4,679 "," 4,679 "," 4,679 ", 551 , 698 ," 3,430 ",, 303 , 240 ,,," 6,326 ", 31.6 
화동면," 12,408 "," 12,684 "," 12,684 ", 100.0 , - , - , - , - , - , - , - , - , 0.6 ," 9,236 "," 9,512 "," 9,512 ",," 9,512 ", 0.6 ," 3,172 "," 3,172 "," 3,172 ", 462 , 765 ," 1,945 ",, 299 , 309 ,,," 8,772 ", 69.2 
화서면," 33,320 "," 33,320 "," 33,172 ", 99.6 , - , - , - , - , - , - , - , - , 1.2 ," 28,423 "," 28,423 "," 28,275 ",," 28,275 ", 1.2 ," 4,897 "," 4,897 "," 4,897 ", 40 ," 2,567 "," 2,290 ",, 509 , 455 ,,," 25,759 ", 77.7 
화북면," 21,316 "," 21,316 "," 17,740 ", 83.2 , - , - , - , - , - , - , - , - , 1.0 ," 18,696 "," 18,696 "," 15,120 ",," 15,120 ", 1.0 ," 2,620 "," 2,620 "," 2,620 ", 283 ," 1,819 ", 518 ,, 320 , 255 ,,," 7,424 ", 41.8 
외서면," 5,994 "," 5,994 "," 1,271 ", 21.2 , - , - , - , - , - , - , - , - , 0.1 ," 5,587 "," 5,587 ", 864 ,, 864 , 0.1 , 407 , 407 , 407 ,, 351 , 56 ,, 65 , 77 ,,, - , - 
은척면," 8,061 "," 8,061 "," 8,061 ", 100.0 , - , - , - , - , - , - , - , - , 0.2 ," 6,322 "," 6,322 "," 6,322 ",," 6,322 ", 0.2 ," 1,739 "," 1,739 "," 1,739 ", 53 , 745 , 941 ,, 211 , 205 ,,," 6,322 ", 78.4 
공검면," 9,641 "," 9,641 "," 8,118 ", 84.2 , - , - , - , - , - , - , - , - , 0.4 ," 8,085 "," 8,085 "," 6,562 ",," 6,562 ", 0.4 ," 1,556 "," 1,556 "," 1,556 ", 194 , 733 , 629 ,, 199 , 178 ,,, - , - 
이안면," 6,886 "," 6,886 "," 1,804 ", 26.2 , - , - , - , - , - , - , - , - , 0.2 ," 5,082 "," 5,082 ", - ,, - , 0.2 ," 1,804 "," 1,804 "," 1,804 ", 152 , 985 , 667 ,, 24 , 16 ,,, - , - 
화남면," 4,272 "," 4,272 "," 1,396 ", 32.7 , - , - , - , - , - , - , - , - , 0.2 ," 3,261 "," 3,261 ", 385 ,, 385 , 0.2 ," 1,011 "," 1,011 "," 1,011 ", 25 , 421 , 565 ,, 109 , 97 ,,, 385 , 27.6 
모동면," 28,685 "," 28,685 "," 27,846 ", 97.1 , - , - , - , - , - , - , - , - , 1.0 ," 21,861 "," 21,861 "," 21,022 ",," 21,022 ", 1.0 ," 6,824 "," 6,824 "," 6,824 ", 425 ," 1,257 "," 5,142 ",, 440 , 358 ,,," 13,360 ", 48.0 
문경시," 396,678 "," 783,436 "," 776,721 ", 99.1 ,,, - , - ,,,,, 31.7 ," 34,690 "," 408,567 "," 408,567 "," 408,567 ", - , 593.6 ," 361,988 "," 374,869 "," 368,154 "," 148,587 "," 117,560 "," 19,254 "," 82,753 "," 14,476 "," 23,263 ",, 180 , 777 , 0.1 
점촌동," 182,366 "," 339,854 "," 339,854 ", 100.0 ,,, - , - ,,,,, 9.5 ," 1,118 "," 155,377 "," 155,377 "," 155,377 ",," 181,248.0 "," 181,248 "," 184,477 "," 184,477 "," 85,602 "," 69,562 "," 10,021 "," 19,292 "," 6,134 "," 10,101 ",, 47 , 340 , 0.1 
문경읍," 58,669 "," 122,042 "," 121,377 ", 99.5 ,,, - , - ,,,,, 4.4 ," 4,785 "," 68,158 "," 68,158 "," 68,158 ",," 53,884.0 "," 53,884 "," 53,884 "," 53,219 "," 20,709 "," 22,953 "," 2,514 "," 7,043 "," 2,317 "," 3,817 ",, 25 , 36 , 0.0 
가은읍," 59,571 "," 120,924 "," 120,924 ", 100.0 ,,, - , - ,,,,, 3.1 , 21 ," 61,236 "," 61,236 "," 61,236 ",," 59,550.0 "," 59,550 "," 59,688 "," 59,688 "," 25,516 "," 9,884 "," 1,088 "," 23,200 "," 1,714 "," 2,722 ",, 47 , 21 , 0.0 
영순면," 14,781 "," 36,021 "," 36,021 ", 100.0 ,,, - , - ,,,,, 1.8 ," 2,685 "," 23,873 "," 23,873 "," 23,873 ",," 12,096.0 "," 12,096 "," 12,148 "," 12,148 "," 3,025 "," 3,479 ", 260 ," 5,384 ", 588 , 785 ,, 4 , 38 , 0.1 
산양면," 16,273 "," 21,360 "," 21,360 ", 100.0 ,,, - , - ,,,,, 2.4 ," 7,851 "," 12,750 "," 12,750 "," 12,750 ",," 8,422.0 "," 8,422 "," 8,610 "," 8,610 ", 942 ," 3,396 "," 4,272 ",, 246 , 407 ,, 4 , 21 , 0.1 
호계면," 23,276 "," 38,445 "," 38,445 ", 100.0 ,,, - , - ,,,,, 3.1 ," 1,881 "," 16,960 "," 16,960 "," 16,960 ",," 21,395.0 "," 21,395 "," 21,485 "," 21,485 "," 4,884 "," 2,974 ", 104 ," 13,523 ", 535 , 880 ,, 18 , 5 , 0.0 
산북면," 2,321 "," 21,008 "," 21,008 ", 100.0 ,,, - , - ,,,,, 1.8 ," 2,321 "," 21,008 "," 21,008 "," 21,008 ",,,, - , - ,,,,, 302 , 315 ,, - , 121 , 0.6 
동로면, 19 ," 5,049 "," 5,049 ", 100.0 ,,, - , - ,,,,, 0.2 , 19 ," 4,926 "," 4,926 "," 4,926 ",,,, 123 , 123 ,, 123 ,,, 186 , 258 ,, - , 19 , 0.4 
마성면," 11,899 "," 24,687 "," 18,637 ", 75.5 ,,, - , - ,,,,, 3.7 ," 2,017 "," 14,805 "," 14,805 "," 14,805 ",," 9,882.0 "," 9,882 "," 9,882 "," 3,832 ", 895 ," 1,317 ", 309 ," 1,311 "," 1,667 "," 2,725 ",, 12 , 121 , 0.6 
농암면," 27,502 "," 54,046 "," 54,046 ", 100.0 ,,, - , - ,,,,, 1.7 ," 11,991 "," 29,474 "," 29,474 "," 29,474 ",," 15,511.0 "," 15,511 "," 24,572 "," 24,572 "," 7,014 "," 3,872 ", 686 ," 13,000 ", 787 ," 1,253 ",, 23 , 54 , 0.1 
경산시," 531,602 "," 1,101,065 "," 966,236 ", 87.8 , 18.9 ," 13,553 "," 121,416 "," 117,491 "," 5,787 "," 60,698 "," 51,006 ", - , 79.9 ," 349,247 "," 533,397 "," 420,967 "," 1,209 "," 419,758 ", 79.9 ," 168,802 "," 446,252 "," 427,778 "," 34,946 "," 347,908 "," 44,924 ", - ," 20,697 "," 44,597 ", 67 , 320 ," 857,815 ", 88.8 
시가지," 100,001 "," 511,129 "," 507,204 ", 99.2 , 9.1 ," 6,501 "," 6,501 "," 2,576 ", 503 , - ," 2,073 ", - , 25.1 ," 64,450 "," 235,202 "," 235,202 ", 812 ," 234,390 ", 25.1 ," 29,050 "," 269,426 "," 269,426 "," 18,836 "," 221,581 "," 29,009 ",," 12,205 "," 28,256 ", 38 , 150 ," 459,932 ", 90.7 
하양읍," 229,186 "," 292,778 "," 240,167 ", 82.0 , 4.9 , - ," 49,110 "," 49,110 "," 3,137 "," 22,968 "," 23,005 ", - , 30.0 ," 160,551 "," 160,551 "," 107,940 ", 397 ," 107,543 ", 30.0 ," 68,635 "," 83,117 "," 83,117 "," 7,414 "," 65,266 "," 10,437 ",," 4,294 "," 10,967 ", 20 , 44 ," 204,737 ", 85.2 
진량읍," 74,446 "," 124,430 "," 124,430 ", 100.0 , 2.4 , - ," 13,994 "," 13,994 ", 72 ," 1,892 "," 12,030 ", - , 10.5 ," 42,215 "," 55,613 "," 55,613 ", - ," 55,613 ", 10.5 ," 32,231 "," 54,823 "," 54,823 "," 7,453 "," 44,590 "," 2,780 ",," 2,685 "," 2,661 ", 5 , 62 ," 106,342 ", 85.5 
자인면," 127,969 "," 172,728 "," 94,435 ", 54.7 , 2.5 ," 7,052 "," 51,811 "," 51,811 "," 2,075 "," 35,838 "," 13,898 ", - , 14.3 ," 82,031 "," 82,031 "," 22,212 ", - ," 22,212 ", 14.3 ," 38,886 "," 38,886 "," 20,412 "," 1,243 "," 16,471 "," 2,698 ",," 1,513 "," 2,713 ", 4 , 64 ," 86,804 ", 91.9 
군부," 3,325,603 "," 3,944,858 "," 3,055,041 ", 77.4 , 16.9 ," 324,356 "," 394,979 "," 367,118 "," 96,698 "," 116,301 "," 43,862 "," 110,257 ", 84.0 ," 2,028,607 "," 2,187,569 "," 1,604,236 ", - ," 1,604,236 ", 82.0 ," 972,640 "," 1,362,310 "," 1,083,687 "," 353,380 "," 337,942 "," 200,275 "," 192,090 "," 33,372 "," 73,163 ", 38 ," 18,502 "," 2,108,706 ", 69.0 
군위군," 105,355 "," 313,333 "," 245,411 ", 78.3 ,,, - , - ,,,,, 4.4 ," 103,086 "," 148,242 "," 80,320 ",," 80,320 ", 4.8 ," 2,269 "," 165,091 "," 165,091 "," 20,528 "," 69,146 ",," 75,417 "," 2,399 "," 4,863 ",, 35 ,, - 
군위읍," 19,379 "," 104,332 "," 104,332 ", 100.0 ,,, - , - ,,,,, 0.6 ," 17,110 "," 38,030 "," 38,030 ",," 38,030 ", 4.8 ," 2,269 "," 66,302 "," 66,302 "," 12,031 "," 38,747 ",," 15,524 "," 1,208 "," 2,705 ",, 35 ,, - 
소보면," 10,085 "," 29,028 "," 18,943 ", 65.3 ,,, - , - ,,,,, 0.7 ," 10,085 "," 10,085 ", - ,, - ,,," 18,943 "," 18,943 ", 449 ," 4,093 ",," 14,401 ", 43 , - ,,,, - 
효령면," 32,092 "," 54,770 "," 23,603 ", 43.1 ,,, - , - ,,,,, 1.4 ," 32,092 "," 32,092 ", 925 ,, 925 ,,," 22,678 "," 22,678 ", 456 ," 9,603 ",," 12,619 ", 117 , 84 ,,,, - 
부계면," 3,270 "," 24,610 "," 24,610 ", 100.0 ,,, - , - ,,,,, 0.2 ," 3,270 "," 16,475 "," 16,475 ",," 16,475 ",,," 8,135 "," 8,135 ", 576 ," 3,206 ",," 4,353 ", 364 , 944 ,,,, - 
우보면," 7,169 "," 28,886 "," 28,886 ", 100.0 ,,, - , - ,,,,, 0.2 ," 7,169 "," 8,082 "," 8,082 ",," 8,082 ",,," 20,804 "," 20,804 "," 4,409 "," 4,868 ",," 11,527 ", 232 , 444 ,,,, - 
의흥면," 26,495 "," 38,926 "," 17,031 ", 43.8 ,,, - , - ,,,,, 1.0 ," 26,495 "," 26,495 "," 4,600 ",," 4,600 ",,," 12,431 "," 12,431 "," 1,606 "," 3,493 ",," 7,332 ", 135 , 343 ,,,, - 
산성면," 4,775 "," 15,114 "," 10,339 ", 68.4 ,,, - , - ,,,,, 0.3 ," 4,775 "," 4,775 ", - ,, - ,,," 10,339 "," 10,339 ", 781 ," 2,316 ",," 7,242 ", 27 , - ,,,, - 
고로면," 2,090 "," 17,667 "," 17,667 ", 100.0 ,,, - , - ,,,,, 0.0 ," 2,090 "," 12,208 "," 12,208 ",," 12,208 ",,," 5,459 "," 5,459 ", 220 ," 2,820 ",," 2,419 ", 273 , 343 ,,,, - 
의성군," 268,804 "," 322,617 "," 272,549 ", 84.5 , 0.1 ," 6,142 "," 17,150 "," 17,150 "," 2,117 "," 6,964 "," 1,502 "," 6,567 ", 14.2 ," 158,518 "," 188,115 "," 175,208 ",," 175,208 ", 14.2 ," 104,144 "," 117,352 "," 80,191 "," 7,776 "," 22,894 "," 17,427 "," 32,094 "," 2,469 "," 7,637 ", 2 , - ," 196,452 ", 72.1 
의성읍," 103,838 "," 114,745 "," 107,576 ", 93.8 , 0.0 ," 2,642 "," 3,052 "," 3,052 "," 1,592 "," 1,354 ", 106 ,, 3.0 ," 60,553 "," 60,553 "," 53,384 ",," 53,384 ", 3.0 ," 40,643 "," 51,140 "," 51,140 "," 2,742 "," 7,385 "," 13,234 "," 27,779 ", 127 ," 3,039 ", 1 ,," 78,184 ", 72.7 
금성면," 52,838 "," 59,572 "," 46,049 ", 77.3 , 0.1 ," 3,500 "," 10,234 "," 10,234 ", 525 ," 1,746 "," 1,396 "," 6,567 ", 1.8 ," 27,915 "," 27,915 "," 22,177 ",," 22,177 ", 1.8 ," 21,423 "," 21,423 "," 13,638 "," 2,738 "," 9,500 "," 1,400 ",, 402 ," 1,007 ", 1 ,," 35,100 ", 76.2 
봉양면," 21,721 "," 33,996 "," 26,263 ", 77.3 ,,, - , - ,,,,, 2.0 ," 13,988 "," 26,263 "," 26,263 ",," 26,263 ", 2.0 ," 7,733 "," 7,733 ", - ,,,,, 511 , 784 ,,," 13,988 ", 53.3 
단밀면," 10,461 "," 10,461 "," 7,095 ", 67.8 ,,, - , - ,,,,, 1.1 ," 7,095 "," 7,095 "," 7,095 ",," 7,095 ", 1.1 ," 3,366 "," 3,366 ", - ,,,,, 125 , 382 ,,," 7,095 ", 100.0 
단북면," 12,776 "," 12,776 "," 10,324 ", 80.8 ,,, - , - ,,,,, 2.0 ," 6,893 "," 6,893 "," 6,893 ",," 6,893 ", 2.0 ," 5,883 "," 5,883 "," 3,431 ",," 1,264 "," 2,167 ",, 210 , 610 ,,," 7,893 ", 76.5 
안계면," 52,469 "," 52,469 "," 36,644 ", 69.8 ,,, - , - ,,,,, 2.7 ," 31,283 "," 31,283 "," 31,283 ",," 31,283 ", 2.7 ," 21,186 "," 21,186 "," 5,361 "," 1,550 "," 3,811 ",,, 508 ," 1,067 ",,," 31,283 ", 85.4 
다인면," 14,701 "," 29,530 "," 29,530 ", 100.0 ,,, - , - ,,,,, 1.6 ," 10,791 "," 22,909 "," 22,909 ",," 22,909 ", 1.6 ," 3,910 "," 6,621 "," 6,621 ", 746 , 934 , 626 ," 4,315 ", 586 , 748 ,,," 22,909 ", 77.6 
춘산면, - ," 5,031 "," 5,031 ", 100.0 ,,," 1,956 "," 1,956 ",," 1,956 ",,,,," 3,075 "," 3,075 ",," 3,075 ",,, - , - ,,,,,, 104 ,,,, - 
구천면, - ," 4,037 "," 4,037 ", 100.0 ,,," 1,908 "," 1,908 ",," 1,908 ",,,,," 2,129 "," 2,129 ",," 2,129 ",,, - , - ,,,,,, 66 ,,,, - 
청송군," 181,949 "," 181,950 "," 147,512 ", 81.1 ,,, - , - ,,,,, 5.6 ," 125,675 "," 125,675 "," 91,238 ", - ," 91,238 ", 5.6 ," 56,274 "," 56,275 "," 56,274 "," 6,010 "," 17,070 ", - ," 33,194 "," 2,733 "," 1,938 ", - , 69 ," 146,057 ", 99.0 
청송읍," 52,223 "," 52,223 "," 52,223 ", 100.0 ,,,,,,,,, 1.6 ," 30,060 "," 30,060 "," 30,060 ",," 30,060 ", 1.6 ," 22,163 "," 22,163 "," 22,163 "," 2,129 "," 8,479 ",," 11,555 ", 938 , 733 ,, 23 ," 52,223 ", 100.0 
부동면, - , - , - , - ,,,,,,,,,,, - , - ,,, - ,, - , - ,,,,,,,,,, - 
부남면," 12,870 "," 12,870 "," 3,337 ", 25.9 ,,,,,,,,, 0.5 ," 12,870 "," 12,870 "," 3,337 ",," 3,337 ", 0.5 ,, - , - ,,,,, 45 , 95 ,,," 1,883 ", 56.4 
현동면," 8,978 "," 8,978 ", - , - ,,,,,,,,, 0.4 ," 8,978 "," 8,978 ", - ,,, 0.4 ,, - , - ,,,,,,,,,, - 
현서면," 15,926 "," 15,926 ", - , - ,,,,,,,,, 0.6 ," 15,926 "," 15,926 ", - ,,, 0.6 ,, - , - ,,,,,,,,,, - 
안덕면," 26,535 "," 26,536 "," 26,536 ", 100.0 ,,,,,,,,, 0.6 ," 21,049 "," 21,049 "," 21,049 ",," 21,049 ", 0.6 ," 5,486 "," 5,487 "," 5,487 ",, 538 ,," 4,949 ", 644 , 451 ,, 38 ," 26,535 ", 100.0 
파천면, - , - , - , - ,,, - , - ,,,,,,, - , - ,,, - ,, - , - ,,,,,,,,,, - 
진보면," 65,417 "," 65,417 "," 65,416 ", 100.0 ,,, - , - ,,,,, 1.9 ," 36,792 "," 36,792 "," 36,792 ",," 36,792 ", 1.9 ," 28,625 "," 28,625 "," 28,624 "," 3,881 "," 8,053 ",," 16,690 "," 1,106 ", 659 ,, 8 ," 65,416 ", 100.0 
영양군," 241,347 "," 241,347 "," 200,140 ", 82.9 , - ," 4,854 "," 4,854 "," 4,854 "," 2,705 "," 1,411 ", 738 , - , 3.4 ," 120,420 "," 120,420 "," 83,721 ", - ," 83,721 ", - ," 116,073 "," 116,073 "," 111,565 "," 64,109 "," 20,156 "," 27,300 ", - ," 1,057 "," 3,485 ", 12 , 142 ," 83,721 ", 41.8 
영양읍," 90,293 "," 90,293 "," 67,992 ", 75.3 , - , - , - , - , - , - , - , - , 1.0 ," 48,370 "," 48,370 "," 27,577 ", - ," 27,577 ", - ," 41,923 "," 41,923 "," 40,415 "," 20,491 "," 11,321 "," 8,603 ", - , 465 ," 1,629 ", - , 38 ," 27,577 ", 40.6 
입암면," 47,189 "," 47,189 "," 40,412 ", 85.6 , - ," 1,426 "," 1,426 "," 1,426 "," 1,015 ", 285 , 126 , - , 0.6 ," 19,366 "," 19,366 "," 12,589 ", - ," 12,589 ", - ," 26,397 "," 26,397 "," 26,397 "," 16,406 "," 2,960 "," 7,031 ", - , 154 , 336 , - , 20 ," 12,589 ", 31.2 
청기면," 29,986 "," 29,986 "," 31,077 ", 103.6 , - , 530 , 530 , 530 , 425 , 105 , - , - , 0.7 ," 16,792 "," 16,792 "," 17,883 ", - ," 17,883 ", - ," 12,664 "," 12,664 "," 12,664 "," 7,885 "," 1,399 "," 3,380 ", - , 147 , 206 , 11 , 29 ," 17,883 ", 57.5 
일월면 ," 24,853 "," 24,853 "," 15,372 ", 61.9 , - , - , - , - , - , - , - , - , 0.3 ," 16,106 "," 16,106 "," 6,625 ", - ," 6,625 ", - ," 8,747 "," 8,747 "," 8,747 "," 5,602 ", 743 ," 2,402 ", - , 53 , 444 , - , 18 ," 6,625 ", 43.1 
수비면," 21,340 "," 21,340 "," 16,837 ", 78.9 , - , - , - , - , - , - , - , - , 0.4 ," 10,223 "," 10,223 "," 5,720 ", - ," 5,720 ", - ," 11,117 "," 11,117 "," 11,117 "," 7,304 ", 682 ," 3,131 ", - , 42 , 489 , 1 , 21 ," 5,720 ", 34.0 
석보면," 27,686 "," 27,686 "," 28,450 ", 102.8 , - ," 2,898 "," 2,898 "," 2,898 "," 1,265 "," 1,021 ", 612 , - , 0.4 ," 9,563 "," 9,563 "," 13,327 ", - ," 13,327 ", - ," 15,225 "," 15,225 "," 12,225 "," 6,421 "," 3,051 "," 2,753 ", - , 196 , 381 , - , 16 ," 13,327 ", 46.8 
영덕군," 229,344 "," 405,214 "," 324,044 ", 80.0 , - , - ," 29,450 "," 29,450 "," 3,670 "," 25,780 ", - , - , 8.0 ," 229,344 "," 229,344 "," 148,174 ", - ," 148,174 ", - , - ," 146,420 "," 146,420 "," 12,996 "," 32,615 "," 100,809 ", - ," 2,398 "," 9,747 ", 3 , - ," 138,472 ", 42.7 
영덕읍," 50,235 "," 93,845 "," 80,330 ", 85.6 , - , - ," 7,150 "," 7,150 ", 250 ," 6,900 ", - , - , 1.8 ," 50,235 "," 50,235 "," 36,720 ", - ," 36,720 ", - , - ," 36,460 "," 36,460 "," 1,367 "," 9,309 "," 25,784 ", - , 838 ," 2,893 ", - , - ," 34,189 ", 42.6 
강구면," 40,796 "," 85,995 "," 80,398 ", 93.5 , - , - ," 1,800 "," 1,800 ", 300 ," 1,500 ", - , - , 1.6 ," 40,796 "," 40,796 "," 35,199 ", - ," 35,199 ", - , - ," 43,399 "," 43,399 "," 3,053 "," 8,075 "," 32,271 ", - , 879 ," 2,579 ", - , - ," 34,356 ", 42.7 
남정면," 18,530 "," 23,078 "," 16,362 ", 70.9 , - , - ," 4,280 "," 4,280 ", 380 ," 3,900 ", - , - , 0.7 ," 18,530 "," 18,530 "," 11,814 ", - ," 11,814 ", - , - , 268 , 268 , - , 268 , - , - , 68 , 993 , 2 , - ," 3,460 ", 21.1 
달산면," 4,560 "," 5,660 "," 1,100 ", 19.4 , - , - ," 1,100 "," 1,100 ", 150 , 950 , - , - , - ," 4,560 "," 4,560 ", - , - , - , - , - , - , - , - , - , - , - , - , - , - , - , - , - 
지품면," 3,691 "," 4,491 ", 800 , 17.8 , - , - , 800 , 800 , 210 , 590 , - , - , - ," 3,691 "," 3,691 ", - , - , - , - , - , - , - , - , - , - , - , - , - , - , - , - , - 
축산면," 21,177 "," 40,099 "," 32,409 ", 80.8 , - , - ," 3,980 "," 3,980 ", 580 ," 3,400 ", - , - , 0.5 ," 21,177 "," 21,177 "," 13,487 ", - ," 13,487 ", - , - ," 14,942 "," 14,942 ", 973 ," 4,049 "," 9,920 ", - , 225 , 686 , - , - ," 11,642 ", 35.9 
영해면," 48,990 "," 100,404 "," 87,228 ", 86.9 , - , - ," 5,790 "," 5,790 ", 950 ," 4,840 ", - , - , 1.5 ," 48,990 "," 48,990 "," 35,814 ", - ," 35,814 ", - , - ," 45,624 "," 45,624 "," 6,782 "," 9,551 "," 29,291 ", - , 272 ," 1,984 ", - , - ," 37,190 ", 42.6 
병곡면," 35,463 "," 45,740 "," 19,515 ", 42.7 , - , - ," 4,550 "," 4,550 ", 850 ," 3,700 ", - , - , 1.9 ," 35,463 "," 35,463 "," 9,238 ", - ," 9,238 ", - , - ," 5,727 "," 5,727 ", 821 ," 1,363 "," 3,543 ", - , 116 , 401 , 1 , - ," 11,733 ", 60.1 
창수면," 5,902 "," 5,902 "," 5,902 ", 100.0 , - , - , - , - , - , - , - , - , - ," 5,902 "," 5,902 "," 5,902 ", - ," 5,902 ", - , - , - , - , - , - , - , - , - , 211 , - , - ," 5,902 ", 100.0 
청도군," 334,145 "," 368,269 "," 232,419 ", 63.1 , 8.6 ," 69,250 "," 95,003 "," 83,345 "," 10,784 "," 15,641 "," 18,902 "," 38,018 ", 8.9 ," 201,626 "," 207,439 "," 119,084 ", - ," 119,084 ", 8.3 ," 63,269 "," 65,827 "," 29,990 "," 1,209 "," 24,673 "," 1,972 "," 2,136 "," 2,744 "," 8,490 ", - , - ," 219,715 ", 94.5 
청도읍," 101,644 "," 120,275 "," 80,465 ", 66.9 , 1.7 ," 16,303 "," 34,934 "," 34,934 "," 4,624 "," 7,826 "," 6,284 "," 16,200 ", 2.5 ," 46,077 "," 46,077 "," 32,556 ",," 32,556 ", 2.5 ," 39,264 "," 39,264 "," 12,975 ", 448 ," 12,527 ",,," 1,568 "," 4,349 ",,," 87,934 ", 109.3 
화양읍," 71,293 "," 80,281 "," 78,125 ", 97.3 , 2.1 ," 18,555 "," 24,678 "," 24,678 "," 2,989 "," 5,221 "," 8,537 "," 7,931 ", 2.1 ," 38,410 "," 41,275 "," 41,275 ",," 41,275 ", 2.1 ," 14,328 "," 14,328 "," 12,172 ", 526 ," 7,538 "," 1,972 "," 2,136 ", 937 ," 2,452 ",,," 71,092 ", 91.0 
각남면," 15,176 "," 15,800 "," 15,316 ", 96.9 ,,,,,,,,, 0.8 ," 14,311 "," 14,935 "," 14,935 ",," 14,935 ", 0.8 , 865 , 865 , 381 ,, 381 ,,, 42 , 122 ,,," 15,320 ", 100.0 
풍각면," 41,602 "," 41,602 "," 21,107 ", 50.7 , 2.2 ," 19,450 "," 19,450 "," 14,996 "," 1,849 "," 1,332 "," 2,574 "," 9,241 ", 0.8 ," 15,031 "," 15,031 "," 4,207 ",," 4,207 ", 0.8 ," 7,121 "," 7,121 "," 1,904 ",," 1,904 ",,, 80 , 808 ,,," 17,909 ", 84.8 
각북면," 33,940 "," 33,940 "," 5,460 ", 16.1 , 0.9 ,, - , - ,,,,, 0.6 ," 33,940 "," 33,940 "," 5,460 ",," 5,460 ", 0.6 , - , - , - ,,,,,,,,,, - 
이서면," 18,353 "," 19,352 "," 13,237 ", 68.4 , 0.9 ," 7,738 "," 8,737 "," 8,737 "," 1,322 "," 1,262 "," 1,507 "," 4,646 ", 0.6 ," 10,615 "," 10,615 "," 4,500 ",," 4,500 ", 0.6 , - , - , - ,,,,, 48 , 490 ,,," 12,251 ", 92.6 
금천면," 19,998 "," 22,322 "," 13,427 ", 60.2 , 0.8 ," 7,204 "," 7,204 ", - ,,,,, 0.6 ," 11,103 "," 13,427 "," 13,427 ",," 13,427 ", 0.6 ," 1,691 "," 1,691 ", - ,,,,, 24 , 269 ,,," 9,927 ", 73.9 
운문면," 6,469 "," 9,027 "," 5,282 ", 58.5 ,,,,,,,,, 0.4 ," 6,469 "," 6,469 "," 2,724 ",," 2,724 ", 0.4 , - ," 2,558 "," 2,558 ", 235 ," 2,323 ",,, 45 , - ,,," 5,282 ", 100.0 
매전면," 25,670 "," 25,670 ", - , - ,,,,,,,,, 0.7 ," 25,670 "," 25,670 ", - ,,,, - , - , - ,,,,,, - ,,,, - 
고령군," 324,162 "," 334,783 "," 241,487 ", 72.1 , - , - , - , - , - , - , - , - , 0.7 ," 173,022 "," 183,643 "," 125,226 ", - ," 125,226 ", 0.7 ," 151,140 "," 151,140 "," 116,261 "," 17,095 "," 65,069 "," 12,856 "," 21,241 "," 1,885 "," 3,846 ", - , - ," 235,465 ", 97.5 
대가야읍," 167,524 "," 167,524 "," 129,596 ", 77.4 ,,, - , - ,,,,, - ," 71,730 "," 71,730 "," 52,549 ",," 52,549 ", - ," 95,794 "," 95,794 "," 77,047 "," 10,452 "," 39,593 "," 10,534 "," 16,468 ", 913 ," 1,743 ",,," 129,596 ", 100.0 
운수면," 14,359 "," 14,359 "," 10,149 ", 70.7 ,,, - , - ,,,,, - ," 9,645 "," 9,645 "," 5,435 ",," 5,435 ", - ," 4,714 "," 4,714 "," 4,714 ", 527 ," 2,545 ", 381 ," 1,261 ", 140 , 264 ,,," 10,149 ", 100.0 
성산면," 10,659 "," 18,869 "," 18,869 ", 100.0 ,,, - , - ,,,,, - ," 9,151 "," 17,361 "," 17,361 ",," 17,361 ", - ," 1,508 "," 1,508 "," 1,508 ", 279 ," 1,229 ",,, 194 , 442 ,,," 17,361 ", 92.0 
다산면," 89,645 "," 89,645 "," 62,437 ", 69.6 ,,, - , - ,,,,, - ," 45,035 "," 45,035 "," 33,959 ",," 33,959 ", - ," 44,610 "," 44,610 "," 28,478 "," 5,216 "," 18,594 "," 1,929 "," 2,739 ", 502 , 941 ,,," 62,437 ", 100.0 
덕곡면," 1,800 "," 1,800 ", - , - ,,, - , - ,,,,, - ," 1,800 "," 1,800 ", - ,,, - ,, - , - ,,,,,,,,,, - 
개진면," 16,130 "," 16,130 ", - , - ,,, - , - ,,,,, 0.4 ," 16,130 "," 16,130 ", - ,, - , 0.4 ,, - , - ,,,,,,,,,, - 
우곡면," 6,020 "," 6,020 ", - , - ,,, - , - ,,,,, - ," 6,020 "," 6,020 ", - ,,, - ,, - , - ,,,,,,,,,, - 
쌍림면," 18,025 "," 20,436 "," 20,436 ", 100.0 ,,, - , - ,,,,, 0.3 ," 13,511 "," 15,922 "," 15,922 ",," 15,922 ", 0.3 ," 4,514 "," 4,514 "," 4,514 ", 621 ," 3,108 ", 12 , 773 , 136 , 456 ,,," 15,922 ", 77.9 
성주군," 316,502 "," 326,091 "," 279,763 ", 85.8 , 0.7 ," 29,793 "," 29,793 "," 29,793 "," 3,478 "," 8,988 "," 9,690 "," 7,637 ", 4.6 ," 178,594 "," 187,787 "," 176,698 ", - ," 176,698 ", 8.1 ," 108,115 "," 108,511 "," 73,272 "," 18,639 "," 39,895 ", 187 ," 14,551 "," 1,850 "," 4,172 ", 1 , 16 ," 238,956 ", 85.4 
성주읍," 135,887 "," 143,630 "," 115,790 ", 80.6 , 0.7 ," 29,793 "," 29,793 "," 29,793 "," 3,478 "," 8,988 "," 9,690 "," 7,637 ", 1.7 ," 63,030 "," 70,773 "," 70,773 ",," 70,773 ", 1.7 ," 43,064 "," 43,064 "," 15,224 "," 1,137 "," 5,331 ", 187 ," 8,569 ", 872 ," 2,117 ", 1 , 16 ," 85,293 ", 73.7 
선남면," 39,531 "," 39,531 "," 34,667 ", 87.7 ,,, - , - ,,,,, 0.5 ," 27,453 "," 27,453 "," 22,589 ",," 22,589 ", 0.5 ," 12,078 "," 12,078 "," 12,078 "," 6,039 "," 6,039 ",,, 126 , 461 ,,," 32,631 ", 94.1 
용암면," 18,857 "," 20,703 "," 20,703 ", 100.0 ,,, - , - ,,,,, 0.3 ," 7,619 "," 9,069 "," 9,069 ",," 9,069 ", 0.3 ," 11,238 "," 11,634 "," 11,634 "," 5,619 "," 6,015 ",,, 166 , 255 ,,," 20,703 ", 100.0 
수륜면," 8,616 "," 8,616 "," 3,862 ", 44.8 ,,, - , - ,,,,, 0.1 ," 8,616 "," 8,616 "," 3,862 ",," 3,862 ",,, - , - ,,,,, 65 , 93 ,,,, - 
가천면," 35,500 "," 35,500 "," 35,500 ", 100.0 ,,, - , - ,,,,, 0.5 ," 18,684 "," 18,684 "," 18,684 ",," 18,684 ", 0.5 ," 16,816 "," 16,816 "," 16,816 "," 3,363 "," 10,089 ",," 3,364 ", 206 , 380 ,,," 35,500 ", 100.0 
금수면, - , - , - , - ,,, - , - ,,,,,,, - , - ,,,,, - , - ,,,,,,,,,, - 
대가면, - , - , - , - ,,, - , - ,,,,,,, - , - ,,,,, - , - ,,,,,,,,,, - 
벽진면," 32,714 "," 32,714 "," 32,714 ", 100.0 ,,, - , - ,,,,, 0.4 ," 28,602 "," 28,602 "," 28,602 ",," 28,602 ", 4.0 ," 4,112 "," 4,112 "," 4,112 ",," 3,977 ",, 135 , 240 , 457 ,,," 32,714 ", 100.0 
초전면," 37,010 "," 37,010 "," 28,377 ", 76.7 ,,, - , - ,,,,, 0.6 ," 20,176 "," 20,176 "," 18,705 ",," 18,705 ", 0.6 ," 16,834 "," 16,834 "," 9,672 "," 1,934 "," 5,803 ",," 1,935 ", 132 , 234 ,,," 28,377 ", 100.0 
월항면," 8,387 "," 8,387 "," 8,150 ", 97.2 ,,, - , - ,,,,, 0.5 ," 4,414 "," 4,414 "," 4,414 ",," 4,414 ", 0.5 ," 3,973 "," 3,973 "," 3,736 ", 547 ," 2,641 ",, 548 , 43 , 175 ,,," 3,738 ", 45.9 
칠곡군," 459,800 "," 459,800 "," 344,828 ", 75.0 , - ," 95,225 "," 95,225 "," 85,114 "," 11,634 "," 32,212 "," 13,030 "," 28,238 ", - ," 233,237 "," 233,237 "," 193,381 ", - ," 193,381 ", - ," 131,338 "," 131,338 "," 66,333 "," 28,276 "," 37,690 ", 50 , 317 ," 7,483 "," 8,835 ", 20 , 73 ," 344,828 ", 100.0 
왜관읍," 230,490 "," 230,490 "," 152,137 ", 66.0 , - ," 52,706 "," 52,706 "," 52,706 "," 7,195 "," 12,649 "," 11,420 "," 21,442 ", - ," 103,571 "," 103,571 "," 73,894 ",," 73,894 ", - ," 74,213 "," 74,213 "," 25,537 "," 9,399 "," 15,771 ", 50 , 317 ," 3,708 "," 4,405 ", 6 , 34 ," 152,137 ", 100.0 
북삼읍," 79,169 "," 79,169 "," 79,163 ", 100.0 , - ," 12,863 "," 12,863 "," 12,863 "," 2,404 "," 9,412 ", 294 , 753 , - ," 42,934 "," 42,934 "," 42,934 ",," 42,934 ", - ," 23,372 "," 23,372 "," 23,366 "," 5,485 "," 17,881 ", - , - ," 2,206 "," 1,460 ", 4 , 1 ," 79,163 ", 100.0 
약목면," 84,624 "," 84,624 "," 54,353 ", 64.2 , - ," 29,656 "," 29,656 "," 19,545 "," 2,035 "," 10,151 "," 1,316 "," 6,043 ", - ," 28,122 "," 28,122 "," 24,285 ",," 24,285 ", - ," 26,846 "," 26,846 "," 10,523 "," 6,696 "," 3,827 ", - , - ," 1,431 "," 1,961 ", 5 , 19 ," 54,353 ", 100.0 
지천면," 65,517 "," 65,517 "," 59,175 ", 90.3 , - , - , - , - , - , - , - , - , - ," 58,610 "," 58,610 "," 52,268 ",," 52,268 ", - ," 6,907 "," 6,907 "," 6,907 "," 6,696 ", 211 , - , - , 138 ," 1,009 ", 5 , 19 ," 59,175 ", 100.0 
예천군," 379,283 "," 390,156 "," 273,887 ", 70.2 , 7.0 ," 111,302 "," 115,714 "," 110,722 "," 58,183 "," 24,975 ",," 27,564 ", 15.0 ," 167,928 "," 174,389 "," 125,312 ",," 125,312 ", 16.0 ," 100,053 "," 100,053 "," 37,853 "," 37,853 ",,,," 1,582 "," 6,235 ", - ," 17,910 "," 150,389 ", 54.9 
예천읍," 225,734 "," 225,734 "," 146,204 ", 64.8 , 7.0 ," 73,886 "," 73,886 "," 70,824 "," 31,755 "," 11,505 ",," 27,564 ", 4.0 ," 90,901 "," 90,901 "," 64,345 ",," 64,345 ", 4.0 ," 60,947 "," 60,947 "," 11,035 "," 11,035 ",,,," 1,059 "," 3,375 ", - ," 13,250 "," 114,486 ", 78.3 
용문면," 13,105 "," 18,253 "," 17,282 ", 94.7 ,," 3,009 "," 3,242 "," 3,242 "," 2,210 "," 1,032 ",,, 1.0 ," 6,628 "," 11,543 "," 11,543 ",," 11,543 ", 1.0 ," 3,468 "," 3,468 "," 2,497 "," 2,497 ",,,, 63 , 210 , - , 419 ," 6,407 ", 37.1 
효자면," 5,963 "," 6,189 "," 4,559 ", 73.7 ,," 1,139 "," 1,365 "," 1,365 ", 941 , 424 ,,, 1.0 ," 3,167 "," 3,167 "," 2,187 ",," 2,187 ", 1.0 ," 1,657 "," 1,657 "," 1,007 "," 1,007 ",,,, 18 , 155 , - , 200 ," 2,077 ", 45.6 
은풍면," 7,845 "," 8,711 "," 5,768 ", 66.2 ,," 1,899 "," 2,765 "," 2,765 "," 1,518 "," 1,247 ",,, 1.0 ," 3,903 "," 3,903 "," 1,699 ",," 1,699 ", 1.0 ," 2,043 "," 2,043 "," 1,304 "," 1,304 ",,,, 3 , 99 , - , 247 , - , - 
감천면," 16,041 "," 16,674 "," 12,012 ", 72.0 ,," 4,037 "," 4,670 "," 4,670 "," 3,145 "," 1,525 ",,, 1.0 ," 7,880 "," 7,880 "," 4,435 ",," 4,435 ", 1.0 ," 4,124 "," 4,124 "," 2,907 "," 2,907 ",,,, 26 , 200 , - , 499 ," 1,053 ", 8.8 
보문면," 9,859 "," 10,143 "," 6,597 ", 65.0 ,," 2,455 "," 2,739 "," 2,739 "," 2,033 ", 706 ,,, 1.0 ," 4,860 "," 4,860 "," 2,168 ",," 2,168 ", 1.0 ," 2,544 "," 2,544 "," 1,690 "," 1,690 ",,,, - , 123 , - , 308 ," 6,597 ", 100.0 
호명면," 13,949 "," 14,133 "," 9,482 ", 67.1 ,," 3,179 "," 3,363 "," 3,363 "," 2,171 "," 1,192 ",,, 1.0 ," 7,070 "," 7,070 "," 3,539 ",," 3,539 ", 1.0 ," 3,700 "," 3,700 "," 2,580 "," 2,580 ",,,, 22 , 200 , - , 447 ," 1,514 ", 16.0 
유천면," 17,239 "," 17,862 "," 13,874 ", 77.7 ,," 3,988 "," 4,611 "," 4,611 "," 2,740 "," 1,871 ",,, 1.0 ," 8,521 "," 8,521 "," 6,326 ",," 6,326 ", 1.0 ," 4,730 "," 4,730 "," 2,937 "," 2,937 ",,,, 152 , 206 , - , 503 , - , - 
용궁면," 20,459 "," 20,459 "," 17,479 ", 85.4 ,," 5,303 "," 5,303 "," 3,566 "," 3,215 ", 351 ,,, 1.0 ," 10,917 "," 10,917 "," 10,917 ",," 10,917 ", 1.0 ," 4,239 "," 4,239 "," 2,996 "," 2,996 ",,,, 167 , 780 , - , 513 ," 10,917 ", 62.5 
개포면," 9,904 "," 10,489 "," 6,848 ", 65.3 ,," 2,275 "," 2,860 "," 2,860 "," 1,817 "," 1,043 ",,, 1.0 ," 5,008 "," 5,008 "," 2,239 ",," 2,239 ", 1.0 ," 2,621 "," 2,621 "," 1,749 "," 1,749 ",,,, - , 127 , - , 317 , - , - 
지보면," 17,693 "," 20,017 "," 18,722 ", 93.5 ,," 4,682 "," 5,460 "," 5,460 "," 3,246 "," 2,214 ",,, 1.0 ," 8,542 "," 10,088 "," 10,088 ",," 10,088 ", 1.0 ," 4,469 "," 4,469 "," 3,174 "," 3,174 ",,,, 46 , 488 , - , 541 ," 3,546 ", 18.9 
풍양면," 21,492 "," 21,492 "," 15,060 ", 70.1 ,," 5,450 "," 5,450 "," 5,257 "," 3,392 "," 1,865 ",,, 1.0 ," 10,531 "," 10,531 "," 5,826 ",," 5,826 ", 2.0 ," 5,511 "," 5,511 "," 3,977 "," 3,977 ",,,, 26 , 272 , - , 666 ," 3,792 ", 25.2 
봉화군," 162,834 "," 162,834 "," 122,172 ", 75.4 , - , - , - , - , - , - , - , - , 8.2 ," 136,645 "," 136,645 "," 95,983 ", - ," 95,983 ", - ," 26,189 "," 26,189 "," 26,189 ", - , - ," 26,189 ", - ," 2,414 "," 5,233 ", - , - ," 26,189 ", 61.6 
봉화읍," 62,335 "," 62,335 "," 50,771 ", 81.4 ,,, - , - ,,,,, 2.6 ," 39,604 "," 39,604 "," 28,040 ",," 28,040 ",," 22,731 "," 22,731 "," 22,731 ",,," 22,731 ",, 659 ," 1,802 ",,," 22,731 ", 44.8 
물야면," 16,730 "," 16,730 "," 7,250 ", 43.3 ,,, - , - ,,,,, 1.0 ," 16,730 "," 16,730 "," 7,250 ",," 7,250 ",,, - , - ,,,,, 157 , 307 ,,,, - 
봉성면," 21,251 "," 21,251 "," 13,906 ", 65.4 ,,, - , - ,,,,, 1.3 ," 21,251 "," 21,251 "," 13,906 ",," 13,906 ",,, - , - ,,,,, 270 , 489 ,,,, - 
법전면," 4,945 "," 4,945 "," 4,728 ", 95.6 ,,, - , - ,,,,, 0.2 ," 4,945 "," 4,945 "," 4,728 ",," 4,728 ",,, - , - ,,,,, 123 , 134 ,,,, - 
춘양면," 26,692 "," 26,692 "," 20,607 ", 77.2 ,,, - , - ,,,,, 1.3 ," 23,234 "," 23,234 "," 17,149 ",," 17,149 ",," 3,458 "," 3,458 "," 3,458 ",,," 3,458 ",, 408 , 937 ,,," 3,458 ", 16.8 
소천면," 7,253 "," 7,253 "," 6,993 ", 96.4 ,,, - , - ,,,,, 0.4 ," 7,253 "," 7,253 "," 6,993 ",," 6,993 ",,, - , - ,,,,, 173 , 457 ,,,, - 
석포면," 6,089 "," 6,089 "," 5,488 ", 90.1 ,,, - , - ,,,,, 0.5 ," 6,089 "," 6,089 "," 5,488 ",," 5,488 ",,, - , - ,,,,, 143 , 476 ,,,, - 
재산면," 9,883 "," 9,883 "," 7,547 ", 76.4 ,,, - , - ,,,,, 0.4 ," 9,883 "," 9,883 "," 7,547 ",," 7,547 ",,, - , - ,,,,, 368 , 390 ,,,, - 
명호면," 3,870 "," 3,870 "," 1,132 ", 29.3 ,,, - , - ,,,,, 0.2 ," 3,870 "," 3,870 "," 1,132 ",," 1,132 ",,, - , - ,,,,,,,,,, - 
상운면," 3,786 "," 3,786 "," 3,750 ", 99.0 ,,, - , - ,,,,, 0.3 ," 3,786 "," 3,786 "," 3,750 ",," 3,750 ",,, - , - ,,,,, 113 , 241 ,,,, - 
울진군," 287,063 "," 402,814 "," 359,398 ", 89.2 , - , - , - , - , - , - , - , - , 10.2 ," 173,287 "," 225,408 "," 185,150 ", - ," 185,150 ", 24.20 ," 113,776 "," 177,406 "," 174,248 "," 138,889 "," 8,734 "," 13,485 "," 13,140 "," 3,846 "," 8,682 ", - , 257 ," 328,462 ", 91.4 
울진읍," 63,028 "," 74,211 "," 74,211 ", 100.0 ,,, - , - ,,,,, 2.9 ," 29,213 "," 36,467 "," 36,467 ",," 36,467 ", 11.4 ," 33,815 "," 37,744 "," 37,744 "," 31,004 "," 4,934 "," 1,744 ", 62 , 555 ," 1,965 ",, 23 ," 74,211 ", 100.0 
평해읍," 42,548 "," 58,306 "," 33,417 ", 57.3 ,,, - , - ,,,,, 0.1 ," 27,370 "," 27,370 "," 2,481 ",," 2,481 ", 4.2 ," 15,178 "," 30,936 "," 30,936 "," 17,171 "," 1,328 "," 8,032 "," 4,405 ", 294 , 58 , - , 59 ," 2,481 ", 7.4 
북면," 2,044 "," 64,482 "," 64,482 ", 100.0 ,,, - , - ,,,,, 0.9 ," 2,044 "," 42,400 "," 42,400 ",," 42,400 ", 2.0 ,," 22,082 "," 22,082 "," 18,311 "," 1,638 "," 2,133 ",, 418 , 767 , - , 30 ," 64,482 ", 100.0 
금강송면," 3,000 "," 3,000 "," 3,000 ", 100.0 ,,, - , - ,,,,, 0.2 ," 3,000 "," 3,000 "," 3,000 ",," 3,000 ",,, - , - , - ,,,, 50 , 99 ,,," 3,000 ", 100.0 
근남면," 3,000 "," 3,045 "," 3,045 ", 100.0 ,,, - , - ,,,,, 0.2 ," 3,000 "," 3,000 "," 3,000 ",," 3,000 ",,, 45 , 45 , - , 39 , 6 ,, 50 , 116 ,,," 3,045 ", 100.0 
매화면," 8,500 "," 8,500 "," 8,500 ", 100.0 ,,, - , - ,,,,, 0.4 ," 8,500 "," 8,500 "," 8,500 ",," 8,500 ",,, - , - , - ,,,, 141 , 354 ,,," 8,500 ", 100.0 
기성면," 26,194 "," 26,194 "," 26,194 ", 100.0 ,,, - , - ,,,,, 0.6 ," 26,194 "," 26,194 "," 26,194 ",," 26,194 ",,, - , - , - ,,,, 343 , 696 ,,," 26,194 ", 100.0 
온정면," 23,025 "," 23,053 "," 19,895 ", 86.3 ,,, - , - ,,,,, 0.6 ," 9,046 "," 9,074 "," 9,074 ",," 9,074 ", 0.6 ," 13,979 "," 13,979 "," 10,821 ", 829 , 704 ," 1,172 "," 8,116 ", 566 , 651 , - , 16 ," 19,895 ", 100.0 
죽변면," 38,637 "," 52,799 "," 52,799 ", 100.0 ,,, - , - ,,,,, 1.9 ," 20,847 "," 25,330 "," 25,330 ",," 25,330 ", 2.0 ," 17,790 "," 27,469 "," 27,469 "," 26,797 ", 75 , 274 , 323 , 661 ," 1,589 ", - , 32 ," 52,799 ", 100.0 
후포면," 77,087 "," 89,224 "," 73,855 ", 82.8 ,,, - , - ,,,,, 2.5 ," 44,073 "," 44,073 "," 28,704 ",," 28,704 ", 4.0 ," 33,014 "," 45,151 "," 45,151 "," 44,777 ", 16 , 124 , 234 , 768 ," 2,387 ", - , 97 ," 73,855 ", 100.0 
울릉군," 35,015 "," 35,650 "," 11,430 ", 32.1 , 0.5 ," 7,790 "," 7,790 "," 6,690 "," 4,127 ", 330 ,," 2,233 ", 0.7 ," 27,225 "," 27,225 "," 4,740 ",," 4,740 ", 0.1 ,, 635 , - ,,,,, 512 , - , - ,, - , - 
경상남도," 14,273,113 "," 15,960,054 "," 13,227,692 ", 82.9 , 999.0 ," 1,952,526 "," 1,996,532 "," 1,930,346 "," 244,720 "," 736,263 "," 120,192 "," 829,171 ", 521.9 ," 7,551,374 "," 8,710,039 "," 7,133,872 "," 21,505 "," 7,111,620 "," 1,632.2 "," 4,769,213 "," 5,253,483 "," 4,163,474 "," 385,366 "," 2,736,720 "," 187,968 "," 871,930 "," 273,022 "," 503,689 "," 1,320 ", 954 ," 10,416,285 ", 78.7 
시부," 10,215,328 "," 11,296,082 "," 9,354,420 ", 82.8 , 93.8 ," 1,584,192 "," 1,622,970 "," 1,578,647 "," 188,456 "," 621,149 "," 84,439 "," 684,603 ", 399.4 ," 4,829,430 "," 5,506,359 "," 4,582,271 "," 12,310 "," 4,569,961 ", 553.1 ," 3,801,706 "," 4,166,753 "," 3,193,502 "," 292,284 "," 2,182,132 "," 77,235 "," 660,361 "," 213,755 "," 393,248 "," 1,251 ", 373 ," 7,928,570 ", 84.8 
창원시," 3,811,162 "," 3,814,865 "," 3,346,832 ", 87.7 , 7.3 ," 237,709 "," 237,709 "," 237,709 "," 21,202 "," 110,004 "," 13,861 "," 92,642 ", 128.2 ," 1,857,791 "," 1,857,824 "," 1,526,182 ", - ," 1,526,182 ", 175.4 ," 1,715,662 "," 1,719,332 "," 1,582,941 "," 80,180 "," 1,138,863 "," 24,294 "," 339,604 "," 94,978 "," 141,722 ", 509 , - ," 3,140,093 ", 93.8 
"성산,의창구"," 1,732,081 "," 1,732,114 "," 1,633,908 ", 94.3 , - ," 57,207 "," 57,207 "," 57,207 ", - ," 54,806 "," 1,161 "," 1,240 ", 57.0 ," 792,744 "," 792,777 "," 746,467 ", - ," 746,467 ", 168.4 ," 882,130 "," 882,130 "," 830,234 "," 13,377 "," 772,090 "," 10,014 "," 34,753 "," 25,189 "," 117,783 ", - , - ," 1,524,908 ", 93.3 
시가지," 1,069,008 "," 1,069,008 "," 1,048,351 ", 98.1 , - , - , - , - , - , - , - , - , 39.0 ," 494,388 "," 494,388 "," 492,790 ", - ," 492,790 ", 126.9 ," 574,620 "," 574,620 "," 555,561 "," 3,247 "," 538,233 "," 1,020 "," 13,061 "," 20,495 "," 111,264 ", - , - ," 1,023,855 ", 97.7 
동읍," 133,039 "," 133,072 "," 128,233 ", 96.4 , - ," 15,954 "," 15,954 "," 15,954 ", - ," 15,279 ", 396 , 279 , 3.2 ," 77,843 "," 77,876 "," 77,876 ", - ," 77,876 ", 7.7 ," 39,242 "," 39,242 "," 34,403 ", 680 ," 30,935 ", 408 ," 2,380 ", 984 , 980 , - , - ," 127,153 ", 99.2 
북면," 344,111 "," 344,111 "," 292,094 ", 84.9 , - ," 27,830 "," 27,830 "," 27,830 ", - ," 26,747 ", 497 , 586 , 10.5 ," 126,132 "," 126,132 "," 96,870 ", - ," 96,870 ", 29.5 ," 190,149 "," 190,149 "," 167,394 "," 6,296 "," 143,259 "," 6,661 "," 11,178 "," 2,484 "," 3,398 ", - , - ," 233,408 ", 79.9 
대산면," 185,923 "," 185,923 "," 165,230 ", 88.9 , - ," 13,423 "," 13,423 "," 13,423 ", - ," 12,780 ", 268 , 375 , 4.3 ," 94,381 "," 94,381 "," 78,931 ", - ," 78,931 ", 4.3 ," 78,119 "," 78,119 "," 72,876 "," 3,154 "," 59,663 "," 1,925 "," 8,134 "," 1,226 "," 2,141 ", - , - ," 140,492 ", 85.0 
"마산합포,회원구"," 1,376,768 "," 1,380,438 "," 1,166,541 ", 84.5 , - , - , - , - , - , - , - , - , 64.2 ," 763,029 "," 763,029 "," 564,828 ", - ," 564,828 ", - ," 613,739 "," 617,409 "," 601,713 "," 45,840 "," 236,742 "," 14,280 "," 304,851 "," 59,355 "," 18,047 ", - , - ," 1,114,258 ", 95.5 
시가지," 1,113,103 "," 1,113,103 "," 987,628 ", 88.7 , - , - , - , - , - , - , - , - , 27.9 ," 559,670 "," 559,670 "," 436,234 ", - ," 436,234 ", - ," 553,433 "," 553,433 "," 551,394 "," 38,435 "," 201,117 "," 10,450 "," 301,392 "," 55,759 "," 14,012 ", - , - ," 963,730 ", 97.6 
내서읍," 102,563 "," 106,233 "," 101,433 ", 95.5 , - , - , - , - , - , - , - , - , 5.8 ," 59,781 "," 59,781 "," 54,981 ", - ," 54,981 ", - ," 42,782 "," 46,452 "," 46,452 "," 7,405 "," 31,865 "," 3,830 "," 3,352 "," 1,790 "," 1,722 ", - , - ," 97,763 ", 96.4 
구산면," 29,726 "," 29,726 "," 12,742 ", 42.9 , - , - , - , - , - , - , - , - , 12.0 ," 22,577 "," 22,577 "," 12,635 ", - ," 12,635 ", - ," 7,149 "," 7,149 ", 107 , - , - , - , 107 , 292 , 373 , - , - ," 10,957 ", 86.0 
진동면," 78,480 "," 78,480 "," 46,329 ", 59.0 , - , - , - , - , - , - , - , - , 6.8 ," 78,139 "," 78,139 "," 45,988 ", - ," 45,988 ", - , 341 , 341 , 341 , - , 341 , - , - ," 1,275 "," 1,940 ", - , - ," 37,890 ", 81.8 
진전면," 43,396 "," 43,396 "," 12,287 ", 28.3 , - , - , - , - , - , - , - , - , 4.3 ," 37,362 "," 37,362 "," 11,087 ", - ," 11,087 ", - ," 6,034 "," 6,034 "," 1,200 ", - ," 1,200 ", - , - , 147 , - , - , - ," 2,981 ", 24.3 
진북면," 9,500 "," 9,500 "," 6,122 ", 64.4 , - , - , - , - , - , - , - , - , 7.4 ," 5,500 "," 5,500 "," 3,903 ", - ," 3,903 ", - ," 4,000 "," 4,000 "," 2,219 ", - ," 2,219 ", - , - , 92 , - , - , - , 937 , 15.3 
진해구," 702,313 "," 702,313 "," 546,383 ", 77.8 , 7.3 ," 180,502 "," 180,502 "," 180,502 "," 21,202 "," 55,198 "," 12,700 "," 91,402 ", 7.0 ," 302,018 "," 302,018 "," 214,887 ", - ," 214,887 ", 7.0 ," 219,793 "," 219,793 "," 150,994 "," 20,963 "," 130,031 ", - , - ," 10,434 "," 5,892 ", 509 , - ," 500,927 ", 91.7 
진주시," 1,392,967 "," 1,560,795 "," 1,468,457 ", 94.1 , 16.9 ," 463,688 "," 470,306 "," 454,164 "," 44,319 "," 198,435 "," 1,898 "," 209,512 ", 38.5 ," 613,013 "," 705,177 "," 699,015 "," 11,131 "," 687,884 ", 37.3 ," 316,266 "," 385,312 "," 315,278 "," 21,534 "," 153,422 "," 26,840 "," 131,992 "," 30,792 "," 77,573 ", 124 , 174 ," 1,000,373 ", 68.1 
시가지," 1,145,079 "," 1,300,796 "," 1,284,654 ", 98.8 , 14.2 ," 443,676 "," 443,676 "," 427,534 "," 39,592 "," 183,079 "," 1,739 "," 203,124 ", 22.0 ," 464,152 "," 550,823 "," 550,823 "," 11,131 "," 539,692 ", 22.0 ," 237,251 "," 306,297 "," 306,297 "," 20,924 "," 126,541 "," 26,840 "," 131,992 "," 26,683 "," 70,462 ", 50 , 109 ," 842,319 ", 65.6 
문산읍," 48,068 "," 51,386 "," 25,819 ", 50.2 , 1.4 ," 11,362 "," 14,680 "," 14,680 "," 1,782 "," 7,272 ",," 5,626 ", 2.9 ," 14,792 "," 14,792 "," 11,028 ",," 11,028 ", 2.8 ," 21,914 "," 21,914 ", 111 ,, 111 ,,, 595 ," 1,442 ", 48 , 35 ," 25,819 ", 100.0 
일반성면," 25,537 "," 25,537 "," 18,207 ", 71.3 , 1.3 ," 8,650 "," 8,650 "," 8,650 "," 2,945 "," 4,784 ", 159 , 762 , 1.1 ," 10,474 "," 10,474 "," 8,890 ",," 8,890 ", 1.1 ," 6,413 "," 6,413 ", 667 , 90 , 577 ,,, 518 , 266 , 22 , 2 ," 13,556 ", 74.5 
대곡면," 34,934 "," 34,934 "," 21,007 ", 60.1 ,,, - , - ,,,,, 1.6 ," 20,522 "," 20,522 "," 20,522 ",," 20,522 ", 1.6 ," 14,412 "," 14,412 ", 485 , 100 , 385 ,,, 383 , 795 ,, 13 ," 11,809 ", 56.2 
진성면," 35,200 "," 35,200 "," 35,200 ", 100.0 ,,,,,,,,, 1.2 ," 35,200 "," 35,200 "," 35,200 ",," 35,200 ",,,,,," 18,510 ",,,,,,," 35,200 ", 100.0 
금산면," 58,938 "," 64,431 "," 41,036 ", 63.7 ,,, - , - ,,,,, 5.1 ," 34,071 "," 39,564 "," 39,564 ",," 39,564 ", 5.1 ," 24,867 "," 24,867 "," 1,472 ",," 1,472 ",,, 619 ," 1,602 ", 2 , 6 ," 32,886 ", 80.1 
집현면," 7,715 "," 11,015 "," 8,285 ", 75.2 ,,," 3,300 "," 3,300 ",," 3,300 ",,, 2.1 ," 5,529 "," 5,529 "," 4,715 ",," 4,715 ", 2.1 ," 2,186 "," 2,186 ", 270 ,, 270 ,,, 110 , 173 , 1 , 3 ," 6,494 ", 78.4 
명석면," 9,733 "," 9,733 "," 6,766 ", 69.5 ,,, - , - ,,,,, 0.5 ," 6,128 "," 6,128 "," 6,128 ",," 6,128 ", 0.5 ," 3,605 "," 3,605 ", 638 , 100 , 538 ,,, 179 , 281 , 1 , 6 ," 4,807 ", 71.0 
기타지역," 27,763 "," 27,763 "," 27,483 ", 99.0 ,,, - , - ,,,,, 2.1 ," 22,145 "," 22,145 "," 22,145 ",," 22,145 ", 2.1 ," 5,618 "," 5,618 "," 5,338 ", 320 ," 5,018 ",,," 1,705 "," 2,552 ",,," 27,483 ", 100.0 
통영시," 518,989 "," 585,390 "," 483,158 ", 82.5 , 24.0 ," 285,343 "," 285,343 "," 212,453 "," 43,191 "," 59,231 "," 9,440 "," 100,591 ", 13.0 ," 149,773 "," 210,765 "," 193,075 ", 492 ," 192,583 ", 13.0 ," 83,873 "," 89,282 "," 77,630 "," 7,712 "," 56,415 "," 4,071 "," 9,432 "," 6,145 "," 17,217 ", 49 , - ," 377,226 ", 78.1 
시가지," 357,683 "," 398,018 "," 381,006 ", 95.7 , 9.0 ," 218,292 "," 218,292 "," 212,453 "," 43,191 "," 59,231 "," 9,440 "," 100,591 ", 7.0 ," 93,255 "," 133,590 "," 133,590 ", 492 ," 133,098 ", 7.0 ," 46,136 "," 46,136 "," 34,963 "," 2,303 "," 31,235 ", - ," 1,425 "," 5,498 "," 14,103 ", 49 , - ," 311,765 ", 81.8 
산양읍," 23,163 "," 25,521 "," 12,316 ", 48.3 , 3.0 ," 13,205 "," 13,205 ", - , - , - , - , - , 1.0 ," 9,958 "," 12,316 "," 12,316 ", - ," 12,316 ", 1.0 , - , - , - , - , - , - , - , - , 657 , - , - ," 9,548 ", 77.5 
용남면," 35,777 "," 43,417 "," 8,544 ", 19.7 , 3.0 ," 34,873 "," 34,873 ", - , - , - , - , - , 2.0 , 904 ," 3,135 "," 3,135 ", - ," 3,135 ", 2.0 , - ," 5,409 "," 5,409 "," 5,409 ", - , - , - , - , 312 , - , - ," 7,314 ", 85.6 
광도면," 7,898 "," 7,898 "," 3,142 ", 39.8 , - , - , - , - , - , - , - , - , - ," 7,898 "," 7,898 "," 3,142 ", - ," 3,142 ", - , - , - , - , - , - , - , - , - , 217 , - , - , - , - 
욕지면," 75,933 "," 75,933 "," 57,068 ", 75.2 , 6.0 ," 10,563 "," 10,563 ", - , - , - , - , - , 2.0 ," 27,633 "," 27,633 "," 19,810 ", - ," 19,810 ", 2.0 ," 37,737 "," 37,737 "," 37,258 ", - ," 25,180 "," 4,071 "," 8,007 ", 647 ," 1,065 ", - , - ," 48,599 ", 85.2 
한산면," 13,777 "," 13,777 "," 1,508 ", 10.9 , 3.0 ," 8,410 "," 8,410 ", - , - , - , - , - , 1.0 ," 5,367 "," 5,367 "," 1,508 ", - ," 1,508 ", 1.0 , - , - , - , - , - , - , - , - , 41 , - , - , - , - 
사량면," 3,490 "," 3,490 "," 2,238 ", 64.1 , - , - , - , - , - , - , - , - , - ," 3,490 "," 3,490 "," 2,238 ", - ," 2,238 ", - , - , - , - , - , - , - , - , - , 292 , - , - , - , - 
도산면," 1,268 "," 17,336 "," 17,336 ", 100.0 , - , - , - , - , - , - , - , - , - ," 1,268 "," 17,336 "," 17,336 ", - ," 17,336 ", - , - , - , - , - , - , - , - , - , 530 , - , - , - , - 
사천시," 740,195 "," 744,086 "," 645,381 ", 86.7 , 10.0 ," 300,000 "," 198,013 "," 198,016 "," 22,543 "," 83,734 "," 2,689 "," 89,050 ", 26.0 ," 352,785 "," 456,035 "," 395,357 ", 687 ," 394,670 ", 26.0 ," 87,410 "," 90,038 "," 52,008 "," 6,000 "," 46,008 ", - , - ," 9,781 "," 12,682 ", 40 , 30 ," 401,514 ", 62.2 
시가지," 378,538 "," 341,250 "," 341,250 ", 100.0 , 4.0 ," 197,000 "," 113,919 "," 113,919 "," 16,729 "," 32,647 ", 523 ," 64,020 ", 6.0 ," 153,990 "," 198,772 "," 198,772 ", 687 ," 198,085 ", 6.0 ," 27,548 "," 28,559 "," 28,559 "," 4,470 "," 24,089 ",,," 7,615 "," 8,393 ", 34 , 20 ," 261,135 ", 76.5 
사천읍," 103,041 "," 97,802 "," 59,953 ", 61.3 , 0.8 ," 26,086 "," 20,847 "," 20,847 "," 1,163 "," 8,599 ", 883 ," 10,202 ", 2.9 ," 56,957 "," 56,957 "," 32,225 ",," 32,225 ", 2.9 ," 19,998 "," 19,998 "," 6,881 ", 624 ," 6,257 ",,, 487 ," 1,192 ", 2 , 2 ," 41,493 ", 69.2 
정동면," 61,051 "," 59,583 "," 37,158 ", 62.4 , 0.5 ," 15,456 "," 13,988 "," 13,988 "," 2,325 "," 5,095 ", 523 ," 6,045 ", 1.7 ," 33,747 "," 33,747 "," 19,093 ",," 19,093 ", 1.7 ," 11,848 "," 11,848 "," 4,077 ", 369 ," 3,708 ",,, 289 , 456 , 2 , 1 ," 24,584 ", 66.2 
사남면," 79,000 "," 76,418 "," 47,399 ", 62.0 , 0.6 ," 20,000 "," 17,418 "," 17,418 "," 2,326 "," 6,593 ", 677 ," 7,822 ", 2.2 ," 43,668 "," 43,668 "," 24,706 ",," 24,706 ", 2.2 ," 15,332 "," 15,332 "," 5,275 ", 478 ," 4,797 ",,, 373 , 590 , 2 , 1 ," 31,812 ", 67.1 
용현면," 66,659 "," 115,888 "," 115,888 ", 100.0 , 2.0 ," 24,000 "," 15,772 "," 15,772 ",," 15,772 ",,, 5.0 ," 41,615 "," 97,455 "," 97,455 ",," 97,455 ", 5.0 ," 1,044 "," 2,661 "," 2,661 ",," 2,661 ",,, 560 , 893 ,,," 17,966 ", 15.5 
축동면," 9,708 "," 9,104 "," 5,539 ", 60.8 , 0.1 ," 2,458 "," 1,854 "," 1,854 ",, 810 , 83 , 961 , 0.3 ," 5,366 "," 5,366 "," 3,036 ",," 3,036 ", 0.3 ," 1,884 "," 1,884 ", 649 , 59 , 590 ,,, 46 , 72 ,,," 3,909 ", 70.6 
곤양면," 13,465 "," 13,298 "," 11,841 ", 89.0 , 0.6 ," 5,006 "," 3,377 "," 3,377 ",," 3,377 ",,, 2.2 ," 5,664 "," 7,126 "," 7,126 ",," 7,126 ", 2.2 ," 2,795 "," 2,795 "," 1,338 ",," 1,338 ",,, 137 , 399 ,, 1 ," 7,262 ", 61.3 
곤명면," 10,745 "," 10,611 "," 9,451 ", 89.1 , 0.4 ," 3,994 "," 2,694 "," 2,697 ",," 2,697 ",,, 1.8 ," 4,520 "," 5,686 "," 5,686 ",," 5,686 ", 1.8 ," 2,231 "," 2,231 "," 1,068 ",," 1,068 ",,, 109 , 319 ,,," 5,794 ", 61.3 
서포면," 17,988 "," 20,132 "," 16,902 ", 84.0 , 1.0 ," 6,000 "," 8,144 "," 8,144 ",," 8,144 ",,, 4.0 ," 7,258 "," 7,258 "," 7,258 ",," 7,258 ", 4.0 ," 4,730 "," 4,730 "," 1,500 ",," 1,500 ",,, 165 , 368 ,, 5 ," 7,559 ", 44.7 
김해시," 2,362,909 "," 2,362,909 "," 1,554,846 ", 65.8 , - , - , - ," 49,138 "," 5,619 "," 13,888 "," 7,125 "," 22,506 ", 87.2 ," 1,359,799 "," 1,359,799 "," 857,080 ", - ," 857,080 ", 211.9 ," 1,003,110 "," 1,003,110 "," 648,628 "," 88,152 "," 457,215 "," 20,248 "," 83,013 "," 28,857 "," 56,636 ", 454 , 2 ," 1,338,527 ", 86.1 
시가지," 780,052 "," 780,052 "," 883,430 ", 113.3 ,,, - ," 49,138 "," 5,619 "," 13,888 "," 7,125 "," 22,506 ", 22.0 ," 439,964 "," 439,964 "," 380,542 ",," 380,542 ", 44.0 ," 340,088 "," 340,088 "," 453,750 "," 80,119 "," 284,262 "," 11,635 "," 77,734 "," 15,868 "," 35,496 ", 228 ,," 774,778 ", 87.7 
진영읍," 232,947 "," 232,947 "," 142,878 ", 61.3 ,,, - , - ,,,,, 8.5 ," 131,584 "," 131,584 "," 88,535 ",," 88,535 ", 19.2 ," 101,363 "," 101,363 "," 54,343 "," 2,550 "," 50,794 ", 115 , 884 ," 2,023 "," 3,186 ", 48 ,," 126,875 ", 88.8 
장유?주촌면," 556,588 "," 556,588 "," 229,293 ", 41.2 ,,, - , - ,,,,, 22.9 ," 307,233 "," 307,233 "," 131,998 ",," 131,998 ", 49.7 ," 249,355 "," 249,355 "," 97,295 "," 5,483 "," 89,334 ", 165 ," 2,313 "," 4,707 "," 8,151 ", 73 , 2 ," 194,211 ", 84.7 
진례면," 253,730 "," 253,730 "," 110,625 ", 43.6 ,,, - , - ,,,,, 14.7 ," 138,174 "," 138,174 "," 87,063 ",," 87,063 ", 25.3 ," 115,556 "," 115,556 "," 23,562 ",," 16,574 "," 6,988 ",," 2,136 "," 2,999 ",,," 92,595 ", 83.7 
한림면," 227,036 "," 227,036 "," 38,421 ", 16.9 ,,, - , - ,,,,, 6.5 ," 161,065 "," 161,065 "," 33,884 ",," 33,884 ", 21.1 ," 65,971 "," 65,971 "," 4,537 ",," 4,531 ",, 6 , 628 ," 2,252 ", 6 ,," 30,467 ", 79.3 
생림면," 85,195 "," 85,195 "," 16,875 ", 19.8 ,,, - , - ,,,,, 4.3 ," 57,303 "," 57,303 "," 13,140 ",," 13,140 ", 15.5 ," 27,892 "," 27,892 "," 3,735 ",," 3,688 ", 40 , 7 , 86 , 917 , 13 ,," 12,596 ", 74.6 
상동면," 146,986 "," 146,986 "," 85,861 ", 58.4 ,,, - , - ,,,,, 5.9 ," 82,832 "," 82,832 "," 82,452 ",," 82,452 ", 24.6 ," 64,154 "," 64,154 "," 3,409 ",," 2,411 ", 619 , 379 ," 1,841 "," 1,650 ", 43 ,," 65,816 ", 76.7 
대동면," 80,375 "," 80,375 "," 47,463 ", 59.1 ,,, - , - ,,,,, 2.4 ," 41,644 "," 41,644 "," 39,466 ",," 39,466 ", 12.4 ," 38,731 "," 38,731 "," 7,997 ",," 5,621 ", 686 ," 1,690 "," 1,568 "," 1,985 ", 43 ,," 41,189 ", 86.8 
밀양시," 655,079 "," 692,763 "," 543,765 ", 78.5 , 5.3 ," 206,863 "," 206,863 "," 206,863 "," 25,340 "," 78,353 "," 33,130 "," 70,040 ", 5.4 ," 237,830 "," 275,514 "," 275,514 ", - ," 275,514 ", 3.9 ," 210,386 "," 210,386 "," 61,388 "," 3,983 "," 57,185 ", - , 220 ," 5,053 "," 10,637 ", 2 , 96 ," 465,408 ", 85.6 
시가지," 417,394 "," 431,079 "," 339,968 ", 78.9 , 4.0 ," 137,678 "," 137,678 "," 137,678 "," 19,940 "," 61,108 "," 20,120 "," 36,510 ", 3.4 ," 146,017 "," 159,702 "," 159,702 ", - ," 159,702 ", 2.5 ," 133,699 "," 133,699 "," 42,588 "," 3,983 "," 38,385 ", - , 220 ," 3,080 "," 7,851 ", 2 , 3 ," 320,851 ", 94.4 
삼랑진읍," 99,444 "," 106,324 "," 71,128 ", 66.9 , 0.5 ," 23,601 "," 23,601 "," 23,601 "," 1,540 "," 7,331 "," 4,730 "," 10,000 ", 0.6 ," 38,917 "," 45,797 "," 45,797 ", - ," 45,797 ", 0.4 ," 36,926 "," 36,926 "," 1,730 ", - ," 1,730 ", - , - , 952 ," 1,687 ", - , 39 ," 40,992 ", 57.6 
하남읍," 96,985 "," 100,822 "," 88,215 ", 87.5 , 0.4 ," 30,980 "," 30,980 "," 30,980 "," 2,720 "," 7,230 "," 7,760 "," 13,270 ", 0.8 ," 39,300 "," 43,137 "," 43,137 ", - ," 43,137 ", 0.5 ," 26,705 "," 26,705 "," 14,098 ", - ," 14,098 ", - , - , 264 , 398 , - , 48 ," 83,703 ", 94.9 
무안면," 41,256 "," 54,538 "," 44,454 ", 81.5 , 0.4 ," 14,604 "," 14,604 "," 14,604 "," 1,140 "," 2,684 ", 520 ," 10,260 ", 0.6 ," 13,596 "," 26,878 "," 26,878 ", - ," 26,878 ", 0.5 ," 13,056 "," 13,056 "," 2,972 ", - ," 2,972 ", - , - , 757 , 701 , - , 6 ," 19,862 ", 44.7 
거제시," 499,544 "," 542,272 "," 376,000 ", 69.3 , 30.3 ," 90,589 "," 93,240 "," 88,808 "," 9,003 "," 18,148 "," 7,199 "," 54,458 ", 39.8 ," 206,315 "," 245,189 "," 239,992 ", - ," 239,992 ", 38.8 ," 202,640 "," 203,843 "," 47,200 "," 6,618 "," 34,383 ", 50 ," 6,149 "," 9,351 "," 24,965 ", - , - ," 292,410 ", 77.8 
동지역," 363,188 "," 368,439 "," 251,927 ", 68.4 , 21.2 ," 64,120 "," 65,025 "," 65,025 "," 6,414 "," 13,114 "," 5,432 "," 40,065 ", 30.0 ," 149,412 "," 153,758 "," 153,758 ",   ," 153,758 ", 30.0 ," 149,656 "," 149,656 "," 33,144 "," 5,424 "," 25,142 ", - ," 2,578 "," 6,324 "," 17,984 ",   , - ," 222,412 ", 88.3 
일운면," 20,796 "," 22,923 "," 17,254 ", 75.3 , 5.7 ," 3,841 "," 3,841 "," 3,696 ", 512 , 774 , 284 ," 2,126 ", 1.1 ," 9,414 "," 11,541 "," 11,541 ", - ," 11,541 ", 1.1 ," 7,541 "," 7,541 "," 2,017 ", 251 ," 1,224 ", 8 , 534 , 841 ," 1,421 ",   , - ," 9,974 ", 57.8 
동부면," 26,486 "," 26,838 "," 14,607 ", 54.4 , 0.5 ," 4,134 "," 4,486 "," 4,486 ", 105 ," 1,114 ", 372 ," 2,895 ", 1.8 ," 12,411 "," 12,411 "," 7,741 ", - ," 7,741 ", 1.8 ," 9,941 "," 9,941 "," 2,380 ", 198 ," 1,751 ", 10 , 421 , 332 , 866 , - , - ," 10,041 ", 68.7 
남부면," 19,595 "," 19,983 "," 13,838 ", 69.2 , 0.7 ," 2,641 "," 3,029 "," 3,029 ", 362 , 481 , 221 ," 1,965 ", 1.3 ," 9,541 "," 9,541 "," 9,014 ", - ," 9,014 ", 1.3 ," 7,413 "," 7,413 "," 1,795 ", 148 ," 1,321 ", 6 , 320 , 251 , 671 , - , - ," 8,941 ", 64.6 
거제면," 20,436 "," 23,786 "," 17,026 ", 71.6 , 0.5 ," 3,612 "," 3,848 "," 3,848 ", 512 , 814 , 274 ," 2,248 ", 1.5 ," 8,412 "," 11,526 "," 11,526 ", - ," 11,526 ", 1.5 ," 8,412 "," 8,412 "," 1,652 ", 194 ," 1,009 ", 7 , 442 , 402 ," 1,521 ",   , - ," 8,214 ", 48.2 
둔덕면," 17,726 "," 18,596 "," 12,691 ", 68.2 , 0.6 ," 4,314 "," 4,314 "," 3,052 ", 418 , 662 , 214 ," 1,758 ", 1.1 ," 6,871 "," 7,741 "," 7,741 ", - ," 7,741 ", 1.1 ," 6,541 "," 6,541 "," 1,898 ", 131 ," 1,412 ", 5 , 350 , 209 , 566 , - , - ," 9,941 ", 78.3 
사등면," 6,078 "," 7,447 "," 4,700 ", 63.1 , 0.4 , 124 , 894 , 894 , 124 , 184 , 54 , 532 , 0.3 ," 2,413 "," 3,012 "," 3,012 ", - ," 3,012 ", 0.3 ," 3,541 "," 3,541 ", 794 , 79 , 555 , 3 , 157 , 92 , 161 , - , - ," 2,951 ", 62.8 
연초면," 10,398 "," 18,672 "," 15,033 ", 80.5 , 0.1 ," 2,147 "," 2,147 "," 1,564 ", 112 , 364 , 104 , 984 , 0.7 ," 4,127 "," 12,401 "," 12,401 ", - ," 12,401 ", 0.7 ," 4,124 "," 4,124 "," 1,068 ", 51 , 441 , 5 , 571 , 324 , 934 ,   , - ," 3,971 ", 26.4 
하청면," 1,642 "," 14,859 "," 13,982 ", 94.1 , 0.2 ," 1,642 "," 1,642 ", 765 , 105 , 149 , 60 , 451 , 1.0 , - ," 12,014 "," 12,014 ", - ," 12,014 ", - , - ," 1,203 "," 1,203 ", - , 751 , - , 452 , 335 , 442 , - , - ," 8,841 ", 63.2 
장목면," 13,199 "," 20,729 "," 14,942 ", 72.1 , 0.4 ," 4,014 "," 4,014 "," 2,449 ", 339 , 492 , 184 ," 1,434 ", 1.0 ," 3,714 "," 11,244 "," 11,244 ", - ," 11,244 ", 1.0 ," 5,471 "," 5,471 "," 1,249 ", 142 , 777 , 6 , 324 , 241 , 399 ,   , - ," 7,124 ", 47.7 
양산시," 234,483 "," 993,002 "," 935,981 ", 94.3 , - , - ," 131,496 "," 131,496 "," 17,239 "," 59,356 "," 9,097 "," 45,804 ", 61.3 ," 52,124 "," 396,056 "," 396,056 ", - ," 396,056 ", 46.8 ," 182,359 "," 465,450 "," 408,429 "," 78,105 "," 238,641 "," 1,732 "," 89,951 "," 28,798 "," 51,816 ", 73 , 71 ," 913,019 ", 97.5 
양산시가지," 41,499 "," 328,018 "," 328,018 ", 100.0 , - , - ," 70,558 "," 70,558 "," 10,592 "," 25,830 "," 5,310 "," 28,826 ", 13.7 ," 10,927 "," 114,951 "," 114,951 ",," 114,951 ", 13.7 ," 30,572 "," 142,509 "," 142,509 "," 36,369 "," 68,898 ", - ," 37,242 "," 7,920 "," 12,514 ", 13 , 13 ," 305,164 ", 93.0 
웅상시가지," 53,604 "," 132,478 "," 98,238 ", 74.2 , - , - ," 12,573 "," 12,573 "," 1,015 "," 10,253 ", - ," 1,305 ", 16.3 ," 6,436 "," 72,737 "," 72,737 ",," 72,737 ", 16.3 ," 47,168 "," 47,168 "," 12,928 "," 1,220 "," 4,062 ", 7 ," 7,639 "," 5,801 "," 13,796 ", 29 , 38 ," 98,238 ", 100.0 
물금읍, 365 ," 154,063 "," 154,063 ", 100.0 , - , - ," 16,874 "," 16,874 "," 2,438 "," 6,354 "," 1,859 "," 6,223 ", 10.5 , 365 ," 17,309 "," 17,309 ",," 17,309 ",, - ," 119,880 "," 119,880 "," 29,448 "," 86,073 ", 448 ," 3,911 "," 5,404 "," 12,821 ", 5 , 10 ," 154,063 ", 100.0 
동면," 40,606 "," 76,705 "," 76,705 ", 100.0 , - , - ," 5,637 "," 5,637 ", 705 ," 2,063 ", 681 ," 2,188 ", 5.4 ," 4,885 "," 11,263 "," 11,263 ",," 11,263 ", 5.4 ," 35,721 "," 59,805 "," 59,805 "," 7,351 "," 40,826 ", 412 ," 11,216 "," 2,312 "," 4,348 ",, 2 ," 76,705 ", 100.0 
원동면," 16,289 "," 66,808 "," 66,808 ", 100.0 , - , - ," 1,079 "," 1,079 ", 78 , 650 , 40 , 311 , 4.0 ," 16,289 "," 63,302 "," 63,302 ",," 63,302 ",, - ," 2,427 "," 2,427 ", 488 , 124 ,," 1,815 "," 1,769 "," 2,114 ",,," 66,700 ", 99.8 
상북면," 79,747 "," 150,305 "," 127,524 ", 84.8 , - , - ," 19,093 "," 19,093 "," 1,723 "," 11,250 ", 885 ," 5,235 ", 7.4 ," 12,485 "," 63,950 "," 63,950 ",," 63,950 ", 7.4 ," 67,262 "," 67,262 "," 44,481 "," 2,059 "," 24,443 ", 111 ," 17,868 "," 2,854 "," 2,795 ", 26 , 2 ," 127,524 ", 100.0 
하북면," 2,373 "," 84,625 "," 84,625 ", 100.0 , - , - ," 5,682 "," 5,682 ", 688 ," 2,956 ", 322 ," 1,716 ", 4.0 , 737 ," 52,544 "," 52,544 ",," 52,544 ", 4.0 ," 1,636 "," 26,399 "," 26,399 "," 1,170 "," 14,215 ", 754 ," 10,260 "," 2,738 "," 3,428 ",, 6 ," 84,625 ", 100.0 
군부," 4,057,785 "," 4,663,972 "," 3,873,272 ", 83.0 , 905.2 ," 368,334 "," 373,562 "," 351,699 "," 56,264 "," 115,114 "," 35,753 "," 144,568 ", 122.6 ," 2,721,944 "," 3,203,680 "," 2,551,601 "," 9,195 "," 2,541,659 "," 1,079.0 "," 967,507 "," 1,086,730 "," 969,972 "," 93,082 "," 554,588 "," 110,733 "," 211,569 "," 59,267 "," 110,441 ", 69 , 581 ," 2,487,715 ", 64.2 
의령군," 130,614 "," 295,919 "," 258,413 ", 87.3 , 2.0 ," 47,725 "," 47,725 "," 27,348 "," 12,934 "," 14,414 ", - , - , - ," 49,846 "," 210,970 "," 210,970 ", - ," 210,970 ", - ," 33,043 "," 37,224 "," 20,095 ", 200 ," 15,339 "," 4,556 ", - ," 3,164 "," 9,272 ", 2 , - , - , - 
의령읍," 106,867 "," 126,845 "," 97,635 ", 77.0 , 1.0 ," 26,104 "," 26,104 "," 14,023 "," 9,528 "," 4,495 ",,,," 48,903 "," 68,881 "," 68,881 ",," 68,881 ",," 31,860 "," 31,860 "," 14,731 ", 200 ," 10,740 "," 3,791 ",, 989 ," 4,800 ", 1 ,, - , - 
가례면, - ," 21,824 "," 21,824 ", 100.0 , - ,, - , - ,,,,,,," 21,824 "," 21,824 ",," 21,824 ",,, - , - ,,,,, 273 , 551 ,,, - , - 
칠곡면, - ," 20,941 "," 20,941 ", 100.0 , - ,, - , - ,,,,,,," 20,941 "," 20,941 ",," 20,941 ",,, - , - ,,,,, 341 , 479 ,,, - , - 
대의면, - ," 5,400 "," 5,400 ", 100.0 , - ,, - , - ,,,,,,," 5,400 "," 5,400 ",," 5,400 ",,, - , - ,,,,, 101 , 217 ,,, - , - 
화정면, - ," 7,026 "," 7,026 ", 100.0 , - ,, - , - ,,,,,,," 7,026 "," 7,026 ",," 7,026 ",,, - , - ,,,,, 30 , 353 ,,, - , - 
용덕면, - ," 5,840 "," 5,840 ", 100.0 , - ,, - , - ,,,,,,," 5,840 "," 5,840 ",," 5,840 ",,, - , - ,,,,, 24 , 298 ,,, - , - 
정곡면, - ," 6,750 "," 6,750 ", 100.0 , - ,, - , - ,,,,,,," 6,750 "," 6,750 ",," 6,750 ",,, - , - ,,,,, 98 , 124 ,,, - , - 
지정면, - ," 5,157 "," 5,157 ", 100.0 , - ,, - , - ,,,,,,," 5,157 "," 5,157 ",," 5,157 ",,, - , - ,,,,, 13 , 83 ,,, - , - 
낙서면, - ," 6,131 "," 6,131 ", 100.0 , - ,, - , - ,,,,,,," 6,131 "," 6,131 ",," 6,131 ",,, - , - ,,,,, 21 , 191 ,,, - , - 
부림면," 23,747 "," 52,904 "," 44,608 ", 84.3 , 1.0 ," 21,621 "," 21,621 "," 13,325 "," 3,406 "," 9,919 ",,,, 943 ," 25,919 "," 25,919 ",," 25,919 ",," 1,183 "," 5,364 "," 5,364 ",," 4,599 ", 765 ,, 345 ," 1,129 ", 1 ,, - , - 
봉수면, - ," 14,264 "," 14,264 ", 100.0 , - ,, - , - ,,,,,,," 14,264 "," 14,264 ",," 14,264 ",,, - , - ,,,,, 293 , 454 ,,, - , - 
궁류면, - ," 19,393 "," 19,393 ", 100.0 , - ,, - , - ,,,,,,," 19,393 "," 19,393 ",," 19,393 ",,, - , - ,,,,, 568 , 513 ,,, - , - 
유곡면, - ," 3,444 "," 3,444 ", 100.0 , - ,, - , - ,,,,,,," 3,444 "," 3,444 ",," 3,444 ",,, - , - ,,,,, 68 , 80 ,,, - , - 
함안군," 380,185 "," 424,220 "," 375,056 ", 88.4 , 6.4 , 652 , 652 , 652 , 99 , 533 , - , 20 , 8.0 ," 223,494 "," 260,912 "," 235,314 ", - ," 235,314 ", 111.0 ," 156,039 "," 162,656 "," 139,090 "," 20,895 "," 70,677 "," 25,165 "," 22,353 "," 5,491 "," 9,668 ", 23 , 172 ," 375,056 ", 100.0 
가야읍," 81,241 "," 85,173 "," 85,173 ", 100.0 , 6.4 , 652 , 652 , 652 , 99 , 533 , - , 20 , 2.8 ," 38,642 "," 40,776 "," 40,776 ", - ," 40,776 ", 14.4 ," 41,947 "," 43,745 "," 43,745 "," 10,534 "," 25,405 "," 3,512 "," 4,294 "," 1,645 "," 3,360 ", 11 , 20 ," 85,173 ", 100.0 
칠원읍," 99,930 "," 122,756 "," 99,190 ", 80.8 , - , - , - , - , - , - , - , - , 1.1 ," 58,692 "," 81,518 "," 81,518 ", - ," 81,518 ", 28.3 ," 41,238 "," 41,238 "," 17,672 "," 2,589 "," 7,391 "," 7,246 ", 446 , 34 ," 1,366 ", - , 47 ," 99,190 ", 100.0 
함안면," 22,574 "," 29,713 "," 29,713 ", 100.0 , - , - , - , - , - , - , - , - , 0.6 ," 10,961 "," 17,274 "," 17,274 ", - ," 17,274 ", 8.7 ," 11,613 "," 12,439 "," 12,439 "," 2,957 "," 7,405 ", 901 ," 1,176 ", 962 ," 1,021 ", - , 12 ," 29,713 ", 100.0 
군북면," 44,718 "," 46,054 "," 45,965 ", 99.8 , - , - , - , - , - , - , - , - , 0.9 ," 25,928 "," 25,928 "," 25,839 ", - ," 25,839 ", 7.5 ," 18,790 "," 20,126 "," 20,126 ", 802 ," 10,895 "," 2,929 "," 5,500 ", 495 , 747 , - , 17 ," 45,965 ", 100.0 
법수면," 27,305 "," 27,827 "," 15,615 ", 56.1 , - , - , - , - , - , - , - , - , 0.3 ," 19,963 "," 19,963 "," 7,751 ", - ," 7,751 ", - ," 7,342 "," 7,864 "," 7,864 ", 701 ," 4,229 "," 1,654 "," 1,280 ", 404 , 689 , - , 18 ," 15,615 ", 100.0 
대산면," 27,036 "," 32,361 "," 32,361 ", 100.0 , - , - , - , - , - , - , - , - , 0.7 ," 14,018 "," 18,417 "," 18,417 ", - ," 18,417 ", 5.7 ," 13,018 "," 13,944 "," 13,944 ", 564 ," 5,388 "," 4,059 "," 3,933 ", 257 , 435 , - , 14 ," 32,361 ", 100.0 
칠서면," 46,731 "," 47,345 "," 45,436 ", 96.0 , - , - , - , - , - , - , - , - , 0.9 ," 33,004 "," 33,004 "," 31,095 ", - ," 31,095 ", 22.5 ," 13,727 "," 14,341 "," 14,341 "," 1,301 "," 4,849 "," 3,742 "," 4,449 ", 401 , 683 , 12 , 20 ," 45,436 ", 100.0 
칠북면," 7,454 "," 7,540 "," 2,163 ", 28.7 , - , - , - , - , - , - , - , - , 0.1 ," 6,242 "," 6,242 ", 865 , - , 865 , 12.4 ," 1,212 "," 1,298 "," 1,298 ", 46 , 741 , - , 511 ," 1,016 "," 1,051 ", - , 5 ," 2,163 ", 100.0 
산인면," 19,601 "," 19,984 "," 13,973 ", 69.9 , - , - , - , - , - , - , - , - , 0.4 ," 14,215 "," 14,215 "," 8,204 ", - ," 8,204 ", 11.4 ," 5,386 "," 5,769 "," 5,769 ", 996 ," 3,504 ", 505 , 764 , 210 , 259 , - , 13 ," 13,973 ", 100.0 
여항면," 3,595 "," 5,467 "," 5,467 ", 100.0 , - , - , - , - , - , - , - , - , 0.1 ," 1,829 "," 3,575 "," 3,575 ", - ," 3,575 ", - ," 1,766 "," 1,892 "," 1,892 ", 405 , 870 , 617 , - , 67 , 57 , - , 6 ," 5,467 ", 100.0 
창녕군," 344,503 "," 344,503 "," 330,841 ", 96.0 , 3.6 ," 101,343 "," 101,343 "," 101,343 "," 8,366 "," 35,140 "," 17,331 "," 40,506 ", 11.3 ," 197,978 "," 197,978 "," 190,579 ", 94 ," 189,738 ", 40.0 ," 45,182 "," 45,182 "," 38,919 ", 246 ," 29,464 ", 716 ," 8,493 "," 9,202 ",, 15 , - ," 272,505 ", 95.5 
창녕읍," 98,162 "," 98,162 "," 85,415 ", 87.0 , 1.2 ," 35,131 "," 35,131 "," 35,131 "," 2,509 "," 10,000 "," 1,780 "," 20,842 ", 2.7 ," 47,086 "," 47,086 "," 40,297 ",," 40,297 ", 14.0 ," 15,945 "," 15,945 "," 9,987 ", 246 ," 7,879 ", 76 ," 1,786 "," 2,287 ",, 9 , - ," 81,544 ", 95.5 
남지읍," 77,639 "," 77,639 "," 73,269 ", 94.4 , 0.9 ," 28,579 "," 28,579 "," 28,579 "," 1,854 "," 14,370 ", 197 ," 12,158 ", 2.3 ," 38,574 "," 38,574 "," 34,509 ",," 34,509 ", 8.0 ," 10,486 "," 10,486 "," 10,181 ",," 10,181 ", - , - ," 2,271 ",, 3 , - ," 68,213 ", 93.1 
영산면," 48,554 "," 48,554 "," 48,554 ", 100.0 , 0.8 ," 24,613 "," 24,613 "," 24,613 "," 2,606 "," 5,139 "," 15,111 "," 1,757 ", 2.0 ," 22,224 "," 22,224 "," 22,224 ",," 22,224 ", 9.0 ," 1,717 "," 1,717 "," 1,717 ",, 637 , - ," 1,080 "," 1,761 ",, - , - ," 46,198 ", 95.1 
부곡면," 56,820 "," 56,820 "," 56,820 ", 100.0 , 0.8 ," 11,577 "," 11,577 "," 11,577 "," 1,078 "," 4,507 ", 243 ," 5,749 ", 2.0 ," 28,209 "," 28,209 "," 28,209 ",," 28,209 ", 9.0 ," 17,034 "," 17,034 "," 17,034 ",," 10,767 ", 640 ," 5,627 "," 1,543 ",, 3 , - ," 46,578 ", 82.0 
고암면," 2,066 "," 2,066 "," 2,066 ", 100.0 , - , - , - , - , - , - , - , - , 0.2 ," 2,066 "," 2,066 "," 2,066 ",," 2,066 ",,, - , - ,,,,, 33 ,,,,, - 
성산면," 1,833 "," 1,833 "," 1,833 ", 100.0 , - , 174 , 174 , 174 , 27 , 147 , - , - , 0.1 ," 1,659 "," 1,659 "," 1,659 ",," 1,659 ",,, - , - ,,,,, 69 ,,,,, - 
대합면," 10,045 "," 10,045 "," 10,045 ", 100.0 , - , - , - , - , - , - , - , - , 0.4 ," 10,045 "," 10,045 "," 10,045 ",," 10,045 ",,, - , - ,,,,, 277 ,,,,, - 
이방면," 10,194 "," 10,194 "," 10,194 ", 100.0 , - , - , - , - , - , - , - , - , 0.3 ," 10,194 "," 10,194 "," 10,194 ",," 10,194 ",,, - , - ,,,,, 153 ,,,,, - 
유어면," 3,117 "," 3,117 "," 3,117 ", 100.0 , - , - , - , - , - , - , - , - , 0.2 ," 3,117 "," 3,117 "," 3,117 ",," 3,117 ",,, - , - ,,,,, 77 ,,,,, - 
대지면," 2,203 "," 2,203 "," 2,203 ", 100.0 , - , - , - , - , - , - , - , - , 0.2 ," 2,203 "," 2,203 "," 2,203 ",," 2,203 ",,, - , - ,,,,, 59 ,,,,, - 
계성면," 26,517 "," 26,517 "," 29,972 ", 113.0 , - , - , - , - , - , - , - , - , 0.6 ," 26,517 "," 26,517 "," 29,972 ",," 29,972 ",,, - , - ,,,,, 413 ,,,," 29,972 ", 100.0 
장마면," 1,434 "," 1,434 "," 1,434 ", 100.0 , - , - , - , - , - , - , - , - , 0.1 ," 1,434 "," 1,434 "," 1,434 ",," 1,434 ",,, - , - ,,,,, 45 ,,,,, - 
도천면," 3,903 "," 3,903 "," 3,903 ", 100.0 , - , - , - , - , - , - , - , - , 0.2 ," 3,903 "," 3,903 "," 3,903 ", 94 ," 3,809 ",,, - , - ,,,,, 105 ,,,,, - 
길곡면," 2,016 "," 2,016 "," 2,016 ", 100.0 , - ," 1,269 "," 1,269 "," 1,269 ", 292 , 977 , - , - , 0.1 , 747 , 747 , 747 ,, 747 ,,, - , - ,,,,, 109 ,,,,, - 
고성군," 301,604 "," 306,652 "," 207,887 ", 67.8 , 3.4 , - ," 5,048 "," 5,048 ", 591 ," 3,385 ", - ," 1,071 ", 9.7 ," 205,310 "," 205,310 "," 106,608 ", - ," 106,608 ", 3.4 ," 96,294 "," 96,294 "," 96,231 "," 9,008 "," 65,194 ", - ," 22,029 "," 4,381 "," 3,655 ", - , 167 ," 198,230 ", 95.4 
고성읍," 221,533 "," 226,031 "," 140,542 ", 62.2 , 3.3 , - ," 4,498 "," 4,498 ", 591 ," 3,112 ", - , 795 , 7.2 ," 157,616 "," 157,616 "," 72,127 ", - ," 72,127 ", 3.3 ," 63,917 "," 63,917 "," 63,916 "," 5,858 "," 44,745 ", - ," 13,313 "," 2,788 "," 2,582 ", - , 94 ," 130,885 ", 93.1 
회화면," 38,115 "," 38,664 "," 32,473 ", 84.0 , 0.1 , - , 549 , 549 , - , 273 , - , 276 , 1.1 ," 20,221 "," 20,221 "," 14,092 ", - ," 14,092 ", 0.1 ," 17,894 "," 17,894 "," 17,831 "," 2,244 "," 11,931 ", - ," 3,656 ", 777 , 405 , - , 23 ," 32,473 ", 100.0 
거류면," 41,956 "," 41,956 "," 34,872 ", 83.1 , - , - , - , - , - , - , - , - , 1.4 ," 27,473 "," 27,473 "," 20,389 ", - ," 20,389 ", - ," 14,484 "," 14,484 "," 14,484 ", 906 ," 8,518 ", - ," 5,060 ", 816 , 668 , - , 50 ," 34,872 ", 100.0 
남해군," 675,717 "," 675,717 "," 506,095 ", 74.9 , 4.7 ," 33,277 "," 33,277 "," 33,277 "," 2,245 "," 14,467 ", 638 ," 15,927 ", 19.2 ," 433,280 "," 433,280 "," 302,219 ", - ," 302,219 ", 19.2 ," 209,160 "," 209,160 "," 170,599 "," 13,901 "," 107,711 "," 2,920 "," 46,067 "," 7,897 "," 15,673 ", 1 , 43 ," 428,576 ", 84.7 
남해읍," 186,409 "," 186,409 "," 172,141 ", 92.3 , - , - , - , - , - , - , - , - , 2.7 ," 114,038 "," 114,038 "," 99,770 ", - ," 99,770 ", 2.7 ," 72,371 "," 72,371 "," 72,371 "," 4,747 "," 51,742 ", 507 ," 15,375 "," 2,336 "," 6,105 ", 1 , 35 ," 143,462 ", 83.3 
이동면," 86,122 "," 86,122 "," 80,632 ", 93.6 , 0.4 ," 2,704 "," 2,704 "," 2,704 ", - ," 1,539 ", - ," 1,165 ", 2.5 ," 59,858 "," 59,858 "," 57,753 ", - ," 57,753 ", 2.5 ," 23,560 "," 23,560 "," 20,175 "," 1,472 "," 13,100 ", 151 ," 5,452 "," 1,244 "," 1,717 ",, 2 ," 62,366 ", 77.3 
상주면," 25,538 "," 25,538 "," 25,538 ", 100.0 , - , - , - , - , - , - , - , - , 0.8 ," 15,870 "," 15,870 "," 15,870 ", - ," 15,870 ", 0.8 ," 9,668 "," 9,668 "," 9,668 ", 104 ," 7,587 ", 665 ," 1,312 ", 411 , 756 ,, 6 ," 25,537 ", 100.0 
삼동면," 63,595 "," 63,595 "," 42,349 ", 66.6 , 0.7 ," 5,130 "," 5,130 "," 5,130 ", 650 ," 1,619 ", 78 ," 2,783 ", 2.1 ," 40,203 "," 40,203 "," 24,087 ", - ," 24,087 ", 2.1 ," 18,262 "," 18,262 "," 13,132 "," 1,438 "," 6,976 ", 318 ," 4,400 ", 606 ," 1,418 ",,," 37,219 ", 87.9 
미조면," 25,909 "," 25,909 "," 19,865 ", 76.7 , 0.2 ," 1,902 "," 1,902 "," 1,902 ", 265 ," 1,403 ", - , 234 , 0.8 ," 15,311 "," 15,311 "," 11,169 ", - ," 11,169 ", 0.8 ," 8,696 "," 8,696 "," 6,794 ", 653 ," 3,980 ", 44 ," 2,117 ", 304 , 467 ,,," 17,963 ", 90.4 
남면," 51,472 "," 51,472 "," 28,881 ", 56.1 , 0.2 ," 3,688 "," 3,688 "," 3,688 ", 365 ," 1,267 ", 129 ," 1,927 ", 1.9 ," 32,743 "," 32,743 "," 17,450 ", - ," 17,450 ", 1.9 ," 15,041 "," 15,041 "," 7,743 "," 1,223 "," 3,518 ", 129 ," 2,873 ", 813 ," 1,231 ",,," 25,193 ", 87.2 
서면," 47,347 "," 47,347 "," 19,712 ", 41.6 , 0.8 ," 5,157 "," 5,157 "," 5,157 ", 150 ," 1,876 ", 123 ," 3,008 ", 1.5 ," 31,293 "," 31,293 "," 8,815 ", - ," 8,815 ", 1.5 ," 10,897 "," 10,897 "," 5,740 ", 304 ," 2,066 ", - ," 3,370 ", 250 , 627 ,,," 14,555 ", 73.8 
고현면," 51,700 "," 51,700 "," 43,724 ", 84.6 , 0.1 ," 3,862 "," 3,862 "," 3,862 ", 42 ," 2,536 ", - ," 1,284 ", 1.3 ," 29,252 "," 29,252 "," 25,137 ", - ," 25,137 ", 1.3 ," 18,586 "," 18,586 "," 14,725 "," 1,130 "," 8,834 ", 234 ," 4,527 ", 801 , 913 ,,," 39,862 ", 91.2 
설천면," 54,287 "," 54,287 "," 34,968 ", 64.4 , 0.6 ," 3,762 "," 3,762 "," 3,762 ", 603 ," 1,325 ", - ," 1,834 ", 2.8 ," 39,699 "," 39,699 "," 24,141 ", - ," 24,141 ", 2.8 ," 10,826 "," 10,826 "," 7,065 "," 1,242 "," 3,560 ", 54 ," 2,209 ", 493 ," 1,208 ",,," 31,206 ", 89.2 
창선면," 83,338 "," 83,338 "," 38,285 ", 45.9 , 1.7 ," 7,072 "," 7,072 "," 7,072 ", 170 ," 2,902 ", 308 ," 3,692 ", 2.9 ," 55,013 "," 55,013 "," 18,027 ", - ," 18,027 ", 2.9 ," 21,253 "," 21,253 "," 13,186 "," 1,588 "," 6,348 ", 818 ," 4,432 ", 639 ," 1,231 ",,," 31,213 ", 81.5 
하동군," 447,321 "," 686,359 "," 651,015 ", 94.9 ,," 33,931 "," 33,931 "," 33,931 "," 3,747 "," 6,199 "," 1,023 "," 22,962 ", 0.3 ," 408,301 "," 647,339 "," 611,995 ", - ," 611,995 ", - ," 5,089 "," 5,089 "," 5,089 "," 4,713 ", 376 , - , - ," 1,727 "," 8,410 ", 6 , - ," 121,273 ", 18.6 
하동읍," 120,350 "," 180,504 "," 180,504 ", 100.0 , - ," 33,931 "," 33,931 "," 33,931 "," 3,747 "," 6,199 "," 1,023 "," 22,962 ", 0.2 ," 81,706 "," 141,860 "," 141,860 ", - ," 141,860 ", - ," 4,713 "," 4,713 "," 4,713 "," 4,713 ", - , - , - , 478 ," 1,934 ", 6 , - ," 60,068 ", 33.3 
화개면," 35,089 "," 135,289 "," 135,289 ", 100.0 , - , - , - , - , - , - , - , - , 0.0 ," 34,767 "," 134,967 "," 134,967 ", - ," 134,967 ", - , 322 , 322 , 322 , - , 322 , - , - , 35 ," 1,242 ", - , - ," 5,565 ", 4.1 
악양면," 50,314 "," 128,798 "," 128,798 ", 100.0 , - , - , - , - , - , - , - , - , - ," 50,260 "," 128,744 "," 128,744 ", - ," 128,744 ", - , 54 , 54 , 54 , - , 54 , - , - , 52 , 493 , - , - ," 9,420 ", 7.3 
적량면," 3,504 "," 3,504 "," 3,504 ", 100.0 , - , - , - , - , - , - , - , - , - ," 3,504 "," 3,504 "," 3,504 ", - ," 3,504 ", - , - , - , - , - , - , - , - , 6 , 81 , - , - ," 3,504 ", 100.0 
횡천면," 25,544 "," 25,544 "," 25,544 ", 100.0 , - , - , - , - , - , - , - , - , - ," 25,544 "," 25,544 "," 25,544 ", - ," 25,544 ", - , - , - , - , - , - , - , - , 45 , 243 , - , - ," 6,111 ", 23.9 
고전면," 15,160 "," 15,160 "," 10,361 ", 68.3 , - , - , - , - , - , - , - , - , - ," 15,160 "," 15,160 "," 10,361 ", - ," 10,361 ", - , - , - , - , - , - , - , - , 10 , 175 , - , - ," 1,427 ", 13.8 
금남면," 48,840 "," 48,840 "," 48,840 ", 100.0 , - , - , - , - , - , - , - , - , 0.0 ," 48,840 "," 48,840 "," 48,840 ", - ," 48,840 ", - , - , - , - , - , - , - , - , 133 , 344 , - , - ," 3,241 ", 6.6 
금성면," 30,000 "," 30,000 "," 5,967 ", 19.9 , - , - , - , - , - , - , - , - , - ," 30,000 "," 30,000 "," 5,967 ", - ," 5,967 ", - , - , - , - , - , ` , - , - , 20 , 121 , - , - ," 1,500 ", 25.1 
진교면," 32,456 "," 32,456 "," 32,456 ", 100.0 , - , - , - , - , - , - , - , - , 0.0 ," 32,456 "," 32,456 "," 32,456 ", - ," 32,456 ", - , - , - , - , - , - , - , - , 196 , 902 , - , - ," 12,003 ", 37.0 
양보면," 7,058 "," 7,058 "," 7,058 ", 100.0 , - , - , - , - , - , - , - , - , - ," 7,058 "," 7,058 "," 7,058 ", - ," 7,058 ", - , - , - , - , - , - , - , - , 26 , 150 , - , - ," 7,058 ", 100.0 
북천면," 19,211 "," 19,411 "," 19,411 ", 100.0 , - , - , - , - , - , - , - , - , - ," 19,211 "," 19,411 "," 19,411 ", - ," 19,411 ", - , - , - , - , - , - , - , - , 33 , 159 , - , - ," 4,257 ", 21.9 
청암면," 23,097 "," 23,097 "," 23,097 ", 100.0 , - , - , - , - , - , - , - , - , - ," 23,097 "," 23,097 "," 23,097 ", - ," 23,097 ", - , - , - , - , - , - , - , - , 130 , 314 , - , - ," 2,076 ", 9.0 
옥종면," 36,698 "," 36,698 "," 30,186 ", 82.3 , - , - , - , - , - , - , - , - , - ," 36,698 "," 36,698 "," 30,186 ", - ," 30,186 ", - , - , - , - , - , - , - , - , 563 ," 2,252 ", - , - ," 5,043 ", 16.7 
산청군," 437,468 "," 539,447 "," 347,919 ", 61.3 , - , - , - , - , - , - , - , - , 4.8 ," 392,937 "," 393,248 "," 203,356 ", - ," 203,356 ", 794.9 ," 44,531 "," 146,199 "," 144,563 "," 13,130 "," 55,921 "," 29,828 "," 45,684 "," 2,676 "," 10,703 ", - , - ," 203,356 ", 100.0 
산청읍," 84,305 "," 103,007 "," 77,833 ", 75.6 ,,, - , - ,,,,, 0.8 ," 69,105 "," 69,105 "," 43,931 ",," 43,931 ", 68.9 ," 15,200 "," 33,902 "," 33,902 ", 958 ," 15,193 ", 351 ," 17,400 ", 581 ," 2,160 ",,," 43,931 ", 100.0 
차황면," 32,532 "," 38,821 "," 14,038 ", 36.2 ,,, - , - ,,,,, 0.0 ," 29,090 "," 29,090 "," 4,307 ",," 4,307 ", 48.8 ," 3,442 "," 9,731 "," 9,731 "," 2,119 "," 6,017 "," 1,595 ",, 83 , 243 ,,," 4,307 ", 100.0 
오부면," 17,567 "," 17,878 "," 17,878 ", 100.0 ,,, - , - ,,,,, 0.3 ," 15,389 "," 15,700 "," 15,700 ",," 15,700 ", 35.1 ," 2,178 "," 2,178 "," 2,178 ",," 2,178 ",,, 221 , 194 ,,," 15,700 ", 100.0 
생초면," 25,312 "," 35,727 "," 24,854 ", 69.6 ,,, - , - ,,,,, 0.2 ," 23,198 "," 23,198 "," 12,325 ",," 12,325 ", 53.0 ," 2,114 "," 12,529 "," 12,529 ", 473 ," 4,297 "," 1,505 "," 6,254 ", 155 , 880 ,,," 12,325 ", 100.0 
금서면," 36,120 "," 46,908 "," 22,775 ", 48.6 ,,, - , - ,,,,, 0.3 ," 35,790 "," 35,790 "," 11,657 ",," 11,657 ", 76.3 , 330 ," 11,118 "," 11,118 "," 1,183 "," 4,042 "," 4,710 "," 1,183 ", 384 ," 1,049 ",,," 11,657 ", 100.0 
삼장면," 25,697 "," 25,697 "," 13,447 ", 52.3 ,,, - , - ,,,,, 0.1 ," 22,666 "," 22,666 "," 12,052 ",," 12,052 ", 103.3 ," 3,031 "," 3,031 "," 1,395 "," 1,069 ", 269 , - , 57 , 198 , 348 ,,," 12,052 ", 100.0 
시천면," 60,683 "," 71,035 "," 43,068 ", 60.6 ,,, - , - ,,,,, 1.1 ," 54,963 "," 54,963 "," 26,996 ",," 26,996 ", 127.7 ," 5,720 "," 16,072 "," 16,072 "," 2,455 "," 5,299 "," 5,863 "," 2,455 ", 247 ," 1,535 ",,," 26,996 ", 100.0 
단성면," 70,395 "," 103,667 "," 87,213 ", 84.1 ,,, - , - ,,,,, 0.8 ," 62,658 "," 62,658 "," 46,204 ",," 46,204 ", 108.7 ," 7,737 "," 41,009 "," 41,009 "," 2,287 "," 12,035 "," 14,187 "," 12,500 ", 298 ," 2,332 ",,," 46,204 ", 100.0 
신안면," 37,790 "," 40,021 "," 17,175 ", 42.9 ,,, - , - ,,,,, 0.5 ," 37,251 "," 37,251 "," 14,405 ",," 14,405 ", 72.2 , 539 ," 2,770 "," 2,770 ",," 1,878 ", 77 , 815 , 220 ," 1,369 ",,," 14,405 ", 100.0 
생비량면," 19,932 "," 20,532 "," 10,707 ", 52.1 ,,, - , - ,,,,, 0.4 ," 17,457 "," 17,457 "," 7,632 ",," 7,632 ", 44.0 ," 2,475 "," 3,075 "," 3,075 ", 88 ," 1,877 ", 273 , 837 , 178 , 291 ,,," 7,632 ", 100.0 
신등면," 27,135 "," 36,154 "," 18,931 ", 52.4 ,,, - , - ,,,,, 0.3 ," 25,370 "," 25,370 "," 8,147 ",," 8,147 ", 56.9 ," 1,765 "," 10,784 "," 10,784 "," 2,498 "," 2,836 "," 1,267 "," 4,183 ", 111 , 302 ,,," 8,147 ", 100.0 
함양군," 591,617 "," 595,808 "," 492,187 ", 82.6 , 0.0 , 715 , 715 , 715 , - , 715 , - , - , - ," 330,014 "," 330,014 "," 246,023 ", - ," 246,023 ", - ," 260,887 "," 265,078 "," 245,449 "," 19,333 "," 117,685 "," 43,868 "," 64,563 "," 15,386 "," 8,822 ", 15 , 54 ," 436,765 ", 88.7 
함양읍," 235,984 "," 235,984 "," 209,721 ", 88.9 , 0.0 , 300 , 300 , 300 , - , 300 , - , - , - ," 110,207 "," 110,207 "," 91,521 ", - ," 91,521 ", - ," 125,477 "," 125,477 "," 117,900 "," 12,892 "," 59,877 "," 28,655 "," 16,476 "," 6,442 "," 3,882 ", 15 , 27 ," 199,114 ", 94.9 
마천면," 37,748 "," 37,748 "," 25,925 ", 68.7 , - , - , - , - , - , - , - , - , - ," 25,625 "," 25,625 "," 14,225 ", - ," 14,225 ", - ," 12,123 "," 12,123 "," 11,700 ", 222 ," 3,550 ", - ," 7,928 ", 763 , 434 , - , - ," 25,925 ", 100.0 
휴천면," 21,696 "," 21,969 "," 14,469 ", 65.9 , - , - , - , - , - , - , - , - , - ," 13,869 "," 13,869 "," 6,369 ", - ," 6,369 ", - ," 7,827 "," 8,100 "," 8,100 ", 549 ," 3,735 ", - ," 3,816 ", 446 , 206 , - , - ," 14,196 ", 98.1 
유림면," 26,157 "," 26,157 "," 12,589 ", 48.1 , - , - , - , - , - , - , - , - , - ," 17,739 "," 17,739 "," 9,789 ", - ," 9,789 ", - ," 8,418 "," 8,418 "," 2,800 ", 399 ," 1,401 ", - ," 1,000 ", 339 , 86 , - , - ," 12,000 ", 95.3 
수동면," 59,580 "," 59,580 "," 46,971 ", 78.8 , - , - , - , - , - , - , - , - , - ," 31,666 "," 31,666 "," 22,320 ", - ," 22,320 ", - ," 27,913 "," 27,913 "," 24,650 "," 2,189 "," 9,264 "," 1,458 "," 11,739 "," 1,952 ", 778 , - , 6 ," 43,571 ", 92.8 
지곡면," 26,526 "," 29,483 "," 27,653 ", 93.8 , - , - , - , - , - , - , - , - , - ," 16,383 "," 16,383 "," 14,553 ", - ," 14,553 ", - ," 10,143 "," 13,100 "," 13,100 ", 30 ," 8,156 ", - ," 4,914 ", 612 , 534 , - , - ," 17,976 ", 65.0 
안의면," 91,839 "," 92,800 "," 89,499 ", 96.4 , - , - , - , - , - , - , - , - , - ," 52,000 "," 52,000 "," 48,699 ", - ," 48,699 ", - ," 39,839 "," 40,800 "," 40,800 "," 1,682 "," 22,879 "," 7,945 "," 8,294 "," 2,538 "," 1,355 ", - , 21 ," 58,624 ", 65.5 
서하면," 13,199 "," 13,199 "," 7,286 ", 55.2 , 0.0 , 415 , 415 , 415 , - , 415 , - , - , - ," 7,971 "," 7,971 "," 2,171 ", - ," 2,171 ", - ," 4,813 "," 4,813 "," 4,700 ", 892 ," 1,885 ", - ," 1,923 ", 338 , 207 , - , - ," 7,286 ", 100.0 
서상면," 29,489 "," 29,489 "," 26,596 ", 90.2 , - , - , - , - , - , - , - , - , - ," 16,475 "," 16,475 "," 14,996 ", - ," 14,996 ", - ," 13,014 "," 13,014 "," 11,600 ", 180 ," 4,215 "," 5,810 "," 1,395 ", 991 , 669 , - , - ," 26,596 ", 100.0 
백전면," 18,913 "," 18,913 "," 9,125 ", 48.2 , - , - , - , - , - , - , - , - , - ," 15,326 "," 15,326 "," 5,826 ", - ," 5,826 ", - ," 3,588 "," 3,588 "," 3,300 ", 231 ," 1,038 ", - ," 2,031 ", 283 , 138 , - , - ," 9,125 ", 100.0 
병곡면," 30,486 "," 30,486 "," 22,353 ", 73.3 , - , - , - , - , - , - , - , - , - ," 22,753 "," 22,753 "," 15,553 ", - ," 15,553 ", - ," 7,733 "," 7,733 "," 6,800 ", 67 ," 1,686 ", - ," 5,047 ", 682 , 533 , - , - ," 22,353 ", 100.0 
거창군," 322,074 "," 368,484 "," 316,461 ", 85.9 , 4.6 ," 27,137 "," 27,137 "," 27,137 "," 9,055 "," 8,183 "," 2,305 "," 7,594 ", 32.8 ," 266,600 "," 310,444 "," 260,778 "," 2,249 "," 258,529 ", 12.4 ," 28,337 "," 30,903 "," 28,546 "," 3,086 "," 19,400 "," 3,680 "," 2,380 "," 7,257 "," 31,799 ", 1 , 145 ," 136,726 ", 43.2 
거창읍," 134,982 "," 147,940 "," 147,940 ", 100.0 , 3.2 ," 18,982 "," 18,982 "," 18,982 "," 7,972 "," 1,518 "," 1,898 "," 7,594 ", 7.0 ," 91,000 "," 102,722 "," 102,722 "," 1,142 "," 101,580 ", 5.0 ," 25,000 "," 26,236 "," 26,236 "," 1,614 "," 18,562 "," 3,680 "," 2,380 "," 5,323 "," 9,579 ", 1 , 145 ," 136,726 ", 92.4 
주상면," 6,120 "," 6,120 "," 5,767 ", 94.2 ,,, - , - ,,,,, 1.5 ," 6,000 "," 6,000 "," 5,767 ",," 5,767 ", 0.6 , 120 , 120 , - ,,,,, 101 , 293 ,,, - , - 
웅양면," 13,470 "," 13,470 "," 10,796 ", 80.1 ,,, - , - ,,,,, 3.0 ," 13,200 "," 13,200 "," 10,796 ",," 10,796 ", 0.9 , 270 , 270 , - ,,,,, 234 , 491 ,,, - , - 
고제면," 8,650 "," 8,650 "," 6,824 ", 78.9 ,,, - , - ,,,,, 2.0 ," 8,500 "," 8,500 "," 6,824 ",," 6,824 ", 0.7 , 150 , 150 , - ,,,,, 96 , 294 ,,, - , - 
북상면," 10,315 "," 10,315 "," 9,275 ", 89.9 ,,, - , - ,,,,, 2.3 ," 10,100 "," 10,100 "," 9,275 ",," 9,275 ", 0.8 , 215 , 215 , - ,,,,, 138 , 632 ,,, - , - 
위천면," 2,950 "," 23,653 "," 23,503 ", 99.4 ,,, - , - ,,,,, 0.6 ," 2,800 "," 23,503 "," 23,503 ",," 23,503 ", 0.1 , 150 , 150 , - ,,,,, 387 ," 1,295 ",,, - , - 
마리면," 6,411 "," 6,411 "," 5,819 ", 90.8 ,,, - , - ,,,,, 0.9 ," 6,200 "," 6,200 "," 5,819 ",," 5,819 ", 0.2 , 211 , 211 , - ,,,,, 103 , 458 ,,, - , - 
남상면," 15,415 "," 15,415 "," 13,281 ", 86.2 ,,, - , - ,,,,, 4.0 ," 15,000 "," 15,000 "," 13,281 ",," 13,281 ", 0.4 , 415 , 415 , - ,,,,, 197 , 566 ,,, - , - 
남하면," 4,734 "," 14,023 "," 13,789 ", 98.3 ,,, - , - ,,,,, 0.7 ," 4,500 "," 13,789 "," 13,789 ",," 13,789 ", 0.2 , 234 , 234 , - ,,,,, 197 , 836 ,,, - , - 
신원면," 6,987 "," 6,987 "," 2,003 ", 28.7 ,,, - , - ,,,,, 1.3 ," 6,500 "," 6,500 "," 2,003 ",," 2,003 ", 0.4 , 487 , 487 , - ,,,,, 39 , 158 ,,, - , - 
가조면," 110,135 "," 111,465 "," 73,534 ", 66.0 , 1.4 ," 8,155 "," 8,155 "," 8,155 "," 1,083 "," 6,665 ", 407 ,, 8.0 ," 101,000 "," 101,000 "," 63,069 "," 1,107 "," 61,962 ", 3.0 , 980 ," 2,310 "," 2,310 "," 1,472 ", 838 ,,, 371 ," 16,998 ",,, - , - 
가북면," 1,905 "," 4,035 "," 3,930 ", 97.4 ,,, - , - ,,,,, 1.5 ," 1,800 "," 3,930 "," 3,930 ",," 3,930 ", 0.1 , 105 , 105 , - ,,,,, 71 , 203 ,,, - , - 
합천군," 426,682 "," 426,862 "," 387,398 ", 90.8 , 880.5 ," 123,554 "," 123,734 "," 122,248 "," 19,227 "," 32,078 "," 14,456 "," 56,488 ", 36.4 ," 214,184 "," 214,184 "," 183,759 "," 6,852 "," 176,907 ", 98.2 ," 88,944 "," 88,944 "," 81,391 "," 8,570 "," 72,821 ", - , - ," 2,086 "," 12,439 ", 6 , - ," 315,228 ", 81.4 
합천읍," 86,787 "," 86,787 "," 82,513 ", 95.1 , 43.0 ," 28,960 "," 28,960 "," 28,960 "," 5,250 "," 1,110 "," 1,840 "," 20,760 ", 1.9 ," 29,008 "," 29,008 "," 24,734 ",," 24,734 ", 8.1 ," 28,819 "," 28,819 "," 28,819 ", 525 ," 28,294 ",,, 747 ," 3,175 ", 4 ,," 75,600 ", 91.6 
봉산면," 12,106 "," 12,106 "," 11,861 ", 98.0 , 75.0 ," 1,126 "," 1,126 "," 1,126 ",,,," 1,126 ", 0.8 ," 6,360 "," 6,360 "," 6,115 ",," 6,115 ", 4.2 ," 4,620 "," 4,620 "," 4,620 ", 620 ," 4,000 ",,, 120 ," 1,080 ",,," 9,350 ", 78.8 
묘산면," 7,894 "," 7,894 "," 5,508 ", 69.8 , 49.8 ," 1,932 "," 1,932 "," 1,732 ", 23 , 585 ,," 1,124 ", 0.2 ," 2,956 "," 2,956 "," 2,956 ",," 2,956 ",," 3,006 "," 3,006 ", 820 , 220 , 600 ,,, 52 , 468 ,,," 4,600 ", 83.5 
가야면," 53,279 "," 53,279 "," 51,417 ", 96.5 , 93.4 ," 20,510 "," 20,510 "," 20,510 "," 5,584 "," 6,521 "," 3,162 "," 5,243 ", 2.6 ," 24,554 "," 24,554 "," 22,692 ",," 22,692 ", 9.0 ," 8,215 "," 8,215 "," 8,215 ",," 8,215 ",,, 132 ," 1,199 ",,," 42,350 ", 82.4 
야로면," 45,523 "," 45,523 "," 39,085 ", 85.9 , 44.0 ," 6,399 "," 6,399 "," 6,270 ", 186 ," 2,901 ", 106 ," 3,078 ", 1.7 ," 30,449 "," 30,449 "," 24,140 ",," 24,140 ", 15.3 ," 8,675 "," 8,675 "," 8,675 "," 1,613 "," 7,062 ",,, 63 ," 1,207 ",,," 31,100 ", 79.6 
율곡면," 6,145 "," 6,145 "," 5,372 ", 87.4 , 70.0 ," 4,275 "," 4,275 "," 4,275 ", 131 , 568 , 825 ," 2,750 ", 0.2 ," 1,790 "," 1,790 "," 1,017 ",," 1,017 ", 1.8 , 80 , 80 , 80 ,, 80 ,,, 31 , - ,,," 4,600 ", 85.6 
초계면," 49,471 "," 49,471 "," 44,685 ", 90.3 , 23.0 ," 14,147 "," 14,147 "," 12,991 "," 2,661 "," 4,612 ", 738 ," 4,980 ", 1.6 ," 27,487 "," 27,487 "," 26,699 ",," 26,699 ",," 7,837 "," 7,837 "," 4,995 ", 605 ," 4,390 ",,, 116 ," 1,044 ",,," 31,200 ", 69.8 
쌍책면," 9,244 "," 9,244 "," 9,244 ", 100.0 , 61.0 ," 2,967 "," 2,967 "," 2,967 ",," 1,401 ", 244 ," 1,323 ", 0.3 ," 5,401 "," 5,401 "," 5,401 ",," 5,401 ", 1.7 , 876 , 876 , 876 ,, 876 ,,, 82 , 298 ,,," 6,300 ", 68.2 
덕곡면," 7,295 "," 7,295 "," 1,146 ", 15.7 , 22.6 ," 1,146 "," 1,146 "," 1,146 ",, 532 , 45 , 569 , 0.3 ," 6,149 "," 6,149 ", - ,,, 3.7 ,, - , - ,,,,, 39 , - ,,," 1,100 ", 96.0 
청덕면," 6,361 "," 6,361 "," 6,361 ", 100.0 , 48.5 ," 2,220 "," 2,220 "," 2,220 ", 503 , 883 , 187 , 647 , 0.3 ," 4,141 "," 4,141 "," 4,141 ",," 4,141 ", 8.7 ,, - , - ,,,,, 9 , 293 ,,," 4,400 ", 69.2 
적중면," 28,467 "," 28,467 "," 23,247 ", 81.7 , 6.4 ," 6,877 "," 6,877 "," 6,877 "," 1,600 "," 3,148 ", 230 ," 1,899 ", 0.9 ," 21,590 "," 21,590 "," 16,370 ",," 16,370 ", 16.6 ,, - , - ,,,,, 260 , 956 ,,," 15,500 ", 66.7 
대양면," 8,581 "," 8,761 "," 8,761 ", 100.0 , 53.0 ," 2,022 "," 2,202 "," 2,202 ", 291 , 602 , 50 ," 1,259 ", 0.3 ," 6,559 "," 6,559 "," 6,559 ",," 6,559 ", 3.7 ,, - , - ,,,,, 24 , 238 ,,," 6,000 ", 68.5 
쌍백면," 21,923 "," 21,923 "," 19,738 ", 90.0 , 61.0 ," 8,260 "," 8,260 "," 8,260 ", 470 ," 2,456 "," 2,189 "," 3,145 ", 0.6 ," 11,463 "," 11,463 "," 10,120 ",," 10,120 ", 1.4 ," 2,200 "," 2,200 "," 1,358 ",," 1,358 ",,, 34 , 258 ,,," 17,895 ", 90.7 
삼가면," 51,938 "," 51,938 "," 51,277 ", 98.7 , 52.3 ," 14,731 "," 14,731 "," 14,731 "," 1,958 "," 2,356 "," 3,568 "," 6,849 ", 1.7 ," 21,783 "," 21,783 "," 21,122 "," 6,852 "," 14,270 ", 6.6 ," 15,424 "," 15,424 "," 15,424 "," 4,987 "," 10,437 ",,, 100 ," 1,178 ", 2 ,," 41,000 ", 80.0 
가회면," 9,206 "," 9,206 "," 8,435 ", 91.6 , 64.0 ," 4,323 "," 4,323 "," 4,323 ",," 3,458 ", 560 , 305 , 0.2 ," 3,200 "," 3,200 "," 2,612 ",," 2,612 ", 5.8 ," 1,683 "," 1,683 "," 1,500 ",," 1,500 ",,, 26 , 195 ,,," 6,874 ", 81.5 
대병면," 16,224 "," 16,224 "," 16,224 ", 100.0 , 47.0 ," 1,134 "," 1,134 "," 1,134 ", 331 ,, 575 , 228 , 5.4 ," 9,081 "," 9,081 "," 9,081 ",," 9,081 ", 11.6 ," 6,009 "," 6,009 "," 6,009 ",," 6,009 ",,, 218 , 850 ,,," 15,211 ", 93.8 
용주면," 6,238 "," 6,238 "," 2,525 ", 40.5 , 66.6 ," 2,525 "," 2,525 "," 2,525 ", 239 , 945 , 137 ," 1,204 ", 17.5 ," 2,213 "," 2,213 ", - ,,,," 1,500 "," 1,500 ", - ,,,,, 33 , - ,,," 2,148 ", 85.1 
제주특별자치도," 5,505,400 "," 5,505,400 "," 4,040,087 ", 73.4 , 1.5 ," 833,965 "," 833,965 "," 750,607 "," 75,268 "," 439,731 "," 16,487 "," 219,121 ", 181.5 ," 2,888,251 "," 2,888,251 "," 2,146,919 ", - ," 2,146,919 "," 2,496.0 "," 1,783,184 "," 1,783,184 "," 1,142,561 "," 67,923 "," 969,896 "," 2,124 "," 102,618 "," 66,254 "," 104,898 ", 16 ," 2,379 "," 3,285,689 ", 81.3 
제주시," 3,338,127 "," 3,338,127 "," 2,549,667 ", 76.4 , 1.3 ," 515,073 "," 515,073 "," 452,582 "," 55,732 "," 259,358 "," 6,798 "," 130,694 ", 93.9 ," 1,786,442 "," 1,786,442 "," 1,383,274 ", - ," 1,383,274 ", 575.0 ," 1,036,612 "," 1,036,612 "," 713,811 "," 55,457 "," 563,213 ", - ," 95,141 "," 44,128 "," 72,687 ", 16 ," 1,508 "," 2,078,488 ", 81.5 
동지역," 1,777,727 "," 1,777,727 "," 1,423,074 ", 80.1 , 1.3 ," 374,941 "," 374,941 "," 321,316 "," 39,778 "," 165,331 ", - ," 116,207 ", 46.8 ," 883,576 "," 883,576 "," 707,440 ", - ," 707,440 ", 575.0 ," 519,210 "," 519,210 "," 394,318 "," 29,792 "," 304,319 ", - ," 60,207 "," 29,134 "," 45,367 ", 16 ," 1,154 "," 1,234,498 ", 86.7 
읍면지역," 1,560,400 "," 1,560,400 "," 1,126,593 ", 72.2 , - ," 140,132 "," 140,132 "," 131,266 "," 15,954 "," 94,027 "," 6,798 "," 14,487 ", 47.1 ," 902,866 "," 902,866 "," 675,834 ", - ," 675,834 ", - ," 517,402 "," 517,402 "," 319,493 "," 25,665 "," 258,894 ", - ," 34,934 "," 14,994 "," 27,320 ", - , 354 ," 843,990 ", 74.9 
한림읍," 304,468 "," 304,468 "," 204,380 ", 67.1 , - ," 41,310 "," 41,310 "," 38,277 "," 7,212 "," 28,246 "," 2,819 ", - , 8.5 ," 140,333 "," 140,333 "," 99,060 ", - ," 99,060 ", - ," 122,825 "," 122,825 "," 67,043 "," 6,487 "," 50,597 ", - ," 9,959 "," 2,673 "," 5,602 ", - , 72 ," 188,666 ", 92.3 
애월읍," 420,510 "," 420,510 "," 340,269 ", 80.9 , - ," 24,010 "," 24,010 "," 22,936 ", - ," 20,602 ", - ," 2,334 ", 15.9 ," 247,695 "," 247,695 "," 210,333 ", - ," 210,333 ", - ," 148,805 "," 148,805 "," 107,000 "," 6,358 "," 84,581 ", - ," 16,061 "," 4,502 "," 7,028 ", - , 80 ," 239,245 ", 70.3 
구좌읍," 269,956 "," 269,956 "," 194,276 ", 72.0 , - ," 16,017 "," 16,017 "," 16,017 "," 2,465 "," 11,905 "," 1,469 ", 178 , 8.9 ," 154,033 "," 154,033 "," 111,430 ", - ," 111,430 ", - ," 99,906 "," 99,906 "," 66,829 "," 6,775 "," 52,250 ", - ," 7,804 "," 3,017 "," 6,310 ", - , 71 ," 187,053 ", 96.3 
조천읍," 284,434 "," 284,434 "," 151,589 ", 53.3 , - ," 29,546 "," 29,546 "," 25,869 "," 2,993 "," 13,845 ", 575 ," 8,456 ", 8.3 ," 185,167 "," 185,167 "," 94,224 ", - ," 94,224 ", - ," 69,721 "," 69,721 "," 31,496 "," 2,764 "," 28,020 ", - , 712 ," 1,817 "," 3,544 ", - , 59 ," 123,816 ", 81.7 
한경면," 236,489 "," 236,489 "," 191,536 ", 81.0 , - ," 21,664 "," 21,664 "," 20,582 "," 2,637 "," 17,945 ", - , - , 5.5 ," 143,881 "," 143,881 "," 129,030 ", - ," 129,030 ", - ," 70,944 "," 70,944 "," 41,924 "," 3,281 "," 38,245 ", - , 398 ," 2,442 "," 3,779 ", - , 57 ," 72,358 ", 37.8 
추자면," 18,023 "," 18,023 "," 18,023 ", 100.0 , - ," 3,350 "," 3,350 "," 3,350 ", 647 , 957 , 846 , 900 , - ," 11,397 "," 11,397 "," 11,397 ", - ," 11,397 ", - ," 3,276 "," 3,276 "," 3,276 ", - ," 3,276 ", - , - , 193 , 597 , - , 8 ," 13,277 ", 73.7 
우도면," 26,520 "," 26,520 "," 26,520 ", 100.0 , - ," 4,235 "," 4,235 "," 4,235 ", - , 527 ," 1,089 "," 2,619 ", 0.1 ," 20,360 "," 20,360 "," 20,360 ", - ," 20,360 ", - ," 1,925 "," 1,925 "," 1,925 ", - ," 1,925 ", - , - , 350 , 460 , - , 7 ," 19,575 ", 73.8 
서귀포시," 2,167,273 "," 2,167,273 "," 1,490,420 ", 68.8 , 0.2 ," 318,892 "," 318,892 "," 298,025 "," 19,536 "," 180,373 "," 9,689 "," 88,427 ", 87.6 ," 1,101,809 "," 1,101,809 "," 763,645 ", - ," 763,645 "," 1,921.0 "," 746,572 "," 746,572 "," 428,750 "," 12,466 "," 406,683 "," 2,124 "," 7,477 "," 22,126 "," 32,211 ", - , 871 ," 1,207,201 ", 81.0 
동지역," 942,637 "," 942,637 "," 667,888 ", 70.9 , 0.1 ," 38,912 "," 38,912 "," 29,426 "," 1,449 "," 12,083 ", 460 ," 15,434 ", 38.5 ," 547,255 "," 547,255 "," 402,745 ", - ," 402,745 "," 1,921.0 "," 356,470 "," 356,470 "," 235,717 "," 10,401 "," 216,715 "," 2,124 "," 6,477 "," 9,482 "," 16,617 ", - , 482 ," 645,197 ", 96.6 
읍면지역," 1,224,636 "," 1,224,636 "," 822,532 ", 67.2 , 0.0 ," 279,980 "," 279,980 "," 268,599 "," 18,087 "," 168,290 "," 9,229 "," 72,993 ", 49.2 ," 554,554 "," 554,554 "," 360,900 ", - ," 360,900 ", - ," 390,102 "," 390,102 "," 193,033 "," 2,065 "," 189,968 ", - ," 1,000 "," 12,644 "," 15,594 ", - , 389 ," 562,004 ", 68.3 
대정읍," 261,941 "," 261,941 "," 189,199 ", 72.2 , - ," 54,697 "," 54,697 "," 54,448 "," 5,486 "," 23,191 "," 2,582 "," 23,189 ", 12.8 ," 121,403 "," 121,403 "," 83,430 ", - ," 83,430 ", - ," 85,841 "," 85,841 "," 51,321 ", - ," 51,247 ", - , 74 ," 2,214 "," 3,416 ", - , 74 ," 39,739 ", 21.0 
남원읍," 315,865 "," 315,865 "," 220,605 ", 69.8 , - ," 101,114 "," 101,114 "," 98,380 "," 4,862 "," 72,786 "," 3,668 "," 17,064 ", 10.8 ," 149,210 "," 149,210 "," 77,822 ", - ," 77,822 ", - ," 65,541 "," 65,541 "," 44,403 ", - ," 43,751 ", - , 652 ," 4,374 "," 5,449 ", - , 139 ," 220,605 ", 100.0 
성산읍," 323,540 "," 323,540 "," 203,376 ", 62.9 , 0.0 ," 37,612 "," 37,612 "," 32,671 "," 2,486 "," 18,239 ", 698 ," 11,248 ", 10.6 ," 158,009 "," 158,009 "," 117,731 ", - ," 117,731 ", - ," 127,919 "," 127,919 "," 52,974 "," 1,577 "," 51,397 ", - , - ," 2,777 "," 2,289 ", - , 79 ," 170,907 ", 84.0 
안덕면," 184,160 "," 184,160 "," 109,263 ", 59.3 , - ," 32,044 "," 32,044 "," 28,588 "," 1,878 "," 9,589 "," 1,921 "," 15,200 ", 10.8 ," 78,061 "," 78,061 "," 53,189 ", - ," 53,189 ", - ," 74,055 "," 74,055 "," 27,486 ", 488 ," 26,998 ", - , - ," 1,702 "," 2,099 ", - , 46 ," 50,568 ", 46.3 
표선면," 139,130 "," 139,130 "," 100,089 ", 71.9 , - ," 54,513 "," 54,513 "," 54,512 "," 3,375 "," 44,485 ", 360 ," 6,292 ", 4.2 ," 47,871 "," 47,871 "," 28,728 ", - ," 28,728 ", - ," 36,746 "," 36,746 "," 16,849 ", - ," 16,575 ", - , 274 ," 1,577 "," 2,341 ", - , 51 ," 80,185 ", 80.1 
,,,,,,,,,,,,,,,,,,,,,,,,,,,,,,,,
