2-1_시설현황,,,,,,,,,,,,,,,,,,,,,,,,,,,,,,,,,,,,,,
행정구역,,,"하수정비
기본계획
목표년도","총관로정비
계획연장(m)","총계획연장
(m)","총시설연장
(m)","하수관로
보급률(%)",합류식,,,,,,,,분류식,,,,,,,,,,,,,,"합류식맨홀
(개소)",분류식,,"오수받이
(개소)","우수받이
(개소)","우수토실
(개소)","우수토구
(개소)","하수도대장
전산화연장(m)","하수도대장
전산화율(%)"
시도,구군,행정구역명,,,,,,,,,,,,,,오수관로,,,,,,우수관로,,,,,,,,,"오수맨홀
(개소)","우수맨홀
(개소)",,,,,,
,,,,,,,,"관로정비
계획면적(㎢)","관로정비
계획연장(m)",계획연장(m),시설연장(m),암거,,개거(m),측구(m),"관로정비
계획면적(㎢)","관로정비
계획연장(m)",계획연장(m),시설연장(m),암거,,"관로정비
계획면적(㎢)","관로정비
계획연장(m)",계획연장(m),시설연장(m),암거,,개거(m),측구(m),,,,,,,,,
,,,,,,,,,,,,사각형(m),원형(m),,,,,,,사각형(m),원형(m),,,,,사각형(m),원형(m),,,,,,,,,,,
'09,,,," 142,966,976 "," 149,519,839 "," 107,842,551 ", 75.4 ," 10,672 "," 42,832,794 "," 49,385,657 "," 49,385,657 "," 5,811,470 "," 28,085,758 "," 2,593,569 "," 12,894,860 "," 6,526 "," 55,470,317 "," 55,470,317 "," 33,583,592 "," 688,590 "," 32,895,002 "," 5,214 "," 44,663,865 "," 44,663,865 "," 24,873,302 "," 2,627,158 "," 17,507,935 "," 916,851 "," 3,821,357 ",,,,,, - ," 38,326 "," 84,737,426 ", 78.6 
'10,,,," 145,472,835 "," 152,542,686 "," 113,494,121 ", 78.0 ," 13,331 "," 40,905,730 "," 47,975,581 "," 47,975,581 "," 5,634,999 "," 27,642,697 "," 2,503,024 "," 12,194,862 "," 6,107 "," 58,256,473 "," 58,256,473 "," 38,068,303 "," 664,279 "," 37,404,024 "," 6,528 "," 46,310,632 "," 46,310,632 "," 27,450,236 "," 2,947,314 "," 19,253,002 "," 985,295 "," 4,264,626 ",,,,,," 17,322 "," 28,341 "," 87,784,082 ", 77.3 
'11,,,," 161,321,132 "," 161,321,132 "," 118,329,400 ", 73.4 ," 10,358 "," 50,539,745 "," 50,539,745 "," 47,509,544 "," 5,545,130 "," 27,432,316 "," 2,396,951 "," 12,135,147 "," 5,771 "," 61,615,504 "," 61,615,504 "," 41,739,397 "," 640,228 "," 41,099,169 "," 7,024 "," 49,165,884 "," 49,165,884 "," 29,080,459 "," 3,180,643 "," 20,338,179 "," 1,075,707 "," 4,485,930 ",,,,,," 12,413 "," 30,167 "," 94,171,109 ", 79.6 
'12,,,," 149,547,625 "," 162,632,744 "," 123,309,368 ", 75.8 ," 49,590 "," 39,511,502 "," 45,682,547 "," 45,682,547 "," 5,490,280 "," 27,990,159 "," 2,161,105 "," 10,041,003 "," 6,382 "," 62,512,843 "," 62,512,843 "," 45,093,676 "," 372,157 "," 44,721,518 "," 187,436 "," 47,523,280 "," 47,523,280 "," 32,533,146 "," 3,681,043 "," 21,565,376 "," 1,122,132 "," 6,164,595 ",,,,,," 13,593 "," 97,576 "," 99,477,739 ", 80.7 
'13,,,," 151,414,934 "," 165,479,238 "," 126,605,822 ", 76.5 ," 48,430 "," 40,141,104 "," 45,414,524 "," 45,414,524 "," 5,585,591 "," 27,759,831 "," 2,104,355 "," 9,964,748 "," 6,354 "," 64,189,469 "," 64,189,469 "," 47,935,413 "," 368,364 "," 47,567,049 "," 7,911 "," 47,084,361 "," 47,084,361 "," 33,255,884 "," 3,675,536 "," 21,908,619 "," 1,275,402 "," 6,396,327 ",,,,,," 12,684 "," 99,701 "," 102,728,413 ", 81.1 
'14,,,," 153,579,963 "," 170,471,575 "," 132,680,303 ", 77.8 ," 47,167 "," 38,770,625 "," 44,600,998 "," 44,600,998 "," 5,690,510 "," 27,269,332 "," 2,072,912 "," 9,568,245 "," 6,563 "," 66,108,698 "," 66,108,698 "," 51,813,367 "," 357,153 "," 51,456,214 "," 8,846 "," 48,700,640 "," 48,700,640 "," 36,265,938 "," 4,109,436 "," 23,880,729 "," 1,471,359 "," 6,804,414 ",,,,,," 12,468 "," 101,499 "," 109,104,673 ", 82.2 
'15,,,," 155,951,582 "," 171,803,332 "," 137,193,210 ", 79.9 ," 7,421 "," 39,653,833 "," 47,369,949 "," 44,227,705 "," 5,534,415 "," 27,319,530 "," 1,799,403 "," 9,574,357 "," 6,565 "," 66,968,758 "," 71,278,710 "," 54,720,736 "," 350,757 "," 54,369,979 "," 8,368 "," 49,328,990 "," 53,154,672 "," 38,244,769 "," 4,241,770 "," 25,347,861 "," 1,539,876 "," 7,115,262 ",,,,,," 12,349 "," 102,801 "," 107,299,443 ", 78.2 
'16,,,," 159,690,118 "," 178,951,281 "," 143,167,635 ", 80.0 ," 5,178 "," 39,423,799 "," 47,563,975 "," 43,737,567 "," 5,646,059 "," 26,644,235 "," 1,690,457 "," 9,636,002 "," 6,372 "," 70,336,157 "," 76,079,240 "," 58,333,615 "," 824,270 "," 57,436,776 "," 12,714 "," 50,168,488 "," 55,308,066 "," 41,096,453 "," 4,480,336 "," 27,041,304 "," 1,778,153 "," 7,647,752 ",,,,,," 11,974 "," 106,055 "," 120,192,348 ", 84.0 
'17,,,,"158,957,188.39","184,770,779.49","149,030,122.40",80.7,"32,863.740","41,165,976.29","48,428,926.24","43,210,386.83","5,811,771.65","27,285,854.74","1,433,442.43","8,679,317.99","6,290.927","70,232,174.22","78,658,317.05","61,376,492.58","4,649,150.81","56,727,341.77","14,111.392","47,559,037.88","57,640,377.20","44,443,242.99","6,104,689.84","27,996,129.77","1,766,084.78","8,576,338.60","1,079,402","1,241,677","784,621","3,718,125","3,042,338","11,992","114,173","125,962,553",84.5
전국('18),,합계,,"156,192,120.29","191,025,523","156,257,374",81.8,"33,908.008","34,777,190","47,787,694","43,825,860","5,866,552.28","28,011,945.47","1,474,650.94","8,472,710.84","7,892.628","71,213,058.36","82,145,579","64,856,814","3,447,725.47","61,409,088.84","15,540.551","50,201,871.61","61,092,250","47,574,700","6,366,053.09","30,306,344.59","1,792,866.30","9,109,436.46","1,062,272","1,292,156","865,598","4,323,372","2,976,890","11,993","99,928","131,658,557",84.3
서울특별시,,합계,,"10,184,055.60","10,731,805","10,728,595",100.0,342.300,"9,123,901","9,545,036","9,545,036","1,350,244.26","8,194,437.95",79.47,274.81,87.900,"609,547.70","621,189","620,392","2,363.26","618,028.49",87.900,"450,606.80","565,579","563,167","86,448.87","362,107.61","42,479.06","72,131.29","243,425","21,184","8,655","1,060","495,542","1,515","2,479","10,728,595",100.0
부산광역시,,합계,,"10,485,582.00","15,110,215","9,407,542",62.3,329.120,0,"4,624,633","4,624,633","578,282.50","1,335,742.80","291,635.00","2,418,973.00",440.820,"3,367,512.00","3,367,512","1,861,192","17,931.00","1,843,261.40",440.820,"7,118,070.00","7,118,070","2,921,716","261,844.00","611,244.30","123,762.00","1,924,866.00","71,726","30,051","10,556","179,043","46,082","1,299","1,315","8,684,763",92.3
대구광역시,,합계,,"5,971,036.00","6,626,676","6,030,164",91.0,18.600,"3,653,348","3,663,000","3,447,286","342,912.00","1,152,000.00",389.00,"1,951,985.00",174.200,"1,463,096.00","1,561,377","1,180,579","51,326.00","1,129,253.00",0.000,"854,592.00","1,402,299","1,402,299","112,691.00","917,573.00",0.00,"372,035.00","42,022","14,585","23,857","136,278","143,974",552,12,"5,750,824",95.4
인천광역시,,합계,,"5,591,298.00","6,756,169","5,649,831",83.6,125.290,"3,016,582","3,172,141","2,546,937","344,725.00","2,072,511.00","32,319.00","97,382.00",120.340,"1,403,502.00","1,691,848","1,371,461","83,984.00","1,287,477.00",142.800,"1,171,214.00","1,892,180","1,731,433","217,740.00","1,284,522.00","37,760.00","191,411.40","45,893","23,568","21,915","31,573","187,831",204,0,"5,272,844",93.3
광주광역시,,합계,,"4,335,700.00","5,513,592","4,371,574",79.3,40.344,"612,100","1,684,589","1,684,589","157,839.37","1,092,707.63","22,995.00","411,047.00",120.404,"1,522,700.00","1,573,926","1,428,210","46,381.00","1,381,828.63",120.404,"2,200,900.00","2,255,077","1,258,775","120,091.00","1,086,068.92","2,271.00","50,344.00","50,982","19,628","20,929","24,001","73,287",263,248,"3,825,060",87.5
대전광역시,,합계,,"3,460,125.00","3,650,465","3,563,331",97.6,55.250,"1,493,422","1,616,793","1,616,793","231,396.00","949,455.00",0.00,"435,942.00",95.290,"917,363.00","929,972","843,974","1,943.00","842,031.00",95.290,"1,049,340.00","1,103,700","1,102,564","136,131.00","852,097.00",0.00,"114,336.00","34,157","15,215","22,508","123,428","120,314",162,199,"3,293,789",92.4
울산광역시,,합계,,"4,936,308.75","5,244,105","4,399,136",83.9,0.000,0,"86,625","86,625","83,157.70","3,466.80",0.00,0.00,228.170,"2,623,728.00","2,766,088","2,238,777","142,246.90","2,096,529.90",977.510,"2,312,580.75","2,391,393","2,073,734","212,446.60","1,062,322.60","15,044.90","783,920.20","10,543","38,787","24,094","46,045","62,669",126,833,"4,257,605",96.8
세종특별자치시,,합계,,"1,329,420.60","1,352,089","1,158,598",85.7,8.780,"166,277","166,391","165,109","12,708.00","112,580.00",0.00,"39,821.00",55.081,"649,612.60","649,613","457,680",0.00,"457,679.60",55.081,"513,531.00","536,085","535,809","48,252.00","296,499.00","1,223.00","189,835.00","2,376","6,113","10,462","9,627","13,750",6,235,"1,145,861",98.9
경기도,,합계,,"28,762,283.43","35,329,865","30,487,031",86.3,"1,299.571","4,954,882","7,645,914","7,360,577","673,593.33","6,182,049.38","228,995.93","275,937.97","1,357.752","13,747,557.80","15,932,016","12,872,636","646,101.16","12,226,535.10","2,006.895","10,059,843.62","11,751,936","10,253,818","1,442,823.22","8,262,015.72","158,366.12","390,612.66","196,320","326,380","240,088","926,612","705,366","1,955","9,116","27,542,327",90.3
강원도,,합계,,"9,762,104.15","11,812,217","9,441,879",79.9,"1,599.997","1,765,445","2,512,515","2,217,329","181,036.16","1,675,024.60","132,413.00","228,855.00","1,136.941","4,995,222.30","5,403,776","4,088,059","387,441.00","3,700,618.23","2,210.040","3,001,437.00","3,895,926","3,136,491","248,013.75","1,904,645.65","137,930.92","845,900.37","48,250","76,433","51,362","259,330","175,097","1,242","3,898","6,217,884",65.9
충청북도,,합계,,"7,612,886.55","8,540,510","7,090,608",83.0,60.615,"780,830","1,093,560","1,089,654","130,811.00","917,952.00","4,923.00","35,968.00",252.590,"4,538,924.72","4,741,001","3,498,139","126,527.00","3,371,611.66",843.790,"2,293,131.83","2,705,949","2,502,816","368,424.83","1,548,860.09","107,492.99","478,037.92","26,081","67,481","22,801","123,161","65,305",492,"66,554","6,169,670",87.0
충청남도,,합계,,"10,459,212.79","11,470,685","8,239,567",71.8,"27,939.395","2,142,035","2,302,498","1,333,506","195,423.66","590,703.16","177,217.42","370,161.62",423.266,"5,342,206.28","5,629,948","4,223,103","7,189.90","4,215,912.94",270.591,"2,974,971.91","3,538,239","2,682,958","501,262.77","1,783,500.17","77,633.70","320,561.19","63,093","73,599","45,959","351,550","23,893","1,229","1,382","6,673,220",81.0
전라북도,,합계,,"10,518,258.90","11,585,535","9,183,856",79.3,153.214,"1,837,985","2,098,888","1,360,406","297,367.57","751,834.20","27,929.00","283,275.00",377.855,"6,082,487.00","6,491,692","5,212,123","595,544.59","4,616,578.03","1,071.350","2,597,786.90","2,994,955","2,611,327","454,395.89","1,724,496.88","58,151.97","374,282.58","47,912","91,144","70,004","454,358","93,116",548,"1,503","8,110,576",88.3
전라남도,,합계,,"11,400,354.20","15,300,507","11,700,577",76.5,164.779,"853,649","1,798,208","1,459,515","193,775.61","705,650.31","137,437.12","422,651.54",653.586,"6,773,215.40","8,660,411","6,935,854","488,548.50","6,447,305.46","1,631.920","3,773,489.54","4,841,888","3,305,209","590,673.25","1,931,443.27","306,148.05","476,944.22","51,640","100,133","46,578","434,372","254,108",317,"2,015","7,207,102",61.6
경상북도,,합계,,"14,941,146.38","18,424,994","15,306,876",83.1,609.367,"2,127,368","3,079,121","2,848,815","794,710.00","1,101,479.00","319,591.00","633,035.00","1,377.762","8,056,423.63","9,423,689","7,530,709","594,363.40","6,936,345.82","1,657.440","4,757,354.75","5,922,183","4,927,352","808,371.92","2,581,345.54","538,828.62","998,805.79","56,414","140,483","86,266","454,192","55,950",657,"3,288","11,409,248",74.5
경상남도,,합계,,"10,936,947.94","17,886,465","15,232,945",85.2,"1,160.986","1,415,402","1,698,569","1,507,880","223,234.12","554,130.64","82,238.00","648,276.90",810.871,"6,231,708.94","9,794,289","8,316,673","99,614.76","8,217,058.58","1,802.720","3,289,837.50","6,393,607","5,408,392","678,879.99","3,123,225.84","183,647.97","1,422,637.84","60,902","185,251","125,036","661,211","312,161","1,047","4,472","11,195,817",73.5
제주특별자치도,,합계,,"5,505,400.00","5,689,629","4,265,266",75.0,0.400,"833,965","999,212","931,171","75,336.00","620,221.00","16,489.00","219,125.00",179.800,"2,888,250.99","2,907,233","2,177,254","156,220.00","2,021,034.00","2,126.000","1,783,184.01","1,783,184","1,156,841","77,563.00","974,377.00","2,126.00","102,775.00","10,536","62,121","34,528","107,531","148,445",379,"2,379","4,173,370",97.8
전국('18),,합계,,"156,192,120.29","191,025,523.11","156,257,374.28",81.8,"33,908.008","34,777,190.32","47,787,693.55","43,825,859.53","5,866,552.28","28,011,945.47","1,474,650.94","8,472,710.84","7,892.628","71,213,058.36","82,145,579.32","64,856,814.31","3,447,725.47","61,409,088.84","15,540.551","50,201,871.61","61,092,250.24","47,574,700.44","6,366,053.09","30,306,344.59","1,792,866.30","9,109,436.46","1,062,272","1,292,156","865,598","4,323,372","2,976,890","11,993","99,928","131,658,557",84.3
서울특별시,,합계,,"10,184,055.60","10,731,805.10","10,728,595.07",100.0,342.300,"9,123,901.10","9,545,036.49","9,545,036.49","1,350,244.26","8,194,437.95",79.47,274.81,87.900,"609,547.70","621,189.21","620,391.75","2,363.26","618,028.49",87.900,"450,606.80","565,579.40","563,166.83","86,448.87","362,107.61","42,479.06","72,131.29","243,425","21,184","8,655","1,060","495,542","1,515","2,479","10,728,595",100.0
서울특별시,종로구,종로구,2030,"336,625.10","363,885.05","363,885.05",100.0,14.100,"319,870.10","340,734.15","340,734.15","50,949.13","289,734.46",0.00,50.56,1.000,"1,149.70","1,188.07","1,188.07",0.00,"1,188.07",1.000,"15,605.30","21,962.83","21,962.83","4,578.96",474.24,"4,968.07","11,941.56","9,530",281,43,51,"16,122",65,100,"363,885",100.0
서울특별시,중구,중구,2030,"263,410.90","271,738.89","271,738.89",100.0,9.900,"258,634.30","265,458.66","265,458.66","27,367.23","238,084.42",0.00,7.01,0.000,"1,064.20","1,191.99","1,191.99",0.00,"1,191.99",0.000,"3,712.40","5,088.24","5,088.24","1,506.90",785.60,"1,629.90","1,165.84","7,841",105,46,20,"15,061",17,28,"271,738",100.0
서울특별시,용산구,용산구,2030,"351,934.10","368,427.33","368,427.33",100.0,17.000,"334,084.90","350,394.93","350,394.93","47,225.22","302,995.11",0.00,174.60,0.100,"8,061.60","8,063.62","8,063.62",0.00,"8,063.62",0.100,"9,787.60","9,968.78","9,968.78",378.13,40.84,"4,403.04","5,146.77","9,339",333,19,1,"17,929",31,90,"368,427",100.0
서울특별시,성동구,성동구,2030,"290,223.20","303,579.33","303,579.33",100.0,12.700,"282,796.40","294,474.12","294,474.12","52,515.97","241,958.15",0.00,0.00,0.300,"1,696.20","2,141.44","2,141.44",0.00,"2,141.44",0.300,"5,730.60","6,963.77","6,963.77","1,233.70","3,695.15",398.05,"1,636.87","7,980",272,130,18,"15,691",25,103,"303,579",100.0
서울특별시,광진구,광진구,2030,"350,678.00","362,222.59","362,222.59",100.0,11.600,"349,303.30","359,389.41","359,389.41","44,803.43","314,585.98",0.00,0.00,0.600,"1,374.70","1,374.70","1,374.70",0.00,"1,374.70",0.600,0.00,"1,458.48","1,458.48",772.30,294.65,153.48,238.05,"9,753",84,12,22,"25,034",10,39,"362,222",100.0
서울특별시,동대문구,동대문구,2030,"399,771.30","410,621.53","410,621.53",100.0,11.700,"393,356.90","404,161.03","404,161.03","58,499.80","345,661.23",0.00,0.00,1.900,"2,534.30","2,578.39","2,578.39",0.00,"2,578.39",1.900,"3,880.10","3,882.11","3,882.11",0.00,"1,575.80","1,898.41",407.90,"11,749",245,44,46,"21,504",55,68,"410,621",100.0
서울특별시,중랑구,중랑구,2030,"404,661.20","422,738.26","422,738.26",100.0,11.400,"381,695.40","399,177.31","399,177.31","57,739.95","341,437.36",0.00,0.00,1.500,"12,830.30","13,061.27","13,061.27",0.00,"13,061.27",1.500,"10,135.50","10,499.68","10,499.68","2,426.54","6,037.86","1,695.59",339.69,"11,424",470,180,29,"18,404",13,60,"422,738",100.0
서울특별시,성북구,성북구,2030,"485,238.60","513,794.09","513,588.06",100.0,15.300,"469,470.00","495,803.23","495,803.23","81,266.55","414,536.68",0.00,0.00,3.400,"6,948.30","6,948.30","6,742.27",0.00,"6,742.27",3.400,"8,820.30","11,042.56","11,042.56","1,749.84",944.75,"2,563.46","5,784.51","13,879",606,75,48,"22,847",171,187,"513,588",100.0
서울특별시,강북구,강북구,2030,"332,848.60","354,926.57","354,926.52",100.0,9.000,"329,139.80","347,898.88","347,898.88","42,895.46","305,003.42",0.00,0.00,2.300,"2,239.80","2,239.80","2,239.75",0.00,"2,239.75",2.300,"1,469.00","4,787.89","4,787.89","3,288.05",242.67,644.69,612.48,"10,415",291,14,29,"16,161",101,65,"354,926",100.0
서울특별시,도봉구,도봉구,2030,"293,264.80","322,475.76","322,420.02",100.0,8.500,"270,082.00","296,965.78","296,965.78","27,758.34","269,207.44",0.00,0.00,2.700,"18,038.70","18,038.70","17,982.96",0.00,"17,982.96",2.700,"5,144.10","7,471.28","7,471.28",161.85,"5,233.54",723.09,"1,352.80","7,542","1,004",136,20,"11,856",275,188,"322,420",100.0
서울특별시,노원구,노원구,2030,"400,617.30","442,951.33","442,951.33",100.0,6.800,"322,239.40","354,505.49","354,505.49","67,950.37","286,555.12",0.00,0.00,11.500,"61,291.80","61,638.42","61,638.42",90.30,"61,548.12",11.500,"17,086.10","26,807.42","26,807.42","6,414.31","17,665.02","1,502.05","1,226.04","8,562","1,992",290,24,"15,021",107,134,"442,951",100.0
서울특별시,은평구,은평구,2030,"455,174.20","478,417.45","478,104.53",99.9,15.200,"398,850.80","415,462.66","415,462.66","56,053.63","359,385.55",0.00,23.48,4.400,"24,756.30","24,756.30","24,443.38",0.00,"24,443.38",4.400,"31,567.10","38,198.49","38,198.49","4,125.71","33,026.88",429.55,616.35,"11,395",926,981,49,"22,740",26,85,"478,104",100.0
서울특별시,서대문구,서대문구,2030,"332,051.30","353,741.21","353,384.98",99.9,14.500,"312,863.30","334,294.03","334,294.03","37,831.55","296,462.48",0.00,0.00,2.000,"9,031.60","9,290.78","9,290.78",1.98,"9,288.80",2.000,"10,156.40","10,156.40","9,800.17","1,473.99","4,226.89",517.51,"3,581.78","8,446",415,327,49,"14,595",177,185,"353,384",100.0
서울특별시,마포구,마포구,2030,"443,888.00","465,355.72","465,355.70",100.0,14.900,"393,952.80","414,688.39","414,688.39","59,647.47","355,040.92",0.00,0.00,3.200,"17,315.80","17,315.80","17,315.78",0.00,"17,315.78",3.200,"32,619.40","33,351.53","33,351.53","1,712.20","29,418.10",215.86,"2,005.37","10,781",728,726,89,"23,888",38,108,"465,355",100.0
서울특별시,양천구,양천구,2030,"388,034.50","392,559.96","392,559.96",100.0,9.800,"326,451.70","329,449.05","329,449.05","59,005.22","270,443.83",0.00,0.00,6.200,"47,455.00","47,923.57","47,923.57",0.00,"47,923.57",6.200,"14,127.80","15,187.34","15,187.34","2,185.19","10,239.07","1,277.55","1,485.53","8,124","1,291",331,12,"22,836",7,17,"392,559",100.0
서울특별시,강서구,강서구,2030,"508,036.90","527,381.22","527,369.82",100.0,14.200,"382,022.00","395,435.20","395,435.20","57,840.55","337,588.36",6.29,0.00,11.000,"60,074.90","60,074.90","60,063.50","1,802.10","58,261.40",11.000,"65,940.00","71,871.12","71,871.12","13,665.18","56,740.35","1,175.23",290.36,"9,876","1,581","1,082",41,"21,998",19,79,"527,369",100.0
서울특별시,구로구,구로구,2030,"379,819.50","387,399.16","387,398.92",100.0,16.100,"353,625.30","357,887.47","357,887.47","48,358.30","309,529.17",0.00,0.00,0.400,"6,223.30","6,223.30","6,223.06",0.00,"6,223.06",0.400,"19,970.90","23,288.39","23,288.39","2,586.63","13,282.21","2,571.52","4,848.03","9,650",355,365,57,"13,735",19,91,"387,398",100.0
서울특별시,금천구,금천구,2030,"249,029.10","260,289.07","258,232.73",99.2,9.600,"229,871.70","241,069.61","241,069.61","45,657.66","195,411.95",0.00,0.00,0.800,"2,463.80","2,525.86","2,525.86",0.00,"2,525.86",0.800,"16,693.60","16,693.60","14,637.26","3,945.11","9,638.82","1,053.33",0.00,"5,809",154,493,28,"15,534",11,33,"258,232",100.0
서울특별시,영등포구,영등포구,2030,"469,072.60","497,615.96","497,615.96",100.0,15.000,"464,093.80","491,566.44","491,566.44","76,158.96","415,407.48",0.00,0.00,1.700,"1,876.60","2,485.17","2,485.17",0.00,"2,485.17",1.700,"3,102.20","3,564.35","3,564.35",608.73,609.49,"2,331.46",14.67,"12,166",551,16,26,"17,471",26,93,"497,615",100.0
서울특별시,동작구,동작구,2030,"331,749.20","336,274.64","336,153.53",100.0,13.900,"325,618.20","329,854.59","329,854.59","31,944.99","297,909.60",0.00,0.00,1.700,"3,838.60","3,838.60","3,717.49",0.00,"3,717.49",1.700,"2,292.40","2,581.45","2,581.45",409.09,"1,567.34",461.62,143.40,"9,647",226,52,23,"17,488",14,31,"336,153",100.0
서울특별시,관악구,관악구,2030,"408,058.20","432,941.03","432,941.03",100.0,19.400,"405,030.90","420,799.71","420,799.71","42,955.19","377,771.34",73.18,0.00,0.700,"1,640.30","1,761.73","1,761.73",0.00,"1,761.73",0.700,"1,387.00","10,379.59","10,379.59","8,328.85",684.16,870.21,496.37,"10,999",360,1,42,"24,838",137,136,"432,941",100.0
서울특별시,서초구,서초구,2030,"542,729.20","588,115.18","588,115.18",100.0,24.200,"481,321.90","494,648.71","494,648.71","74,070.53","420,578.18",0.00,0.00,0.500,"40,143.60","45,289.65","45,289.65",22.82,"45,266.83",0.500,"21,263.70","48,176.82","48,176.82","5,064.86","30,204.91","6,365.04","6,542.01","10,151","1,545",394,36,"31,441",75,236,"588,115",100.0
서울특별시,강남구,강남구,2030,"665,310.80","710,263.54","710,263.54",100.0,20.500,"569,742.00","594,102.59","594,102.59","70,272.71","523,829.88",0.00,0.00,10.000,"69,365.90","72,995.12","72,995.12",0.00,"72,995.12",10.000,"26,202.90","43,165.83","43,165.83","6,862.02","29,171.35","2,603.08","4,529.38","11,601","2,275",780,178,"23,480",43,111,"710,263",100.0
서울특별시,송파구,송파구,2030,"656,703.40","691,702.65","691,612.70",100.0,16.000,"416,724.20","440,097.01","440,097.01","73,328.31","366,749.54",0.00,19.16,12.400,"148,337.40","148,337.40","148,247.45",446.06,"147,801.39",12.400,"91,641.80","103,268.24","103,268.24","6,408.07","85,472.66",370.00,"11,017.51","8,527","3,632","1,651",62,"27,772",37,129,"691,612",100.0
서울특별시,강동구,강동구,2030,"445,125.60","472,387.58","472,387.58",100.0,11.000,"353,060.00","376,718.04","376,718.04","58,147.74","318,570.30",0.00,0.00,7.600,"59,795.00","59,906.33","59,906.33",0.00,"59,906.33",7.600,"32,270.60","35,763.21","35,763.21","6,562.66","20,835.26","1,657.27","6,708.02","8,239","1,462",467,60,"22,096",16,83,"472,387",100.0
부산광역시,,합계,,"10,485,582.00","15,110,215.30","9,407,542.00",62.3,329.120,0.00,"4,624,633.30","4,624,633.30","578,282.50","1,335,742.80","291,635.00","2,418,973.00",440.820,"3,367,512.00","3,367,512.00","1,861,192.40","17,931.00","1,843,261.40",440.820,"7,118,070.00","7,118,070.00","2,921,716.30","261,844.00","611,244.30","123,762.00","1,924,866.00","71,726","30,051","10,556","179,043","46,082","1,299","1,315","8,684,763",92.3
부산광역시,중구,중구,2035,"216,400.00","327,007.00","184,404.00",56.4,1.400,0.00,"110,607.00","110,607.00","18,472.00","41,121.00",909.00,"50,105.00",1.430,"52,245.00","52,245.00","8,358.00",0.00,"8,358.00",1.430,"164,155.00","164,155.00","65,439.00","8,196.00","1,520.00",0.00,"55,723.00",773,88,0,"2,902","1,421",27,30,"169,741",92.0
부산광역시,서구,서구,2035,"380,300.00","625,823.00","351,032.00",56.1,6.300,0.00,"245,523.00","245,523.00","37,305.00","88,507.00","25,851.00","93,860.00",7.680,"108,889.00","108,889.00","28,859.00",0.00,"28,859.00",7.680,"271,411.00","271,411.00","76,650.00","5,109.00","7,106.00","7,932.00","56,503.00","1,308",439,0,"6,010","2,002",24,0,"304,551",86.8
부산광역시,동구,동구,2035,"350,460.00","510,695.00","317,935.00",62.3,2.800,0.00,"160,235.00","160,235.00","41,357.00","23,523.00","7,654.00","87,701.00",6.940,"83,426.00","83,426.00","20,934.00",257.00,"20,677.00",6.940,"267,034.00","267,034.00","136,766.00","19,261.00","19,776.00","16,829.00","80,900.00","2,410",218,"1,363","5,576",0,44,39,"287,357",90.4
부산광역시,영도구,영도구,2035,"365,099.00","579,681.00","319,019.70",55.0,8.700,0.00,"214,582.00","214,582.00","33,340.00","80,094.00","7,778.00","93,370.00",5.500,"106,454.00","106,454.00","31,963.40",0.00,"31,963.40",5.500,"258,645.00","258,645.00","72,474.30","13,125.00","19,334.30","13,182.00","26,833.00","1,914",636,187,"5,708","2,053",13,52,"302,350",94.8
부산광역시,부산진구,부산진구,2035,"848,863.00","1,437,151.00","898,135.00",62.5,14.850,0.00,"588,288.00","588,288.00","41,670.00","266,826.00","5,185.00","274,607.00",14.820,"248,938.00","248,938.00","184,486.00","7,070.00","177,416.00",14.820,"599,925.00","599,925.00","125,361.00",474.00,"43,002.00",10.00,"81,875.00","6,581","3,604",0,"17,230","6,139",160,0,"745,252",83.0
부산광역시,동래구,동래구,2035,"567,869.00","816,324.00","629,211.00",77.1,5.400,0.00,"248,455.00","248,455.00","44,148.00","65,476.00","11,654.00","127,177.00",11.230,"157,243.00","157,243.00","112,217.00",833.00,"111,384.00",11.230,"410,626.00","410,626.00","268,539.00","14,331.00","23,938.00","16,488.00","213,782.00","3,165","1,588",0,"16,850","2,034",107,160,"568,987",90.4
부산광역시,남구,남구,2035,"673,841.00","973,462.80","615,952.80",63.3,10.900,0.00,"299,621.80","299,621.80","61,370.00","94,829.80","34,715.00","108,707.00",15.910,"184,879.00","184,879.00","92,900.00","1,345.00","91,555.00",15.910,"488,962.00","488,962.00","223,431.00","12,102.00","16,975.00","12,420.00","181,934.00","3,156",303,0,"15,030",0,113,0,"602,933",97.9
부산광역시,북구,북구,2035,"517,039.00","767,740.00","568,806.00",74.1,10.100,0.00,"250,701.00","250,701.00","28,365.00","50,253.00","18,301.00","153,782.00",29.270,"134,067.00","134,067.00","52,930.00",0.00,"52,930.00",29.270,"382,972.00","382,972.00","265,175.00","32,531.00","42,716.00",0.00,"189,928.00","6,842","2,433",0,"12,250",0,94,12,"536,088",94.2
부산광역시,해운대구,해운대구,2035,"895,725.00","1,345,571.00","838,537.00",62.3,16.000,0.00,"449,846.00","449,846.00","72,500.00","113,607.00","27,462.00","236,277.00",35.470,"323,152.00","323,152.00","210,727.00",169.00,"210,558.00",35.470,"572,573.00","572,573.00","177,964.00","1,333.00","100,018.00",519.00,"76,094.00","8,794","2,110","2,000","12,462","9,635",40,220,"796,409",95.0
부산광역시,사하구,사하구,2035,"825,016.00","1,207,094.00","852,003.00",70.6,22.400,0.00,"382,078.00","382,078.00","43,670.00","126,737.00","16,302.00","195,369.00",19.370,"209,160.00","209,160.00","174,526.00","4,344.00","170,182.00",19.370,"615,856.00","615,856.00","295,399.00","46,338.00","46,983.00","16,022.00","186,056.00","8,331","3,750",0,"13,783",0,130,0,"785,319",92.2
부산광역시,금정구,금정구,2035,"695,470.00","1,114,213.00","684,804.00",61.5,30.200,0.00,"418,743.00","418,743.00","51,460.00","94,036.00","65,198.00","208,049.00",35.080,"179,130.00","179,130.00","132,307.00",0.00,"132,307.00",35.080,"516,340.00","516,340.00","133,754.00",187.00,"35,219.00",419.00,"97,929.00","3,082","2,460",0,"9,603",0,173,246,"640,028",93.5
부산광역시,강서구,강서구,2035,"1,534,081.00","1,848,877.50","1,013,205.50",54.8,40.000,0.00,"314,796.50","314,796.50","20,939.50","34,774.00","35,574.00","223,509.00",141.490,"604,595.00","604,595.00","358,128.00",0.00,"358,128.00",141.490,"929,486.00","929,486.00","340,281.00","48,667.00","180,113.00","12,818.00","98,683.00","12,838","6,073","2,116","21,576","12,045",14,205,"981,459",96.9
부산광역시,연제구,연제구,2035,"458,076.00","627,411.00","411,268.00",65.6,4.080,0.00,"169,335.00","169,335.00","19,406.00","55,239.00","7,098.00","87,592.00",8.020,"139,465.00","139,465.00","56,850.00","1,093.00","55,757.00",8.020,"318,611.00","318,611.00","185,083.00","9,937.00","6,624.00",315.00,"168,207.00","1,991","2,161","3,668","4,395","3,668",44,0,"384,694",93.5
부산광역시,수영구,수영구,2035,"415,668.00","652,490.00","344,788.00",52.8,2.400,0.00,"236,822.00","236,822.00","21,809.00","38,502.00","4,723.00","171,788.00",7.810,"108,469.00","108,469.00","37,729.00",151.00,"37,578.00",7.810,"307,199.00","307,199.00","70,237.00",493.00,"25,862.00",0.00,"43,882.00","1,930",307,0,"2,896","2,944",85,56,"339,685",98.5
부산광역시,사상구,사상구,2035,"760,217.00","1,142,505.00","659,468.00",57.7,5.290,0.00,"382,288.00","382,288.00","26,406.00","97,839.00","14,082.00","243,961.00",30.800,"196,551.00","196,551.00","85,868.00","2,669.00","83,199.00",30.800,"563,666.00","563,666.00","191,312.00","33,993.00","16,162.00","4,881.00","136,276.00","5,053",780,301,"25,635",0,225,295,"638,301",96.8
부산광역시,기장군,기장군,2035,"981,458.00","1,134,170.00","718,973.00",63.4,148.300,0.00,"152,712.00","152,712.00","16,065.00","64,379.00","9,149.00","63,119.00",70.000,"530,849.00","530,849.00","272,410.00",0.00,"272,410.00",70.000,"450,609.00","450,609.00","293,851.00","15,767.00","25,896.00","21,927.00","230,261.00","3,558","3,101",921,"7,137","4,141",6,0,"601,609",83.7
대구광역시,,합계,,"5,971,036.00","6,626,676.00","6,030,164.00",91.0,18.600,"3,653,348.00","3,663,000.00","3,447,286.00","342,912.00","1,152,000.00",389.00,"1,951,985.00",174.200,"1,463,096.00","1,561,377.00","1,180,579.00","51,326.00","1,129,253.00",0.000,"854,592.00","1,402,299.00","1,402,299.00","112,691.00","917,573.00",0.00,"372,035.00","42,022","14,585","23,857","136,278","143,974",552,12,"5,750,824",95.4
대구광역시,중구,중구,2025,"324,775.00","324,775.00","306,504.00",94.4,4.100,"309,751.00","309,751.00","291,480.00","18,589.00","69,498.00",0.00,"203,393.00",2.900,"15,024.00","15,024.00","15,024.00",0.00,"15,024.00",0.000,0.00,0.00,0.00,0.00,0.00,0.00,0.00,"1,824",93,0,990,"10,744",6,3,"306,504",100.0
대구광역시,동구,동구,2025,"854,901.00","1,028,283.00","900,531.00",87.6,0.000,"501,025.00","501,025.00","441,737.00","33,989.00","188,036.00",0.00,"219,712.00",22.900,"307,483.00","307,483.00","239,019.00","12,728.00","226,291.00",0.000,"46,393.00","219,775.00","219,775.00","15,347.00","172,954.00",0.00,"31,474.00","14,326","3,086","4,629","17,430","11,620",56,0,"853,597",94.8
대구광역시,서구,서구,2025,"704,608.00","704,608.00","576,276.00",81.8,2.300,"561,333.00","561,333.00","555,849.00","48,542.00","171,041.00",0.00,"336,266.00",11.100,"143,275.00","143,275.00","20,427.00","2,441.00","17,986.00",0.000,0.00,0.00,0.00,0.00,0.00,0.00,0.00,"3,795",509,889,637,"28,250",10,0,"552,639",95.9
대구광역시,남구,남구,2025,"446,466.00","449,154.00","382,614.00",85.2,1.700,"388,743.00","388,743.00","375,001.00","33,059.00","44,544.00",0.00,"297,398.00",7.200,"57,723.00","57,723.00","4,925.00",900.00,"4,025.00",0.000,0.00,"2,688.00","2,688.00",0.00,0.00,0.00,"2,688.00","3,176",193,0,"1,966","32,446",12,0,"378,696",99.0
대구광역시,북구,북구,2025,"912,916.00","992,654.00","939,603.00",94.7,0.000,"505,189.00","505,189.00","490,708.00","67,145.00","119,912.00",0.00,"303,651.00",28.600,"263,175.00","263,175.00","224,605.00","28,883.00","195,722.00",0.000,"144,552.00","224,290.00","224,290.00","7,123.00","160,159.00",0.00,"57,008.00","4,597","1,771","3,532","21,861","18,524",62,9,"883,992",94.1
대구광역시,수성구,수성구,2025,"1,052,664.00","1,074,805.00","967,698.00",90.0,0.000,"767,379.00","767,379.00","756,035.00","71,201.00","261,303.00",298.00,"423,233.00",15.700,"217,738.00","217,738.00","121,975.00",651.00,"121,324.00",0.000,"67,547.00","89,688.00","89,688.00","4,878.00","72,176.00",0.00,"12,634.00","8,099","1,301",929,"22,881","7,179",184,0,"933,670",96.5
대구광역시,달서구,달서구,2025,"1,042,142.00","1,093,477.00","1,091,122.00",99.8,0.500,"244,477.00","254,129.00","254,129.00","40,751.00","118,098.00",0.00,"95,280.00",25.100,"248,754.00","248,754.00","246,399.00","5,723.00","240,676.00",0.000,"548,911.00","590,594.00","590,594.00","61,341.00","334,161.00",0.00,"195,092.00","2,611","4,053","6,503","49,881","35,211",16,0,"1,071,173",98.2
대구광역시,달성군,달성군,2025,"632,564.00","958,920.00","865,816.00",90.3,10.000,"375,451.00","375,451.00","282,347.00","29,636.00","179,568.00",91.00,"73,052.00",60.700,"209,924.00","308,205.00","308,205.00",0.00,"308,205.00",0.000,"47,189.00","275,264.00","275,264.00","24,002.00","178,123.00",0.00,"73,139.00","3,594","3,579","7,375","20,632",0,206,0,"770,553",89.0
인천광역시,,합계,,"5,591,298.00","6,756,169.40","5,649,831.40",83.6,125.290,"3,016,582.00","3,172,141.00","2,546,937.00","344,725.00","2,072,511.00","32,319.00","97,382.00",120.340,"1,403,502.00","1,691,848.00","1,371,461.00","83,984.00","1,287,477.00",142.800,"1,171,214.00","1,892,180.40","1,731,433.40","217,740.00","1,284,522.00","37,760.00","191,411.40","45,893","23,568","21,915","31,573","187,831",204,0,"5,272,844",93.3
인천광역시,중구,중구,2030,"903,576.00","903,576.00","718,671.00",79.5,14.100,"283,111.00","283,111.00","283,111.00","35,497.00","236,398.00","2,231.00","8,985.00",16.800,"250,463.00","250,463.00","176,501.00",0.00,"176,501.00",16.800,"370,002.00","370,002.00","259,059.00","48,595.00","210,464.00",0.00,0.00,"7,668","1,832","1,269","16,560",0,47,0,"451,227",62.8
인천광역시,동구,동구,2030,"187,106.00","187,106.00","187,106.00",100.0,4.600,"187,106.00","187,106.00","187,106.00","34,442.00","148,634.00",0.00,"4,030.00",0.000,0.00,0.00,0.00,0.00,0.00,0.000,0.00,0.00,0.00,0.00,0.00,0.00,0.00,"2,509",0,0,0,"8,862",8,0,"187,106",100.0
인천광역시,미추홀구,미추홀구,2030,"593,565.00","593,565.00","593,565.00",100.0,13.300,"509,630.00","509,630.00","509,630.00","58,898.00","432,949.00","8,063.00","9,720.00",1.400,"27,840.00","27,840.00","27,840.00",0.00,"27,840.00",1.400,"56,095.00","56,095.00","56,095.00","5,390.00","50,260.00",0.00,445.00,"9,760",677,"1,309",0,"24,483",11,0,"593,565",100.0
인천광역시,연수구,연수구,2030,"665,009.00","725,130.40","713,902.40",98.5,6.400,"52,816.00","67,900.00","67,900.00","8,740.00","56,820.00","1,680.00",660.00,39.040,"297,441.00","297,441.00","286,213.00","16,866.00","269,347.00",39.000,"314,752.00","359,789.40","359,789.40","62,494.00","296,703.00",469.00,123.40,"1,186","5,550","5,218","1,209","20,557",3,0,"713,902",100.0
인천광역시,남동구,남동구,2030,"894,448.00","1,114,247.00","935,121.00",83.9,14.890,"496,671.00","496,671.00","317,545.00","53,027.00","254,701.00","2,460.00","7,357.00",0.000,"238,898.00","245,118.00","245,118.00","15,084.00","230,034.00",0.000,"158,879.00","372,458.00","372,458.00","60,413.00","263,295.00","34,036.00","14,714.00","4,983","5,435","6,143","13,804","20,706",27,0,"935,121",100.0
인천광역시,부평구,부평구,2030,"518,742.00","620,700.00","566,989.00",91.3,28.400,"406,048.00","508,006.00","508,006.00","58,876.00","419,998.00","3,736.00","25,396.00",3.600,"50,596.00","50,596.00","35,998.00",0.00,"35,998.00",3.600,"62,098.00","62,098.00","22,985.00","3,224.00","19,761.00",0.00,0.00,"10,482",0,0,0,"21,014",77,0,"570,046",100.5
인천광역시,계양구,계양구,2030,"297,497.00","297,497.00","297,497.00",100.0,10.000,"200,296.00","200,296.00","200,296.00","24,089.00","161,695.00","10,753.00","3,759.00",0.500,"45,325.00","45,325.00","45,325.00","5,492.00","39,833.00",7.000,"51,876.00","51,876.00","51,876.00","7,017.00","41,440.00",755.00,"2,664.00","3,775",854,978,0,"9,895",2,0,"297,497",100.0
인천광역시,서구,서구,2030,"1,146,463.00","1,842,336.00","1,396,258.00",75.8,30.000,"840,000.00","840,000.00","393,922.00","56,784.00","303,042.00","3,396.00","30,700.00",40.000,"160,250.00","442,376.00","442,376.00","35,000.00","407,376.00",40.000,"146,213.00","559,960.00","559,960.00","26,336.00","362,134.00","1,190.00","170,300.00","4,743","8,689","6,575",0,"78,393",26,0,"1,370,000",98.1
인천광역시,강화군,강화군,2030,"258,903.00","346,023.00","154,648.00",44.7,3.600,"11,325.00","49,842.00","49,842.00","14,372.00","28,695.00",0.00,"6,775.00",19.000,"247,578.00","247,578.00","56,203.00","11,542.00","44,661.00",35.000,0.00,"48,603.00","48,603.00","4,271.00","39,857.00","1,310.00","3,165.00",194,531,423,0,"2,947",2,0,"95,795",61.9
인천광역시,옹진군,옹진군,2030,"125,989.00","125,989.00","86,074.00",68.3,0.000,"29,579.00","29,579.00","29,579.00",0.00,"29,579.00",0.00,0.00,0.000,"85,111.00","85,111.00","55,887.00",0.00,"55,887.00",0.000,"11,299.00","11,299.00",608.00,0.00,608.00,0.00,0.00,593,0,0,0,974,1,0,"58,585",68.1
광주광역시,,합계,,"4,335,700.00","5,513,591.63","4,371,573.55",79.3,40.344,"612,100.00","1,684,589.00","1,684,589.00","157,839.37","1,092,707.63","22,995.00","411,047.00",120.404,"1,522,700.00","1,573,925.63","1,428,209.63","46,381.00","1,381,828.63",120.404,"2,200,900.00","2,255,077.00","1,258,774.92","120,091.00","1,086,068.92","2,271.00","50,344.00","50,982","19,628","20,929","24,001","73,287",263,248,"3,825,060",87.5
광주광역시,동구,동구,2020,"394,300.00","465,040.03","351,147.95",75.5,7.607,"214,500.00","274,985.40","274,985.40","31,496.37","164,454.03",272.00,"78,763.00",2.404,"35,600.00","45,854.63","45,854.63","2,610.00","43,244.63",2.404,"144,200.00","144,200.00","30,307.92","2,046.00","27,812.92",0.00,449.00,"11,587","2,293","1,493",125,"7,696",100,0,"306,026",87.2
광주광역시,서구,서구,2020,"781,000.00","1,116,042.60","822,457.60",73.7,1.887,0.00,"335,042.60","335,042.60","36,516.00","253,554.60","2,064.00","42,908.00",26.554,"305,900.00","305,900.00","260,470.00","10,776.00","249,694.00",26.554,"475,100.00","475,100.00","226,945.00","17,788.00","201,123.00",4.00,"8,030.00","7,750","4,425","6,648","2,538","15,938",50,90,"806,349",98.0
광주광역시,남구,남구,2020,"453,100.00","644,083.00","478,368.00",74.3,2.587,"47,500.00","234,815.00","234,815.00","23,535.00","174,593.00","2,279.00","34,408.00",12.829,"141,900.00","145,568.00","145,568.00","4,214.00","141,354.00",12.829,"263,700.00","263,700.00","97,985.00","10,977.00","83,592.00",0.00,"3,416.00","15,420","2,469","1,850","7,539","6,776",68,23,"442,598",92.5
광주광역시,북구,북구,2020,"1,407,600.00","1,872,324.00","1,303,498.00",69.6,4.333,"14,500.00","479,224.00","479,224.00","42,895.00","317,153.00","3,011.00","116,165.00",34.942,"560,500.00","560,500.00","460,214.00","6,017.00","454,197.00",34.942,"832,600.00","832,600.00","364,060.00","37,705.00","311,195.00",473.00,"14,687.00","11,708","3,992","4,190","11,853","13,159",29,62,"1,110,631",85.2
광주광역시,광산구,광산구,2020,"1,299,700.00","1,416,102.00","1,416,102.00",100.0,23.930,"335,600.00","360,522.00","360,522.00","23,397.00","182,953.00","15,369.00","138,803.00",43.675,"478,800.00","516,103.00","516,103.00","22,764.00","493,339.00",43.675,"485,300.00","539,477.00","539,477.00","51,575.00","462,346.00","1,794.00","23,762.00","4,517","6,449","6,748","1,946","29,718",16,73,"1,159,456",81.9
대전광역시,,합계,,"3,460,125.00","3,650,465.00","3,563,331.00",97.6,55.250,"1,493,422.00","1,616,793.00","1,616,793.00","231,396.00","949,455.00",0.00,"435,942.00",95.290,"917,363.00","929,972.00","843,974.00","1,943.00","842,031.00",95.290,"1,049,340.00","1,103,700.00","1,102,564.00","136,131.00","852,097.00",0.00,"114,336.00","34,157","15,215","22,508","123,428","120,314",162,199,"3,293,789",92.4
대전광역시,동구,동구,2035,"588,683.00","621,238.00","597,924.00",96.2,14.800,"356,739.00","388,844.00","388,844.00","38,932.00","251,191.00",0.00,"98,721.00",7.600,"125,266.00","125,266.00","101,952.00",0.00,"101,952.00",7.600,"106,678.00","107,128.00","107,128.00","12,766.00","71,184.00",0.00,"23,178.00","7,287",964,"2,013","13,928","27,520",55,135,"554,527",92.7
대전광역시,중구,중구,2035,"533,381.00","566,937.00","565,801.00",99.8,14.100,"425,759.00","446,706.00","446,706.00","55,615.00","229,211.00",0.00,"161,880.00",2.800,"47,909.00","60,518.00","60,518.00",0.00,"60,518.00",2.800,"59,713.00","59,713.00","58,577.00","4,015.00","47,952.00",0.00,"6,610.00","6,605",872,"1,739","28,390",0,40,0,"529,666",93.6
대전광역시,서구,서구,2035,"726,678.00","762,242.00","757,521.00",99.4,10.400,"259,987.00","295,551.00","295,551.00","58,816.00","172,892.00",0.00,"63,843.00",18.200,"218,719.00","218,719.00","213,998.00","1,943.00","212,055.00",18.200,"247,972.00","247,972.00","247,972.00","27,487.00","202,134.00",0.00,"18,351.00","7,546","2,905","3,848","38,565","28,510",35,37,"721,586",95.3
대전광역시,유성구,유성구,2035,"982,304.00","1,062,412.00","1,051,796.00",99.0,2.840,"186,326.00","212,607.00","212,607.00","35,267.00","153,194.00",0.00,"24,146.00",55.200,"329,154.00","329,154.00","318,538.00",0.00,"318,538.00",55.200,"466,824.00","520,651.00","520,651.00","72,359.00","403,289.00",0.00,"45,003.00","2,820","4,224","6,895","29,873","34,710",22,27,"904,527",86.0
대전광역시,대덕구,대덕구,2035,"629,079.00","637,636.00","590,289.00",92.6,13.110,"264,611.00","273,085.00","273,085.00","42,766.00","142,967.00",0.00,"87,352.00",11.490,"196,315.00","196,315.00","148,968.00",0.00,"148,968.00",11.490,"168,153.00","168,236.00","168,236.00","19,504.00","127,538.00",0.00,"21,194.00","9,899","6,250","8,013","12,672","29,574",10,0,"583,483",98.8
울산광역시,,합계,,"4,936,308.75","5,244,105.40","4,399,135.60",83.9,0.000,0.00,"86,624.50","86,624.50","83,157.70","3,466.80",0.00,0.00,228.170,"2,623,728.00","2,766,088.10","2,238,776.80","142,246.90","2,096,529.90",977.510,"2,312,580.75","2,391,392.80","2,073,734.30","212,446.60","1,062,322.60","15,044.90","783,920.20","10,543","38,787","24,094","46,045","62,669",126,833,"4,257,605",96.8
울산광역시,중구,중구,2030,"715,908.00","749,009.00","624,895.10",83.4,0.000,0.00,"33,101.00","33,101.00","32,775.10",325.90,0.00,0.00,17.900,"285,091.00","285,091.00","282,832.00","52,496.60","230,335.40",46.790,"430,817.00","430,817.00","308,962.10","19,721.40","97,771.90","2,732.80","188,736.00",189,"7,230","5,573","9,876","11,875",31,54,"726,654",116.3
울산광역시,남구,남구,2030,"1,029,625.75","1,093,767.50","1,093,767.50",100.0,0.000,0.00,"5,290.50","5,290.50","4,944.60",345.90,0.00,0.00,53.770,"376,680.00","421,676.20","421,676.20","8,096.40","413,579.80",116.160,"652,945.75","666,800.80","666,800.80","111,347.60","302,685.00",0.00,"252,768.20",41,"8,583","6,550","10,297","16,391",21,49,"1,091,301",99.8
울산광역시,동구,동구,2030,"466,404.00","591,505.90","562,233.00",95.1,0.000,0.00,"27,738.00","27,738.00","27,169.00",569.00,0.00,0.00,19.710,"209,133.00","306,496.90","306,496.90","27,155.20","279,341.70",50.960,"257,271.00","257,271.00","227,998.10",890.60,"139,990.90","2,727.60","84,389.00",44,"3,514","2,422","11,057","5,964",8,3,"386,002",68.7
울산광역시,북구,북구,2030,"676,302.00","755,735.00","588,210.00",77.8,0.000,0.00,"14,476.00","14,476.00","14,002.00",474.00,0.00,0.00,35.100,"453,497.00","453,497.00","285,972.00","3,680.00","282,292.00",105.270,"222,805.00","287,762.00","287,762.00","33,936.00","175,148.00",0.00,"78,678.00","10,224",0,0,"3,829","8,389",14,134,"566,224",96.3
울산광역시,울주군,울주군,2030,"2,048,069.00","2,054,088.00","1,530,030.00",74.5,0.000,0.00,"6,019.00","6,019.00","4,267.00","1,752.00",0.00,0.00,101.690,"1,299,327.00","1,299,327.00","941,799.70","50,818.70","890,981.00",658.330,"748,742.00","748,742.00","582,211.30","46,551.00","346,726.80","9,584.50","179,349.00",45,"19,460","9,549","10,986","20,050",52,593,"1,487,424",97.2
세종특별자치시,,합계,,"1,329,420.60","1,352,088.60","1,158,597.60",85.7,8.780,"166,277.00","166,391.00","165,109.00","12,708.00","112,580.00",0.00,"39,821.00",55.081,"649,612.60","649,612.60","457,679.60",0.00,"457,679.60",55.081,"513,531.00","536,085.00","535,809.00","48,252.00","296,499.00","1,223.00","189,835.00","2,376","6,113","10,462","9,627","13,750",6,235,"1,145,861",98.9
세종특별자치시,,조치원읍,2030,"220,700.00","220,700.00","214,524.00",97.2,2.240,"49,393.00","49,393.00","49,393.00","4,860.00","39,039.00",0.00,"5,494.00",5.260,"92,970.00","92,970.00","86,794.00",0.00,"86,794.00",5.260,"78,337.00","78,337.00","78,337.00","14,420.00","36,388.00",0.00,"27,529.00",706,"1,330","1,996","2,317","1,434",6,22,"214,524",100.0
세종특별자치시,,연기면,2030,"28,226.00","28,226.00","28,225.00",100.0,0.000,0.00,0.00,0.00,0.00,0.00,0.00,0.00,0.897,"12,975.00","12,975.00","12,974.00",0.00,"12,974.00",0.897,"15,251.00","15,251.00","15,251.00","1,219.00","7,389.00",0.00,"6,643.00",0,161,375,94,154,0,3,"28,225",100.0
세종특별자치시,,연동면,2030,"54,509.00","54,509.00","32,875.00",60.3,0.940,"22,814.00","22,814.00","22,813.00","2,562.00","13,181.00",0.00,"7,070.00",0.164,"25,979.00","25,979.00","4,348.00",0.00,"4,348.00",0.164,"5,716.00","5,716.00","5,714.00",423.00,"4,383.00",0.00,908.00,326,194,452,139,241,0,0,"32,875",100.0
세종특별자치시,,부강면,2030,"51,239.00","51,239.00","40,182.00",78.4,0.700,"3,010.00","3,010.00","3,010.00",252.00,"2,573.00",0.00,185.00,0.095,"25,945.00","25,945.00","14,888.00",0.00,"14,888.00",0.095,"22,284.00","22,284.00","22,284.00","1,755.00","10,993.00",0.00,"9,536.00",43,232,541,72,364,0,0,"40,182",100.0
세종특별자치시,,금남면,2030,"82,385.00","82,499.00","38,872.00",47.1,1.120,"33,089.00","33,203.00","33,203.00","3,472.00","19,602.00",0.00,"10,129.00",1.209,"45,581.00","45,581.00","1,954.00",0.00,"1,954.00",1.209,"3,715.00","3,715.00","3,715.00",68.00,997.00,0.00,"2,650.00",473,422,519,872,314,0,33,"38,872",100.0
세종특별자치시,,장군면,2030,"78,443.00","78,443.00","20,756.00",26.5,1.240,"20,538.00","20,538.00","20,537.00",575.00,"12,420.00",0.00,"7,542.00",1.918,"57,839.00","57,839.00",153.00,0.00,153.00,1.918,66.00,66.00,66.00,66.00,0.00,0.00,0.00,293,0,242,0,174,0,24,"20,756",100.0
세종특별자치시,,연서면,2030,"110,099.00","110,099.00","107,612.00",97.7,0.500,"8,126.00","8,126.00","8,012.00",550.00,"5,758.00",0.00,"1,704.00",5.327,"70,522.00","70,522.00","68,422.00",0.00,"68,422.00",5.327,"31,451.00","31,451.00","31,178.00","2,019.00","17,443.00",0.00,"11,716.00",116,555,"1,296","1,468",221,0,53,"94,879",88.2
세종특별자치시,,전의면,2030,"82,635.00","82,637.00","54,441.00",65.9,1.170,"18,044.00","18,044.00","18,042.00",307.00,"13,082.00",0.00,"4,653.00",2.257,"44,518.00","44,518.00","16,324.00",0.00,"16,324.00",2.257,"20,073.00","20,075.00","20,075.00","2,177.00","12,113.00",0.00,"5,785.00",258,443,"1,034","1,366",124,0,65,"54,441",100.0
세종특별자치시,,전동면,2030,"64,600.00","64,600.00","41,975.00",65.0,0.870,"11,263.00","11,263.00","10,099.00",130.00,"6,925.00",0.00,"3,044.00",1.781,"39,432.00","39,432.00","17,971.00",0.00,"17,971.00",1.781,"13,905.00","13,905.00","13,905.00",488.00,"9,259.00",0.00,"4,158.00",161,98,500,561,104,0,7,"41,975",100.0
세종특별자치시,,소정면,2030,"44,323.00","44,323.00","44,322.00",100.0,0.000,0.00,0.00,0.00,0.00,0.00,0.00,0.00,1.987,"20,338.00","20,338.00","20,338.00",0.00,"20,338.00",1.987,"23,985.00","23,985.00","23,984.00","2,157.00","11,307.00",0.00,"10,520.00",0,248,580,"2,094",69,0,28,"44,322",100.0
세종특별자치시,,한솔동,2030,"77,666.00","77,666.00","77,666.00",100.0,0.000,0.00,0.00,0.00,0.00,0.00,0.00,0.00,2.700,"41,681.00","41,681.00","41,681.00",0.00,"41,681.00",2.700,"35,985.00","35,985.00","35,985.00","3,836.00","16,801.00",0.00,"15,348.00",0,248,339,47,"1,100",0,0,"77,666",100.0
세종특별자치시,,새롬동,2030,"27,889.00","27,892.00","27,892.00",100.0,0.000,0.00,0.00,0.00,0.00,0.00,0.00,0.00,4.846,"6,199.00","6,199.00","6,199.00",0.00,"6,199.00",4.846,"21,690.00","21,693.00","21,693.00","1,104.00","18,188.00","1,223.00","1,178.00",0,159,187,41,631,0,0,"27,889",100.0
세종특별자치시,,도담동,2030,"78,627.00","78,627.00","78,627.00",100.0,0.000,0.00,0.00,0.00,0.00,0.00,0.00,0.00,4.720,"17,850.00","17,850.00","17,850.00",0.00,"17,850.00",4.720,"60,777.00","60,777.00","60,777.00","3,071.00","30,192.00",0.00,"27,514.00",0,445,630,91,"1,740",0,0,"78,627",100.0
세종특별자치시,,아름동,2030,"111,311.00","111,311.00","111,311.00",100.0,0.000,0.00,0.00,0.00,0.00,0.00,0.00,0.00,2.190,"55,748.00","55,748.00","55,748.00",0.00,"55,748.00",2.190,"55,563.00","55,563.00","55,563.00","4,692.00","26,118.00",0.00,"24,753.00",0,446,539,131,"3,388",0,0,"111,311",100.0
세종특별자치시,,종촌동,2030,"41,547.00","41,547.00","41,547.00",100.0,0.000,0.00,0.00,0.00,0.00,0.00,0.00,0.00,1.150,"17,778.00","17,778.00","17,778.00",0.00,"17,778.00",1.150,"23,769.00","23,769.00","23,769.00","1,451.00","12,778.00",0.00,"9,540.00",0,178,171,27,571,0,0,"41,547",100.0
세종특별자치시,,고운동,2030,"87,943.00","110,492.00","110,492.00",100.0,0.000,0.00,0.00,0.00,0.00,0.00,0.00,0.00,5.350,"28,697.00","28,697.00","28,697.00",0.00,"28,697.00",5.350,"59,246.00","81,795.00","81,795.00","4,896.00","66,525.00",0.00,"10,374.00",0,768,814,149,"2,580",0,0,"110,492",100.0
세종특별자치시,,소담동,2030,"34,195.60","34,195.60","34,195.60",100.0,0.000,0.00,0.00,0.00,0.00,0.00,0.00,0.00,4.430,"8,102.60","8,102.60","8,102.60",0.00,"8,102.60",4.430,"26,093.00","26,093.00","26,093.00","4,410.00",0.00,0.00,"21,683.00",0,186,247,58,541,0,0,"34,195",100.0
세종특별자치시,,보람동,2030,"29,300.00","29,300.00","29,300.00",100.0,0.000,0.00,0.00,0.00,0.00,0.00,0.00,0.00,7.280,"20,882.00","20,882.00","20,882.00",0.00,"20,882.00",7.280,"8,418.00","8,418.00","8,418.00",0.00,"8,418.00",0.00,0.00,0,0,0,66,0,0,0,"29,300",100.0
세종특별자치시,,대평동,2030,"23,783.00","23,783.00","23,783.00",100.0,0.000,0.00,0.00,0.00,0.00,0.00,0.00,0.00,1.520,"16,576.00","16,576.00","16,576.00",0.00,"16,576.00",1.520,"7,207.00","7,207.00","7,207.00",0.00,"7,207.00",0.00,0.00,0,0,0,34,0,0,0,"23,783",100.0
경기도,,합계,,"28,762,283.43","35,329,865.05","30,487,030.59",86.3,"1,299.571","4,954,882.01","7,645,913.72","7,360,576.61","673,593.33","6,182,049.38","228,995.93","275,937.97","1,357.752","13,747,557.80","15,932,015.57","12,872,636.26","646,101.16","12,226,535.10","2,006.895","10,059,843.62","11,751,935.76","10,253,817.72","1,442,823.22","8,262,015.72","158,366.12","390,612.66","196,320","326,380","240,088","926,612","705,366","1,955","9,116","27,542,327",90.3
경기도,시부,합계,,"26,297,434.43","32,823,589.05","28,616,271.59",87.2,630.571,"4,666,761.01","7,357,792.72","7,118,290.61","652,880.33","6,031,099.38","158,372.93","275,937.97","1,220.098","11,978,380.80","14,133,734.57","11,463,558.26","646,101.16","10,817,457.10","1,464.121","9,652,292.62","11,332,061.76","10,034,422.72","1,425,348.22","8,075,601.72","146,981.12","386,491.66","185,795","288,961","229,543","805,901","631,785","1,902","8,877","26,118,650",91.3
경기도,수원시,소계,,"2,050,387.00","2,144,172.00","1,972,856.00",92.0,17.680,"944,972.00","1,034,254.00","1,034,254.00","126,355.00","880,139.00","4,931.00","22,829.00",39.020,"583,214.00","583,844.00","413,145.00",0.00,"413,145.00",39.020,"522,201.00","526,074.00","525,457.00","32,538.00","426,089.00",956.00,"65,874.00","22,024","8,147","10,439","122,200","122,200",322,727,"1,894,031",96.0
경기도,수원시,파장동,2035,"38,444.00","40,246.00","33,088.00",82.2,0.500,"21,454.00","23,252.00","23,252.00","1,961.00","20,694.00",56.00,541.00,0.600,"10,916.00","10,916.00","3,758.00",0.00,"3,758.00",0.600,"6,074.00","6,078.00","6,078.00",585.00,"3,823.00",65.00,"1,605.00",520,84,134,876,876,7,22,"31,619",95.6
경기도,수원시,율천동,2035,"67,829.00","71,006.00","58,371.00",82.2,0.900,"37,850.00","41,025.00","41,025.00","3,459.00","36,512.00",101.00,953.00,1.130,"19,264.00","19,264.00","6,629.00",0.00,"6,629.00",1.130,"10,715.00","10,717.00","10,717.00","1,032.00","6,746.00",113.00,"2,826.00",919,147,238,"1,547","1,547",14,39,"55,788",95.6
경기도,수원시,정자1동,2035,"52,143.00","54,584.00","44,871.00",82.2,0.000,"29,097.00","31,538.00","31,538.00","2,659.00","28,068.00",78.00,733.00,0.700,"14,809.00","14,809.00","5,096.00",0.00,"5,096.00",0.700,"8,237.00","8,237.00","8,237.00",793.00,"5,186.00",87.00,"2,171.00",706,113,183,"1,189","1,189",10,30,"42,887",95.6
경기도,수원시,정자2동,2035,"48,781.00","51,068.00","41,981.00",82.2,0.000,"27,221.00","29,504.00","29,504.00","2,488.00","26,258.00",73.00,685.00,0.820,"13,854.00","13,854.00","4,767.00",0.00,"4,767.00",0.820,"7,706.00","7,710.00","7,710.00",742.00,"4,851.00",81.00,"2,036.00",661,106,171,"1,113","1,113",10,28,"40,121",95.6
경기도,수원시,정자3동,2035,"67,640.00","70,807.00","58,207.00",82.2,0.000,"37,745.00","40,908.00","40,908.00","3,449.00","36,408.00",101.00,950.00,0.800,"19,210.00","19,210.00","6,610.00",0.00,"6,610.00",0.800,"10,685.00","10,689.00","10,689.00","1,029.00","6,727.00",113.00,"2,820.00",916,147,238,"1,543","1,543",14,39,"55,633",95.6
경기도,수원시,영화동,2035,"35,336.00","36,990.00","30,406.00",82.2,0.600,"19,718.00","21,372.00","21,372.00","1,802.00","19,021.00",53.00,496.00,0.590,"10,036.00","10,036.00","3,453.00",0.00,"3,453.00",0.590,"5,582.00","5,582.00","5,581.00",538.00,"3,514.00",59.00,"1,470.00",479,77,124,806,806,7,20,"29,064",95.6
경기도,수원시,송죽동,2035,"28,128.00","29,448.00","24,208.00",82.2,0.300,"15,696.00","17,012.00","17,012.00","1,434.00","15,141.00",42.00,395.00,0.470,"7,989.00","7,989.00","2,749.00",0.00,"2,749.00",0.470,"4,443.00","4,447.00","4,447.00",428.00,"2,797.00",47.00,"1,175.00",381,61,99,642,642,6,16,"23,135",95.6
경기도,수원시,조원1동,2035,"47,991.00","50,243.00","41,303.00",82.2,0.200,"26,780.00","29,027.00","29,027.00","2,447.00","25,835.00",71.00,674.00,0.800,"13,630.00","13,630.00","4,690.00",0.00,"4,690.00",0.800,"7,581.00","7,586.00","7,586.00",730.00,"4,773.00",80.00,"2,003.00",650,104,169,"1,095","1,095",10,28,"39,472",95.6
경기도,수원시,조원2동,2035,"30,382.00","31,806.00","26,146.00",82.2,0.300,"16,954.00","18,376.00","18,376.00","1,549.00","16,355.00",45.00,427.00,0.510,"8,629.00","8,629.00","2,969.00",0.00,"2,969.00",0.510,"4,799.00","4,801.00","4,801.00",462.00,"3,022.00",51.00,"1,266.00",411,66,107,693,693,6,18,"24,989",95.6
경기도,수원시,연무동,2035,"31,228.00","32,692.00","26,875.00",82.2,0.800,"17,426.00","18,889.00","18,889.00","1,593.00","16,810.00",47.00,439.00,0.520,"8,869.00","8,869.00","3,052.00",0.00,"3,052.00",0.520,"4,933.00","4,934.00","4,934.00",475.00,"3,106.00",52.00,"1,301.00",423,68,110,712,712,6,18,"25,685",95.6
경기도,수원시,세류1동,2035,"25,208.00","26,815.00","24,993.00",93.2,0.100,"10,423.00","11,947.00","11,947.00","1,752.00","9,980.00",93.00,122.00,0.410,"7,545.00","7,545.00","5,723.00",0.00,"5,723.00",0.410,"7,240.00","7,323.00","7,323.00",482.00,"6,302.00",6.00,533.00,237,113,146,426,426,4,8,"23,718",94.9
경기도,수원시,세류2동,2035,"55,824.00","60,938.00","56,904.00",93.4,0.800,"23,081.00","26,467.00","26,467.00","3,880.00","22,106.00",208.00,273.00,0.900,"16,711.00","16,711.00","12,677.00",0.00,"12,677.00",0.900,"16,032.00","17,760.00","17,760.00","1,585.00","15,026.00",16.00,"1,133.00",522,254,347,942,942,8,20,"52,536",92.3
경기도,수원시,세류3동,2035,"49,047.00","52,150.00","48,606.00",93.2,0.600,"20,279.00","23,253.00","23,253.00","3,409.00","19,422.00",182.00,240.00,0.000,"14,682.00","14,682.00","11,138.00",0.00,"11,138.00",0.000,"14,086.00","14,215.00","14,215.00",939.00,"12,263.00",14.00,999.00,459,223,284,827,827,7,17,"46,159",95.0
경기도,수원시,평동,2035,"76,614.00","81,463.00","75,927.00",93.2,2.000,"31,677.00","36,322.00","36,322.00","5,325.00","30,338.00",285.00,374.00,1.300,"22,934.00","22,934.00","17,398.00",0.00,"17,398.00",1.300,"22,003.00","22,207.00","22,207.00","1,468.00","19,156.00",22.00,"1,561.00",717,348,444,"1,292","1,292",12,27,"72,102",95.0
경기도,수원시,서둔동,2035,"84,044.00","89,360.00","83,288.00",93.2,0.600,"34,749.00","39,845.00","39,845.00","5,841.00","33,280.00",313.00,411.00,1.320,"25,158.00","25,158.00","19,086.00",0.00,"19,086.00",1.320,"24,137.00","24,357.00","24,357.00","1,610.00","21,013.00",24.00,"1,710.00",786,382,487,"1,417","1,417",13,29,"79,094",95.0
경기도,수원시,구운동,2035,"55,558.00","59,070.00","55,056.00",93.2,0.000,"22,971.00","26,340.00","26,340.00","3,861.00","22,000.00",207.00,272.00,0.900,"16,631.00","16,631.00","12,617.00",0.00,"12,617.00",0.900,"15,956.00","16,099.00","16,099.00","1,064.00","13,891.00",16.00,"1,128.00",520,252,322,937,937,8,20,"52,286",95.0
경기도,수원시,금곡동,2035,"72,705.00","77,360.00","72,973.00",94.3,0.610,"30,061.00","34,469.00","34,469.00","5,053.00","28,790.00",271.00,355.00,1.170,"21,764.00","21,764.00","17,377.00",0.00,"17,377.00",1.170,"20,880.00","21,127.00","21,127.00","1,393.00","18,231.00",21.00,"1,482.00",680,354,423,"1,226","1,226",11,26,"68,423",93.8
경기도,수원시,호매실동,2035,"58,063.00","61,735.00","61,128.00",99.0,1.000,"24,007.00","27,528.00","27,528.00","4,036.00","22,992.00",216.00,284.00,0.940,"17,381.00","17,381.00","16,774.00",0.00,"16,774.00",0.940,"16,675.00","16,826.00","16,826.00","1,112.00","14,518.00",17.00,"1,179.00",543,387,337,979,979,9,20,"54,644",89.4
경기도,수원시,권선1동,2035,"51,465.00","54,718.00","50,999.00",93.2,0.200,"21,279.00","24,399.00","24,399.00","3,577.00","20,379.00",191.00,252.00,0.800,"15,406.00","15,406.00","11,687.00",0.00,"11,687.00",0.800,"14,780.00","14,913.00","14,913.00",986.00,"12,868.00",15.00,"1,044.00",482,234,298,868,868,8,18,"48,434",95.0
경기도,수원시,권선2동,2035,"101,211.00","107,614.00","100,301.00",93.2,0.200,"41,847.00","47,984.00","47,984.00","7,034.00","40,078.00",377.00,495.00,1.600,"30,297.00","30,297.00","22,984.00",0.00,"22,984.00",1.600,"29,067.00","29,333.00","29,333.00","1,939.00","25,306.00",29.00,"2,059.00",947,460,587,"1,707","1,707",15,36,"95,250",95.0
경기도,수원시,곡선동,2035,"60,065.00","64,151.00","59,811.00",93.2,0.000,"24,835.00","28,477.00","28,477.00","4,175.00","23,785.00",223.00,294.00,0.600,"17,980.00","17,980.00","13,640.00",0.00,"13,640.00",0.600,"17,250.00","17,694.00","17,694.00","1,438.00","15,018.00",17.00,"1,221.00",562,273,350,"1,013","1,013",9,21,"56,529",94.5
경기도,수원시,입북동,2035,"36,704.00","39,658.00","39,658.00",100.0,0.310,"15,176.00","17,401.00","17,401.00","2,551.00","14,534.00",137.00,179.00,0.460,"10,987.00","11,617.00","11,617.00",0.00,"11,617.00",0.460,"10,541.00","10,640.00","10,640.00",703.00,"9,177.00",11.00,749.00,343,271,213,619,619,6,13,"34,543",87.1
경기도,수원시,매교동,2035,"19,415.00","19,911.00","19,881.00",99.8,0.600,"14,899.00","15,395.00","15,395.00","1,302.00","13,832.00",0.00,261.00,0.090,"1,427.00","1,427.00","1,401.00",0.00,"1,401.00",0.090,"3,089.00","3,089.00","3,085.00",28.00,"1,649.00",0.00,"1,408.00",375,34,76,"4,177","4,177",5,6,"19,575",98.5
경기도,수원시,매산동,2035,"22,420.00","22,998.00","22,958.00",99.8,0.570,"17,204.00","17,782.00","17,782.00","1,504.00","15,974.00",0.00,304.00,0.050,"1,648.00","1,648.00","1,619.00",0.00,"1,619.00",0.050,"3,568.00","3,568.00","3,557.00",34.00,"1,904.00",0.00,"1,619.00",433,40,87,"4,824","4,824",6,7,"22,605",98.5
경기도,수원시,고등동,2035,"22,849.00","23,436.00","23,396.00",99.8,0.800,"17,533.00","18,120.00","18,120.00","1,532.00","16,278.00",0.00,310.00,0.120,"1,680.00","1,680.00","1,650.00",0.00,"1,650.00",0.120,"3,636.00","3,636.00","3,626.00",34.00,"1,941.00",0.00,"1,651.00",441,40,88,"4,916","4,916",7,7,"23,036",98.5
경기도,수원시,화서1동,2035,"44,645.00","45,793.00","45,713.00",99.8,0.200,"34,258.00","35,406.00","35,406.00","2,994.00","31,807.00",0.00,605.00,0.230,"3,282.00","3,282.00","3,223.00",0.00,"3,223.00",0.230,"7,105.00","7,105.00","7,084.00",67.00,"3,792.00",0.00,"3,225.00",862,79,173,"9,605","9,605",13,13,"45,011",98.5
경기도,수원시,화서2동,2035,"48,133.00","49,371.00","49,281.00",99.8,0.700,"36,935.00","38,173.00","38,173.00","3,228.00","34,293.00",0.00,652.00,0.300,"3,538.00","3,538.00","3,475.00",0.00,"3,475.00",0.300,"7,660.00","7,660.00","7,633.00",72.00,"4,089.00",0.00,"3,472.00",929,85,186,"10,355","10,355",14,14,"48,528",98.5
경기도,수원시,지동,2035,"26,113.00","26,785.00","26,739.00",99.8,0.700,"20,037.00","20,709.00","20,709.00","1,751.00","18,604.00",0.00,354.00,0.100,"1,920.00","1,920.00","1,885.00",0.00,"1,885.00",0.100,"4,156.00","4,156.00","4,145.00",39.00,"2,218.00",0.00,"1,888.00",504,46,101,"5,618","5,618",7,8,"26,327",98.5
경기도,수원시,우만1동,2035,"38,542.00","39,534.00","39,464.00",99.8,0.900,"29,575.00","30,567.00","30,567.00","2,585.00","27,460.00",0.00,522.00,0.200,"2,833.00","2,833.00","2,783.00",0.00,"2,783.00",0.200,"6,134.00","6,134.00","6,114.00",58.00,"3,274.00",0.00,"2,782.00",744,68,149,"8,292","8,292",11,12,"38,859",98.5
경기도,수원시,우만2동,2035,"30,903.00","31,699.00","31,646.00",99.8,0.780,"23,713.00","24,509.00","24,509.00","2,073.00","22,017.00",0.00,419.00,0.120,"2,272.00","2,272.00","2,231.00",0.00,"2,231.00",0.120,"4,918.00","4,918.00","4,906.00",46.00,"2,625.00",0.00,"2,235.00",597,54,120,"6,648","6,648",9,9,"31,156",98.5
경기도,수원시,인계동,2035,"75,496.00","77,438.00","77,305.00",99.8,1.210,"57,932.00","59,874.00","59,874.00","5,063.00","53,788.00",0.00,"1,023.00",1.680,"5,550.00","5,550.00","5,450.00",0.00,"5,450.00",1.680,"12,014.00","12,014.00","11,981.00",113.00,"6,413.00",0.00,"5,455.00","1,458",133,292,"16,242","16,242",22,23,"76,116",98.5
경기도,수원시,행궁동,2035,"20,498.00","21,026.00","20,989.00",99.8,1.200,"15,729.00","16,257.00","16,257.00","1,375.00","14,604.00",0.00,278.00,0.110,"1,507.00","1,507.00","1,480.00",0.00,"1,480.00",0.110,"3,262.00","3,262.00","3,252.00",31.00,"1,741.00",0.00,"1,480.00",396,36,79,"4,410","4,410",6,6,"20,667",98.5
경기도,수원시,매탄1동,2035,"32,768.00","33,716.00","31,123.00",92.3,0.000,"7,888.00","8,836.00","8,836.00","1,840.00","6,386.00",97.00,513.00,1.200,"13,237.00","13,237.00","10,663.00",0.00,"10,663.00",1.200,"11,643.00","11,643.00","11,624.00",652.00,"10,518.00",0.00,454.00,149,188,203,"1,533","1,533",1,7,"30,474",97.9
경기도,수원시,매탄2동,2035,"26,230.00","26,992.00","24,906.00",92.3,0.000,"6,313.00","7,075.00","7,075.00","1,474.00","5,112.00",78.00,411.00,0.800,"10,596.00","10,596.00","8,534.00",0.00,"8,534.00",0.800,"9,321.00","9,321.00","9,297.00",522.00,"8,419.00",0.00,356.00,121,150,163,"1,227","1,227",1,5,"24,393",97.9
경기도,수원시,매탄3동,2035,"59,664.00","61,396.00","56,650.00",92.3,0.000,"14,360.00","16,092.00","16,092.00","3,353.00","11,627.00",177.00,935.00,2.200,"24,102.00","24,102.00","19,413.00",0.00,"19,413.00",2.200,"21,202.00","21,202.00","21,145.00","1,187.00","19,149.00",0.00,809.00,274,341,371,"2,790","2,790",2,12,"55,483",97.9
경기도,수원시,매탄4동,2035,"37,574.00","38,666.00","35,678.00",92.3,0.000,"9,043.00","10,135.00","10,135.00","2,112.00","7,323.00",111.00,589.00,0.800,"15,179.00","15,179.00","12,225.00",0.00,"12,225.00",0.800,"13,352.00","13,352.00","13,318.00",747.00,"12,059.00",0.00,512.00,173,214,234,"1,757","1,757",2,8,"34,941",97.9
경기도,수원시,원천동,2035,"38,419.00","39,534.00","36,481.00",92.3,0.000,"9,247.00","10,362.00","10,362.00","2,159.00","7,487.00",114.00,602.00,3.200,"15,520.00","15,520.00","12,500.00",0.00,"12,500.00",3.200,"13,652.00","13,652.00","13,619.00",764.00,"12,330.00",0.00,525.00,177,219,239,"1,797","1,797",2,8,"35,726",97.9
경기도,수원시,영통1동,2035,"55,787.00","57,406.00","52,976.00",92.3,0.000,"13,427.00","15,046.00","15,046.00","3,135.00","10,872.00",165.00,874.00,1.400,"22,536.00","22,536.00","18,151.00",0.00,"18,151.00",1.400,"19,824.00","19,824.00","19,779.00","1,110.00","17,905.00",0.00,764.00,256,318,347,"2,609","2,609",2,12,"51,878",97.9
경기도,수원시,영통2동,2035,"41,491.00","42,696.00","39,399.00",92.3,0.000,"9,986.00","11,191.00","11,191.00","2,332.00","8,086.00",123.00,650.00,1.380,"16,761.00","16,761.00","13,500.00",0.00,"13,500.00",1.380,"14,744.00","14,744.00","14,708.00",825.00,"13,316.00",0.00,567.00,191,237,258,"1,940","1,940",2,9,"38,583",97.9
경기도,수원시,영통3동,2035,"47,133.00","48,503.00","44,755.00",92.3,0.000,"11,344.00","12,714.00","12,714.00","2,649.00","9,186.00",140.00,739.00,1.300,"19,040.00","19,040.00","15,336.00",0.00,"15,336.00",1.300,"16,749.00","16,749.00","16,705.00",938.00,"15,128.00",0.00,639.00,217,269,293,"2,204","2,204",2,10,"43,831",97.9
경기도,수원시,태장동,2035,"79,039.00","81,333.00","75,050.00",92.3,0.000,"19,023.00","21,317.00","21,317.00","4,442.00","15,403.00",234.00,"1,238.00",2.000,"31,929.00","31,929.00","25,717.00",0.00,"25,717.00",2.000,"28,087.00","28,087.00","28,016.00","1,572.00","25,368.00",0.00,"1,076.00",363,451,492,"3,696","3,696",3,16,"73,501",97.9
경기도,수원시,광교1동,2035,"69,917.00","71,946.00","66,388.00",92.3,0.000,"16,828.00","18,857.00","18,857.00","3,929.00","13,625.00",207.00,"1,096.00",2.800,"28,244.00","28,244.00","22,748.00",0.00,"22,748.00",2.800,"24,845.00","24,845.00","24,783.00","1,391.00","22,439.00",0.00,953.00,321,399,435,"3,270","3,270",3,14,"65,017",97.9
경기도,수원시,광교2동,2035,"38,941.00","40,071.00","36,978.00",92.3,0.000,"9,372.00","10,502.00","10,502.00","2,188.00","7,589.00",115.00,610.00,1.600,"15,731.00","15,731.00","12,670.00",0.00,"12,670.00",1.600,"13,838.00","13,838.00","13,806.00",775.00,"12,498.00",0.00,533.00,179,222,242,"1,821","1,821",2,8,"36,213",97.9
경기도,성남시,소계,,"37,575.87","1,345,776.54","1,345,776.54",100.0,0.002,"17,912.62","421,933.81","421,933.81","67,301.50","354,164.69",467.62,0.00,0.000,"7,339.86","416,323.61","416,323.61","6,011.06","410,312.55",0.000,"12,323.39","507,519.12","507,519.12","64,190.42","439,397.35","3,931.35",0.00,"14,494","8,000","7,211","19,960","19,956",88,560,"1,174,624",87.3
경기도,성남시,신흥1동,2030,755.54,"17,515.87","17,515.87",100.0,0.000,755.54,"17,515.87","17,515.87","1,472.09","16,043.78",0.00,0.00,0.000,0.00,0.00,0.00,0.00,0.00,0.000,0.00,0.00,0.00,0.00,0.00,0.00,0.00,0,0,0,0,0,0,0,"17,498",99.9
경기도,성남시,신흥2동,2030,507.65,"12,848.32","12,848.32",100.0,0.000,455.89,"10,569.03","10,569.03","3,573.88","6,995.15",0.00,0.00,0.000,9.52,539.75,539.75,0.00,539.75,0.000,42.24,"1,739.54","1,739.54",206.43,"1,533.11",0.00,0.00,0,0,0,0,0,0,0,"12,835",99.9
경기도,성남시,신흥3동,2030,670.81,"16,188.78","16,188.78",100.0,0.000,641.57,"14,873.75","14,873.75","1,952.30","12,921.45",0.00,0.00,0.000,7.14,404.91,404.91,0.00,404.91,0.000,22.10,910.12,910.12,0.00,910.12,0.00,0.00,0,0,0,0,0,0,0,"16,172",99.9
경기도,성남시,태평1동,2030,"1,035.21","25,041.88","25,041.88",100.0,0.000,978.11,"22,675.81","22,675.81","6,457.36","16,214.39",4.06,0.00,0.000,0.95,53.61,53.61,0.00,53.61,0.000,56.15,"2,312.46","2,312.46",499.37,"1,230.41",582.68,0.00,"2,025",0,0,"1,030","1,030",2,33,"25,016",99.9
경기도,성남시,태평2동,2030,693.62,"16,105.95","16,105.95",100.0,0.000,692.27,"16,049.14","16,049.14","1,923.91","14,125.23",0.00,0.00,0.000,0.10,5.41,5.41,0.00,5.41,0.000,1.25,51.40,51.40,0.00,51.40,0.00,0.00,"2,025",0,0,"1,030","1,030",2,33,"7,141",44.3
경기도,성남시,태평3동,2030,691.93,"16,058.38","16,058.38",100.0,0.000,690.97,"16,019.04","16,019.04","1,681.90","14,337.14",0.00,0.00,0.000,0.00,0.00,0.00,0.00,0.00,0.000,0.96,39.34,39.34,39.34,0.00,0.00,0.00,"2,025",0,0,"1,030","1,030",2,33,"16,042",99.9
경기도,성남시,태평4동,2030,567.00,"13,409.90","13,409.90",100.0,0.000,552.28,"12,803.66","12,803.66","1,201.19","11,602.47",0.00,0.00,0.000,0.00,0.00,0.00,0.00,0.00,0.000,14.72,606.24,606.24,152.34,453.90,0.00,0.00,"2,024",0,0,"1,030","1,030",1,33,"8,527",63.6
경기도,성남시,수진1동,2030,783.46,"18,322.15","18,322.15",100.0,0.000,774.62,"17,958.28","17,958.28",497.76,"17,460.52",0.00,0.00,0.000,0.00,0.00,0.00,0.00,0.00,0.000,8.84,363.87,363.87,0.00,363.87,0.00,0.00,0,0,0,0,0,0,0,"18,303",99.9
경기도,성남시,수진2동,2030,930.58,"22,530.37","22,530.37",100.0,0.000,881.07,"20,426.24","20,426.24","4,947.54","15,478.70",0.00,0.00,0.000,4.18,237.28,237.28,0.00,237.28,0.000,45.33,"1,866.85","1,866.85",0.00,"1,768.07",98.78,0.00,0,0,0,0,0,0,0,"22,507",99.9
경기도,성남시,단대동,2030,614.22,"17,249.40","17,249.40",100.0,0.000,487.52,"11,302.31","11,302.31","1,553.73","9,748.58",0.00,0.00,0.000,46.91,"2,661.00","2,661.00",0.00,"2,661.00",0.000,79.79,"3,286.09","3,286.09",0.00,"3,286.09",0.00,0.00,0,0,0,0,0,0,0,"15,787",91.5
경기도,성남시,산성동,2030,761.10,"19,426.97","19,426.97",100.0,0.000,691.25,"16,025.48","16,025.48","1,517.06","14,508.42",0.00,0.00,0.000,33.77,"1,915.59","1,915.59",0.00,"1,915.59",0.000,36.08,"1,485.90","1,485.90",0.00,"1,485.90",0.00,0.00,0,0,0,0,0,0,0,"19,407",99.9
경기도,성남시,양지동,2030,438.10,"11,021.87","11,021.87",100.0,0.000,411.28,"9,534.85","9,534.85","1,458.25","8,076.60",0.00,0.00,0.000,24.63,"1,396.93","1,396.93",0.00,"1,396.93",0.000,2.19,90.09,90.09,0.00,90.09,0.00,0.00,0,0,0,0,0,0,0,"11,010",99.9
경기도,성남시,복정동,2030,925.58,"37,437.50","37,437.50",100.0,0.000,244.74,"5,673.82","5,673.82","1,125.41","4,494.31",54.10,0.00,0.000,239.69,"13,595.53","13,595.53",0.00,"13,595.53",0.000,441.15,"18,168.15","18,168.15","1,709.69","16,398.58",59.88,0.00,0,0,0,0,0,0,0,"36,545",97.6
경기도,성남시,위례동,2030,0.00,0.00,0.00,0.0,0.000,0.00,0.00,0.00,0.00,0.00,0.00,0.00,0.000,0.00,0.00,0.00,0.00,0.00,0.000,0.00,0.00,0.00,0.00,0.00,0.00,0.00,0,0,0,0,0,0,0,0,0.0
경기도,성남시,신촌동,2030,523.32,"19,181.54","19,181.54",100.0,0.000,225.32,"5,223.56","5,223.56",441.19,"4,782.37",0.00,0.00,0.000,108.48,"6,152.83","6,152.83",68.21,"6,084.62",0.000,189.52,"7,805.15","7,805.15",444.75,"7,186.61",173.79,0.00,0,0,0,0,0,0,0,"19,162",99.9
경기도,성남시,고등동,2030,833.35,"30,453.33","30,453.33",100.0,0.000,334.36,"7,751.49","7,751.49",218.72,"7,532.77",0.00,0.00,0.000,138.48,"7,854.98","7,854.98",0.00,"7,854.98",0.000,360.51,"14,846.86","14,846.86",734.14,"13,725.54",387.18,0.00,0,0,0,0,0,0,0,"30,227",99.3
경기도,성남시,시흥동,2030,966.09,"38,634.28","38,634.28",100.0,0.000,275.85,"6,395.13","6,395.13","1,171.32","4,924.85",298.96,0.00,0.000,245.40,"13,919.15","13,919.15",0.00,"13,919.15",0.000,444.84,"18,320.00","18,320.00",483.01,"16,601.75","1,235.24",0.00,0,0,0,0,0,0,0,"38,318",99.2
경기도,성남시,성남동,2030,"1,889.15","48,411.96","48,411.96",100.0,0.001,"1,675.65","38,847.15","38,847.15","8,085.29","30,761.86",0.00,0.00,0.000,49.70,"2,819.03","2,819.03",0.00,"2,819.03",0.000,163.80,"6,745.78","6,745.78","1,585.52","4,581.93",578.33,0.00,"1,600",0,0,"1,201","1,201",8,14,"44,802",92.5
경기도,성남시,중앙동,2030,30.70,"1,354.77","1,354.77",100.0,0.000,4.18,97.02,97.02,0.00,97.02,0.00,0.00,0.000,10.66,604.61,604.61,0.00,604.61,0.000,15.86,653.14,653.14,19.98,633.16,0.00,0.00,"1,600",0,0,"1,201","1,201",8,14,"1,257",92.8
경기도,성남시,금광1동,2030,989.70,"24,707.97","24,707.97",100.0,0.000,903.63,"20,949.18","20,949.18","3,068.20","17,880.98",0.00,0.00,0.000,13.80,782.60,782.60,0.00,782.60,0.000,72.27,"2,976.19","2,976.19",0.00,"2,976.19",0.00,0.00,"1,600",0,0,"1,201","1,201",9,13,"24,707",100.0
경기도,성남시,금광2동,2030,"1,168.93","27,625.78","27,625.78",100.0,0.000,"1,143.42","26,508.18","26,508.18","3,686.79","22,821.39",0.00,0.00,0.000,4.31,244.69,244.69,0.00,244.69,0.000,21.20,872.91,872.91,0.00,872.91,0.00,0.00,"1,595",0,0,"1,201","1,201",9,13,"27,625",100.0
경기도,성남시,은행1동,2030,246.19,"5,711.23","5,711.23",100.0,0.000,245.99,"5,702.86","5,702.86",299.66,"5,403.20",0.00,0.00,0.000,0.00,0.00,0.00,0.00,0.00,0.000,0.20,8.37,8.37,0.00,8.37,0.00,0.00,0,0,0,0,0,0,0,"5,711",100.0
경기도,성남시,은행2동,2030,549.89,"16,520.02","16,520.02",100.0,0.000,407.56,"9,448.53","9,448.53","1,180.55","8,267.98",0.00,0.00,0.000,77.84,"4,415.38","4,415.38",0.00,"4,415.38",0.000,64.49,"2,656.11","2,656.11",0.00,"2,656.11",0.00,0.00,0,0,0,0,0,0,0,"16,520",100.0
경기도,성남시,상대원1동,2030,"2,655.30","69,074.90","69,074.90",100.0,0.001,"2,302.16","53,371.66","53,371.66","11,651.70","41,719.96",0.00,0.00,0.000,74.64,"4,233.46","4,233.46",0.00,"4,233.46",0.000,278.50,"11,469.78","11,469.78","2,626.71","8,843.07",0.00,0.00,0,0,0,0,0,0,0,"69,077",100.0
경기도,성남시,상대원2동,2030,630.15,"14,697.19","14,697.19",100.0,0.000,625.24,"14,495.07","14,495.07",963.41,"13,531.66",0.00,0.00,0.000,0.00,0.00,0.00,0.00,0.00,0.000,4.91,202.12,202.12,0.00,202.12,0.00,0.00,0,0,0,0,0,0,0,"14,697",100.0
경기도,성남시,상대원3동,2030,440.67,"10,229.90","10,229.90",100.0,0.000,439.90,"10,198.30","10,198.30","2,056.41","8,141.89",0.00,0.00,0.000,0.00,0.00,0.00,0.00,0.00,0.000,0.77,31.60,31.60,0.00,31.60,0.00,0.00,0,0,0,0,0,0,0,"10,229",100.0
경기도,성남시,하대원동,2030,"1,045.86","26,667.84","26,667.84",100.0,0.000,932.72,"21,623.66","21,623.66","2,153.65","19,470.01",0.00,0.00,0.000,24.76,"1,404.38","1,404.38",0.00,"1,404.38",0.000,88.38,"3,639.80","3,639.80",35.63,"3,604.17",0.00,0.00,0,0,0,0,0,0,0,"25,084",94.1
경기도,성남시,도촌동,2030,"1,042.35","44,757.91","44,757.91",100.0,0.000,139.53,"3,234.72","3,234.72","1,630.49","1,493.73",110.50,0.00,0.000,279.45,"15,850.68","15,850.68",0.00,"15,850.68",0.000,623.37,"25,672.51","25,672.51","2,296.00","22,561.04",815.47,0.00,0,0,0,0,0,0,0,"43,903",98.1
경기도,성남시,분당동,2030,0.00,0.00,0.00,0.0,0.000,0.00,0.00,0.00,0.00,0.00,0.00,0.00,0.000,0.00,0.00,0.00,0.00,0.00,0.000,0.00,0.00,0.00,0.00,0.00,0.00,0.00,0,0,0,0,0,0,0,0,0.0
경기도,성남시,수내1동,2030,531.61,"25,522.45","25,522.45",100.0,0.000,0.00,0.00,0.00,0.00,0.00,0.00,0.00,0.000,233.56,"13,247.79","13,247.79",460.67,"12,787.12",0.000,298.05,"12,274.66","12,274.66","1,743.28","10,531.38",0.00,0.00,0,0,0,0,0,0,0,"25,359",99.4
경기도,성남시,수내2동,2030,"1,035.64","49,295.98","49,295.98",100.0,0.000,0.00,0.00,0.00,0.00,0.00,0.00,0.00,0.000,427.66,"24,257.45","24,257.45",95.57,"24,161.88",0.000,607.98,"25,038.53","25,038.53","6,229.80","18,808.73",0.00,0.00,0,0,0,0,0,0,0,"11,711",23.8
경기도,성남시,수내3동,2030,339.84,"15,886.78","15,886.78",100.0,0.000,0.00,0.00,0.00,0.00,0.00,0.00,0.00,0.000,121.71,"6,903.48","6,903.48",0.00,"6,903.48",0.000,218.13,"8,983.30","8,983.30","2,888.39","6,094.91",0.00,0.00,0,0,0,0,0,0,0,"15,839",99.7
경기도,성남시,정자동,2030,3.22,182.60,182.60,100.0,0.000,0.00,0.00,0.00,0.00,0.00,0.00,0.00,0.000,3.22,182.60,182.60,0.00,182.60,0.000,0.00,0.00,0.00,0.00,0.00,0.00,0.00,0,"2,000","1,803","2,759","2,758",12,94,0,0.0
경기도,성남시,정자1동,2030,"2,165.92","102,130.24","102,130.24",100.0,0.000,0.00,0.00,0.00,0.00,0.00,0.00,0.00,0.000,832.18,"47,202.25","47,202.25",255.73,"46,946.52",0.000,"1,333.74","54,927.99","54,927.99","6,813.17","48,114.82",0.00,0.00,0,"2,000","1,803","2,759","2,758",12,94,"101,818",99.7
경기도,성남시,정자2동,2030,197.77,"9,108.72","9,108.72",100.0,0.000,0.00,0.00,0.00,0.00,0.00,0.00,0.00,0.000,62.02,"3,517.91","3,517.91",0.00,"3,517.91",0.000,135.75,"5,590.81","5,590.81",757.13,"4,833.68",0.00,0.00,0,"2,000","1,803","2,759","2,758",12,93,"9,081",99.7
경기도,성남시,정자3동,2030,486.94,"23,107.96","23,107.96",100.0,0.000,0.00,0.00,0.00,0.00,0.00,0.00,0.00,0.000,196.54,"11,148.17","11,148.17",43.98,"11,104.19",0.000,290.40,"11,959.79","11,959.79","2,835.15","9,124.64",0.00,0.00,0,"2,000","1,802","2,759","2,758",11,93,"22,294",96.5
경기도,성남시,서현1동,2030,"1,165.72","56,715.67","56,715.67",100.0,0.000,0.00,"1,198.59","1,198.59",0.00,"1,198.59",0.00,0.00,0.000,483.29,"27,412.44","27,412.44",695.79,"26,716.65",0.000,682.43,"28,104.64","28,104.64","3,091.31","25,013.33",0.00,0.00,0,0,0,0,0,0,0,"56,472",99.6
경기도,성남시,서현2동,2030,419.24,"19,971.08","19,971.08",100.0,0.000,0.00,0.00,0.00,0.00,0.00,0.00,0.00,0.000,174.12,"9,876.31","9,876.31",0.00,"9,876.31",0.000,245.12,"10,094.77","10,094.77","1,391.28","8,703.49",0.00,0.00,0,0,0,0,0,0,0,"19,911",99.7
경기도,성남시,이매1동,2030,833.81,"41,670.72","41,670.72",100.0,0.000,0.00,"2,090.97","2,090.97",491.47,"1,599.50",0.00,0.00,0.000,337.31,"19,132.35","19,132.35","2,275.72","16,856.63",0.000,496.50,"20,447.40","20,447.40","3,869.39","16,578.01",0.00,0.00,0,0,0,0,0,0,0,"41,214",98.9
경기도,성남시,이매2동,2030,1.49,84.55,84.55,100.0,0.000,0.00,0.00,0.00,0.00,0.00,0.00,0.00,0.000,1.49,84.55,84.55,0.00,84.55,0.000,0.00,0.00,0.00,0.00,0.00,0.00,0.00,0,0,0,0,0,0,0,0,0.0
경기도,성남시,야탑1동,2030,"1,582.77","74,195.57","74,195.57",100.0,0.000,0.00,373.94,373.94,0.00,373.94,0.00,0.00,0.000,555.90,"31,531.45","31,531.45",801.32,"30,730.13",0.000,"1,026.87","42,290.18","42,290.18","6,154.91","36,135.27",0.00,0.00,0,0,0,0,0,0,0,"73,663",99.3
경기도,성남시,야탑2동,2030,327.54,"15,873.32","15,873.32",100.0,0.000,0.00,0.00,0.00,0.00,0.00,0.00,0.00,0.000,153.43,"8,702.75","8,702.75",547.15,"8,155.60",0.000,174.11,"7,170.57","7,170.57","1,150.80","6,019.77",0.00,0.00,0,0,0,0,0,0,0,"15,661",98.7
경기도,성남시,야탑3동,2030,884.86,"42,575.27","42,575.27",100.0,0.000,0.00,0.00,0.00,0.00,0.00,0.00,0.00,0.000,394.75,"22,390.66","22,390.66",207.19,"22,183.47",0.000,490.11,"20,184.61","20,184.61","1,645.13","18,539.48",0.00,0.00,0,0,0,0,0,0,0,"42,447",99.7
경기도,성남시,판교동,2030,0.00,0.00,0.00,0.0,0.000,0.00,0.00,0.00,0.00,0.00,0.00,0.00,0.000,0.00,0.00,0.00,0.00,0.00,0.000,0.00,0.00,0.00,0.00,0.00,0.00,0.00,0,0,0,0,0,0,0,0,0.0
경기도,성남시,삼평동,2030,3.32,188.21,188.21,100.0,0.000,0.00,0.00,0.00,0.00,0.00,0.00,0.00,0.000,3.32,188.21,188.21,0.00,188.21,0.000,0.00,0.00,0.00,0.00,0.00,0.00,0.00,0,0,0,0,0,0,0,187,99.4
경기도,성남시,백현동,2030,"1,189.31","55,191.80","55,191.80",100.0,0.000,0.00,0.00,0.00,0.00,0.00,0.00,0.00,0.000,399.79,"22,676.64","22,676.64",0.00,"22,676.64",0.000,789.52,"32,515.16","32,515.16","4,170.22","28,344.94",0.00,0.00,0,0,0,0,0,0,0,56,0.1
경기도,성남시,금곡동,2030,"2,120.90","101,318.08","101,318.08",100.0,0.000,0.00,"2,423.10","2,423.10",398.81,"2,024.29",0.00,0.00,0.000,743.31,"42,161.09","42,161.09",164.41,"41,996.68",0.000,"1,377.59","56,733.89","56,733.89","4,415.39","52,318.50",0.00,0.00,0,0,0,0,0,0,0,"50,915",50.3
경기도,성남시,구미1동,2030,738.02,"35,931.20","35,931.20",100.0,0.000,0.00,573.42,573.42,441.46,131.96,0.00,0.00,0.000,319.46,"18,119.86","18,119.86",0.00,"18,119.86",0.000,418.56,"17,237.92","17,237.92","1,180.44","16,057.48",0.00,0.00,0,0,0,0,0,0,0,"35,433",98.6
경기도,성남시,구미동,2030,"1,140.09","54,505.65","54,505.65",100.0,0.000,0.00,0.00,0.00,0.00,0.00,0.00,0.00,0.000,486.10,"27,571.99","27,571.99",395.32,"27,176.67",0.000,653.99,"26,933.66","26,933.66","5,021.72","21,911.94",0.00,0.00,0,0,0,0,0,0,0,"54,284",99.6
경기도,성남시,운중동,2030,21.41,"1,134.73","1,134.73",100.0,0.000,0.00,0.00,0.00,0.00,0.00,0.00,0.00,0.000,16.29,923.86,923.86,0.00,923.86,0.000,5.12,210.87,210.87,0.00,210.87,0.00,0.00,0,0,0,0,0,0,0,168,14.9
경기도,의정부시,소계,,"534,596.65","537,118.68","524,261.45",97.6,8.670,"260,551.68","260,551.68","260,008.45","40,903.00","219,105.45",0.00,0.00,13.810,"158,781.97","161,304.00","160,301.00",0.00,"160,301.00",13.150,"115,263.00","115,263.00","103,952.00","1,376.00","101,974.00",602.00,0.00,"11,845",0,0,"18,945",0,69,216,"490,956",93.6
경기도,의정부시,의정부1동,2030,"28,059.00","28,726.00","28,155.64",98.0,0.440,"15,816.00","15,816.00","15,782.64","2,483.00","13,299.64",0.00,0.00,0.620,"6,792.00","7,459.00","7,459.00",0.00,"7,459.00",0.620,"5,451.00","5,451.00","4,914.00",65.00,"4,821.00",28.00,0.00,561,0,0,961,0,3,10,"26,538",94.3
경기도,의정부시,의정부2동,2030,"37,555.00","38,452.00","37,686.75",98.0,0.590,"21,169.00","21,169.00","21,121.75","3,324.00","17,797.75",0.00,0.00,0.830,"9,090.00","9,987.00","9,987.00",0.00,"9,987.00",0.830,"7,296.00","7,296.00","6,578.00",87.00,"6,453.00",38.00,0.00,751,0,0,"1,289",0,4,14,"35,519",94.2
경기도,의정부시,의정부3동,2030,"14,808.00","14,808.00","14,514.03",98.0,0.220,"8,152.00","8,152.00","8,132.03","1,280.00","6,852.03",0.00,0.00,0.320,"3,846.00","3,846.00","3,843.00",0.00,"3,843.00",0.320,"2,810.00","2,810.00","2,539.00",34.00,"2,490.00",15.00,0.00,289,0,0,481,0,2,5,"13,679",94.2
경기도,의정부시,호원1동,2030,"49,789.00","49,789.00","48,798.37",98.0,0.770,"27,411.00","27,411.00","27,349.37","4,304.00","23,045.37",0.00,0.00,1.080,"12,931.00","12,931.00","12,931.00",0.00,"12,931.00",1.080,"9,447.00","9,447.00","8,518.00",113.00,"8,356.00",49.00,0.00,972,0,0,"1,683",0,6,18,"45,993",94.3
경기도,의정부시,호원2동,2030,"51,395.00","51,395.00","50,373.89",98.0,0.790,"28,295.00","28,295.00","28,231.89","4,443.00","23,788.89",0.00,0.00,1.110,"13,348.00","13,348.00","13,348.00",0.00,"13,348.00",1.110,"9,752.00","9,752.00","8,794.00",117.00,"8,626.00",51.00,0.00,"1,003",0,0,"1,726",0,6,18,"47,476",94.2
경기도,의정부시,장암동,2030,"30,529.50","30,529.50","29,976.68",98.2,0.430,"15,299.00","15,299.00","15,264.18","2,402.00","12,862.18",0.00,0.00,0.600,"9,830.50","9,830.50","9,830.50",0.00,"9,830.50",0.600,"5,400.00","5,400.00","4,882.00",63.00,"4,791.00",28.00,0.00,542,0,0,940,0,3,10,"25,670",85.6
경기도,의정부시,신곡1동,2030,"61,291.00","61,291.00","59,093.68",96.4,0.930,"33,193.00","33,193.00","33,118.68","5,212.00","27,906.68",0.00,0.00,1.310,"16,659.00","16,659.00","15,659.00",0.00,"15,659.00",1.310,"11,439.00","11,439.00","10,316.00",137.00,"10,119.00",60.00,0.00,"1,177",0,0,"2,032",0,7,21,"55,693",94.2
경기도,의정부시,신곡2동,2030,"64,515.00","64,515.00","63,232.30",98.0,0.990,"35,518.00","35,518.00","35,438.30","5,577.00","29,861.30",0.00,0.00,1.400,"16,756.00","16,756.00","16,756.00",0.00,"16,756.00",1.400,"12,241.00","12,241.00","11,038.00",146.00,"10,828.00",64.00,0.00,"1,259",0,0,"2,163",0,7,23,"59,596",94.2
경기도,의정부시,송산1동,2030,"19,782.08","19,782.08","18,963.08",95.9,0.680,0.00,0.00,0.00,0.00,0.00,0.00,0.00,0.950,"11,444.08","11,444.08","11,444.08",0.00,"11,444.08",0.950,"8,338.00","8,338.00","7,519.00",100.00,"7,375.00",44.00,0.00,858,0,0,"1,486",0,5,16,"17,712",93.4
경기도,의정부시,송산2동,2030,"40,372.39","40,372.39","38,699.39",95.9,0.730,0.00,0.00,0.00,0.00,0.00,0.00,0.00,2.610,"23,355.39","23,355.39","23,355.39",0.00,"23,355.39",1.950,"17,017.00","17,017.00","15,344.00",203.00,"15,052.00",89.00,0.00,"1,751",0,0,"1,595",0,10,32,"36,147",93.4
경기도,의정부시,자금동,2030,"40,136.00","41,094.00","40,276.85",98.0,0.630,"22,624.00","22,624.00","22,572.85","3,552.00","19,020.85",0.00,0.00,0.890,"9,715.00","10,673.00","10,673.00",0.00,"10,673.00",0.890,"7,797.00","7,797.00","7,031.00",93.00,"6,897.00",41.00,0.00,802,0,0,"1,377",0,5,15,"37,960",94.2
경기도,의정부시,가능1동,2030,"34,507.68","34,507.68","33,865.68",98.1,0.530,"19,019.68","19,019.68","19,019.68","2,979.00","16,040.68",0.00,0.00,0.750,"8,950.00","8,950.00","8,950.00",0.00,"8,950.00",0.750,"6,538.00","6,538.00","5,896.00",78.00,"5,784.00",34.00,0.00,673,0,0,"1,158",0,4,12,"31,833",94.0
경기도,의정부시,가능동,2030,0.00,0.00,0.00,0.0,0.000,0.00,0.00,0.00,0.00,0.00,0.00,0.00,0.000,0.00,0.00,0.00,0.00,0.00,0.000,0.00,0.00,0.00,0.00,0.00,0.00,0.00,0,0,0,0,0,0,0,0,0.0
경기도,의정부시,흥선동,2030,"29,624.00","29,624.03","29,034.03",98.0,0.450,"16,309.00","16,309.00","16,272.00","2,561.00","13,711.00",0.00,0.00,0.640,"7,694.00","7,694.03","7,694.03",0.00,"7,694.03",0.640,"5,621.00","5,621.00","5,068.00",67.00,"4,972.00",29.00,0.00,578,0,0,983,0,3,11,"27,365",94.3
경기도,의정부시,녹양동,2030,"32,233.00","32,233.00","31,591.08",98.0,0.490,"17,746.00","17,746.00","17,705.08","2,786.00","14,919.08",0.00,0.00,0.700,"8,371.00","8,371.00","8,371.00",0.00,"8,371.00",0.700,"6,116.00","6,116.00","5,515.00",73.00,"5,410.00",32.00,0.00,629,0,0,"1,071",0,4,11,"29,775",94.3
경기도,안양시,소계,,"656,370.00","772,682.00","663,980.00",85.9,14.344,"398,149.00","446,561.00","424,792.00","69,133.00","355,659.00",0.00,0.00,11.688,"164,859.00","175,379.00","103,304.00","1,044.00","102,260.00",11.688,"93,362.00","150,742.00","135,884.00","19,056.00","116,828.00",0.00,0.00,"5,028","3,079","6,059","2,292","28,737",203,177,"663,980",100.0
경기도,안양시,안양1동,2030,"14,976.00","16,098.00","12,164.00",75.6,0.389,"13,916.00","13,916.00","10,752.00","2,366.00","8,386.00",0.00,0.00,0.131,"1,060.00","1,060.00",290.00,0.00,290.00,0.131,0.00,"1,122.00","1,122.00",0.00,"1,122.00",0.00,0.00,195,18,60,8,599,1,13,"12,164",100.0
경기도,안양시,안양2동,2030,"47,477.00","50,189.00","40,092.00",79.9,1.123,"34,736.00","36,394.00","36,394.00","6,886.00","29,508.00",0.00,0.00,0.050,"10,352.00","10,352.00",255.00,0.00,255.00,0.050,"2,389.00","3,443.00","3,443.00",373.00,"3,070.00",0.00,0.00,535,123,94,135,"1,807",38,26,"40,092",100.0
경기도,안양시,안양3동,2030,"12,491.00","18,444.00","17,418.00",94.4,0.624,"11,465.00","17,217.00","17,217.00","1,911.00","15,306.00",0.00,0.00,0.000,"1,026.00","1,026.00",0.00,0.00,0.00,0.000,0.00,201.00,201.00,0.00,201.00,0.00,0.00,339,29,50,0,978,2,0,"17,418",100.0
경기도,안양시,안양4동,2030,"10,881.00","11,115.00","8,574.00",77.1,0.303,"9,643.00","9,643.00","8,340.00",202.00,"8,138.00",0.00,0.00,0.000,"1,238.00","1,238.00",0.00,0.00,0.00,0.000,0.00,234.00,234.00,0.00,234.00,0.00,0.00,211,0,16,0,639,2,1,"8,574",100.0
경기도,안양시,안양5동,2030,"12,765.00","15,938.00","15,938.00",100.0,0.550,"12,759.00","15,209.00","15,209.00",704.00,"14,505.00",0.00,0.00,0.000,6.00,340.00,340.00,0.00,340.00,0.000,0.00,389.00,389.00,0.00,389.00,0.00,0.00,312,3,56,0,807,0,0,"15,938",100.0
경기도,안양시,안양6동,2030,"23,925.00","23,968.00","23,670.00",98.8,0.822,"23,925.00","23,925.00","23,627.00","2,094.00","21,533.00",0.00,0.00,0.000,0.00,0.00,0.00,0.00,0.00,0.000,0.00,43.00,43.00,0.00,43.00,0.00,0.00,439,0,61,0,"1,292",0,0,"23,670",100.0
경기도,안양시,안양7동,2030,"32,934.00","36,729.00","22,242.00",60.6,0.657,"24,756.00","24,756.00","17,224.00","4,577.00","12,647.00",0.00,0.00,0.263,"8,178.00","8,178.00","1,223.00",0.00,"1,223.00",0.263,0.00,"3,795.00","3,795.00",143.00,"3,652.00",0.00,0.00,254,40,158,13,937,14,21,"22,242",100.0
경기도,안양시,안양8동,2030,"15,870.00","16,719.00","15,775.00",94.4,0.602,"14,262.00","15,074.00","15,074.00","1,737.00","13,337.00",0.00,0.00,0.000,"1,608.00","1,608.00",664.00,0.00,664.00,0.000,0.00,37.00,37.00,0.00,37.00,0.00,0.00,268,17,39,0,746,0,0,"15,775",100.0
경기도,안양시,안양9동,2030,"24,663.00","26,791.00","19,546.00",73.0,0.419,"16,402.00","16,402.00","14,737.00",258.00,"14,479.00",0.00,0.00,0.417,"7,847.00","7,847.00","2,267.00",0.00,"2,267.00",0.417,414.00,"2,542.00","2,542.00",338.00,"2,204.00",0.00,0.00,355,153,89,66,712,9,17,"19,546",100.0
경기도,안양시,석수1동,2030,"23,076.00","33,312.00","31,490.00",94.5,0.783,"14,632.00","17,822.00","17,822.00","1,308.00","16,514.00",0.00,0.00,0.734,"5,536.00","5,536.00","3,714.00",0.00,"3,714.00",0.734,"2,908.00","9,954.00","9,954.00",264.00,"9,690.00",0.00,0.00,344,157,273,142,"1,072",15,32,"31,490",100.0
경기도,안양시,석수2동,2030,"49,436.00","53,528.00","47,538.00",88.8,0.807,"30,640.00","30,640.00","30,613.00","3,973.00","26,640.00",0.00,0.00,0.704,"13,057.00","13,057.00","7,094.00",1.00,"7,093.00",0.704,"5,739.00","9,831.00","9,831.00","1,627.00","8,204.00",0.00,0.00,237,213,583,121,"1,871",17,13,"47,538",100.0
경기도,안양시,석수3동,2030,"22,096.00","36,143.00","22,521.00",62.3,0.002,665.00,"14,712.00","14,712.00","5,800.00","8,912.00",0.00,0.00,0.388,"11,431.00","11,431.00","4,633.00",0.00,"4,633.00",0.388,"10,000.00","10,000.00","3,176.00",125.00,"3,051.00",0.00,0.00,209,142,73,30,"2,098",3,2,"22,521",100.0
경기도,안양시,박달1동,2030,"15,276.00","18,045.00","18,045.00",100.0,0.342,"14,170.00","16,234.00","16,234.00","2,758.00","13,476.00",0.00,0.00,0.060,"1,106.00","1,660.00","1,660.00",0.00,"1,660.00",0.060,0.00,151.00,151.00,0.00,151.00,0.00,0.00,305,54,48,0,"1,007",6,1,"18,045",100.0
경기도,안양시,박달2동,2030,"30,135.00","35,267.00","24,697.00",70.0,0.790,"15,443.00","17,658.00","17,658.00","4,662.00","12,996.00",0.00,0.00,1.026,"13,303.00","13,303.00","2,733.00",0.00,"2,733.00",1.026,"1,389.00","4,306.00","4,306.00",905.00,"3,401.00",0.00,0.00,232,134,147,145,762,18,14,"24,697",100.0
경기도,안양시,비산1동,2030,"14,049.00","15,595.00","13,276.00",85.1,0.241,"9,761.00","11,073.00","11,073.00","3,673.00","7,400.00",0.00,0.00,0.410,"4,288.00","4,288.00","1,969.00",0.00,"1,969.00",0.410,0.00,234.00,234.00,0.00,234.00,0.00,0.00,225,68,62,78,491,2,3,"13,276",100.0
경기도,안양시,비산2동,2030,"15,391.00","17,531.00","14,385.00",82.1,0.274,"10,831.00","12,777.00","12,777.00","3,698.00","9,079.00",0.00,0.00,0.129,"4,113.00","4,113.00",967.00,0.00,967.00,0.129,447.00,641.00,641.00,0.00,641.00,0.00,0.00,128,20,143,43,570,9,3,"14,385",100.0
경기도,안양시,비산3동,2030,"25,260.00","25,863.00","24,605.00",95.1,0.986,"22,665.00","22,665.00","22,346.00","4,539.00","17,807.00",0.00,0.00,0.187,"2,595.00","2,595.00","1,656.00",0.00,"1,656.00",0.187,0.00,603.00,603.00,0.00,603.00,0.00,0.00,43,65,347,2,"1,111",4,0,"24,605",100.0
경기도,안양시,부흥동,2030,"11,666.00","13,658.00","10,016.00",73.3,0.000,236.00,"2,228.00","2,228.00",546.00,"1,682.00",0.00,0.00,0.460,"4,972.00","4,972.00","3,691.00",0.00,"3,691.00",0.460,"6,458.00","6,458.00","4,097.00",567.00,"3,530.00",0.00,0.00,2,93,106,33,311,5,0,"10,016",100.0
경기도,안양시,달안동,2030,"7,600.00","10,899.00","10,899.00",100.0,0.000,0.00,"1,298.00","1,298.00",0.00,"1,298.00",0.00,0.00,0.414,"3,389.00","3,976.00","3,976.00",0.00,"3,976.00",0.414,"4,211.00","5,625.00","5,625.00",782.00,"4,843.00",0.00,0.00,0,101,146,30,306,1,0,"10,899",100.0
경기도,안양시,관양1동,2030,"30,777.00","51,575.00","48,505.00",94.0,0.813,"27,209.00","27,209.00","24,139.00","2,992.00","21,147.00",0.00,0.00,0.588,"3,568.00","9,211.00","9,211.00",0.00,"9,211.00",0.588,0.00,"15,155.00","15,155.00","1,930.00","13,225.00",0.00,0.00,41,269,720,211,"2,243",3,1,"48,505",100.0
경기도,안양시,관양2동,2030,"31,781.00","41,239.00","41,239.00",100.0,0.687,"22,544.00","24,224.00","24,224.00","4,317.00","19,907.00",0.00,0.00,0.745,"6,530.00","7,711.00","7,711.00",0.00,"7,711.00",0.745,"2,707.00","9,304.00","9,304.00",962.00,"8,342.00",0.00,0.00,95,133,505,111,"1,698",18,9,"41,239",100.0
경기도,안양시,부림동,2030,"18,320.00","24,442.00","24,442.00",100.0,0.000,678.00,"2,983.00","2,983.00","1,111.00","1,872.00",0.00,0.00,0.902,"8,858.00","9,251.00","9,251.00",0.00,"9,251.00",0.902,"8,784.00","12,208.00","12,208.00","2,291.00","9,917.00",0.00,0.00,5,239,322,91,746,2,0,"24,442",100.0
경기도,안양시,평촌동,2030,"11,430.00","14,219.00","13,141.00",92.4,0.282,"10,187.00","10,187.00","9,109.00","1,822.00","7,287.00",0.00,0.00,0.216,868.00,"1,485.00","1,485.00",0.00,"1,485.00",0.216,375.00,"2,547.00","2,547.00",343.00,"2,204.00",0.00,0.00,124,32,110,31,576,5,2,"13,141",100.0
경기도,안양시,평안동,2030,"17,986.00","18,928.00","12,025.00",63.5,0.000,158.00,"1,100.00","1,100.00",519.00,581.00,0.00,0.00,0.831,"7,759.00","7,759.00","5,055.00",0.00,"5,055.00",0.831,"10,069.00","10,069.00","5,870.00",917.00,"4,953.00",0.00,0.00,6,127,125,39,423,0,0,"12,025",100.0
경기도,안양시,귀인동,2030,"17,970.00","18,498.00","17,983.00",97.2,0.000,910.00,910.00,395.00,0.00,395.00,0.00,0.00,0.720,"7,140.00","7,666.00","7,666.00",0.00,"7,666.00",0.720,"9,920.00","9,922.00","9,922.00","1,124.00","8,798.00",0.00,0.00,10,191,207,279,634,0,0,"17,983",100.0
경기도,안양시,호계1동,2030,"24,589.00","27,343.00","24,836.00",90.8,0.587,"20,473.00","20,473.00","17,966.00","2,107.00","15,859.00",0.00,0.00,0.359,"3,697.00","3,970.00","3,970.00","1,043.00","2,927.00",0.359,419.00,"2,900.00","2,900.00",757.00,"2,143.00",0.00,0.00,37,83,314,36,"1,105",10,5,"24,836",100.0
경기도,안양시,호계2동,2030,"31,455.00","34,677.00","26,605.00",76.7,1.627,"22,250.00","25,472.00","25,472.00","4,003.00","21,469.00",0.00,0.00,0.033,"8,555.00","8,555.00",701.00,0.00,701.00,0.033,650.00,650.00,432.00,82.00,350.00,0.00,0.00,39,33,436,50,"1,184",6,14,"26,605",100.0
경기도,안양시,호계3동,2030,"14,706.00","15,448.00","14,299.00",92.6,0.581,"10,901.00","10,901.00","10,706.00",12.00,"10,694.00",0.00,0.00,0.242,"2,338.00","2,338.00","1,384.00",0.00,"1,384.00",0.242,"1,467.00","2,209.00","2,209.00",451.00,"1,758.00",0.00,0.00,18,41,259,48,550,13,0,"14,299",100.0
경기도,안양시,범계동,2030,"13,624.00","15,042.00","13,494.00",89.7,0.000,166.00,"1,584.00","1,584.00",511.00,"1,073.00",0.00,0.00,0.577,"5,829.00","5,829.00","4,913.00",0.00,"4,913.00",0.577,"7,629.00","7,629.00","6,997.00","1,381.00","5,616.00",0.00,0.00,7,133,155,75,421,0,0,"13,494",100.0
경기도,안양시,신촌동,2030,"12,773.00","14,447.00","14,447.00",100.0,0.002,983.00,"1,092.00","1,092.00",47.00,"1,045.00",0.00,0.00,0.396,"6,666.00","7,078.00","7,078.00",0.00,"7,078.00",0.396,"5,124.00","6,277.00","6,277.00","1,584.00","4,693.00",0.00,0.00,9,180,123,178,361,0,0,"14,447",100.0
경기도,안양시,갈산동,2030,"20,992.00","20,992.00","20,073.00",95.6,0.051,783.00,783.00,687.00,0.00,687.00,0.00,0.00,0.706,"7,946.00","7,946.00","7,747.00",0.00,"7,747.00",0.706,"12,263.00","12,263.00","11,639.00","2,110.00","9,529.00",0.00,0.00,4,188,232,297,680,0,0,"20,073",100.0
경기도,부천시,소계,,0.00,"889,289.00","889,289.00",100.0,0.000,0.00,"561,555.00","561,555.00","60,547.90","479,788.40",0.00,"21,218.70",0.000,0.00,"144,946.00","144,946.00","10,037.20","134,908.80",0.000,0.00,"182,788.00","182,788.00","39,169.50","137,930.40",0.00,"5,688.10","11,025","3,255","3,581","40,044",0,52,48,"889,275",100.0
경기도,부천시,심곡2동,2030,0.00,"18,900.50","18,900.50",100.0,0.000,0.00,"18,900.50","18,900.50","1,649.70","17,250.80",0.00,0.00,0.000,0.00,0.00,0.00,0.00,0.00,0.000,0.00,0.00,0.00,0.00,0.00,0.00,0.00,355,0,0,"1,086",0,0,0,"18,900",100.0
경기도,부천시,심곡1동,2030,0.00,"15,857.90","15,857.90",100.0,0.000,0.00,"15,857.90","15,857.90","2,903.20","12,954.70",0.00,0.00,0.000,0.00,0.00,0.00,0.00,0.00,0.000,0.00,0.00,0.00,0.00,0.00,0.00,0.00,297,0,0,955,0,1,0,"15,857",100.0
경기도,부천시,심곡3동,2030,0.00,"14,097.30","14,097.30",100.0,0.000,0.00,"14,097.30","14,097.30",534.50,"13,482.30",0.00,80.50,0.000,0.00,0.00,0.00,0.00,0.00,0.000,0.00,0.00,0.00,0.00,0.00,0.00,0.00,224,0,0,619,0,0,0,"14,097",100.0
경기도,부천시,원미2동,2030,0.00,"13,122.00","13,122.00",100.0,0.000,0.00,"13,122.00","13,122.00",721.90,"12,400.10",0.00,0.00,0.000,0.00,0.00,0.00,0.00,0.00,0.000,0.00,0.00,0.00,0.00,0.00,0.00,0.00,276,0,0,755,0,0,0,"13,122",100.0
경기도,부천시,소사동,2030,0.00,"11,860.10","11,860.10",100.0,0.000,0.00,"11,860.10","11,860.10","1,126.20","10,664.10",0.00,69.80,0.000,0.00,0.00,0.00,0.00,0.00,0.000,0.00,0.00,0.00,0.00,0.00,0.00,0.00,247,0,0,602,0,0,0,"11,860",100.0
경기도,부천시,원미1동,2030,0.00,"21,067.40","21,067.40",100.0,0.000,0.00,"21,067.40","21,067.40","1,681.90","19,235.60",0.00,149.90,0.000,0.00,0.00,0.00,0.00,0.00,0.000,0.00,0.00,0.00,0.00,0.00,0.00,0.00,449,0,0,960,0,0,0,"21,067",100.0
경기도,부천시,역곡1동,2030,0.00,"16,803.40","16,803.40",100.0,0.000,0.00,"16,803.40","16,803.40","1,284.80","15,444.10",0.00,74.50,0.000,0.00,0.00,0.00,0.00,0.00,0.000,0.00,0.00,0.00,0.00,0.00,0.00,0.00,379,0,0,882,0,0,0,"16,803",100.0
경기도,부천시,역곡2동,2030,0.00,"14,030.50","14,030.50",100.0,0.000,0.00,"14,030.50","14,030.50","1,342.30","12,500.20",0.00,188.00,0.000,0.00,0.00,0.00,0.00,0.00,0.000,0.00,0.00,0.00,0.00,0.00,0.00,0.00,314,0,0,814,0,0,0,"14,030",100.0
경기도,부천시,춘의동,2030,0.00,"31,182.50","31,182.50",100.0,0.000,0.00,"31,182.50","31,182.50","2,608.20","27,400.50",0.00,"1,173.80",0.000,0.00,0.00,0.00,0.00,0.00,0.000,0.00,0.00,0.00,0.00,0.00,0.00,0.00,692,0,0,"1,171",0,4,0,"31,182",100.0
경기도,부천시,도당동,2030,0.00,"35,156.30","35,156.30",100.0,0.000,0.00,"35,156.30","35,156.30","3,110.60","31,187.30",0.00,858.40,0.000,0.00,0.00,0.00,0.00,0.00,0.000,0.00,0.00,0.00,0.00,0.00,0.00,0.00,599,0,0,"2,135",0,0,0,"35,156",100.0
경기도,부천시,중동,2030,0.00,"28,200.50","28,200.50",100.0,0.000,0.00,"28,200.50","28,200.50","4,909.20","23,291.30",0.00,0.00,0.000,0.00,0.00,0.00,0.00,0.00,0.000,0.00,0.00,0.00,0.00,0.00,0.00,0.00,362,0,0,"1,003",0,0,0,"28,200",100.0
경기도,부천시,상동,2030,0.00,"30,059.30","30,059.30",100.0,0.000,0.00,"8,801.10","8,801.10",665.90,"7,940.30",0.00,194.90,0.000,0.00,"8,523.80","8,523.80",0.00,"8,523.80",0.000,0.00,"12,734.40","12,734.40","2,249.00","10,485.40",0.00,0.00,121,169,260,"1,064",0,0,0,"30,059",100.0
경기도,부천시,상1동,2030,0.00,"14,286.60","14,286.60",100.0,0.000,0.00,25.60,25.60,25.60,0.00,0.00,0.00,0.000,0.00,"6,300.00","6,300.00",0.00,"6,300.00",0.000,0.00,"7,961.00","7,961.00","2,677.00","5,170.30",0.00,113.70,0,91,163,544,0,1,0,"14,286",100.0
경기도,부천시,중4동,2030,0.00,"13,474.00","13,474.00",100.0,0.000,0.00,23.50,23.50,0.40,23.10,0.00,0.00,0.000,0.00,"5,272.00","5,272.00","1,235.00","4,037.00",0.000,0.00,"8,178.50","8,178.50","5,006.70","3,022.70",0.00,149.10,0,100,115,0,0,2,0,"13,474",100.0
경기도,부천시,약대동,2030,0.00,"19,167.10","19,167.10",100.0,0.000,0.00,"14,418.80","14,418.80","1,083.70","13,275.40",0.00,59.70,0.000,0.00,"2,505.20","2,505.20",300.60,"2,204.60",0.000,0.00,"2,243.10","2,243.10",609.00,"1,634.10",0.00,0.00,374,77,53,865,0,3,0,"19,167",100.0
경기도,부천시,중1동,2030,0.00,"30,989.10","30,989.10",100.0,0.000,0.00,450.10,450.10,0.00,450.10,0.00,0.00,0.000,0.00,"13,112.40","13,112.40","2,097.90","11,014.50",0.000,0.00,"17,426.60","17,426.60","4,773.00","12,653.60",0.00,0.00,11,250,344,"1,587",0,4,0,"30,989",100.0
경기도,부천시,중2동,2030,0.00,"20,018.50","20,018.50",100.0,0.000,0.00,"1,902.70","1,902.70",331.80,"1,570.90",0.00,0.00,0.000,0.00,"8,248.40","8,248.40",104.60,"8,143.80",0.000,0.00,"9,867.40","9,867.40","2,560.20","7,307.20",0.00,0.00,38,198,199,"1,121",0,7,0,"20,018",100.0
경기도,부천시,중3동,2030,0.00,"22,039.80","22,039.80",100.0,0.000,0.00,"2,568.70","2,568.70",94.60,"2,474.10",0.00,0.00,0.000,0.00,"8,182.90","8,182.90",0.00,"8,182.90",0.000,0.00,"11,288.20","11,288.20","2,812.90","8,247.30",0.00,228.00,54,189,225,842,0,4,0,"22,039",100.0
경기도,부천시,상2동,2030,0.00,"36,570.70","36,570.70",100.0,0.000,0.00,0.00,0.00,0.00,0.00,0.00,0.00,0.000,0.00,"15,162.70","15,162.70",0.00,"15,162.70",0.000,0.00,"21,408.00","21,408.00","3,766.40","17,641.60",0.00,0.00,0,326,381,"1,432",0,0,0,"36,570",100.0
경기도,부천시,상3동,2030,0.00,"24,923.40","24,923.40",100.0,0.000,0.00,0.00,0.00,0.00,0.00,0.00,0.00,0.000,0.00,"10,938.90","10,938.90",0.00,"10,938.90",0.000,0.00,"13,984.50","13,984.50","3,822.80","10,161.70",0.00,0.00,0,236,223,847,0,0,0,"24,923",100.0
경기도,부천시,심곡본동,2030,0.00,"16,718.00","16,718.00",100.0,0.000,0.00,"16,718.00","16,718.00","2,151.70","14,566.30",0.00,0.00,0.000,0.00,0.00,0.00,0.00,0.00,0.000,0.00,0.00,0.00,0.00,0.00,0.00,0.00,336,0,0,712,0,0,0,"16,718",100.0
경기도,부천시,심곡본1동,2030,0.00,"14,406.40","14,406.40",100.0,0.000,0.00,"14,406.40","14,406.40","1,809.40","12,597.00",0.00,0.00,0.000,0.00,0.00,0.00,0.00,0.00,0.000,0.00,0.00,0.00,0.00,0.00,0.00,0.00,320,0,0,807,0,0,0,"14,406",100.0
경기도,부천시,송내1동,2030,0.00,"22,444.00","22,444.00",100.0,0.000,0.00,"13,839.70","13,839.70","2,190.70","11,649.00",0.00,0.00,0.000,0.00,"3,979.70","3,979.70",0.00,"3,979.70",0.000,0.00,"4,624.60","4,624.60",683.80,"3,940.80",0.00,0.00,305,99,98,"1,104",0,0,2,"22,444",100.0
경기도,부천시,송내2동,2030,0.00,"17,041.70","17,041.70",100.0,0.000,0.00,"17,041.70","17,041.70","2,687.50","13,285.70",0.00,"1,068.50",0.000,0.00,0.00,0.00,0.00,0.00,0.000,0.00,0.00,0.00,0.00,0.00,0.00,0.00,332,0,0,886,0,0,0,"17,041",100.0
경기도,부천시,소사본동,2030,0.00,"15,486.50","15,486.50",100.0,0.000,0.00,"14,847.40","14,847.40","1,234.70","13,557.70",0.00,55.00,0.000,0.00,639.10,639.10,0.00,639.10,0.000,0.00,0.00,0.00,0.00,0.00,0.00,0.00,345,9,0,739,0,0,0,"15,486",100.0
경기도,부천시,소사본3동,2030,0.00,"38,398.60","38,398.60",100.0,0.000,0.00,"29,830.50","29,830.50","4,505.00","25,325.50",0.00,0.00,0.000,0.00,"3,438.40","3,438.40",0.00,"3,438.40",0.000,0.00,"5,129.70","5,129.70",0.00,"5,129.70",0.00,0.00,750,102,138,"1,899",0,0,0,"38,398",100.0
경기도,부천시,괴안동,2030,0.00,"13,672.70","13,672.70",100.0,0.000,0.00,"12,160.90","12,160.90",874.30,"11,286.60",0.00,0.00,0.000,0.00,526.90,526.90,0.00,526.90,0.000,0.00,984.90,984.90,0.00,984.90,0.00,0.00,262,20,24,760,0,0,0,"13,672",100.0
경기도,부천시,범박동,2030,0.00,"51,066.70","51,066.70",100.0,0.000,0.00,"4,780.90","4,780.90",776.30,"2,975.50",0.00,"1,029.10",0.000,0.00,"20,052.70","20,052.70",0.00,"20,052.70",0.000,0.00,"26,233.10","26,233.10","5,400.10","20,833.00",0.00,0.00,69,529,589,"1,679",0,2,5,"51,066",100.0
경기도,부천시,역곡3동,2030,0.00,"23,670.30","23,670.30",100.0,0.000,0.00,"19,734.80","19,734.80","3,238.30","16,311.20",0.00,185.30,0.000,0.00,20.70,20.70,16.70,4.00,0.000,0.00,"3,914.80","3,914.80",301.50,"3,428.00",0.00,185.30,406,93,88,"1,084",0,6,5,"23,670",100.0
경기도,부천시,성곡동,2030,0.00,"68,280.10","68,280.10",100.0,0.000,0.00,"24,991.00","24,991.00","2,491.50","22,499.50",0.00,0.00,0.000,0.00,"18,030.00","18,030.00",0.00,"18,030.00",0.000,0.00,"25,259.10","25,259.10","3,033.00","17,214.10",0.00,"5,012.00",483,479,476,"2,720",0,0,9,"68,280",100.0
경기도,부천시,고강본동,2030,0.00,"24,491.90","24,491.90",100.0,0.000,0.00,"24,491.90","24,491.90","1,734.80","21,327.30",0.00,"1,429.80",0.000,0.00,0.00,0.00,0.00,0.00,0.000,0.00,0.00,0.00,0.00,0.00,0.00,0.00,474,0,0,"1,290",0,0,3,"24,491",100.0
경기도,부천시,고강1동,2030,0.00,"17,726.60","17,726.60",100.0,0.000,0.00,"14,842.40","14,842.40",940.50,"11,566.20",0.00,"2,335.70",0.000,0.00,"1,599.80","1,599.80",0.00,"1,599.80",0.000,0.00,"1,284.40","1,284.40",0.00,"1,284.40",0.00,0.00,255,25,25,"1,012",0,2,5,"17,726",100.0
경기도,부천시,오정동,2030,0.00,"44,810.70","44,810.70",100.0,0.000,0.00,"25,435.90","25,435.90","2,482.50","15,128.00",0.00,"7,825.40",0.000,0.00,"12,348.90","12,348.90","4,482.70","7,866.20",0.000,0.00,"7,025.90","7,025.90",645.70,"6,380.20",0.00,0.00,358,189,143,"1,490",0,6,12,"44,810",100.0
경기도,부천시,원종1동,2030,0.00,"22,532.60","22,532.60",100.0,0.000,0.00,"20,639.90","20,639.90",424.20,"17,262.30",0.00,"2,953.40",0.000,0.00,"1,892.70","1,892.70",12.50,"1,880.20",0.000,0.00,0.00,0.00,0.00,0.00,0.00,0.00,367,25,0,812,0,0,0,"22,532",100.0
경기도,부천시,원종2동,2030,0.00,"11,090.70","11,090.70",100.0,0.000,0.00,"10,505.80","10,505.80","2,411.00","8,094.80",0.00,0.00,0.000,0.00,509.70,509.70,0.00,509.70,0.000,0.00,75.20,75.20,0.00,75.20,0.00,0.00,197,6,2,918,0,2,0,"11,090",100.0
경기도,부천시,신흥동,2030,0.00,"55,644.60","55,644.60",100.0,0.000,0.00,"48,818.90","48,818.90","6,521.00","40,810.90",0.00,"1,487.00",0.000,0.00,"3,661.10","3,661.10","1,787.20","1,873.90",0.000,0.00,"3,164.60","3,164.60",828.40,"2,336.20",0.00,0.00,974,43,35,"2,848",0,8,7,"55,646",100.0
경기도,광명시,소계,,"220,301.34","440,782.34","410,279.34",93.1,11.920,"24,539.00","189,037.00","187,737.00","32,231.00","155,506.00",0.00,0.00,13.690,"103,005.02","120,596.02","104,111.02","3,667.00","100,444.02",11.430,"92,757.32","131,149.32","118,431.32","19,972.01","96,998.31","1,152.00",309.00,"3,899","9,631","2,447","13,165","9,321",19,47,"410,279",100.0
경기도,광명시,광명1동,2025,196.00,"12,066.00","12,066.00",100.0,0.310,196.00,"12,066.00","12,066.00",862.00,"11,204.00",0.00,0.00,0.000,0.00,0.00,0.00,0.00,0.00,0.000,0.00,0.00,0.00,0.00,0.00,0.00,0.00,206,0,0,992,315,2,12,"12,066",100.0
경기도,광명시,광명2동,2025,173.00,"11,646.00","11,646.00",100.0,0.280,173.00,"11,646.00","11,646.00",832.00,"10,814.00",0.00,0.00,0.000,0.00,0.00,0.00,0.00,0.00,0.000,0.00,0.00,0.00,0.00,0.00,0.00,0.00,235,0,0,896,311,0,3,"11,646",100.0
경기도,광명시,광명3동,2025,175.00,"11,800.00","11,800.00",100.0,0.300,175.00,"11,800.00","11,800.00",843.00,"10,957.00",0.00,0.00,0.000,0.00,0.00,0.00,0.00,0.00,0.000,0.00,0.00,0.00,0.00,0.00,0.00,0.00,391,0,0,960,336,3,3,"11,800",100.0
경기도,광명시,광명4동,2025,200.00,"12,206.00","12,206.00",100.0,0.270,200.00,"12,206.00","12,206.00",872.00,"11,334.00",0.00,0.00,0.000,0.00,0.00,0.00,0.00,0.00,0.000,0.00,0.00,0.00,0.00,0.00,0.00,0.00,292,0,0,864,339,0,0,"12,206",100.0
경기도,광명시,광명5동,2025,164.00,"12,640.00","12,640.00",100.0,0.440,164.00,"12,640.00","12,640.00",903.00,"11,737.00",0.00,0.00,0.000,0.00,0.00,0.00,0.00,0.00,0.000,0.00,0.00,0.00,0.00,0.00,0.00,0.00,439,0,0,"1,408",402,2,7,"12,640",100.0
경기도,광명시,광명6동,2025,"16,603.00","29,766.00","23,315.00",78.3,0.360,65.00,"13,228.00","13,228.00",945.00,"12,283.00",0.00,0.00,2.050,"8,951.00","8,951.00","6,871.00",0.00,"6,871.00",0.200,"7,587.00","7,587.00","3,216.00",0.00,"3,216.00",0.00,0.00,357,96,107,727,705,3,2,"23,315",100.0
경기도,광명시,광명7동,2025,"32,518.00","43,761.00","26,368.00",60.3,1.110,58.00,"11,301.00","11,301.00",807.00,"10,494.00",0.00,0.00,1.230,"17,680.00","17,680.00","8,634.00",0.00,"8,634.00",0.400,"14,780.00","14,780.00","6,433.00",0.00,"6,433.00",0.00,0.00,310,122,135,735,770,0,0,"26,368",100.0
경기도,광명시,철산1동,2025,"1,537.00","12,002.00","12,002.00",100.0,0.520,0.00,"5,367.00","5,367.00",983.00,"4,384.00",0.00,0.00,0.000,"1,187.00","3,731.00","3,731.00",494.00,"3,237.00",0.400,350.00,"2,904.00","2,904.00",80.00,"2,824.00",0.00,0.00,110,36,38,561,219,1,4,"12,002",100.0
경기도,광명시,철산2동,2025,"2,691.00","21,826.00","21,826.00",100.0,0.950,0.00,"9,804.00","9,804.00","1,795.00","8,009.00",0.00,0.00,0.000,"2,078.00","6,766.00","6,766.00",852.00,"5,914.00",0.700,613.00,"5,256.00","5,256.00",97.00,"5,159.00",0.00,0.00,171,232,159,949,401,0,0,"21,826",100.0
경기도,광명시,철산3동,2025,"13,487.00","24,561.00","24,561.00",100.0,1.050,"9,642.00","10,837.00","10,837.00","1,985.00","8,852.00",0.00,0.00,0.000,"2,969.00","7,860.00","7,860.00","1,324.00","6,536.00",1.000,876.00,"5,864.00","5,864.00",162.00,"5,702.00",0.00,0.00,185,222,241,"1,026",442,1,3,"24,561",100.0
경기도,광명시,철산4동,2025,"5,377.00","8,340.00","7,040.00",84.4,0.320,"4,606.00","4,606.00","3,306.00",606.00,"2,700.00",0.00,0.00,0.000,595.00,"1,994.00","1,994.00",0.00,"1,994.00",0.200,176.00,"1,740.00","1,740.00",0.00,"1,740.00",0.00,0.00,119,19,15,406,135,0,0,"7,040",100.0
경기도,광명시,하안1동,2025,"16,648.00","35,953.00","35,953.00",100.0,0.580,"7,964.00","16,936.00","16,936.00","8,065.00","8,871.00",0.00,0.00,3.370,"7,171.00","10,234.00","10,234.00",0.00,"10,234.00",2.400,"1,513.00","8,783.00","8,783.00","1,442.00","6,729.00",612.00,0.00,175,235,224,666,383,0,0,"35,953",100.0
경기도,광명시,하안2동,2025,"3,807.00","7,801.00","7,801.00",100.0,0.510,0.00,"2,186.00","2,186.00","1,041.00","1,145.00",0.00,0.00,0.000,"3,313.00","3,892.00","3,892.00",0.00,"3,892.00",0.500,494.00,"1,723.00","1,723.00",0.00,"1,723.00",0.00,0.00,35,46,44,312,149,0,0,"7,801",100.0
경기도,광명시,하안3동,2025,"7,481.00","12,394.00","12,394.00",100.0,0.530,0.00,"2,272.00","2,272.00","1,082.00","1,190.00",0.00,0.00,0.000,"6,074.00","6,501.00","6,501.00",0.00,"6,501.00",0.500,"1,407.00","3,621.00","3,621.00",0.00,"3,621.00",0.00,0.00,30,130,69,327,344,0,3,"12,394",100.0
경기도,광명시,하안4동,2025,"5,126.00","8,213.00","8,109.00",98.7,0.380,0.00,"1,632.00","1,632.00",777.00,855.00,0.00,0.00,0.000,"4,426.00","4,426.00","4,322.00",0.00,"4,322.00",0.400,700.00,"2,155.00","2,155.00",0.00,"2,155.00",0.00,0.00,46,44,37,233,169,3,5,"8,109",100.0
경기도,광명시,소하1동,2025,"29,653.00","42,878.00","38,672.00",90.2,1.300,0.00,"12,909.00","12,909.00","3,043.00","9,866.00",0.00,0.00,2.500,"14,790.00","14,790.00","10,584.00",997.00,"9,587.00",1.300,"14,863.00","15,179.00","15,179.00","2,790.00","12,149.00",240.00,0.00,270,309,359,821,675,4,5,"38,672",100.0
경기도,광명시,소하2동,2025,"84,465.34","112,607.34","111,558.34",99.1,2.710,"1,296.00","17,279.00","17,279.00","4,768.00","12,511.00",0.00,0.00,4.540,"33,771.02","33,771.02","32,722.02",0.00,"32,722.02",3.430,"49,398.32","61,557.32","61,557.32","15,401.01","45,547.31",300.00,309.00,212,"8,140","1,019","1,282","2,979",0,0,"111,558",100.0
경기도,광명시,학온동,2025,0.00,"20,322.00","20,322.00",100.0,0.000,0.00,"20,322.00","20,322.00","2,022.00","18,300.00",0.00,0.00,0.000,0.00,0.00,0.00,0.00,0.00,0.000,0.00,0.00,0.00,0.00,0.00,0.00,0.00,316,0,0,0,247,0,0,"20,322",100.0
경기도,평택시,소계,,"421,159.00","1,728,081.16","1,720,964.12",99.6,168.400,"417,200.00","437,973.00","430,855.96","5,663.57","398,788.39","19,538.00","6,866.00",85.800,307.00,"802,777.98","802,777.98","1,203.00","801,574.98",89.200,"3,652.00","487,330.18","487,330.18","13,298.07","460,035.11","11,534.00","2,463.00","23,001","16,549","12,402","17,746","50,733",30,232,"1,426,433",82.9
경기도,평택시,팽성읍,2020,"45,061.00","290,787.56","289,274.56",99.5,42.000,"45,000.00","45,000.00","43,487.00",127.00,"38,476.00","4,298.00",586.00,13.000,4.00,"191,836.00","191,836.00",696.00,"191,140.00",13.500,57.00,"53,951.56","53,951.56","2,478.16","51,376.40",2.00,95.00,"2,946","2,994","1,703","1,956","5,591",3,22,"174,203",60.2
경기도,평택시,안중읍,2020,"9,177.00","119,657.08","119,657.08",100.0,12.000,"9,000.00","9,180.00","9,180.00",0.00,"8,838.00",311.00,31.00,6.200,26.00,"54,696.00","54,696.00",4.00,"54,692.00",6.600,151.00,"55,781.08","55,781.08","1,672.00","54,109.08",0.00,0.00,"1,411","1,566","1,299","1,333","3,811",2,15,"118,896",99.4
경기도,평택시,포승읍,2020,"1,935.00","68,148.00","68,148.00",100.0,9.000,200.00,493.00,493.00,0.00,487.00,0.00,6.00,7.000,55.00,"33,676.00","33,676.00",0.00,"33,676.00",7.000,"1,680.00","33,979.00","33,979.00",0.00,"33,979.00",0.00,0.00,621,780,933,"1,780","5,087",0,16,"68,148",100.0
경기도,평택시,청북읍,2020,"5,605.00","85,409.00","85,311.00",99.9,6.300,"5,500.00","5,500.00","5,402.00",7.00,"4,967.00",116.00,312.00,1.600,5.00,"37,778.00","37,778.00",19.00,"37,759.00",2.100,100.00,"42,131.00","42,131.00","1,792.00","38,328.00","1,955.00",56.00,952,640,"1,032","1,168","3,339",0,9,"81,027",95.0
경기도,평택시,진위면,2020,"40,000.00","106,872.54","106,032.54",99.2,3.000,"40,000.00","40,000.00","39,160.00","2,270.00","33,418.00","2,894.00",578.00,2.400,0.00,"49,254.63","49,254.63",117.00,"49,137.63",2.500,0.00,"17,617.91","17,617.91","1,909.40","14,546.51","1,162.00",0.00,"1,128","1,053",373,744,"2,127",0,10,"82,667",78.0
경기도,평택시,서탄면,2020,"24,000.00","68,959.63","68,387.63",99.2,4.000,"24,000.00","24,000.00","23,428.00",431.00,"19,785.00","2,538.00",674.00,2.000,0.00,"36,020.00","36,020.00",0.00,"36,020.00",2.000,0.00,"8,939.63","8,939.63",331.52,"7,356.11","1,252.00",0.00,"1,255",736,260,385,"1,100",0,7,"37,961",55.5
경기도,평택시,고덕면,2020,"20,000.00","74,344.88","74,331.45",100.0,21.700,"20,000.00","20,000.00","19,986.57",440.57,"17,442.00","1,903.00",201.00,5.000,0.00,"27,226.54","27,226.54",0.00,"27,226.54",5.800,0.00,"27,118.34","27,118.34","1,037.50","25,891.84",189.00,0.00,748,633,564,740,"2,116",0,6,"72,272",97.2
경기도,평택시,오성면,2020,"8,174.00","35,054.00","35,054.00",100.0,4.400,"8,000.00","8,119.00","8,119.00","1,003.00","7,041.00",0.00,75.00,1.100,3.00,"22,524.00","22,524.00",3.00,"22,521.00",1.100,171.00,"4,411.00","4,411.00",82.00,"4,329.00",0.00,0.00,264,119,181,293,838,0,2,"17,527",50.0
경기도,평택시,현덕면,2020,"8,677.00","136,131.00","136,131.00",100.0,3.500,"8,500.00","16,596.00","16,596.00",79.00,"16,057.00",0.00,460.00,2.500,26.00,"105,628.00","105,628.00",0.00,"105,628.00",2.600,151.00,"13,907.00","13,907.00",501.00,"13,406.00",0.00,0.00,477,508,261,219,626,0,3,"82,871",60.9
경기도,평택시,중앙동,2020,"25,055.00","96,641.95","96,641.95",100.0,3.000,"25,000.00","30,520.00","30,520.00",0.00,"29,105.00","1,267.00",148.00,3.000,13.00,"30,272.50","30,272.50",7.00,"30,265.50",3.000,42.00,"35,849.45","35,849.45",0.00,"34,768.45",204.00,877.00,"1,730","1,051","1,049","1,164","3,327",1,19,"95,845",99.2
경기도,평택시,서정동,2020,"20,055.00","81,651.00","81,034.00",99.2,5.500,"20,000.00","20,000.00","19,383.00",78.00,"19,291.00",14.00,0.00,1.500,13.00,"38,835.00","38,835.00",0.00,"38,835.00",1.500,42.00,"22,816.00","22,816.00",0.00,"22,455.00",0.00,361.00,"3,155",901,473,711,"2,034",3,33,"81,034",100.0
경기도,평택시,송탄동,2020,"25,000.00","78,136.50","77,532.50",99.2,2.500,"25,000.00","25,000.00","24,396.00",324.00,"20,737.00","2,654.00",681.00,3.000,0.00,"28,448.50","28,448.50",0.00,"28,448.50",4.000,0.00,"24,688.00","24,688.00",277.00,"24,233.00",46.00,132.00,"1,163",483,647,679,"1,941",1,14,"75,973",98.0
경기도,평택시,지산동,2020,"14,055.00","24,254.00","23,748.00",97.9,4.300,"14,000.00","14,000.00","13,494.00",0.00,"13,494.00",0.00,0.00,4.000,13.00,"5,544.00","5,544.00",0.00,"5,544.00",4.000,42.00,"4,710.00","4,710.00",0.00,"4,611.00",0.00,99.00,447,354,146,305,872,2,4,"23,748",100.0
경기도,평택시,송북동,2020,"25,055.00","55,252.00","55,075.00",99.7,4.200,"25,000.00","25,000.00","24,823.00",258.00,"24,518.00",0.00,47.00,3.500,13.00,"16,097.00","16,097.00",0.00,"16,097.00",3.500,42.00,"14,155.00","14,155.00",420.00,"13,677.00",0.00,58.00,"1,001",784,569,578,"1,654",0,9,"55,075",100.0
경기도,평택시,신장1동,2020,"16,055.00","24,013.00","23,866.00",99.4,3.000,"16,000.00","16,000.00","15,853.00",522.00,"14,197.00",0.00,"1,134.00",2.500,13.00,"5,195.00","5,195.00",0.00,"5,195.00",2.500,42.00,"2,818.00","2,818.00",0.00,"2,818.00",0.00,0.00,476,284,163,344,983,0,5,"23,866",100.0
경기도,평택시,신장2동,2020,"18,055.00","29,673.33","29,673.33",100.0,3.000,"18,000.00","24,540.00","24,540.00",0.00,"24,484.00",0.00,56.00,2.500,13.00,"3,567.00","3,567.00",0.00,"3,567.00",2.500,42.00,"1,566.33","1,566.33",0.00,"1,566.33",0.00,0.00,425,115,77,308,880,0,4,"29,398",99.1
경기도,평택시,신평동,2020,"29,235.00","59,528.00","59,286.00",99.6,4.500,"29,000.00","29,000.00","28,758.00",0.00,"28,162.00",428.00,168.00,4.500,22.00,"12,712.00","12,712.00",0.00,"12,712.00",4.500,213.00,"17,816.00","17,816.00",0.00,"17,243.00",0.00,573.00,"1,182",501,140,554,"1,584",1,15,"59,286",100.0
경기도,평택시,원평동,2020,"15,235.00","50,553.50","50,553.50",100.0,4.500,"15,000.00","15,025.00","15,025.00",2.00,"13,004.00",991.00,"1,028.00",4.000,22.00,"22,568.50","22,568.50",357.00,"22,211.50",4.000,213.00,"12,960.00","12,960.00",12.00,"10,839.00","1,989.00",120.00,"1,139",386,251,348,996,1,6,"40,810",80.7
경기도,평택시,통복동,2020,"11,235.00","16,798.47","16,271.47",96.9,2.500,"11,000.00","11,000.00","10,473.00",0.00,"10,413.00",0.00,60.00,1.500,22.00,"3,939.00","3,939.00",0.00,"3,939.00",1.500,213.00,"1,859.47","1,859.47",0.00,"1,859.47",0.00,0.00,315,260,34,228,653,12,0,"16,180",99.4
경기도,평택시,비전1동,2020,"22,025.00","68,505.23","67,998.62",99.3,10.500,"22,000.00","22,000.00","21,493.39",67.00,"19,049.39","2,017.00",360.00,5.000,0.00,"22,272.81","22,272.81",0.00,"22,272.81",5.000,25.00,"24,232.42","24,232.42",491.10,"22,703.32","1,038.00",0.00,937,"1,255","1,174","1,731","4,948",2,10,"57,526",84.6
경기도,평택시,비전2동,2020,"21,235.00","97,038.40","96,456.40",99.4,11.000,"21,000.00","21,000.00","20,418.00",55.00,"20,102.00",0.00,261.00,6.000,22.00,"36,804.50","36,804.50",0.00,"36,804.50",6.000,213.00,"39,233.90","39,233.90","1,942.39","37,199.51",0.00,92.00,"1,208",849,750,"1,477","4,222",1,13,"74,489",77.2
경기도,평택시,세교동,2020,"16,235.00","60,672.09","60,500.09",99.7,4.000,"16,000.00","16,000.00","15,828.00",0.00,"15,721.00",107.00,0.00,4.000,22.00,"17,883.00","17,883.00",0.00,"17,883.00",4.000,213.00,"26,789.09","26,789.09",352.00,"22,740.09","3,697.00",0.00,21,297,323,701,"2,004",1,10,"57,631",95.3
경기도,동두천시,소계,,"462,837.00","462,837.00","462,837.00",100.0,3.600,"148,406.30","148,406.30","148,406.30","20,026.80","128,379.50",0.00,0.00,16.900,"145,177.80","145,177.80","145,177.80",0.00,"145,177.80",95.800,"169,252.90","169,252.90","169,252.90","12,075.40","144,127.00",0.00,"13,050.50","3,275","3,969","3,785","1,683","8,849",35,360,"457,110",98.8
경기도,동두천시,생연1동,2030,"25,060.00","25,060.00","25,060.00",100.0,0.500,"14,011.60","14,011.60","14,011.60","1,750.50","12,261.10",0.00,0.00,0.700,"5,905.20","5,905.20","5,905.20",0.00,"5,905.20",2.800,"5,143.20","5,143.20","5,143.20",0.00,"4,547.00",0.00,596.20,352,159,113,69,261,0,4,"24,464",97.6
경기도,동두천시,생연2동,2030,"27,296.30","27,296.30","27,296.30",100.0,0.700,"21,230.10","21,230.10","21,230.10","3,724.00","17,506.10",0.00,0.00,0.300,"2,356.90","2,356.90","2,356.90",0.00,"2,356.90",2.200,"3,709.30","3,709.30","3,709.30",13.60,"3,648.00",0.00,47.70,502,78,78,26,200,10,6,"27,279",99.9
경기도,동두천시,중앙동,2030,"32,211.60","32,211.60","32,211.60",100.0,1.000,"29,373.00","29,373.00","29,373.00","4,680.00","24,693.00",0.00,0.00,0.100,966.10,966.10,966.10,0.00,966.10,0.900,"1,872.50","1,872.50","1,872.50",0.00,"1,686.70",0.00,185.80,732,31,47,11,82,6,7,"32,026",99.4
경기도,동두천시,보산동,2030,"16,801.80","16,801.80","16,801.80",100.0,0.400,"11,799.50","11,799.50","11,799.50","2,689.10","9,110.40",0.00,0.00,0.100,"1,948.90","1,948.90","1,948.90",0.00,"1,948.90",1.300,"3,053.40","3,053.40","3,053.40",63.60,"2,989.80",0.00,0.00,313,71,94,15,117,0,3,"16,803",100.0
경기도,동두천시,불현동,2030,"113,148.40","113,148.40","113,148.40",100.0,0.700,"35,628.50","35,628.50","35,628.50","3,959.80","31,668.70",0.00,0.00,5.200,"44,660.10","44,660.10","44,660.10",0.00,"44,660.10",19.400,"32,859.80","32,859.80","32,859.80","2,322.70","30,226.30",0.00,310.80,612,"1,223",823,514,"1,792",0,85,"111,046",98.1
경기도,동두천시,송내동,2030,"60,276.50","60,276.50","60,276.50",100.0,0.100,"8,156.40","8,156.40","8,156.40","1,322.70","6,833.70",0.00,0.00,2.600,"22,012.00","22,012.00","22,012.00",0.00,"22,012.00",17.900,"30,108.10","30,108.10","30,108.10","1,740.80","28,321.30",0.00,46.00,163,560,638,258,"1,656",0,62,"60,276",100.0
경기도,동두천시,소요동,2030,"122,613.90","122,613.90","122,613.90",100.0,0.200,"21,158.00","21,158.00","21,158.00","1,802.10","19,355.90",0.00,0.00,5.000,"42,116.70","42,116.70","42,116.70",0.00,"42,116.70",30.000,"59,339.20","59,339.20","59,339.20","3,138.70","44,453.70",0.00,"11,746.80",434,"1,178","1,279",499,"2,771",6,131,"119,787",97.7
경기도,동두천시,상패동,2030,"65,428.50","65,428.50","65,428.50",100.0,0.000,"7,049.20","7,049.20","7,049.20",98.60,"6,950.60",0.00,0.00,2.900,"25,211.90","25,211.90","25,211.90",0.00,"25,211.90",21.300,"33,167.40","33,167.40","33,167.40","4,796.00","28,254.20",0.00,117.20,167,669,713,291,"1,970",13,62,"65,429",100.0
경기도,안산시,소계,,"1,776,609.36","1,776,609.36","1,764,955.36",99.3,0.000,"48,828.74","48,828.74","48,828.74",0.00,"48,828.74",0.00,0.00,49.800,"747,850.04","747,850.04","736,196.04",0.00,"736,196.04",49.800,"979,930.58","979,930.58","979,930.58","95,003.30","884,927.28",0.00,0.00,0,"15,265","18,949","72,584",0,127,101,"1,764,945",100.0
경기도,안산시,일동,2030,"50,951.98","50,951.98","50,951.98",100.0,0.000,0.00,0.00,0.00,0.00,0.00,0.00,0.00,0.800,"24,062.91","24,062.91","24,062.91",0.00,"24,062.91",0.800,"26,889.07","26,889.07","26,889.07","2,563.91","24,325.16",0.00,0.00,0,495,466,"2,406",0,0,0,"50,951",100.0
경기도,안산시,이동,2030,"81,473.56","81,473.56","81,473.56",100.0,0.000,"1,025.55","1,025.55","1,025.55",0.00,"1,025.55",0.00,0.00,1.200,"35,815.99","35,815.99","35,815.99",0.00,"35,815.99",1.200,"44,632.02","44,632.02","44,632.02","4,319.73","40,312.29",0.00,0.00,0,762,708,"3,594",0,0,6,"81,473",100.0
경기도,안산시,사동,2030,"108,447.42","108,447.42","108,447.42",100.0,0.000,"1,223.10","1,223.10","1,223.10",0.00,"1,223.10",0.00,0.00,1.600,"43,525.52","43,525.52","43,525.52",0.00,"43,525.52",1.600,"63,698.80","63,698.80","63,698.80","7,758.83","55,939.97",0.00,0.00,0,741,679,"3,634",0,0,7,"108,447",100.0
경기도,안산시,사이동,2030,"66,909.45","66,909.45","66,909.45",100.0,0.000,"3,991.23","3,991.23","3,991.23",0.00,"3,991.23",0.00,0.00,1.300,"24,473.18","24,473.18","24,473.18",0.00,"24,473.18",1.300,"38,445.04","38,445.04","38,445.04","6,499.76","31,945.28",0.00,0.00,0,480,652,"2,263",0,0,0,"66,909",100.0
경기도,안산시,해양동,2030,633.75,633.75,633.75,100.0,0.000,3.00,3.00,3.00,0.00,3.00,0.00,0.00,2.100,173.50,173.50,173.50,0.00,173.50,2.100,457.25,457.25,457.25,0.00,457.25,0.00,0.00,0,156,322,"1,102",0,0,0,633,99.9
경기도,안산시,본오1동,2030,"102,968.11","102,968.11","102,968.11",100.0,0.000,"2,948.45","2,948.45","2,948.45",0.00,"2,948.45",0.00,0.00,1.600,"44,021.23","44,021.23","44,021.23",0.00,"44,021.23",1.600,"55,998.43","55,998.43","55,998.43","4,513.03","51,485.40",0.00,0.00,0,977,"1,060","4,079",0,0,0,"102,968",100.0
경기도,안산시,본오2동,2030,"39,628.15","39,628.15","39,628.15",100.0,0.000,0.00,0.00,0.00,0.00,0.00,0.00,0.00,0.800,"20,781.98","20,781.98","20,781.98",0.00,"20,781.98",0.800,"18,846.17","18,846.17","18,846.17","1,507.61","17,338.56",0.00,0.00,0,498,343,"1,643",0,0,0,"39,628",100.0
경기도,안산시,본오3동,2030,"35,733.70","35,733.70","35,733.70",100.0,0.000,0.00,0.00,0.00,0.00,0.00,0.00,0.00,0.900,"15,155.69","15,155.69","15,155.69",0.00,"15,155.69",0.900,"20,578.01","20,578.01","20,578.01","2,650.86","17,927.15",0.00,0.00,0,931,"1,104","4,749",0,0,0,"35,733",100.0
경기도,안산시,부곡동,2030,"56,378.17","56,378.17","56,378.17",100.0,0.000,"2,211.94","2,211.94","2,211.94",0.00,"2,211.94",0.00,0.00,0.700,"21,635.85","21,635.85","21,635.85",0.00,"21,635.85",0.700,"32,530.38","32,530.38","32,530.38","3,518.18","29,012.20",0.00,0.00,0,482,573,"2,901",0,0,0,"56,378",100.0
경기도,안산시,월피동,2030,"75,627.27","75,627.27","75,627.27",100.0,0.000,"2,069.07","2,069.07","2,069.07",0.00,"2,069.07",0.00,0.00,1.200,"32,406.51","32,406.51","32,406.51",0.00,"32,406.51",1.200,"41,151.69","41,151.69","41,151.69","3,048.48","38,103.21",0.00,0.00,0,680,756,"3,473",0,0,9,"75,627",100.0
경기도,안산시,성포동,2030,"32,029.02","32,029.02","32,029.02",100.0,0.000,197.28,197.28,197.28,0.00,197.28,0.00,0.00,1.100,"12,028.47","12,028.47","12,028.47",0.00,"12,028.47",1.100,"19,803.27","19,803.27","19,803.27","2,327.17","17,476.10",0.00,0.00,0,245,341,826,0,0,4,"32,029",100.0
경기도,안산시,반월동,2030,"50,003.34","50,003.34","50,003.34",100.0,0.000,"2,848.78","2,848.78","2,848.78",0.00,"2,848.78",0.00,0.00,1.000,"14,432.80","14,432.80","14,432.80",0.00,"14,432.80",1.000,"32,721.76","32,721.76","32,721.76","2,196.43","30,525.33",0.00,0.00,0,365,778,"1,768",0,127,0,"50,003",100.0
경기도,안산시,안산동,2030,"35,474.63","35,474.63","35,474.63",100.0,0.000,"1,946.29","1,946.29","1,946.29",0.00,"1,946.29",0.00,0.00,0.500,"13,018.57","13,018.57","13,018.57",0.00,"13,018.57",0.500,"20,509.77","20,509.77","20,509.77","2,227.65","18,282.12",0.00,0.00,0,253,342,"1,172",0,0,0,"35,474",100.0
경기도,안산시,와동,2030,"87,430.55","87,430.55","87,430.55",100.0,0.000,"2,047.92","2,047.92","2,047.92",0.00,"2,047.92",0.00,0.00,1.300,"38,672.61","38,672.61","38,672.61",0.00,"38,672.61",1.300,"46,710.02","46,710.02","46,710.02","2,881.16","43,828.86",0.00,0.00,0,795,924,"3,865",0,0,11,"87,430",100.0
경기도,안산시,고잔동,2030,"37,755.80","37,755.80","37,755.80",100.0,0.000,0.00,0.00,0.00,0.00,0.00,0.00,0.00,0.200,"17,309.57","17,309.57","17,309.57",0.00,"17,309.57",0.200,"20,446.23","20,446.23","20,446.23","1,493.55","18,952.68",0.00,0.00,0,346,409,"1,424",0,0,40,"37,755",100.0
경기도,안산시,중앙동,2030,"40,437.04","40,437.04","40,437.04",100.0,0.000,"1,615.29","1,615.29","1,615.29",0.00,"1,615.29",0.00,0.00,1.300,"18,966.40","18,966.40","18,966.40",0.00,"18,966.40",1.300,"19,855.35","19,855.35","19,855.35","1,358.47","18,496.88",0.00,0.00,0,436,411,"1,225",0,0,0,"40,437",100.0
경기도,안산시,호수동,2030,"79,083.46","79,083.46","79,083.46",100.0,0.000,673.24,673.24,673.24,0.00,673.24,0.00,0.00,1.900,"28,631.14","28,631.14","28,631.14",0.00,"28,631.14",1.900,"49,779.08","49,779.08","49,779.08","2,079.60","47,699.48",0.00,0.00,0,501,804,"2,566",0,0,0,"79,083",100.0
경기도,안산시,원곡동,2030,"112,702.81","112,702.81","112,702.81",100.0,0.000,470.67,470.67,470.67,0.00,470.67,0.00,0.00,1.200,"47,538.67","47,538.67","47,538.67",0.00,"47,538.67",1.200,"64,693.47","64,693.47","64,693.47","5,414.65","59,278.82",0.00,0.00,0,"1,118","1,320","4,687",0,0,0,"112,702",100.0
경기도,안산시,백운동,2030,"13,780.23","13,780.23","13,780.23",100.0,0.000,0.00,0.00,0.00,0.00,0.00,0.00,0.00,0.700,"6,133.47","6,133.47","6,133.47",0.00,"6,133.47",0.700,"7,646.76","7,646.76","7,646.76",249.97,"7,396.79",0.00,0.00,0,160,"1,060","4,079",0,0,0,"13,780",100.0
경기도,안산시,신길동,2030,"25,811.48","25,811.48","25,811.48",100.0,0.000,707.31,707.31,707.31,0.00,707.31,0.00,0.00,0.300,"12,671.31","12,671.31","12,671.31",0.00,"12,671.31",0.300,"12,432.86","12,432.86","12,432.86","1,118.84","11,314.02",0.00,0.00,0,301,270,883,0,0,0,"25,811",100.0
경기도,안산시,초지동,2030,"442,812.86","442,812.86","442,812.86",100.0,0.000,"18,309.89","18,309.89","18,309.89",0.00,"18,309.89",0.00,0.00,20.700,"182,627.03","182,627.03","182,627.03",0.00,"182,627.03",20.700,"241,875.94","241,875.94","241,875.94","27,059.69","214,816.25",0.00,0.00,0,"2,895","3,579","13,925",0,0,15,"442,812",100.0
경기도,안산시,선부1동,2030,"20,933.55","20,933.55","20,933.55",100.0,0.000,0.00,0.00,0.00,0.00,0.00,0.00,0.00,0.600,"7,653.57","7,653.57","7,653.57",0.00,"7,653.57",0.600,"13,279.98","13,279.98","13,279.98","1,803.74","11,476.24",0.00,0.00,0,132,223,670,0,0,9,"20,933",100.0
경기도,안산시,선부2동,2030,"57,889.02","57,889.02","57,889.02",100.0,0.000,0.00,0.00,0.00,0.00,0.00,0.00,0.00,0.900,"22,479.89","22,479.89","22,479.89",0.00,"22,479.89",0.900,"35,409.13","35,409.13","35,409.13","2,700.26","32,708.87",0.00,0.00,0,447,660,"2,345",0,0,0,"57,889",100.0
경기도,안산시,선부3동,2030,"47,041.01","47,041.01","47,041.01",100.0,0.000,"2,388.19","2,388.19","2,388.19",0.00,"2,388.19",0.00,0.00,0.900,"18,068.59","18,068.59","18,068.59",0.00,"18,068.59",0.900,"26,584.23","26,584.23","26,584.23","3,572.78","23,011.45",0.00,0.00,0,327,520,"1,784",0,0,0,"47,041",100.0
경기도,안산시,대부동,2030,"74,673.00","74,673.00","63,019.00",84.4,0.000,"4,151.54","4,151.54","4,151.54",0.00,"4,151.54",0.00,0.00,5.000,"45,565.59","45,565.59","33,911.59",0.00,"33,911.59",5.000,"24,955.87","24,955.87","24,955.87","2,138.95","22,816.92",0.00,0.00,0,742,645,"1,521",0,0,0,"63,019",100.0
경기도,고양시,소계,,"1,992,700.00","2,476,001.00","1,841,254.00",74.4,8.945,0.00,"367,166.00","367,166.00","37,083.00","246,662.00","15,561.00","67,860.00",43.574,"966,499.00","966,499.00","574,076.00",200.00,"573,876.00",43.574,"1,026,201.00","1,142,336.00","900,012.00","136,523.00","760,357.00",0.00,"3,132.00","7,418","11,094","18,164","67,039","32,405",154,0,"1,672,542",90.8
경기도,고양시,주교동,2035,"592,593.00","698,109.00","483,540.00",69.3,1.400,0.00,"105,516.00","105,516.00","10,657.00","70,886.00",601.00,"23,372.00",11.086,"277,141.00","277,141.00","113,651.00",41.00,"113,610.00",11.086,"315,452.00","315,452.00","264,373.00","40,103.00","223,350.00",0.00,920.00,"2,365","3,443","5,636","20,661","9,428",47,0,"509,673",105.4
경기도,고양시,원신동,2025,0.00,0.00,0.00,0.0,0.000,0.00,0.00,0.00,0.00,0.00,0.00,0.00,0.000,0.00,0.00,0.00,0.00,0.00,0.000,0.00,0.00,0.00,0.00,0.00,0.00,0.00,0,0,0,0,0,0,0,0,0.0
경기도,고양시,흥도동,2035,"117,261.00","130,627.00","121,262.00",92.8,1.140,0.00,"12,300.00","12,300.00","1,242.00","8,263.00",703.00,"2,092.00",2.776,"59,027.00","59,027.00","49,662.00",18.00,"49,644.00",2.776,"58,234.00","59,300.00","59,300.00","8,995.00","50,098.00",0.00,207.00,468,566,"1,089","6,187","1,861",17,0,"93,139",76.8
경기도,고양시,성사1동,2025,0.00,0.00,0.00,0.0,0.000,0.00,0.00,0.00,0.00,0.00,0.00,0.00,0.000,0.00,0.00,0.00,0.00,0.00,0.000,0.00,0.00,0.00,0.00,0.00,0.00,0.00,0,0,0,0,0,0,0,0,0.0
경기도,고양시,성사2동,2015,0.00,0.00,0.00,0.0,0.000,0.00,0.00,0.00,0.00,0.00,0.00,0.00,0.000,0.00,0.00,0.00,0.00,0.00,0.000,0.00,0.00,0.00,0.00,0.00,0.00,0.00,0,0,0,0,0,0,0,0,0.0
경기도,고양시,효자동,2020,0.00,0.00,0.00,0.0,0.000,0.00,0.00,0.00,0.00,0.00,0.00,0.00,0.000,0.00,0.00,0.00,0.00,0.00,0.000,0.00,0.00,0.00,0.00,0.00,0.00,0.00,0,0,0,0,0,0,0,0,0.0
경기도,고양시,신도동,,0.00,0.00,0.00,0.0,0.000,0.00,0.00,0.00,0.00,0.00,0.00,0.00,0.000,0.00,0.00,0.00,0.00,0.00,0.000,0.00,0.00,0.00,0.00,0.00,0.00,0.00,0,0,0,0,0,0,0,0,0.0
경기도,고양시,창릉동,2025,0.00,0.00,0.00,0.0,0.000,0.00,0.00,0.00,0.00,0.00,0.00,0.00,0.000,0.00,0.00,0.00,0.00,0.00,0.000,0.00,0.00,0.00,0.00,0.00,0.00,0.00,0,0,0,0,0,0,0,0,0.0
경기도,고양시,고양동,2020,0.00,0.00,0.00,0.0,0.000,0.00,0.00,0.00,0.00,0.00,0.00,0.00,0.000,0.00,0.00,0.00,0.00,0.00,0.000,0.00,0.00,0.00,0.00,0.00,0.00,0.00,0,0,0,0,0,0,0,0,0.0
경기도,고양시,관산동,2035,0.00,0.00,0.00,0.0,0.000,0.00,0.00,0.00,0.00,0.00,0.00,0.00,0.000,0.00,0.00,0.00,0.00,0.00,0.000,0.00,0.00,0.00,0.00,0.00,0.00,0.00,0,0,0,0,0,0,0,0,0.0
경기도,고양시,능곡동,2025,0.00,0.00,0.00,0.0,0.000,0.00,0.00,0.00,0.00,0.00,0.00,0.00,0.000,0.00,0.00,0.00,0.00,0.00,0.000,0.00,0.00,0.00,0.00,0.00,0.00,0.00,0,0,0,0,0,0,0,0,0.0
경기도,고양시,화정1동,2015,0.00,0.00,0.00,0.0,0.000,0.00,0.00,0.00,0.00,0.00,0.00,0.00,0.000,0.00,0.00,0.00,0.00,0.00,0.000,0.00,0.00,0.00,0.00,0.00,0.00,0.00,0,0,0,0,0,0,0,0,0.0
경기도,고양시,화정2동,2015,0.00,0.00,0.00,0.0,0.000,0.00,0.00,0.00,0.00,0.00,0.00,0.00,0.000,0.00,0.00,0.00,0.00,0.00,0.000,0.00,0.00,0.00,0.00,0.00,0.00,0.00,0,0,0,0,0,0,0,0,0.0
경기도,고양시,행주동,2020,0.00,0.00,0.00,0.0,0.000,0.00,0.00,0.00,0.00,0.00,0.00,0.00,0.000,0.00,0.00,0.00,0.00,0.00,0.000,0.00,0.00,0.00,0.00,0.00,0.00,0.00,0,0,0,0,0,0,0,0,0.0
경기도,고양시,행신1동,2015,0.00,0.00,0.00,0.0,0.000,0.00,0.00,0.00,0.00,0.00,0.00,0.00,0.000,0.00,0.00,0.00,0.00,0.00,0.000,0.00,0.00,0.00,0.00,0.00,0.00,0.00,0,0,0,0,0,0,0,0,0.0
경기도,고양시,행신2동,2015,0.00,0.00,0.00,0.0,0.000,0.00,0.00,0.00,0.00,0.00,0.00,0.00,0.000,0.00,0.00,0.00,0.00,0.00,0.000,0.00,0.00,0.00,0.00,0.00,0.00,0.00,0,0,0,0,0,0,0,0,0.0
경기도,고양시,행신3동,2015,0.00,0.00,0.00,0.0,0.000,0.00,0.00,0.00,0.00,0.00,0.00,0.00,0.000,0.00,0.00,0.00,0.00,0.00,0.000,0.00,0.00,0.00,0.00,0.00,0.00,0.00,0,0,0,0,0,0,0,0,0.0
경기도,고양시,화전동,2025,0.00,0.00,0.00,0.0,0.000,0.00,0.00,0.00,0.00,0.00,0.00,0.00,0.000,0.00,0.00,0.00,0.00,0.00,0.000,0.00,0.00,0.00,0.00,0.00,0.00,0.00,0,0,0,0,0,0,0,0,0.0
경기도,고양시,대덕동,2035,"152,141.00","233,441.00","137,100.00",58.7,0.605,0.00,"81,300.00","81,300.00","8,211.00","54,617.00","4,648.00","13,824.00",1.500,"76,585.00","76,585.00","32,700.00",9.00,"32,691.00",1.500,"75,556.00","75,556.00","23,100.00","3,504.00","19,516.00",0.00,80.00,607,734,"1,407","1,823","2,414",22,0,"120,843",88.1
경기도,고양시,식사동,2025,0.00,0.00,0.00,0.0,0.000,0.00,0.00,0.00,0.00,0.00,0.00,0.00,0.000,0.00,0.00,0.00,0.00,0.00,0.000,0.00,0.00,0.00,0.00,0.00,0.00,0.00,0,0,0,0,0,0,0,0,0.0
경기도,고양시,중산동,2015,0.00,0.00,0.00,0.0,0.000,0.00,0.00,0.00,0.00,0.00,0.00,0.00,0.000,0.00,0.00,0.00,0.00,0.00,0.000,0.00,0.00,0.00,0.00,0.00,0.00,0.00,0,0,0,0,0,0,0,0,0.0
경기도,고양시,정발산동,2015,0.00,0.00,0.00,0.0,0.000,0.00,0.00,0.00,0.00,0.00,0.00,0.00,0.000,0.00,0.00,0.00,0.00,0.00,0.000,0.00,0.00,0.00,0.00,0.00,0.00,0.00,0,0,0,0,0,0,0,0,0.0
경기도,고양시,풍산동,2030,0.00,0.00,0.00,0.0,0.000,0.00,0.00,0.00,0.00,0.00,0.00,0.00,0.000,0.00,0.00,0.00,0.00,0.00,0.000,0.00,0.00,0.00,0.00,0.00,0.00,0.00,0,0,0,0,0,0,0,0,0.0
경기도,고양시,백석1동,2015,0.00,0.00,0.00,0.0,0.000,0.00,0.00,0.00,0.00,0.00,0.00,0.00,0.000,0.00,0.00,0.00,0.00,0.00,0.000,0.00,0.00,0.00,0.00,0.00,0.00,0.00,0,0,0,0,0,0,0,0,0.0
경기도,고양시,백석2동,2015,0.00,0.00,0.00,0.0,0.000,0.00,0.00,0.00,0.00,0.00,0.00,0.00,0.000,0.00,0.00,0.00,0.00,0.00,0.000,0.00,0.00,0.00,0.00,0.00,0.00,0.00,0,0,0,0,0,0,0,0,0.0
경기도,고양시,마두1동,2015,0.00,0.00,0.00,0.0,0.000,0.00,0.00,0.00,0.00,0.00,0.00,0.00,0.000,0.00,0.00,0.00,0.00,0.00,0.000,0.00,0.00,0.00,0.00,0.00,0.00,0.00,0,0,0,0,0,0,0,0,0.0
경기도,고양시,마두2동,2015,0.00,0.00,0.00,0.0,0.000,0.00,0.00,0.00,0.00,0.00,0.00,0.00,0.000,0.00,0.00,0.00,0.00,0.00,0.000,0.00,0.00,0.00,0.00,0.00,0.00,0.00,0,0,0,0,0,0,0,0,0.0
경기도,고양시,장항1동,2025,0.00,0.00,0.00,0.0,0.000,0.00,0.00,0.00,0.00,0.00,0.00,0.00,0.000,0.00,0.00,0.00,0.00,0.00,0.000,0.00,0.00,0.00,0.00,0.00,0.00,0.00,0,0,0,0,0,0,0,0,0.0
경기도,고양시,장항2동,2015,0.00,0.00,0.00,0.0,0.000,0.00,0.00,0.00,0.00,0.00,0.00,0.00,0.000,0.00,0.00,0.00,0.00,0.00,0.000,0.00,0.00,0.00,0.00,0.00,0.00,0.00,0,0,0,0,0,0,0,0,0.0
경기도,고양시,고봉동,2035,"400,890.00","501,640.00","237,513.00",47.3,3.700,0.00,"100,750.00","100,750.00","10,176.00","67,684.00","5,761.00","17,129.00",6.797,"201,801.00","201,801.00","76,463.00",24.00,"76,439.00",6.797,"199,089.00","199,089.00","60,300.00","9,147.00","50,943.00",0.00,210.00,"1,600","1,958","3,698","17,310","6,361",58,0,"318,421",134.1
경기도,고양시,일산1동,2025,0.00,0.00,0.00,0.0,0.000,0.00,0.00,0.00,0.00,0.00,0.00,0.00,0.000,0.00,0.00,0.00,0.00,0.00,0.000,0.00,0.00,0.00,0.00,0.00,0.00,0.00,0,0,0,0,0,0,0,0,0.0
경기도,고양시,일산2동,2025,0.00,0.00,0.00,0.0,0.000,0.00,0.00,0.00,0.00,0.00,0.00,0.00,0.000,0.00,0.00,0.00,0.00,0.00,0.000,0.00,0.00,0.00,0.00,0.00,0.00,0.00,0,0,0,0,0,0,0,0,0.0
경기도,고양시,일산3동,2015,0.00,0.00,0.00,0.0,0.000,0.00,0.00,0.00,0.00,0.00,0.00,0.00,0.000,0.00,0.00,0.00,0.00,0.00,0.000,0.00,0.00,0.00,0.00,0.00,0.00,0.00,0,0,0,0,0,0,0,0,0.0
경기도,고양시,탄현동,2015,0.00,0.00,0.00,0.0,0.000,0.00,0.00,0.00,0.00,0.00,0.00,0.00,0.000,0.00,0.00,0.00,0.00,0.00,0.000,0.00,0.00,0.00,0.00,0.00,0.00,0.00,0,0,0,0,0,0,0,0,0.0
경기도,고양시,주엽1동,2015,0.00,0.00,0.00,0.0,0.000,0.00,0.00,0.00,0.00,0.00,0.00,0.00,0.000,0.00,0.00,0.00,0.00,0.00,0.000,0.00,0.00,0.00,0.00,0.00,0.00,0.00,0,0,0,0,0,0,0,0,0.0
경기도,고양시,주엽2동,2015,0.00,0.00,0.00,0.0,0.000,0.00,0.00,0.00,0.00,0.00,0.00,0.00,0.000,0.00,0.00,0.00,0.00,0.00,0.000,0.00,0.00,0.00,0.00,0.00,0.00,0.00,0,0,0,0,0,0,0,0,0.0
경기도,고양시,대화동,2035,"729,815.00","912,184.00","861,839.00",94.5,2.100,0.00,"67,300.00","67,300.00","6,797.00","45,212.00","3,848.00","11,443.00",21.415,"351,945.00","351,945.00","301,600.00",108.00,"301,492.00",21.415,"377,870.00","492,939.00","492,939.00","74,774.00","416,450.00",0.00,"1,715.00","2,378","4,393","6,334","21,058","12,341",10,0,"630,466",73.2
경기도,고양시,송포동,2035,0.00,0.00,0.00,0.0,0.000,0.00,0.00,0.00,0.00,0.00,0.00,0.00,0.000,0.00,0.00,0.00,0.00,0.00,0.000,0.00,0.00,0.00,0.00,0.00,0.00,0.00,0,0,0,0,0,0,0,0,0.0
경기도,고양시,송산동,2035,0.00,0.00,0.00,0.0,0.000,0.00,0.00,0.00,0.00,0.00,0.00,0.00,0.000,0.00,0.00,0.00,0.00,0.00,0.000,0.00,0.00,0.00,0.00,0.00,0.00,0.00,0,0,0,0,0,0,0,0,0.0
경기도,과천시,소계,,"208,027.00","212,693.00","207,702.00",97.7,0.000,0.00,0.00,0.00,0.00,0.00,0.00,0.00,2.621,"81,362.00","85,293.00","80,302.00",991.00,"79,311.00",2.623,"126,665.00","127,400.00","127,400.00","18,488.00","108,912.00",0.00,0.00,0,"2,552","2,553","23,440","70,320",18,0,"207,702",100.0
경기도,과천시,중앙동,2005,"38,723.00","40,848.00","40,848.00",100.0,0.000,0.00,0.00,0.00,0.00,0.00,0.00,0.00,0.606,"11,566.00","13,539.00","13,539.00",0.00,"13,539.00",0.606,"27,157.00","27,309.00","27,309.00","3,384.00","23,925.00",0.00,0.00,0,504,504,"3,264","9,792",2,0,"40,848",100.0
경기도,과천시,갈현동,2005,"20,875.00","20,941.00","20,869.00",99.7,0.000,0.00,0.00,0.00,0.00,0.00,0.00,0.00,0.324,"9,028.00","9,028.00","8,956.00",470.00,"8,486.00",0.324,"11,847.00","11,913.00","11,913.00","2,806.00","9,107.00",0.00,0.00,0,258,257,"4,912","14,736",1,0,"20,869",100.0
경기도,과천시,별양동,2005,"24,771.00","26,759.00","26,759.00",100.0,0.000,0.00,0.00,0.00,0.00,0.00,0.00,0.00,0.311,"10,879.00","12,767.00","12,767.00",521.00,"12,246.00",0.312,"13,892.00","13,992.00","13,992.00","1,469.00","12,523.00",0.00,0.00,0,330,330,"4,846","14,538",6,0,"26,759",100.0
경기도,과천시,부림동,2005,"12,273.00","12,302.00","11,320.00",92.0,0.000,0.00,0.00,0.00,0.00,0.00,0.00,0.00,0.164,"7,042.00","7,042.00","6,060.00",0.00,"6,060.00",0.164,"5,231.00","5,260.00","5,260.00",0.00,"5,260.00",0.00,0.00,0,140,140,"4,570","13,710",7,0,"11,320",100.0
경기도,과천시,과천동,2005,"74,739.00","74,983.00","71,046.00",94.7,0.000,0.00,0.00,0.00,0.00,0.00,0.00,0.00,0.923,"31,147.00","31,147.00","27,210.00",0.00,"27,210.00",0.924,"43,592.00","43,836.00","43,836.00","6,259.00","37,577.00",0.00,0.00,0,858,859,"3,111","9,333",1,0,"71,046",100.0
경기도,과천시,문원동,2005,"36,646.00","36,860.00","36,860.00",100.0,0.000,0.00,0.00,0.00,0.00,0.00,0.00,0.00,0.293,"11,700.00","11,770.00","11,770.00",0.00,"11,770.00",0.293,"24,946.00","25,090.00","25,090.00","4,570.00","20,520.00",0.00,0.00,0,462,463,"2,737","8,211",1,0,"36,860",100.0
경기도,구리시,소계,,"313,484.60","313,484.60","281,838.60",89.9,2.060,"75,224.80","75,224.80","73,946.80","9,786.40","63,975.00",14.90,170.50,11.744,"107,298.30","107,298.30","88,338.30",221.00,"88,117.30",27.240,"130,961.50","130,961.50","119,553.50","30,526.50","88,912.70",114.30,0.00,"1,475","1,766","2,389","7,363","14,930",5,0,"268,106",95.1
경기도,구리시,갈매동,2035,"54,123.90","54,123.90","37,401.90",69.1,0.000,0.00,0.00,0.00,0.00,0.00,0.00,0.00,2.900,"21,147.40","21,147.40","12,393.40",0.00,"12,393.40",4.030,"32,976.50","32,976.50","25,008.50","9,152.00","15,856.50",0.00,0.00,0,248,500,"1,033","3,126",0,0,"35,419",94.7
경기도,구리시,동구동,2035,"56,716.50","56,716.50","56,716.50",100.0,0.110,"2,874.40","2,874.40","2,874.40",268.70,"2,605.70",0.00,0.00,2.848,"25,655.20","25,655.20","25,655.20",0.00,"25,655.20",7.010,"28,186.90","28,186.90","28,186.90","5,118.10","22,954.50",114.30,0.00,57,513,561,"2,138","3,509",3,0,"53,710",94.7
경기도,구리시,인창동,2035,"20,003.40","20,003.40","20,003.40",100.0,0.390,"16,217.30","16,217.30","16,217.30","1,824.10","14,393.20",0.00,0.00,0.740,"2,256.20","2,256.20","2,256.20",0.00,"2,256.20",1.700,"1,529.90","1,529.90","1,529.90",0.00,"1,529.90",0.00,0.00,324,45,31,188,191,0,0,"19,545",97.7
경기도,구리시,교문1동,2035,"55,830.60","55,830.60","55,830.60",100.0,0.150,"13,366.20","13,366.20","13,366.20","1,971.50","11,209.30",14.90,170.50,2.375,"16,604.40","16,604.40","16,604.40",221.00,"16,383.40",9.660,"25,860.00","25,860.00","25,860.00","6,458.60","19,401.40",0.00,0.00,264,332,517,"1,384","3,233",0,0,"53,474",95.8
경기도,구리시,교문2동,2035,"17,700.00","17,700.00","17,700.00",100.0,0.000,0.00,0.00,0.00,0.00,0.00,0.00,0.00,0.560,"9,058.40","9,058.40","9,058.40",0.00,"9,058.40",0.560,"8,641.60","8,641.60","8,641.60","1,608.60","7,033.00",0.00,0.00,0,181,173,755,"1,080",0,0,"16,761",94.7
경기도,구리시,수택1동,2035,"23,600.10","23,600.10","17,912.10",75.9,0.790,"15,155.30","15,155.30","13,877.30","1,297.20","12,580.10",0.00,0.00,0.140,"4,014.30","4,014.30","1,819.30",0.00,"1,819.30",0.140,"4,430.50","4,430.50","2,215.50",498.20,"1,717.30",0.00,0.00,278,36,44,152,277,1,0,"16,962",94.7
경기도,구리시,수택2동,2035,"31,566.80","31,566.80","29,265.80",92.7,0.620,"27,611.60","27,611.60","27,611.60","4,424.90","23,186.70",0.00,0.00,0.000,"2,150.20","2,150.20","1,074.20",0.00,"1,074.20",0.000,"1,805.00","1,805.00",580.00,0.00,580.00,0.00,0.00,552,21,12,90,73,0,0,"27,714",94.7
경기도,구리시,수택3동,2035,"53,943.30","53,943.30","47,008.30",87.1,0.000,0.00,0.00,0.00,0.00,0.00,0.00,0.00,2.181,"26,412.20","26,412.20","19,477.20",0.00,"19,477.20",4.140,"27,531.10","27,531.10","27,531.10","7,691.00","19,840.10",0.00,0.00,0,390,551,"1,623","3,441",1,0,"44,516",94.7
경기도,남양주시,소계,,"1,266,065.00","1,617,286.53","1,392,961.03",86.1,13.140,"76,019.00","86,181.22","82,399.98",0.00,"82,399.98",0.00,0.00,88.600,"691,773.00","969,335.15","865,771.44",0.00,"865,771.44",70.900,"498,273.00","561,770.16","444,789.61",289.52,"444,500.09",0.00,0.00,"34,873","39,611","26,637","79,819","15,410",212,0,"1,036,208",74.4
경기도,남양주시,와부읍,2030,"99,842.00","100,091.25","98,629.50",98.5,2.100,"31,601.00","31,725.62","31,725.62",0.00,"31,725.62",0.00,0.00,6.000,"64,925.00","64,925.00","63,463.25",0.00,"63,463.25",4.400,"3,316.00","3,440.63","3,440.63",0.00,"3,440.63",0.00,0.00,"3,426","3,540","2,450","3,914","1,310",29,0,"44,812",45.4
경기도,남양주시,진접읍,2030,"152,071.00","208,310.77","208,310.77",100.0,0.800,"6,120.00","6,357.95","6,357.95",0.00,"6,357.95",0.00,0.00,15.300,"121,575.00","177,338.89","177,338.89",0.00,"177,338.89",14.600,"24,376.00","24,613.93","24,613.93",0.00,"24,613.93",0.00,0.00,"6,337","6,582","3,210","2,038","2,210",39,0,"136,196",65.4
경기도,남양주시,화도읍,2030,"297,444.00","297,444.00","248,982.00",83.7,1.700,"3,186.00","3,186.00","2,754.90",0.00,"2,754.90",0.00,0.00,22.600,"119,506.00","119,506.00","74,492.80",0.00,"74,492.80",13.500,"174,752.00","174,752.00","171,734.30",0.00,"171,734.30",0.00,0.00,"6,585","7,990","7,540","8,084","3,210",47,0,"214,810",86.3
경기도,남양주시,진건읍,2030,"135,834.00","135,834.00","125,648.75",92.5,0.600,"4,057.00","4,057.00","3,685.55",0.00,"3,685.55",0.00,0.00,4.200,"63,601.00","63,601.00","54,158.60",0.00,"54,158.60",4.300,"68,176.00","68,176.00","67,804.60",0.00,"67,804.60",0.00,0.00,"4,083","2,351","1,320","48,080","1,110",30,0,"111,598",88.8
경기도,남양주시,오남읍,2030,"110,000.00","110,000.00","73,164.48",66.5,0.200,"2,461.00","2,461.00","2,061.00",0.00,"2,061.00",0.00,0.00,4.600,"42,211.00","42,211.00","33,421.99",0.00,"33,421.99",2.800,"65,328.00","65,328.00","37,681.49",0.00,"37,681.49",0.00,0.00,909,"3,243","2,341","2,457","1,090",0,0,"102,121",139.6
경기도,남양주시,별내면,2030,"33,140.00","191,303.51","191,303.51",100.0,0.100,"10,856.00","20,655.65","20,655.65",0.00,"20,655.65",0.00,0.00,6.000,"7,659.00","136,051.56","136,051.56",0.00,"136,051.56",0.400,"14,625.00","34,596.30","34,596.30",0.00,"34,596.30",0.00,0.00,"1,357",874,321,"1,195",650,10,0,"92,800",48.5
경기도,남양주시,수동면,2030,"96,971.00","98,855.00","93,279.01",94.4,0.000,0.00,0.00,0.00,0.00,0.00,0.00,0.00,12.400,"82,152.00","82,152.00","76,576.01",0.00,"76,576.01",7.700,"14,819.00","16,703.00","16,703.00",0.00,"16,703.00",0.00,0.00,"2,239",974,421,"4,675",450,3,0,"83,859",89.9
경기도,남양주시,조안면,2030,"91,020.00","91,020.00","65,292.15",71.7,0.000,0.00,0.00,0.00,0.00,0.00,0.00,0.00,3.800,"82,604.00","82,604.00","59,656.15",0.00,"59,656.15",2.500,"8,416.00","8,416.00","5,636.00",220.00,"5,416.00",0.00,0.00,875,542,321,"1,756",320,0,0,"65,292",100.0
경기도,남양주시,퇴계원면,2030,"42,073.00","42,073.00","33,885.61",80.5,1.400,"17,628.00","17,628.00","15,159.31",0.00,"15,159.31",0.00,0.00,0.100,"21,440.00","21,440.00","16,779.31",0.00,"16,779.31",0.900,"3,005.00","3,005.00","1,946.99",0.00,"1,946.99",0.00,0.00,582,954,851,956,360,14,0,"33,496",98.9
경기도,남양주시,호평동,2030,"22,248.00","39,912.69","39,912.69",100.0,0.400,0.00,0.00,0.00,0.00,0.00,0.00,0.00,3.100,"15,010.00","26,968.12","26,968.12",0.00,"26,968.12",2.100,"7,238.00","12,944.57","12,944.57",0.00,"12,944.57",0.00,0.00,"1,001","1,130","1,321","1,147",750,10,0,"23,750",59.5
경기도,남양주시,평내동,2030,"19,865.00","40,369.00","40,369.00",100.0,0.500,0.00,0.00,0.00,0.00,0.00,0.00,0.00,2.900,"13,540.00","27,510.00","27,510.00",0.00,"27,510.00",1.900,"6,325.00","12,859.00","12,859.00",0.00,"12,859.00",0.00,0.00,999,"3,211","1,231","1,030",980,10,0,"24,750",61.3
경기도,남양주시,금곡동,2030,"22,885.00","46,812.01","46,702.01",99.8,0.300,110.00,110.00,0.00,0.00,0.00,0.00,0.00,2.100,"16,430.00","34,121.00","34,121.00",0.00,"34,121.00",1.900,"6,345.00","12,581.01","12,581.01",0.00,"12,581.01",0.00,0.00,"1,111","3,621","2,340","1,100",850,10,0,"30,150",64.6
경기도,남양주시,양정동,2030,"2,142.00","47,899.83","47,899.83",100.0,0.000,0.00,0.00,0.00,0.00,0.00,0.00,0.00,1.300,0.00,"42,193.15","42,193.15",0.00,"42,193.15",1.500,"2,142.00","5,706.68","5,706.68",0.00,"5,706.68",0.00,0.00,568,840,634,600,650,0,0,"10,150",21.2
경기도,남양주시,다산1동,2030,0.00,0.00,0.00,0.0,0.000,0.00,0.00,0.00,0.00,0.00,0.00,0.00,0.000,0.00,0.00,0.00,0.00,0.00,0.000,0.00,0.00,0.00,0.00,0.00,0.00,0.00,0,0,0,0,0,0,0,0,0.0
경기도,남양주시,지금동,2030,"28,158.00","37,437.31","35,775.61",95.6,0.700,0.00,0.00,0.00,0.00,0.00,0.00,0.00,0.600,"20,560.00","20,560.00","18,898.30",0.00,"18,898.30",2.600,"7,598.00","16,877.31","16,877.31",0.00,"16,877.31",0.00,0.00,"1,232",856,654,903,450,5,0,"26,850",75.1
경기도,남양주시,도농동,2030,"28,157.00","35,086.89","31,075.77",88.6,0.740,0.00,0.00,0.00,0.00,0.00,0.00,0.00,0.100,"20,560.00","20,560.00","16,548.88",0.00,"16,548.88",2.700,"7,597.00","14,526.89","14,526.89",0.00,"14,526.89",0.00,0.00,"1,231",560,362,902,310,5,0,"26,850",86.4
경기도,남양주시,다산2동,2030,0.00,"4,005.94","4,005.94",100.0,0.000,0.00,0.00,0.00,0.00,0.00,0.00,0.00,0.000,0.00,977.10,977.10,0.00,977.10,0.000,0.00,"3,028.84","3,028.84",0.00,"3,028.84",0.00,0.00,0,0,0,0,0,0,0,0,0.0
경기도,남양주시,별내동,2030,"84,215.00","90,831.33","8,724.40",9.6,3.600,0.00,0.00,0.00,0.00,0.00,0.00,0.00,3.500,0.00,"6,616.33","6,616.33",0.00,"6,616.33",7.100,"84,215.00","84,215.00","2,108.07",69.52,"2,038.55",0.00,0.00,"2,338","2,343","1,320",982,710,0,0,"8,724",100.0
경기도,오산시,소계,,"94,321.76","488,950.32","488,950.32",100.0,5.808,"7,216.26","167,344.66","167,344.66","41,999.83","125,344.83",0.00,0.00,6.674,"16,501.20","147,715.56","147,715.56",0.00,"147,715.56",6.674,"70,604.30","173,890.10","173,890.10",292.35,"166,848.21","3,703.85","3,045.69","3,478","4,107","5,201","28,271","15,311",26,180,"487,641",99.7
경기도,오산시,중앙동,2035,"7,254.44","44,499.85","44,499.85",100.0,0.869,45.80,"28,061.50","28,061.50","6,718.67","21,342.83",0.00,0.00,0.446,"1,466.01","6,522.74","6,522.74",0.00,"6,522.74",0.446,"5,742.63","9,915.61","9,915.61",3.50,"9,596.30",0.00,315.81,639,176,317,"4,186","1,785",0,5,"45,002",101.1
경기도,오산시,남촌동,2035,"10,233.57","78,906.94","78,906.94",100.0,0.940,0.00,"25,800.16","25,800.16","8,835.11","16,965.05",0.00,0.00,0.121,780.54,"23,689.98","23,689.98",0.00,"23,689.98",0.121,"9,453.03","29,416.80","29,416.80",0.00,"27,721.90",456.94,"1,237.96",505,596,937,"5,294","2,874",2,20,"82,356",104.4
경기도,오산시,신장동,2035,"29,761.28","102,275.80","102,275.80",100.0,0.410,41.04,"24,588.95","24,588.95","8,903.98","15,684.97",0.00,0.00,2.587,"2,713.37","35,280.79","35,280.79",0.00,"35,280.79",2.587,"27,006.87","42,406.06","42,406.06",91.58,"40,991.20",795.57,527.71,457,"1,108","1,218","5,553","3,878",6,44,"96,306",94.2
경기도,오산시,세마동,2035,"23,168.07","104,211.55","104,211.55",100.0,0.368,"4,546.70","13,396.68","13,396.68","6,455.58","6,941.10",0.00,0.00,1.929,"5,621.91","39,705.81","39,705.81",0.00,"39,705.81",1.929,"12,999.46","51,109.06","51,109.06",0.00,"50,558.91",427.28,122.87,122,"1,109","1,509","2,922","2,595",0,30,"102,516",98.4
경기도,오산시,초평동,2035,"12,814.79","60,151.90","60,151.90",100.0,1.363,"2,582.72","36,992.26","36,992.26","2,053.77","34,938.49",0.00,0.00,0.077,"1,267.42","11,142.31","11,142.31",0.00,"11,142.31",0.077,"8,964.65","12,017.33","12,017.33",0.00,"9,220.29","1,955.70",841.34,916,341,314,"2,101","1,339",18,51,"60,919",101.3
경기도,오산시,대원동,2035,"11,089.61","98,904.28","98,904.28",100.0,1.858,0.00,"38,505.11","38,505.11","9,032.72","29,472.39",0.00,0.00,1.514,"4,651.95","31,373.93","31,373.93",0.00,"31,373.93",1.514,"6,437.66","29,025.24","29,025.24",197.27,"28,759.61",68.36,0.00,839,777,906,"8,215","2,840",0,30,"100,542",101.7
경기도,시흥시,소계,,"1,239,447.50","1,391,913.60","971,501.50",69.8,13.100,"190,422.60","313,657.90","263,947.50","5,774.60","243,400.90","5,753.30","9,018.70",18.200,"489,337.10","507,242.50","217,429.00","212,954.80","4,474.20",17.000,"559,687.80","571,013.20","490,125.00","429,707.80","39,366.60","1,254.60","19,796.00","1,713","4,741","8,687","21,024","6,426",62,581,"971,501",100.0
경기도,시흥시,대야동,2035,"62,422.20","62,422.20","50,473.00",80.9,1.000,"14,375.00","14,375.00","12,906.00",435.90,"11,355.00",434.30,680.80,0.500,"15,166.20","15,166.20","11,483.00","11,344.40",138.60,1.000,"32,881.00","32,881.00","26,084.00","22,534.60","2,312.70",73.70,"1,163.00",129,147,510,578,378,0,89,"50,473",100.0
경기도,시흥시,신천동,2035,"72,777.50","76,968.10","58,707.10",76.3,0.700,"10,818.50","15,009.10","15,009.10",328.10,"13,841.70",326.90,512.40,0.900,"24,697.60","24,697.60","13,357.00","13,131.20",225.80,1.100,"37,261.40","37,261.40","30,341.00","26,318.80","2,620.80",83.50,"1,317.90",97,239,578,"1,040",416,35,97,"58,707",100.0
경기도,시흥시,신현동,2035,"38,557.50","58,322.90","35,259.90",60.5,2.100,"29,403.10","29,403.10","6,340.10",891.70,"3,167.40",888.40,"1,392.60",0.000,"2,424.90","16,102.80","16,102.80","16,080.70",22.10,0.200,"6,729.50","12,817.00","12,817.00","12,090.70",473.30,15.00,238.00,265,23,104,0,76,12,18,"25,182",71.4
경기도,시흥시,은행동,2035,"38,647.90","38,647.90","30,793.40",79.7,0.600,"9,184.90","9,184.90","7,873.40",278.50,"6,882.40",277.50,435.00,0.300,"10,290.20","10,290.20","7,006.00","6,911.90",94.10,0.600,"19,172.80","19,172.80","15,914.00","13,844.40","1,348.50",43.00,678.10,83,100,298,347,227,13,53,"30,793",100.0
경기도,시흥시,매화동,2035,"21,940.10","22,557.90","16,298.40",72.3,0.700,"10,234.70","10,234.70","4,070.40",310.40,"2,966.10",309.20,484.70,0.100,"3,385.20","4,003.00","4,003.00","3,972.10",30.90,0.200,"8,320.20","8,320.20","8,225.00","7,327.00",585.20,18.60,294.20,92,33,129,116,76,0,18,"16,298",100.0
경기도,시흥시,목감동,2035,"38,466.20","40,768.20","28,161.50",69.1,1.700,"23,771.20","23,771.20","22,326.50",720.90,"19,761.50",718.20,"1,125.90",0.000,524.00,"2,826.00","2,826.00","2,821.30",4.70,0.400,"14,171.00","14,171.00","3,009.00","1,479.40",996.70,31.70,501.20,214,6,220,0,151,1,34,"28,161",100.0
경기도,시흥시,군자동,2035,"113,622.50","116,016.10","84,826.40",73.1,2.100,"29,643.90","29,643.90","21,688.40",899.00,"18,489.70",895.70,"1,404.00",1.600,"42,534.20","42,534.20","19,300.00","18,911.10",388.90,1.300,"41,444.40","43,838.00","43,838.00","39,364.10","2,915.10",92.90,"1,465.90",267,412,643,"1,848",491,0,0,"84,826",100.0
경기도,시흥시,월곶동,2035,0.00,0.00,0.00,0.0,0.000,0.00,0.00,0.00,0.00,0.00,0.00,0.00,0.000,0.00,0.00,0.00,0.00,0.00,0.000,0.00,0.00,0.00,0.00,0.00,0.00,0.00,0,0,0,0,0,0,0,0,0.0
경기도,시흥시,정왕본동,2035,"75,661.80","90,287.40","54,221.30",60.1,0.000,377.60,"14,891.10","14,891.10",11.40,"14,850.50",11.40,17.80,1.700,"45,300.30","45,300.30","9,234.20","8,820.00",414.20,0.900,"29,983.90","30,096.00","30,096.00","26,859.30","2,109.00",67.20,"1,060.50",3,439,465,0,340,0,16,"58,237",107.4
경기도,시흥시,정왕1동,2035,"286,167.30","339,311.70","222,320.00",65.5,0.300,"5,406.60","58,551.00","58,551.00",163.90,"57,967.80",163.30,256.00,5.500,"143,568.30","143,568.30","45,425.00","44,112.10","1,312.90",4.300,"137,192.40","137,192.40","118,344.00","103,533.90","9,649.80",307.70,"4,852.60",49,"1,391","2,130","1,964","1,625",0,78,"228,996",103.0
경기도,시흥시,정왕2동,2035,"143,889.50","165,020.30","116,250.90",70.4,0.600,"8,594.10","29,724.90","29,724.90",260.60,"28,797.70",259.60,407.00,2.400,"62,658.40","62,658.40","26,449.00","25,876.00",573.00,2.200,"72,637.00","72,637.00","60,077.00","52,235.80","5,109.10",162.90,"2,569.20",77,607,"1,128","6,353",831,0,40,"116,250",100.0
경기도,시흥시,정왕3동,2035,"182,802.90","204,709.20","144,524.40",70.6,1.000,"15,047.10","36,953.40","36,953.40",456.30,"35,329.80",454.60,712.70,3.200,"83,440.00","83,440.00","32,882.00","32,119.00",763.00,2.600,"84,315.80","84,315.80","74,689.00","65,587.10","5,930.50",189.10,"2,982.30",135,808,"1,309","2,772",983,0,47,"144,524",100.0
경기도,시흥시,정왕4동,2035,"34,222.30","37,715.60","28,029.60",74.3,0.200,"3,674.30","7,167.60","7,167.60",111.40,"6,771.20",111.00,174.00,0.400,"12,062.00","12,062.00","6,377.00","6,266.70",110.30,0.500,"18,486.00","18,486.00","14,485.00","12,489.60","1,300.20",41.40,653.80,33,117,287,"3,696",189,0,10,"28,029",100.0
경기도,시흥시,배곧동,2035,0.00,0.00,0.00,0.0,0.000,0.00,0.00,0.00,0.00,0.00,0.00,0.00,0.000,0.00,0.00,0.00,0.00,0.00,0.000,0.00,0.00,0.00,0.00,0.00,0.00,0.00,0,0,0,0,0,0,0,0,0.0
경기도,시흥시,과림동,2035,"10,671.00","14,710.90","6,408.50",43.6,0.700,"9,941.90","9,941.90","1,639.50",301.50,566.70,300.40,470.90,0.000,150.30,"1,458.00","1,458.00","1,456.70",1.30,0.000,578.80,"3,311.00","3,311.00","3,248.70",40.70,1.20,20.40,89,1,9,462,0,1,34,"6,408",100.0
경기도,시흥시,연성동,2035,"118,984.80","123,841.20","94,613.10",76.4,1.400,"19,335.70","24,192.10","24,192.10",605.00,"22,039.40",602.80,944.90,1.600,"43,135.50","43,135.50","21,526.00","21,131.60",394.40,1.700,"56,513.60","56,513.60","48,895.00","42,794.40","3,975.00",126.70,"1,998.90",180,418,877,0,643,0,33,"94,613",100.0
경기도,시흥시,장곡동,2035,0.00,0.00,0.00,0.0,0.000,0.00,0.00,0.00,0.00,0.00,0.00,0.00,0.000,0.00,0.00,0.00,0.00,0.00,0.000,0.00,0.00,0.00,0.00,0.00,0.00,0.00,0,0,0,"1,848",0,0,0,0,0.0
경기도,시흥시,능곡동,2035,614.00,614.00,614.00,100.0,0.000,614.00,614.00,614.00,0.00,614.00,0.00,0.00,0.000,0.00,0.00,0.00,0.00,0.00,0.000,0.00,0.00,0.00,0.00,0.00,0.00,0.00,0,0,0,0,0,0,14,0,0.0
경기도,군포시,소계,,"328,517.00","366,998.20","347,681.36",94.7,7.420,"113,532.00","113,532.00","98,316.70","7,097.30","91,219.40",0.00,0.00,5.500,"85,233.00","104,665.10","101,696.86","1,789.00","99,907.86",5.500,"129,752.00","148,801.10","147,667.80","22,708.70","124,370.10",589.00,0.00,"1,484","2,529","3,104",0,"12,344",30,154,"325,702",93.7
경기도,군포시,군포1동,2030,"81,122.00","91,184.80","90,441.80",99.2,3.100,"34,779.00","34,779.00","34,036.00",691.70,"33,344.30",0.00,0.00,0.000,"16,690.00","21,162.20","21,162.20",0.00,"21,162.20",0.000,"29,653.00","35,243.60","35,243.60","3,322.80","31,790.80",130.00,0.00,496,500,801,0,"3,418",13,40,"83,819",92.7
경기도,군포시,군포2동,2030,"47,781.00","68,968.80","66,110.20",95.9,1.350,"8,319.00","8,319.00","5,460.40",350.40,"5,110.00",0.00,0.00,1.700,"13,663.00","24,847.10","24,847.10",0.00,"24,847.10",1.700,"25,799.00","35,802.70","35,802.70","4,758.10","30,585.60",459.00,0.00,69,802,907,0,"2,557",0,11,"54,956",83.1
경기도,군포시,산본1동,2030,"24,911.00","24,911.00","23,804.20",95.6,0.740,"18,307.00","18,307.00","17,717.50","2,667.00","15,050.50",0.00,0.00,0.000,"2,603.00","2,603.00","2,238.70",123.50,"2,115.20",0.000,"4,001.00","4,001.00","3,848.00",333.40,"3,514.60",0.00,0.00,300,40,67,0,"1,037",0,0,"23,845",100.2
경기도,군포시,산본2동,2030,"19,439.00","19,439.00","18,576.50",95.6,0.830,"2,763.00","2,763.00","2,735.50","2,090.70",644.80,0.00,0.00,0.000,"7,321.00","7,321.00","6,581.90",0.00,"6,581.90",0.000,"9,355.00","9,355.00","9,259.10","1,813.30","7,445.80",0.00,0.00,14,156,200,0,626,0,0,"18,573",100.0
경기도,군포시,금정동,2030,"45,087.00","45,279.00","41,540.80",91.7,1.130,"38,044.00","38,044.00","34,466.10","1,289.30","33,176.80",0.00,0.00,0.000,"2,729.00","2,921.00","2,921.00","1,665.50","1,255.50",0.000,"4,314.00","4,314.00","4,153.70",505.80,"3,647.90",0.00,0.00,503,85,103,0,"1,544",17,38,"41,254",99.3
경기도,군포시,재궁동,2030,"19,391.00","19,391.00","18,445.50",95.1,0.000,"3,925.00","3,925.00","3,901.20",8.20,"3,893.00",0.00,0.00,0.600,"7,352.00","7,352.00","6,832.50",0.00,"6,832.50",0.600,"8,114.00","8,114.00","7,711.80",855.90,"6,855.90",0.00,0.00,57,158,179,0,671,0,0,"18,317",99.3
경기도,군포시,오금동,2030,"10,553.00","10,553.00","10,027.06",95.0,0.000,0.00,0.00,0.00,0.00,0.00,0.00,0.00,0.500,"4,340.00","4,340.00","4,028.46",0.00,"4,028.46",0.500,"6,213.00","6,213.00","5,998.60","1,177.40","4,821.20",0.00,0.00,0,97,103,0,229,0,0,"10,030",100.0
경기도,군포시,수리동,2030,"11,421.00","11,421.00","11,057.50",96.8,0.000,229.00,229.00,0.00,0.00,0.00,0.00,0.00,0.500,"4,512.00","4,512.00","4,448.70",0.00,"4,448.70",0.500,"6,680.00","6,680.00","6,608.80","3,712.20","2,896.60",0.00,0.00,5,96,71,0,291,0,0,"11,156",100.9
경기도,군포시,궁내동,2030,"10,391.00","10,593.80","9,963.80",94.1,0.000,375.00,375.00,0.00,0.00,0.00,0.00,0.00,0.500,"4,906.00","4,906.00","4,651.00",0.00,"4,651.00",0.500,"5,110.00","5,312.80","5,312.80","1,491.10","3,821.70",0.00,0.00,8,107,69,0,218,0,0,"9,777",98.1
경기도,군포시,대야동,2030,"32,971.00","39,806.80","33,015.80",82.9,0.270,"6,791.00","6,791.00",0.00,0.00,0.00,0.00,0.00,0.800,"8,974.00","12,557.80","12,557.80",0.00,"12,557.80",0.800,"17,206.00","20,458.00","20,458.00","1,252.00","19,206.00",0.00,0.00,32,237,352,0,966,0,65,"29,631",89.7
경기도,군포시,광정동,2030,"25,450.00","25,450.00","24,698.20",97.0,0.000,0.00,0.00,0.00,0.00,0.00,0.00,0.00,0.900,"12,143.00","12,143.00","11,427.50",0.00,"11,427.50",0.900,"13,307.00","13,307.00","13,270.70","3,486.70","9,784.00",0.00,0.00,0,251,252,0,787,0,0,"24,344",98.6
경기도,의왕시,소계,,"392,120.00","392,120.00","303,258.00",77.3,0.000,"67,560.00","67,560.00","67,464.00","16,543.00","49,279.00","1,073.00",569.00,17.524,"172,378.00","172,378.00","109,182.00",0.00,"109,182.00",53.972,"152,182.00","152,182.00","126,612.00","21,032.00","89,782.00","8,218.00","7,580.00","2,225","3,108","3,689","14,964","14,968",69,58,"300,612",99.1
경기도,의왕시,고천동,2035,"57,880.00","57,880.00","48,012.00",83.0,0.000,"10,565.00","10,565.00","10,565.00","1,150.00","9,149.00",210.00,56.00,2.946,"21,572.00","21,572.00","15,131.00",0.00,"15,131.00",8.644,"25,743.00","25,743.00","22,316.00","3,398.00","16,025.00","1,295.00","1,598.00",248,355,523,"1,255","1,255",6,6,"48,012",100.0
경기도,의왕시,부곡동,2035,"122,401.00","122,401.00","87,994.00",71.9,0.000,"21,359.00","21,359.00","21,359.00","4,442.00","16,778.00",95.00,44.00,5.458,"53,080.00","53,080.00","32,374.00",0.00,"32,374.00",11.281,"47,962.00","47,962.00","34,261.00","8,307.00","19,356.00","3,661.00","2,937.00",563,835,902,"4,036","4,037",18,10,"85,983",97.7
경기도,의왕시,오전동,2035,"62,545.00","62,545.00","45,263.00",72.4,0.000,"10,444.00","10,444.00","10,348.00","4,020.00","5,978.00",250.00,100.00,2.420,"29,440.00","29,440.00","15,465.00",0.00,"15,465.00",7.023,"22,661.00","22,661.00","19,450.00","3,605.00","14,455.00",670.00,720.00,415,620,779,"3,677","3,678",12,11,"44,628",98.6
경기도,의왕시,내손1동,2035,"25,185.00","25,185.00","25,185.00",100.0,0.000,"11,480.00","11,480.00","11,480.00","3,568.00","7,355.00",254.00,303.00,0.843,"5,648.00","5,648.00","5,648.00",0.00,"5,648.00",1.553,"8,057.00","8,057.00","8,057.00","1,938.00","5,243.00",351.00,525.00,442,218,308,"1,247","1,248",3,5,"25,185",100.0
경기도,의왕시,내손2동,2035,"40,598.00","40,598.00","27,227.00",67.1,0.000,"11,643.00","11,643.00","11,643.00","2,854.00","8,659.00",105.00,25.00,1.065,"19,115.00","19,115.00","6,449.00",0.00,"6,449.00",1.962,"9,840.00","9,840.00","9,135.00","1,982.00","6,177.00",501.00,475.00,508,281,397,"1,888","1,889",7,6,"27,227",100.0
경기도,의왕시,청계동,2035,"83,511.00","83,511.00","69,577.00",83.3,0.000,"2,069.00","2,069.00","2,069.00",509.00,"1,360.00",159.00,41.00,4.792,"43,523.00","43,523.00","34,115.00",0.00,"34,115.00",23.509,"37,919.00","37,919.00","33,393.00","1,802.00","28,526.00","1,740.00","1,325.00",49,799,780,"2,861","2,861",23,20,"69,577",100.0
경기도,하남시,소계,,"393,412.00","401,222.00","341,125.00",85.0,3.970,"98,847.00","98,847.00","94,096.00","5,098.00","83,703.00","2,910.00","2,385.00",24.970,"278,597.00","278,597.00","223,251.00",0.00,"223,251.00",29.200,"15,968.00","23,778.00","23,778.00",0.00,"22,342.00",0.00,"1,436.00","2,307","1,845","2,916","7,343","5,065",20,0,"324,267",95.1
경기도,하남시,천현동,2035,"393,412.00","401,222.00","341,125.00",85.0,3.970,"98,847.00","98,847.00","94,096.00","5,098.00","83,703.00","2,910.00","2,385.00",24.970,"278,597.00","278,597.00","223,251.00",0.00,"223,251.00",29.200,"15,968.00","23,778.00","23,778.00",0.00,"22,342.00",0.00,"1,436.00","2,307","1,845","2,916","7,343","5,065",20,0,"324,267",95.1
경기도,하남시,신장1동,2035,0.00,0.00,0.00,0.0,0.000,0.00,0.00,0.00,0.00,0.00,0.00,0.00,0.000,0.00,0.00,0.00,0.00,0.00,0.000,0.00,0.00,0.00,0.00,0.00,0.00,0.00,0,0,0,0,0,0,0,0,0.0
경기도,하남시,신장2동,2035,0.00,0.00,0.00,0.0,0.000,0.00,0.00,0.00,0.00,0.00,0.00,0.00,0.000,0.00,0.00,0.00,0.00,0.00,0.000,0.00,0.00,0.00,0.00,0.00,0.00,0.00,0,0,0,0,0,0,0,0,0.0
경기도,하남시,덕풍1동,2035,0.00,0.00,0.00,0.0,0.000,0.00,0.00,0.00,0.00,0.00,0.00,0.00,0.000,0.00,0.00,0.00,0.00,0.00,0.000,0.00,0.00,0.00,0.00,0.00,0.00,0.00,0,0,0,0,0,0,0,0,0.0
경기도,하남시,덕풍2동,2035,0.00,0.00,0.00,0.0,0.000,0.00,0.00,0.00,0.00,0.00,0.00,0.00,0.000,0.00,0.00,0.00,0.00,0.00,0.000,0.00,0.00,0.00,0.00,0.00,0.00,0.00,0,0,0,0,0,0,0,0,0.0
경기도,하남시,덕풍3동,2035,0.00,0.00,0.00,0.0,0.000,0.00,0.00,0.00,0.00,0.00,0.00,0.00,0.000,0.00,0.00,0.00,0.00,0.00,0.000,0.00,0.00,0.00,0.00,0.00,0.00,0.00,0,0,0,0,0,0,0,0,0.0
경기도,하남시,풍산동,2035,0.00,0.00,0.00,0.0,0.000,0.00,0.00,0.00,0.00,0.00,0.00,0.00,0.000,0.00,0.00,0.00,0.00,0.00,0.000,0.00,0.00,0.00,0.00,0.00,0.00,0.00,0,0,0,0,0,0,0,0,0.0
경기도,하남시,감북동,2035,0.00,0.00,0.00,0.0,0.000,0.00,0.00,0.00,0.00,0.00,0.00,0.00,0.000,0.00,0.00,0.00,0.00,0.00,0.000,0.00,0.00,0.00,0.00,0.00,0.00,0.00,0,0,0,0,0,0,0,0,0.0
경기도,하남시,위례동,2035,0.00,0.00,0.00,0.0,0.000,0.00,0.00,0.00,0.00,0.00,0.00,0.00,0.000,0.00,0.00,0.00,0.00,0.00,0.000,0.00,0.00,0.00,0.00,0.00,0.00,0.00,0,0,0,0,0,0,0,0,0.0
경기도,하남시,춘궁동,2035,0.00,0.00,0.00,0.0,0.000,0.00,0.00,0.00,0.00,0.00,0.00,0.00,0.000,0.00,0.00,0.00,0.00,0.00,0.000,0.00,0.00,0.00,0.00,0.00,0.00,0.00,0,0,0,0,0,0,0,0,0.0
경기도,하남시,초이동,2035,0.00,0.00,0.00,0.0,0.000,0.00,0.00,0.00,0.00,0.00,0.00,0.00,0.000,0.00,0.00,0.00,0.00,0.00,0.000,0.00,0.00,0.00,0.00,0.00,0.00,0.00,0,0,0,0,0,0,0,0,0.0
경기도,하남시,미사1동,2035,0.00,0.00,0.00,0.0,0.000,0.00,0.00,0.00,0.00,0.00,0.00,0.00,0.000,0.00,0.00,0.00,0.00,0.00,0.000,0.00,0.00,0.00,0.00,0.00,0.00,0.00,0,0,0,0,0,0,0,0,0.0
경기도,하남시,미사2동,2035,0.00,0.00,0.00,0.0,0.000,0.00,0.00,0.00,0.00,0.00,0.00,0.00,0.000,0.00,0.00,0.00,0.00,0.00,0.000,0.00,0.00,0.00,0.00,0.00,0.00,0.00,0,0,0,0,0,0,0,0,0.0
경기도,용인시,소계,,"2,351,946.00","2,361,610.00","2,238,120.00",94.8,0.000,"231,903.00","231,984.00","202,335.00","12,029.00","190,306.00",0.00,0.00,91.000,"1,260,411.00","1,260,827.00","1,208,715.00","1,499.00","1,207,216.00",159.000,"859,632.00","868,799.00","827,070.00","74,000.00","753,070.00",0.00,0.00,"5,297","32,652","20,504","35,915","44,338",210,"2,278","2,238,120",100.0
경기도,용인시,포곡읍,2030,"172,241.00","172,636.00","171,171.00",99.2,0.000,"8,566.00","8,566.00","7,122.00",455.00,"6,667.00",0.00,0.00,6.000,"104,835.00","104,835.00","104,814.00",0.00,"104,814.00",16.000,"58,840.00","59,235.00","59,235.00","3,632.00","55,603.00",0.00,0.00,203,"2,870","1,608","2,355","2,566",35,198,"171,171",100.0
경기도,용인시,모현읍,2030,0.00,0.00,0.00,0.0,0.000,0.00,0.00,0.00,0.00,0.00,0.00,0.00,0.000,0.00,0.00,0.00,0.00,0.00,0.000,0.00,0.00,0.00,0.00,0.00,0.00,0.00,0,0,0,0,0,0,0,0,0.0
경기도,용인시,이동읍,2030,0.00,0.00,0.00,0.0,0.000,0.00,0.00,0.00,0.00,0.00,0.00,0.00,0.000,0.00,0.00,0.00,0.00,0.00,0.000,0.00,0.00,0.00,0.00,0.00,0.00,0.00,0,0,0,0,0,0,0,0,0.0
경기도,용인시,모현면,2030,"156,239.00","156,390.00","153,339.00",98.0,0.000,"14,465.00","14,465.00","12,120.00",692.00,"11,428.00",0.00,0.00,7.000,"99,593.00","99,593.00","98,887.00",0.00,"98,887.00",19.000,"42,181.00","42,332.00","42,332.00","1,750.00","40,582.00",0.00,0.00,327,"2,523","1,106",917,"1,479",38,215,"153,339",100.0
경기도,용인시,남사면,2030,"125,902.00","125,902.00","124,131.00",98.6,0.000,"27,274.00","27,274.00","25,746.00","1,434.00","24,312.00",0.00,0.00,7.000,"73,915.00","73,915.00","73,841.00",0.00,"73,841.00",17.000,"24,713.00","24,713.00","24,544.00","3,639.00","20,905.00",0.00,0.00,636,"1,989",549,"1,093","1,157",0,155,"124,131",100.0
경기도,용인시,이동면,2030,"126,220.00","126,220.00","108,065.00",85.6,0.000,"24,831.00","24,831.00","21,817.00","1,118.00","20,699.00",0.00,0.00,4.000,"73,020.00","73,020.00","63,998.00",0.00,"63,998.00",10.000,"28,369.00","28,369.00","22,250.00",613.00,"21,637.00",0.00,0.00,574,"1,920",626,"3,651","2,391",0,104,"108,065",100.0
경기도,용인시,원삼면,2030,"86,515.00","86,516.00","82,519.00",95.4,0.000,"25,924.00","25,925.00","25,925.00",338.00,"25,587.00",0.00,0.00,1.000,"47,610.00","47,610.00","45,555.00",66.00,"45,489.00",1.000,"12,981.00","12,981.00","11,039.00",419.00,"10,620.00",0.00,0.00,770,"1,207",335,953,843,0,154,"82,519",100.0
경기도,용인시,백암면,2030,"83,773.00","83,853.00","79,725.00",95.1,0.000,"29,128.00","29,208.00","29,208.00","1,472.00","27,736.00",0.00,0.00,2.000,"42,040.00","42,040.00","40,324.00","1,392.00","38,932.00",5.000,"12,605.00","12,605.00","10,193.00",558.00,"9,635.00",0.00,0.00,842,"1,008",267,935,"1,085",0,193,"79,725",100.0
경기도,용인시,양지면,2030,"131,943.00","131,943.00","127,979.00",97.0,0.000,"26,182.00","26,182.00","24,157.00",429.00,"23,728.00",0.00,0.00,2.000,"75,272.00","75,272.00","74,237.00",0.00,"74,237.00",1.000,"30,489.00","30,489.00","29,585.00",945.00,"28,640.00",0.00,0.00,610,"2,125",780,"1,494",811,27,254,"127,979",100.0
경기도,용인시,중앙동,2030,"86,617.00","86,617.00","83,119.00",96.0,0.000,"4,426.00","4,426.00","4,409.00",310.00,"4,099.00",0.00,0.00,3.000,"42,151.00","42,151.00","40,390.00",0.00,"40,390.00",9.000,"40,040.00","40,040.00","38,320.00","1,871.00","36,449.00",0.00,0.00,117,"1,095",918,"1,145","1,706",30,81,"83,119",100.0
경기도,용인시,역삼동,2030,"101,481.00","101,481.00","97,304.00",95.9,0.000,"4,365.00","4,365.00","3,777.00",794.00,"2,983.00",0.00,0.00,2.000,"46,063.00","46,063.00","44,060.00",0.00,"44,060.00",4.000,"51,053.00","51,053.00","49,467.00","3,114.00","46,353.00",0.00,0.00,95,"1,164","1,214","1,442","2,222",23,92,"97,304",100.0
경기도,용인시,유림동,2030,"97,965.00","100,813.00","94,168.00",93.4,0.000,"15,869.00","15,869.00","11,089.00",876.00,"10,213.00",0.00,0.00,2.000,"53,605.00","53,605.00","51,740.00",0.00,"51,740.00",6.000,"28,491.00","31,339.00","31,339.00","2,075.00","29,264.00",0.00,0.00,264,"1,363",794,"1,471","1,305",33,143,"94,168",100.0
경기도,용인시,동부동,2030,"78,648.00","81,465.00","76,418.00",93.8,0.000,"9,450.00","9,450.00","4,749.00",153.00,"4,596.00",0.00,0.00,2.000,"44,430.00","44,430.00","44,084.00",0.00,"44,084.00",2.000,"24,768.00","27,585.00","27,585.00","1,117.00","26,468.00",0.00,0.00,138,"1,221",699,"1,610","1,080",10,77,"76,418",100.0
경기도,용인시,신갈동,2030,"69,037.00","69,037.00","66,042.00",95.7,0.000,"7,366.00","7,366.00","6,306.00",257.00,"6,049.00",0.00,0.00,3.000,"30,062.00","30,062.00","28,565.00",0.00,"28,565.00",4.000,"31,609.00","31,609.00","31,171.00","3,545.00","27,626.00",0.00,0.00,141,757,598,507,"1,492",1,40,"66,042",100.0
경기도,용인시,영덕동,2030,"93,238.00","93,238.00","82,989.00",89.0,0.000,"4,629.00","4,629.00",86.00,0.00,86.00,0.00,0.00,3.000,"41,312.00","41,312.00","37,489.00",0.00,"37,489.00",3.000,"47,297.00","47,297.00","45,414.00","4,193.00","41,221.00",0.00,0.00,4,"1,079","1,076","3,504","2,237",2,55,"82,989",100.0
경기도,용인시,구갈동,2030,"49,842.00","49,842.00","46,842.00",94.0,0.000,210.00,210.00,209.00,0.00,209.00,0.00,0.00,3.000,"21,625.00","21,625.00","20,125.00",0.00,"20,125.00",3.000,"28,007.00","28,007.00","26,508.00","2,360.00","24,148.00",0.00,0.00,6,496,538,"1,132","1,436",0,18,"46,842",100.0
경기도,용인시,상갈동,2030,"86,968.00","86,968.00","83,967.00",96.5,0.000,"4,122.00","4,122.00","4,122.00",0.00,"4,122.00",0.00,0.00,4.000,"43,773.00","43,773.00","42,274.00",0.00,"42,274.00",5.000,"39,073.00","39,073.00","37,571.00","5,013.00","32,558.00",0.00,0.00,76,"1,323","1,019",571,"1,736",8,48,"83,967",100.0
경기도,용인시,기흥동,2030,"62,381.00","65,753.00","65,750.00",100.0,0.000,"3,029.00","3,029.00","3,026.00",199.00,"2,827.00",0.00,0.00,3.000,"40,945.00","41,361.00","41,361.00",0.00,"41,361.00",4.000,"18,407.00","21,363.00","21,363.00","1,287.00","20,076.00",0.00,0.00,59,"1,128",597,769,"1,290",0,55,"65,750",100.0
경기도,용인시,서농동,2030,"48,619.00","48,619.00","45,607.00",93.8,0.000,"1,200.00","1,200.00","1,198.00",135.00,"1,063.00",0.00,0.00,2.000,"22,253.00","22,253.00","19,785.00",0.00,"19,785.00",2.000,"25,166.00","25,166.00","24,624.00","2,127.00","22,497.00",0.00,0.00,29,563,642,677,"1,649",0,2,"45,607",100.0
경기도,용인시,구성동,2030,"52,092.00","52,092.00","48,498.00",93.1,0.000,944.00,944.00,433.00,0.00,433.00,0.00,0.00,3.000,"28,374.00","28,374.00","26,568.00",0.00,"26,568.00",3.000,"22,774.00","22,774.00","21,497.00","1,055.00","20,442.00",0.00,0.00,11,858,616,"1,574","1,446",3,28,"48,498",100.0
경기도,용인시,마북동,2030,"46,748.00","46,748.00","43,771.00",93.6,0.000,"1,509.00","1,509.00","1,509.00",125.00,"1,384.00",0.00,0.00,3.000,"24,604.00","24,604.00","23,100.00",0.00,"23,100.00",4.000,"20,635.00","20,635.00","19,162.00",507.00,"18,655.00",0.00,0.00,34,669,535,973,"1,138",0,44,"43,771",100.0
경기도,용인시,동백동,2030,"100,715.00","100,715.00","98,207.00",97.5,0.000,"1,009.00","1,009.00",0.00,0.00,0.00,0.00,0.00,3.000,"48,119.00","48,119.00","46,743.00",0.00,"46,743.00",4.000,"51,587.00","51,587.00","51,464.00","14,928.00","36,536.00",0.00,0.00,24,"1,129",986,"1,106","3,178",0,16,"98,207",100.0
경기도,용인시,상하동,2030,"31,822.00","31,822.00","29,188.00",91.7,0.000,"1,483.00","1,483.00","1,354.00",329.00,"1,025.00",0.00,0.00,2.000,"17,650.00","17,650.00","16,291.00",0.00,"16,291.00",3.000,"12,689.00","12,689.00","11,543.00","1,556.00","9,987.00",0.00,0.00,40,510,258,578,434,0,22,"29,188",100.0
경기도,용인시,보정동,2030,"62,150.00","62,150.00","59,150.00",95.2,0.000,"2,533.00","2,533.00","2,530.00",395.00,"2,135.00",0.00,0.00,2.000,"33,013.00","33,013.00","31,513.00",0.00,"31,513.00",3.000,"26,604.00","26,604.00","25,107.00","1,300.00","23,807.00",0.00,0.00,56,701,598,"1,058","1,799",0,63,"59,150",100.0
경기도,용인시,풍덕천1동,2030,"46,083.00","46,083.00","43,913.00",95.3,0.000,213.00,213.00,45.00,0.00,45.00,0.00,0.00,2.000,"20,713.00","20,713.00","19,706.00",41.00,"19,665.00",3.000,"25,157.00","25,157.00","24,162.00","3,866.00","20,296.00",0.00,0.00,4,500,464,532,"1,145",0,10,"43,913",100.0
경기도,용인시,풍덕천2동,2030,"42,859.00","42,859.00","37,454.00",87.4,0.000,380.00,380.00,353.00,0.00,353.00,0.00,0.00,2.000,"20,000.00","20,000.00","18,276.00",0.00,"18,276.00",3.000,"22,479.00","22,479.00","18,825.00",345.00,"18,480.00",0.00,0.00,3,408,413,544,"1,144",0,10,"37,454",100.0
경기도,용인시,신봉동,2030,"45,557.00","45,557.00","43,550.00",95.6,0.000,"1,169.00","1,169.00","1,169.00",24.00,"1,145.00",0.00,0.00,4.000,"21,893.00","21,893.00","20,891.00",0.00,"20,891.00",5.000,"22,495.00","22,495.00","21,490.00","1,151.00","20,339.00",0.00,0.00,33,635,643,520,"1,212",0,29,"43,550",100.0
경기도,용인시,죽전1동,2030,"58,174.00","58,174.00","52,953.00",91.0,0.000,"2,066.00","2,066.00",821.00,0.00,821.00,0.00,0.00,2.000,"29,496.00","29,496.00","26,522.00",0.00,"26,522.00",4.000,"26,612.00","26,612.00","25,610.00","2,983.00","22,627.00",0.00,0.00,40,713,667,544,"1,632",0,26,"52,953",100.0
경기도,용인시,죽전2동,2030,"28,882.00","28,882.00","24,021.00",83.2,0.000,"2,131.00","2,131.00","2,130.00","1,067.00","1,063.00",0.00,0.00,2.000,"16,001.00","16,001.00","15,000.00",0.00,"15,000.00",3.000,"10,750.00","10,750.00","6,891.00",289.00,"6,602.00",0.00,0.00,17,323,172,541,699,0,11,"24,021",100.0
경기도,용인시,동천동,2030,"87,461.00","87,461.00","85,431.00",97.7,0.000,"2,871.00","2,871.00","2,809.00",212.00,"2,597.00",0.00,0.00,4.000,"55,635.00","55,635.00","54,631.00",0.00,"54,631.00",7.000,"28,955.00","28,955.00","27,991.00","2,027.00","25,964.00",0.00,0.00,67,"1,342",763,879,"1,907",0,77,"85,431",100.0
경기도,용인시,상현1동,2030,"39,942.00","39,942.00","36,463.00",91.3,0.000,"2,351.00","2,351.00","2,348.00",789.00,"1,559.00",0.00,0.00,2.000,"17,474.00","17,474.00","15,007.00",0.00,"15,007.00",2.000,"20,117.00","20,117.00","19,108.00","2,499.00","16,609.00",0.00,0.00,29,419,431,969,859,0,15,"36,463",100.0
경기도,용인시,상현2동,2030,"19,268.00","19,268.00","15,827.00",82.1,0.000,819.00,819.00,379.00,186.00,193.00,0.00,0.00,2.000,"9,820.00","9,820.00","8,825.00",0.00,"8,825.00",2.000,"8,629.00","8,629.00","6,623.00","1,754.00","4,869.00",0.00,0.00,13,231,164,941,368,0,5,"15,827",100.0
경기도,용인시,성복동,2030,"32,564.00","32,564.00","30,559.00",93.8,0.000,"1,389.00","1,389.00","1,389.00",240.00,"1,149.00",0.00,0.00,2.000,"15,115.00","15,115.00","14,113.00",0.00,"14,113.00",2.000,"16,060.00","16,060.00","15,057.00","1,482.00","13,575.00",0.00,0.00,35,383,428,930,892,0,38,"30,559",100.0
경기도,파주시,소계,,"1,184,338.00","1,525,027.00","1,173,210.00",76.9,58.250,"177,967.00","479,398.00","445,149.00","27,382.00","375,050.00","7,983.00","34,734.00",75.960,"685,934.00","695,242.00","396,498.00",0.00,"396,498.00",75.550,"320,437.00","350,387.00","331,563.00","103,773.00","213,554.00","1,917.00","12,319.00","14,500","14,491",0,"18,937",0,11,0,"633,822",54.0
경기도,파주시,문산읍,2030,"133,259.00","434,690.00","389,683.00",89.6,0.000,0.00,"301,431.00","301,431.00",0.00,"301,431.00",0.00,0.00,9.930,"88,759.00","88,759.00","43,752.00",0.00,"43,752.00",9.930,"44,500.00","44,500.00","44,500.00","15,076.00","29,424.00",0.00,0.00,"1,433","1,433",0,"1,756",0,4,0,"54,942",14.1
경기도,파주시,파주읍,2030,"139,176.00","139,176.00","124,814.00",89.7,11.860,"30,310.00","30,310.00","30,310.00","2,930.00","16,081.00",69.00,"11,230.00",11.860,"68,206.00","68,206.00","54,379.00",0.00,"54,379.00",11.860,"40,660.00","40,660.00","40,125.00","17,915.00","22,210.00",0.00,0.00,"1,702","1,702",0,"3,306",0,2,0,"80,572",64.6
경기도,파주시,법원읍,2030,"81,247.00","81,247.00","57,942.00",71.3,4.300,"4,508.00","4,508.00","4,508.00",95.00,"2,623.00",697.00,"1,093.00",4.300,"48,189.00","48,189.00","24,884.00",0.00,"24,884.00",4.300,"28,550.00","28,550.00","28,550.00","15,403.00","12,904.00",225.00,18.00,"1,104","1,104",0,"2,319",0,2,0,"41,029",70.8
경기도,파주시,조리읍,2030,"84,459.00","84,459.00","44,259.00",52.4,0.000,0.00,0.00,0.00,0.00,0.00,0.00,0.00,6.800,"59,489.00","59,489.00","19,289.00",0.00,"19,289.00",6.800,"24,970.00","24,970.00","24,970.00","9,171.00","14,171.00",106.00,"1,522.00",728,728,0,"1,332",0,3,0,"44,259",100.0
경기도,파주시,월롱면,2030,"73,164.00","73,164.00","69,622.00",95.2,2.990,"13,212.00","13,212.00","13,212.00","2,001.00","7,660.00","1,270.00","2,281.00",2.990,"36,525.00","36,525.00","33,018.00",0.00,"33,018.00",2.990,"23,427.00","23,427.00","23,392.00","9,712.00","13,680.00",0.00,0.00,639,639,0,"1,304",0,0,0,"37,430",53.8
경기도,파주시,탄현면,2030,"203,215.00","242,473.00","208,224.00",85.9,10.410,"55,933.00","55,933.00","21,684.00","1,307.00","9,382.00","4,757.00","6,238.00",10.410,"95,139.00","104,447.00","104,447.00",0.00,"104,447.00",10.410,"52,143.00","82,093.00","82,093.00","22,027.00","54,998.00",307.00,"4,761.00","4,643","4,643",0,"3,737",0,0,0,"159,603",76.6
경기도,파주시,광탄면,2030,"105,136.00","105,136.00","37,031.00",35.2,6.930,"6,817.00","6,817.00","6,817.00",803.00,"2,149.00",297.00,"3,568.00",6.930,"86,342.00","86,342.00","18,237.00",0.00,"18,237.00",6.930,"11,977.00","11,977.00","11,977.00","5,631.00","6,346.00",0.00,0.00,566,566,0,"1,122",0,0,0,"26,381",71.2
경기도,파주시,파평면,2030,"77,281.00","77,281.00","65,354.00",84.6,2.540,"34,270.00","34,270.00","34,270.00","15,181.00","16,394.00",5.00,"2,690.00",2.540,"43,011.00","43,011.00","31,084.00",0.00,"31,084.00",2.540,0.00,0.00,0.00,0.00,0.00,0.00,0.00,"1,083","1,083",0,883,0,0,0,"19,745",30.2
경기도,파주시,적성면,2030,"67,109.00","67,109.00","40,980.00",61.1,4.680,"7,044.00","7,044.00","7,044.00","2,677.00","1,754.00",539.00,"2,074.00",4.680,"50,040.00","50,040.00","23,911.00",0.00,"23,911.00",4.680,"10,025.00","10,025.00","10,025.00","2,825.00","3,954.00",0.00,"3,246.00",498,498,0,"1,089",0,0,0,"35,030",85.5
경기도,파주시,군내면,2030,"4,775.00","4,775.00",0.00,0.0,0.000,0.00,0.00,0.00,0.00,0.00,0.00,0.00,0.490,"4,775.00","4,775.00",0.00,0.00,0.00,0.490,0.00,0.00,0.00,0.00,0.00,0.00,0.00,633,633,0,742,0,0,0,0,0.0
경기도,파주시,장단면,2030,0.00,0.00,0.00,0.0,0.000,0.00,0.00,0.00,0.00,0.00,0.00,0.00,0.000,0.00,0.00,0.00,0.00,0.00,0.000,0.00,0.00,0.00,0.00,0.00,0.00,0.00,0,0,0,0,0,0,0,0,0.0
경기도,파주시,진동면,2030,470.00,470.00,470.00,100.0,0.000,0.00,0.00,0.00,0.00,0.00,0.00,0.00,0.490,470.00,470.00,470.00,0.00,470.00,0.080,0.00,0.00,0.00,0.00,0.00,0.00,0.00,9,0,0,0,0,0,0,0,0.0
경기도,파주시,진서면,2030,0.00,0.00,0.00,0.0,0.000,0.00,0.00,0.00,0.00,0.00,0.00,0.00,0.000,0.00,0.00,0.00,0.00,0.00,0.000,0.00,0.00,0.00,0.00,0.00,0.00,0.00,0,0,0,0,0,0,0,0,0.0
경기도,파주시,금촌1동,2030,0.00,0.00,0.00,0.0,0.000,0.00,0.00,0.00,0.00,0.00,0.00,0.00,0.000,0.00,0.00,0.00,0.00,0.00,0.000,0.00,0.00,0.00,0.00,0.00,0.00,0.00,0,0,0,0,0,0,0,0,0.0
경기도,파주시,금촌2동,2030,0.00,0.00,0.00,0.0,0.000,0.00,0.00,0.00,0.00,0.00,0.00,0.00,0.000,0.00,0.00,0.00,0.00,0.00,0.000,0.00,0.00,0.00,0.00,0.00,0.00,0.00,0,0,0,0,0,0,0,0,0.0
경기도,파주시,금촌3동,2030,0.00,0.00,0.00,0.0,0.000,0.00,0.00,0.00,0.00,0.00,0.00,0.00,0.000,0.00,0.00,0.00,0.00,0.00,0.000,0.00,0.00,0.00,0.00,0.00,0.00,0.00,0,0,0,0,0,0,0,0,0.0
경기도,파주시,교하동,2030,"215,047.00","215,047.00","134,831.00",62.7,14.540,"25,873.00","25,873.00","25,873.00","2,388.00","17,576.00",349.00,"5,560.00",14.540,"104,989.00","104,989.00","43,027.00",0.00,"43,027.00",14.540,"84,185.00","84,185.00","65,931.00","6,013.00","55,867.00","1,279.00","2,772.00","1,462","1,462",0,"1,347",0,0,0,"134,831",100.0
경기도,파주시,운정1동,2030,0.00,0.00,0.00,0.0,0.000,0.00,0.00,0.00,0.00,0.00,0.00,0.00,0.000,0.00,0.00,0.00,0.00,0.00,0.000,0.00,0.00,0.00,0.00,0.00,0.00,0.00,0,0,0,0,0,0,0,0,0.0
경기도,파주시,운정2동,2030,0.00,0.00,0.00,0.0,0.000,0.00,0.00,0.00,0.00,0.00,0.00,0.00,0.000,0.00,0.00,0.00,0.00,0.00,0.000,0.00,0.00,0.00,0.00,0.00,0.00,0.00,0,0,0,0,0,0,0,0,0.0
경기도,파주시,운정3동,2030,0.00,0.00,0.00,0.0,0.000,0.00,0.00,0.00,0.00,0.00,0.00,0.00,0.000,0.00,0.00,0.00,0.00,0.00,0.000,0.00,0.00,0.00,0.00,0.00,0.00,0.00,0,0,0,0,0,0,0,0,0.0
경기도,이천시,소계,,"1,408,500.00","1,408,500.00","1,260,297.00",89.5,0.000,0.00,0.00,0.00,0.00,0.00,0.00,0.00,49.950,"852,182.00","852,182.00","703,979.00",0.00,"703,979.00",354.100,"556,318.00","556,318.00","556,318.00","20,415.00","456,051.00",0.00,"79,852.00",0,"19,299","9,169","46,113","22,594",0,0,"1,260,042",100.0
경기도,이천시,장호원읍,2020,"158,608.00","158,608.00","125,871.00",79.4,0.000,0.00,0.00,0.00,0.00,0.00,0.00,0.00,6.110,"98,148.00","98,148.00","65,411.00",0.00,"65,411.00",49.700,"60,460.00","60,460.00","60,460.00","3,110.00","52,472.00",0.00,"4,878.00",0,"1,904",199,"5,790","1,759",0,0,"125,871",100.0
경기도,이천시,부발읍,2020,"170,826.00","170,826.00","150,088.00",87.9,0.000,0.00,0.00,0.00,0.00,0.00,0.00,0.00,2.210,"97,365.00","97,365.00","76,627.00",0.00,"76,627.00",30.300,"73,461.00","73,461.00","73,461.00",735.00,"58,224.00",0.00,"14,502.00",0,"1,735","1,293","4,862","2,411",0,0,"150,088",100.0
경기도,이천시,신둔면,2020,"108,996.00","108,996.00","107,101.00",98.3,0.000,0.00,0.00,0.00,0.00,0.00,0.00,0.00,3.000,"73,799.00","73,799.00","71,904.00",0.00,"71,904.00",0.800,"35,197.00","35,197.00","35,197.00",582.00,"31,128.00",0.00,"3,487.00",0,"2,656","1,107","4,037","1,945",0,0,"107,101",100.0
경기도,이천시,백사면,2020,"95,706.00","95,706.00","93,537.00",97.7,0.000,0.00,0.00,0.00,0.00,0.00,0.00,0.00,6.700,"57,779.00","57,779.00","55,610.00",0.00,"55,610.00",29.200,"37,927.00","37,927.00","37,927.00",655.00,"35,120.00",0.00,"2,152.00",0,"1,657",835,"2,925","1,206",0,0,"93,298",99.7
경기도,이천시,호법면,2020,"152,196.00","152,196.00","133,915.00",88.0,0.000,0.00,0.00,0.00,0.00,0.00,0.00,0.00,2.820,"101,194.00","101,194.00","82,913.00",0.00,"82,913.00",33.000,"51,002.00","51,002.00","51,002.00","2,628.00","33,396.00",0.00,"14,978.00",0,"1,452",898,"1,458","1,484",0,0,"133,913",100.0
경기도,이천시,마장면,2020,"101,164.00","101,164.00","101,164.00",100.0,0.000,0.00,0.00,0.00,0.00,0.00,0.00,0.00,2.990,"74,172.00","74,172.00","74,172.00",0.00,"74,172.00",20.400,"26,992.00","26,992.00","26,992.00",795.00,"23,499.00",0.00,"2,698.00",0,"2,561",939,"3,622","1,578",0,0,"101,150",100.0
경기도,이천시,대월면,2020,"113,291.00","113,291.00","88,569.00",78.2,0.000,0.00,0.00,0.00,0.00,0.00,0.00,0.00,3.840,"63,564.00","63,564.00","38,842.00",0.00,"38,842.00",44.200,"49,727.00","49,727.00","49,727.00",618.00,"39,720.00",0.00,"9,389.00",0,896,495,"1,738",693,0,0,"88,569",100.0
경기도,이천시,모가면,2020,"32,776.00","32,776.00","26,913.00",82.1,0.000,0.00,0.00,0.00,0.00,0.00,0.00,0.00,2.510,"23,226.00","23,226.00","17,363.00",0.00,"17,363.00",31.600,"9,550.00","9,550.00","9,550.00",353.00,"9,027.00",0.00,170.00,0,697,432,"1,415",459,0,0,"26,913",100.0
경기도,이천시,설성면,2020,"75,552.00","75,552.00","52,268.00",69.2,0.000,0.00,0.00,0.00,0.00,0.00,0.00,0.00,2.930,"57,209.00","57,209.00","33,925.00",0.00,"33,925.00",45.700,"18,343.00","18,343.00","18,343.00","1,520.00","15,247.00",0.00,"1,576.00",0,839,185,"1,487",511,0,0,"52,268",100.0
경기도,이천시,율면,2020,"132,452.00","132,452.00","115,384.00",87.1,0.000,0.00,0.00,0.00,0.00,0.00,0.00,0.00,2.290,"80,365.00","80,365.00","63,297.00",0.00,"63,297.00",34.700,"52,087.00","52,087.00","52,087.00","1,390.00","41,514.00",0.00,"9,183.00",0,899,46,"1,290",275,0,0,"115,384",100.0
경기도,이천시,창전동,2020,"65,971.00","65,971.00","65,971.00",100.0,0.000,0.00,0.00,0.00,0.00,0.00,0.00,0.00,1.100,"27,619.00","27,619.00","27,619.00",0.00,"27,619.00",7.000,"38,352.00","38,352.00","38,352.00","1,596.00","34,338.00",0.00,"2,418.00",0,597,515,"5,296","3,216",0,0,"65,971",100.0
경기도,이천시,증포동,2020,"83,789.00","83,789.00","83,789.00",100.0,0.000,0.00,0.00,0.00,0.00,0.00,0.00,0.00,3.900,"41,587.00","41,587.00","41,587.00",0.00,"41,587.00",10.200,"42,202.00","42,202.00","42,202.00",922.00,"34,947.00",0.00,"6,333.00",0,"1,167",930,"4,132","2,078",0,0,"83,789",100.0
경기도,이천시,중리동,2020,"95,993.00","95,993.00","94,547.00",98.5,0.000,0.00,0.00,0.00,0.00,0.00,0.00,0.00,6.550,"44,454.00","44,454.00","43,008.00",0.00,"43,008.00",11.600,"51,539.00","51,539.00","51,539.00","4,804.00","39,148.00",0.00,"7,587.00",0,"1,633",780,"5,401","3,377",0,0,"94,547",100.0
경기도,이천시,관고동,2020,"21,180.00","21,180.00","21,180.00",100.0,0.000,0.00,0.00,0.00,0.00,0.00,0.00,0.00,3.000,"11,701.00","11,701.00","11,701.00",0.00,"11,701.00",5.700,"9,479.00","9,479.00","9,479.00",707.00,"8,271.00",0.00,501.00,0,606,515,"2,660","1,602",0,0,"21,180",100.0
경기도,안성시,소계,,"1,017,736.20","1,077,839.90","695,444.10",64.5,0.000,"235,858.20","246,342.40","234,250.00","20,952.40","140,210.70","25,247.90","47,839.00",34.134,"460,384.00","510,003.50","414,388.70",0.00,"414,388.70",0.000,"321,494.00","321,494.00","46,805.40","5,353.30","40,383.70",918.40,150.00,"3,377","4,885",987,"13,928","10,738",16,0,"578,011",83.1
경기도,안성시,공도읍,2020,"127,272.80","134,968.30","121,973.60",90.4,0.000,"27,872.80","27,872.80","27,535.80",358.80,"16,087.80","6,665.10","4,424.10",6.515,"81,400.00","89,095.50","89,095.50",0.00,"89,095.50",0.000,"18,000.00","18,000.00","5,342.30",48.00,"5,294.30",0.00,0.00,468,703,465,"2,193","1,203",3,0,"105,634",86.6
경기도,안성시,보개면,2020,"47,846.90","47,846.90","22,588.00",47.2,0.000,"9,956.90","9,956.90","9,956.90","1,487.00","4,570.10","1,243.30","2,656.50",1.270,"21,170.00","21,170.00","12,631.10",0.00,"12,631.10",0.000,"16,720.00","16,720.00",0.00,0.00,0.00,0.00,0.00,39,72,0,393,335,0,0,"20,835",92.2
경기도,안성시,금광면,2020,"25,941.80","25,941.80","10,955.00",42.2,0.000,"8,311.80","8,311.80","8,311.80",497.20,"6,091.20",970.00,753.40,0.551,"9,850.00","9,850.00","2,643.20",0.00,"2,643.20",0.000,"7,780.00","7,780.00",0.00,0.00,0.00,0.00,0.00,69,130,0,207,120,0,0,"9,448",86.2
경기도,안성시,서운면,2020,"5,280.30","24,777.00","24,777.00",100.0,0.000,"5,280.30","15,188.30","15,188.30","2,335.00","11,807.60",530.80,514.90,0.481,0.00,"9,588.70","9,588.70",0.00,"9,588.70",0.000,0.00,0.00,0.00,0.00,0.00,0.00,0.00,29,30,0,263,156,0,0,"11,501",46.4
경기도,안성시,미양면,2020,"50,318.80","50,318.80","28,414.00",56.5,0.000,"9,038.80","9,038.80","9,038.80","1,680.40","4,945.70","1,340.40","1,072.30",1.610,"21,740.00","21,740.00","16,030.20",0.00,"16,030.20",0.000,"19,540.00","19,540.00","3,345.00",365.00,"2,980.00",0.00,0.00,136,104,53,389,335,0,0,"23,729",83.5
경기도,안성시,대덕면,2020,"93,335.30","93,744.30","53,929.30",57.5,0.000,"22,675.30","23,084.30","23,084.30","1,062.00","19,166.60","1,432.00","1,423.70",2.586,"39,480.00","39,480.00","22,849.10",0.00,"22,849.10",0.000,"31,180.00","31,180.00","7,995.90","1,231.20","5,937.30",827.40,0.00,240,220,60,"1,042","1,178",0,0,"50,150",93.0
경기도,안성시,양성면,2020,"27,024.30","31,382.20","24,019.20",76.5,0.000,"9,414.30","9,414.30","9,414.30",600.10,"5,309.10","2,166.40","1,338.70",2.746,"7,210.00","11,567.90","11,567.90",0.00,"11,567.90",0.000,"10,400.00","10,400.00","3,037.00",0.00,"3,037.00",0.00,0.00,100,85,0,207,186,0,0,"16,893",70.3
경기도,안성시,원곡면,2020,"43,125.50","57,590.00","46,229.00",80.3,0.000,"9,325.50","9,325.50","9,325.50",549.70,"4,509.80","2,064.80","2,201.20",2.727,"16,300.00","30,764.50","30,764.50",0.00,"30,764.50",0.000,"17,500.00","17,500.00","6,139.00","1,638.00","4,501.00",0.00,0.00,172,350,48,694,359,0,0,"31,262",67.6
경기도,안성시,일죽면,2020,"119,242.00","119,242.00","75,490.00",63.3,0.000,"19,042.00","19,042.00","19,042.00",501.40,"13,214.00","1,663.90","3,662.70",4.614,"62,200.00","62,200.00","55,143.00",0.00,"55,143.00",0.000,"38,000.00","38,000.00","1,305.00",0.00,"1,305.00",0.00,0.00,444,"1,355",131,"1,786",675,0,0,"56,240",74.5
경기도,안성시,죽산면,2020,"102,791.20","102,791.20","59,392.00",57.8,0.000,"21,371.20","21,371.20","21,371.20","1,616.00","13,562.40","2,239.70","3,953.10",3.794,"43,680.00","43,680.00","35,792.70",0.00,"35,792.70",0.000,"37,740.00","37,740.00","2,228.10",60.00,"2,168.10",0.00,0.00,499,717,30,"1,191",836,2,0,"47,670",80.3
경기도,안성시,삼죽면,2020,"25,082.00","37,440.00","31,134.00",83.2,0.000,"7,502.00","7,502.00","7,502.00",580.90,"5,354.00","1,415.80",151.30,1.222,"10,920.00","23,278.00","23,278.00",0.00,"23,278.00",0.000,"6,660.00","6,660.00",354.00,0.00,354.00,0.00,0.00,257,230,26,373,330,0,0,"13,885",44.6
경기도,안성시,고삼면,2020,"5,812.80","5,916.00","5,916.00",100.0,0.000,"5,812.80","5,916.00","5,916.00",19.50,"2,743.70","2,968.10",184.70,0.000,0.00,0.00,0.00,0.00,0.00,0.000,0.00,0.00,0.00,0.00,0.00,0.00,0.00,104,0,0,3,212,0,0,"4,934",83.4
경기도,안성시,안성1동,2020,"120,087.90","120,151.90","55,689.00",46.3,0.000,"23,517.90","23,581.90","23,581.90","3,263.10","11,377.10",187.80,"8,753.90",1.700,"53,980.00","53,980.00","27,094.60",0.00,"27,094.60",0.000,"42,590.00","42,590.00","5,012.50",431.50,"4,499.00",31.00,51.00,278,222,65,"2,186","1,532",3,0,"56,724",101.9
경기도,안성시,안성2동,2020,"114,983.00","114,983.00","56,374.00",49.0,0.000,"31,645.00","31,645.00","20,023.60","2,919.40","9,526.50",159.40,"7,418.30",2.100,"45,224.00","45,224.00","29,525.30",0.00,"29,525.30",0.000,"38,114.00","38,114.00","6,825.10","1,119.10","5,635.00",27.00,44.00,239,289,43,"1,362","1,887",2,0,"52,484",93.1
경기도,안성시,안성3동,2020,"109,591.60","110,746.50","78,564.00",70.9,0.000,"25,091.60","25,091.60","24,957.60","3,481.90","11,945.10",200.40,"9,330.20",2.218,"47,230.00","48,384.90","48,384.90",0.00,"48,384.90",0.000,"37,270.00","37,270.00","5,221.50",460.50,"4,673.00",33.00,55.00,303,378,66,"1,639","1,394",6,0,"76,622",97.5
경기도,김포시,소계,,"1,055,985.85","1,055,985.85","911,234.65",86.3,2.000,"64,283.91","64,283.91","64,283.91","5,905.10","58,378.81",0.00,0.00,35.519,"488,799.71","488,799.71","356,662.65",0.00,"356,662.65",29.300,"502,902.23","502,902.23","490,288.09","60,286.29","368,849.85","39,431.14","21,720.81",107,"7,282","8,671","26,567",0,6,0,"570,051",62.6
경기도,김포시,통진읍,2030,"158,262.57","158,262.57","155,580.57",98.3,0.000,"8,875.55","8,875.55","8,875.55","1,859.96","7,015.59",0.00,0.00,5.657,"68,319.58","68,319.58","65,637.58",0.00,"65,637.58",8.000,"81,067.44","81,067.44","81,067.44","8,676.27","57,826.85","11,293.53","3,270.79",0,"1,337","2,062","4,873",0,0,0,"125,002",80.3
경기도,김포시,고촌읍,2030,"85,676.08","85,676.08","79,973.88",93.3,0.000,"4,415.93","4,415.93","4,415.93",787.60,"3,628.33",0.00,0.00,2.283,"34,964.98","34,964.98","29,262.78",0.00,"29,262.78",1.400,"46,295.17","46,295.17","46,295.17","5,834.52","37,604.68","2,144.33",711.64,0,387,621,"3,506",0,0,0,"54,873",68.6
경기도,김포시,양촌읍,2030,"101,403.43","101,403.43","95,755.73",94.4,0.000,"9,484.15","9,484.15","9,484.15",490.72,"8,993.43",0.00,0.00,3.578,"40,154.50","40,154.50","34,506.80",0.00,"34,506.80",11.900,"51,764.78","51,764.78","51,764.78","4,279.89","39,225.67","7,373.72",885.50,0,863,992,"3,198",0,0,0,"60,436",63.1
경기도,김포시,대곶면,2030,"92,603.51","92,603.51","40,914.31",44.2,0.000,"26,624.06","26,624.06","26,624.06","2,122.63","24,501.43",0.00,0.00,0.000,"59,754.79","59,754.79","8,065.59",0.00,"8,065.59",3.900,"6,224.66","6,224.66","6,224.66",523.39,241.83,417.22,"5,042.22",0,0,432,0,0,0,0,"31,798",77.7
경기도,김포시,월곶면,2030,"39,384.27","39,384.27","31,092.97",78.9,0.000,723.15,723.15,723.15,0.00,723.15,0.00,0.00,1.037,"25,778.23","25,778.23","17,486.93",0.00,"17,486.93",1.600,"12,882.89","12,882.89","12,882.89",813.37,"11,862.14",160.79,46.59,0,262,164,868,0,0,0,"10,529",33.9
경기도,김포시,하성면,2030,"66,823.17","66,823.17","50,995.97",76.3,0.000,"12,970.38","12,970.38","12,970.38",552.35,"12,418.03",0.00,0.00,2.861,"31,130.12","31,130.12","15,302.92",0.00,"15,302.92",2.500,"22,722.67","22,722.67","22,722.67",656.75,"8,288.43","7,779.84","5,997.65",0,245,249,"2,614",0,0,0,"23,297",45.7
경기도,김포시,김포본동,2030,"105,404.92","105,404.92","80,303.32",76.2,2.000,169.52,169.52,169.52,91.84,77.68,0.00,0.00,1.928,"44,721.43","44,721.43","32,233.97",0.00,"32,233.97",0.000,"60,513.97","60,513.97","47,899.83","5,962.64","35,799.57","4,315.26","1,822.36",28,917,963,"2,132",0,5,0,"26,619",33.1
경기도,김포시,장기본동,2030,"39,988.56","39,988.56","39,988.56",100.0,0.000,903.73,903.73,903.73,0.00,903.73,0.00,0.00,2.301,"14,374.55","14,374.55","14,374.55",0.00,"14,374.55",0.000,"24,710.28","24,710.28","24,710.28","3,408.03","20,738.98",0.00,563.27,0,407,284,"1,173",0,0,0,"10,585",26.5
경기도,김포시,사우동,2030,"57,067.37","57,067.37","53,071.57",93.0,0.000,38.53,38.53,38.53,0.00,38.53,0.00,0.00,1.811,"26,317.38","26,317.38","22,321.58",0.00,"22,321.58",0.000,"30,711.46","30,711.46","30,711.46","4,417.13","22,288.73","3,478.82",526.78,71,486,364,"1,307",0,1,0,"63,290",119.3
경기도,김포시,풍무동,2030,"68,564.44","68,564.44","67,151.54",97.9,0.000,0.00,0.00,0.00,0.00,0.00,0.00,0.00,3.364,"27,784.35","27,784.35","26,371.45",0.00,"26,371.45",0.000,"40,780.09","40,780.09","40,780.09","6,270.74","33,045.73",0.00,"1,463.62",8,605,556,"1,307",0,0,0,"35,455",52.8
경기도,김포시,장기동,2030,"78,650.10","78,650.10","78,650.10",100.0,0.000,11.10,11.10,11.10,0.00,11.10,0.00,0.00,2.300,"32,943.73","32,943.73","32,943.73",0.00,"32,943.73",0.000,"45,695.27","45,695.27","45,695.27","7,573.79","37,102.89",379.37,639.22,0,338,538,"1,307",0,0,0,"39,947",50.8
경기도,김포시,구래동,2030,"95,362.51","95,362.51","75,992.51",79.7,0.000,67.81,67.81,67.81,0.00,67.81,0.00,0.00,4.448,"51,175.53","51,175.53","31,805.53",0.00,"31,805.53",0.000,"44,119.17","44,119.17","44,119.17","7,120.62","36,998.55",0.00,0.00,0,741,755,"2,514",0,0,0,"54,431",71.6
경기도,김포시,운양동,2030,"66,794.92","66,794.92","61,763.62",92.5,0.000,0.00,0.00,0.00,0.00,0.00,0.00,0.00,3.951,"31,380.54","31,380.54","26,349.24",0.00,"26,349.24",0.000,"35,414.38","35,414.38","35,414.38","4,749.15","27,825.80","2,088.26",751.17,0,694,691,"1,768",0,0,0,"33,789",54.7
경기도,화성시,소계,,"2,470,873.00","2,546,605.07","2,211,032.42",86.8,193.400,"753,256.00","820,732.50","763,005.00","11,988.53","736,287.39","4,198.51","10,530.57",83.590,"1,046,255.00","1,046,255.00","907,318.00","2,160.00","905,158.00",101.210,"671,362.00","679,617.57","540,709.42","98,730.06","438,558.52","2,365.48","1,055.36","2,527","20,697","18,249","10,466","43,435",6,513,"2,146,733",97.1
경기도,화성시,봉담읍,2025,"139,300.00","190,081.00","187,396.00",98.6,3.000,"6,300.00","57,081.00","57,081.00","5,937.00","49,656.00","1,240.00",248.00,3.300,"93,000.00","93,000.00","92,672.00",0.00,"92,672.00",7.120,"40,000.00","40,000.00","37,643.00","2,792.08","33,781.94","1,044.18",24.80,615,"2,069","1,381",818,"3,181",0,29,"185,000",98.7
경기도,화성시,우정읍,2025,"105,000.00","105,000.00","79,016.00",75.3,14.000,"2,000.00","2,000.00","1,212.89",47.00,848.00,0.00,317.89,8.100,"63,000.00","63,000.00","56,850.00",15.00,"56,835.00",8.100,"40,000.00","40,000.00","20,953.11",563.54,"20,071.68",0.00,317.89,26,"1,197",845,"1,295","2,007",0,11,"75,000",94.9
경기도,화성시,향남읍,2025,"190,861.00","193,469.40","186,958.40",96.6,2.000,"6,000.00","6,000.00","5,900.00",351.00,"3,914.00",166.00,"1,469.00",16.800,"106,861.00","106,861.00","100,450.00",0.00,"100,450.00",19.300,"78,000.00","80,608.40","80,608.40","9,217.76","69,871.91",811.81,706.92,138,"2,223","2,648","1,357","7,140",0,79,"186,000",99.5
경기도,화성시,남양읍,2025,"107,033.00","107,033.00","90,282.10",84.3,26.000,"18,000.00","18,000.00","17,385.61",471.61,"16,914.00",0.00,0.00,4.840,"54,033.00","54,033.00","38,668.00",2.00,"38,666.00",4.840,"35,000.00","35,000.00","34,228.49","3,183.98","31,044.51",0.00,0.00,29,846,"1,443",215,"2,604",0,25,"90,000",99.7
경기도,화성시,매송면,2025,"41,078.00","41,078.00","22,300.80",54.3,9.000,"7,500.00","7,500.00","6,635.37",257.20,"6,378.17",0.00,0.00,3.720,"4,500.00","4,500.00","4,238.00",0.00,"4,238.00",3.720,"29,078.00","29,078.00","11,427.43",489.75,"10,937.68",0.00,0.00,6,101,297,124,459,0,13,"22,300",100.0
경기도,화성시,비봉면,2025,"50,455.00","50,455.00","25,890.41",51.3,12.000,"24,684.00","24,684.00","14,074.16",210.45,"13,863.71",0.00,0.00,3.420,"4,500.00","4,500.00","3,780.00",0.00,"3,780.00",3.420,"21,271.00","21,271.00","8,036.25",212.48,"7,823.77",0.00,0.00,2,85,530,21,785,0,30,"25,000",96.6
경기도,화성시,마도면,2025,"188,315.33","189,267.30","176,671.40",93.3,16.000,"56,000.00","56,000.00","54,675.43",95.00,"54,580.43",0.00,0.00,3.390,"72,315.33","72,315.33","61,044.00",0.00,"61,044.00",3.390,"60,000.00","60,951.97","60,951.97","3,872.93","57,079.04",0.00,0.00,0,"1,246",908,407,"2,464",0,40,"176,000",99.6
경기도,화성시,송산면,2025,"65,653.00","65,931.02","37,769.60",57.3,21.000,"1,500.00","1,500.00",297.58,71.58,226.00,0.00,0.00,2.250,"42,153.00","42,153.00","15,194.00",0.00,"15,194.00",2.250,"22,000.00","22,278.02","22,278.02","1,877.58","20,400.44",0.00,0.00,8,363,570,478,"1,491",0,18,"37,000",98.0
경기도,화성시,서신면,2025,"80,402.67","80,402.67","73,348.60",91.2,19.000,"1,134.00","1,134.00",290.69,0.00,290.69,0.00,0.00,0.850,"61,268.67","61,268.67","55,659.00",0.00,"55,659.00",0.850,"18,000.00","18,000.00","17,398.91","1,075.46","16,317.70",0.00,5.75,224,"1,282",963,724,"2,973",0,59,"73,000",99.5
경기도,화성시,팔탄면,2025,"86,600.00","87,390.48","82,549.50",94.5,14.000,"3,600.00","3,600.00","3,487.02",113.27,"3,012.75",37.00,324.00,3.970,"63,000.00","63,000.00","58,272.00",0.00,"58,272.00",3.970,"20,000.00","20,790.48","20,790.48",190.84,"20,599.64",0.00,0.00,104,"1,316",807,925,816,0,36,"82,000",99.3
경기도,화성시,장안면,2025,"56,376.00","56,400.28","38,590.10",68.4,25.000,900.00,924.28,924.28,0.00,924.28,0.00,0.00,2.070,"42,476.00","42,476.00","24,877.00",0.00,"24,877.00",2.070,"13,000.00","13,000.00","12,788.82","2,479.94","10,308.88",0.00,0.00,44,508,"1,101",446,"1,369",0,30,"35,000",90.7
경기도,화성시,양감면,2025,"47,500.00","47,500.00","41,417.40",87.2,12.000,"2,500.00","2,500.00","1,724.80",26.54,"1,396.26",302.00,0.00,3.100,"30,000.00","30,000.00","26,406.00",0.00,"26,406.00",0.150,"15,000.00","15,000.00","13,286.60","1,260.41","12,026.19",0.00,0.00,33,672,445,580,411,0,16,"41,000",99.0
경기도,화성시,정남면,2025,"103,151.00","103,630.70","94,328.00",91.0,2.000,"10,000.00","10,000.00","8,507.30",189.38,"2,324.24",966.00,"5,027.68",14.430,"83,000.00","83,000.00","75,190.00",0.00,"75,190.00",10.580,"10,151.00","10,630.70","10,630.70",322.70,"10,308.00",0.00,0.00,401,"1,806",547,"1,003",797,0,26,"90,000",95.4
경기도,화성시,동탄면,2025,"189,412.00","204,000.00","201,655.00",98.9,13.000,"41,412.00","55,000.00","55,000.00",0.00,"55,000.00",0.00,0.00,0.000,"88,000.00","88,000.00","85,655.00","2,143.00","83,512.00",0.000,"60,000.00","61,000.00","61,000.00","40,000.00","21,000.00",0.00,0.00,0,"1,925","1,109",481,"3,468",5,28,"201,000",99.7
경기도,화성시,새솔동,2025,0.00,0.00,0.00,0.0,0.000,0.00,0.00,0.00,0.00,0.00,0.00,0.00,0.000,0.00,0.00,0.00,0.00,0.00,0.000,0.00,0.00,0.00,0.00,0.00,0.00,0.00,0,0,0,0,0,0,0,0,0.0
경기도,화성시,진안동,2025,"72,924.00","72,924.00","60,165.00",82.5,1.000,"10,050.00","10,050.00","7,783.13",848.22,"5,354.91",447.00,"1,133.00",1.600,"45,000.00","45,000.00","42,151.00",0.00,"42,151.00",2.820,"17,874.00","17,874.00","10,230.87",968.71,"9,262.16",0.00,0.00,181,"1,025",778,371,"2,183",0,15,"60,000",99.7
경기도,화성시,병점1동,2025,"23,626.00","23,626.00","16,692.41",70.7,0.300,"3,000.00","3,000.00","1,878.04",488.68,"1,389.36",0.00,0.00,1.000,"12,000.00","12,000.00","10,429.00",0.00,"10,429.00",1.530,"8,626.00","8,626.00","4,385.37",487.70,"3,897.67",0.00,0.00,164,245,227,49,721,0,4,"16,000",95.9
경기도,화성시,병점2동,2025,"13,194.00","15,341.00","12,484.50",81.4,0.200,"2,311.00","2,311.00",151.50,91.80,39.70,6.00,14.00,0.700,"7,200.00","7,200.00","6,503.00",0.00,"6,503.00",1.410,"3,683.00","5,830.00","5,830.00","3,887.00","1,943.00",0.00,0.00,0,167,227,16,668,0,1,"12,433",99.6
경기도,화성시,반월동,2025,"43,000.00","43,000.00","35,016.00",81.4,0.700,"8,000.00","8,000.00","5,504.73","1,242.29","3,243.44",227.00,792.00,1.400,"15,000.00","15,000.00","14,008.00",0.00,"14,008.00",3.760,"20,000.00","20,000.00","15,503.27","2,372.66","13,130.61",0.00,0.00,107,379,381,318,846,0,2,"30,000",85.7
경기도,화성시,기배동,2025,"46,058.00","47,177.22","39,086.20",82.8,1.000,"8,365.00","9,484.22","9,484.22","1,547.51","5,924.20",807.51,"1,205.00",1.100,"21,049.00","21,049.00","17,274.00",0.00,"17,274.00",2.820,"16,644.00","16,644.00","12,327.98","2,525.22","9,293.27",509.49,0.00,152,507,279,343,913,0,18,"35,000",89.5
경기도,화성시,화산동,2025,"208,774.00","208,774.00","175,503.80",84.1,0.200,"140,000.00","140,000.00","120,043.25",0.00,"120,043.25",0.00,0.00,1.700,"42,000.00","42,000.00","41,798.00",0.00,"41,798.00",8.470,"26,774.00","26,774.00","13,662.55","4,872.55","8,790.00",0.00,0.00,293,966,492,464,"1,229",0,9,"175,000",99.7
경기도,화성시,동탄1동,2025,"203,905.00","203,905.00","162,754.30",79.8,0.500,"120,000.00","120,000.00","110,000.00",0.00,"110,000.00",0.00,0.00,1.800,"40,000.00","40,000.00","30,761.00",0.00,"30,761.00",6.330,"43,905.00","43,905.00","21,993.30","3,719.18","18,274.12",0.00,0.00,0,716,"1,046",16,"2,966",0,18,"160,000",98.3
경기도,화성시,동탄2동,2025,"147,755.00","148,719.00","128,211.00",86.2,0.200,"100,000.00","100,964.00","100,964.00",0.00,"100,964.00",0.00,0.00,1.300,"25,399.00","25,399.00","17,977.00",0.00,"17,977.00",2.190,"22,356.00","22,356.00","9,270.00","6,180.00","3,090.00",0.00,0.00,0,454,399,0,"1,468",0,1,"120,000",93.6
경기도,화성시,동탄3동,2025,"141,000.00","141,000.00","125,613.40",89.1,0.100,"90,000.00","90,000.00","89,000.00",0.00,"89,000.00",0.00,0.00,1.300,"21,000.00","21,000.00","18,600.00",0.00,"18,600.00",2.120,"30,000.00","30,000.00","18,013.40","3,088.80","14,924.60",0.00,0.00,0,405,501,14,"1,416",0,0,"120,000",95.5
경기도,화성시,동탄4동,2025,"119,500.00","120,500.00","117,332.50",97.4,1.200,"90,000.00","91,000.00","91,000.00",0.00,"91,000.00",0.00,0.00,1.450,"9,500.00","9,500.00","8,862.00",0.00,"8,862.00",0.000,"20,000.00","20,000.00","17,470.50","3,088.79","14,381.71",0.00,0.00,0,194,325,1,"1,060",1,5,"100,000",85.2
경기도,화성시,동탄5동,2025,0.00,0.00,0.00,0.0,0.000,0.00,0.00,0.00,0.00,0.00,0.00,0.00,0.000,0.00,0.00,0.00,0.00,0.00,0.000,0.00,0.00,0.00,0.00,0.00,0.00,0.00,0,0,0,0,0,0,0,0,0.0
경기도,화성시,동탄6동,2025,0.00,0.00,0.00,0.0,0.000,0.00,0.00,0.00,0.00,0.00,0.00,0.00,0.000,0.00,0.00,0.00,0.00,0.00,0.000,0.00,0.00,0.00,0.00,0.00,0.00,0.00,0,0,0,0,0,0,0,0,0.0
경기도,광주시,소계,,"1,523,795.50","1,523,795.50","1,523,795.50",100.0,0.000,"4,274.90","4,274.90","4,274.90",301.70,"3,832.60",140.60,0.00,78.440,"843,436.80","843,436.80","843,436.80",956.10,"842,480.70",37.000,"676,083.80","676,083.80","676,083.80","61,441.10","513,004.00","30,362.50","71,276.20",78,"22,960","19,366","17,796","17,947",2,"2,250","1,523,791",100.0
경기도,광주시,오포읍,2035,"308,161.30","308,161.30","308,161.30",100.0,0.000,0.00,0.00,0.00,0.00,0.00,0.00,0.00,17.050,"153,728.90","153,728.90","153,728.90",194.80,"153,534.10",10.000,"154,432.40","154,432.40","154,432.40","12,740.30","121,140.80","8,785.90","11,765.40",0,"4,647","4,491","4,032","3,522",0,448,"308,162",100.0
경기도,광주시,초월읍,2035,"242,579.50","242,579.50","242,579.50",100.0,0.000,784.30,784.30,784.30,38.70,743.60,2.00,0.00,8.140,"129,218.10","129,218.10","129,218.10",14.10,"129,204.00",3.000,"112,577.10","112,577.10","112,577.10","8,618.80","91,953.60","6,154.40","5,850.30",12,"3,471","3,187","2,472","2,754",0,384,"242,578",100.0
경기도,광주시,곤지암읍,2035,"210,380.40","210,380.40","210,380.40",100.0,0.000,"1,491.80","1,491.80","1,491.80",263.00,"1,228.80",0.00,0.00,16.830,"126,135.00","126,135.00","126,135.00",25.50,"126,109.50",6.000,"82,753.60","82,753.60","82,753.60","5,816.40","63,778.50","2,876.30","10,282.40",17,"3,424","2,323","1,772","1,920",1,312,"210,380",100.0
경기도,광주시,도척면,2035,"136,571.40","136,571.40","136,571.40",100.0,0.000,661.40,661.40,661.40,0.00,522.80,138.60,0.00,3.010,"91,432.20","91,432.20","91,432.20",62.40,"91,369.80",2.000,"44,477.80","44,477.80","44,477.80","1,917.90","27,483.40","2,643.90","12,432.60",20,"2,440","1,215","1,234","1,326",0,184,"136,571",100.0
경기도,광주시,퇴촌면,2035,"104,200.20","104,200.20","104,200.20",100.0,0.000,437.80,437.80,437.80,0.00,437.80,0.00,0.00,4.530,"70,135.80","70,135.80","70,135.80",18.00,"70,117.80",2.000,"33,626.60","33,626.60","33,626.60","1,863.90","24,355.60","2,136.50","5,270.60",6,"1,850",960,933,914,0,153,"104,200",100.0
경기도,광주시,남종면,2035,"47,713.10","47,713.10","47,713.10",100.0,0.000,0.00,0.00,0.00,0.00,0.00,0.00,0.00,3.340,"33,613.20","33,613.20","33,613.20",2.40,"33,610.80",1.000,"14,099.90","14,099.90","14,099.90","1,540.30","9,169.30","1,901.50","1,488.80",0,703,362,614,314,0,97,"47,712",100.0
경기도,광주시,남한산성면,2035,"59,957.20","59,957.20","59,957.20",100.0,0.000,0.00,0.00,0.00,0.00,0.00,0.00,0.00,5.350,"39,520.30","39,520.30","39,520.30",0.00,"39,520.30",1.000,"20,436.90","20,436.90","20,436.90","2,060.80","9,377.60","1,974.00","7,024.50",0,"1,010",565,939,297,0,175,"59,957",100.0
경기도,광주시,경안동,2035,"106,030.20","106,030.20","106,030.20",100.0,0.000,0.00,0.00,0.00,0.00,0.00,0.00,0.00,5.060,"48,009.50","48,009.50","48,009.50",513.80,"47,495.70",6.000,"58,020.70","58,020.70","58,020.70","12,882.00","40,881.40",601.80,"3,655.50",0,"1,347","1,659","2,013","2,536",0,31,"106,030",100.0
경기도,광주시,송정동,2035,"139,537.30","139,537.30","139,537.30",100.0,0.000,899.60,899.60,899.60,0.00,899.60,0.00,0.00,8.030,"67,179.40","67,179.40","67,179.40",125.10,"67,054.30",3.000,"71,458.30","71,458.30","71,458.30","7,353.90","56,181.30","1,525.20","6,397.90",22,"1,908","2,176","1,653","2,117",1,223,"139,537",100.0
경기도,광주시,광남동,2035,"168,664.90","168,664.90","168,664.90",100.0,0.000,0.00,0.00,0.00,0.00,0.00,0.00,0.00,7.100,"84,464.40","84,464.40","84,464.40",0.00,"84,464.40",3.000,"84,200.50","84,200.50","84,200.50","6,646.80","68,682.50","1,763.00","7,108.20",1,"2,160","2,428","2,134","2,247",0,243,"168,664",100.0
경기도,양주시,소계,,"386,371.30","923,745.00","744,995.30",80.6,90.562,0.00,"294,679.90","294,679.90","6,986.70","257,940.60",963.10,"28,789.50",237.000,178.70,"242,872.50","242,872.50",0.00,"242,872.50",56.800,"386,192.60","386,192.60","207,442.90","11,346.90","177,334.50",11.50,"18,750.00","2,272","9,137","4,265","7,613","7,613",68,0,"742,853",99.7
경기도,양주시,백석읍,2035,"58,789.90","123,825.50","84,945.80",68.6,11.143,0.00,"44,163.40","44,163.40",783.20,"38,822.20",0.00,"4,558.00",33.400,38.90,"20,911.10","20,911.10",0.00,"20,911.10",11.600,"58,751.00","58,751.00","19,871.30","1,811.70","17,633.00",11.50,415.10,589,788,444,509,509,12,0,"84,946",100.0
경기도,양주시,은현면,2035,"42,074.20","107,665.30","78,243.30",72.7,11.267,0.00,"47,777.90","47,777.90","2,377.50","36,242.10",0.00,"9,158.30",24.600,29.40,"17,842.60","17,842.60",0.00,"17,842.60",4.700,"42,044.80","42,044.80","12,622.80",23.30,"11,493.10",0.00,"1,106.40",238,"1,027",325,465,465,10,0,"78,243",100.0
경기도,양주시,남면,2035,"63,634.20","118,402.20","73,015.30",61.7,10.639,0.00,"31,521.60","31,521.60",218.90,"23,672.30",0.00,"7,630.40",26.500,45.40,"23,291.80","23,291.80",0.00,"23,291.80",7.200,"63,588.80","63,588.80","18,201.90","1,432.40","15,518.40",0.00,"1,251.10",226,867,379,362,362,15,0,"73,015",100.0
경기도,양주시,광적면,2035,"52,530.50","109,739.20","68,118.10",62.1,9.401,0.00,"36,186.00","36,186.00",512.80,"33,619.80",0.00,"2,053.40",39.500,41.60,"21,064.30","21,064.30",0.00,"21,064.30",9.300,"52,488.90","52,488.90","10,867.80",166.80,"10,252.00",0.00,449.00,436,704,242,366,366,12,0,"68,118",100.0
경기도,양주시,장흥면,2035,"43,332.20","116,638.90","107,916.90",92.5,16.379,0.00,"35,140.30","35,140.30",808.00,"33,354.90",0.00,977.40,57.400,8.70,"38,175.10","38,175.10",0.00,"38,175.10",9.600,"43,323.50","43,323.50","34,601.50","1,028.70","27,553.80",0.00,"6,019.00",184,"1,538",597,"1,345","1,345",0,0,"107,917",100.0
경기도,양주시,양주1동,2035,"25,798.90","71,552.10","61,094.10",85.4,4.490,0.00,"26,575.90","26,575.90","1,026.20","24,574.90",963.10,11.70,19.400,10.50,"19,187.80","19,187.80",0.00,"19,187.80",3.000,"25,788.40","25,788.40","15,330.40",478.60,"12,612.60",0.00,"2,239.20",180,732,285,773,773,3,0,"61,094",100.0
경기도,양주시,양주2동,2035,"38,660.70","76,904.90","75,364.50",98.0,6.522,0.00,"9,105.00","9,105.00",80.20,"9,024.80",0.00,0.00,13.500,1.50,"29,140.70","29,140.70",0.00,"29,140.70",4.100,"38,659.20","38,659.20","37,118.80","2,624.40","30,813.90",0.00,"3,680.50",47,863,731,788,788,4,0,"73,223",97.2
경기도,양주시,회천1동,2035,"23,046.50","59,719.10","59,240.30",99.2,5.187,0.00,"17,686.20","17,686.20",613.30,"15,901.10",0.00,"1,171.80",5.600,0.50,"18,986.90","18,986.90",0.00,"18,986.90",1.300,"23,046.00","23,046.00","22,567.20",742.10,"21,151.60",0.00,673.50,148,690,541,917,917,3,0,"59,240",100.0
경기도,양주시,회천2동,2035,"28,527.90","75,047.70","73,274.70",97.6,4.856,0.00,"14,108.10","14,108.10",543.80,"13,544.50",0.00,19.80,7.200,1.80,"32,413.50","32,413.50",0.00,"32,413.50",3.200,"28,526.10","28,526.10","26,753.10",842.40,"23,758.70",0.00,"2,152.00",126,991,575,"1,489","1,489",3,0,"73,275",100.0
경기도,양주시,회천3동,2035,"8,308.20","22,742.80","22,297.00",98.0,2.165,0.00,"5,609.50","5,609.50",0.00,"5,609.50",0.00,0.00,0.800,0.40,"8,825.50","8,825.50",0.00,"8,825.50",1.500,"8,307.80","8,307.80","7,862.00","2,196.50","5,090.00",0.00,575.50,25,295,116,439,439,3,0,"22,297",100.0
경기도,양주시,회천4동,2035,"1,668.10","41,507.30","41,485.30",99.9,8.513,0.00,"26,806.00","26,806.00",22.80,"23,574.50",0.00,"3,208.70",9.100,0.00,"13,033.20","13,033.20",0.00,"13,033.20",1.300,"1,668.10","1,668.10","1,646.10",0.00,"1,457.40",0.00,188.70,73,642,30,160,160,3,0,"41,485",100.0
경기도,포천시,소계,,"1,807,633.00","1,884,726.00","1,408,547.00",74.7,7.300,"309,837.00","371,340.00","371,117.00","15,648.00","262,750.00","69,591.00","23,128.00",72.500,"917,159.00","917,159.00","552,275.00",0.00,"552,275.00",72.500,"580,637.00","596,227.00","485,155.00","25,266.00","373,351.00","36,602.00","49,936.00","7,946","11,778","8,535","58,168","58,145",32,385,"1,256,424",89.2
경기도,포천시,소흘읍,2030,"296,802.00","308,272.00","203,236.00",65.9,2.300,"37,502.00","48,972.00","48,972.00","3,282.00","41,440.00","2,425.00","1,825.00",11.200,"174,335.00","174,335.00","83,874.00",0.00,"83,874.00",11.200,"84,965.00","84,965.00","70,390.00","5,448.00","58,304.00","4,089.00","2,549.00","1,048","1,796","1,365","14,545","14,545",8,57,"178,848",88.0
경기도,포천시,군내면,2030,"127,536.00","127,536.00","108,616.00",85.2,0.000,"28,378.00","28,378.00","28,378.00",355.00,"21,143.00","5,613.00","1,267.00",4.700,"50,066.00","50,066.00","31,801.00",0.00,"31,801.00",4.700,"49,092.00","49,092.00","48,437.00","3,813.00","40,644.00",338.00,"3,642.00",608,671,952,"2,027","2,027",0,29,"101,226",93.2
경기도,포천시,내촌면,2030,"189,099.00","201,869.00","99,352.00",49.2,0.000,"15,939.00","28,709.00","28,709.00",569.00,"24,194.00","2,569.00","1,377.00",5.800,"92,386.00","92,386.00","36,030.00",0.00,"36,030.00",5.800,"80,774.00","80,774.00","34,613.00",882.00,"29,672.00","1,499.00","2,560.00",615,771,654,"1,959","1,959",0,57,"99,352",100.0
경기도,포천시,가산면,2030,"189,108.00","189,108.00","123,920.00",65.5,0.000,"46,951.00","46,951.00","46,951.00",868.00,"42,172.00","2,141.00","1,770.00",6.900,"87,670.00","87,670.00","35,529.00",0.00,"35,529.00",6.900,"54,487.00","54,487.00","41,440.00","1,983.00","27,863.00","3,955.00","7,639.00","1,005",761,639,"3,258","3,258",0,27,"91,081",73.5
경기도,포천시,신북면,2030,"129,799.00","158,625.00","128,503.00",81.0,0.000,"21,434.00","46,844.00","46,844.00","2,223.00","34,926.00","5,519.00","4,176.00",7.400,"85,222.00","85,222.00","55,100.00",0.00,"55,100.00",7.400,"23,143.00","26,559.00","26,559.00","1,454.00","19,359.00","3,308.00","2,438.00","1,003","1,178",446,"10,466","10,466",0,48,"124,796",97.1
경기도,포천시,창수면,2030,"42,761.00","42,761.00","37,025.00",86.6,0.300,"15,645.00","15,645.00","15,644.00",756.00,"9,024.00","5,639.00",225.00,1.100,"16,331.00","16,331.00","10,602.00",0.00,"10,602.00",1.100,"10,785.00","10,785.00","10,779.00",234.00,"9,288.00",154.00,"1,103.00",335,218,204,68,68,0,1,"17,459",47.2
경기도,포천시,영중면,2030,"104,697.00","111,197.00","101,769.00",91.5,3.200,"18,031.00","24,531.00","24,531.00","1,281.00","15,520.00","5,620.00","2,110.00",0.000,"49,712.00","49,712.00","43,838.00",0.00,"43,838.00",0.000,"36,954.00","36,954.00","33,400.00","1,795.00","19,181.00","6,722.00","5,702.00",525,924,449,"1,657","1,657",5,32,"91,998",90.4
경기도,포천시,일동면,2030,"115,364.00","115,364.00","86,193.00",74.7,0.000,"7,365.00","7,365.00","7,365.00",468.00,"3,069.00","3,531.00",297.00,5.300,"67,519.00","67,519.00","43,599.00",0.00,"43,599.00",5.300,"40,480.00","40,480.00","35,229.00","1,389.00","27,484.00","3,684.00","2,672.00",158,933,618,"4,429","4,429",0,37,"86,193",100.0
경기도,포천시,이동면,2030,"143,417.00","143,417.00","115,340.00",80.4,0.000,"2,705.00","2,705.00","2,705.00",72.00,773.00,760.00,"1,100.00",10.000,"75,280.00","75,280.00","60,070.00",0.00,"60,070.00",10.000,"65,432.00","65,432.00","52,565.00","2,452.00","31,093.00","4,846.00","14,174.00",58,"1,286",718,"3,246","3,246",0,38,"107,843",93.5
경기도,포천시,영북면,2030,"123,898.00","129,029.00","118,000.00",91.5,0.100,"41,795.00","46,926.00","46,926.00","2,208.00","28,164.00","13,705.00","2,849.00",6.100,"53,362.00","53,362.00","48,913.00",0.00,"48,913.00",6.100,"28,741.00","28,741.00","22,161.00","2,208.00","15,046.00","2,723.00","2,184.00","1,005","1,047",369,"3,576","3,576",1,13,"83,780",71.0
경기도,포천시,관인면,2030,"62,324.00","62,324.00","50,296.00",80.7,0.000,"10,531.00","10,531.00","10,531.00",18.00,"1,000.00","8,181.00","1,332.00",1.300,"20,356.00","20,356.00","16,393.00",0.00,"16,393.00",1.300,"31,437.00","31,437.00","23,372.00","1,650.00","17,259.00","3,350.00","1,113.00",225,351,405,"1,201","1,201",0,16,"50,296",100.0
경기도,포천시,화현면,2030,"41,953.00","41,953.00","17,743.00",42.3,0.000,"16,601.00","16,601.00","16,379.00",239.00,"10,229.00","5,634.00",277.00,0.300,"24,083.00","24,083.00",406.00,0.00,406.00,0.300,"1,269.00","1,269.00",958.00,649.00,309.00,0.00,0.00,351,9,21,23,0,0,0,"17,743",100.0
경기도,포천시,포천동,2030,"134,757.00","141,772.00","118,582.00",83.6,1.400,"15,373.00","15,373.00","15,373.00","2,367.00","7,282.00","2,395.00","3,329.00",7.300,"69,236.00","69,236.00","46,046.00",0.00,"46,046.00",7.300,"50,148.00","57,163.00","57,163.00",164.00,"52,380.00","1,934.00","2,685.00",329,983,"1,125","10,828","10,828",10,22,"116,724",98.4
경기도,포천시,선단동,2030,"106,118.00","111,499.00","99,972.00",89.7,0.000,"31,587.00","31,809.00","31,809.00",942.00,"23,814.00","5,859.00","1,194.00",5.100,"51,601.00","51,601.00","40,074.00",0.00,"40,074.00",5.100,"22,930.00","28,089.00","28,089.00","1,145.00","25,469.00",0.00,"1,475.00",681,850,570,885,885,8,8,"89,085",89.1
경기도,여주시,소계,,"702,324.50","757,737.40","518,125.00",68.4,0.000,0.00,"6,143.00","6,143.00","6,143.00",0.00,0.00,0.00,11.890,"624,127.30","639,735.00","403,368.00","403,368.00",0.00,11.890,"78,197.20","111,859.40","108,614.00","8,490.00","87,748.00","3,318.00","9,058.00",127,"6,532","1,584","12,516",0,10,10,"402,888",77.8
경기도,여주시,가남읍,2020,"81,345.00","91,545.00","91,545.00",100.0,0.000,0.00,"1,364.00","1,364.00","1,364.00",0.00,0.00,0.00,1.640,"70,389.00","72,327.00","72,327.00","72,327.00",0.00,1.640,"10,956.00","17,854.00","17,854.00","2,056.00","14,088.00",300.00,"1,410.00",28,723,175,"1,118",0,0,0,"72,691",79.4
경기도,여주시,점동면,2020,"43,104.00","47,222.00","33,016.00",69.9,0.000,0.00,0.00,0.00,0.00,0.00,0.00,0.00,0.530,"42,836.00","42,836.00","28,630.00","28,630.00",0.00,0.530,268.00,"4,386.00","4,386.00",0.00,"4,386.00",0.00,0.00,0,261,63,657,0,0,0,"27,630",83.7
경기도,여주시,흥천면,2020,"62,616.40","62,616.40","33,980.00",54.3,0.000,0.00,0.00,0.00,0.00,0.00,0.00,0.00,0.780,"60,610.00","60,610.00","32,151.00","32,151.00",0.00,0.780,"2,006.40","2,006.40","1,829.00",53.00,"1,776.00",0.00,0.00,0,336,81,962,0,0,0,"31,151",91.7
경기도,여주시,금사면,2020,"58,671.00","58,826.00","40,160.00",68.3,0.000,0.00,155.00,155.00,155.00,0.00,0.00,0.00,0.710,"50,092.00","50,092.00","31,426.00","31,426.00",0.00,0.710,"8,579.00","8,579.00","8,579.00","1,294.00","5,087.00",725.00,"1,473.00",3,687,166,764,0,0,0,"30,581",76.1
경기도,여주시,능서면,2020,"68,116.00","68,188.00","24,413.00",35.8,0.000,0.00,72.00,72.00,72.00,0.00,0.00,0.00,0.650,"65,504.00","65,504.00","21,882.00","21,882.00",0.00,0.650,"2,612.00","2,612.00","2,459.00",382.00,"1,550.00",0.00,527.00,2,116,28,768,0,0,0,"20,954",85.8
경기도,여주시,대신면,2020,"75,923.00","75,923.00","42,243.00",55.6,0.000,0.00,0.00,0.00,0.00,0.00,0.00,0.00,1.070,"65,934.00","65,934.00","35,169.00","35,169.00",0.00,1.070,"9,989.00","9,989.00","7,074.00",713.00,"5,450.00",330.00,581.00,0,678,164,"1,396",0,0,0,"34,026",80.5
경기도,여주시,북내면,2020,"59,981.00","63,249.00","22,096.00",34.9,0.000,0.00,"3,268.00","3,268.00","3,268.00",0.00,0.00,0.00,0.400,"58,706.00","58,706.00","17,553.00","17,553.00",0.00,0.400,"1,275.00","1,275.00","1,275.00",0.00,226.00,150.00,899.00,66,837,203,470,0,0,0,"20,821",94.2
경기도,여주시,강천면,2020,"43,856.00","43,856.00","21,518.00",49.1,0.000,0.00,0.00,0.00,0.00,0.00,0.00,0.00,0.810,"42,914.00","42,914.00","20,576.00","20,576.00",0.00,0.810,942.00,942.00,942.00,0.00,192.00,750.00,0.00,0,97,24,575,0,0,0,"20,576",95.6
경기도,여주시,산북면,2020,"53,570.00","54,339.00","30,749.00",56.6,0.000,0.00,749.00,749.00,749.00,0.00,0.00,0.00,0.520,"46,311.00","46,311.00","22,721.00","22,721.00",0.00,0.520,"7,259.00","7,279.00","7,279.00",860.00,"5,660.00",115.00,644.00,15,479,116,619,0,0,0,"23,470",76.3
경기도,여주시,여흥동,2020,"44,765.00","59,614.00","46,046.00",77.2,0.000,0.00,112.00,112.00,112.00,0.00,0.00,0.00,2.760,"37,560.00","37,560.00","23,992.00","23,992.00",0.00,2.760,"7,205.00","21,942.00","21,942.00",658.00,"20,345.00",199.00,740.00,3,485,118,"1,354",0,2,2,"23,884",51.9
경기도,여주시,중앙동,2020,"69,858.90","78,929.00","78,929.00",100.0,0.000,0.00,268.00,268.00,268.00,0.00,0.00,0.00,1.370,"52,703.30","59,288.00","59,288.00","59,288.00",0.00,1.370,"17,155.60","19,373.00","19,373.00","1,566.00","15,571.00",474.00,"1,762.00",6,"1,157",280,"2,379",0,5,5,"59,556",75.5
경기도,여주시,오학동,2020,"40,518.20","53,430.00","53,430.00",100.0,0.000,0.00,155.00,155.00,155.00,0.00,0.00,0.00,0.650,"30,568.00","37,653.00","37,653.00","37,653.00",0.00,0.650,"9,950.20","15,622.00","15,622.00",908.00,"13,417.00",275.00,"1,022.00",4,676,166,"1,454",0,3,3,"37,548",70.3
경기도,군부,합계,,"2,464,849.00","2,506,276.00","1,870,759.00",74.6,669.000,"288,121.00","288,121.00","242,286.00","20,713.00","150,950.00","70,623.00",0.00,137.654,"1,769,177.00","1,798,281.00","1,409,078.00",0.00,"1,409,078.00",542.774,"407,551.00","419,874.00","219,395.00","17,475.00","186,414.00","11,385.00","4,121.00","10,525","37,419","10,545","120,711","73,581",53,239,"1,423,677",76.1
경기도,연천군,소계,,"728,166.00","755,920.00","579,275.00",76.6,669.000,"206,721.00","206,721.00","199,286.00","18,073.00","110,590.00","70,623.00",0.00,28.300,"372,625.00","398,395.00","300,188.00",0.00,"300,188.00",26.900,"148,820.00","150,804.00","79,801.00",260.00,"79,248.00",293.00,0.00,"10,525","8,054","7,464","86,178","72,489",21,2,"254,098",43.9
경기도,연천군,연천읍,2035,"147,124.00","147,124.00","111,724.00",75.9,82.800,"35,931.00","35,931.00","28,496.00","5,178.00","12,193.00","11,125.00",0.00,5.100,"71,103.00","71,103.00","61,942.00",0.00,"61,942.00",5.100,"40,090.00","40,090.00","21,286.00",0.00,"20,993.00",293.00,0.00,"1,220","1,285",828,"12,811","9,808",6,0,"75,834",67.9
경기도,연천군,전곡읍,2035,"173,078.00","173,078.00","118,604.00",68.5,49.200,"45,454.00","45,454.00","45,454.00","3,262.00","33,747.00","8,445.00",0.00,6.000,"92,094.00","92,094.00","51,950.00",0.00,"51,950.00",6.000,"35,530.00","35,530.00","21,200.00",0.00,"21,200.00",0.00,0.00,"2,763","1,546","2,052","16,586","11,538",9,0,"73,046",61.6
경기도,연천군,군남면,2035,"87,259.00","87,259.00","58,706.00",67.3,42.000,"21,758.00","21,758.00","21,758.00","1,789.00","13,376.00","6,593.00",0.00,5.000,"53,421.00","53,421.00","34,373.00",0.00,"34,373.00",3.600,"12,080.00","12,080.00","2,575.00",0.00,"2,575.00",0.00,0.00,"1,042",958,"1,156","6,554","5,817",0,1,"18,196",31.0
경기도,연천군,청산면,2035,"74,474.00","77,025.00","70,474.00",91.5,40.500,"24,874.00","24,874.00","24,874.00","1,544.00","16,656.00","6,674.00",0.00,3.200,"37,200.00","39,751.00","39,751.00",0.00,"39,751.00",3.200,"12,400.00","12,400.00","5,849.00",260.00,"5,589.00",0.00,0.00,"2,502",979,943,"6,617","4,964",0,0,"29,925",42.5
경기도,연천군,백학면,2035,"67,201.00","88,342.00","88,342.00",100.0,59.100,"23,417.00","23,417.00","23,417.00","2,067.00","11,358.00","9,992.00",0.00,2.300,"32,694.00","51,851.00","51,851.00",0.00,"51,851.00",2.300,"11,090.00","13,074.00","13,074.00",0.00,"13,074.00",0.00,0.00,"1,139","1,096","1,005","5,531","4,480",0,0,"15,499",17.5
경기도,연천군,미산면,2035,"35,319.00","35,319.00","27,156.00",76.9,39.900,"15,159.00","15,159.00","15,159.00",608.00,"5,344.00","9,207.00",0.00,1.400,"14,890.00","14,890.00","10,727.00",0.00,"10,727.00",1.400,"5,270.00","5,270.00","1,270.00",0.00,"1,270.00",0.00,0.00,375,341,449,"23,879","23,546",0,0,"10,305",37.9
경기도,연천군,왕징면,2035,"23,830.00","23,830.00","17,771.00",74.6,85.800,"10,524.00","10,524.00","10,524.00",903.00,"5,032.00","4,589.00",0.00,0.500,"6,506.00","6,506.00","5,337.00",0.00,"5,337.00",0.500,"6,800.00","6,800.00","1,910.00",0.00,"1,910.00",0.00,0.00,231,494,416,"1,826","1,588",0,0,"4,794",27.0
경기도,연천군,신서면,2035,"91,353.00","91,353.00","56,301.00",61.6,128.200,"15,556.00","15,556.00","15,556.00","1,955.00","6,710.00","6,891.00",0.00,3.800,"54,737.00","54,737.00","30,275.00",0.00,"30,275.00",3.800,"21,060.00","21,060.00","10,470.00",0.00,"10,470.00",0.00,0.00,808,854,489,"7,437","6,080",6,1,"19,558",34.7
경기도,연천군,중면,2035,"4,611.00","4,611.00","3,551.00",77.0,88.300,"1,771.00","1,771.00","1,771.00",254.00,449.00,"1,068.00",0.00,0.200,"1,840.00","1,840.00","1,780.00",0.00,"1,780.00",0.200,"1,000.00","1,000.00",0.00,0.00,0.00,0.00,0.00,56,26,68,"3,074","3,074",0,0,703,19.8
경기도,연천군,장남면,2035,"23,917.00","27,979.00","26,646.00",95.2,53.200,"12,277.00","12,277.00","12,277.00",513.00,"5,725.00","6,039.00",0.00,0.800,"8,140.00","12,202.00","12,202.00",0.00,"12,202.00",0.800,"3,500.00","3,500.00","2,167.00",0.00,"2,167.00",0.00,0.00,389,475,58,"1,863","1,594",0,0,"6,238",23.4
경기도,가평군,소계,,"727,092.00","737,431.00","525,817.00",71.3,0.000,0.00,0.00,0.00,0.00,0.00,0.00,0.00,48.940,"544,656.00","544,656.00","396,208.00",0.00,"396,208.00",455.460,"182,436.00","192,775.00","129,609.00","17,137.00","97,259.00","11,092.00","4,121.00",0,"10,411","3,081","13,508","1,092",0,193,"477,188",90.8
경기도,가평군,가평읍,2035,"183,827.00","183,827.00","173,821.00",94.6,0.000,0.00,0.00,0.00,0.00,0.00,0.00,0.00,12.940,"125,100.00","125,100.00","123,785.00",0.00,"123,785.00",80.120,"58,727.00","58,727.00","50,036.00","7,896.00","34,830.00","4,875.00","2,435.00",0,"3,020","1,448","5,765",444,0,63,"152,190",87.6
경기도,가평군,설악면,2035,"111,107.00","111,107.00","63,295.00",57.0,0.000,0.00,0.00,0.00,0.00,0.00,0.00,0.00,9.190,"84,979.00","84,979.00","53,057.00",0.00,"53,057.00",86.410,"26,128.00","26,128.00","10,238.00",463.00,"8,786.00",618.00,371.00,0,"2,366",222,"1,894",292,0,20,"62,874",99.3
경기도,가평군,청평면,2035,"155,894.00","155,894.00","123,757.00",79.4,0.000,0.00,0.00,0.00,0.00,0.00,0.00,0.00,10.400,"110,097.00","110,097.00","88,753.00",0.00,"88,753.00",169.100,"45,797.00","45,797.00","35,004.00","2,773.00","29,359.00","2,450.00",422.00,0,"1,736",798,"3,447",81,0,66,"122,671",99.1
경기도,가평군,상면,2035,"85,785.00","85,785.00","69,830.00",81.4,0.000,0.00,0.00,0.00,0.00,0.00,0.00,0.00,6.900,"62,439.00","62,439.00","62,391.00",0.00,"62,391.00",44.600,"23,346.00","23,346.00","7,439.00","1,476.00","5,245.00",533.00,185.00,0,"1,477",130,"1,258",153,0,23,"49,593",71.0
경기도,가평군,조종면,2035,"81,961.00","92,300.00","62,176.00",67.4,0.000,0.00,0.00,0.00,0.00,0.00,0.00,0.00,4.910,"71,519.00","71,519.00","41,395.00",0.00,"41,395.00",24.500,"10,442.00","20,781.00","20,781.00","3,611.00","14,981.00","1,683.00",506.00,0,"1,189",380,255,111,0,13,"57,853",93.0
경기도,가평군,북면,2035,"108,518.00","108,518.00","32,938.00",30.4,0.000,0.00,0.00,0.00,0.00,0.00,0.00,0.00,4.600,"90,522.00","90,522.00","26,827.00",0.00,"26,827.00",50.730,"17,996.00","17,996.00","6,111.00",918.00,"4,058.00",933.00,202.00,0,623,103,889,11,0,8,"32,007",97.2
경기도,양평군,소계,,"1,009,591.00","1,012,925.00","765,667.00",75.6,0.000,"81,400.00","81,400.00","43,000.00","2,640.00","40,360.00",0.00,0.00,60.414,"851,896.00","855,230.00","712,682.00",0.00,"712,682.00",60.414,"76,295.00","76,295.00","9,985.00",78.00,"9,907.00",0.00,0.00,0,"18,954",0,"21,025",0,32,44,"692,391",90.4
경기도,양평군,양평읍,2030,"179,523.00","179,523.00","165,491.00",92.2,0.000,"18,200.00","18,200.00","18,200.00","1,000.00","17,200.00",0.00,0.00,10.913,"151,323.00","151,323.00","143,948.00",0.00,"143,948.00",10.913,"10,000.00","10,000.00","3,343.00",46.00,"3,297.00",0.00,0.00,0,"4,523",0,"3,364",0,14,5,"149,093",90.1
경기도,양평군,강상면,2030,"98,840.00","98,840.00","56,864.00",57.5,0.000,0.00,0.00,0.00,0.00,0.00,0.00,0.00,6.634,"91,740.00","91,740.00","56,864.00",0.00,"56,864.00",6.634,"7,100.00","7,100.00",0.00,0.00,0.00,0.00,0.00,0,"1,162",0,932,0,0,2,"56,864",100.0
경기도,양평군,강하면,2030,"96,071.00","96,071.00","79,415.00",82.7,0.000,0.00,0.00,0.00,0.00,0.00,0.00,0.00,4.308,"88,371.00","88,371.00","79,415.00",0.00,"79,415.00",4.308,"7,700.00","7,700.00",0.00,0.00,0.00,0.00,0.00,0,"1,797",0,"1,229",0,0,3,"69,890",88.0
경기도,양평군,양서면,2030,"109,769.00","109,769.00","82,751.00",75.4,0.000,"14,800.00","14,800.00","14,800.00",580.00,"14,220.00",0.00,0.00,4.146,"82,590.00","82,590.00","67,951.00",0.00,"67,951.00",4.146,"12,379.00","12,379.00",0.00,0.00,0.00,0.00,0.00,0,932,0,"2,525",0,10,1,"78,592",95.0
경기도,양평군,옥천면,2030,"67,940.00","67,940.00","49,409.00",72.7,0.000,"9,800.00","9,800.00","3,200.00",490.00,"2,710.00",0.00,0.00,2.989,"52,140.00","52,140.00","44,453.00",0.00,"44,453.00",2.989,"6,000.00","6,000.00","1,756.00",32.00,"1,724.00",0.00,0.00,0,"1,308",0,"1,232",0,3,3,"49,409",100.0
경기도,양평군,서종면,2030,"63,042.00","63,042.00","35,895.00",56.9,0.000,0.00,0.00,0.00,0.00,0.00,0.00,0.00,3.960,"57,842.00","57,842.00","35,895.00",0.00,"35,895.00",3.960,"5,200.00","5,200.00",0.00,0.00,0.00,0.00,0.00,0,"1,192",0,"1,657",0,0,3,"35,895",100.0
경기도,양평군,단월면,2030,"62,962.00","64,748.00","55,248.00",85.3,0.000,"5,500.00","5,500.00",0.00,0.00,0.00,0.00,0.00,4.864,"53,462.00","55,248.00","55,248.00",0.00,"55,248.00",4.864,"4,000.00","4,000.00",0.00,0.00,0.00,0.00,0.00,0,"1,187",0,"1,323",0,0,3,"43,468",78.7
경기도,양평군,청운면,2030,"57,684.00","57,684.00","37,279.00",64.6,0.000,"5,800.00","5,800.00",0.00,0.00,0.00,0.00,0.00,4.386,"48,384.00","48,384.00","37,279.00",0.00,"37,279.00",4.386,"3,500.00","3,500.00",0.00,0.00,0.00,0.00,0.00,0,"1,198",0,"1,906",0,0,0,"35,200",94.4
경기도,양평군,양동면,2030,"66,580.00","68,128.00","57,528.00",84.4,0.000,"7,600.00","7,600.00",0.00,0.00,0.00,0.00,0.00,4.469,"55,980.00","57,528.00","57,528.00",0.00,"57,528.00",4.469,"3,000.00","3,000.00",0.00,0.00,0.00,0.00,0.00,0,870,0,"1,283",0,0,5,"45,720",79.5
경기도,양평군,지평면,2030,"69,546.00","69,546.00","32,567.00",46.8,0.000,"5,700.00","5,700.00",0.00,0.00,0.00,0.00,0.00,4.229,"56,846.00","56,846.00","32,567.00",0.00,"32,567.00",4.229,"7,000.00","7,000.00",0.00,0.00,0.00,0.00,0.00,0,"1,460",0,"1,403",0,0,7,"32,567",100.0
경기도,양평군,용문면,2030,"88,998.00","88,998.00","74,575.00",83.8,0.000,"8,400.00","8,400.00","6,800.00",570.00,"6,230.00",0.00,0.00,7.636,"74,598.00","74,598.00","67,305.00",0.00,"67,305.00",7.636,"6,000.00","6,000.00",470.00,0.00,470.00,0.00,0.00,0,"2,333",0,"3,429",0,5,4,"69,014",92.5
경기도,양평군,개군면,2030,"48,636.00","48,636.00","38,645.00",79.5,0.000,"5,600.00","5,600.00",0.00,0.00,0.00,0.00,0.00,1.880,"38,620.00","38,620.00","34,229.00",0.00,"34,229.00",1.880,"4,416.00","4,416.00","4,416.00",0.00,"4,416.00",0.00,0.00,0,992,0,742,0,0,8,"26,679",69.0
강원도,,합계,,"9,762,104.15","11,812,217.19","9,441,878.68",79.9,"1,599.997","1,765,444.85","2,512,515.46","2,217,328.76","181,036.16","1,675,024.60","132,413.00","228,855.00","1,136.941","4,995,222.30","5,403,775.54","4,088,059.23","387,441.00","3,700,618.23","2,210.040","3,001,437.00","3,895,926.19","3,136,490.69","248,013.75","1,904,645.65","137,930.92","845,900.37","48,250","76,433","51,362","259,330","175,097","1,242","3,898","6,217,884",65.9
강원도,시부,합계,,"5,788,180.08","7,324,961.79","5,601,333.09",76.5,712.514,"1,419,507.85","2,163,685.06","1,894,382.36","133,553.16","1,537,057.20","31,507.00","192,265.00",889.323,"2,379,712.83","2,660,632.42","1,849,995.92","147,818.00","1,702,177.92",258.540,"1,988,959.40","2,500,644.31","1,856,954.81","176,357.61","1,141,952.69","87,991.30","450,653.21","39,890","32,928","29,344","134,149","120,495",413,"2,661","4,157,562",74.2
강원도,춘천시,소계,,"1,360,197.80","1,860,424.20","1,213,791.40",65.2,0.000,0.00,"429,747.00","429,747.00","42,464.60","382,563.50","4,718.90",0.00,66.150,"660,150.70","729,199.10","501,031.00",0.00,"501,031.00",66.150,"700,047.10","701,478.10","283,013.40","14,354.90","130,905.00","46,830.70","90,922.80","7,878","9,189","5,200","25,162","16,416",95,159,"1,108,710",91.3
강원도,춘천시,신북읍,2035,"161,709.90","173,166.00","153,653.80",88.7,0.000,0.00,"11,456.10","11,456.10","1,771.80","8,280.30","1,404.00",0.00,7.640,"87,235.90","87,235.90","72,472.10",0.00,"72,472.10",7.640,"74,474.00","74,474.00","69,725.60",0.00,"7,177.00","24,103.40","38,445.20",210,"1,330","1,280","1,693","1,235",0,14,"110,043",71.6
강원도,춘천시,동면,2035,"81,687.80","98,492.70","91,765.20",93.2,0.000,0.00,"14,776.20","14,776.20",503.60,"14,272.60",0.00,0.00,6.900,"47,203.80","49,232.50","49,232.50",0.00,"49,232.50",6.900,"34,484.00","34,484.00","27,756.50",530.40,"9,478.50","9,495.70","8,251.90",271,898,509,893,622,15,26,"88,518",96.5
강원도,춘천시,동산면,2035,"9,040.00","9,055.00","7,374.20",81.4,0.000,0.00,0.00,0.00,0.00,0.00,0.00,0.00,0.550,"9,040.00","9,040.00","7,359.20",0.00,"7,359.20",0.550,0.00,15.00,15.00,0.00,15.00,0.00,0.00,0,136,0,69,83,0,15,"7,038",95.4
강원도,춘천시,신동면,2035,"46,315.66","50,766.56","35,545.50",70.0,0.000,0.00,"4,450.90","4,450.90",266.20,"3,733.60",451.10,0.00,3.010,"33,343.66","33,343.66","24,076.10",0.00,"24,076.10",3.010,"12,972.00","12,972.00","7,018.50",0.00,518.00,"1,996.40","4,504.10",81,442,129,509,348,0,20,"31,811",89.5
강원도,춘천시,남면,2035,"13,513.00","13,513.00","11,627.60",86.0,0.000,0.00,0.00,0.00,0.00,0.00,0.00,0.00,1.180,"13,513.00","13,513.00","11,627.60",0.00,"11,627.60",1.180,0.00,0.00,0.00,0.00,0.00,0.00,0.00,0,213,0,176,0,0,10,"11,252",96.8
강원도,춘천시,서면,2035,"78,365.92","93,254.12","43,884.70",47.1,0.000,0.00,"14,888.20","14,888.20",105.90,"14,782.30",0.00,0.00,5.700,"46,754.92","46,754.92","13,542.20",0.00,"13,542.20",5.700,"31,611.00","31,611.00","15,454.30",0.00,114.00,"6,584.10","8,756.20",273,250,284,40,97,0,3,"37,823",86.2
강원도,춘천시,사북면,2035,"24,373.00","25,572.20","16,287.80",63.7,0.000,0.00,0.00,0.00,0.00,0.00,0.00,0.00,1.750,"24,373.00","24,373.00","15,088.60",0.00,"15,088.60",1.750,0.00,"1,199.20","1,199.20",0.00,"1,199.20",0.00,0.00,0,277,24,303,0,0,6,"14,052",86.3
강원도,춘천시,북산면,2035,0.00,0.00,0.00,0.0,0.000,0.00,0.00,0.00,0.00,0.00,0.00,0.00,0.000,0.00,0.00,0.00,0.00,0.00,0.000,0.00,0.00,0.00,0.00,0.00,0.00,0.00,0,0,0,0,0,0,0,0,0.0
강원도,춘천시,동내면,2035,"95,277.30","103,148.50","60,130.60",58.3,0.000,0.00,"7,871.20","7,871.20","1,162.60","6,658.30",50.30,0.00,6.720,"65,486.30","65,486.30","34,102.30",0.00,"34,102.30",6.720,"29,791.00","29,791.00","18,157.10","1,275.80","11,464.80",849.10,"4,567.40",144,626,333,"1,568","1,733",6,9,"57,632",95.8
강원도,춘천시,남산면,2035,"60,439.42","64,265.92","42,657.60",66.4,0.000,0.00,"3,609.70","3,609.70",304.60,"2,876.50",428.60,0.00,5.500,"49,827.42","49,827.42","28,219.10",0.00,"28,219.10",5.500,"10,612.00","10,828.80","10,828.80",18.80,"3,677.40","1,019.00","6,113.60",66,518,199,61,216,0,8,"41,716",97.8
강원도,춘천시,교동,2035,"24,447.10","40,587.20","27,759.30",68.4,0.000,0.00,"12,392.90","12,392.90",815.30,"11,577.60",0.00,0.00,0.500,"11,027.80","14,775.00","14,775.00",0.00,"14,775.00",0.500,"13,419.30","13,419.30",591.40,0.00,277.00,0.00,314.40,227,271,11,"1,490",244,0,0,"24,421",88.0
강원도,춘천시,조운동,2035,"22,413.40","33,163.10","15,920.60",48.0,0.000,0.00,"10,749.70","10,749.70","1,502.90","9,246.80",0.00,0.00,0.320,"10,849.20","10,849.20","4,831.50",0.00,"4,831.50",0.320,"11,564.20","11,564.20",339.40,0.00,57.00,0.00,282.40,197,89,6,632,307,0,0,"15,666",98.4
강원도,춘천시,약사명동,2035,"36,440.30","56,198.20","34,022.00",60.5,0.000,0.00,"14,402.80","14,402.80","1,618.00","12,784.80",0.00,0.00,0.530,"12,365.10","17,720.20","17,720.20",0.00,"17,720.20",0.530,"24,075.20","24,075.20","1,899.00",589.00,207.00,0.00,"1,103.00",264,325,35,848,384,2,0,"30,750",90.4
강원도,춘천시,근화동,2035,"78,571.90","120,482.60","55,515.20",46.1,0.000,0.00,"41,910.70","41,910.70","8,836.40","31,880.00","1,194.30",0.00,3.320,"30,431.40","30,431.40","10,197.60",0.00,"10,197.60",3.320,"48,140.50","48,140.50","3,406.90",0.00,"1,930.90",250.20,"1,225.80",769,187,63,"1,094",964,5,2,"52,853",95.2
강원도,춘천시,소양동,2035,"49,217.10","75,034.50","44,929.10",59.9,0.000,0.00,"25,817.40","25,817.40","2,441.90","23,228.30",147.20,0.00,1.260,"19,909.60","19,909.60","15,623.00",0.00,"15,623.00",1.260,"29,307.50","29,307.50","3,488.70",0.00,812.50,36.10,"2,640.10",473,287,64,"1,664",474,4,0,"42,710",95.1
강원도,춘천시,후평1동,2035,"42,244.20","102,344.40","62,153.80",60.7,0.000,0.00,"41,137.70","41,137.70","3,610.80","37,193.80",333.10,0.00,1.710,205.00,"19,167.50","19,167.50",0.00,"19,167.50",1.710,"42,039.20","42,039.20","1,848.60",0.00,"1,490.00",0.00,358.60,755,352,34,"2,330","1,557",11,1,"60,971",98.1
강원도,춘천시,후평2동,2035,"18,558.40","49,972.50","31,777.40",63.6,0.000,0.00,"18,243.60","18,243.60",767.20,"17,476.40",0.00,0.00,0.690,0.00,"13,170.50","13,170.50",0.00,"13,170.50",0.690,"18,558.40","18,558.40",363.30,0.00,48.50,0.00,314.80,334,242,7,"1,045",652,0,0,"30,809",97.0
강원도,춘천시,후평3동,2035,"28,448.30","61,729.30","39,627.80",64.2,0.000,0.00,"22,154.40","22,154.40","1,054.40","21,100.00",0.00,0.00,1.260,"2,333.10","13,459.70","13,459.70",0.00,"13,459.70",1.260,"26,115.20","26,115.20","4,013.70",0.00,"3,812.70",0.00,201.00,406,247,74,"1,581","1,092",0,0,"38,773",97.8
강원도,춘천시,효자1동,2035,"32,971.90","47,295.00","19,711.70",41.7,0.000,0.00,"14,323.10","14,323.10","1,656.90","12,666.20",0.00,0.00,0.690,"17,000.60","17,000.60","3,349.90",0.00,"3,349.90",0.690,"15,971.30","15,971.30","2,038.70",0.00,"1,045.00",0.00,993.70,262,61,37,439,326,2,5,"19,122",97.0
강원도,춘천시,효자2동,2035,"67,396.60","125,172.70","81,941.60",65.5,0.000,0.00,"43,778.00","43,778.00","5,985.70","37,750.60",41.70,0.00,1.190,"21,287.50","35,285.60","35,285.60",0.00,"35,285.60",1.190,"46,109.10","46,109.10","2,878.00",310.00,"1,229.80",0.00,"1,338.20",803,643,53,"1,569","1,255",7,5,"78,013",95.2
강원도,춘천시,효자3동,2035,"24,778.00","38,369.60","23,836.70",62.1,0.000,0.00,"13,591.60","13,591.60","1,078.50","12,513.10",0.00,0.00,0.890,"10,395.60","10,395.60","9,743.70",0.00,"9,743.70",0.890,"14,382.40","14,382.40",501.40,332.00,2.80,0.00,166.60,249,179,9,867,400,1,0,"21,783",91.4
강원도,춘천시,석사동,2035,"72,961.60","86,434.40","72,416.10",83.8,0.000,0.00,"12,813.10","12,813.10","1,740.50","11,072.60",0.00,0.00,3.140,"27,315.40","27,975.10","27,975.10",0.00,"27,975.10",3.140,"45,646.20","45,646.20","31,627.90","3,478.50","26,777.40",0.00,"1,372.00",235,509,581,"2,479","1,795",2,8,"71,508",98.7
강원도,춘천시,퇴계동,2035,"76,510.30","96,149.30","74,595.60",77.6,0.000,0.00,"19,639.00","19,639.00","1,488.00","17,870.30",280.70,0.00,2.940,"28,307.30","28,307.30","25,706.70",0.00,"25,706.70",2.940,"48,203.00","48,203.00","29,249.90","3,302.40","24,749.10",341.20,857.20,360,472,538,"1,366",995,9,18,"74,436",99.8
강원도,춘천시,강남동,2035,"85,645.40","115,029.30","78,829.80",68.5,0.000,0.00,"29,383.90","29,383.90","3,944.60","25,305.00",134.30,0.00,3.340,"27,616.60","27,616.60","22,098.00",0.00,"22,098.00",3.340,"58,028.80","58,028.80","27,347.90","3,256.20","18,521.00","1,386.00","4,184.70",539,406,502,"1,427",131,7,7,"78,346",99.4
강원도,춘천시,신사우동,2035,"128,871.30","181,228.10","87,827.70",48.5,0.000,0.00,"52,356.80","52,356.80","1,808.80","50,294.40",253.60,0.00,5.420,"64,328.50","64,328.50","12,207.30",0.00,"12,207.30",5.420,"64,542.80","64,542.80","23,263.60","1,261.80","16,300.40",769.50,"4,931.90",960,229,428,"1,019","1,506",24,2,"68,664",78.2
강원도,원주시,소계,,"1,344,527.00","1,597,732.00","1,203,781.00",75.3,84.740,"66,303.00","315,445.00","307,043.00","8,547.00","293,075.00",29.00,"5,392.00",73.600,"754,437.00","754,500.00","475,247.00","146,723.00","328,524.00",55.500,"523,787.00","527,787.00","421,491.00","91,861.00","290,151.00","23,598.00","15,881.00","10,164","7,409","7,361","55,193","55,193",66,369,"643,210",53.4
강원도,원주시,문막읍,2025,"124,174.00","357,871.00","332,418.00",92.9,1.000,0.00,"233,697.00","233,697.00",0.00,"233,697.00",0.00,0.00,6.500,"73,618.00","73,618.00","55,545.00","55,545.00",0.00,4.900,"50,556.00","50,556.00","43,176.00","28,980.00","3,229.00","9,049.00","1,918.00","1,913",0,0,"2,623","3,623",0,59,"28,140",8.5
강원도,원주시,소초면,2025,"28,860.00","32,860.00","26,020.00",79.2,4.200,"2,383.00","2,383.00","1,882.00",458.00,409.00,29.00,986.00,3.100,"25,835.00","25,835.00","19,496.00","19,496.00",0.00,0.100,642.00,"4,642.00","4,642.00",564.00,"4,000.00",0.00,78.00,0,0,0,195,0,0,0,"3,973",15.3
강원도,원주시,호저면,2025,"9,047.00","14,477.00","6,630.00",45.8,5.000,0.00,"5,430.00","5,430.00",0.00,"5,430.00",0.00,0.00,1.900,"9,047.00","9,047.00","1,200.00","1,200.00",0.00,0.000,0.00,0.00,0.00,0.00,0.00,0.00,0.00,0,0,0,205,0,0,0,0,0.0
강원도,원주시,지정면,2025,"29,709.00","29,709.00","10,572.00",35.6,5.000,0.00,0.00,0.00,0.00,0.00,0.00,0.00,1.900,"29,709.00","29,709.00","10,572.00","10,572.00",0.00,0.000,0.00,0.00,0.00,0.00,0.00,0.00,0.00,0,0,0,192,0,0,0,660,6.2
강원도,원주시,부론면,2025,"17,200.00","18,326.00","7,040.00",38.4,5.000,0.00,"1,126.00","1,126.00",0.00,"1,126.00",0.00,0.00,0.700,"17,200.00","17,200.00","5,914.00","5,914.00",0.00,0.000,0.00,0.00,0.00,0.00,0.00,0.00,0.00,0,0,0,208,0,0,0,"3,336",47.4
강원도,원주시,귀래면,2025,"29,551.00","29,551.00","6,919.00",23.4,5.000,0.00,0.00,0.00,0.00,0.00,0.00,0.00,4.000,"29,551.00","29,551.00","6,919.00","6,919.00",0.00,0.000,0.00,0.00,0.00,0.00,0.00,0.00,0.00,0,0,0,200,0,0,0,"5,076",73.4
강원도,원주시,흥업면,2025,"116,011.00","116,011.00","86,574.00",74.6,5.000,0.00,0.00,0.00,0.00,0.00,0.00,0.00,6.200,"75,705.00","75,705.00","46,269.00","46,269.00",0.00,3.500,"40,306.00","40,306.00","40,305.00","22,175.00","3,926.00","11,791.00","2,413.00","1,756",0,0,"3,948","3,948",0,92,"27,736",32.0
강원도,원주시,판부면,2025,"15,016.00","15,016.00",0.00,0.0,5.000,0.00,0.00,0.00,0.00,0.00,0.00,0.00,2.200,"15,016.00","15,016.00",0.00,0.00,0.00,0.000,0.00,0.00,0.00,0.00,0.00,0.00,0.00,22,0,0,0,24,0,0,"6,959",0.0
강원도,원주시,신림면,2025,"21,704.00","21,804.00","8,210.00",37.7,5.000,0.00,100.00,100.00,0.00,100.00,0.00,0.00,0.200,"14,161.00","14,161.00","3,264.00",0.00,"3,264.00",0.800,"7,543.00","7,543.00","4,846.00",100.00,"1,788.00","2,683.00",275.00,142,0,0,90,89,0,0,"9,769",119.0
강원도,원주시,중앙동,2025,"9,653.00","9,834.00","8,210.00",83.5,0.400,717.00,898.00,898.00,88.00,763.00,0.00,47.00,0.500,"4,420.00","4,420.00","3,043.00",8.00,"3,035.00",0.500,"4,516.00","4,516.00","4,269.00",446.00,"3,694.00",0.00,129.00,68,80,80,515,516,0,0,"6,061",73.8
강원도,원주시,원인동,2025,"19,036.00","19,036.00","15,350.00",80.6,0.800,"1,332.00","1,332.00","1,225.00",174.00,956.00,0.00,95.00,1.000,"8,756.00","8,756.00","5,667.00",17.00,"5,650.00",1.000,"8,948.00","8,948.00","8,458.00",883.00,"7,318.00",1.00,256.00,136,159,158,"1,000","1,023",0,0,"12,005",78.2
강원도,원주시,개운동,2025,"44,677.00","44,677.00","29,180.00",65.3,2.000,"3,127.00","3,127.00","1,756.00",409.00,"1,124.00",0.00,223.00,2.300,"20,551.00","20,551.00","7,570.00",41.00,"7,529.00",2.300,"20,999.00","20,999.00","19,854.00","2,074.00","17,175.00",4.00,601.00,320,374,372,"2,401","2,401",7,33,"28,175",96.6
강원도,원주시,명륜1동,2025,"30,883.00","38,011.00","21,560.00",56.7,1.300,"2,161.00","9,289.00","9,289.00",282.00,"8,853.00",0.00,154.00,1.600,"14,206.00","14,206.00","5,851.00",28.00,"5,823.00",1.600,"14,516.00","14,516.00","6,420.00","1,433.00","4,570.00",2.00,415.00,221,259,257,"1,682","1,659",0,0,"19,476",90.3
강원도,원주시,명륜2동,2025,"54,773.00","54,773.00","39,470.00",72.1,2.400,"3,834.00","3,834.00","3,526.00",501.00,"2,752.00",0.00,273.00,2.900,"25,195.00","25,195.00","11,602.00",50.00,"11,552.00",2.900,"25,744.00","25,744.00","24,342.00","2,543.00","21,057.00",5.00,737.00,392,459,456,"2,943","2,943",0,0,"34,542",87.5
강원도,원주시,단구동,2025,"148,269.00","148,269.00","109,154.00",73.6,11.500,"10,378.00","10,378.00","9,324.00","1,326.00","7,276.00",0.00,722.00,8.600,"74,134.00","74,134.00","36,173.00",133.00,"36,040.00",7.600,"63,757.00","63,757.00","63,657.00","6,723.00","55,671.00",13.00,"1,250.00","1,037","1,214","1,206","7,782","7,782",8,21,"91,323",83.7
강원도,원주시,일산동,2025,"27,394.00","28,137.00","26,500.00",94.2,1.200,"1,918.00","2,661.00","2,661.00",250.00,"2,275.00",0.00,136.00,1.400,"12,601.00","12,601.00","11,667.00",25.00,"11,642.00",1.400,"12,875.00","12,875.00","12,172.00","1,271.00","10,531.00",2.00,368.00,196,229,228,"1,372","1,472",0,0,"17,276",65.2
강원도,원주시,학성동,2025,"17,339.00","17,339.00","15,740.00",90.8,0.700,"1,213.00","1,213.00",651.00,158.00,407.00,0.00,86.00,0.900,"7,669.00","7,669.00","7,384.00",15.00,"7,369.00",0.900,"8,457.00","8,457.00","7,705.00",805.00,"6,666.00",1.00,233.00,124,145,144,"1,031",931,0,0,"10,935",69.5
강원도,원주시,단계동,2025,"79,408.00","79,408.00","62,357.00",78.5,3.500,"5,558.00","5,558.00","5,112.00",727.00,"3,989.00",0.00,396.00,4.200,"42,086.00","42,086.00","39,027.00",73.00,"38,954.00",4.200,"31,764.00","31,764.00","18,218.00","3,687.00","13,455.00",7.00,"1,069.00",569,666,661,"4,267","4,267",2,2,"50,078",80.3
강원도,원주시,우산동,2025,"46,777.00","47,514.00","33,170.00",69.8,2.100,"3,274.00","4,011.00","4,011.00",428.00,"3,350.00",0.00,233.00,2.400,"21,517.00","21,517.00","19,923.00",43.00,"19,880.00",2.400,"21,986.00","21,986.00","9,236.00","1,171.00","7,432.00",4.00,629.00,335,392,389,"2,414","2,514",11,65,"29,499",88.9
강원도,원주시,태장1동,2025,"33,834.00","33,834.00","25,500.00",75.4,1.500,"2,368.00","2,368.00","2,177.00",309.00,"1,700.00",0.00,168.00,1.700,"15,564.00","15,564.00","14,410.00",31.00,"14,379.00",1.700,"15,902.00","15,902.00","8,913.00","1,571.00","6,884.00",3.00,455.00,242,283,281,"1,918","1,818",15,43,"21,337",83.7
강원도,원주시,태장2동,2025,"77,631.00","77,631.00","57,150.00",73.6,3.500,"5,434.00","5,434.00","4,997.00",710.00,"3,900.00",0.00,387.00,4.100,"35,710.00","35,710.00","33,064.00",71.00,"32,993.00",4.100,"36,487.00","36,487.00","19,089.00","3,604.00","14,433.00",7.00,"1,045.00",556,651,647,"4,172","4,172",14,45,"48,958",85.7
강원도,원주시,봉산동,2025,"72,740.00","72,740.00","54,717.00",75.2,1.300,"3,831.00","3,831.00","1,913.00",272.00,"1,493.00",0.00,148.00,1.500,"54,279.00","54,279.00","39,599.00",27.00,"39,572.00",1.500,"14,630.00","14,630.00","13,205.00","1,379.00","11,424.00",2.00,400.00,213,249,247,"1,598","1,597",9,9,"18,740",34.2
강원도,원주시,행구동,2025,"25,691.00","25,691.00","17,790.00",69.2,1.100,"1,798.00","1,798.00","1,653.00",235.00,"1,290.00",0.00,128.00,1.300,"11,818.00","11,818.00","10,941.00",23.00,"10,918.00",1.300,"12,075.00","12,075.00","5,196.00","1,192.00","3,657.00",2.00,345.00,184,215,214,"1,380","1,380",0,0,"16,201",91.1
강원도,원주시,무실동,2025,"135,675.00","135,738.00","114,120.00",84.1,5.100,"7,914.00","7,914.00","7,279.00","1,035.00","5,680.00",0.00,564.00,6.000,"56,531.00","56,594.00","56,594.00",104.00,"56,490.00",6.000,"71,230.00","71,230.00","50,247.00","5,249.00","43,466.00",10.00,"1,522.00",810,948,942,"6,076","6,076",0,0,"71,302",62.5
강원도,원주시,반곡관설동,2025,"129,475.00","129,475.00","89,430.00",69.1,6.140,"9,063.00","9,063.00","8,336.00","1,185.00","6,505.00",0.00,646.00,6.500,"59,558.00","59,558.00","23,553.00",119.00,"23,434.00",6.800,"60,854.00","60,854.00","57,541.00","6,011.00","49,775.00",12.00,"1,743.00",928,"1,086","1,079","6,981","6,958",0,0,"81,653",91.3
강원도,강릉시,소계,,"1,348,270.30","1,403,543.20","1,118,880.00",79.7,597.800,"394,939.30","418,423.40","388,202.00","53,405.23","334,796.77",0.00,0.00,675.800,"449,723.70","477,773.10","327,546.10","1,095.00","326,451.10",30.150,"503,607.30","507,346.70","403,131.90","25,750.00","270,095.00","13,196.00","94,090.90","8,786","6,308","7,537","22,176","4,843",15,663,"1,076,674",96.2
강원도,강릉시,주문진읍,2030,"302,980.00","302,980.00","118,589.00",39.1,33.000,"96,526.00","96,526.00","75,407.00","10,362.00","65,045.00",0.00,0.00,35.000,"119,372.00","119,372.00","22,483.00",0.00,"22,483.00",5.200,"87,082.00","87,082.00","20,699.00",51.00,"11,180.00","1,064.00","8,404.00","1,559",411,509,"2,392",475,0,132,"115,048",97.0
강원도,강릉시,성산면,2030,"45,905.10","49,038.10","45,396.00",92.6,41.000,"5,084.50","5,084.50","2,690.00",112.23,"2,577.77",0.00,0.00,43.000,"23,088.00","26,221.00","26,221.00",566.00,"25,655.00",0.100,"17,732.60","17,732.60","16,485.00","1,977.00","6,661.00",330.00,"7,517.00",105,412,249,259,95,0,77,"45,905",101.1
강원도,강릉시,왕산면,2030,"14,354.30","15,610.00","14,560.00",93.3,175.000,"1,050.00","1,050.00",0.00,0.00,0.00,0.00,0.00,135.000,"13,304.30","14,560.00","14,560.00",0.00,"14,560.00",0.000,0.00,0.00,0.00,0.00,0.00,0.00,0.00,0,332,0,177,207,0,0,"13,304",91.4
강원도,강릉시,구정면,2030,"21,047.70","21,104.50","21,104.00",100.0,25.000,"1,279.50","1,279.50","1,279.00",0.00,"1,279.00",0.00,0.00,28.000,"7,403.80","7,459.30","7,459.30",0.00,"7,459.30",0.220,"12,364.40","12,365.70","12,365.70",275.00,"9,465.00",0.00,"2,625.70",29,163,213,389,6,0,29,"21,047",99.7
강원도,강릉시,강동면,2030,"32,784.50","36,515.00","25,495.00",69.8,67.000,"1,211.00","1,211.00",0.00,0.00,0.00,0.00,0.00,74.000,"13,238.80","13,238.80","3,429.80",0.00,"3,429.80",0.700,"18,334.70","22,065.20","22,065.20",982.00,"14,160.00",6.00,"6,917.20",0,302,260,374,299,2,47,"31,573",123.8
강원도,강릉시,옥계면,2030,"59,144.60","61,102.60","58,478.00",95.7,75.000,"1,353.00","1,353.00",0.00,0.00,0.00,0.00,0.00,94.000,"23,521.00","25,479.00","25,479.00",0.00,"25,479.00",2.200,"34,270.60","34,270.60","32,999.00","3,249.00","23,371.00",0.00,"6,379.00",0,404,813,749,635,1,82,"55,693",95.2
강원도,강릉시,사천면,2030,"72,542.50","72,544.40","46,577.00",64.2,43.000,"2,125.10","2,127.00","2,127.00",214.00,"1,913.00",0.00,0.00,38.000,"42,284.00","42,284.00","16,396.00",0.00,"16,396.00",0.500,"28,133.40","28,133.40","28,054.00","1,760.00","13,925.00",627.00,"11,742.00",79,278,514,804,79,0,17,"41,700",89.5
강원도,강릉시,연곡면,2030,"77,490.90","78,323.80","35,686.00",45.6,81.000,"5,791.10","6,624.00","6,624.00","2,512.00","4,112.00",0.00,0.00,131.000,"31,082.40","31,082.40","13,443.00",23.00,"13,420.00",1.900,"40,617.40","40,617.40","15,619.00",548.00,"9,160.00",33.00,"5,878.00",258,211,192,570,49,0,20,"30,390",85.2
강원도,강릉시,홍제동,2030,"58,904.60","61,798.60","61,797.00",100.0,5.000,"16,188.60","16,198.00","16,198.00","1,013.00","15,185.00",0.00,0.00,0.400,"9,475.40","12,360.00","12,360.00",44.00,"12,316.00",0.940,"33,240.60","33,240.60","33,239.00","1,486.00","21,017.00","2,791.00","7,945.00",448,174,584,"1,402",5,1,27,"58,904",95.3
강원도,강릉시,중앙동,2030,"33,371.50","33,425.10","33,423.00",100.0,1.100,"26,078.40","26,132.00","26,132.00","4,518.00","21,614.00",0.00,0.00,15.800,"2,161.60","2,161.60","2,160.00",0.00,"2,160.00",1.430,"5,131.50","5,131.50","5,131.00",152.00,"2,063.00",0.00,"2,916.00",830,45,53,667,8,2,8,"33,371",99.8
강원도,강릉시,옥천동,2030,"26,464.50","26,675.90","26,674.00",100.0,0.500,"23,648.00","23,673.00","23,673.00","3,038.00","20,635.00",0.00,0.00,13.000,462.60,649.00,649.00,0.00,649.00,0.470,"2,353.90","2,353.90","2,352.00",0.00,"1,144.00",0.00,"1,208.00",714,12,34,402,25,0,1,"26,464",99.2
강원도,강릉시,교1동,2030,"70,249.40","71,302.00","71,302.00",100.0,2.100,"23,302.30","23,552.00","23,552.00",636.00,"22,916.00",0.00,0.00,15.400,"20,621.80","21,421.00","21,421.00",0.00,"21,421.00",1.000,"26,325.30","26,329.00","26,329.00","3,333.00","20,514.00","1,896.00",586.00,578,471,545,"2,159",47,0,2,"70,249",98.5
강원도,강릉시,교2동,2030,"40,415.90","46,868.30","46,748.00",99.7,1.500,"25,571.50","29,382.00","29,382.00","2,092.00","27,290.00",0.00,0.00,2.300,"4,014.10","6,656.00","6,656.00",0.00,"6,656.00",0.610,"10,830.30","10,830.30","10,710.00","1,601.00","5,454.00","1,577.00","2,078.00",673,92,187,828,65,0,2,"40,415",86.5
강원도,강릉시,포남1동,2030,"55,846.30","56,616.10","56,610.00",100.0,0.900,"34,162.40","34,725.00","34,725.00","4,331.00","30,394.00",0.00,0.00,1.300,"16,245.80","16,453.00","16,453.00",0.00,"16,453.00",0.730,"5,438.10","5,438.10","5,432.00","1,667.00","3,481.00",43.00,241.00,621,372,87,"1,794",478,3,9,"55,846",98.7
강원도,강릉시,포남2동,2030,"44,675.60","47,746.00","47,727.00",100.0,1.500,"11,230.00","13,369.00","13,369.00",985.00,"12,384.00",0.00,0.00,2.300,"12,716.60","13,648.00","13,648.00",0.00,"13,648.00",1.500,"20,729.00","20,729.00","20,710.00","1,000.00","17,990.00",842.00,878.00,231,268,410,"1,384",8,0,8,"44,675",93.6
강원도,강릉시,초당동,2030,"37,659.50","38,932.00","35,733.00",91.8,1.400,"15,926.40","15,926.40","12,833.00","3,723.00","9,110.00",0.00,0.00,2.700,"10,306.50","11,579.00","11,579.00",0.00,"11,579.00",3.080,"11,426.60","11,426.60","11,321.00",657.00,"9,917.00",165.00,582.00,347,198,250,741,86,1,30,"37,659",105.4
강원도,강릉시,송정동,2030,"40,813.90","43,379.00","43,379.00",100.0,3.100,"19,928.30","20,395.00","20,395.00","2,014.00","18,381.00",0.00,0.00,1.400,"12,206.60","14,302.00","14,302.00",28.00,"14,274.00",0.890,"8,679.00","8,682.00","8,682.00",750.00,"5,860.00",44.00,"2,028.00",411,175,142,835,96,0,18,"40,813",94.1
강원도,강릉시,내곡동,2030,"52,795.90","54,442.00","54,442.00",100.0,3.200,"14,625.90","14,626.00","14,626.00","3,068.00","11,558.00",0.00,0.00,2.400,"17,371.90","19,017.00","19,017.00",0.00,"19,017.00",1.890,"20,798.10","20,799.00","20,799.00",41.00,"16,146.00",325.00,"4,287.00",375,362,346,"1,094",228,4,56,"52,795",97.0
강원도,강릉시,강남동,2030,"68,002.40","68,468.30","68,349.00",99.8,13.500,"34,258.60","34,445.00","34,445.00","4,649.00","29,796.00",0.00,0.00,14.600,"12,958.50","13,238.00","13,238.00",0.00,"13,238.00",1.750,"20,785.30","20,785.30","20,666.00",885.00,"10,817.00",122.00,"8,842.00",845,305,390,"1,478","1,538",0,13,"68,002",99.5
강원도,강릉시,성덕동,2030,"90,432.90","94,723.50","94,714.00",100.0,7.600,"25,325.40","28,389.00","28,389.00","6,120.00","22,269.00",0.00,0.00,8.700,"28,291.00","29,518.00","29,518.00",434.00,"29,084.00",2.560,"36,816.50","36,816.50","36,807.00",303.00,"29,128.00","2,453.00","4,923.00",478,613,710,"1,851",313,0,28,"90,433",95.5
강원도,강릉시,경포동,2030,"102,388.30","121,948.00","112,097.00",91.9,16.400,"10,273.30","22,356.00","22,356.00","4,018.00","18,338.00",0.00,0.00,17.500,"29,597.00","37,074.00","37,074.00",0.00,"37,074.00",2.480,"62,518.00","62,518.00","52,667.00","5,033.00","38,642.00",878.00,"8,114.00",205,708,"1,049","1,827",101,1,57,"102,388",91.3
강원도,동해시,소계,,"551,562.00","780,508.60","589,226.60",75.5,10.020,"235,685.00","253,325.80","175,799.50",329.80,"174,046.90","1,422.80",0.00,32.400,"271,567.00","293,491.30","179,735.60",0.00,"179,735.60",32.410,"44,310.00","233,691.50","233,691.50","2,099.50","170,809.30","3,193.40","57,589.30","4,350","3,370","3,797","1,765","14,152",42,601,0,0.0
강원도,동해시,천곡동,2030,"86,999.00","124,507.70","116,865.90",93.9,0.080,"38,670.00","38,670.00","31,028.20",259.80,"30,364.00",404.40,0.00,4.080,"33,053.00","50,911.70","50,911.70",0.00,"50,911.70",4.080,"15,276.00","34,926.00","34,926.00",0.00,"33,756.00",0.00,"1,170.00",700,"1,161",633,401,"2,678",1,29,0,0.0
강원도,동해시,송정동,2030,"53,145.60","68,243.10","51,540.80",75.5,0.180,"25,614.00","25,614.00","18,495.40",0.00,"18,493.40",2.00,0.00,4.240,"19,864.60","19,864.60","10,280.90",0.00,"10,280.90",4.250,"7,667.00","22,764.50","22,764.50",0.00,"16,535.80",146.70,"6,082.00",504,61,269,265,"1,271",3,44,0,0.0
강원도,동해시,북삼동,2030,"90,808.40","122,718.20","86,531.50",70.5,0.180,"38,420.00","38,420.00","26,488.50",0.00,"26,321.10",167.40,0.00,4.200,"52,388.40","52,388.40","28,133.20",0.00,"28,133.20",4.200,0.00,"31,909.80","31,909.80",0.00,"19,553.00",878.00,"11,478.80",760,545,538,156,"1,600",7,109,0,0.0
강원도,동해시,부곡동,2030,"27,414.00","31,164.60","19,133.40",61.4,0.090,"14,375.00","14,375.00","11,463.80",0.00,"11,463.80",0.00,0.00,0.910,"10,904.00","10,904.00","1,784.00",0.00,"1,784.00",0.910,"2,135.00","5,885.60","5,885.60",0.00,"3,514.50",160.80,"2,210.30",260,8,101,42,849,1,11,0,0.0
강원도,동해시,동호동,2030,"32,501.90","37,859.70","13,802.80",36.5,0.090,"14,934.00","14,934.00","8,170.50",0.00,"8,170.50",0.00,0.00,0.710,"17,567.90","17,567.90",274.50,0.00,274.50,0.710,0.00,"5,357.80","5,357.80",0.00,"2,704.70",55.30,"2,597.80",162,11,78,24,193,0,14,0,0.0
강원도,동해시,발한동,2030,"57,948.10","65,763.90","27,144.20",41.3,0.180,"34,847.00","34,847.00","16,613.00",0.00,"16,613.00",0.00,0.00,1.100,"23,101.10","23,101.10","2,715.40",0.00,"2,715.40",1.100,0.00,"7,815.80","7,815.80",0.00,"3,183.80",0.00,"4,632.00",437,39,113,47,"1,501",3,7,0,0.0
강원도,동해시,묵호동,2030,"28,516.00","40,728.30","40,728.30",100.0,0.040,"5,331.00","13,019.70","13,019.70",70.00,"12,858.60",91.10,0.00,1.770,"12,928.00","16,550.80","16,550.80",0.00,"16,550.80",1.770,"10,257.00","11,157.80","11,157.80",0.00,"7,390.20",0.00,"3,767.60",377,201,131,58,994,4,51,0,0.0
강원도,동해시,북평동,2030,"117,873.00","179,093.90","135,709.80",75.8,1.110,"44,516.00","44,516.00","24,991.10",0.00,"24,242.70",748.40,0.00,4.980,"65,523.00","65,523.00","41,663.80",0.00,"41,663.80",4.980,"7,834.00","69,054.90","69,054.90","2,041.30","51,956.30","1,620.00","13,437.30",493,846,"1,107",77,"3,482",4,149,0,0.0
강원도,동해시,망상동,2030,"13,572.00","46,701.30","46,701.30",100.0,4.050,"1,967.00","11,919.10","11,919.10",0.00,"11,919.10",0.00,0.00,5.540,"11,287.00","11,729.80","11,729.80",0.00,"11,729.80",5.540,318.00,"23,052.40","23,052.40",58.20,"20,491.60",284.70,"2,217.90",261,181,495,24,865,6,48,0,0.0
강원도,동해시,삼화동,2030,"42,784.00","63,727.90","51,068.60",80.1,4.020,"17,011.00","17,011.00","13,610.20",0.00,"13,600.70",9.50,0.00,4.870,"24,950.00","24,950.00","15,691.50",0.00,"15,691.50",4.870,823.00,"21,766.90","21,766.90",0.00,"11,723.40",47.90,"9,995.60",396,317,332,671,719,13,139,0,0.0
강원도,태백시,소계,,"472,732.00","472,732.00","331,716.00",70.2,9.594,"405,500.00","405,500.00","303,577.00","5,890.00","188,008.00","16,636.00","93,043.00",4.923,"51,418.00","51,418.00","27,006.00",0.00,"27,006.00",4.600,"15,814.00","15,814.00","1,133.00",0.00,"1,133.00",0.00,0.00,"1,607","1,360","1,199","4,060","7,178",133,462,"296,836",89.5
강원도,태백시,황지동,2025,"466,651.00","466,651.00","325,635.00",69.8,9.594,"405,500.00","405,500.00","303,577.00","5,890.00","188,008.00","16,636.00","93,043.00",4.600,"45,337.00","45,337.00","20,925.00",0.00,"20,925.00",4.600,"15,814.00","15,814.00","1,133.00",0.00,"1,133.00",0.00,0.00,"1,607","1,202","1,199","3,951","7,178",133,462,"296,836",91.2
강원도,태백시,황연동,2025,0.00,0.00,0.00,0.0,0.000,0.00,0.00,0.00,0.00,0.00,0.00,0.00,0.000,0.00,0.00,0.00,0.00,0.00,0.000,0.00,0.00,0.00,0.00,0.00,0.00,0.00,0,0,0,0,0,0,0,0,0.0
강원도,태백시,삼수동,2025,"4,139.00","4,139.00","4,139.00",100.0,0.000,0.00,0.00,0.00,0.00,0.00,0.00,0.00,0.162,"4,139.00","4,139.00","4,139.00",0.00,"4,139.00",0.000,0.00,0.00,0.00,0.00,0.00,0.00,0.00,0,85,0,65,0,0,0,0,0.0
강원도,태백시,상장동,2025,0.00,0.00,0.00,0.0,0.000,0.00,0.00,0.00,0.00,0.00,0.00,0.00,0.000,0.00,0.00,0.00,0.00,0.00,0.000,0.00,0.00,0.00,0.00,0.00,0.00,0.00,0,0,0,0,0,0,0,0,0.0
강원도,태백시,문곡소도동,2025,"1,942.00","1,942.00","1,942.00",100.0,0.000,0.00,0.00,0.00,0.00,0.00,0.00,0.00,0.161,"1,942.00","1,942.00","1,942.00",0.00,"1,942.00",0.000,0.00,0.00,0.00,0.00,0.00,0.00,0.00,0,73,0,44,0,0,0,0,0.0
강원도,태백시,장성동,2025,0.00,0.00,0.00,0.0,0.000,0.00,0.00,0.00,0.00,0.00,0.00,0.00,0.000,0.00,0.00,0.00,0.00,0.00,0.000,0.00,0.00,0.00,0.00,0.00,0.00,0.00,0,0,0,0,0,0,0,0,0.0
강원도,태백시,구문소동,2025,0.00,0.00,0.00,0.0,0.000,0.00,0.00,0.00,0.00,0.00,0.00,0.00,0.000,0.00,0.00,0.00,0.00,0.00,0.000,0.00,0.00,0.00,0.00,0.00,0.00,0.00,0,0,0,0,0,0,0,0,0.0
강원도,태백시,철암동,2025,0.00,0.00,0.00,0.0,0.000,0.00,0.00,0.00,0.00,0.00,0.00,0.00,0.000,0.00,0.00,0.00,0.00,0.00,0.000,0.00,0.00,0.00,0.00,0.00,0.00,0.00,0,0,0,0,0,0,0,0,0.0
강원도,속초시,소계,,"165,938.00","464,109.00","464,109.00",100.0,3.800,"129,605.00","129,605.00","129,605.00",0.00,"69,547.00","8,409.00","51,649.00",10.230,"36,333.00","173,222.00","173,222.00",0.00,"173,222.00",0.000,0.00,"161,282.00","161,282.00","23,009.00","138,273.00",0.00,0.00,"2,403","4,324","3,280","12,880","13,998",18,148,"427,201",92.0
강원도,속초시,영랑동,2035,"165,938.00","464,109.00","464,109.00",100.0,3.800,"129,605.00","129,605.00","129,605.00",0.00,"69,547.00","8,409.00","51,649.00",10.230,"36,333.00","173,222.00","173,222.00",0.00,"173,222.00",0.000,0.00,"161,282.00","161,282.00","23,009.00","138,273.00",0.00,0.00,"2,403","4,324","3,280","12,880","13,998",18,148,"427,201",92.0
강원도,속초시,동명동,2035,0.00,0.00,0.00,0.0,0.000,0.00,0.00,0.00,0.00,0.00,0.00,0.00,0.000,0.00,0.00,0.00,0.00,0.00,0.000,0.00,0.00,0.00,0.00,0.00,0.00,0.00,0,0,0,0,0,0,0,0,0.0
강원도,속초시,금호동,2025,0.00,0.00,0.00,0.0,0.000,0.00,0.00,0.00,0.00,0.00,0.00,0.00,0.000,0.00,0.00,0.00,0.00,0.00,0.000,0.00,0.00,0.00,0.00,0.00,0.00,0.00,0,0,0,0,0,0,0,0,0.0
강원도,속초시,교동,2025,0.00,0.00,0.00,0.0,0.000,0.00,0.00,0.00,0.00,0.00,0.00,0.00,0.000,0.00,0.00,0.00,0.00,0.00,0.000,0.00,0.00,0.00,0.00,0.00,0.00,0.00,0,0,0,0,0,0,0,0,0.0
강원도,속초시,노학동,2020,0.00,0.00,0.00,0.0,0.000,0.00,0.00,0.00,0.00,0.00,0.00,0.00,0.000,0.00,0.00,0.00,0.00,0.00,0.000,0.00,0.00,0.00,0.00,0.00,0.00,0.00,0,0,0,0,0,0,0,0,0.0
강원도,속초시,조양동,2025,0.00,0.00,0.00,0.0,0.000,0.00,0.00,0.00,0.00,0.00,0.00,0.00,0.000,0.00,0.00,0.00,0.00,0.00,0.000,0.00,0.00,0.00,0.00,0.00,0.00,0.00,0,0,0,0,0,0,0,0,0.0
강원도,속초시,청호동,2030,0.00,0.00,0.00,0.0,0.000,0.00,0.00,0.00,0.00,0.00,0.00,0.00,0.000,0.00,0.00,0.00,0.00,0.00,0.000,0.00,0.00,0.00,0.00,0.00,0.00,0.00,0,0,0,0,0,0,0,0,0.0
강원도,속초시,대포동,2016,0.00,0.00,0.00,0.0,0.000,0.00,0.00,0.00,0.00,0.00,0.00,0.00,0.000,0.00,0.00,0.00,0.00,0.00,0.000,0.00,0.00,0.00,0.00,0.00,0.00,0.00,0,0,0,0,0,0,0,0,0.0
강원도,삼척시,소계,,"544,952.98","745,912.79","679,829.09",91.1,6.560,"187,475.55","211,638.86","160,408.86","22,916.53","95,020.03",291.30,"42,181.00",26.220,"156,083.43","181,028.92","166,208.22",0.00,"166,208.22",69.730,"201,394.00","353,245.01","353,212.01","19,283.21","140,586.39","1,173.20","192,169.21","4,702",968,970,"12,913","8,715",44,259,"604,931",89.0
강원도,삼척시,도계읍,2020,"84,300.00","85,215.00","85,169.00",99.9,1.600,"27,815.00","27,815.00","27,769.00","3,417.00","16,253.70",136.30,"7,962.00",1.280,"25,103.00","26,000.00","26,000.00",0.00,"26,000.00",11.020,"31,382.00","31,400.00","31,400.00","1,282.80","22,984.30",266.20,"6,866.70","1,135",0,0,374,0,30,26,"85,169",100.0
강원도,삼척시,원덕읍,2020,"40,296.00","58,194.00","58,161.00",99.9,0.230,"8,162.00","15,600.00","15,600.00",685.00,"12,150.00",0.00,"2,765.00",0.980,"10,601.00","21,061.00","21,061.00",0.00,"21,061.00",6.150,"21,533.00","21,533.00","21,500.00","2,416.10","6,564.20",0.00,"12,519.70",0,315,316,"1,332","1,165",0,45,"58,161",100.0
강원도,삼척시,근덕면,2020,"105,538.00","170,523.23","170,523.23",100.0,0.150,"12,783.00","17,730.70","17,730.70","2,856.53","14,874.17",0.00,0.00,2.540,"38,118.00","50,302.63","50,302.63",0.00,"50,302.63",3.080,"54,637.00","102,489.90","102,489.90","5,136.82","29,093.27",0.00,"68,259.81",0,653,654,"2,145",0,0,31,"95,628",56.1
강원도,삼척시,하장면,2020,"2,456.00","33,068.00","33,068.00",100.0,0.000,0.00,0.00,0.00,0.00,0.00,0.00,0.00,0.150,"2,456.00","2,456.00","2,456.00",0.00,"2,456.00",0.000,0.00,"30,612.00","30,612.00",0.00,"4,087.00",355.00,"26,170.00",65,0,0,177,82,0,0,"33,068",100.0
강원도,삼척시,노곡면,2020,0.00,"19,301.00","19,301.00",100.0,0.000,0.00,0.00,0.00,0.00,0.00,0.00,0.00,0.000,0.00,0.00,0.00,0.00,0.00,0.000,0.00,"19,301.00","19,301.00",0.00,449.00,0.00,"18,852.00",5,0,0,61,0,0,0,"19,301",100.0
강원도,삼척시,미로면,2020,"10,177.40","27,376.00","27,376.00",100.0,0.010,"4,742.40","15,808.00","15,808.00",124.00,"5,403.00",16.00,"10,265.00",0.290,"5,435.00","6,055.00","6,055.00",0.00,"6,055.00",0.000,0.00,"5,513.00","5,513.00",0.00,"2,775.00",0.00,"2,738.00",172,0,0,191,0,0,0,"27,376",100.0
강원도,삼척시,가곡면,2020,"2,589.00","26,516.00","26,516.00",100.0,0.080,73.00,73.00,73.00,0.00,73.00,0.00,0.00,0.180,"2,516.00","2,516.00","2,516.00",0.00,"2,516.00",0.000,0.00,"23,927.00","23,927.00","1,027.00","2,896.00",264.00,"19,740.00",93,0,0,86,0,0,0,"26,516",100.0
강원도,삼척시,신기면,2020,"4,824.00","18,566.00","18,566.00",100.0,0.030,"2,411.00","2,411.00","2,411.00",418.00,378.00,0.00,"1,615.00",0.070,"2,413.00","2,413.00","2,413.00",0.00,"2,413.00",0.000,0.00,"13,742.00","13,742.00",517.00,"5,080.00",0.00,"8,145.00",71,0,0,250,0,0,0,"18,566",100.0
강원도,삼척시,남양동,2020,"291,332.00","295,178.57","229,173.87",77.6,0.140,"131,184.00","131,184.00","80,000.00","15,416.00","44,871.00",139.00,"19,574.00",6.280,"66,306.00","66,306.00","51,485.30",0.00,"51,485.30",49.480,"93,842.00","97,688.57","97,688.57","7,412.05","61,110.52",288.00,"28,878.00","3,161",0,0,"8,297","7,468",14,157,"229,173",100.0
강원도,삼척시,교동,2020,"2,362.41","7,471.54","7,471.54",100.0,1.540,224.33,747.75,747.75,0.00,747.75,0.00,0.00,4.500,"2,138.08","2,672.60","2,672.60",0.00,"2,672.60",0.000,0.00,"4,051.19","4,051.19","1,491.44","2,559.75",0.00,0.00,0,0,0,0,0,0,0,"7,471",100.0
강원도,삼척시,정라동,2020,403.27,849.54,849.54,100.0,1.660,80.23,267.44,267.44,0.00,267.44,0.00,0.00,5.500,323.04,403.80,403.80,0.00,403.80,0.000,0.00,178.30,178.30,0.00,178.30,0.00,0.00,0,0,0,0,0,0,0,849,99.9
강원도,삼척시,성내동,2020,674.90,"3,653.91","3,653.91",100.0,1.120,0.59,1.97,1.97,0.00,1.97,0.00,0.00,4.450,674.31,842.89,842.89,0.00,842.89,0.000,0.00,"2,809.05","2,809.05",0.00,"2,809.05",0.00,0.00,0,0,0,0,0,0,0,"3,653",100.0
강원도,군부,합계,,"3,973,924.07","4,487,255.40","3,840,545.59",85.6,887.483,"345,937.00","348,830.40","322,946.40","47,483.00","137,967.40","100,906.00","36,590.00",247.618,"2,615,509.47","2,743,143.12","2,238,063.31","239,623.00","1,998,440.31","1,951.500","1,012,477.60","1,395,281.88","1,279,535.88","71,656.14","762,692.96","49,939.62","395,247.16","8,360","43,505","22,018","125,181","54,602",829,"1,237","2,060,322",53.6
강원도,홍천군,소계,,"479,693.00","479,693.00","429,300.00",89.5,0.000,0.00,0.00,0.00,0.00,0.00,0.00,0.00,16.800,"350,743.00","350,743.00","300,909.00",0.00,"300,909.00","1,819.200","128,950.00","128,950.00","128,391.00",914.00,"103,634.00","1,004.00","22,839.00",0,"6,010","2,567","7,616","7,645",0,39,"388,872",90.6
강원도,홍천군,홍천읍,2035,"237,480.00","237,480.00","229,568.00",96.7,0.000,0.00,0.00,0.00,0.00,0.00,0.00,0.00,7.610,"144,837.00","144,837.00","136,925.00",0.00,"136,925.00",107.300,"92,643.00","92,643.00","92,643.00",710.00,"76,909.00",672.00,"14,352.00",0,"2,739","1,853","3,382","3,845",0,26,"228,752",99.6
강원도,홍천군,화촌면,2035,"27,823.00","27,823.00","27,823.00",100.0,0.000,0.00,0.00,0.00,0.00,0.00,0.00,0.00,1.160,"24,303.00","24,303.00","24,303.00",0.00,"24,303.00",211.400,"3,520.00","3,520.00","3,520.00",0.00,"3,520.00",0.00,0.00,0,487,71,710,176,0,0,"24,303",87.3
강원도,홍천군,두촌면,2035,"12,417.00","12,417.00","8,628.00",69.5,0.000,0.00,0.00,0.00,0.00,0.00,0.00,0.00,0.260,"10,017.00","10,017.00","6,228.00",0.00,"6,228.00",140.500,"2,400.00","2,400.00","2,400.00",0.00,"2,400.00",0.00,0.00,0,125,48,251,120,0,0,"6,228",72.2
강원도,홍천군,내촌면,2035,"9,423.00","9,423.00","9,423.00",100.0,0.000,0.00,0.00,0.00,0.00,0.00,0.00,0.00,0.420,"5,332.00","5,332.00","5,332.00",0.00,"5,332.00",146.600,"4,091.00","4,091.00","4,091.00",0.00,"4,091.00",0.00,0.00,0,107,82,218,205,0,0,"5,332",56.6
강원도,홍천군,서석면,2035,"20,799.00","20,799.00","20,799.00",100.0,0.000,0.00,0.00,0.00,0.00,0.00,0.00,0.00,0.540,"12,511.00","12,511.00","12,511.00",0.00,"12,511.00",225.300,"8,288.00","8,288.00","8,288.00",53.00,"5,472.00",57.00,"2,706.00",0,250,166,350,"2,736",0,0,"12,511",60.2
강원도,홍천군,동면,2035,"26,013.00","26,013.00","25,301.00",97.3,0.000,0.00,0.00,0.00,0.00,0.00,0.00,0.00,1.010,"21,716.00","21,716.00","21,004.00",0.00,"21,004.00",149.700,"4,297.00","4,297.00","4,297.00",0.00,"4,297.00",0.00,0.00,0,420,86,452,215,0,0,"21,004",83.0
강원도,홍천군,남면,2035,"54,163.00","54,163.00","34,161.00",63.1,0.000,0.00,0.00,0.00,0.00,0.00,0.00,0.00,1.200,"43,794.00","43,794.00","24,351.00",0.00,"24,351.00",120.300,"10,369.00","10,369.00","9,810.00",151.00,"3,603.00",275.00,"5,781.00",0,487,196,779,180,0,10,"24,351",71.3
강원도,홍천군,서면,2035,"32,866.00","32,866.00","26,243.00",79.8,0.000,0.00,0.00,0.00,0.00,0.00,0.00,0.00,1.080,"32,028.00","32,028.00","25,405.00",0.00,"25,405.00",123.400,838.00,838.00,838.00,0.00,838.00,0.00,0.00,0,498,17,585,42,0,0,"24,858",94.7
강원도,홍천군,북방면,2035,"42,884.00","42,884.00","34,489.00",80.4,0.000,0.00,0.00,0.00,0.00,0.00,0.00,0.00,2.910,"41,148.00","41,148.00","32,753.00",0.00,"32,753.00",146.400,"1,736.00","1,736.00","1,736.00",0.00,"1,736.00",0.00,0.00,0,655,33,512,87,0,3,"29,436",85.3
강원도,홍천군,내면,2035,"15,825.00","15,825.00","12,865.00",81.3,0.000,0.00,0.00,0.00,0.00,0.00,0.00,0.00,0.610,"15,057.00","15,057.00","12,097.00",0.00,"12,097.00",448.300,768.00,768.00,768.00,0.00,768.00,0.00,0.00,0,242,15,377,39,0,0,"12,097",94.0
강원도,횡성군,소계,,"299,814.00","301,612.00","277,238.00",91.9,8.983,"98,525.00","98,525.00","94,087.00","11,319.00","51,715.00","21,699.00","9,354.00",9.402,"136,373.00","138,171.00","131,744.00","1,620.00","130,124.00",0.000,"64,916.00","64,916.00","51,407.00","5,064.00","42,058.00","3,465.00",820.00,"2,196","1,336",857,"10,348","7,651",17,138,"261,028",94.2
강원도,횡성군,횡성읍,2030,"127,211.00","127,211.00","121,352.00",95.4,4.004,"31,646.00","31,646.00","31,646.00","5,091.00","21,952.00","3,751.00",852.00,4.004,"62,105.00","62,105.00","62,105.00",0.00,"62,105.00",0.000,"33,460.00","33,460.00","27,601.00","2,692.00","23,558.00","1,351.00",0.00,"1,035",275,460,"6,656","6,111",12,55,"106,802",88.0
강원도,횡성군,우천면,2030,"50,375.00","50,375.00","46,936.00",93.2,1.544,"27,560.00","27,560.00","27,560.00","2,014.00","8,950.00","10,054.00","6,542.00",1.544,"18,665.00","18,665.00","18,665.00",0.00,"18,665.00",0.000,"4,150.00","4,150.00",711.00,711.00,0.00,0.00,0.00,311,429,12,800,88,0,50,"46,936",100.0
강원도,횡성군,안흥면,2030,"17,075.00","17,075.00","16,449.00",96.3,0.599,"10,217.00","10,217.00","9,693.00",945.00,"3,951.00","3,752.00","1,045.00",0.599,"5,321.00","5,321.00","5,321.00",0.00,"5,321.00",0.000,"1,537.00","1,537.00","1,435.00",683.00,752.00,0.00,0.00,89,63,24,446,48,0,0,"16,449",100.0
강원도,횡성군,둔내면,2030,"40,897.00","42,695.00","42,179.00",98.8,1.469,"11,335.00","11,335.00","11,335.00","2,957.00","8,031.00",347.00,0.00,1.469,"13,588.00","15,386.00","15,386.00","1,620.00","13,766.00",0.000,"15,974.00","15,974.00","15,458.00",644.00,"14,814.00",0.00,0.00,256,94,258,"1,161",722,5,33,"40,519",96.1
강원도,횡성군,갑천면,2030,"11,515.00","11,515.00","8,652.00",75.1,0.455,"3,873.00","3,873.00","3,873.00",0.00,"1,247.00","2,014.00",612.00,0.455,"6,716.00","6,716.00","4,469.00",0.00,"4,469.00",0.000,926.00,926.00,310.00,157.00,153.00,0.00,0.00,75,64,5,197,126,0,0,"8,652",100.0
강원도,횡성군,청일면,2030,"15,334.00","15,334.00","14,700.00",95.9,0.000,0.00,0.00,0.00,0.00,0.00,0.00,0.00,0.419,"9,210.00","9,210.00","8,808.00",0.00,"8,808.00",0.000,"6,124.00","6,124.00","5,892.00",177.00,"2,781.00","2,114.00",820.00,147,70,98,223,211,0,0,"14,700",100.0
강원도,횡성군,공근면,2030,"21,421.00","21,421.00","14,762.00",68.9,0.490,"6,434.00","6,434.00","2,520.00",208.00,"2,312.00",0.00,0.00,0.490,"12,242.00","12,242.00","12,242.00",0.00,"12,242.00",0.000,"2,745.00","2,745.00",0.00,0.00,0.00,0.00,0.00,204,195,0,344,205,0,0,"14,762",100.0
강원도,횡성군,서원면,2030,"8,630.00","8,630.00","8,384.00",97.1,0.204,"3,636.00","3,636.00","3,636.00",86.00,"1,686.00","1,671.00",193.00,0.204,"4,994.00","4,994.00","4,748.00",0.00,"4,748.00",0.000,0.00,0.00,0.00,0.00,0.00,0.00,0.00,79,121,0,173,139,0,0,"8,384",100.0
강원도,횡성군,강림면,2030,"7,356.00","7,356.00","3,824.00",52.0,0.218,"3,824.00","3,824.00","3,824.00",18.00,"3,586.00",110.00,110.00,0.218,"3,532.00","3,532.00",0.00,0.00,0.00,0.000,0.00,0.00,0.00,0.00,0.00,0.00,0.00,0,25,0,348,1,0,0,"3,824",100.0
강원도,영월군,소계,,"198,650.57","373,124.02","349,039.02",93.5,0.000,0.00,0.00,0.00,0.00,0.00,0.00,0.00,17.570,"198,650.57","208,917.57","184,832.57",0.00,"184,832.57",0.000,0.00,"164,206.45","164,206.45","17,547.47","95,149.57","15,694.62","35,814.79",0,"6,794",0,"8,157",0,0,217,0,0.0
강원도,영월군,영월읍,2020,"83,157.69","168,422.75","157,752.75",93.7,0.000,0.00,0.00,0.00,0.00,0.00,0.00,0.00,6.720,"83,157.69","83,157.69","72,487.69",0.00,"72,487.69",0.000,0.00,"85,265.06","85,265.06","14,094.57","60,769.83","3,246.80","7,153.86",0,"3,173",0,"3,778",0,0,81,0,0.0
강원도,영월군,상동읍,2020,"13,645.72","23,110.76","22,842.76",98.8,0.000,0.00,0.00,0.00,0.00,0.00,0.00,0.00,1.020,"13,645.72","13,645.72","13,377.72",0.00,"13,377.72",0.000,0.00,"9,465.04","9,465.04",278.90,"6,621.82","1,225.02","1,339.30",0,484,0,420,0,0,29,0,0.0
강원도,영월군,중동면,2020,"9,702.82","13,193.82","12,284.82",93.1,0.000,0.00,0.00,0.00,0.00,0.00,0.00,0.00,0.750,"9,702.82","9,702.82","8,793.82",0.00,"8,793.82",0.000,0.00,"3,491.00","3,491.00",48.30,"2,318.50",974.80,149.40,0,748,0,337,0,0,36,0,0.0
강원도,영월군,김삿갓면,2020,"5,428.30","6,881.00","4,746.00",69.0,0.000,0.00,0.00,0.00,0.00,0.00,0.00,0.00,0.890,"5,428.30","5,428.30","3,293.30",0.00,"3,293.30",0.000,0.00,"1,452.70","1,452.70",0.00,824.20,385.40,243.10,0,643,0,128,0,0,71,0,0.0
강원도,영월군,북면,2020,"10,795.10","14,173.90","14,173.90",100.0,0.000,0.00,0.00,0.00,0.00,0.00,0.00,0.00,0.870,"10,795.10","10,795.10","10,795.10",0.00,"10,795.10",0.000,0.00,"3,378.80","3,378.80",0.00,"2,582.90",505.00,290.90,0,117,0,517,0,0,0,0,0.0
강원도,영월군,남면,2020,"9,812.42","17,410.12","17,099.12",98.2,0.000,0.00,0.00,0.00,0.00,0.00,0.00,0.00,0.820,"9,812.42","9,812.42","9,501.42",0.00,"9,501.42",0.000,0.00,"7,597.70","7,597.70",356.90,"3,457.20","2,110.20","1,673.40",0,407,0,442,0,0,0,0,0.0
강원도,영월군,한반도면,2020,"24,093.10","46,588.98","41,821.98",89.8,0.000,0.00,0.00,0.00,0.00,0.00,0.00,0.00,1.960,"24,093.10","24,093.10","19,326.10",0.00,"19,326.10",0.000,0.00,"22,495.88","22,495.88","1,312.20","9,198.52","2,544.20","9,440.96",0,467,0,"1,047",0,0,0,0,0.0
강원도,영월군,주천면,2020,"38,006.35","66,938.05","61,913.05",92.5,0.000,0.00,0.00,0.00,0.00,0.00,0.00,0.00,2.510,"38,006.35","38,006.35","32,981.35",0.00,"32,981.35",0.000,0.00,"28,931.70","28,931.70","1,456.60","9,016.70","4,421.90","14,036.50",0,461,0,"1,135",0,0,0,0,0.0
강원도,영월군,무릉도원면,2020,"4,009.07","16,404.64","16,404.64",100.0,0.000,0.00,0.00,0.00,0.00,0.00,0.00,0.00,2.030,"4,009.07","14,276.07","14,276.07",0.00,"14,276.07",0.000,0.00,"2,128.57","2,128.57",0.00,359.90,281.30,"1,487.37",0,294,0,353,0,0,0,0,0.0
강원도,평창군,소계,,"463,664.00","471,210.00","396,818.00",84.2,1.700,"48,983.00","48,983.00","48,983.00","5,551.00","27,686.00","11,443.00","4,303.00",44.460,"386,775.00","394,321.00","327,515.00",0.00,"327,515.00",0.000,"27,906.00","27,906.00","20,320.00",817.00,"17,908.00",0.00,"1,595.00",672,"4,081","4,577","8,676","3,047",48,0,"295,258",74.4
강원도,평창군,평창읍,2030,"114,459.00","114,459.00","65,018.00",56.8,0.600,"25,041.00","25,041.00","25,041.00","3,492.00","16,873.00","2,630.00","2,046.00",5.700,"86,207.00","86,207.00","38,745.00",0.00,"38,745.00",0.000,"3,211.00","3,211.00","1,232.00",0.00,"1,232.00",0.00,0.00,343,540,883,"1,692",588,11,0,"38,245",58.8
강원도,평창군,미탄면,2030,"9,934.00","9,934.00","8,855.00",89.1,0.000,0.00,0.00,0.00,0.00,0.00,0.00,0.00,1.120,"9,934.00","9,934.00","8,855.00",0.00,"8,855.00",0.000,0.00,0.00,0.00,0.00,0.00,0.00,0.00,0,120,67,320,44,0,0,"4,942",55.8
강원도,평창군,방림면,2030,"16,135.00","16,155.00","16,155.00",100.0,0.000,0.00,0.00,0.00,0.00,0.00,0.00,0.00,3.160,"16,135.00","16,155.00","16,155.00",0.00,"16,155.00",0.000,0.00,0.00,0.00,0.00,0.00,0.00,0.00,0,220,220,504,146,0,0,"16,135",99.9
강원도,평창군,대화면,2030,"64,414.00","64,929.00","64,929.00",100.0,0.000,0.00,0.00,0.00,0.00,0.00,0.00,0.00,5.220,"61,566.00","62,081.00","62,081.00",0.00,"62,081.00",0.000,"2,848.00","2,848.00","2,848.00",0.00,"2,848.00",0.00,0.00,0,873,844,"1,061",562,0,0,"58,885",90.7
강원도,평창군,봉평면,2030,"75,183.00","75,493.00","74,425.00",98.6,0.300,"10,344.00","10,344.00","10,344.00",49.00,"5,747.00","3,747.00",801.00,6.730,"59,209.00","59,519.00","59,519.00",0.00,"59,519.00",0.000,"5,630.00","5,630.00","4,562.00",0.00,"4,562.00",0.00,0.00,142,654,796,"1,340",530,20,0,"57,470",77.2
강원도,평창군,용평면,2030,"28,440.00","28,440.00","9,520.00",33.5,0.000,0.00,0.00,0.00,0.00,0.00,0.00,0.00,4.110,"27,785.00","27,785.00","9,520.00",0.00,"9,520.00",0.000,655.00,655.00,0.00,0.00,0.00,0.00,0.00,0,130,130,416,86,4,0,"9,540",100.2
강원도,평창군,진부면,2030,"95,575.00","96,074.00","93,426.00",97.2,0.800,"13,598.00","13,598.00","13,598.00","2,010.00","5,066.00","5,066.00","1,456.00",9.490,"68,446.00","68,945.00","68,945.00",0.00,"68,945.00",0.000,"13,531.00","13,531.00","10,883.00",817.00,"8,471.00",0.00,"1,595.00",187,850,"1,037","1,731",691,0,0,"60,129",64.4
강원도,평창군,대관령면,2030,"59,524.00","65,726.00","64,490.00",98.1,0.000,0.00,0.00,0.00,0.00,0.00,0.00,0.00,8.930,"57,493.00","63,695.00","63,695.00",0.00,"63,695.00",0.000,"2,031.00","2,031.00",795.00,0.00,795.00,0.00,0.00,0,694,600,"1,612",400,13,0,"49,912",77.4
강원도,정선군,소계,,"456,979.00","512,417.00","432,576.00",84.4,0.000,"32,889.00","32,889.00","32,889.00",0.00,"32,889.00",0.00,0.00,13.440,"214,340.00","232,467.00","193,237.00",0.00,"193,237.00",15.500,"209,750.00","247,061.00","206,450.00",0.00,"205,326.00",522.00,602.00,"1,706","3,104","3,027","32,635","7,030",142,262,0,0.0
강원도,정선군,정선읍,2030,"109,798.00","109,798.00","86,995.00",79.2,0.000,"6,918.00","6,918.00","6,918.00",0.00,"6,918.00",0.00,0.00,3.295,"64,799.00","64,799.00","45,296.00",0.00,"45,296.00",4.100,"38,081.00","38,081.00","34,781.00",0.00,"34,636.00",145.00,0.00,438,740,742,"7,680","1,200",22,20,0,0.0
강원도,정선군,고한읍,2030,"64,664.00","64,664.00","64,664.00",100.0,0.000,"7,214.00","7,214.00","7,214.00",0.00,"7,214.00",0.00,0.00,1.400,"27,425.00","27,425.00","27,425.00",0.00,"27,425.00",1.400,"30,025.00","30,025.00","30,025.00",0.00,"30,025.00",0.00,0.00,366,270,273,"4,900","1,000",35,51,0,0.0
강원도,정선군,사북읍,2030,"64,664.00","64,664.00","64,664.00",100.0,0.000,"7,214.00","7,214.00","7,214.00",0.00,"7,214.00",0.00,0.00,0.900,"27,425.00","27,425.00","27,425.00",0.00,"27,425.00",0.900,"30,025.00","30,025.00","30,025.00",0.00,"30,025.00",0.00,0.00,420,320,340,"4,700",980,35,50,0,0.0
강원도,정선군,신동읍,2030,"90,950.00","96,450.00","96,450.00",100.0,0.000,"11,543.00","11,543.00","11,543.00",0.00,"11,543.00",0.00,0.00,2.269,"39,596.00","45,096.00","45,096.00",0.00,"45,096.00",2.100,"39,811.00","39,811.00","39,811.00",0.00,"39,434.00",377.00,0.00,190,850,587,"3,300",760,50,81,0,0.0
강원도,정선군,남면,2030,"8,686.00","13,257.00","13,257.00",100.0,0.000,0.00,0.00,0.00,0.00,0.00,0.00,0.00,1.100,"5,081.00","7,180.00","7,180.00",0.00,"7,180.00",0.000,"3,605.00","6,077.00","6,077.00",0.00,"5,957.00",0.00,120.00,0,230,431,"2,720",600,0,0,0,0.0
강원도,정선군,북평면,2030,"61,890.00","61,890.00","8,686.00",14.0,0.000,0.00,0.00,0.00,0.00,0.00,0.00,0.00,1.561,"24,248.00","24,248.00","5,081.00",0.00,"5,081.00",3.400,"37,642.00","37,642.00","3,605.00",0.00,"3,245.00",0.00,360.00,0,306,300,"2,880",700,0,0,0,0.0
강원도,정선군,임계면,2030,"20,178.00","23,452.00","22,892.00",97.6,0.000,0.00,0.00,0.00,0.00,0.00,0.00,0.00,0.547,"9,573.00","9,573.00","9,013.00",0.00,"9,013.00",1.400,"10,605.00","13,879.00","13,879.00",0.00,"13,879.00",0.00,0.00,0,180,143,"2,300",690,0,40,0,0.0
강원도,정선군,화암면,2030,"13,257.00","54,790.00","54,790.00",100.0,0.000,0.00,0.00,0.00,0.00,0.00,0.00,0.00,0.463,"7,180.00","17,148.00","17,148.00",0.00,"17,148.00",1.100,"6,077.00","37,642.00","37,642.00",0.00,"37,642.00",0.00,0.00,0,60,67,"1,135",450,0,0,0,0.0
강원도,정선군,여량면,2030,"22,892.00","23,452.00","20,178.00",86.0,0.000,0.00,0.00,0.00,0.00,0.00,0.00,0.00,1.905,"9,013.00","9,573.00","9,573.00",0.00,"9,573.00",1.100,"13,879.00","13,879.00","10,605.00",0.00,"10,483.00",0.00,122.00,292,148,144,"3,020",650,0,20,0,0.0
강원도,철원군,소계,,"317,961.00","336,733.40","282,502.40",83.9,870.900,"100,375.00","103,200.40","92,113.40","19,996.00","18,753.40","53,364.00",0.00,70.100,"110,772.00","125,905.00","124,630.00",0.00,"124,630.00",68.100,"106,814.00","107,628.00","65,759.00","4,891.00","14,423.00","10,801.00","35,644.00",522,"3,605","2,267","22,303","10,953",16,46,"122,811",43.5
강원도,철원군,철원읍,2030,"44,080.00","50,367.40","41,314.40",82.0,99.000,"14,751.00","15,205.40","15,205.40","3,587.00","2,317.40","9,301.00",0.00,12.000,"12,248.00","18,081.00","18,081.00",0.00,"18,081.00",12.000,"17,081.00","17,081.00","8,028.00",330.00,"2,310.00",241.00,"5,147.00",84,520,340,"7,589","1,120",0,5,"16,098",39.0
강원도,철원군,김화읍,2030,"72,409.00","75,454.00","61,800.00",81.9,79.500,"24,990.00","27,361.00","27,361.00","6,081.00","6,108.00","15,172.00",0.00,10.000,"22,179.00","22,853.00","22,853.00",0.00,"22,853.00",10.000,"25,240.00","25,240.00","11,586.00",452.00,"1,231.00",562.00,"9,341.00",72,620,356,"2,487","2,354",3,10,"13,729",22.2
강원도,철원군,갈말읍,2030,"72,883.00","75,036.00","63,694.00",84.9,161.200,"19,917.00","19,917.00","15,432.00","3,238.00","3,238.00","8,956.00",0.00,14.000,"33,359.00","35,512.00","35,512.00",0.00,"35,512.00",12.000,"19,607.00","19,607.00","12,750.00",286.00,"3,647.00","2,523.00","6,294.00",84,917,543,"6,275","2,871",3,13,"37,233",58.5
강원도,철원군,동송읍,2030,"100,497.00","105,180.00","87,093.00",82.8,128.300,"37,895.00","37,895.00","31,927.00","6,453.00","6,453.00","19,021.00",0.00,16.000,"29,427.00","34,110.00","34,110.00",0.00,"34,110.00",16.000,"33,175.00","33,175.00","21,056.00",910.00,"1,801.00","4,987.00","13,358.00",79,942,591,"3,994","3,108",6,8,"45,733",52.5
강원도,철원군,서면,2030,"14,427.00","16,199.00","15,555.00",96.0,68.400,"1,936.00","1,936.00","1,478.00",423.00,423.00,632.00,0.00,12.000,"6,364.00","8,136.00","8,136.00",0.00,"8,136.00",12.000,"6,127.00","6,127.00","5,941.00","1,173.00","3,218.00",688.00,862.00,86,494,312,"1,037","1,298",4,6,"3,298",21.2
강원도,철원군,근남면,2030,"11,192.00","11,636.00","10,185.00",87.5,128.700,886.00,886.00,710.00,214.00,214.00,282.00,0.00,6.000,"6,206.00","6,206.00","4,931.00",0.00,"4,931.00",6.000,"4,100.00","4,544.00","4,544.00","1,068.00","2,216.00",618.00,642.00,98,112,107,837,202,0,3,"4,247",41.7
강원도,철원군,근북면,2030,"2,473.00","2,861.00","2,861.00",100.0,205.800,0.00,0.00,0.00,0.00,0.00,0.00,0.00,0.100,989.00,"1,007.00","1,007.00",0.00,"1,007.00",0.100,"1,484.00","1,854.00","1,854.00",672.00,0.00,"1,182.00",0.00,19,0,18,84,0,0,1,"2,473",86.4
강원도,철원군,근동면,,0.00,0.00,0.00,0.0,0.000,0.00,0.00,0.00,0.00,0.00,0.00,0.00,0.000,0.00,0.00,0.00,0.00,0.00,0.000,0.00,0.00,0.00,0.00,0.00,0.00,0.00,0,0,0,0,0,0,0,0,0.0
강원도,철원군,원동면,,0.00,0.00,0.00,0.0,0.000,0.00,0.00,0.00,0.00,0.00,0.00,0.00,0.000,0.00,0.00,0.00,0.00,0.00,0.000,0.00,0.00,0.00,0.00,0.00,0.00,0.00,0,0,0,0,0,0,0,0,0.0
강원도,철원군,원남면,,0.00,0.00,0.00,0.0,0.000,0.00,0.00,0.00,0.00,0.00,0.00,0.00,0.000,0.00,0.00,0.00,0.00,0.00,0.000,0.00,0.00,0.00,0.00,0.00,0.00,0.00,0,0,0,0,0,0,0,0,0.0
강원도,철원군,임남면,,0.00,0.00,0.00,0.0,0.000,0.00,0.00,0.00,0.00,0.00,0.00,0.00,0.000,0.00,0.00,0.00,0.00,0.00,0.000,0.00,0.00,0.00,0.00,0.00,0.00,0.00,0,0,0,0,0,0,0,0,0.0
강원도,화천군,소계,,"275,856.00","379,450.00","252,242.10",66.5,0.000,0.00,0.00,0.00,0.00,0.00,0.00,0.00,23.500,"275,856.00","275,856.00","148,648.10",0.00,"148,648.10",0.000,0.00,"103,594.00","103,594.00","9,554.00","48,478.00","11,211.00","34,351.00",0,"3,985","1,967","1,340","1,069",578,127,"171,673",68.1
강원도,화천군,화천읍,2025,"77,692.00","111,678.00","102,736.70",92.0,0.000,0.00,0.00,0.00,0.00,0.00,0.00,0.00,7.500,"77,692.00","77,692.00","68,750.70",0.00,"68,750.70",0.000,0.00,"33,986.00","33,986.00","4,664.00","23,320.00","2,309.00","3,693.00",0,"1,569",784,"1,208",604,578,26,"76,658",74.6
강원도,화천군,간동면,2025,"37,402.00","50,476.00","28,032.10",55.5,0.000,0.00,0.00,0.00,0.00,0.00,0.00,0.00,1.500,"37,402.00","37,402.00","14,958.10",0.00,"14,958.10",0.000,0.00,"13,074.00","13,074.00",233.00,"7,192.00","1,200.00","4,449.00",0,511,255,0,100,0,0,"15,156",54.1
강원도,화천군,하남면,2025,"24,933.00","32,657.00","14,016.10",42.9,0.000,0.00,0.00,0.00,0.00,0.00,0.00,0.00,1.900,"24,933.00","24,933.00","6,292.10",0.00,"6,292.10",0.000,0.00,"7,724.00","7,724.00","1,183.00","1,051.00","2,338.00","3,152.00",0,149,75,0,150,0,0,"7,526",53.7
강원도,화천군,상서면,2025,"53,223.00","74,339.00","53,728.60",72.3,0.000,0.00,0.00,0.00,0.00,0.00,0.00,0.00,4.800,"53,223.00","53,223.00","32,612.60",0.00,"32,612.60",0.000,0.00,"21,116.00","21,116.00",784.00,"7,392.00","1,748.00","11,192.00",0,863,433,2,150,0,47,"37,293",69.4
강원도,화천군,사내면,2025,"82,606.00","110,300.00","53,728.60",48.7,0.000,0.00,0.00,0.00,0.00,0.00,0.00,0.00,7.800,"82,606.00","82,606.00","26,034.60",0.00,"26,034.60",0.000,0.00,"27,694.00","27,694.00","2,690.00","9,523.00","3,616.00","11,865.00",0,893,420,130,65,0,54,"35,040",65.2
강원도,양구군,소계,,"499,095.50","499,095.50","457,939.90",91.8,0.000,0.00,0.00,0.00,0.00,0.00,0.00,0.00,16.600,"256,948.90","256,948.90","215,793.30",0.00,"215,793.30",16.600,"242,146.60","242,146.60","242,146.60","10,489.90","84,000.70","7,066.00","140,590.00",0,"4,981","1,462","3,715","1,779",6,33,"457,190",99.8
강원도,양구군,양구읍,2030,"190,109.20","190,109.20","182,228.80",95.9,0.000,0.00,0.00,0.00,0.00,0.00,0.00,0.00,6.900,"101,756.40","101,756.40","93,876.00",0.00,"93,876.00",6.900,"88,352.80","88,352.80","88,352.80","7,431.50","49,719.80","3,689.30","27,512.20",0,"2,110",920,"1,467","1,206",6,20,"182,228",100.0
강원도,양구군,남면,2030,"152,055.00","152,055.00","143,155.20",94.1,0.000,0.00,0.00,0.00,0.00,0.00,0.00,0.00,5.700,"73,850.80","73,850.80","64,951.00",0.00,"64,951.00",5.700,"78,204.20","78,204.20","78,204.20","1,201.90","16,284.30","2,681.20","58,036.80",0,"1,399",247,"1,124",421,0,13,"142,408",99.5
강원도,양구군,동면,2030,"89,139.80","89,139.80","70,130.70",78.7,0.000,0.00,0.00,0.00,0.00,0.00,0.00,0.00,2.100,"50,219.10","50,219.10","31,210.00",0.00,"31,210.00",2.100,"38,920.70","38,920.70","38,920.70","1,393.80","8,309.50",329.30,"28,888.10",0,879,126,617,98,0,0,"70,130",100.0
강원도,양구군,방산면,2030,"32,879.40","32,879.40","32,879.40",100.0,0.000,0.00,0.00,0.00,0.00,0.00,0.00,0.00,1.100,"11,233.00","11,233.00","11,233.00",0.00,"11,233.00",1.100,"21,646.40","21,646.40","21,646.40",253.40,"4,460.30",232.40,"16,700.30",0,361,68,280,33,0,0,"32,879",100.0
강원도,양구군,해안면,2030,"34,912.10","34,912.10","29,545.80",84.6,0.000,0.00,0.00,0.00,0.00,0.00,0.00,0.00,0.800,"19,889.60","19,889.60","14,523.30",0.00,"14,523.30",0.800,"15,022.50","15,022.50","15,022.50",209.30,"5,226.80",133.80,"9,452.60",0,232,101,227,21,0,0,"29,545",100.0
강원도,인제군,소계,,"326,025.00","326,111.00","269,725.70",82.7,0.000,0.00,0.00,0.00,0.00,0.00,0.00,0.00,16.200,"224,931.00","224,931.00","171,237.70",0.00,"171,237.70",14.600,"101,094.00","101,180.00","98,488.00",0.00,"76,218.00",0.00,"22,270.00",0,"2,246","1,247","4,564","4,939",0,118,"89,384",33.1
강원도,인제군,인제읍,2030,"80,139.00","80,139.00","74,647.00",93.1,0.000,0.00,0.00,0.00,0.00,0.00,0.00,0.00,2.700,"48,564.00","48,564.00","44,973.00",0.00,"44,973.00",2.700,"31,575.00","31,575.00","29,674.00",0.00,"28,764.00",0.00,910.00,0,797,494,"1,393","1,497",0,17,"22,659",30.4
강원도,인제군,남면,2030,"45,169.00","45,169.00","28,252.20",62.5,0.000,0.00,0.00,0.00,0.00,0.00,0.00,0.00,1.700,"30,424.00","30,424.00","13,508.20",0.00,"13,508.20",1.700,"14,745.00","14,745.00","14,744.00",0.00,"9,564.00",0.00,"5,180.00",0,224,163,546,737,0,24,"9,568",33.9
강원도,인제군,북면,2030,"97,425.00","97,469.00","77,052.50",79.1,0.000,0.00,0.00,0.00,0.00,0.00,0.00,0.00,4.900,"76,375.00","76,375.00","55,958.50",0.00,"55,958.50",3.500,"21,050.00","21,094.00","21,094.00",0.00,"19,774.00",0.00,"1,320.00",0,555,344,"1,271","1,055",0,14,"31,944",41.5
강원도,인제군,기린면,2030,"42,147.00","42,147.00","35,125.00",83.3,0.000,0.00,0.00,0.00,0.00,0.00,0.00,0.00,2.300,"27,731.00","27,731.00","21,201.00",0.00,"21,201.00",2.200,"14,416.00","14,416.00","13,924.00",0.00,"9,034.00",0.00,"4,890.00",0,333,117,613,698,0,26,"12,587",35.8
강원도,인제군,서화면,2030,"37,154.00","37,154.00","35,501.00",95.6,0.000,0.00,0.00,0.00,0.00,0.00,0.00,0.00,2.400,"21,846.00","21,846.00","20,491.00",0.00,"20,491.00",2.300,"15,308.00","15,308.00","15,010.00",0.00,"6,770.00",0.00,"8,240.00",0,244,95,523,750,0,22,"12,626",35.6
강원도,인제군,상남면,2030,"23,991.00","24,033.00","19,148.00",79.7,0.000,0.00,0.00,0.00,0.00,0.00,0.00,0.00,2.200,"19,991.00","19,991.00","15,106.00",0.00,"15,106.00",2.200,"4,000.00","4,042.00","4,042.00",0.00,"2,312.00",0.00,"1,730.00",0,93,34,218,202,0,15,0,0.0
강원도,고성군,소계,,"423,362.00","423,473.00","310,231.00",73.3,5.900,"65,165.00","65,233.00","54,874.00","10,617.00","6,924.00","14,400.00","22,933.00",15.946,"331,966.00","331,966.00","238,003.00","238,003.00",0.00,14.500,"26,231.00","26,274.00","17,354.00","6,889.00","1,854.00",0.00,"8,611.00","3,264","4,904",516,"10,210","6,654",22,11,0,0.0
강원도,고성군,간성읍,2030,"82,440.00","82,440.00","59,492.00",72.2,0.900,"20,419.00","20,419.00","19,743.00","1,657.00","4,313.00","2,930.00","10,843.00",2.091,"59,423.00","59,423.00","39,503.00","39,503.00",0.00,2.000,"2,598.00","2,598.00",246.00,0.00,12.00,0.00,234.00,770,772,136,"2,259","1,366",0,0,0,0.0
강원도,고성군,거진읍,2030,"95,846.00","95,889.00","74,704.00",77.9,1.800,"19,110.00","19,110.00","9,427.00",533.00,0.00,"5,169.00","3,725.00",3.558,"62,364.00","62,364.00","50,862.00","50,862.00",0.00,3.500,"14,372.00","14,415.00","14,415.00","4,316.00","1,842.00",0.00,"8,257.00",342,567,116,"2,440","1,477",1,0,0,0.0
강원도,고성군,현내면,2030,"46,049.00","46,063.00","44,267.00",96.1,0.600,"6,934.00","6,948.00","6,948.00","2,585.00",911.00,"2,017.00","1,435.00",1.805,"37,823.00","37,823.00","37,319.00","37,319.00",0.00,1.100,"1,292.00","1,292.00",0.00,0.00,0.00,0.00,0.00,725,719,64,"1,207",633,7,0,0,0.0
강원도,고성군,죽왕면,2030,"80,068.00","80,068.00","64,266.00",80.3,1.200,"11,406.00","11,406.00","11,406.00","3,033.00",852.00,"2,100.00","5,421.00",2.059,"64,664.00","64,664.00","50,833.00","50,833.00",0.00,1.800,"3,998.00","3,998.00","2,027.00","1,907.00",0.00,0.00,120.00,773,808,68,"1,149",831,0,0,0,0.0
강원도,고성군,토성면,2030,"118,959.00","119,013.00","67,502.00",56.7,1.400,"7,296.00","7,350.00","7,350.00","2,809.00",848.00,"2,184.00","1,509.00",6.433,"107,692.00","107,692.00","59,486.00","59,486.00",0.00,6.100,"3,971.00","3,971.00",666.00,666.00,0.00,0.00,0.00,654,"2,038",132,"3,155","2,347",14,11,0,0.0
강원도,고성군,수동면,2030,0.00,0.00,0.00,0.0,0.000,0.00,0.00,0.00,0.00,0.00,0.00,0.00,0.000,0.00,0.00,0.00,0.00,0.00,0.000,0.00,0.00,0.00,0.00,0.00,0.00,0.00,0,0,0,0,0,0,0,0,0.0
강원도,양양군,소계,,"232,824.00","384,336.48","382,933.47",99.6,0.000,0.00,0.00,0.00,0.00,0.00,0.00,0.00,3.600,"128,154.00","202,916.65","201,513.64",0.00,"201,513.64",3.000,"104,670.00","181,419.83","181,419.83","15,489.77","73,643.69",176.00,"92,110.37",0,"2,459","3,531","15,617","3,835",0,246,"274,106",71.6
강원도,양양군,양양읍,2030,"130,190.00","180,405.80","180,405.80",100.0,0.000,0.00,0.00,0.00,0.00,0.00,0.00,0.00,1.500,"69,189.00","93,249.13","93,249.13",0.00,"93,249.13",1.300,"61,001.00","87,156.67","87,156.67","8,937.46","41,598.46",0.00,"36,620.75",0,"1,072","1,609","10,523","1,743",0,79,"114,059",63.2
강원도,양양군,서면,2030,"7,162.00","18,011.83","18,011.83",100.0,0.000,0.00,0.00,0.00,0.00,0.00,0.00,0.00,0.300,"5,758.00","8,013.96","8,013.96",0.00,"8,013.96",0.200,"1,404.00","9,997.87","9,997.87",581.35,"4,423.53",0.00,"4,992.99",0,195,130,442,278,0,29,"17,091",94.9
강원도,양양군,손양면,2030,"9,944.00","12,727.34","11,324.33",89.0,0.000,0.00,0.00,0.00,0.00,0.00,0.00,0.00,0.300,"9,125.00","9,125.00","7,721.99",0.00,"7,721.99",0.200,819.00,"3,602.34","3,602.34",353.82,727.59,176.00,"2,344.93",0,22,34,243,72,0,5,"3,958",35.0
강원도,양양군,현북면,2030,"1,282.00","50,238.84","50,238.84",100.0,0.000,0.00,0.00,0.00,0.00,0.00,0.00,0.00,0.400,560.00,"27,731.08","27,731.08",0.00,"27,731.08",0.300,722.00,"22,507.76","22,507.76","2,296.34","7,866.47",0.00,"12,344.95",0,399,600,"1,333",565,0,49,"38,205",76.0
강원도,양양군,현남면,2030,"33,035.00","53,311.39","53,311.39",100.0,0.000,0.00,0.00,0.00,0.00,0.00,0.00,0.00,0.400,"14,336.00","30,616.96","30,616.96",0.00,"30,616.96",0.400,"18,699.00","22,694.43","22,694.43","1,473.25","9,913.53",0.00,"11,307.65",0,365,548,"1,595",468,0,43,"43,739",82.0
강원도,양양군,강현면,2030,"51,211.00","69,641.28","69,641.28",100.0,0.000,0.00,0.00,0.00,0.00,0.00,0.00,0.00,0.700,"29,186.00","34,180.52","34,180.52",0.00,"34,180.52",0.600,"22,025.00","35,460.76","35,460.76","1,847.55","9,114.11",0.00,"24,499.10",0,406,610,"1,481",709,0,41,"57,054",81.9
충청북도,,합계,,"7,612,886.55","8,540,509.60","7,090,608.49",83.0,60.615,"780,830.00","1,093,560.00","1,089,654.00","130,811.00","917,952.00","4,923.00","35,968.00",252.590,"4,538,924.72","4,741,000.77","3,498,138.66","126,527.00","3,371,611.66",843.790,"2,293,131.83","2,705,948.83","2,502,815.83","368,424.83","1,548,860.09","107,492.99","478,037.92","26,081","67,481","22,801","123,161","65,305",492,"66,554","6,169,670",87.0
충청북도,시부,합계,,"4,527,786.82","5,038,974.82","4,110,657.21",81.6,0.000,"713,576.00","997,346.00","997,131.00","127,568.00","860,599.00","2,349.00","6,615.00",110.310,"2,590,402.99","2,666,620.99","1,795,484.38","1,306.00","1,794,178.38",159.820,"1,223,807.83","1,375,007.83","1,318,041.83","180,994.83","961,959.09","23,625.99","151,461.92","12,953","24,526","10,429","64,936","52,959",395,"65,768","3,894,981",94.8
충청북도,청주시,소계,,"2,665,666.00","2,669,415.00","2,080,970.00",78.0,0.000,"713,576.00","713,955.00","713,740.00","126,740.00","578,036.00","2,349.00","6,615.00",0.000,"1,327,178.00","1,330,204.00","741,974.00","1,306.00","740,668.00",0.000,"624,912.00","625,256.00","625,256.00","135,377.00","452,450.00",170.00,"37,259.00","10,275","13,370","10,429","44,335","52,959",267,"65,280","1,877,302",90.2
충청북도,청주시,낭성면,2035,"9,610.00","9,610.00",0.00,0.0,0.000,0.00,0.00,0.00,0.00,0.00,0.00,0.00,0.000,"9,610.00","9,610.00",0.00,0.00,0.00,0.000,0.00,0.00,0.00,0.00,0.00,0.00,0.00,0,0,0,0,0,0,0,0,0.0
충청북도,청주시,미원면,2035,"48,984.00","48,984.00","35,297.00",72.1,0.000,0.00,0.00,0.00,0.00,0.00,0.00,0.00,0.000,"38,698.00","38,698.00","25,011.00",0.00,"25,011.00",0.000,"10,286.00","10,286.00","10,286.00",578.00,"2,628.00",0.00,"7,080.00",0,417,172,"1,160",89,0,"1,246","28,480",80.7
충청북도,청주시,가덕면,2035,"104,905.00","104,905.00","23,146.00",22.1,0.000,0.00,0.00,0.00,0.00,0.00,0.00,0.00,0.000,"81,759.00","81,759.00",0.00,0.00,0.00,0.000,"23,146.00","23,146.00","23,146.00",775.00,"13,810.00",0.00,"8,561.00",0,0,386,0,819,0,817,"19,049",82.3
충청북도,청주시,남일면,2035,"45,042.00","45,042.00","44,469.00",98.7,0.000,0.00,0.00,0.00,0.00,0.00,0.00,0.00,0.000,"24,128.00","24,128.00","23,555.00",0.00,"23,555.00",0.000,"20,914.00","20,914.00","20,914.00",82.00,"16,921.00",0.00,"3,911.00",0,2,349,901,745,0,743,"23,043",51.8
충청북도,청주시,문의면,2035,"85,552.00","85,552.00","66,046.00",77.2,0.000,0.00,0.00,0.00,0.00,0.00,0.00,0.00,0.000,"78,728.00","78,728.00","59,222.00",0.00,"59,222.00",0.000,"6,824.00","6,824.00","6,824.00",892.00,"5,932.00",0.00,0.00,0,985,114,"1,923",410,0,"2,327","28,752",43.5
충청북도,청주시,중앙동,2035,"94,008.00","94,008.00","91,541.00",97.4,0.000,"34,047.00","34,047.00","34,047.00","6,744.00","25,814.00",410.00,"1,079.00",0.000,"34,222.00","34,222.00","31,755.00",101.00,"31,654.00",0.000,"25,739.00","25,739.00","25,739.00","2,197.00","23,462.00",22.00,58.00,568,738,426,458,"2,689",15,"2,682","91,541",100.0
충청북도,청주시,성안동,2035,"104,018.00","104,018.00","77,703.00",74.7,0.000,"33,645.00","33,645.00","33,645.00","4,848.00","27,586.00",327.00,884.00,0.000,"43,802.00","43,802.00","17,487.00",72.00,"17,415.00",0.000,"26,571.00","26,571.00","26,571.00","1,434.00","25,073.00",17.00,47.00,561,292,443,0,"2,750",15,"2,742","77,703",100.0
충청북도,청주시,탑대성동,2035,"47,495.00","47,495.00","44,211.00",93.1,0.000,"18,008.00","18,008.00","18,008.00","1,028.00","16,798.00",49.00,133.00,0.000,"13,903.00","13,903.00","10,619.00",15.00,"10,604.00",0.000,"15,584.00","15,584.00","15,584.00",306.00,"15,268.00",0.00,10.00,300,177,260,425,"1,565",6,"1,560","44,211",100.0
충청북도,청주시,영운동,2035,"59,101.00","59,101.00","51,126.00",86.5,0.000,"20,862.00","20,862.00","20,862.00","1,255.00","19,387.00",59.00,161.00,0.000,"20,233.00","20,233.00","12,258.00",19.00,"12,239.00",0.000,"18,006.00","18,006.00","18,006.00",373.00,"17,621.00",0.00,12.00,348,205,300,0,"1,809",10,"1,804","51,126",100.0
충청북도,청주시,금천동,2035,"84,016.00","84,016.00","65,740.00",78.2,0.000,"27,134.00","27,134.00","27,134.00","2,352.00","24,582.00",54.00,146.00,0.000,"33,829.00","33,829.00","15,553.00",35.00,"15,518.00",0.000,"23,053.00","23,053.00","23,053.00",700.00,"22,342.00",0.00,11.00,453,259,384,402,"2,326",12,"2,320","65,740",100.0
충청북도,청주시,용담·명암·산성동,2035,"26,944.00","27,042.00","25,525.00",94.4,0.000,"11,931.00","12,029.00","12,029.00",513.00,"11,411.00",28.00,77.00,0.000,"6,988.00","6,988.00","5,471.00",8.00,"5,463.00",0.000,"8,025.00","8,025.00","8,025.00",153.00,"7,866.00",0.00,6.00,155,91,134,"1,392",806,6,804,"20,926",82.0
충청북도,청주시,용암1동,2035,"24,795.00","24,795.00","21,979.00",88.6,0.000,"13,308.00","13,308.00","13,308.00",727.00,"12,581.00",0.00,0.00,0.000,"6,288.00","6,288.00","3,472.00",11.00,"3,461.00",0.000,"5,199.00","5,199.00","5,199.00",216.00,"4,983.00",0.00,0.00,103,58,87,"2,244",527,5,525,"21,819",99.3
충청북도,청주시,용암2동,2035,"66,715.00","66,715.00","48,824.00",73.2,0.000,"25,788.00","25,788.00","25,788.00","3,732.00","21,328.00",197.00,531.00,0.000,"26,895.00","26,895.00","9,004.00",56.00,"8,948.00",0.000,"14,032.00","14,032.00","14,032.00","1,111.00","12,883.00",10.00,28.00,311,150,234,"1,481","1,475",9,"1,471","43,796",89.7
충청북도,청주시,남이면,2035,"46,682.00","46,682.00","43,777.00",93.8,0.000,0.00,0.00,0.00,0.00,0.00,0.00,0.00,0.000,"40,329.00","40,329.00","37,424.00",0.00,"37,424.00",0.000,"6,353.00","6,353.00","6,353.00",226.00,"5,159.00",0.00,968.00,0,864,107,"1,102",0,0,220,"32,138",73.4
충청북도,청주시,현도면,2035,"10,688.00","10,688.00","2,301.00",21.5,0.000,0.00,0.00,0.00,0.00,0.00,0.00,0.00,0.000,"10,688.00","10,688.00","2,301.00",0.00,"2,301.00",0.000,0.00,0.00,0.00,0.00,0.00,0.00,0.00,0,38,0,57,24,0,81,0,0.0
충청북도,청주시,사직1동,2035,"93,307.00","93,307.00","72,007.00",77.2,0.000,"31,685.00","31,685.00","31,685.00","5,933.00","25,659.00",25.00,68.00,0.000,"37,536.00","37,536.00","16,236.00",38.00,"16,198.00",0.000,"24,086.00","24,086.00","24,086.00",760.00,"23,321.00",0.00,5.00,471,271,402,0,"2,429",10,"2,422","72,007",100.0
충청북도,청주시,사직2동,2035,"52,067.00","52,067.00","40,503.00",77.8,0.000,"18,456.00","18,456.00","18,456.00","4,397.00","13,939.00",32.00,88.00,0.000,"20,391.00","20,391.00","8,827.00",27.00,"8,800.00",0.000,"13,220.00","13,220.00","13,220.00",545.00,"12,669.00",0.00,6.00,265,147,221,0,"1,343",6,"1,339","40,503",100.0
충청북도,청주시,사창동,2035,"79,108.00","79,108.00","62,956.00",79.6,0.000,"25,631.00","25,631.00","25,631.00","1,473.00","24,136.00",6.00,16.00,0.000,"31,284.00","31,284.00","15,132.00",22.00,"15,110.00",0.000,"22,193.00","22,193.00","22,193.00",438.00,"21,754.00",0.00,1.00,433,252,370,75,"2,221",9,"2,215","62,956",100.0
충청북도,청주시,모충동,2035,"107,763.00","107,763.00","89,503.00",83.1,0.000,"40,610.00","40,610.00","40,610.00","9,807.00","30,744.00",16.00,43.00,0.000,"37,742.00","37,742.00","19,482.00",74.00,"19,408.00",0.000,"29,411.00","29,411.00","29,411.00","1,465.00","27,943.00",0.00,3.00,596,325,492,480,"2,198",12,"2,987","89,503",100.0
충청북도,청주시,산남동,2035,"37,502.00","37,502.00","32,839.00",87.6,0.000,"13,860.00","13,860.00","13,860.00","1,886.00","11,939.00",9.00,26.00,0.000,"12,228.00","12,228.00","7,565.00",28.00,"7,537.00",0.000,"11,414.00","11,414.00","11,414.00",561.00,"10,851.00",0.00,2.00,232,126,190,"1,915","1,162",5,"1,159","32,839",100.0
충청북도,청주시,분평동,2035,"79,729.00","79,729.00","46,011.00",57.7,0.000,"25,013.00","25,013.00","24,913.00","1,525.00","23,388.00",0.00,0.00,0.000,"42,093.00","42,093.00","8,475.00",23.00,"8,452.00",0.000,"12,623.00","12,623.00","12,623.00",454.00,"12,169.00",0.00,0.00,252,141,211,827,"1,012",5,"1,271","37,867",82.3
충청북도,청주시,수곡1동,2035,"89,970.00","89,985.00","76,143.00",84.6,0.000,"36,848.00","36,848.00","36,733.00","12,005.00","24,629.00",27.00,72.00,0.000,"29,345.00","29,345.00","15,618.00",70.00,"15,548.00",0.000,"23,777.00","23,792.00","23,792.00","1,387.00","22,400.00",0.00,5.00,494,261,396,799,"1,945",10,"2,428","76,128",100.0
충청북도,청주시,수곡2동,2035,"4,189.00","4,189.00","4,189.00",100.0,0.000,"2,310.00","2,310.00","2,310.00","1,368.00",942.00,0.00,0.00,0.000,616.00,616.00,616.00,21.00,595.00,0.000,"1,263.00","1,263.00","1,263.00",407.00,856.00,0.00,0.00,39,10,21,464,148,1,148,"4,189",100.0
충청북도,청주시,성화·개신·죽림동,2035,"69,379.00","69,379.00","52,034.00",75.0,0.000,"24,112.00","24,112.00","24,112.00","5,522.00","18,506.00",23.00,61.00,0.000,"28,164.00","28,164.00","10,819.00",84.00,"10,735.00",0.000,"17,103.00","17,103.00","17,103.00","1,643.00","15,456.00",0.00,4.00,378,180,285,"1,720","1,788",7,"1,784","45,750",87.9
충청북도,청주시,오송읍,2035,"30,939.00","30,939.00","27,956.00",90.4,0.000,0.00,0.00,0.00,0.00,0.00,0.00,0.00,0.000,"23,377.00","23,377.00","20,394.00",0.00,"20,394.00",0.000,"7,562.00","7,562.00","7,562.00",337.00,"5,546.00",0.00,"1,679.00",0,340,126,"1,591",0,0,987,"23,007",82.3
충청북도,청주시,강내면,2035,"60,776.00","60,776.00","50,069.00",82.4,0.000,0.00,0.00,0.00,0.00,0.00,0.00,0.00,0.000,"46,086.00","46,086.00","35,379.00",0.00,"35,379.00",0.000,"14,690.00","14,690.00","14,690.00",857.00,"9,462.00",0.00,"4,371.00",0,644,245,"2,630",0,0,"1,605","43,613",87.1
충청북도,청주시,옥산면,2035,"43,707.00","43,707.00","35,130.00",80.4,0.000,396.00,396.00,396.00,396.00,0.00,0.00,0.00,0.000,"36,467.00","36,467.00","27,890.00",0.00,"27,890.00",0.000,"6,844.00","6,844.00","6,844.00",594.00,"4,904.00",0.00,"1,346.00",0,465,114,911,318,0,"1,226","28,286",80.5
충청북도,청주시,운천·신봉동,2035,"54,143.00","54,143.00","46,260.00",85.4,0.000,"23,929.00","23,929.00","23,929.00","9,644.00","14,061.00",60.00,164.00,0.000,"16,645.00","16,645.00","8,762.00",51.00,"8,711.00",0.000,"13,569.00","13,569.00","13,569.00","1,015.00","12,542.00",0.00,12.00,291,146,226,569,"1,407",8,"1,403","39,071",84.5
충청북도,청주시,복대1동,2035,"72,491.00","72,491.00","57,997.00",80.0,0.000,"27,586.00","27,586.00","27,586.00","1,695.00","25,886.00",0.00,5.00,0.000,"26,767.00","26,767.00","12,273.00",25.00,"12,248.00",0.000,"18,138.00","18,138.00","18,138.00",504.00,"17,634.00",0.00,0.00,352,205,302,742,"1,823",10,"1,818","57,997",100.0
충청북도,청주시,복대2동,2035,"32,219.00","32,219.00","26,033.00",80.8,0.000,"13,256.00","13,256.00","13,256.00","3,237.00","10,019.00",0.00,0.00,0.000,"11,057.00","11,057.00","4,871.00",49.00,"4,822.00",0.000,"7,906.00","7,906.00","7,906.00",963.00,"6,943.00",0.00,0.00,181,81,132,642,837,6,835,"26,033",100.0
충청북도,청주시,가경동,2035,"7,824.00","7,824.00","5,437.00",69.5,0.000,"4,025.00","4,025.00","4,025.00",922.00,"3,103.00",0.00,0.00,0.000,"2,862.00","2,862.00",475.00,14.00,461.00,0.000,937.00,937.00,937.00,274.00,663.00,0.00,0.00,27,8,16,"2,335",108,4,108,"5,437",100.0
충청북도,청주시,봉명1동,2035,"61,566.00","61,566.00","59,624.00",96.8,0.000,"24,382.00","24,382.00","24,382.00","1,811.00","22,512.00",16.00,43.00,0.000,"16,181.00","16,181.00","14,239.00",27.00,"14,212.00",0.000,"21,003.00","21,003.00","21,003.00",539.00,"20,461.00",0.00,3.00,407,237,350,0,"2,110",11,"2,104","59,624",100.0
충청북도,청주시,봉명2·송정동,2035,"23,960.00","23,960.00","23,960.00",100.0,0.000,"11,223.00","11,223.00","11,223.00","3,671.00","7,524.00",8.00,20.00,0.000,"4,805.00","4,805.00","4,805.00",55.00,"4,750.00",0.000,"7,932.00","7,932.00","7,932.00","1,093.00","6,838.00",0.00,1.00,188,80,132,"1,552",848,5,846,"23,960",100.0
충청북도,청주시,강서1동,2035,"98,465.00","98,465.00","61,047.00",62.0,0.000,"33,628.00","33,628.00","33,628.00","6,590.00","26,496.00",146.00,396.00,0.000,"47,898.00","47,898.00","10,480.00",99.00,"10,381.00",0.000,"16,939.00","16,939.00","16,939.00","1,964.00","14,946.00",0.00,29.00,393,175,282,"1,604","1,805",9,"1,800","50,241",82.3
충청북도,청주시,강서2동,2035,"64,080.00","64,080.00","39,247.00",61.2,0.000,"25,773.00","25,773.00","25,773.00","17,256.00","8,394.00",33.00,90.00,0.000,"30,083.00","30,083.00","5,250.00",36.00,"5,214.00",0.000,"8,224.00","8,224.00","8,224.00",711.00,"7,507.00",0.00,6.00,180,87,137,191,858,3,856,"24,300",61.9
충청북도,청주시,내수읍,2035,"74,071.00","77,378.00","77,378.00",100.0,0.000,0.00,281.00,281.00,0.00,0.00,0.00,281.00,0.000,"55,375.00","58,401.00","58,401.00",0.00,"58,401.00",0.000,"18,696.00","18,696.00","18,696.00","1,892.00","11,619.00",0.00,"5,185.00",0,"1,043",314,"3,792",0,0,"2,572","64,039",82.8
충청북도,청주시,오창읍,2035,"74,131.00","74,249.00","69,645.00",93.8,0.000,0.00,0.00,0.00,0.00,0.00,0.00,0.00,0.000,"64,226.00","64,226.00","59,622.00",0.00,"59,622.00",0.000,"9,905.00","10,023.00","10,023.00",479.00,"5,676.00",78.00,"3,790.00",0,994,165,"1,429","1,062",0,"2,443","57,220",82.2
충청북도,청주시,북이면,2035,"57,984.00","57,984.00","8,661.00",14.9,0.000,0.00,0.00,0.00,0.00,0.00,0.00,0.00,0.000,"57,204.00","57,204.00","7,881.00",0.00,"7,881.00",0.000,780.00,780.00,780.00,0.00,780.00,0.00,0.00,0,39,13,285,0,0,111,"5,528",63.8
충청북도,청주시,우암동,2035,"116,305.00","116,305.00","112,645.00",96.9,0.000,"36,554.00","36,554.00","36,554.00","5,412.00","30,870.00",73.00,199.00,0.000,"50,069.00","50,069.00","46,409.00",81.00,"46,328.00",0.000,"29,682.00","29,682.00","29,682.00","28,057.00","1,611.00",4.00,10.00,610,"1,329",495,"3,531","3,036",16,"3,028","112,645",100.0
충청북도,청주시,내덕1동,2035,"90,527.00","90,527.00","89,711.00",99.1,0.000,"36,174.00","36,174.00","36,174.00","4,230.00","30,840.00",298.00,806.00,0.000,"26,449.00","26,449.00","25,633.00",63.00,"25,570.00",0.000,"27,904.00","27,904.00","27,904.00","26,585.00","1,259.00",16.00,44.00,577,614,465,"1,276","2,867",16,"2,859","89,711",100.0
충청북도,청주시,내덕2동,2035,"84,973.00","84,973.00","84,157.00",99.0,0.000,"32,933.00","32,933.00","32,933.00","3,842.00","28,611.00",130.00,350.00,0.000,"25,218.00","25,218.00","24,402.00",58.00,"24,344.00",0.000,"26,822.00","26,822.00","26,822.00","25,654.00","1,143.00",7.00,18.00,543,579,447,"1,353","2,734",15,"2,726","84,157",100.0
충청북도,청주시,율량·사천동,2035,"84,187.00","84,398.00","65,076.00",77.1,0.000,"30,867.00","30,867.00","30,867.00","2,367.00","27,336.00",314.00,850.00,0.000,"32,965.00","32,965.00","13,643.00",36.00,"13,607.00",0.000,"20,355.00","20,566.00","20,566.00","19,590.00",915.00,16.00,45.00,419,227,345,"1,967","2,091",14,"2,085","53,383",82.0
충청북도,청주시,오근장동,2035,"61,749.00","61,749.00","23,067.00",37.4,0.000,"9,602.00","9,602.00","9,602.00",552.00,"9,015.00",9.00,26.00,0.000,"43,945.00","43,945.00","5,263.00",8.00,"5,255.00",0.000,"8,202.00","8,202.00","8,202.00","7,566.00",634.00,0.00,2.00,148,88,139,110,775,7,773,"18,984",82.3
충청북도,충주시,소계,,"1,360,470.82","1,360,470.82","1,188,994.21",87.4,0.000,0.00,0.00,0.00,0.00,0.00,0.00,0.00,69.410,"820,904.99","820,904.99","649,428.38",0.00,"649,428.38",156.350,"539,565.83","539,565.83","539,565.83","45,575.83","356,373.09","23,413.99","114,202.92",0,"9,458",0,"14,804",0,110,434,"1,176,986",99.0
충청북도,충주시,주덕읍,2035,"81,751.51","81,751.51","67,157.50",82.1,0.000,0.00,0.00,0.00,0.00,0.00,0.00,0.00,5.450,"55,749.00","55,749.00","41,154.99",0.00,"41,154.99",14.600,"26,002.51","26,002.51","26,002.51","2,168.26","11,511.72","4,297.46","8,025.07",0,273,0,255,0,0,0,"67,157",100.0
충청북도,충주시,살미면,2035,"20,033.70","20,033.70","17,441.72",87.1,0.000,0.00,0.00,0.00,0.00,0.00,0.00,0.00,1.470,"20,033.70","20,033.70","17,441.72",0.00,"17,441.72",0.000,0.00,0.00,0.00,0.00,0.00,0.00,0.00,0,0,0,0,0,0,0,"17,441",100.0
충청북도,충주시,수안보면,2035,"86,201.31","86,201.31","83,893.31",97.3,0.000,0.00,0.00,0.00,0.00,0.00,0.00,0.00,3.210,"56,414.80","56,414.80","54,106.80",0.00,"54,106.80",14.660,"29,786.51","29,786.51","29,786.51","1,214.30","9,494.81","6,396.95","12,680.45",0,572,0,15,0,5,0,"71,897",85.7
충청북도,충주시,대소원면,2035,"54,089.60","54,089.60","53,192.60",98.3,0.000,0.00,0.00,0.00,0.00,0.00,0.00,0.00,5.750,"31,217.30","31,217.30","30,320.30",0.00,"30,320.30",15.350,"22,872.30","22,872.30","22,872.30","2,326.97","12,857.91","2,737.97","4,949.45",0,0,0,0,0,0,0,"53,192",100.0
충청북도,충주시,신니면,2035,"58,506.96","58,506.96","32,793.85",56.1,0.000,0.00,0.00,0.00,0.00,0.00,0.00,0.00,4.550,"46,068.70","46,068.70","20,355.59",0.00,"20,355.59",7.830,"12,438.26","12,438.26","12,438.26",922.50,"4,245.53","3,566.57","3,703.66",0,0,0,0,0,0,0,"32,793",100.0
충청북도,충주시,노은면,2035,"22,188.90","22,188.90","9,061.95",40.8,0.000,0.00,0.00,0.00,0.00,0.00,0.00,0.00,1.490,"22,188.90","22,188.90","9,061.95",0.00,"9,061.95",0.000,0.00,0.00,0.00,0.00,0.00,0.00,0.00,0,0,0,0,0,0,0,"9,061",100.0
충청북도,충주시,앙성면,2035,"68,045.70","68,045.70","43,103.51",63.3,0.000,0.00,0.00,0.00,0.00,0.00,0.00,0.00,3.390,"49,551.90","49,551.90","24,609.71",0.00,"24,609.71",24.500,"18,493.80","18,493.80","18,493.80","2,291.74","8,007.44","4,954.53","3,240.09",0,138,0,282,0,0,0,"43,103",100.0
충청북도,충주시,중앙탑면,2035,"28,806.90","28,806.90","19,296.81",67.0,0.000,0.00,0.00,0.00,0.00,0.00,0.00,0.00,2.760,"28,806.90","28,806.90","19,296.81",0.00,"19,296.81",0.000,0.00,0.00,0.00,0.00,0.00,0.00,0.00,0,0,0,0,0,0,0,"19,296",100.0
충청북도,충주시,금가면,2035,"25,902.50","25,902.50","16,184.37",62.5,0.000,0.00,0.00,0.00,0.00,0.00,0.00,0.00,2.090,"25,902.50","25,902.50","16,184.37",0.00,"16,184.37",0.000,0.00,0.00,0.00,0.00,0.00,0.00,0.00,0,0,0,0,0,0,0,"16,184",100.0
충청북도,충주시,동량면,2035,"45,244.80","45,244.80","28,004.83",61.9,0.000,0.00,0.00,0.00,0.00,0.00,0.00,0.00,6.240,"45,244.80","45,244.80","28,004.83",0.00,"28,004.83",18.920,0.00,0.00,0.00,0.00,0.00,0.00,0.00,0,"1,219",0,"1,073",0,0,0,"28,004",100.0
충청북도,충주시,산척면,2035,"14,903.80","14,903.80","3,567.72",23.9,0.000,0.00,0.00,0.00,0.00,0.00,0.00,0.00,1.180,"14,903.80","14,903.80","3,567.72",0.00,"3,567.72",0.000,0.00,0.00,0.00,0.00,0.00,0.00,0.00,0,0,0,0,0,0,0,"3,567",100.0
충청북도,충주시,엄정면,2035,"13,434.05","13,434.05","13,434.05",100.0,0.000,0.00,0.00,0.00,0.00,0.00,0.00,0.00,1.260,"13,434.05","13,434.05","13,434.05",0.00,"13,434.05",0.000,0.00,0.00,0.00,0.00,0.00,0.00,0.00,0,0,0,0,0,0,0,"13,434",100.0
충청북도,충주시,소태면,2035,"22,989.80","22,989.80","16,687.71",72.6,0.000,0.00,0.00,0.00,0.00,0.00,0.00,0.00,2.220,"22,989.80","22,989.80","16,687.71",0.00,"16,687.71",0.000,0.00,0.00,0.00,0.00,0.00,0.00,0.00,0,0,0,0,0,0,0,"16,687",100.0
충청북도,충주시,성내·충인동,2035,"35,388.43","35,388.43","35,388.43",100.0,0.000,0.00,0.00,0.00,0.00,0.00,0.00,0.00,0.500,"13,740.76","13,740.76","13,740.76",0.00,"13,740.76",16.390,"21,647.67","21,647.67","21,647.67",380.80,"6,192.76",0.00,"15,074.11",0,"7,256",0,"13,179",0,105,434,"35,388",100.0
충청북도,충주시,교현·안림동,2035,"162,852.08","162,852.08","162,852.08",100.0,0.000,0.00,0.00,0.00,0.00,0.00,0.00,0.00,3.910,"83,371.37","83,371.37","83,371.37",0.00,"83,371.37",13.250,"79,480.71","79,480.71","79,480.71","4,478.62","58,307.39",0.00,"16,694.70",0,0,0,0,0,0,0,"162,851",100.0
충청북도,충주시,교현2동,2035,0.00,0.00,0.00,0.0,0.000,0.00,0.00,0.00,0.00,0.00,0.00,0.00,0.900,0.00,0.00,0.00,0.00,0.00,0.000,0.00,0.00,0.00,0.00,0.00,0.00,0.00,0,0,0,0,0,0,0,0,0.0
충청북도,충주시,용산동,2035,"41,144.28","41,144.28","41,144.28",100.0,0.000,0.00,0.00,0.00,0.00,0.00,0.00,0.00,0.990,"16,660.54","16,660.54","16,660.54",0.00,"16,660.54",0.000,"24,483.74","24,483.74","24,483.74","2,936.36","14,793.20",0.00,"6,754.18",0,0,0,0,0,0,0,"41,144",100.0
충청북도,충주시,지현동,2035,"31,425.00","31,425.00","31,425.00",100.0,0.000,0.00,0.00,0.00,0.00,0.00,0.00,0.00,0.530,"12,007.74","12,007.74","12,007.74",0.00,"12,007.74",0.000,"19,417.26","19,417.26","19,417.26",999.46,"13,925.07",4.03,"4,488.70",0,0,0,0,0,0,0,"31,425",100.0
충청북도,충주시,문화동,2035,"52,385.58","52,385.58","52,385.58",100.0,0.000,0.00,0.00,0.00,0.00,0.00,0.00,0.00,0.980,"23,410.38","23,410.38","23,410.38",0.00,"23,410.38",0.000,"28,975.20","28,975.20","28,975.20","1,299.43","20,507.82",0.80,"7,167.15",0,0,0,0,0,0,0,"52,385",100.0
충청북도,충주시,호암·직동,2035,"41,763.84","41,763.84","41,763.84",100.0,0.000,0.00,0.00,0.00,0.00,0.00,0.00,0.00,1.630,"18,092.90","18,092.90","18,092.90",0.00,"18,092.90",0.000,"23,670.94","23,670.94","23,670.94","2,008.01","20,470.72",0.00,"1,192.21",0,0,0,0,0,0,0,"41,763",100.0
충청북도,충주시,달천동,2035,"97,685.18","97,685.18","64,488.17",66.0,0.000,0.00,0.00,0.00,0.00,0.00,0.00,0.00,5.290,"63,543.90","63,543.90","30,346.89",0.00,"30,346.89",9.010,"34,141.28","34,141.28","34,141.28","4,319.37","26,678.77",0.00,"3,143.14",0,0,0,0,0,0,0,"64,488",100.0
충청북도,충주시,봉방동,2035,"66,945.23","66,945.23","66,945.23",100.0,0.000,0.00,0.00,0.00,0.00,0.00,0.00,0.00,1.400,"31,355.48","31,355.48","31,355.48",0.00,"31,355.48",0.000,"35,589.75","35,589.75","35,589.75","3,071.63","23,828.96",0.00,"8,689.16",0,0,0,0,0,0,0,"66,945",100.0
충청북도,충주시,칠금·금릉동,2035,"89,172.01","89,172.01","89,172.01",100.0,0.000,0.00,0.00,0.00,0.00,0.00,0.00,0.00,3.210,"38,373.28","38,373.28","38,373.28",0.00,"38,373.28",0.000,"50,798.73","50,798.73","50,798.73","4,233.66","43,130.25","1,333.45","2,101.37",0,0,0,0,0,0,0,"89,172",100.0
충청북도,충주시,연수동,2035,"87,261.15","87,261.15","87,261.15",100.0,0.000,0.00,0.00,0.00,0.00,0.00,0.00,0.00,2.380,"39,917.22","39,917.22","39,917.22",0.00,"39,917.22",8.450,"47,343.93","47,343.93","47,343.93","5,860.33","39,561.59",0.00,"1,922.01",0,0,0,0,0,0,0,"87,261",100.0
충청북도,충주시,목행용탄동,2035,"112,348.51","112,348.51","112,348.51",100.0,0.000,0.00,0.00,0.00,0.00,0.00,0.00,0.00,6.630,"47,925.27","47,925.27","47,925.27",0.00,"47,925.27",13.390,"64,423.24","64,423.24","64,423.24","7,064.39","42,859.15",122.23,"14,377.47",0,0,0,0,0,0,0,"112,348",100.0
충청북도,제천시,소계,,"501,650.00","1,009,089.00","840,693.00",83.3,0.000,0.00,"283,391.00","283,391.00",828.00,"282,563.00",0.00,0.00,40.900,"442,320.00","515,512.00","404,082.00",0.00,"404,082.00",3.470,"59,330.00","210,186.00","153,220.00",42.00,"153,136.00",42.00,0.00,"2,678","1,698",0,"5,797",0,18,54,"840,693",100.0
충청북도,제천시,봉양읍,2035,"72,730.00","73,558.00","34,763.00",47.3,0.000,0.00,828.00,828.00,828.00,0.00,0.00,0.00,3.150,"50,700.00","50,700.00","32,672.00",0.00,"32,672.00",3.470,"22,030.00","22,030.00","1,263.00",0.00,"1,263.00",0.00,0.00,0,632,0,825,0,0,8,"34,763",100.0
충청북도,제천시,금성면,2035,0.00,"22,068.00","22,068.00",100.0,0.000,0.00,0.00,0.00,0.00,0.00,0.00,0.00,2.330,0.00,"21,836.00","21,836.00",0.00,"21,836.00",0.000,0.00,232.00,232.00,0.00,232.00,0.00,0.00,467,0,0,575,0,0,0,"22,068",100.0
충청북도,제천시,청풍면,2035,"2,800.00","13,978.00","13,978.00",100.0,0.000,0.00,0.00,0.00,0.00,0.00,0.00,0.00,1.000,"2,800.00","11,216.00","11,216.00",0.00,"11,216.00",0.000,0.00,"2,762.00","2,762.00",0.00,"2,762.00",0.00,0.00,212,0,0,295,0,0,0,"13,838",99.0
충청북도,제천시,수산면,2035,0.00,"26,372.00","26,372.00",100.0,0.000,0.00,0.00,0.00,0.00,0.00,0.00,0.00,2.230,0.00,"26,276.00","26,276.00",0.00,"26,276.00",0.000,0.00,96.00,96.00,0.00,96.00,0.00,0.00,566,1,0,645,0,0,9,"26,678",101.2
충청북도,제천시,덕산면,2035,"56,910.00","56,974.00","30,452.00",53.4,0.000,0.00,0.00,0.00,0.00,0.00,0.00,0.00,3.920,"30,340.00","30,404.00","30,404.00",0.00,"30,404.00",0.000,"26,570.00","26,570.00",48.00,0.00,48.00,0.00,0.00,769,0,0,852,0,0,17,"30,452",100.0
충청북도,제천시,한수면,2035,"15,470.00","16,368.00","15,902.00",97.2,0.000,0.00,0.00,0.00,0.00,0.00,0.00,0.00,0.420,"15,470.00","15,470.00","15,004.00",0.00,"15,004.00",0.000,0.00,898.00,898.00,0.00,898.00,0.00,0.00,267,0,0,283,0,0,0,"15,902",100.0
충청북도,제천시,백운면,2035,0.00,"17,280.00","17,280.00",100.0,0.000,0.00,0.00,0.00,0.00,0.00,0.00,0.00,2.780,0.00,"16,600.00","16,600.00",0.00,"16,600.00",0.000,0.00,680.00,680.00,0.00,680.00,0.00,0.00,397,0,0,605,0,0,8,"16,606",96.1
충청북도,제천시,송학면,2035,"70,420.00","70,420.00","59,153.00",84.0,0.000,0.00,0.00,0.00,0.00,0.00,0.00,0.00,4.250,"59,690.00","59,690.00","58,100.00",0.00,"58,100.00",0.000,"10,730.00","10,730.00","1,053.00",0.00,"1,053.00",0.00,0.00,0,"1,065",0,"1,573",0,0,12,"59,230",100.1
충청북도,제천시,교동,2035,"35,320.00","92,583.00","75,417.00",81.5,0.000,0.00,"41,063.00","41,063.00",0.00,"41,063.00",0.00,0.00,3.000,"35,320.00","35,320.00","18,154.00",0.00,"18,154.00",0.000,0.00,"16,200.00","16,200.00",0.00,"16,200.00",0.00,0.00,0,0,0,1,0,1,0,"74,976",99.4
충청북도,제천시,의림지동,2035,"30,500.00","78,286.00","68,186.00",87.1,0.000,0.00,"31,500.00","31,500.00",0.00,"31,500.00",0.00,0.00,1.100,"30,500.00","30,500.00","20,400.00",0.00,"20,400.00",0.000,0.00,"16,286.00","16,286.00",0.00,"16,244.00",42.00,0.00,0,0,0,0,0,1,0,"68,186",100.0
충청북도,제천시,중앙동,2035,"31,480.00","79,812.00","70,236.00",88.0,0.000,0.00,"32,000.00","32,000.00",0.00,"32,000.00",0.00,0.00,1.000,"31,480.00","31,480.00","21,904.00",0.00,"21,904.00",0.000,0.00,"16,332.00","16,332.00",0.00,"16,332.00",0.00,0.00,0,0,0,14,0,0,0,"70,236",100.0
충청북도,제천시,남현동,2035,"30,000.00","75,718.00","59,829.00",79.0,0.000,0.00,"29,500.00","29,500.00",0.00,"29,500.00",0.00,0.00,1.900,"30,000.00","30,000.00","14,111.00",0.00,"14,111.00",0.000,0.00,"16,218.00","16,218.00",0.00,"16,218.00",0.00,0.00,0,0,0,1,0,1,0,"59,829",100.0
충청북도,제천시,영서동,2035,"30,500.00","76,722.00","65,498.00",85.4,0.000,0.00,"30,000.00","30,000.00",0.00,"30,000.00",0.00,0.00,1.700,"30,500.00","30,500.00","19,276.00",0.00,"19,276.00",0.000,0.00,"16,222.00","16,222.00",0.00,"16,222.00",0.00,0.00,0,0,0,21,0,2,0,"65,498",100.0
충청북도,제천시,용두동,2035,"34,520.00","83,284.00","75,962.00",91.2,0.000,0.00,"32,500.00","32,500.00",0.00,"32,500.00",0.00,0.00,2.800,"34,520.00","34,520.00","27,198.00",0.00,"27,198.00",0.000,0.00,"16,264.00","16,264.00",42.00,"16,222.00",0.00,0.00,0,0,0,39,0,8,0,"76,562",100.8
충청북도,제천시,신백동,2035,"31,680.00","82,402.00","74,976.00",91.0,0.000,0.00,"34,500.00","34,500.00",0.00,"34,500.00",0.00,0.00,3.400,"31,680.00","31,680.00","24,254.00",0.00,"24,254.00",0.000,0.00,"16,222.00","16,222.00",0.00,"16,222.00",0.00,0.00,0,0,0,66,0,5,0,"74,733",99.7
충청북도,제천시,청전동,2035,"24,000.00","62,722.00","60,717.00",96.8,0.000,0.00,"22,500.00","22,500.00",0.00,"22,500.00",0.00,0.00,2.700,"24,000.00","24,000.00","21,995.00",0.00,"21,995.00",0.000,0.00,"16,222.00","16,222.00",0.00,"16,222.00",0.00,0.00,0,0,0,1,0,0,0,"60,717",100.0
충청북도,제천시,화산동,2035,"35,320.00","80,542.00","69,904.00",86.8,0.000,0.00,"29,000.00","29,000.00",0.00,"29,000.00",0.00,0.00,3.220,"35,320.00","35,320.00","24,682.00",0.00,"24,682.00",0.000,0.00,"16,222.00","16,222.00",0.00,"16,222.00",0.00,0.00,0,0,0,1,0,0,0,"70,419",100.7
충청북도,군부,합계,,"3,085,099.73","3,501,534.78","2,979,951.28",85.1,60.615,"67,254.00","96,214.00","92,523.00","3,243.00","57,353.00","2,574.00","29,353.00",142.280,"1,948,521.73","2,074,379.78","1,702,654.28","125,221.00","1,577,433.28",683.970,"1,069,324.00","1,330,941.00","1,184,774.00","187,430.00","586,901.00","83,867.00","326,576.00","13,128","42,955","12,372","58,225","12,346",97,786,"2,274,689",76.3
충청북도,보은군,소계,,"553,208.00","553,208.00","448,672.00",81.1,0.000,0.00,0.00,0.00,0.00,0.00,0.00,0.00,18.610,"354,693.00","354,693.00","282,674.00",0.00,"282,674.00",584.250,"198,515.00","198,515.00","165,998.00","12,789.00","68,553.00","7,464.00","77,192.00",0,"9,966","4,450","7,903",0,0,303,"417,996",93.2
충청북도,보은군,보은읍,2035,"194,366.00","194,366.00","165,585.00",85.2,0.000,0.00,0.00,0.00,0.00,0.00,0.00,0.00,6.040,"108,978.00","108,978.00","90,266.00",0.00,"90,266.00",62.320,"85,388.00","85,388.00","75,319.00","6,384.00","32,901.00","4,815.00","31,219.00",0,"3,578","1,837","3,041",0,0,49,"160,655",97.0
충청북도,보은군,속리산면,2035,"54,378.00","54,378.00","51,268.00",94.3,0.000,0.00,0.00,0.00,0.00,0.00,0.00,0.00,2.110,"41,956.00","41,956.00","41,512.00",0.00,"41,512.00",92.240,"12,422.00","12,422.00","9,756.00",305.00,"4,752.00",0.00,"4,699.00",0,995,505,895,0,0,60,"41,641",81.2
충청북도,보은군,장안면,2035,"36,130.00","36,130.00","32,953.00",91.2,0.000,0.00,0.00,0.00,0.00,0.00,0.00,0.00,1.330,"21,071.00","21,071.00","17,894.00",0.00,"17,894.00",29.860,"15,059.00","15,059.00","15,059.00",521.00,"3,621.00",709.00,"10,208.00",0,806,332,428,0,0,29,"30,623",92.9
충청북도,보은군,마로면,2035,"55,119.00","55,119.00","44,301.00",80.4,0.000,0.00,0.00,0.00,0.00,0.00,0.00,0.00,3.220,"41,064.00","41,064.00","36,958.00",0.00,"36,958.00",68.460,"14,055.00","14,055.00","7,343.00",739.00,"2,487.00",0.00,"4,117.00",0,"1,117",272,"1,275",0,0,45,"44,125",99.6
충청북도,보은군,탄부면,2035,"47,721.00","47,721.00","40,091.00",84.0,0.000,0.00,0.00,0.00,0.00,0.00,0.00,0.00,0.570,"39,885.00","39,885.00","32,255.00",0.00,"32,255.00",31.610,"7,836.00","7,836.00","7,836.00","1,477.00","2,584.00",0.00,"3,775.00",0,781,140,94,0,0,17,"37,877",94.5
충청북도,보은군,삼승면,2035,"61,560.00","61,560.00","57,530.00",93.5,0.000,0.00,0.00,0.00,0.00,0.00,0.00,0.00,1.220,"31,264.00","31,264.00","31,264.00",0.00,"31,264.00",28.290,"30,296.00","30,296.00","26,266.00","2,496.00","11,988.00","1,940.00","9,842.00",0,"1,366",534,825,0,0,45,"57,473",99.9
충청북도,보은군,수한면,2035,"8,252.00","8,252.00","7,200.00",87.3,0.000,0.00,0.00,0.00,0.00,0.00,0.00,0.00,0.830,"5,701.00","5,701.00","4,649.00",0.00,"4,649.00",48.740,"2,551.00","2,551.00","2,551.00",126.00,"1,029.00",0.00,"1,396.00",0,205,80,110,0,0,16,"6,949",96.5
충청북도,보은군,회남면,2035,"10,992.00","10,992.00",0.00,0.0,0.000,0.00,0.00,0.00,0.00,0.00,0.00,0.00,0.290,"10,992.00","10,992.00",0.00,0.00,0.00,46.540,0.00,0.00,0.00,0.00,0.00,0.00,0.00,0,0,0,0,0,0,0,0,0.0
충청북도,보은군,회인면,2035,"40,910.00","40,910.00","20,002.00",48.9,0.000,0.00,0.00,0.00,0.00,0.00,0.00,0.00,1.350,"22,083.00","22,083.00","10,215.00",0.00,"10,215.00",54.030,"18,827.00","18,827.00","9,787.00",408.00,"3,925.00",0.00,"5,454.00",0,465,349,690,0,0,17,"15,749",78.7
충청북도,보은군,내북면,2035,"19,594.00","19,594.00","14,321.00",73.1,0.000,0.00,0.00,0.00,0.00,0.00,0.00,0.00,0.570,"13,584.00","13,584.00","8,311.00",0.00,"8,311.00",63.470,"6,010.00","6,010.00","6,010.00",333.00,"2,571.00",0.00,"3,106.00",0,428,173,381,0,0,16,"13,955",97.4
충청북도,보은군,산외면,2035,"24,186.00","24,186.00","15,421.00",63.8,0.000,0.00,0.00,0.00,0.00,0.00,0.00,0.00,1.080,"18,115.00","18,115.00","9,350.00",0.00,"9,350.00",58.690,"6,071.00","6,071.00","6,071.00",0.00,"2,695.00",0.00,"3,376.00",0,225,228,164,0,0,9,"8,949",58.0
충청북도,옥천군,소계,,"684,959.00","686,959.00","638,930.00",93.0,33.400,"21,343.00","21,343.00","21,343.00",753.00,"19,393.00",428.00,769.00,16.860,"357,018.00","359,018.00","310,991.00",0.00,"310,991.00",31.800,"306,598.00","306,598.00","306,596.00","24,076.00","149,496.00","67,675.00","65,349.00",0,"3,048","1,493","9,868",0,49,154,"138,474",21.7
충청북도,옥천군,옥천읍,2035,"235,580.00","235,580.00","233,352.00",99.1,33.400,"21,343.00","21,343.00","21,343.00",753.00,"19,393.00",428.00,769.00,11.500,"101,991.00","101,991.00","99,763.00",0.00,"99,763.00",12.500,"112,246.00","112,246.00","112,246.00","8,825.00","59,527.00","13,723.00","30,171.00",0,"1,392",797,"3,390",0,49,97,"52,241",22.4
충청북도,옥천군,동이면,2035,"58,194.00","58,194.00","55,807.00",95.9,0.000,0.00,0.00,0.00,0.00,0.00,0.00,0.00,0.820,"32,048.00","32,048.00","29,661.00",0.00,"29,661.00",1.700,"26,146.00","26,146.00","26,146.00","1,296.00","14,662.00","7,305.00","2,883.00",0,174,81,"1,036",0,0,0,"11,103",19.9
충청북도,옥천군,안남면,2035,"26,197.00","26,197.00","23,440.00",89.5,0.000,0.00,0.00,0.00,0.00,0.00,0.00,0.00,0.350,"14,451.00","14,451.00","11,695.00",0.00,"11,695.00",0.800,"11,746.00","11,746.00","11,745.00",889.00,"3,581.00","3,156.00","4,119.00",0,165,49,231,0,0,0,"4,545",19.4
충청북도,옥천군,안내면,2035,"38,182.00","38,182.00","34,355.00",90.0,0.000,0.00,0.00,0.00,0.00,0.00,0.00,0.00,0.420,"21,453.00","21,453.00","17,627.00",0.00,"17,627.00",1.000,"16,729.00","16,729.00","16,728.00","1,106.00","5,757.00","5,797.00","4,068.00",0,181,60,516,0,0,0,"6,661",19.4
충청북도,옥천군,청성면,2035,"34,960.00","34,960.00","20,649.00",59.1,0.000,0.00,0.00,0.00,0.00,0.00,0.00,0.00,0.230,"21,291.00","21,291.00","6,980.00",0.00,"6,980.00",1.300,"13,669.00","13,669.00","13,669.00",949.00,"6,865.00","3,791.00","2,064.00",0,48,48,328,0,0,0,"4,003",19.4
충청북도,옥천군,청산면,2035,"65,599.00","65,599.00","65,599.00",100.0,0.000,0.00,0.00,0.00,0.00,0.00,0.00,0.00,1.110,"41,864.00","41,864.00","41,864.00",0.00,"41,864.00",1.700,"23,735.00","23,735.00","23,735.00","1,623.00","9,431.00","6,826.00","5,855.00",0,128,30,"1,611",0,0,0,"14,554",22.2
충청북도,옥천군,이원면,2035,"107,643.00","107,643.00","96,047.00",89.2,0.000,0.00,0.00,0.00,0.00,0.00,0.00,0.00,1.830,"59,866.00","59,866.00","48,270.00",0.00,"48,270.00",8.800,"47,777.00","47,777.00","47,777.00","3,260.00","22,376.00","13,133.00","9,008.00",0,466,220,"1,036",0,0,57,"18,623",19.4
충청북도,옥천군,군서면,2035,"58,426.00","58,426.00","47,503.00",81.3,0.000,0.00,0.00,0.00,0.00,0.00,0.00,0.00,0.390,"33,348.00","33,348.00","22,425.00",0.00,"22,425.00",1.000,"25,078.00","25,078.00","25,078.00","3,138.00","9,308.00","7,813.00","4,819.00",0,80,33,634,0,0,0,"9,383",19.8
충청북도,옥천군,군북면,2035,"60,178.00","62,178.00","62,178.00",100.0,0.000,0.00,0.00,0.00,0.00,0.00,0.00,0.00,0.210,"30,706.00","32,706.00","32,706.00",0.00,"32,706.00",3.000,"29,472.00","29,472.00","29,472.00","2,990.00","17,989.00","6,131.00","2,362.00",0,414,175,"1,086",0,0,0,"17,361",27.9
충청북도,영동군,소계,,"272,901.00","442,596.00","383,563.00",86.7,0.000,0.00,256.00,256.00,256.00,0.00,0.00,0.00,14.480,"272,901.00","272,901.00","213,868.00",0.00,"213,868.00",0.000,0.00,"169,439.00","169,439.00","13,576.00","54,923.00",0.00,"100,940.00",0,"8,058",0,"7,848",0,1,24,"383,563",100.0
충청북도,영동군,영동읍,2035,"79,011.00","146,398.00","141,637.00",96.7,0.000,0.00,256.00,256.00,256.00,0.00,0.00,0.00,5.380,"79,011.00","79,011.00","74,250.00",0.00,"74,250.00",0.000,0.00,"67,131.00","67,131.00","6,026.00","37,557.00",0.00,"23,548.00",0,"2,868",0,"2,208",0,1,24,"141,637",100.0
충청북도,영동군,용산면,2035,"15,002.00","25,357.00","24,084.00",95.0,0.000,0.00,0.00,0.00,0.00,0.00,0.00,0.00,0.600,"15,002.00","15,002.00","13,729.00",0.00,"13,729.00",0.000,0.00,"10,355.00","10,355.00",895.00,"1,610.00",0.00,"7,850.00",0,538,0,533,0,0,0,"24,084",100.0
충청북도,영동군,황간면,2035,"28,949.00","44,308.00","40,820.00",92.1,0.000,0.00,0.00,0.00,0.00,0.00,0.00,0.00,2.400,"28,949.00","28,949.00","25,461.00",0.00,"25,461.00",0.000,0.00,"15,359.00","15,359.00","1,921.00","3,866.00",0.00,"9,572.00",0,728,0,874,0,0,0,"40,820",100.0
충청북도,영동군,추풍령면,2035,"13,730.00","31,412.00","31,274.00",99.6,0.000,0.00,0.00,0.00,0.00,0.00,0.00,0.00,0.700,"13,730.00","13,730.00","13,592.00",0.00,"13,592.00",0.000,0.00,"17,682.00","17,682.00",900.00,"1,766.00",0.00,"15,016.00",0,577,0,524,0,0,0,"31,274",100.0
충청북도,영동군,매곡면,2035,"16,013.00","20,545.00","9,181.00",44.7,0.000,0.00,0.00,0.00,0.00,0.00,0.00,0.00,0.500,"16,013.00","16,013.00","4,649.00",0.00,"4,649.00",0.000,0.00,"4,532.00","4,532.00",465.00,368.00,0.00,"3,699.00",0,213,0,229,0,0,0,"9,181",100.0
충청북도,영동군,상촌면,2035,"16,072.00","21,675.00","14,098.00",65.0,0.000,0.00,0.00,0.00,0.00,0.00,0.00,0.00,0.700,"16,072.00","16,072.00","8,495.00",0.00,"8,495.00",0.000,0.00,"5,603.00","5,603.00",438.00,347.00,0.00,"4,818.00",0,317,0,381,0,0,0,"14,098",100.0
충청북도,영동군,양강면,2035,"21,842.00","33,379.00","26,455.00",79.3,0.000,0.00,0.00,0.00,0.00,0.00,0.00,0.00,0.900,"21,842.00","21,842.00","14,918.00",0.00,"14,918.00",0.000,0.00,"11,537.00","11,537.00",197.00,"1,263.00",0.00,"10,077.00",0,544,0,478,0,0,0,"26,455",100.0
충청북도,영동군,용화면,2035,"5,514.00","8,848.00","8,848.00",100.0,0.000,0.00,0.00,0.00,0.00,0.00,0.00,0.00,0.200,"5,514.00","5,514.00","5,514.00",0.00,"5,514.00",0.000,0.00,"3,334.00","3,334.00",0.00,190.00,0.00,"3,144.00",0,207,0,229,0,0,0,"8,848",100.0
충청북도,영동군,학산면,2035,"28,688.00","41,893.00","33,789.00",80.7,0.000,0.00,0.00,0.00,0.00,0.00,0.00,0.00,1.100,"28,688.00","28,688.00","20,584.00",0.00,"20,584.00",0.000,0.00,"13,205.00","13,205.00",533.00,"2,801.00",0.00,"9,871.00",0,811,0,876,0,0,0,"33,789",100.0
충청북도,영동군,양산면,2035,"20,051.00","29,950.00","22,192.00",74.1,0.000,0.00,0.00,0.00,0.00,0.00,0.00,0.00,0.900,"20,051.00","20,051.00","12,293.00",0.00,"12,293.00",0.000,0.00,"9,899.00","9,899.00",940.00,"2,451.00",0.00,"6,508.00",0,579,0,539,0,0,0,"22,192",100.0
충청북도,영동군,심천면,2035,"28,029.00","38,831.00","31,185.00",80.3,0.000,0.00,0.00,0.00,0.00,0.00,0.00,0.00,1.100,"28,029.00","28,029.00","20,383.00",0.00,"20,383.00",0.000,0.00,"10,802.00","10,802.00","1,261.00","2,704.00",0.00,"6,837.00",0,676,0,977,0,0,0,"31,185",100.0
충청북도,증평군,소계,,"357,402.00","357,402.00","328,331.00",91.9,0.000,"23,226.00","23,226.00","23,226.00",683.00,"9,702.00",0.00,"12,841.00",31.460,"198,268.00","198,268.00","169,197.00",0.00,"169,197.00",17.950,"135,908.00","135,908.00","135,908.00","18,364.00","84,393.00",0.00,"33,151.00","6,686","6,686",0,"3,811",0,3,0,"318,533",97.0
충청북도,증평군,증평읍,2035,"299,882.00","299,882.00","291,312.00",97.1,0.000,"14,365.00","14,365.00","14,365.00",577.00,"6,145.00",0.00,"7,643.00",28.440,"161,297.00","161,297.00","152,727.00",0.00,"152,727.00",15.230,"124,220.00","124,220.00","124,220.00","16,610.00","77,500.00",0.00,"30,110.00","5,975","5,975",0,"3,652",0,2,0,"281,514",96.6
충청북도,증평군,도안면,2035,"57,520.00","57,520.00","37,019.00",64.4,0.000,"8,861.00","8,861.00","8,861.00",106.00,"3,557.00",0.00,"5,198.00",3.020,"36,971.00","36,971.00","16,470.00",0.00,"16,470.00",2.720,"11,688.00","11,688.00","11,688.00","1,754.00","6,893.00",0.00,"3,041.00",711,711,0,159,0,1,0,"37,019",100.0
충청북도,진천군,소계,,"343,217.73","343,217.78","249,879.28",72.8,0.410,"22,685.00","22,685.00","18,994.00",158.00,"3,988.00","1,765.00","13,083.00",19.150,"241,965.73","241,965.78","208,689.28",447.00,"208,242.28",19.150,"78,567.00","78,567.00","22,196.00",957.00,"17,464.00",0.00,"3,775.00","3,717","3,316",542,"6,569","9,344",12,0,"166,456",66.6
충청북도,진천군,진천읍,2025,"138,420.60","138,420.60","105,749.15",76.4,0.080,"17,983.00","17,983.00","14,292.00",0.00,0.00,"1,665.00","12,627.00",10.040,"91,615.60","91,615.60","86,287.15",146.00,"86,141.15",10.040,"28,822.00","28,822.00","5,170.00",0.00,"5,170.00",0.00,0.00,"1,912","1,342",104,"3,756","3,702",12,0,"83,508",79.0
충청북도,진천군,덕산면,2025,"51,239.00","51,239.00","32,763.00",63.9,0.000,0.00,0.00,0.00,0.00,0.00,0.00,0.00,2.890,"37,904.00","37,904.00","29,412.00",0.00,"29,412.00",2.890,"13,335.00","13,335.00","3,351.00",348.00,"1,579.00",0.00,"1,424.00",504,475,68,716,"1,534",0,0,"22,237",67.9
충청북도,진천군,초평면,2025,"35,308.05","35,308.10","35,308.10",100.0,0.000,0.00,0.00,0.00,0.00,0.00,0.00,0.00,0.510,"33,626.05","33,626.10","33,626.10",0.00,"33,626.10",0.510,"1,682.00","1,682.00","1,682.00",0.00,990.00,0.00,692.00,358,542,34,412,890,0,0,"14,396",40.8
충청북도,진천군,문백면,2025,"14,466.20","14,466.20","9,750.15",67.4,0.000,0.00,0.00,0.00,0.00,0.00,0.00,0.00,0.290,"8,598.20","8,598.20","8,598.15",0.00,"8,598.15",0.290,"5,868.00","5,868.00","1,152.00",62.00,528.00,0.00,562.00,215,139,118,237,932,0,0,0,0.0
충청북도,진천군,백곡면,2025,0.00,0.00,0.00,0.0,0.000,0.00,0.00,0.00,0.00,0.00,0.00,0.00,0.000,0.00,0.00,0.00,0.00,0.00,0.000,0.00,0.00,0.00,0.00,0.00,0.00,0.00,0,0,0,0,0,0,0,0,0.0
충청북도,진천군,이월면,2025,"52,619.88","52,619.88","33,613.88",63.9,0.000,0.00,0.00,0.00,0.00,0.00,0.00,0.00,1.630,"42,300.88","42,300.88","29,902.88",0.00,"29,902.88",1.630,"10,319.00","10,319.00","3,711.00",0.00,"2,614.00",0.00,"1,097.00",406,482,75,958,"1,024",0,0,"25,321",75.3
충청북도,진천군,광혜원면,2025,"51,164.00","51,164.00","32,695.00",63.9,0.330,"4,702.00","4,702.00","4,702.00",158.00,"3,988.00",100.00,456.00,3.790,"27,921.00","27,921.00","20,863.00",301.00,"20,562.00",3.790,"18,541.00","18,541.00","7,130.00",547.00,"6,583.00",0.00,0.00,322,336,143,490,"1,262",0,0,"20,994",64.2
충청북도,괴산군,소계,,"69,981.00","270,339.00","257,896.00",95.4,26.805,0.00,0.00,0.00,0.00,0.00,0.00,0.00,11.600,"63,376.00","171,556.00","159,113.00",0.00,"159,113.00",11.600,"6,605.00","98,783.00","98,783.00","47,192.00","6,118.00","8,100.00","37,373.00",0,"6,315",0,"6,164",0,27,0,"246,038",95.4
충청북도,괴산군,괴산읍,2035,"9,102.00","84,109.00","84,109.00",100.0,14.680,0.00,0.00,0.00,0.00,0.00,0.00,0.00,7.600,"2,497.00","50,991.00","50,991.00",0.00,"50,991.00",7.600,"6,605.00","33,118.00","33,118.00","17,784.00","3,461.00","2,524.00","9,349.00",0,"2,948",0,"3,074",0,14,0,"84,109",100.0
충청북도,괴산군,감물면,2035,"1,415.00","25,476.00","25,476.00",100.0,1.200,0.00,0.00,0.00,0.00,0.00,0.00,0.00,0.400,"1,415.00","20,912.00","20,912.00",0.00,"20,912.00",0.400,0.00,"4,564.00","4,564.00","1,692.00",7.00,7.00,"2,858.00",0,445,0,225,0,0,0,"25,476",100.0
충청북도,괴산군,장연면,2035,"11,477.00","12,958.00","7,128.00",55.0,1.210,0.00,0.00,0.00,0.00,0.00,0.00,0.00,0.300,"11,477.00","11,477.00","5,647.00",0.00,"5,647.00",0.300,0.00,"1,481.00","1,481.00",655.00,0.00,128.00,698.00,0,211,0,145,0,0,0,"7,128",100.0
충청북도,괴산군,연풍면,2035,0.00,"21,915.00","21,915.00",100.0,1.400,0.00,0.00,0.00,0.00,0.00,0.00,0.00,0.500,0.00,"13,340.00","13,340.00",0.00,"13,340.00",0.500,0.00,"8,575.00","8,575.00","5,215.00",0.00,0.00,"3,360.00",0,252,0,476,0,0,0,"21,915",100.0
충청북도,괴산군,칠성면,2035,"13,873.00","26,027.00","26,027.00",100.0,1.763,0.00,0.00,0.00,0.00,0.00,0.00,0.00,0.900,"13,873.00","16,474.00","16,474.00",0.00,"16,474.00",0.900,0.00,"9,553.00","9,553.00","3,320.00",0.00,181.00,"6,052.00",0,291,0,493,0,0,0,"20,294",78.0
충청북도,괴산군,문광면,2035,"4,750.00","5,315.00","4,456.00",83.8,1.320,0.00,0.00,0.00,0.00,0.00,0.00,0.00,0.100,"4,750.00","4,750.00","3,891.00",0.00,"3,891.00",0.100,0.00,565.00,565.00,565.00,0.00,0.00,0.00,0,381,0,173,0,0,0,"4,456",100.0
충청북도,괴산군,청천면,2035,"4,031.00","29,380.00","29,380.00",100.0,1.527,0.00,0.00,0.00,0.00,0.00,0.00,0.00,0.600,"4,031.00","17,622.00","17,622.00",0.00,"17,622.00",0.600,0.00,"11,758.00","11,758.00","5,572.00","1,660.00","1,660.00","2,866.00",0,618,0,372,0,11,0,"29,380",100.0
충청북도,괴산군,청안면,2035,"5,944.00","21,653.00","21,653.00",100.0,1.605,0.00,0.00,0.00,0.00,0.00,0.00,0.00,0.500,"5,944.00","11,686.00","11,686.00",0.00,"11,686.00",0.500,0.00,"9,967.00","9,967.00","4,964.00",0.00,"1,598.00","3,405.00",0,603,0,379,0,0,0,"21,653",100.0
충청북도,괴산군,사리면,2035,"7,180.00","15,815.00","15,815.00",100.0,0.300,0.00,0.00,0.00,0.00,0.00,0.00,0.00,0.300,"7,180.00","7,925.00","7,925.00",0.00,"7,925.00",0.300,0.00,"7,890.00","7,890.00","4,870.00",0.00,"1,012.00","2,008.00",0,199,0,260,0,2,0,"9,690",61.3
충청북도,괴산군,소수면,2035,0.00,"6,256.00","6,256.00",100.0,0.230,0.00,0.00,0.00,0.00,0.00,0.00,0.00,0.200,0.00,"4,170.00","4,170.00",0.00,"4,170.00",0.200,0.00,"2,086.00","2,086.00",105.00,447.00,447.00,"1,087.00",0,154,0,183,0,0,0,"6,256",100.0
충청북도,괴산군,불정면,2035,"12,209.00","21,435.00","15,681.00",73.2,1.570,0.00,0.00,0.00,0.00,0.00,0.00,0.00,0.200,"12,209.00","12,209.00","6,455.00",0.00,"6,455.00",0.200,0.00,"9,226.00","9,226.00","2,450.00",543.00,543.00,"5,690.00",0,213,0,384,0,0,0,"15,681",100.0
충청북도,음성군,소계,,"585,531.00","587,420.00","474,517.00",80.8,0.000,0.00,"1,889.00","1,889.00",0.00,"1,889.00",0.00,0.00,19.220,"321,946.00","321,946.00","232,877.00",0.00,"232,877.00",19.220,"263,585.00","263,585.00","239,751.00","37,408.00","202,343.00",0.00,0.00,5,"5,566","5,887","8,851","3,002",5,305,"474,517",100.0
충청북도,음성군,음성읍,2035,"139,249.00","139,417.00","128,454.00",92.1,0.000,0.00,168.00,168.00,0.00,168.00,0.00,0.00,2.780,"78,247.00","78,247.00","69,343.00",0.00,"69,343.00",2.780,"61,002.00","61,002.00","58,943.00","8,258.00","50,685.00",0.00,0.00,2,"1,194","1,294","2,326",0,2,88,"128,454",100.0
충청북도,음성군,금왕읍,2035,"121,148.00","122,630.00","92,832.00",75.7,0.000,0.00,"1,482.00","1,482.00",0.00,"1,482.00",0.00,0.00,4.910,"72,578.00","72,578.00","42,780.00",0.00,"42,780.00",4.910,"48,570.00","48,570.00","48,570.00","7,447.00","41,123.00",0.00,0.00,2,"1,233","1,335","1,455",0,2,37,"92,831",100.0
충청북도,음성군,소이면,2035,"3,082.00","3,082.00",0.00,0.0,0.000,0.00,0.00,0.00,0.00,0.00,0.00,0.00,0.100,"3,082.00","3,082.00",0.00,0.00,0.00,0.100,0.00,0.00,0.00,0.00,0.00,0.00,0.00,0,0,0,0,0,0,0,0,0.0
충청북도,음성군,원남면,2035,"3,177.00","3,177.00",0.00,0.0,0.000,0.00,0.00,0.00,0.00,0.00,0.00,0.00,0.100,"3,177.00","3,177.00",0.00,0.00,0.00,0.100,0.00,0.00,0.00,0.00,0.00,0.00,0.00,0,0,0,0,0,0,0,0,0.0
충청북도,음성군,맹동면,2035,"84,621.00","84,621.00","79,912.00",94.4,0.000,0.00,0.00,0.00,0.00,0.00,0.00,0.00,3.920,"33,389.00","33,389.00","28,680.00",0.00,"28,680.00",3.920,"51,232.00","51,232.00","51,232.00","5,001.00","46,231.00",0.00,0.00,0,949,884,"2,141","3,002",0,22,"79,913",100.0
충청북도,음성군,대소면,2035,"80,018.00","80,018.00","57,705.00",72.1,0.000,0.00,0.00,0.00,0.00,0.00,0.00,0.00,2.950,"48,011.00","48,011.00","36,395.00",0.00,"36,395.00",2.950,"32,007.00","32,007.00","21,310.00","2,034.00","19,276.00",0.00,0.00,1,763,827,"1,012",0,0,58,"57,704",100.0
충청북도,음성군,삼성면,2035,"56,271.00","56,510.00","38,469.00",68.1,0.000,0.00,239.00,239.00,0.00,239.00,0.00,0.00,1.270,"32,007.00","32,007.00","24,024.00",0.00,"24,024.00",1.270,"24,264.00","24,264.00","14,206.00","1,356.00","12,850.00",0.00,0.00,0,509,551,889,0,1,56,"38,470",100.0
충청북도,음성군,생극면,2035,"40,230.00","40,230.00","29,077.00",72.3,0.000,0.00,0.00,0.00,0.00,0.00,0.00,0.00,1.100,"22,760.00","22,760.00","12,627.00",0.00,"12,627.00",1.100,"17,470.00","17,470.00","16,450.00","6,767.00","9,683.00",0.00,0.00,0,315,342,386,0,0,18,"29,077",100.0
충청북도,음성군,감곡면,2035,"57,735.00","57,735.00","48,068.00",83.3,0.000,0.00,0.00,0.00,0.00,0.00,0.00,0.00,2.090,"28,695.00","28,695.00","19,028.00",0.00,"19,028.00",2.090,"29,040.00","29,040.00","29,040.00","6,545.00","22,495.00",0.00,0.00,0,603,654,642,0,0,26,"48,068",100.0
충청북도,단양군,소계,,"217,900.00","260,393.00","198,163.00",76.1,0.000,0.00,"26,815.00","26,815.00","1,393.00","22,381.00",381.00,"2,660.00",10.900,"138,354.00","154,032.00","125,245.00","124,774.00",471.00,0.000,"79,546.00","79,546.00","46,103.00","33,068.00","3,611.00",628.00,"8,796.00","2,720",0,0,"7,211",0,0,0,"129,112",65.2
충청북도,단양군,단양읍,,"114,906.00","129,805.00","85,660.00",66.0,0.000,0.00,"14,899.00","14,899.00","1,219.00","13,063.00",144.00,473.00,3.100,"62,228.00","62,228.00","47,593.00","47,542.00",51.00,0.000,"52,678.00","52,678.00","23,168.00","15,401.00","2,101.00",160.00,"5,506.00","1,206",0,0,"2,879",0,0,0,"73,373",85.7
충청북도,단양군,매포읍,,"69,914.00","81,830.00","66,927.00",81.8,0.000,0.00,"11,916.00","11,916.00",174.00,"9,318.00",237.00,"2,187.00",4.100,"43,046.00","43,046.00","32,076.00","31,656.00",420.00,0.000,"26,868.00","26,868.00","22,935.00","17,667.00","1,510.00",468.00,"3,290.00","1,062",0,0,"2,001",0,0,0,"55,739",83.3
충청북도,단양군,대강면,,"7,170.00","7,170.00","4,610.00",64.3,0.000,0.00,0.00,0.00,0.00,0.00,0.00,0.00,0.500,"7,170.00","7,170.00","4,610.00","4,610.00",0.00,0.000,0.00,0.00,0.00,0.00,0.00,0.00,0.00,111,0,0,321,0,0,0,0,0.0
충청북도,단양군,가곡면,,"2,324.00","12,577.00","12,577.00",100.0,0.000,0.00,0.00,0.00,0.00,0.00,0.00,0.00,0.700,"2,324.00","12,577.00","12,577.00","12,577.00",0.00,0.000,0.00,0.00,0.00,0.00,0.00,0.00,0.00,34,0,0,400,0,0,0,0,0.0
충청북도,단양군,영춘면,,"7,747.00","9,278.00","9,278.00",100.0,0.000,0.00,0.00,0.00,0.00,0.00,0.00,0.00,0.900,"7,747.00","9,278.00","9,278.00","9,278.00",0.00,0.000,0.00,0.00,0.00,0.00,0.00,0.00,0.00,92,0,0,498,0,0,0,0,0.0
충청북도,단양군,어상천면,,"2,394.00","5,768.00","5,768.00",100.0,0.000,0.00,0.00,0.00,0.00,0.00,0.00,0.00,0.700,"2,394.00","5,768.00","5,768.00","5,768.00",0.00,0.000,0.00,0.00,0.00,0.00,0.00,0.00,0.00,59,0,0,401,0,0,0,0,0.0
충청북도,단양군,적성면,,"3,983.00","3,983.00","3,361.00",84.4,0.000,0.00,0.00,0.00,0.00,0.00,0.00,0.00,0.300,"3,983.00","3,983.00","3,361.00","3,361.00",0.00,0.000,0.00,0.00,0.00,0.00,0.00,0.00,0.00,74,0,0,130,0,0,0,0,0.0
충청북도,단양군,단성면,,"9,462.00","9,982.00","9,982.00",100.0,0.000,0.00,0.00,0.00,0.00,0.00,0.00,0.00,0.600,"9,462.00","9,982.00","9,982.00","9,982.00",0.00,0.000,0.00,0.00,0.00,0.00,0.00,0.00,0.00,82,0,0,581,0,0,0,0,0.0
충청남도,,합계,,"10,459,212.79","11,470,685.40","8,239,566.53",71.8,"27,939.395","2,142,034.60","2,302,497.77","1,333,505.86","195,423.66","590,703.16","177,217.42","370,161.62",423.266,"5,342,206.28","5,629,948.36","4,223,102.84","7,189.90","4,215,912.94",270.591,"2,974,971.91","3,538,239.27","2,682,957.83","501,262.77","1,783,500.17","77,633.70","320,561.19","63,093","73,599","45,959","351,550","23,893","1,229","1,382","6,673,220",81.0
충청남도,시부,합계,,"6,907,677.19","7,760,974.70","5,905,155.53",76.1,136.105,"1,208,281.00","1,342,350.57","780,067.26","112,870.16","336,473.26","145,204.42","185,519.42",282.495,"3,425,589.28","3,666,055.36","2,910,920.84","7,188.90","2,903,731.94",192.072,"2,273,806.91","2,752,568.77","2,214,167.43","371,723.97","1,582,996.87","13,896.00","245,550.59","45,020","55,656","38,810","289,112","14,957",924,"1,158","4,783,017",81.0
충청남도,천안시,소계,,"1,688,592.00","1,804,840.00","1,517,412.00",84.1,0.000,"692,685.00","692,685.00","454,413.00","27,093.00","146,166.00","138,745.00","142,409.00",82.500,"772,690.00","846,713.00","798,548.00",133.00,"798,415.00",0.000,"223,217.00","265,442.00","264,451.00","41,133.00","218,989.00","4,026.00",303.00,"9,061","15,922","5,271","207,510",0,141,406,"1,429,941",94.2
충청남도,천안시,목천읍,2030,"73,376.00","111,126.00","110,077.00",99.1,0.000,"20,716.00","20,716.00","19,667.00",729.00,"6,138.00","3,736.00","9,064.00",3.830,"51,588.00","89,338.00","89,338.00",0.00,"89,338.00",0.000,"1,072.00","1,072.00","1,072.00",0.00,572.00,500.00,0.00,767,"1,347",446,"2,599",0,0,0,"86,578",78.7
충청남도,천안시,풍세면,2030,"62,777.00","66,265.00","61,267.00",92.5,0.000,"13,238.00","13,238.00","8,240.00","1,061.00","1,377.00","2,680.00","3,122.00",1.700,"49,008.00","52,496.00","52,496.00",0.00,"52,496.00",0.000,531.00,531.00,531.00,0.00,131.00,400.00,0.00,287,505,167,"1,913",0,0,14,"61,267",100.0
충청남도,천안시,광덕면,2030,"17,114.00","18,162.00","15,162.00",83.5,0.000,"8,326.00","8,326.00","5,326.00",156.00,"1,809.00","2,144.00","1,217.00",1.400,"8,207.00","9,255.00","9,255.00",0.00,"9,255.00",0.000,581.00,581.00,581.00,0.00,515.00,66.00,0.00,42,74,24,286,0,0,0,"15,162",100.0
충청남도,천안시,북면,2030,"18,577.00","21,077.00","20,199.00",95.8,0.000,"3,192.00","3,192.00","2,658.00",0.00,970.00,468.00,"1,220.00",1.050,"15,041.00","17,541.00","17,541.00",0.00,"17,541.00",0.000,344.00,344.00,0.00,0.00,0.00,0.00,0.00,143,252,83,708,0,0,0,"17,699",87.6
충청남도,천안시,성남면,2030,"20,654.00","20,693.00","18,445.00",89.1,0.000,"2,500.00","2,500.00",300.00,300.00,0.00,0.00,0.00,2.060,"17,654.00","17,693.00","17,693.00",0.00,"17,693.00",0.000,500.00,500.00,452.00,408.00,44.00,0.00,0.00,138,243,80,621,0,0,10,"12,854",69.7
충청남도,천안시,수신면,2030,"40,125.00","57,554.00","57,174.00",99.3,0.000,"13,141.00","13,141.00","12,915.00",197.00,"2,442.00","5,545.00","4,731.00",1.670,"26,459.00","43,888.00","43,888.00",0.00,"43,888.00",0.000,525.00,525.00,371.00,165.00,206.00,0.00,0.00,349,614,203,"1,633",0,0,1,"39,745",69.5
충청남도,천안시,병천면,2030,"44,450.00","47,522.00","45,454.00",95.6,0.000,"11,202.00","11,202.00","9,441.00","1,666.00","2,725.00","2,371.00","2,679.00",2.630,"32,441.00","35,513.00","35,513.00",0.00,"35,513.00",0.000,807.00,807.00,500.00,0.00,300.00,200.00,0.00,286,502,166,"1,102",0,0,16,"42,382",93.2
충청남도,천안시,동면,2030,"17,266.00","17,266.00","12,010.00",69.6,0.000,210.00,210.00,134.00,0.00,104.00,0.00,30.00,1.400,"16,156.00","16,156.00","11,114.00",0.00,"11,114.00",0.000,900.00,900.00,762.00,0.00,762.00,0.00,0.00,100,176,58,337,0,0,0,"4,896",40.8
충청남도,천안시,중앙동,2030,"1,092,997.00","1,135,222.00","914,351.00",80.5,0.000,"481,691.00","481,691.00","290,857.00","15,322.00","90,483.00","97,558.00","87,494.00",45.400,"407,097.00","407,097.00","377,060.00",133.00,"376,927.00",0.000,"204,209.00","246,434.00","246,434.00","39,945.00","206,186.00",0.00,303.00,"5,819","10,225","3,386","188,984",0,101,251,"914,351",100.0
충청남도,천안시,문성동,2030,0.00,0.00,0.00,0.0,0.000,0.00,0.00,0.00,0.00,0.00,0.00,0.00,0.000,0.00,0.00,0.00,0.00,0.00,0.000,0.00,0.00,0.00,0.00,0.00,0.00,0.00,0,0,0,0,0,0,0,0,0.0
충청남도,천안시,원성1동,2030,0.00,0.00,0.00,0.0,0.000,0.00,0.00,0.00,0.00,0.00,0.00,0.00,0.000,0.00,0.00,0.00,0.00,0.00,0.000,0.00,0.00,0.00,0.00,0.00,0.00,0.00,0,0,0,0,0,0,0,0,0.0
충청남도,천안시,원성2동,2030,0.00,0.00,0.00,0.0,0.000,0.00,0.00,0.00,0.00,0.00,0.00,0.00,0.000,0.00,0.00,0.00,0.00,0.00,0.000,0.00,0.00,0.00,0.00,0.00,0.00,0.00,0,0,0,0,0,0,0,0,0.0
충청남도,천안시,봉명동,2030,0.00,0.00,0.00,0.0,0.000,0.00,0.00,0.00,0.00,0.00,0.00,0.00,0.000,0.00,0.00,0.00,0.00,0.00,0.000,0.00,0.00,0.00,0.00,0.00,0.00,0.00,0,0,0,0,0,0,0,0,0.0
충청남도,천안시,일봉동,2030,0.00,0.00,0.00,0.0,0.000,0.00,0.00,0.00,0.00,0.00,0.00,0.00,0.000,0.00,0.00,0.00,0.00,0.00,0.000,0.00,0.00,0.00,0.00,0.00,0.00,0.00,0,0,0,0,0,0,0,0,0.0
충청남도,천안시,신방동,2030,0.00,0.00,0.00,0.0,0.000,0.00,0.00,0.00,0.00,0.00,0.00,0.00,0.000,0.00,0.00,0.00,0.00,0.00,0.000,0.00,0.00,0.00,0.00,0.00,0.00,0.00,0,0,0,0,0,0,0,0,0.0
충청남도,천안시,청룡동,2030,0.00,0.00,0.00,0.0,0.000,0.00,0.00,0.00,0.00,0.00,0.00,0.00,0.000,0.00,0.00,0.00,0.00,0.00,0.000,0.00,0.00,0.00,0.00,0.00,0.00,0.00,0,0,0,0,0,0,0,0,0.0
충청남도,천안시,신안동,2030,0.00,0.00,0.00,0.0,0.000,0.00,0.00,0.00,0.00,0.00,0.00,0.00,0.000,0.00,0.00,0.00,0.00,0.00,0.000,0.00,0.00,0.00,0.00,0.00,0.00,0.00,0,0,0,0,0,0,0,0,0.0
충청남도,천안시,성환읍,2030,"162,802.00","171,499.00","164,660.00",96.0,0.000,"82,201.00","82,201.00","75,362.00","5,367.00","28,040.00","18,758.00","23,197.00",7.660,"71,437.00","80,134.00","80,134.00",0.00,"80,134.00",0.000,"9,164.00","9,164.00","9,164.00",344.00,"7,460.00","1,360.00",0.00,479,841,278,"4,674",0,16,53,"136,394",82.8
충청남도,천안시,성거읍,2030,"49,656.00","49,656.00","36,817.00",74.1,0.000,"17,513.00","17,513.00","9,792.00",785.00,"3,717.00","1,234.00","4,056.00",5.030,"30,403.00","30,403.00","25,285.00",0.00,"25,285.00",0.000,"1,740.00","1,740.00","1,740.00",165.00,"1,075.00",500.00,0.00,194,341,113,"1,719",0,0,0,"36,817",100.0
충청남도,천안시,직산읍,2030,"51,540.00","51,540.00","35,245.00",68.4,0.000,"23,760.00","23,760.00","13,996.00","1,298.00","6,241.00","3,108.00","3,349.00",5.910,"26,355.00","26,355.00","19,824.00",0.00,"19,824.00",0.000,"1,425.00","1,425.00","1,425.00",27.00,898.00,500.00,0.00,239,419,139,"1,583",0,0,0,"35,245",100.0
충청남도,천안시,입장면,2030,"37,258.00","37,258.00","26,551.00",71.3,0.000,"14,995.00","14,995.00","5,725.00",212.00,"2,120.00","1,143.00","2,250.00",2.760,"20,844.00","20,844.00","19,407.00",0.00,"19,407.00",0.000,"1,419.00","1,419.00","1,419.00",79.00,840.00,500.00,0.00,218,383,128,"1,351",0,24,61,"26,551",100.0
충청남도,천안시,성정1동,2030,0.00,0.00,0.00,0.0,0.000,0.00,0.00,0.00,0.00,0.00,0.00,0.00,0.000,0.00,0.00,0.00,0.00,0.00,0.000,0.00,0.00,0.00,0.00,0.00,0.00,0.00,0,0,0,0,0,0,0,0,0.0
충청남도,천안시,성정2동,2030,0.00,0.00,0.00,0.0,0.000,0.00,0.00,0.00,0.00,0.00,0.00,0.00,0.000,0.00,0.00,0.00,0.00,0.00,0.000,0.00,0.00,0.00,0.00,0.00,0.00,0.00,0,0,0,0,0,0,0,0,0.0
충청남도,천안시,쌍용1동,2030,0.00,0.00,0.00,0.0,0.000,0.00,0.00,0.00,0.00,0.00,0.00,0.00,0.000,0.00,0.00,0.00,0.00,0.00,0.000,0.00,0.00,0.00,0.00,0.00,0.00,0.00,0,0,0,0,0,0,0,0,0.0
충청남도,천안시,쌍용2동,2030,0.00,0.00,0.00,0.0,0.000,0.00,0.00,0.00,0.00,0.00,0.00,0.00,0.000,0.00,0.00,0.00,0.00,0.00,0.000,0.00,0.00,0.00,0.00,0.00,0.00,0.00,0,0,0,0,0,0,0,0,0.0
충청남도,천안시,쌍용3동,2030,0.00,0.00,0.00,0.0,0.000,0.00,0.00,0.00,0.00,0.00,0.00,0.00,0.000,0.00,0.00,0.00,0.00,0.00,0.000,0.00,0.00,0.00,0.00,0.00,0.00,0.00,0,0,0,0,0,0,0,0,0.0
충청남도,천안시,백석동,2030,0.00,0.00,0.00,0.0,0.000,0.00,0.00,0.00,0.00,0.00,0.00,0.00,0.000,0.00,0.00,0.00,0.00,0.00,0.000,0.00,0.00,0.00,0.00,0.00,0.00,0.00,0,0,0,0,0,0,0,0,0.0
충청남도,천안시,불당동,2030,0.00,0.00,0.00,0.0,0.000,0.00,0.00,0.00,0.00,0.00,0.00,0.00,0.000,0.00,0.00,0.00,0.00,0.00,0.000,0.00,0.00,0.00,0.00,0.00,0.00,0.00,0,0,0,0,0,0,0,0,0.0
충청남도,천안시,부성1동,2030,0.00,0.00,0.00,0.0,0.000,0.00,0.00,0.00,0.00,0.00,0.00,0.00,0.000,0.00,0.00,0.00,0.00,0.00,0.000,0.00,0.00,0.00,0.00,0.00,0.00,0.00,0,0,0,0,0,0,0,0,0.0
충청남도,천안시,부성2동,2030,0.00,0.00,0.00,0.0,0.000,0.00,0.00,0.00,0.00,0.00,0.00,0.00,0.000,0.00,0.00,0.00,0.00,0.00,0.000,0.00,0.00,0.00,0.00,0.00,0.00,0.00,0,0,0,0,0,0,0,0,0.0
충청남도,공주시,소계,,"497,885.50","591,127.50","438,000.00",74.1,28.300,"117,899.00","128,998.50","65,692.50","11,484.50","40,852.50","2,429.00","10,926.50",54.020,"293,860.00","324,392.00","240,928.50",0.00,"240,928.50",70.000,"86,126.50","137,737.00","131,379.00","7,893.00","120,249.00","1,572.00","1,665.00","2,322","1,826","1,151","11,173","6,500",672,314,"320,885",73.3
충청남도,공주시,유구읍,2035,"60,260.00","60,260.00","47,509.00",78.8,3.130,"4,353.00","4,353.00","3,148.00","2,511.50",636.50,0.00,0.00,2.000,"45,907.00","45,907.00","39,607.00",0.00,"39,607.00",2.000,"10,000.00","10,000.00","4,754.00","1,353.00","2,461.00",490.00,450.00,514,0,0,"1,341",0,0,0,"35,347",74.4
충청남도,공주시,이인면,2035,"3,150.00","9,759.00","7,759.00",79.5,1.200,"1,000.00","1,000.00",0.00,0.00,0.00,0.00,0.00,1.000,"1,150.00","7,759.00","7,759.00",0.00,"7,759.00",2.000,"1,000.00","1,000.00",0.00,0.00,0.00,0.00,0.00,37,0,0,30,0,0,0,"1,250",16.1
충청남도,공주시,탄천면,2035,"6,672.00","19,001.00","19,001.00",100.0,0.500,500.00,"2,900.00","2,900.00",0.00,"2,900.00",0.00,0.00,1.500,"5,672.00","8,875.00","8,875.00",0.00,"8,875.00",1.000,500.00,"7,226.00","7,226.00",0.00,"7,226.00",0.00,0.00,87,0,0,110,0,0,0,"2,540",13.4
충청남도,공주시,계룡면,2035,"10,255.00","13,478.00","7,758.00",57.6,0.000,0.00,0.00,0.00,0.00,0.00,0.00,0.00,2.000,"10,125.00","10,125.00","4,405.00",0.00,"4,405.00",1.000,130.00,"3,353.00","3,353.00",0.00,"3,353.00",0.00,0.00,76,0,0,7,0,0,0,"4,451",57.4
충청남도,공주시,반포면,2035,"10,471.00","20,781.00","18,801.00",90.5,0.600,600.00,"4,000.00","4,000.00",0.00,"4,000.00",0.00,0.00,2.000,"9,841.00","9,841.00","7,861.00",0.00,"7,861.00",2.000,30.00,"6,940.00","6,940.00",0.00,"6,940.00",0.00,0.00,388,0,0,307,0,0,0,"24,656",131.1
충청남도,공주시,의당면,2035,"3,850.00","11,342.00","11,342.00",100.0,0.500,500.00,"1,700.00","1,700.00",0.00,"1,700.00",0.00,0.00,1.000,"2,850.00","5,596.00","5,596.00",0.00,"5,596.00",1.000,500.00,"4,046.00","4,046.00",0.00,"4,046.00",0.00,0.00,26,0,0,63,0,0,0,985,8.7
충청남도,공주시,정안면,2035,"8,770.00","18,951.00","18,951.00",100.0,6.200,"2,000.00","3,500.00","3,500.00",0.00,"3,500.00",0.00,0.00,1.500,"6,412.50","7,951.00","7,951.00",0.00,"7,951.00",2.000,357.50,"7,500.00","7,500.00",0.00,"7,500.00",0.00,0.00,60,0,0,24,0,0,0,"2,450",12.9
충청남도,공주시,우성면,2035,"2,557.50","11,492.00","11,492.00",100.0,1.200,"1,000.00","1,300.00","1,300.00","1,300.00",0.00,0.00,0.00,1.000,"1,057.50","5,792.00","5,792.00",0.00,"5,792.00",1.000,500.00,"4,400.00","4,400.00",0.00,"4,400.00",0.00,0.00,17,0,0,7,0,0,0,"1,005",8.7
충청남도,공주시,사곡면,2035,"4,673.50","11,492.00","11,492.00",100.0,1.300,"1,000.00","1,300.00","1,300.00","1,300.00",0.00,0.00,0.00,1.520,"3,173.50","5,792.00","5,792.00",0.00,"5,792.00",1.000,500.00,"4,400.00","4,400.00",0.00,"4,400.00",0.00,0.00,106,0,0,120,0,0,0,"2,130",18.5
충청남도,공주시,신풍면,2035,"5,358.00","11,490.00","11,490.00",100.0,0.300,146.50,"2,146.00","2,146.00",146.00,"2,000.00",0.00,0.00,1.000,"4,711.50","4,844.00","4,844.00",0.00,"4,844.00",1.000,500.00,"4,500.00","4,500.00",0.00,"4,500.00",0.00,0.00,11,0,0,25,0,0,0,"1,519",13.2
충청남도,공주시,중학동,2035,"27,800.00","27,800.00","26,409.00",95.0,2.000,"1,000.00","1,000.00",0.00,0.00,0.00,0.00,0.00,1.000,"26,800.00","26,800.00","26,409.00",0.00,"26,409.00",0.000,0.00,0.00,0.00,0.00,0.00,0.00,0.00,0,0,0,0,0,0,0,0,0.0
충청남도,공주시,웅진동,2035,"35,000.00","35,000.00","12,039.00",34.4,2.000,"1,000.00","1,000.00",0.00,0.00,0.00,0.00,0.00,1.000,"34,000.00","34,000.00","12,039.00",0.00,"12,039.00",0.000,0.00,0.00,0.00,0.00,0.00,0.00,0.00,0,0,0,0,0,0,0,0,0.0
충청남도,공주시,금학동,2035,"65,860.00","72,526.00","26,109.00",36.0,2.000,"48,900.00","48,900.00","3,801.00",0.00,"1,801.00","1,000.00","1,000.00",10.000,"11,960.00","11,960.00","10,642.00",0.00,"10,642.00",14.000,"5,000.00","11,666.00","11,666.00","2,202.50","8,785.00",296.00,382.50,0,826,0,"2,303","2,500",336,157,"84,109",322.1
충청남도,공주시,옥룡동,2035,"58,709.00","58,709.00","54,491.00",92.8,2.800,"1,500.00","1,500.00",0.00,0.00,0.00,0.00,0.00,2.000,"35,100.00","35,100.00","32,494.00",0.00,"32,494.00",10.000,"22,109.00","22,109.00","21,997.00",0.00,"21,997.00",0.00,0.00,0,0,0,0,0,0,0,0,0.0
충청남도,공주시,신관동,2035,"187,399.50","188,996.50","134,307.00",71.1,3.370,"53,399.50","53,399.50","41,897.50","6,227.00","24,315.00","1,429.00","9,926.50",23.500,"94,000.00","94,000.00","50,812.50",0.00,"50,812.50",22.000,"40,000.00","41,597.00","41,597.00","4,337.50","35,641.00",786.00,832.50,"1,000","1,000","1,151","6,836","4,000",336,157,"160,443",119.5
충청남도,공주시,월송동,2035,"7,100.00","20,050.00","19,050.00",95.0,1.200,"1,000.00","1,000.00",0.00,0.00,0.00,0.00,0.00,2.000,"1,100.00","10,050.00","10,050.00",0.00,"10,050.00",10.000,"5,000.00","9,000.00","9,000.00",0.00,"9,000.00",0.00,0.00,0,0,0,0,0,0,0,0,0.0
충청남도,보령시,소계,,"846,380.00","972,330.37","635,043.13",65.3,12.200,"29,447.00","73,529.37","68,064.06","25,878.83","42,185.23",0.00,0.00,23.200,"330,659.00","369,042.54","239,706.74","6,912.90","232,793.84",21.700,"486,274.00","529,758.46","327,272.33","35,116.97","177,070.07",0.00,"115,085.29","12,369","7,794","4,979","11,338",0,69,0,"402,154",63.3
충청남도,보령시,웅천읍,2025,"81,991.00","93,416.49","57,990.70",62.1,0.000,0.00,"11,425.49","11,425.49","7,046.01","4,379.48",0.00,0.00,2.500,"41,403.00","41,403.00","19,301.55",424.67,"18,876.88",2.700,"40,588.00","40,588.00","27,263.66","4,701.72","11,585.21",0.00,"10,976.73","1,325","1,022",325,"1,252",0,26,0,"47,309",81.6
충청남도,보령시,주포면,2025,"48,483.00","53,871.73","18,482.12",34.3,0.000,0.00,"5,388.73","5,388.73","2,764.06","2,624.67",0.00,0.00,0.200,"2,510.00","2,510.00","1,036.34",0.00,"1,036.34",0.200,"45,973.00","45,973.00","12,057.05","1,036.01","4,445.95",0.00,"6,575.09",59,24,35,65,0,0,0,"2,260",12.2
충청남도,보령시,오천면,2025,"31,999.00","31,999.00","18,461.11",57.7,0.000,0.00,0.00,0.00,0.00,0.00,0.00,0.00,1.400,"31,193.00","31,193.00","18,461.11",0.00,"18,461.11",1.400,806.00,806.00,0.00,0.00,0.00,0.00,0.00,225,535,90,988,0,0,0,"6,288",34.1
충청남도,보령시,천북면,2025,"4,934.00","4,934.00","4,535.48",91.9,0.000,0.00,0.00,0.00,0.00,0.00,0.00,0.00,0.300,"4,934.00","4,934.00","4,535.48",0.00,"4,535.48",0.000,0.00,0.00,0.00,0.00,0.00,0.00,0.00,20,17,3,27,0,0,0,0,0.0
충청남도,보령시,청소면,2025,"7,407.00","14,814.00","7,407.00",50.0,0.000,0.00,"2,053.67","2,053.67",0.00,"2,053.67",0.00,0.00,0.400,"7,407.00","7,407.00",0.00,0.00,0.00,0.000,0.00,"5,353.33","5,353.33",0.00,"4,049.49",0.00,"1,303.84",199,103,96,276,0,0,0,"6,162",83.2
충청남도,보령시,청라면,2025,"12,050.00","12,924.52",874.52,6.8,0.000,0.00,242.47,242.47,0.00,242.47,0.00,0.00,0.600,"12,050.00","12,050.00",0.00,0.00,0.00,0.000,0.00,632.05,632.05,0.00,478.11,0.00,153.94,76,70,6,120,0,0,0,0,0.0
충청남도,보령시,남포면,2025,"24,431.00","42,118.64","24,431.01",58.0,0.000,0.00,"1,076.29","1,076.29",403.22,673.07,0.00,0.00,0.500,"19,621.00","19,621.00","1,933.37",0.00,"1,933.37",0.500,"4,810.00","21,421.35","21,421.35","1,700.28","11,414.55",0.00,"8,306.52",288,105,138,409,0,0,0,"7,654",31.3
충청남도,보령시,주산면,2025,"5,610.00","5,610.00","5,610.00",100.0,0.000,0.00,0.00,0.00,0.00,0.00,0.00,0.00,0.200,"5,610.00","5,610.00","5,610.00","5,610.00",0.00,0.000,0.00,0.00,0.00,0.00,0.00,0.00,0.00,124,87,37,178,0,0,0,"4,281",76.3
충청남도,보령시,미산면,2025,"29,317.00","34,274.38","30,040.38",87.6,0.000,0.00,0.00,0.00,0.00,0.00,0.00,0.00,2.600,"25,026.00","29,983.38","29,983.38",15.93,"29,967.45",2.600,"4,291.00","4,291.00",57.00,46.77,10.23,0.00,0.00,78,45,18,226,0,0,0,"8,495",28.3
충청남도,보령시,성주면,2025,"24,625.00","31,746.30","20,689.30",65.2,0.000,0.00,0.00,0.00,0.00,0.00,0.00,0.00,2.100,"13,568.00","20,689.30","20,689.30",351.98,"20,337.32",2.000,"11,057.00","11,057.00",0.00,0.00,0.00,0.00,0.00,19,62,0,515,0,0,0,0,0.0
충청남도,보령시,주교면,2025,"57,717.00","70,662.96","57,716.13",81.7,0.000,0.00,"12,945.96","12,945.96","3,846.68","9,099.28",0.00,0.00,0.200,"11,331.00","11,331.00","8,217.28",12.51,"8,204.77",0.100,"46,386.00","46,386.00","36,552.89","2,567.53","11,685.61",0.00,"22,299.75",103,55,48,206,0,0,0,0,0.0
충청남도,보령시,대천1동,2025,"120,935.00","125,828.11","41,599.02",33.1,1.700,"1,364.00","6,257.11","6,257.11","2,003.41","4,253.70",0.00,0.00,1.700,"34,090.00","34,090.00","13,987.25",0.00,"13,987.25",1.500,"85,481.00","85,481.00","21,354.66","2,147.97","12,150.51",0.00,"7,056.18","4,904","3,430","1,471","1,501",0,15,0,"41,599",100.0
충청남도,보령시,대천2동,2025,"103,117.00","128,770.22","103,116.11",80.1,1.800,"3,186.00","6,899.33","6,899.33","1,162.17","5,737.16",0.00,0.00,1.800,"17,045.00","38,984.89","38,984.89",0.00,"38,984.89",1.600,"82,886.00","82,886.00","57,231.89","4,244.83","33,837.10",0.00,"19,149.96","1,556",467,"1,089","1,549",0,14,0,"78,370",76.0
충청남도,보령시,대천3동,2025,"100,956.00","107,664.29","73,923.56",68.7,2.800,"5,976.00","8,319.32","8,319.32","3,221.02","5,098.30",0.00,0.00,2.800,"21,861.00","26,225.97","26,225.97",96.73,"26,129.24",2.500,"73,119.00","73,119.00","39,378.27","5,074.42","26,609.75",0.00,"7,694.10",803,423,402,"1,697",0,4,0,"73,923",100.0
충청남도,보령시,대천4동,2025,"86,208.00","86,208.00","66,207.50",76.8,3.500,"7,446.00","7,446.00","5,553.68","2,066.99","3,486.69",0.00,0.00,3.500,"32,361.00","32,361.00","20,047.37",10.58,"20,036.79",3.500,"46,401.00","46,401.00","40,606.45","6,118.92","19,983.81",0.00,"14,503.72","1,578",944,614,690,0,10,0,"51,293",77.5
충청남도,보령시,대천5동,2025,"106,600.00","127,487.73","103,959.19",81.5,2.400,"11,475.00","11,475.00","7,902.01","3,365.27","4,536.74",0.00,0.00,2.400,"50,649.00","50,649.00","30,693.45",390.50,"30,302.95",3.100,"44,476.00","65,363.73","65,363.73","7,478.52","40,819.75",0.00,"17,065.46","1,012",405,607,"1,639",0,0,0,"74,519",71.7
충청남도,아산시,소계,,"1,284,929.00","1,301,231.00","1,145,535.00",88.0,1.000,"13,800.00","13,800.00","13,800.00",0.00,"13,800.00",0.00,0.00,31.900,"730,044.00","734,325.00","601,849.00",0.00,"601,849.00",27.057,"541,085.00","553,106.00","529,886.00","111,220.00","359,406.00",0.00,"59,260.00",0,"12,591","11,543","18,510",0,4,164,"838,826",73.2
충청남도,아산시,염치읍,2030,"28,014.00","28,014.00","16,960.00",60.5,0.000,0.00,0.00,0.00,0.00,0.00,0.00,0.00,0.400,"22,374.00","22,374.00","14,300.00",0.00,"14,300.00",0.282,"5,640.00","5,640.00","2,660.00","1,310.00","1,350.00",0.00,0.00,0,314,64,250,0,0,0,"16,923",99.8
충청남도,아산시,배방읍,2030,"222,560.00","223,010.00","221,845.00",99.5,0.000,0.00,0.00,0.00,0.00,0.00,0.00,0.00,7.100,"111,600.00","111,600.00","110,435.00",0.00,"110,435.00",5.548,"110,960.00","111,410.00","111,410.00","17,570.00","92,950.00",0.00,890.00,0,"1,809","1,825","2,825",0,0,31,"88,604",39.9
충청남도,아산시,송악면,2030,"80,560.00","80,560.00","62,933.00",78.1,0.000,0.00,0.00,0.00,0.00,0.00,0.00,0.00,1.100,"71,550.00","71,550.00","53,923.00",0.00,"53,923.00",0.451,"9,010.00","9,010.00","9,010.00","4,070.00","4,940.00",0.00,0.00,0,473,79,150,0,0,13,"11,409",18.1
충청남도,아산시,탕정면,2030,"120,413.00","121,984.00","91,493.00",75.0,0.000,0.00,0.00,0.00,0.00,0.00,0.00,0.00,3.200,"76,273.00","76,273.00","45,782.00",0.00,"45,782.00",2.207,"44,140.00","45,711.00","45,711.00","6,750.00","28,571.00",0.00,"10,390.00",0,639,639,855,0,0,18,"56,821",62.1
충청남도,아산시,음봉면,2030,"11,040.00","15,321.00","15,321.00",100.0,0.000,0.00,0.00,0.00,0.00,0.00,0.00,0.00,1.700,"11,040.00","15,321.00","15,321.00",0.00,"15,321.00",0.000,0.00,0.00,0.00,0.00,0.00,0.00,0.00,0,200,0,324,0,0,1,0,0.0
충청남도,아산시,둔포면,2030,"74,837.00","74,837.00","71,437.00",95.5,0.000,0.00,0.00,0.00,0.00,0.00,0.00,0.00,1.400,"43,007.00","43,007.00","41,087.00",0.00,"41,087.00",1.592,"31,830.00","31,830.00","30,350.00","12,940.00","11,900.00",0.00,"5,510.00",0,"1,503","1,110","1,398",0,0,12,"60,469",84.6
충청남도,아산시,영인면,2030,"29,070.00","29,070.00","10,220.00",35.2,0.000,0.00,0.00,0.00,0.00,0.00,0.00,0.00,0.500,"21,120.00","21,120.00","9,720.00",0.00,"9,720.00",0.398,"7,950.00","7,950.00",500.00,0.00,500.00,0.00,0.00,0,222,11,358,0,0,0,0,0.0
충청남도,아산시,인주면,2030,"60,377.00","60,377.00","27,090.00",44.9,0.000,0.00,0.00,0.00,0.00,0.00,0.00,0.00,0.100,"33,287.00","33,287.00",0.00,0.00,0.00,1.355,"27,090.00","27,090.00","27,090.00","7,760.00","12,290.00",0.00,"7,040.00",0,0,751,25,0,0,14,"20,044",74.0
충청남도,아산시,선장면,2030,"43,297.00","43,297.00","33,822.00",78.1,0.000,0.00,0.00,0.00,0.00,0.00,0.00,0.00,0.800,"28,569.00","28,569.00","21,774.00",0.00,"21,774.00",0.736,"14,728.00","14,728.00","12,048.00","7,550.00","4,498.00",0.00,0.00,0,371,206,54,0,0,6,"33,822",100.0
충청남도,아산시,도고면,2030,"91,675.00","101,675.00","101,337.00",99.7,0.000,0.00,0.00,0.00,0.00,0.00,0.00,0.00,1.300,"36,659.00","36,659.00","36,321.00",0.00,"36,321.00",2.751,"55,016.00","65,016.00","65,016.00","12,420.00","33,736.00",0.00,"18,860.00",0,641,"1,147","1,184",0,0,20,"101,337",100.0
충청남도,아산시,신창면,2030,"63,454.00","63,454.00","37,070.00",58.4,0.000,0.00,0.00,0.00,0.00,0.00,0.00,0.00,3.100,"35,604.00","35,604.00","17,850.00",0.00,"17,850.00",1.393,"27,850.00","27,850.00","19,220.00","7,270.00","11,950.00",0.00,0.00,0,349,375,750,0,0,9,"32,171",86.8
충청남도,아산시,온양1동,2030,"459,632.00","459,632.00","456,007.00",99.2,1.000,"13,800.00","13,800.00","13,800.00",0.00,"13,800.00",0.00,0.00,11.200,"238,961.00","238,961.00","235,336.00",0.00,"235,336.00",10.344,"206,871.00","206,871.00","206,871.00","33,580.00","156,721.00",0.00,"16,570.00",0,"6,070","5,336","10,337",0,4,40,"417,226",91.5
충청남도,아산시,온양2동,2030,0.00,0.00,0.00,0.0,0.000,0.00,0.00,0.00,0.00,0.00,0.00,0.00,0.000,0.00,0.00,0.00,0.00,0.00,0.000,0.00,0.00,0.00,0.00,0.00,0.00,0.00,0,0,0,0,0,0,0,0,0.0
충청남도,아산시,온양3동,2030,0.00,0.00,0.00,0.0,0.000,0.00,0.00,0.00,0.00,0.00,0.00,0.00,0.000,0.00,0.00,0.00,0.00,0.00,0.000,0.00,0.00,0.00,0.00,0.00,0.00,0.00,0,0,0,0,0,0,0,0,0.0
충청남도,아산시,온양4동,2030,0.00,0.00,0.00,0.0,0.000,0.00,0.00,0.00,0.00,0.00,0.00,0.00,0.000,0.00,0.00,0.00,0.00,0.00,0.000,0.00,0.00,0.00,0.00,0.00,0.00,0.00,0,0,0,0,0,0,0,0,0.0
충청남도,아산시,온양5동,2030,0.00,0.00,0.00,0.0,0.000,0.00,0.00,0.00,0.00,0.00,0.00,0.00,0.000,0.00,0.00,0.00,0.00,0.00,0.000,0.00,0.00,0.00,0.00,0.00,0.00,0.00,0,0,0,0,0,0,0,0,0.0
충청남도,아산시,온양6동,2030,0.00,0.00,0.00,0.0,0.000,0.00,0.00,0.00,0.00,0.00,0.00,0.00,0.000,0.00,0.00,0.00,0.00,0.00,0.000,0.00,0.00,0.00,0.00,0.00,0.00,0.00,0,0,0,0,0,0,0,0,0.0
충청남도,서산시,소계,,"1,180,641.00","1,469,033.00","824,244.00",56.1,15.445,"254,016.00","254,016.00","34,388.00",186.00,"23,922.00","2,199.00","8,081.00",15.445,"465,943.00","512,514.00","367,241.00",0.00,"367,241.00",15.445,"460,682.00","702,503.00","422,615.00","139,933.00","251,342.50","4,913.00","26,426.50",0,"4,892","4,896","11,497","3,291",3,114,"698,745",84.8
충청남도,서산시,대산읍,2020,"244,557.00","244,557.00","36,900.00",15.1,1.858,"18,379.00","18,379.00",0.00,0.00,0.00,0.00,0.00,1.858,"91,592.00","91,592.00","18,387.00",0.00,"18,387.00",1.858,"134,586.00","134,586.00","18,513.00","1,219.00","12,589.00",18.00,"4,687.00",0,142,142,343,190,0,0,"27,675",75.0
충청남도,서산시,인지면,2020,"37,480.00","42,821.00","35,263.00",82.3,1.620,"7,558.00","7,558.00",0.00,0.00,0.00,0.00,0.00,1.620,"28,996.00","31,276.00","31,276.00",0.00,"31,276.00",1.620,926.00,"3,987.00","3,987.00",0.00,226.00,61.00,"3,700.00",0,303,304,738,0,0,23,"31,737",90.0
충청남도,서산시,부석면,2020,"16,684.00","21,061.00","13,700.00",65.0,0.227,"4,583.00","4,583.00",0.00,0.00,0.00,0.00,0.00,0.227,"7,518.00","11,895.00","11,895.00",0.00,"11,895.00",0.227,"4,583.00","4,583.00","1,805.00",588.00,699.00,201.00,317.00,0,86,87,365,0,0,0,"10,275",75.0
충청남도,서산시,팔봉면,2020,"7,026.00","7,026.00","2,300.00",32.7,0.147,"1,048.00","1,048.00",0.00,0.00,0.00,0.00,0.00,0.147,"5,790.00","5,790.00","2,300.00",0.00,"2,300.00",0.147,188.00,188.00,0.00,0.00,0.00,0.00,0.00,0,31,32,54,0,0,0,"2,070",90.0
충청남도,서산시,지곡면,2020,"6,002.00","9,652.00","6,600.00",68.4,0.161,"3,052.00","3,052.00",0.00,0.00,0.00,0.00,0.00,0.161,"2,570.00","4,552.00","4,552.00",0.00,"4,552.00",0.161,380.00,"2,048.00","2,048.00",37.00,512.50,0.00,"1,498.50",0,73,73,136,7,0,0,"5,280",80.0
충청남도,서산시,성연면,2020,"19,546.00","22,249.00","12,100.00",54.4,0.311,"4,644.00","4,644.00",0.00,0.00,0.00,0.00,0.00,0.311,"13,077.00","13,077.00","7,572.00",0.00,"7,572.00",0.311,"1,825.00","4,528.00","4,528.00","1,830.00","1,390.00",0.00,"1,308.00",0,86,87,162,0,0,0,"9,075",75.0
충청남도,서산시,음암면,2020,"27,161.00","27,161.00","14,000.00",51.5,0.230,"5,900.00","5,900.00",0.00,0.00,0.00,0.00,0.00,0.230,"12,677.00","12,677.00","8,196.00",0.00,"8,196.00",0.230,"8,584.00","8,584.00","5,804.00",55.00,"3,359.00",0.00,"2,390.00",0,14,14,160,33,0,0,"10,500",75.0
충청남도,서산시,운산면,2020,"48,405.00","48,405.00","16,300.00",33.7,0.356,"9,240.00","9,240.00",0.00,0.00,0.00,0.00,0.00,0.356,"21,225.00","21,225.00","6,867.00",0.00,"6,867.00",0.356,"17,940.00","17,940.00","9,433.00","2,820.00","4,608.00",611.00,"1,394.00",0,76,77,270,2,0,0,"12,225",75.0
충청남도,서산시,해미면,2020,"95,393.00","139,197.00","102,663.00",73.8,1.617,"36,534.00","36,534.00",0.00,0.00,0.00,0.00,0.00,1.617,"58,103.00","86,753.00","86,753.00",0.00,"86,753.00",1.617,756.00,"15,910.00","15,910.00",0.00,756.00,"4,022.00","11,132.00",0,437,437,522,0,0,38,"92,397",90.0
충청남도,서산시,고북면,2020,"165,789.00","175,071.00","15,146.00",8.7,0.833,"10,363.00","10,363.00",0.00,0.00,0.00,0.00,0.00,0.833,"5,864.00","15,146.00","15,146.00",0.00,"15,146.00",0.833,"149,562.00","149,562.00",0.00,0.00,0.00,0.00,0.00,0,189,188,435,0,0,0,"13,631",90.0
충청남도,서산시,부춘동,2020,"102,519.00","146,291.00","113,278.00",77.4,1.617,"30,543.00","30,543.00","6,876.00",37.00,"4,784.00",439.00,"1,616.00",1.617,"43,706.00","43,706.00","34,360.00",0.00,"34,360.00",1.617,"28,270.00","72,042.00","72,042.00","26,504.00","45,538.00",0.00,0.00,0,691,691,"1,660",614,2,12,"96,286",85.0
충청남도,서산시,동문1동,2020,"102,519.00","146,291.00","113,278.00",77.4,1.617,"30,543.00","30,543.00","6,876.00",37.00,"4,784.00",439.00,"1,616.00",1.617,"43,706.00","43,706.00","34,360.00",0.00,"34,360.00",1.617,"28,270.00","72,042.00","72,042.00","26,504.00","45,538.00",0.00,0.00,0,691,691,"1,663",611,0,0,"96,286",85.0
충청남도,서산시,동문2동,2020,"102,519.00","146,291.00","113,278.00",77.4,1.617,"30,543.00","30,543.00","6,876.00",37.00,"4,784.00",439.00,"1,616.00",1.617,"43,706.00","43,706.00","34,360.00",0.00,"34,360.00",1.617,"28,270.00","72,042.00","72,042.00","26,504.00","45,538.00",0.00,0.00,0,691,691,"1,663",611,0,0,"96,286",85.0
충청남도,서산시,수석동,2020,"102,519.00","146,291.00","113,278.00",77.4,1.617,"30,543.00","30,543.00","6,876.00",37.00,"4,784.00",439.00,"1,616.00",1.617,"43,706.00","43,706.00","34,360.00",0.00,"34,360.00",1.617,"28,270.00","72,042.00","72,042.00","26,504.00","45,538.00",0.00,0.00,0,691,691,"1,663",611,1,15,"96,286",85.0
충청남도,서산시,석남동,2020,"102,522.00","146,669.00","116,160.00",79.2,1.617,"30,543.00","30,543.00","6,884.00",38.00,"4,786.00",443.00,"1,617.00",1.617,"43,707.00","43,707.00","36,857.00",0.00,"36,857.00",1.617,"28,272.00","72,419.00","72,419.00","27,368.00","45,051.00",0.00,0.00,0,691,691,"1,663",612,0,26,"98,736",85.0
충청남도,논산시,소계,,"687,631.89","805,220.03","636,074.40",79.0,24.470,0.00,"77,594.70","77,594.70","39,196.83","36,283.53","1,812.42",301.92,30.230,"495,971.48","509,337.02","349,316.60",28.00,"349,288.60",11.970,"191,660.41","218,288.31","209,163.10",0.00,"199,418.30",0.00,"9,744.80","15,784","6,980","4,176","14,938",0,0,0,"566,259",89.0
충청남도,논산시,강경읍,2030,"68,838.12","76,556.82","60,784.00",79.4,1.880,0.00,"7,718.70","7,718.70","7,358.63",2.53,306.47,51.07,4.370,"43,101.71","43,101.71","28,617.70",0.00,"28,617.70",1.000,"25,736.41","25,736.41","24,447.60",0.00,"24,447.60",0.00,0.00,"1,501",572,488,"1,538",0,0,0,"56,172",92.4
충청남도,논산시,연무읍,2030,"98,164.00","120,765.00","111,670.00",92.5,2.900,0.00,"22,601.00","22,601.00","22,601.00",0.00,0.00,0.00,6.000,"69,970.00","69,970.00","62,379.00",0.00,"62,379.00",1.670,"28,194.00","28,194.00","26,690.00",0.00,"26,690.00",0.00,0.00,"3,722","1,247",533,"2,330",0,0,0,"111,670",100.0
충청남도,논산시,성동면,2030,"11,041.33","14,777.33","5,189.00",35.1,0.620,0.00,164.00,164.00,164.00,0.00,0.00,0.00,0.360,"11,041.33","11,041.33","1,453.00",0.00,"1,453.00",0.290,0.00,"3,572.00","3,572.00",0.00,"3,572.00",0.00,0.00,140,29,71,126,0,0,0,"5,954",114.7
충청남도,논산시,광석면,2030,"11,600.80","18,461.00","18,461.00",100.0,0.650,0.00,428.20,428.20,428.20,0.00,0.00,0.00,1.080,"11,600.80","17,769.60","17,769.60",0.00,"17,769.60",0.300,0.00,263.20,263.20,0.00,263.20,0.00,0.00,64,355,5,636,0,0,0,"6,256",33.9
충청남도,논산시,노성면,2030,"4,311.22","13,800.00","13,800.00",100.0,0.240,0.00,283.00,283.00,283.00,0.00,0.00,0.00,0.140,"4,311.22","10,428.00","10,428.00",0.00,"10,428.00",0.110,0.00,"3,089.00","3,089.00",0.00,"1,246.00",0.00,"1,843.00",91,208,61,49,0,0,0,"2,325",16.8
충청남도,논산시,상월면,2030,0.00,0.00,0.00,0.0,0.000,0.00,0.00,0.00,0.00,0.00,0.00,0.00,0.000,0.00,0.00,0.00,0.00,0.00,0.000,0.00,0.00,0.00,0.00,0.00,0.00,0.00,0,0,0,0,0,0,0,0,0.0
충청남도,논산시,부적면,2030,"16,109.48","21,597.48","20,416.00",94.5,0.900,0.00,482.00,482.00,351.00,131.00,0.00,0.00,0.350,"16,109.48","16,109.48","14,928.00",28.00,"14,900.00",0.420,0.00,"5,006.00","5,006.00",0.00,"3,100.00",0.00,"1,906.00",232,298,100,184,0,0,0,"8,687",42.5
충청남도,논산시,연산면,2030,"30,584.00","40,568.00","40,568.00",100.0,1.900,0.00,"7,999.00","7,999.00","7,999.00",0.00,0.00,0.00,1.440,"19,284.00","19,284.00","19,284.00",0.00,"19,284.00",0.470,"11,300.00","13,285.00","13,285.00",0.00,"13,285.00",0.00,0.00,"1,352",385,265,617,0,0,0,"40,568",100.0
충청남도,논산시,벌곡면,2030,"24,155.99","30,907.99","17,227.00",55.7,1.350,0.00,0.00,0.00,0.00,0.00,0.00,0.00,1.500,"24,155.99","24,155.99","10,475.00",0.00,"10,475.00",0.630,0.00,"6,752.00","6,752.00",0.00,"4,071.00",0.00,"2,681.00",417,209,135,275,0,0,0,"13,027",75.6
충청남도,논산시,양촌면,2030,"27,628.00","28,877.00","25,147.00",87.1,1.550,0.00,0.00,0.00,0.00,0.00,0.00,0.00,1.130,"27,628.00","27,628.00","23,898.00",0.00,"23,898.00",0.720,0.00,"1,249.00","1,249.00",0.00,0.00,0.00,"1,249.00",391,477,24,877,0,0,0,"14,899",59.2
충청남도,논산시,가야곡면,2030,"14,513.34","17,748.00","17,748.00",100.0,0.810,0.00,0.00,0.00,0.00,0.00,0.00,0.00,0.470,"14,513.34","15,593.30","15,593.30",0.00,"15,593.30",0.380,0.00,"2,154.70","2,154.70",0.00,511.70,0.00,"1,643.00",147,311,43,564,0,0,0,"7,826",44.1
충청남도,논산시,은진면,2030,"35,016.32","37,150.32","7,089.00",19.1,1.960,0.00,0.00,0.00,0.00,0.00,0.00,0.00,1.150,"35,016.32","35,016.32","4,955.00",0.00,"4,955.00",0.920,0.00,"2,134.00","2,134.00",0.00,"1,711.20",0.00,422.80,317,99,42,100,0,0,0,"18,884",266.4
충청남도,논산시,채운면,2030,"7,503.49","7,926.49","5,375.00",67.8,0.420,0.00,0.00,0.00,0.00,0.00,0.00,0.00,0.240,"7,503.49","7,503.49","4,952.00",0.00,"4,952.00",0.190,0.00,423.00,423.00,0.00,423.00,0.00,0.00,35,99,8,85,0,0,0,"4,046",75.3
충청남도,논산시,취암동,2030,"236,716.00","263,259.00","203,020.40",77.1,6.500,0.00,"26,543.00","26,543.00",8.40,"25,305.00","1,054.20",175.40,8.400,"148,215.00","148,215.00","92,408.80",0.00,"92,408.80",3.400,"88,501.00","88,501.00","84,068.60",0.00,"84,068.60",0.00,0.00,"5,163","1,848","1,681","5,290",0,0,0,"193,162",95.1
충청남도,논산시,부창동,2030,"101,449.80","112,825.60","89,580.00",79.4,2.790,0.00,"11,375.80","11,375.80",3.60,"10,845.00",451.75,75.45,3.600,"63,520.80","63,520.80","42,175.20",0.00,"42,175.20",1.470,"37,929.00","37,929.00","36,029.00",0.00,"36,029.00",0.00,0.00,"2,212",843,720,"2,267",0,0,0,"82,783",92.4
충청남도,계룡시,소계,,"179,049.80","179,351.80","174,224.00",97.1,15.890,"8,212.00","8,212.00","8,212.00","1,137.00","5,696.00",19.00,"1,360.00",6.900,"78,721.80","79,023.80","73,896.00",0.00,"73,896.00",6.900,"92,116.00","92,116.00","92,116.00","8,961.00","73,294.00","3,385.00","6,476.00",231,"1,760","2,583","1,701","5,166",0,43,"173,922",99.8
충청남도,계룡시,두마면,2030,"46,151.00","46,453.00","46,453.00",100.0,2.030,"1,050.00","1,050.00","1,050.00",0.00,914.00,0.00,136.00,3.200,"18,930.00","19,232.00","19,232.00",0.00,"19,232.00",3.200,"26,171.00","26,171.00","26,171.00","2,596.00","18,336.00","1,855.00","3,384.00",59,451,662,302,"1,324",0,21,"46,151",99.3
충청남도,계룡시,엄사면,2030,"63,807.80","63,807.80","58,680.00",92.0,11.000,"5,683.00","5,683.00","5,683.00","1,137.00","4,233.00",19.00,294.00,1.900,"29,183.80","29,183.80","24,056.00",0.00,"24,056.00",1.900,"28,941.00","28,941.00","28,941.00","3,212.00","24,183.00",332.00,"1,214.00",84,639,938,847,"1,876",0,6,"58,680",100.0
충청남도,계룡시,신도안면,2030,"18,985.00","18,985.00","18,985.00",100.0,2.860,"1,479.00","1,479.00","1,479.00",0.00,549.00,0.00,930.00,0.600,"8,817.00","8,817.00","8,817.00",0.00,"8,817.00",0.600,"8,689.00","8,689.00","8,689.00",860.00,"7,688.00",0.00,141.00,16,120,176,189,352,0,4,"18,985",100.0
충청남도,계룡시,금암동,2030,"50,106.00","50,106.00","50,106.00",100.0,0.000,0.00,0.00,0.00,0.00,0.00,0.00,0.00,1.200,"21,791.00","21,791.00","21,791.00",0.00,"21,791.00",1.200,"28,315.00","28,315.00","28,315.00","2,293.00","23,087.00","1,198.00","1,737.00",72,550,807,363,"1,614",0,12,"50,106",100.0
충청남도,당진시,소계,,"542,568.00","637,841.00","534,623.00",83.8,38.800,"92,222.00","93,515.00","57,903.00","7,894.00","27,568.00",0.00,"22,441.00",38.300,"257,700.00","290,708.00","239,435.00",115.00,"239,320.00",39.000,"192,646.00","253,618.00","237,285.00","27,467.00","183,228.00",0.00,"26,590.00","5,253","3,891","4,211","12,445",0,35,117,"352,285",65.9
충청남도,당진시,합덕읍,2035,"127,622.00","140,488.00","103,831.00",73.9,1.600,"34,815.00","34,815.00","3,793.00",252.00,"2,409.00",0.00,"1,132.00",8.200,"52,732.00","52,732.00","47,097.00",0.00,"47,097.00",8.000,"40,075.00","52,941.00","52,941.00","5,302.00","35,859.00",0.00,"11,780.00",662,880,823,"1,960",0,27,34,"73,000",70.3
충청남도,당진시,송악읍,2035,"151,196.00","172,382.00","126,744.00",73.5,10.100,"5,527.00","6,820.00","6,820.00",75.00,"5,474.00",0.00,"1,271.00",14.500,"73,294.00","73,294.00","27,656.00",0.00,"27,656.00",15.000,"72,375.00","92,268.00","92,268.00","14,455.00","74,417.00",0.00,"3,396.00","1,020",487,"1,777","2,519",0,0,33,"101,919",80.4
충청남도,당진시,고대면,2035,0.00,0.00,0.00,0.0,0.000,0.00,0.00,0.00,0.00,0.00,0.00,0.00,0.000,0.00,0.00,0.00,0.00,0.00,0.000,0.00,0.00,0.00,0.00,0.00,0.00,0.00,0,0,0,0,0,0,0,0,0.0
충청남도,당진시,석문면,2035,0.00,"6,453.00","6,453.00",100.0,0.000,0.00,0.00,0.00,0.00,0.00,0.00,0.00,0.000,0.00,"2,271.00","2,271.00",0.00,"2,271.00",0.000,0.00,"4,182.00","4,182.00",648.00,"2,339.00",0.00,"1,195.00",0,32,59,0,0,0,0,0,0.0
충청남도,당진시,대호지면,2035,0.00,0.00,0.00,0.0,0.000,0.00,0.00,0.00,0.00,0.00,0.00,0.00,0.000,0.00,0.00,0.00,0.00,0.00,0.000,0.00,0.00,0.00,0.00,0.00,0.00,0.00,0,0,0,0,0,0,0,0,0.0
충청남도,당진시,정미면,2035,0.00,"3,067.00","3,067.00",100.0,0.000,0.00,0.00,0.00,0.00,0.00,0.00,0.00,0.000,0.00,"3,067.00","3,067.00",0.00,"3,067.00",0.000,0.00,0.00,0.00,0.00,0.00,0.00,0.00,0,88,0,0,0,0,0,"3,067",100.0
충청남도,당진시,면천면,2035,0.00,"5,152.00","5,152.00",100.0,0.000,0.00,0.00,0.00,0.00,0.00,0.00,0.00,0.000,0.00,"5,152.00","5,152.00",0.00,"5,152.00",0.000,0.00,0.00,0.00,0.00,0.00,0.00,0.00,0,73,0,0,0,0,0,"16,443",319.2
충청남도,당진시,순성면,2035,0.00,"24,668.00","24,668.00",100.0,0.000,0.00,0.00,0.00,0.00,0.00,0.00,0.00,0.000,0.00,"15,729.00","15,729.00",0.00,"15,729.00",0.000,0.00,"8,939.00","8,939.00","2,575.00","2,347.00",0.00,"4,017.00",0,107,98,0,0,0,0,0,0.0
충청남도,당진시,우강면,2035,0.00,0.00,0.00,0.0,0.000,0.00,0.00,0.00,0.00,0.00,0.00,0.00,0.000,0.00,0.00,0.00,0.00,0.00,0.000,0.00,0.00,0.00,0.00,0.00,0.00,0.00,0,0,0,0,0,0,0,0,0.0
충청남도,당진시,신평면,2035,"48,865.00","70,746.00","66,156.00",93.5,0.600,"4,590.00","4,590.00",0.00,0.00,0.00,0.00,0.00,2.500,"27,023.00","33,812.00","33,812.00",0.00,"33,812.00",3.000,"17,252.00","32,344.00","32,344.00",548.00,"28,120.00",0.00,"3,676.00",42,729,573,588,0,0,16,"17,856",27.0
충청남도,당진시,송산면,2035,0.00,0.00,0.00,0.0,0.000,0.00,0.00,0.00,0.00,0.00,0.00,0.00,0.000,0.00,0.00,0.00,0.00,0.00,0.000,0.00,0.00,0.00,0.00,0.00,0.00,0.00,0,0,0,0,0,0,0,0,0.0
충청남도,당진시,당진1동,2035,0.00,0.00,0.00,0.0,0.000,0.00,0.00,0.00,0.00,0.00,0.00,0.00,0.000,0.00,0.00,0.00,0.00,0.00,0.000,0.00,0.00,0.00,0.00,0.00,0.00,0.00,0,0,0,0,0,0,0,0,0.0
충청남도,당진시,당진2동,2035,0.00,0.00,0.00,0.0,0.000,0.00,0.00,0.00,0.00,0.00,0.00,0.00,0.000,0.00,0.00,0.00,0.00,0.00,0.000,0.00,0.00,0.00,0.00,0.00,0.00,0.00,0,0,0,0,0,0,0,0,0.0
충청남도,당진시,당진3동,2035,"214,885.00","214,885.00","198,552.00",92.4,26.500,"47,290.00","47,290.00","47,290.00","7,567.00","19,685.00",0.00,"20,038.00",13.100,"104,651.00","104,651.00","104,651.00",115.00,"104,536.00",13.000,"62,944.00","62,944.00","46,611.00","3,939.00","40,146.00",0.00,"2,526.00","3,529","1,495",881,"7,378",0,8,34,"140,000",70.5
충청남도,군부,합계,,"3,551,535.60","3,709,710.70","2,334,411.00",62.9,"27,803.290","933,753.60","960,147.20","553,438.60","82,553.50","254,229.90","32,013.00","184,642.20",140.771,"1,916,617.00","1,963,893.00","1,312,182.00",1.00,"1,312,181.00",78.519,"701,165.00","785,670.50","468,790.40","129,538.80","200,503.30","63,737.70","75,010.60","18,073","17,943","7,149","62,438","8,936",305,224,"1,890,203",81.0
충청남도,금산군,소계,,"659,283.00","659,283.00","399,706.00",60.6,5.590,"268,963.00","268,963.00","69,167.00","21,923.00","17,741.00","2,222.00","27,281.00",10.820,"351,821.00","351,821.00","326,805.00",0.00,"326,805.00",10.600,"38,499.00","38,499.00","3,734.00",0.00,"2,959.00",0.00,775.00,0,"3,879","1,674","12,164",185,42,37,"330,539",82.7
충청남도,금산군,금산읍,2030,"396,368.00","396,368.00","184,442.00",46.5,5.590,"268,963.00","268,963.00","69,167.00","21,923.00","17,741.00","2,222.00","27,281.00",3.500,"111,613.00","111,613.00","111,613.00",0.00,"111,613.00",3.300,"15,792.00","15,792.00","3,662.00",0.00,"2,887.00",0.00,775.00,0,"1,220","1,670","5,259",183,42,37,"115,275",62.5
충청남도,금산군,금성면,2030,"28,343.00","28,343.00","27,161.00",95.8,0.000,0.00,0.00,0.00,0.00,0.00,0.00,0.00,1.120,"28,343.00","28,343.00","27,161.00",0.00,"27,161.00",1.120,0.00,0.00,0.00,0.00,0.00,0.00,0.00,0,174,0,458,0,0,0,"27,161",100.0
충청남도,금산군,제원면,2030,"24,879.00","24,879.00","23,434.00",94.2,0.000,0.00,0.00,0.00,0.00,0.00,0.00,0.00,0.420,"24,879.00","24,879.00","23,434.00",0.00,"23,434.00",0.400,0.00,0.00,0.00,0.00,0.00,0.00,0.00,0,194,0,706,0,0,0,"23,434",100.0
충청남도,금산군,부리면,2030,"29,372.00","29,372.00","28,758.00",97.9,0.000,0.00,0.00,0.00,0.00,0.00,0.00,0.00,0.860,"29,300.00","29,300.00","28,686.00",0.00,"28,686.00",0.860,72.00,72.00,72.00,0.00,72.00,0.00,0.00,0,402,4,837,2,0,0,"28,758",100.0
충청남도,금산군,군북면,2030,"33,505.00","33,505.00","30,999.00",92.5,0.000,0.00,0.00,0.00,0.00,0.00,0.00,0.00,0.710,"33,505.00","33,505.00","30,999.00",0.00,"30,999.00",0.710,0.00,0.00,0.00,0.00,0.00,0.00,0.00,0,688,0,"1,128",0,0,0,"30,999",100.0
충청남도,금산군,남일면,2030,"16,319.00","16,319.00","16,161.00",99.0,0.000,0.00,0.00,0.00,0.00,0.00,0.00,0.00,0.440,"16,319.00","16,319.00","16,161.00",0.00,"16,161.00",0.440,0.00,0.00,0.00,0.00,0.00,0.00,0.00,0,166,0,947,0,0,0,"16,161",100.0
충청남도,금산군,남이면,2030,"9,195.00","9,195.00","6,763.00",73.6,0.000,0.00,0.00,0.00,0.00,0.00,0.00,0.00,0.220,"9,195.00","9,195.00","6,763.00",0.00,"6,763.00",0.220,0.00,0.00,0.00,0.00,0.00,0.00,0.00,0,116,0,219,0,0,0,"6,763",100.0
충청남도,금산군,진산면,2030,"21,356.00","21,356.00","21,356.00",100.0,0.000,0.00,0.00,0.00,0.00,0.00,0.00,0.00,0.430,"21,356.00","21,356.00","21,356.00",0.00,"21,356.00",0.430,0.00,0.00,0.00,0.00,0.00,0.00,0.00,0,149,0,431,0,0,0,"21,356",100.0
충청남도,금산군,복수면,2030,"29,305.00","29,305.00","12,626.00",43.1,0.000,0.00,0.00,0.00,0.00,0.00,0.00,0.00,0.620,"29,305.00","29,305.00","12,626.00",0.00,"12,626.00",0.620,0.00,0.00,0.00,0.00,0.00,0.00,0.00,0,220,0,503,0,0,0,"12,626",100.0
충청남도,금산군,추부면,2030,"70,641.00","70,641.00","48,006.00",68.0,0.000,0.00,0.00,0.00,0.00,0.00,0.00,0.00,2.500,"48,006.00","48,006.00","48,006.00",0.00,"48,006.00",2.500,"22,635.00","22,635.00",0.00,0.00,0.00,0.00,0.00,0,550,0,"1,676",0,0,0,"48,006",100.0
충청남도,부여군,소계,,"707,304.60","756,610.70","532,676.00",70.4,15.700,"214,539.60","240,153.20","240,150.60","28,419.50","120,775.90",0.00,"90,955.20",20.200,"349,255.00","372,947.00","251,154.00",0.00,"251,154.00",20.200,"143,510.00","143,510.50","41,371.40","23,277.80","4,950.30",235.70,"12,907.60","7,818","4,819",247,"12,671",0,11,22,"377,030",70.8
충청남도,부여군,부여읍,2020,"221,929.00","247,541.40","165,370.70",66.8,7.100,"99,296.00","124,908.40","124,908.40","10,430.10","75,114.00",0.00,"39,364.30",4.400,"66,255.00","66,255.00","37,229.00",0.00,"37,229.00",4.400,"56,378.00","56,378.00","3,233.30","2,803.70",0.00,0.00,429.60,"2,810","2,184",137,"7,465",0,7,9,"129,167",78.1
충청남도,부여군,규암면,2020,"119,824.00","119,824.40","98,470.50",82.2,2.600,"40,493.00","40,493.40","40,493.40","2,881.60","23,901.00",0.00,"13,710.80",6.700,"61,376.00","61,376.00","42,836.00",0.00,"42,836.00",6.700,"17,955.00","17,955.00","15,141.10","10,288.20","2,916.90",0.00,"1,936.00","1,110",978,0,"1,015",0,4,13,"84,274",85.6
충청남도,부여군,은산면,2020,"53,893.00","53,893.00","46,771.20",86.8,0.900,"12,445.00","12,445.00","12,444.80",739.60,"3,853.60",0.00,"7,851.60",1.100,"33,534.00","33,534.00","33,534.00",0.00,"33,534.00",1.100,"7,914.00","7,914.00",792.40,173.70,0.00,0.00,618.70,552,335,15,998,0,0,0,"26,150",55.9
충청남도,부여군,외산면,2020,"22,993.00","28,399.00","28,014.40",98.6,0.600,"1,442.00","1,442.00","1,441.70",0.00,988.10,0.00,453.60,0.400,"15,820.00","21,226.00","21,226.00",0.00,"21,226.00",0.400,"5,731.00","5,731.00","5,346.70","2,302.70",0.00,0.00,"3,044.00",640,358,0,725,0,0,0,"22,402",80.0
충청남도,부여군,내산면,2020,"12,721.00","18,716.30","17,816.50",95.2,0.000,725.00,725.30,725.30,0.00,658.10,0.00,67.20,0.100,"8,016.00","14,011.00","14,011.00",0.00,"14,011.00",0.100,"3,980.00","3,980.00","3,080.20","1,172.80",493.10,235.70,"1,178.60",333,159,0,238,0,0,0,"13,021",73.1
충청남도,부여군,구룡면,2020,"14,185.00","19,315.40","16,632.40",86.1,0.400,"5,732.00","5,732.40","5,732.40",212.60,"3,197.10",0.00,"2,322.70",0.400,"5,770.00","10,900.00","10,900.00",0.00,"10,900.00",0.400,"2,683.00","2,683.00",0.00,0.00,0.00,0.00,0.00,117,109,6,81,0,0,0,"11,478",69.0
충청남도,부여군,홍산면,2020,"35,639.00","35,639.00","28,012.00",78.6,0.900,"17,800.00","17,800.00","17,800.00","1,791.60","8,463.70",0.00,"7,544.70",0.800,"10,212.00","10,212.00","10,212.00",0.00,"10,212.00",0.800,"7,627.00","7,627.00",0.00,0.00,0.00,0.00,0.00,324,44,2,307,0,0,0,"8,900",31.8
충청남도,부여군,옥산면,2020,"6,089.00","6,089.20","4,788.90",78.6,0.000,233.00,233.00,232.70,198.10,0.00,0.00,34.60,0.200,"3,526.00","3,526.00","2,226.00",0.00,"2,226.00",0.200,"2,330.00","2,330.20","2,330.20","1,725.00",0.00,0.00,605.20,80,48,0,15,0,0,0,"3,831",80.0
충청남도,부여군,남면,2020,"29,446.40","29,446.40","4,468.30",15.2,0.400,"4,468.40","4,468.40","4,468.30","1,350.10",263.50,0.00,"2,854.70",0.700,"20,220.00","20,220.00",0.00,0.00,0.00,0.700,"4,758.00","4,758.00",0.00,0.00,0.00,0.00,0.00,39,0,0,54,0,0,0,"4,468",100.0
충청남도,부여군,충화면,2020,"14,039.00","14,039.00","11,291.00",80.4,0.200,"3,300.00","3,300.00","3,299.60","1,531.40",88.00,0.00,"1,680.20",0.400,"7,631.00","7,631.00","6,270.00",0.00,"6,270.00",0.400,"3,108.00","3,108.00","1,721.40",569.50,206.40,0.00,945.50,90,63,0,62,0,0,0,"4,310",38.2
충청남도,부여군,양화면,2020,"19,903.20","19,903.50","13,818.50",69.4,0.100,"2,541.20","2,541.20","2,541.20",597.80,77.50,0.00,"1,865.90",0.300,"14,296.00","14,296.00","8,211.00",0.00,"8,211.00",0.300,"3,066.00","3,066.30","3,066.30",337.50,684.20,0.00,"2,044.60",221,67,8,356,0,0,0,"7,449",53.9
충청남도,부여군,임천면,2020,"12,093.00","12,093.00","5,347.50",44.2,0.200,"5,348.00","5,348.00","5,347.50","1,459.20","1,358.20",0.00,"2,530.10",0.800,"5,320.00","5,320.00",0.00,0.00,0.00,0.800,"1,425.00","1,425.00",0.00,0.00,0.00,0.00,0.00,142,0,0,55,0,0,0,"5,347",100.0
충청남도,부여군,장암면,2020,"27,373.00","27,373.00","14,117.90",51.6,0.300,"5,179.00","5,179.00","5,178.70","2,643.10",924.60,0.00,"1,611.00",0.900,"16,319.00","16,319.00","7,300.00",0.00,"7,300.00",0.900,"5,875.00","5,875.00","1,639.20","1,202.20",221.60,0.00,215.40,185,73,0,34,0,0,0,"5,850",41.4
충청남도,부여군,세도면,2020,"66,143.00","66,143.00","29,140.90",44.1,1.100,"9,397.00","9,397.00","9,396.70","2,646.20",551.80,0.00,"6,198.70",1.500,"50,012.00","50,012.00","19,090.00",0.00,"19,090.00",1.500,"6,734.00","6,734.00",654.20,378.10,0.00,0.00,276.10,547,65,26,614,0,0,0,"14,618",50.2
충청남도,부여군,석성면,2020,"23,725.00","25,668.00","20,431.60",79.6,0.300,"2,985.00","2,985.00","2,984.80",849.40,768.20,0.00,"1,367.20",1.000,"14,305.00","16,248.00","16,248.00",0.00,"16,248.00",1.000,"6,435.00","6,435.00","1,198.80",715.10,428.10,0.00,55.60,85,162,42,96,0,0,0,"19,899",97.4
충청남도,부여군,초촌면,2020,"27,309.00","32,527.10","28,183.70",86.6,0.600,"3,155.00","3,155.10","3,155.10","1,088.70",568.50,0.00,"1,497.90",0.500,"16,643.00","21,861.00","21,861.00",0.00,"21,861.00",0.500,"7,511.00","7,511.00","3,167.60","1,609.30",0.00,0.00,"1,558.30",543,174,11,556,0,0,0,"15,866",56.3
충청남도,서천군,소계,,"365,892.00","378,277.00","289,579.00",76.6,0.600,"36,050.00","36,050.00","30,303.00","6,641.00","11,665.00","11,997.00",0.00,8.900,"188,871.00","201,256.00","158,284.00",1.00,"158,283.00",10.070,"140,971.00","140,971.00","100,992.00","7,615.00","30,031.00","62,646.00",700.00,194,"2,741","5,136","9,893","4,827",8,0,"280,868",97.0
충청남도,서천군,장항읍,2035,"114,818.00","117,156.00","115,146.00",98.3,0.000,0.00,0.00,0.00,0.00,0.00,0.00,0.00,3.330,"54,371.00","56,709.00","56,709.00",1.00,"56,708.00",3.330,"60,447.00","60,447.00","58,437.00","6,047.00","20,990.00","31,100.00",300.00,0,774,"1,270","3,989","1,994",0,0,"112,808",98.0
충청남도,서천군,서천읍,2035,"95,804.00","95,804.00","68,517.00",71.5,0.600,"36,050.00","36,050.00","30,303.00","6,641.00","11,665.00","11,997.00",0.00,1.140,"44,000.00","44,000.00","36,454.00",0.00,"36,454.00",1.140,"15,754.00","15,754.00","1,760.00",0.00,"1,360.00",0.00,400.00,194,684,"1,121","2,610","1,305",8,0,"67,817",99.0
충청남도,서천군,마서면,2035,"33,100.00","33,100.00","11,593.00",35.0,0.000,0.00,0.00,0.00,0.00,0.00,0.00,0.00,0.430,"27,100.00","27,100.00","7,095.00",0.00,"7,095.00",0.430,"6,000.00","6,000.00","4,498.00",871.00,479.00,"3,148.00",0.00,0,180,295,351,175,0,0,"11,593",100.0
충청남도,서천군,화양면,2035,"10,556.00","10,556.00","5,854.00",55.5,0.000,0.00,0.00,0.00,0.00,0.00,0.00,0.00,0.070,"5,036.00","5,036.00","1,736.00",0.00,"1,736.00",0.070,"5,520.00","5,520.00","4,118.00",0.00,"1,076.00","3,042.00",0.00,0,41,67,71,35,0,0,"5,854",100.0
충청남도,서천군,기산면,2035,"12,050.00","12,050.00","10,158.00",84.3,0.000,0.00,0.00,0.00,0.00,0.00,0.00,0.00,0.440,"8,500.00","8,500.00","7,188.00",0.00,"7,188.00",0.440,"3,550.00","3,550.00","2,970.00",0.00,77.00,"2,893.00",0.00,0,67,109,182,91,0,0,"10,158",100.0
충청남도,서천군,한산면,2035,"17,074.00","26,349.00","22,936.00",87.0,0.000,0.00,0.00,0.00,0.00,0.00,0.00,0.00,1.200,"10,264.00","19,539.00","19,539.00",0.00,"19,539.00",1.200,"6,810.00","6,810.00","3,397.00",0.00,47.00,"3,350.00",0.00,0,164,268,776,388,0,0,"22,936",100.0
충청남도,서천군,마산면,2035,"2,150.00","2,150.00","1,139.00",53.0,0.000,0.00,0.00,0.00,0.00,0.00,0.00,0.00,0.000,0.00,0.00,0.00,0.00,0.00,0.170,"2,150.00","2,150.00","1,139.00",0.00,483.00,656.00,0.00,0,0,297,0,0,0,0,"1,139",100.0
충청남도,서천군,시초면,2035,"3,550.00","3,550.00","1,668.00",47.0,0.000,0.00,0.00,0.00,0.00,0.00,0.00,0.00,0.000,0.00,0.00,0.00,0.00,0.00,0.270,"3,550.00","3,550.00","1,668.00",33.00,589.00,"1,046.00",0.00,0,0,82,0,0,0,0,"1,668",100.0
충청남도,서천군,문산면,2035,"2,550.00","2,550.00","1,552.00",60.9,0.000,0.00,0.00,0.00,0.00,0.00,0.00,0.00,0.000,0.00,0.00,0.00,0.00,0.00,0.180,"2,550.00","2,550.00","1,552.00",135.00,65.00,"1,352.00",0.00,0,0,131,0,0,0,0,"1,552",100.0
충청남도,서천군,판교면,2035,"14,370.00","15,142.00","10,118.00",66.8,0.000,0.00,0.00,0.00,0.00,0.00,0.00,0.00,0.360,"4,800.00","5,572.00","5,572.00",0.00,"5,572.00",0.360,"9,570.00","9,570.00","4,546.00",350.00,"1,313.00","2,883.00",0.00,0,189,309,429,214,0,0,"10,118",100.0
충청남도,서천군,종천면,2035,"7,120.00","7,120.00","5,128.00",72.0,0.000,0.00,0.00,0.00,0.00,0.00,0.00,0.00,0.000,0.00,0.00,0.00,0.00,0.00,0.550,"7,120.00","7,120.00","5,128.00",127.00,755.00,"4,246.00",0.00,0,0,442,0,0,0,0,"5,128",100.0
충청남도,서천군,비인면,2035,"30,700.00","30,700.00","22,275.00",72.6,0.000,0.00,0.00,0.00,0.00,0.00,0.00,0.00,1.240,"21,700.00","21,700.00","18,326.00",0.00,"18,326.00",1.240,"9,000.00","9,000.00","3,949.00",0.00,555.00,"3,394.00",0.00,0,502,516,909,337,0,0,"22,087",99.2
충청남도,서천군,서면,2035,"22,050.00","22,050.00","13,495.00",61.2,0.000,0.00,0.00,0.00,0.00,0.00,0.00,0.00,0.690,"13,100.00","13,100.00","5,665.00",0.00,"5,665.00",0.690,"8,950.00","8,950.00","7,830.00",52.00,"2,242.00","5,536.00",0.00,0,140,229,576,288,0,0,"8,010",59.4
충청남도,청양군,소계,,"390,899.00","397,679.00","307,441.00",77.3,0.000,"65,461.00","65,461.00","26,808.00","13,413.00","2,212.00",0.00,"11,183.00",12.561,"181,320.00","188,100.00","145,674.00",0.00,"145,674.00",10.749,"144,118.00","144,118.00","134,959.00","66,669.00","7,662.00",0.00,"60,628.00","3,357",0,0,"4,084",0,0,163,"307,441",100.0
충청남도,청양군,청양읍,2020,"125,083.00","131,863.00","128,921.00",97.8,0.000,"12,208.00","12,208.00","12,208.00","9,351.00","2,161.00",0.00,696.00,3.316,"55,130.00","61,910.00","61,910.00",0.00,"61,910.00",2.771,"57,745.00","57,745.00","54,803.00","32,790.00","4,435.00",0.00,"17,578.00","1,145",0,0,"1,502",0,0,126,"128,921",100.0
충청남도,청양군,운곡면,2020,"17,822.00","17,822.00","7,214.00",40.5,0.000,"5,310.00","5,310.00",414.00,99.00,0.00,0.00,315.00,0.957,"10,433.00","10,433.00","4,721.00",0.00,"4,721.00",0.957,"2,079.00","2,079.00","2,079.00",682.00,30.00,0.00,"1,367.00",123,0,0,175,0,0,0,"7,214",100.0
충청남도,청양군,대치면,2020,"23,581.00","23,581.00","12,270.00",52.0,0.000,"3,968.00","3,968.00",0.00,0.00,0.00,0.00,0.00,0.493,"10,709.00","10,709.00","6,258.00",0.00,"6,258.00",0.900,"8,904.00","8,904.00","6,012.00","4,260.00",54.00,0.00,"1,698.00",104,0,0,159,0,0,0,"12,270",100.0
충청남도,청양군,정산면,2020,"52,824.00","52,824.00","40,183.00",76.1,0.000,0.00,0.00,0.00,0.00,0.00,0.00,0.00,1.708,"27,569.00","27,569.00","15,254.00",0.00,"15,254.00",0.240,"25,255.00","25,255.00","24,929.00","12,357.00","1,178.00",0.00,"11,394.00",423,0,0,142,0,0,37,"40,183",100.0
충청남도,청양군,목면,2020,"19,610.00","19,610.00","19,610.00",100.0,0.000,0.00,0.00,0.00,0.00,0.00,0.00,0.00,0.841,"10,173.00","10,173.00","10,173.00",0.00,"10,173.00",0.841,"9,437.00","9,437.00","9,437.00","4,137.00",128.00,0.00,"5,172.00",163,0,0,293,0,0,0,"19,610",100.0
충청남도,청양군,청남면,2020,"27,410.00","27,410.00","14,044.00",51.2,0.000,"12,399.00","12,399.00","2,485.00",587.00,0.00,0.00,"1,898.00",0.812,"8,807.00","8,807.00","5,355.00",0.00,"5,355.00",1.135,"6,204.00","6,204.00","6,204.00","3,020.00",643.00,0.00,"2,541.00",257,0,0,377,0,0,0,"14,044",100.0
충청남도,청양군,장평면,2020,"37,708.00","37,708.00","17,374.00",46.1,0.000,"13,891.00","13,891.00","3,178.00","1,797.00",5.00,0.00,"1,376.00",1.279,"18,706.00","18,706.00","9,085.00",0.00,"9,085.00",1.074,"5,111.00","5,111.00","5,111.00","2,144.00",78.00,0.00,"2,889.00",245,0,0,364,0,0,0,"17,374",100.0
충청남도,청양군,남양면,2020,"24,840.00","24,840.00","13,958.00",56.2,0.000,"10,255.00","10,255.00","5,481.00",985.00,8.00,0.00,"4,488.00",0.235,"8,069.00","8,069.00","4,960.00",0.00,"4,960.00",0.382,"6,516.00","6,516.00","3,517.00","1,475.00",278.00,0.00,"1,764.00",118,0,0,159,0,0,0,"13,958",100.0
충청남도,청양군,화성면,2020,"14,579.00","14,579.00","13,655.00",93.7,0.000,0.00,0.00,0.00,0.00,0.00,0.00,0.00,0.661,"8,713.00","8,713.00","7,789.00",0.00,"7,789.00",0.661,"5,866.00","5,866.00","5,866.00","2,793.00",0.00,0.00,"3,073.00",221,0,0,298,0,0,0,"13,655",100.0
충청남도,청양군,비봉면,2020,"47,442.00","47,442.00","40,212.00",84.8,0.000,"7,430.00","7,430.00","3,042.00",594.00,38.00,0.00,"2,410.00",2.259,"23,011.00","23,011.00","20,169.00",0.00,"20,169.00",1.788,"17,001.00","17,001.00","17,001.00","3,011.00",838.00,0.00,"13,152.00",558,0,0,615,0,0,0,"40,212",100.0
충청남도,홍성군,소계,,"407,764.00","492,269.00","399,786.00",81.2,"27,750.000","27,750.00","27,750.00","27,750.00","2,155.00","14,262.00",0.00,"11,333.00",5.690,"313,438.00","313,438.00","220,955.00",0.00,"220,955.00",9.700,"66,576.00","151,081.00","151,081.00",0.00,"151,081.00",0.00,0.00,"3,444","5,022",0,"8,580",0,138,0,"305,347",76.4
충청남도,홍성군,홍성읍,2035,"208,366.00","246,615.00","210,877.00",85.5,"14,441.000","14,441.00","14,441.00","14,441.00","1,051.00","10,837.00",0.00,"2,553.00",0.300,"132,296.00","132,296.00","96,558.00",0.00,"96,558.00",6.800,"61,629.00","99,878.00","99,878.00",0.00,"99,878.00",0.00,0.00,"2,167","2,855",0,"4,026",0,119,0,"162,944",77.3
충청남도,홍성군,광천읍,2035,"72,347.00","112,021.00","106,758.00",95.3,"13,309.000","13,309.00","13,309.00","13,309.00","1,104.00","3,425.00",0.00,"8,780.00",0.200,"54,091.00","54,091.00","48,828.00",0.00,"48,828.00",2.900,"4,947.00","44,621.00","44,621.00",0.00,"44,621.00",0.00,0.00,"1,277","1,578",0,"2,656",0,19,0,"72,084",67.5
충청남도,홍성군,홍북읍,2035,"18,555.00","25,137.00","15,590.00",62.0,0.000,0.00,0.00,0.00,0.00,0.00,0.00,0.00,0.590,"18,555.00","18,555.00","9,008.00",0.00,"9,008.00",0.000,0.00,"6,582.00","6,582.00",0.00,"6,582.00",0.00,0.00,0,589,0,301,0,0,0,"6,758",43.3
충청남도,홍성군,금마면,2035,"21,724.00","21,724.00","6,579.00",30.3,0.000,0.00,0.00,0.00,0.00,0.00,0.00,0.00,0.300,"21,724.00","21,724.00","6,579.00",0.00,"6,579.00",0.000,0.00,0.00,0.00,0.00,0.00,0.00,0.00,0,0,0,120,0,0,0,"6,579",100.0
충청남도,홍성군,홍동면,2035,"7,864.00","7,864.00","4,119.00",52.4,0.000,0.00,0.00,0.00,0.00,0.00,0.00,0.00,0.100,"7,864.00","7,864.00","4,119.00",0.00,"4,119.00",0.000,0.00,0.00,0.00,0.00,0.00,0.00,0.00,0,0,0,85,0,0,0,"4,119",100.0
충청남도,홍성군,장곡면,2035,"12,457.00","12,457.00","6,894.00",55.3,0.000,0.00,0.00,0.00,0.00,0.00,0.00,0.00,0.500,"12,457.00","12,457.00","6,894.00",0.00,"6,894.00",0.000,0.00,0.00,0.00,0.00,0.00,0.00,0.00,0,0,0,206,0,0,0,"6,894",100.0
충청남도,홍성군,은하면,2035,"5,140.00","5,140.00","1,243.00",24.2,0.000,0.00,0.00,0.00,0.00,0.00,0.00,0.00,0.100,"5,140.00","5,140.00","1,243.00",0.00,"1,243.00",0.000,0.00,0.00,0.00,0.00,0.00,0.00,0.00,0,0,0,58,0,0,0,"1,243",100.0
충청남도,홍성군,결성면,2035,"8,223.00","8,223.00","8,223.00",100.0,0.000,0.00,0.00,0.00,0.00,0.00,0.00,0.00,0.800,"8,223.00","8,223.00","8,223.00",0.00,"8,223.00",0.000,0.00,0.00,0.00,0.00,0.00,0.00,0.00,0,0,0,241,0,0,0,"8,223",100.0
충청남도,홍성군,서부면,2035,"13,498.00","13,498.00","13,498.00",100.0,0.000,0.00,0.00,0.00,0.00,0.00,0.00,0.00,1.200,"13,498.00","13,498.00","13,498.00",0.00,"13,498.00",0.000,0.00,0.00,0.00,0.00,0.00,0.00,0.00,0,0,0,344,0,0,0,"13,498",100.0
충청남도,홍성군,갈산면,2035,"23,365.00","23,365.00","9,780.00",41.9,0.000,0.00,0.00,0.00,0.00,0.00,0.00,0.00,0.800,"23,365.00","23,365.00","9,780.00",0.00,"9,780.00",0.000,0.00,0.00,0.00,0.00,0.00,0.00,0.00,0,0,0,305,0,0,0,"6,780",69.3
충청남도,홍성군,구항면,2035,"16,225.00","16,225.00","16,225.00",100.0,0.000,0.00,0.00,0.00,0.00,0.00,0.00,0.00,0.800,"16,225.00","16,225.00","16,225.00",0.00,"16,225.00",0.000,0.00,0.00,0.00,0.00,0.00,0.00,0.00,0,0,0,238,0,0,0,"16,225",100.0
충청남도,예산군,소계,,"430,769.00","431,549.00","160,924.00",37.3,15.400,"110,101.00","110,881.00","106,313.00","3,577.00","58,959.00","12,764.00","31,013.00",66.400,"277,343.00","277,343.00","49,122.00",0.00,"49,122.00",3.000,"43,325.00","43,325.00","5,489.00","1,588.00","3,045.00",856.00,0.00,380,"1,001",92,"2,491","3,924",104,0,"125,316",77.9
충청남도,예산군,예산읍,2020,"154,251.00","154,703.00","69,798.00",45.1,10.600,"60,583.00","61,035.00","61,035.00",762.00,"36,906.00","6,573.00","16,794.00",11.300,"88,660.00","88,660.00","6,945.00",0.00,"6,945.00",1.000,"5,008.00","5,008.00","1,818.00",0.00,"1,315.00",503.00,0.00,200,34,34,0,"2,679",94,0,"62,799",90.0
충청남도,예산군,삽교읍,2020,"120,090.00","120,418.00","24,806.00",20.6,2.100,"20,565.00","20,893.00","20,893.00","1,090.00","4,312.00","5,400.00","10,091.00",45.300,"63,846.00","63,846.00","2,880.00",0.00,"2,880.00",1.000,"35,679.00","35,679.00","1,033.00",0.00,680.00,353.00,0.00,150,28,28,932,466,2,0,"11,957",48.2
충청남도,예산군,대술면,2020,"5,501.00","5,501.00",0.00,0.0,0.000,0.00,0.00,0.00,0.00,0.00,0.00,0.00,0.300,"5,501.00","5,501.00",0.00,0.00,0.00,0.000,0.00,0.00,0.00,0.00,0.00,0.00,0.00,0,0,0,0,0,0,0,0,0.0
충청남도,예산군,신양면,2020,"18,396.00","18,396.00","12,782.00",69.5,0.000,0.00,0.00,0.00,0.00,0.00,0.00,0.00,0.700,"18,396.00","18,396.00","12,782.00",0.00,"12,782.00",0.000,0.00,0.00,0.00,0.00,0.00,0.00,0.00,0,95,0,160,80,0,0,"12,782",100.0
충청남도,예산군,광시면,2020,"18,006.00","18,006.00","10,848.00",60.2,0.000,0.00,0.00,0.00,0.00,0.00,0.00,0.00,2.200,"18,006.00","18,006.00","10,848.00",0.00,"10,848.00",0.000,0.00,0.00,0.00,0.00,0.00,0.00,0.00,0,563,0,192,96,0,0,"10,848",100.0
충청남도,예산군,대흥면,2020,"7,915.00","7,915.00","1,406.00",17.8,0.000,0.00,0.00,0.00,0.00,0.00,0.00,0.00,0.600,"7,915.00","7,915.00","1,406.00",0.00,"1,406.00",0.000,0.00,0.00,0.00,0.00,0.00,0.00,0.00,0,109,0,67,33,0,0,"1,406",100.0
충청남도,예산군,응봉면,2020,"8,282.00","8,282.00",274.00,3.3,0.000,0.00,0.00,0.00,0.00,0.00,0.00,0.00,0.600,"8,282.00","8,282.00",274.00,0.00,274.00,0.000,0.00,0.00,0.00,0.00,0.00,0.00,0.00,0,8,0,13,7,0,0,274,100.0
충청남도,예산군,덕산면,2020,"85,566.00","85,566.00","38,760.00",45.3,2.700,"28,953.00","28,953.00","24,385.00","1,725.00","17,741.00",791.00,"4,128.00",4.300,"53,975.00","53,975.00","11,737.00",0.00,"11,737.00",1.000,"2,638.00","2,638.00","2,638.00","1,588.00","1,050.00",0.00,0.00,30,100,30,"1,046",523,8,0,"23,000",59.3
충청남도,예산군,봉산면,2020,0.00,0.00,0.00,0.0,0.000,0.00,0.00,0.00,0.00,0.00,0.00,0.00,0.000,0.00,0.00,0.00,0.00,0.00,0.000,0.00,0.00,0.00,0.00,0.00,0.00,0.00,0,0,0,0,0,0,0,0,0.0
충청남도,예산군,고덕면,2020,0.00,0.00,0.00,0.0,0.000,0.00,0.00,0.00,0.00,0.00,0.00,0.00,0.000,0.00,0.00,0.00,0.00,0.00,0.000,0.00,0.00,0.00,0.00,0.00,0.00,0.00,0,0,0,0,0,0,0,0,0.0
충청남도,예산군,신암면,2020,"12,762.00","12,762.00","2,250.00",17.6,0.000,0.00,0.00,0.00,0.00,0.00,0.00,0.00,0.100,"12,762.00","12,762.00","2,250.00",0.00,"2,250.00",0.000,0.00,0.00,0.00,0.00,0.00,0.00,0.00,0,64,0,81,40,0,0,"2,250",100.0
충청남도,예산군,오가면,2020,0.00,0.00,0.00,0.0,0.000,0.00,0.00,0.00,0.00,0.00,0.00,0.00,1.000,0.00,0.00,0.00,0.00,0.00,0.000,0.00,0.00,0.00,0.00,0.00,0.00,0.00,0,0,0,0,0,0,0,0,0.0
충청남도,태안군,소계,,"589,624.00","594,043.00","244,299.00",41.1,16.000,"210,889.00","210,889.00","52,947.00","6,425.00","28,615.00","5,030.00","12,877.00",16.200,"254,569.00","258,988.00","160,188.00",0.00,"160,188.00",14.200,"124,166.00","124,166.00","31,164.00","30,389.00",775.00,0.00,0.00,"2,880",481,0,"12,555",0,2,2,"163,662",67.0
충청남도,태안군,태안읍,2030,"202,789.00","202,789.00","112,514.00",55.5,4.700,"95,515.00","95,515.00","29,843.00","3,111.00","20,276.00",710.00,"5,746.00",3.200,"62,305.00","62,305.00","60,149.00",0.00,"60,149.00",2.500,"44,969.00","44,969.00","22,522.00","21,747.00",775.00,0.00,0.00,"1,660",160,0,"7,164",0,1,1,"87,810",78.0
충청남도,태안군,안면읍,2030,"90,160.00","90,160.00","48,309.00",53.6,2.900,"26,880.00","26,880.00","7,037.00","1,745.00","2,676.00",490.00,"2,126.00",3.000,"47,246.00","47,246.00","38,056.00",0.00,"38,056.00",2.200,"16,034.00","16,034.00","3,216.00","3,216.00",0.00,0.00,0.00,454,0,0,"2,732",0,1,1,"24,371",50.4
충청남도,태안군,고남면,2030,"32,705.00","37,124.00","18,434.00",49.7,1.000,"12,420.00","12,420.00","2,453.00",253.00,"1,100.00",420.00,680.00,1.200,"11,562.00","15,981.00","15,981.00",0.00,"15,981.00",1.200,"8,723.00","8,723.00",0.00,0.00,0.00,0.00,0.00,138,0,0,430,0,0,0,"11,065",60.0
충청남도,태안군,남면,2030,"39,599.00","39,599.00","6,874.00",17.4,1.000,"10,324.00","10,324.00","1,983.00",183.00,486.00,532.00,782.00,1.400,"18,543.00","18,543.00","4,891.00",0.00,"4,891.00",1.400,"10,732.00","10,732.00",0.00,0.00,0.00,0.00,0.00,60,0,0,594,0,0,0,"3,466",50.4
충청남도,태안군,근흥면,2030,"72,125.00","72,125.00","18,493.00",25.6,2.200,"18,230.00","18,230.00","3,497.00",247.00,"1,204.00",632.00,"1,414.00",2.000,"38,572.00","38,572.00","9,570.00",0.00,"9,570.00",2.000,"15,323.00","15,323.00","5,426.00","5,426.00",0.00,0.00,0.00,228,0,0,361,0,0,0,"14,996",81.1
충청남도,태안군,소원면,2030,"61,362.00","61,362.00","18,869.00",30.8,1.800,"18,260.00","18,260.00","3,341.00",326.00,"1,423.00",852.00,740.00,2.400,"29,781.00","29,781.00","15,528.00",0.00,"15,528.00",1.900,"13,321.00","13,321.00",0.00,0.00,0.00,0.00,0.00,162,321,0,855,0,0,0,"15,128",80.2
충청남도,태안군,원북면,2030,"68,002.00","68,002.00","19,258.00",28.3,1.600,"19,420.00","19,420.00","3,245.00",432.00,"1,024.00",923.00,866.00,2.000,"34,250.00","34,250.00","16,013.00",0.00,"16,013.00",2.000,"14,332.00","14,332.00",0.00,0.00,0.00,0.00,0.00,178,0,0,419,0,0,0,"6,826",35.4
충청남도,태안군,이원면,2030,"22,882.00","22,882.00","1,548.00",6.8,0.800,"9,840.00","9,840.00","1,548.00",128.00,426.00,471.00,523.00,1.000,"12,310.00","12,310.00",0.00,0.00,0.00,1.000,732.00,732.00,0.00,0.00,0.00,0.00,0.00,0,0,0,0,0,0,0,0,0.0
전라북도,,합계,,"10,518,258.90","11,585,534.60","9,183,855.71",79.3,153.214,"1,837,985.00","2,098,888.00","1,360,405.77","297,367.57","751,834.20","27,929.00","283,275.00",377.855,"6,082,487.00","6,491,691.76","5,212,122.62","595,544.59","4,616,578.03","1,071.350","2,597,786.90","2,994,954.84","2,611,327.32","454,395.89","1,724,496.88","58,151.97","374,282.58","47,912","91,144","70,004","454,358","93,116",548,"1,503","8,110,576",88.3
전라북도,시부,합계,,"7,506,337.40","8,022,068.59","6,301,694.70",78.6,114.930,"1,676,463.00","1,917,444.00","1,271,545.77","245,050.57","730,934.20","23,086.00","272,475.00",225.470,"3,831,148.40","3,917,748.75","3,098,390.21","595,544.59","2,502,845.62",157.870,"1,998,726.00","2,186,875.84","1,931,758.72","362,210.09","1,312,606.68","46,223.07","210,718.88","36,448","43,575","30,581","368,571","33,565",527,826,"5,495,861",87.2
전라북도,전주시,소계,,"1,998,996.00","2,057,026.00","1,846,982.00",89.8,65.800,"657,968.00","657,968.00","448,948.00","61,351.00","174,769.00","19,746.00","193,082.00",56.700,"845,574.00","883,214.00","883,179.00","31,655.00","851,524.00",63.030,"495,454.00","515,844.00","514,855.00","53,958.00","428,899.00","3,700.00","28,298.00","9,500","7,600","8,635","296,010",0,341,0,"1,791,156",97.0
전라북도,전주시,중앙동,2035,"25,638.00","31,898.00","28,730.00",90.1,0.930,"9,268.00","9,268.00","6,280.00",864.00,"2,461.00",278.00,"2,677.00",0.200,"8,937.00","15,197.00","15,197.00",445.00,"14,752.00",0.230,"7,433.00","7,433.00","7,253.00",760.00,"6,043.00",52.00,398.00,133,108,121,"4,182",0,4,0,"25,321",88.1
전라북도,전주시,풍남동,2035,"14,368.00","14,368.00","12,700.00",88.4,1.080,"4,629.00","4,629.00","3,135.00",431.00,"1,229.00",138.00,"1,337.00",0.500,"6,027.00","6,027.00","6,000.00",222.00,"5,778.00",0.500,"3,712.00","3,712.00","3,565.00",379.00,"2,961.00",26.00,199.00,66,54,60,"2,088",0,2,0,"12,647",99.6
전라북도,전주시,노송동,2035,"104,388.00","108,868.00","97,135.00",89.2,1.080,"34,351.00","34,351.00","23,280.00","3,203.00","9,124.00","1,030.00","9,923.00",0.500,"42,487.00","46,967.00","46,967.00","1,652.00","45,315.00",0.500,"27,550.00","27,550.00","26,888.00","2,817.00","22,401.00",193.00,"1,477.00",495,402,450,"15,506",0,17,0,"93,849",96.6
전라북도,전주시,완산동,2035,"11,091.00","11,091.00","9,930.00",89.5,0.300,"3,596.00","3,596.00","2,435.00",335.00,955.00,107.00,"1,038.00",0.300,"4,682.00","4,682.00","4,682.00",173.00,"4,509.00",0.400,"2,813.00","2,813.00","2,813.00",294.00,"2,345.00",20.00,154.00,51,42,47,"1,622",0,1,0,"9,824",98.9
전라북도,전주시,동서학동,2035,"37,323.00","37,323.00","33,423.00",89.6,4.170,"12,099.00","12,099.00","8,199.00","1,128.00","3,213.00",363.00,"3,495.00",5.000,"15,754.00","15,754.00","15,754.00",582.00,"15,172.00",6.000,"9,470.00","9,470.00","9,470.00",992.00,"7,890.00",68.00,520.00,174,141,158,"5,461",0,6,0,"33,056",98.9
전라북도,전주시,서서학동,2035,"68,611.00","68,611.00","61,441.00",89.5,1.970,"22,242.00","22,242.00","15,072.00","2,073.00","5,907.00",667.00,"6,425.00",0.400,"28,960.00","28,960.00","28,960.00","1,070.00","27,890.00",0.600,"17,409.00","17,409.00","17,409.00","1,824.00","14,504.00",125.00,956.00,321,260,291,"10,040",0,11,0,"60,765",98.9
전라북도,전주시,중화산1동,2035,"34,135.00","34,135.00","30,567.00",89.5,0.220,"11,066.00","11,066.00","7,499.00","1,031.00","2,939.00",332.00,"3,197.00",0.400,"14,409.00","14,409.00","14,408.00",532.00,"13,876.00",0.600,"8,660.00","8,660.00","8,660.00",907.00,"7,216.00",62.00,475.00,159,129,145,"4,994",0,5,0,"30,233",98.9
전라북도,전주시,중화산2동,2035,"55,739.00","55,739.00","49,914.00",89.5,0.720,"18,069.00","18,069.00","12,245.00","1,684.00","4,799.00",542.00,"5,220.00",0.400,"23,528.00","23,528.00","23,527.00",869.00,"22,658.00",0.600,"14,142.00","14,142.00","14,142.00","1,481.00","11,783.00",101.00,777.00,260,211,236,"8,156",0,9,0,"49,367",98.9
전라북도,전주시,서신동,2035,"62,543.00","62,543.00","56,008.00",89.6,0.390,"20,275.00","20,275.00","13,740.00","1,890.00","5,385.00",608.00,"5,857.00",1.000,"26,399.00","26,399.00","26,399.00",975.00,"25,424.00",1.000,"15,869.00","15,869.00","15,869.00","1,662.00","13,221.00",114.00,872.00,292,237,265,"8,151",0,10,0,"55,392",98.9
전라북도,전주시,평화1동,2035,"36,632.00","36,632.00","32,803.00",89.5,0.490,"11,876.00","11,876.00","8,047.00","1,107.00","3,154.00",356.00,"3,430.00",0.500,"15,463.00","15,463.00","15,463.00",571.00,"14,892.00",0.500,"9,293.00","9,293.00","9,293.00",973.00,"7,744.00",66.00,510.00,171,138,155,"5,360",0,6,0,"32,445",98.9
전라북도,전주시,평화2동,2035,"36,632.00","36,632.00","32,803.00",89.5,5.240,"11,876.00","11,876.00","8,047.00","1,107.00","3,154.00",356.00,"3,430.00",5.000,"15,463.00","15,463.00","15,463.00",571.00,"14,892.00",5.000,"9,293.00","9,293.00","9,293.00",973.00,"7,744.00",66.00,510.00,171,138,155,"5,360",0,6,0,"32,445",98.9
전라북도,전주시,삼천1동,2035,"36,632.00","36,632.00","32,803.00",89.5,0.270,"11,876.00","11,876.00","8,047.00","1,107.00","3,154.00",356.00,"3,430.00",0.500,"15,463.00","15,463.00","15,463.00",571.00,"14,892.00",0.500,"9,293.00","9,293.00","9,293.00",973.00,"7,744.00",66.00,510.00,171,138,155,"5,360",0,6,0,"32,445",98.9
전라북도,전주시,삼천2동,2035,"36,632.00","36,632.00","32,803.00",89.5,0.350,"11,876.00","11,876.00","8,047.00","1,107.00","3,154.00",356.00,"3,430.00",0.300,"15,463.00","15,463.00","15,463.00",571.00,"14,892.00",0.300,"9,293.00","9,293.00","9,293.00",973.00,"7,744.00",66.00,510.00,171,138,155,"5,360",0,6,0,"32,445",98.9
전라북도,전주시,삼천3동,2035,"8,515.00","8,515.00","7,622.00",89.5,10.100,"2,761.00","2,761.00","1,869.00",257.00,733.00,82.00,797.00,4.000,"3,595.00","3,595.00","3,594.00",132.00,"3,462.00",6.000,"2,159.00","2,159.00","2,159.00",226.00,"1,800.00",15.00,118.00,39,32,36,"1,246",0,1,0,"7,544",99.0
전라북도,전주시,효자1동,2035,"34,135.00","34,135.00","30,567.00",89.5,0.260,"11,066.00","11,066.00","7,499.00","1,031.00","2,939.00",332.00,"3,197.00",0.200,"14,409.00","14,409.00","14,408.00",532.00,"13,876.00",0.300,"8,660.00","8,660.00","8,660.00",907.00,"7,216.00",62.00,475.00,159,129,145,"4,994",0,5,0,"30,233",98.9
전라북도,전주시,효자2동,2035,"34,135.00","34,135.00","30,567.00",89.5,0.340,"11,066.00","11,066.00","7,499.00","1,031.00","2,939.00",332.00,"3,197.00",0.200,"14,409.00","14,409.00","14,408.00",532.00,"13,876.00",0.300,"8,660.00","8,660.00","8,660.00",907.00,"7,216.00",62.00,475.00,159,129,145,"4,994",0,5,0,"30,233",98.9
전라북도,전주시,효자3동,2035,"20,591.00","20,591.00","18,438.00",89.5,0.430,"6,675.00","6,675.00","4,523.00",622.00,"1,773.00",200.00,"1,928.00",0.500,"8,692.00","8,692.00","8,691.00",321.00,"8,370.00",0.500,"5,224.00","5,224.00","5,224.00",547.00,"4,353.00",37.00,287.00,96,78,87,"3,012",0,3,0,"18,237",98.9
전라북도,전주시,효자4동,2035,"291,459.00","291,459.00","261,011.00",89.6,4.670,"94,482.00","94,482.00","64,035.00","8,809.00","25,096.00","2,835.00","27,295.00",5.000,"123,022.00","123,022.00","123,021.00","4,545.00","118,476.00",5.000,"73,955.00","73,955.00","73,955.00","7,748.00","61,613.00",531.00,"4,063.00","1,364","1,105","1,238","42,649",0,48,0,"251,726",96.4
전라북도,전주시,효자5동,2035,0.00,0.00,0.00,0.0,0.000,0.00,0.00,0.00,0.00,0.00,0.00,0.00,0.000,0.00,0.00,0.00,0.00,0.00,0.000,0.00,0.00,0.00,0.00,0.00,0.00,0.00,0,0,0,0,0,0,0,0,0.0
전라북도,전주시,진북동,2035,"20,349.00","21,399.00","19,198.00",89.7,0.710,"6,824.00","6,824.00","4,623.00",636.00,"1,812.00",204.00,"1,971.00",0.500,"8,535.00","9,235.00","9,235.00",328.00,"8,907.00",0.500,"4,990.00","5,340.00","5,340.00",559.00,"4,450.00",38.00,293.00,98,79,89,"3,080",0,3,0,"18,645",97.1
전라북도,전주시,인후1동,2035,"31,541.00","31,541.00","28,140.00",89.2,0.290,"10,549.00","10,549.00","7,148.00",983.00,"2,802.00",316.00,"3,047.00",0.500,"13,736.00","13,736.00","13,736.00",507.00,"13,229.00",0.500,"7,256.00","7,256.00","7,256.00",865.00,"5,879.00",59.00,453.00,152,123,138,"4,761",0,5,0,"28,822",102.4
전라북도,전주시,인후2동,2035,"85,136.00","92,936.00","83,497.00",89.8,0.320,"29,285.00","29,285.00","19,846.00","2,730.00","7,778.00",878.00,"8,460.00",0.500,"35,530.00","40,730.00","40,730.00","1,408.00","39,322.00",0.500,"20,321.00","22,921.00","22,921.00","2,401.00","19,097.00",164.00,"1,259.00",422,342,383,"13,219",0,15,0,"80,008",95.8
전라북도,전주시,인후3동,2035,"57,425.00","57,425.00","54,424.00",94.8,0.680,"18,616.00","18,616.00","15,615.00","1,735.00","4,944.00",558.00,"8,378.00",0.500,"24,239.00","24,239.00","24,239.00",895.00,"23,344.00",0.500,"14,570.00","14,570.00","14,570.00","1,526.00","12,140.00",104.00,800.00,268,217,244,"8,402",0,9,0,"50,859",93.4
전라북도,전주시,덕진동,2035,"35,476.00","43,275.00","39,160.00",90.5,1.780,"12,765.00","12,765.00","8,650.00","1,190.00","3,390.00",383.00,"3,687.00",1.500,"16,621.00","20,520.00","20,520.00",614.00,"19,906.00",1.500,"6,090.00","9,990.00","9,990.00","1,046.00","8,324.00",71.00,549.00,184,149,167,"5,761",0,6,0,"34,874",89.1
전라북도,전주시,금암1동,2035,"38,236.00","40,036.00","35,914.00",89.7,0.250,"12,785.00","12,785.00","8,663.00","1,192.00","3,395.00",383.00,"3,693.00",0.400,"16,046.00","17,246.00","17,246.00",615.00,"16,631.00",0.600,"9,405.00","10,005.00","10,005.00","1,048.00","8,337.00",71.00,549.00,184,149,167,"5,770",0,6,0,"34,928",97.3
전라북도,전주시,금암2동,2035,"20,467.00","33,936.00","31,222.00",92.0,0.250,"8,414.00","8,414.00","5,700.00",784.00,"2,234.00",252.00,"2,430.00",0.400,"10,955.00","18,054.00","18,054.00",404.00,"17,650.00",0.600,"1,098.00","7,468.00","7,468.00",690.00,"6,370.00",47.00,361.00,121,98,110,"3,797",0,4,0,"22,987",73.6
전라북도,전주시,팔복동,2035,"194,682.00","194,682.00","174,343.00",89.6,1.380,"63,110.00","63,110.00","42,772.00","5,884.00","16,763.00","1,893.00","18,232.00",3.000,"82,174.00","82,174.00","82,173.00","3,036.00","79,137.00",3.000,"49,398.00","49,398.00","49,398.00","5,175.00","41,155.00",354.00,"2,714.00",911,738,837,"28,487",0,32,0,"172,418",98.9
전라북도,전주시,우아1동,2035,"74,279.00","74,279.00","66,519.00",89.6,0.440,"24,079.00","24,079.00","16,319.00","2,245.00","6,396.00",722.00,"6,956.00",0.500,"31,353.00","31,353.00","31,353.00","1,158.00","30,195.00",0.500,"18,847.00","18,847.00","18,847.00","1,974.00","15,703.00",135.00,"1,035.00",347,281,315,"10,869",0,12,0,"65,786",98.9
전라북도,전주시,우아2동,2035,"57,122.00","63,782.00","57,349.00",89.9,10.410,"19,957.00","19,957.00","13,524.00","1,860.00","5,301.00",598.00,"5,765.00",6.000,"23,765.00","28,205.00","28,205.00",960.00,"27,245.00",6.000,"13,400.00","15,620.00","15,620.00","1,636.00","13,014.00",112.00,858.00,288,233,261,"9,007",0,10,0,"54,523",95.1
전라북도,전주시,호성동,2035,"69,713.00","69,713.00","62,429.00",89.6,2.140,"22,599.00","22,599.00","15,315.00","2,107.00","6,002.00",678.00,"6,528.00",2.500,"29,426.00","29,426.00","29,426.00","1,087.00","28,339.00",2.500,"17,688.00","17,688.00","17,688.00","1,853.00","14,737.00",127.00,971.00,326,264,296,"10,201",0,11,0,"61,742",98.9
전라북도,전주시,송천1동,2035,"46,803.00","52,723.00","47,524.00",90.1,1.790,"16,132.00","16,132.00","10,933.00","1,504.00","4,285.00",484.00,"4,660.00",1.500,"21,005.00","23,965.00","23,965.00",776.00,"23,189.00",1.500,"9,666.00","12,626.00","12,626.00","1,323.00","10,520.00",90.00,693.00,232,188,211,"7,281",0,8,0,"44,074",92.7
전라북도,전주시,송천2동,2035,"74,576.00","77,355.00","69,419.00",89.7,2.140,"24,626.00","24,626.00","16,690.00","2,296.00","6,541.00",739.00,"7,114.00",4.000,"32,065.00","33,454.00","33,454.00","1,184.00","32,270.00",6.000,"17,885.00","19,275.00","19,275.00","2,019.00","16,059.00",138.00,"1,059.00",355,188,322,"11,116",0,12,0,"67,279",96.9
전라북도,전주시,조촌동,2035,"15,780.00","15,780.00","14,129.00",89.5,7.780,"5,116.00","5,116.00","3,465.00",477.00,"1,358.00",153.00,"1,477.00",8.000,"6,661.00","6,661.00","6,661.00",246.00,"6,415.00",8.000,"4,003.00","4,003.00","4,003.00",419.00,"3,336.00",28.00,220.00,73,59,67,"2,308",0,2,0,"13,976",98.9
전라북도,전주시,동산동,2035,"228,212.00","228,225.00","204,450.00",89.6,2.430,"73,962.00","73,962.00","50,187.00","6,911.00","19,660.00","2,235.00","21,381.00",2.000,"96,301.00","96,314.00","96,314.00","3,571.00","92,743.00",2.000,"57,949.00","57,949.00","57,949.00","6,081.00","48,240.00",430.00,"3,198.00","1,087",883,984,"33,416",0,55,0,"202,028",98.8
전라북도,전주시,혁신동,2035,0.00,0.00,0.00,0.0,0.000,0.00,0.00,0.00,0.00,0.00,0.00,0.00,0.000,0.00,0.00,0.00,0.00,0.00,0.000,0.00,0.00,0.00,0.00,0.00,0.00,0.00,0,0,0,0,0,0,0,0,0.0
전라북도,군산시,소계,,"1,757,670.00","1,914,035.99","1,273,692.00",66.5,14.530,"371,072.00","371,072.00","127,975.77","85,488.77","25,586.00",673.00,"16,228.00",37.480,"802,222.00","810,798.15","560,144.51","540,653.59","19,490.92",37.480,"584,376.00","732,165.84","585,571.72","239,111.09","294,941.68","7,358.07","44,160.88","10,913","6,721","6,537","11,373","11,375",71,282,"1,240,531",97.4
전라북도,군산시,옥구읍,2035,"24,582.01","24,582.01","19,377.24",78.8,0.000,"4,562.00","4,562.00","2,495.01","2,494.01",0.00,0.00,1.00,0.780,"9,932.01","9,932.01","9,932.01","9,879.34",52.67,0.780,"10,088.00","10,088.00","6,950.22",346.55,"4,913.65",722.72,967.30,524,0,0,899,899,0,4,"19,522",100.7
전라북도,군산시,옥산면,2035,"6,852.69","6,852.69","6,499.62",94.8,0.000,0.00,0.00,0.00,0.00,0.00,0.00,0.00,0.090,"1,494.69","1,494.69","1,494.69","1,494.69",0.00,0.090,"5,358.00","5,358.00","5,004.93",163.28,"3,528.49",325.88,987.28,165,0,0,84,84,0,0,"5,893",90.7
전라북도,군산시,회현면,2035,"17,957.74","17,957.74","17,738.76",98.8,0.000,0.00,0.00,0.00,0.00,0.00,0.00,0.00,2.050,"13,752.74","13,752.74","13,752.74","13,669.93",82.81,2.050,"4,205.00","4,205.00","3,986.02",260.43,"3,045.58",287.30,392.71,504,0,0,"1,003","1,003",0,6,"17,817",100.4
전라북도,군산시,임피면,2035,"53,612.41","53,612.41","49,641.88",92.6,0.000,"1,174.00","1,174.00","1,174.00",709.00,147.00,0.00,318.00,0.750,"25,781.41","25,781.41","25,781.41","25,750.29",31.12,0.750,"26,657.00","26,657.00","22,686.47","7,691.98","9,378.79","1,378.61","4,237.09","1,380",0,0,"2,272","2,272",0,35,"50,101",100.9
전라북도,군산시,서수면,2035,"26,453.78","26,453.78","21,561.83",81.5,0.000,835.00,835.00,835.00,366.00,0.00,0.00,469.00,1.810,"12,534.78","12,534.78","12,534.78","12,534.78",0.00,1.810,"13,084.00","13,084.00","8,192.05",779.90,"3,401.72",620.75,"3,389.68",645,0,0,"1,083","1,083",0,13,"22,241",103.1
전라북도,군산시,대야면,2035,"55,740.06","55,740.06","45,491.56",81.6,0.000,592.00,592.00,592.00,418.00,76.00,0.00,98.00,1.870,"33,145.06","33,145.06","33,145.06","33,120.00",25.06,1.870,"22,003.00","22,003.00","11,754.50",437.49,"2,776.68",908.74,"7,631.59",663,0,0,"1,681","1,681",0,17,"26,002",57.2
전라북도,군산시,개정면,2035,"37,827.10","37,827.10","25,849.46",68.3,0.000,0.00,0.00,0.00,0.00,0.00,0.00,0.00,1.220,"14,190.10","14,190.10","14,190.10","14,190.10",0.00,1.220,"23,637.00","23,637.00","11,659.36",790.24,317.72,726.85,"9,824.55",787,0,0,"1,460","1,460",0,16,"27,592",106.7
전라북도,군산시,성산면,2035,"8,281.49","8,982.95","8,982.95",100.0,0.000,0.00,0.00,0.00,0.00,0.00,0.00,0.00,0.000,"1,763.49","1,763.49","1,763.49","1,763.49",0.00,0.000,"6,518.00","7,219.46","7,219.46",323.81,"6,087.50",493.98,314.17,278,0,0,226,226,0,5,"8,045",89.6
전라북도,군산시,나포면,2035,"7,373.13","7,373.13","7,093.71",96.2,0.000,0.00,0.00,0.00,0.00,0.00,0.00,0.00,0.620,"2,884.13","2,884.13","2,884.13","2,884.13",0.00,0.620,"4,489.00","4,489.00","4,209.58",491.92,"2,949.47",269.38,498.81,137,0,0,253,253,0,3,"7,194",101.4
전라북도,군산시,옥도면,2035,0.00,0.00,0.00,0.0,0.000,0.00,0.00,0.00,0.00,0.00,0.00,0.00,0.000,0.00,0.00,0.00,0.00,0.00,0.000,0.00,0.00,0.00,0.00,0.00,0.00,0.00,0,0,0,0,0,0,0,0,0.0
전라북도,군산시,옥서면,2035,"30,845.16","36,009.80","34,761.60",96.5,0.000,0.00,0.00,0.00,0.00,0.00,0.00,0.00,1.190,"15,840.16","21,004.80","21,004.80","20,612.34",392.46,1.190,"15,005.00","15,005.00","13,756.80","1,302.13","9,736.72",928.72,"1,789.23",814,0,0,"1,366","1,366",0,0,"29,887",86.0
전라북도,군산시,해신동,2035,"5,974.00","13,042.00","12,688.86",97.3,0.200,0.00,0.00,0.00,0.00,0.00,0.00,0.00,0.500,"3,453.00","3,453.00","3,099.86","2,260.48",839.38,0.500,"2,521.00","9,589.00","9,589.00","1,390.32","8,116.01",4.13,78.54,28,37,36,6,6,0,1,"4,836",38.1
전라북도,군산시,월명동,2035,"5,757.00","23,551.14","20,327.54",86.3,1.050,0.00,0.00,0.00,0.00,0.00,0.00,0.00,0.090,"3,328.00","3,328.00",104.40,104.40,0.00,0.090,"2,429.00","20,223.14","20,223.14","1,340.02","18,803.89",3.44,75.79,27,36,35,6,6,0,1,"1,777",8.7
전라북도,군산시,신풍동,2035,"24,569.96","38,787.41","38,787.41",100.0,1.040,0.00,0.00,0.00,0.00,0.00,0.00,0.00,0.160,"21,991.96","21,991.96","21,991.96","21,489.85",502.11,0.160,"2,578.00","16,795.45","16,795.45","1,422.01","15,288.70",4.13,80.61,29,38,37,6,6,0,1,"23,768",61.3
전라북도,군산시,삼학동,2035,"132,834.46","132,834.46","12,931.61",9.7,0.030,"126,825.00","126,825.00","7,260.94",313.94,"1,216.00",0.00,"5,731.00",0.530,"4,922.46","4,922.46","4,922.46","4,922.46",0.00,0.530,"1,087.00","1,087.00",748.21,599.39,113.68,1.38,33.76,12,16,16,3,3,0,0,"132,495","1,024.6"
전라북도,군산시,중앙동,2035,"27,802.83","27,802.83","17,885.48",64.3,0.390,"22,401.00","22,401.00","12,734.04","6,130.04","4,771.00",0.00,"1,833.00",0.270,"4,596.83","4,596.83","4,596.83","4,377.23",219.60,0.270,805.00,805.00,554.61,444.38,84.05,1.38,24.80,9,12,12,2,2,0,0,"27,552",154.0
전라북도,군산시,흥남동,2035,"60,536.78","60,536.78","33,385.02",55.1,0.600,"43,159.00","43,159.00","16,860.74","7,313.74","5,902.00",0.00,"3,645.00",0.390,"14,633.78","14,633.78","14,633.78","14,633.78",0.00,0.390,"2,744.00","2,744.00","1,890.50","1,513.64",287.30,4.13,85.43,30,41,40,6,6,0,1,"59,683",178.8
전라북도,군산시,조촌동,2035,"106,137.38","109,548.89","96,176.94",87.8,1.170,"58,740.00","58,740.00","49,218.43","40,242.43","7,389.00",132.00,"1,455.00",1.940,"35,018.38","38,429.89","38,429.89","35,019.57","3,410.32",1.940,"12,379.00","12,379.00","8,528.62","6,826.89","1,296.62",19.29,385.82,137,184,179,29,29,2,5,"102,287",106.4
전라북도,군산시,경암동,2035,"19,196.85","38,642.20","38,642.20",100.0,0.000,0.00,0.00,0.00,0.00,0.00,0.00,0.00,1.220,"16,244.85","16,244.85","16,244.85","16,244.85",0.00,1.220,"2,952.00","22,397.35","22,397.35","21,990.87",309.34,4.82,92.32,33,44,43,7,7,0,1,"18,279",47.3
전라북도,군산시,구암동,2035,"30,376.00","30,376.00","20,041.71",66.0,1.640,"10,379.00","10,379.00","9,453.57","8,497.57",907.00,49.00,0.00,0.130,"11,559.00","11,559.00","4,774.71","4,504.93",269.78,0.130,"8,438.00","8,438.00","5,813.43","4,653.23",883.93,13.09,263.18,93,125,122,20,20,1,3,"20,967",104.6
전라북도,군산시,개정동,2035,"29,136.00","29,136.00","20,026.33",68.7,0.300,"19,479.00","19,479.00","13,019.04","9,847.04",865.00,323.00,"1,984.00",0.050,"5,582.00","5,582.00","4,199.79","3,661.79",538.00,0.050,"4,075.00","4,075.00","2,807.50","2,247.38",427.15,6.20,126.77,45,60,59,9,9,1,2,"25,948",129.6
전라북도,군산시,수송동,2035,"136,100.00","148,910.07","122,566.35",82.3,0.000,0.00,0.00,0.00,0.00,0.00,0.00,0.00,4.740,"78,670.00","78,670.00","52,326.28","49,761.88","2,564.40",4.740,"57,430.00","70,240.07","70,240.07","31,672.80","36,689.17",88.19,"1,789.91",635,851,828,132,133,9,23,"91,893",75.0
전라북도,군산시,나운1동,2035,"43,628.31","76,191.59","76,191.59",100.0,0.000,0.00,0.00,0.00,0.00,0.00,0.00,0.00,1.190,"36,850.31","36,850.31","36,850.31","36,620.46",229.85,1.190,"6,778.00","39,341.28","39,341.28","3,738.29","35,381.15",10.33,211.51,75,100,98,16,16,1,3,"41,520",54.5
전라북도,군산시,나운2동,2035,"33,418.00","37,733.00","20,232.00",53.6,0.820,0.00,0.00,0.00,0.00,0.00,0.00,0.00,0.000,"17,552.00","17,552.00",51.00,0.00,51.00,0.000,"15,866.00","20,181.00","20,181.00","8,872.46","10,789.76",24.11,494.67,176,235,229,37,37,2,6,"10,931",54.0
전라북도,군산시,나운3동,2035,"62,500.00","62,500.00","32,949.40",52.7,1.910,0.00,0.00,0.00,0.00,0.00,0.00,0.00,0.750,"31,907.00","31,907.00","13,514.11","11,865.57","1,648.54",0.750,"30,593.00","30,593.00","19,435.29","15,230.57","3,204.35",46.85,953.52,339,454,441,71,71,5,12,"32,976",100.1
전라북도,군산시,소룡동,2035,"414,908.00","453,783.09","375,160.44",82.7,5.380,"42,887.00","42,887.00","8,149.00","7,750.00",230.00,169.00,0.00,11.190,"202,381.00","202,381.00","158,496.35","150,180.09","8,316.26",11.190,"169,640.00","208,515.09","208,515.09","99,771.51","103,196.08",260.43,"5,287.07","1,877","2,515","2,446",391,392,27,68,"283,195",75.5
전라북도,군산시,미성동,2035,"355,268.86","355,268.86","98,700.51",27.8,0.000,"40,039.00","40,039.00","6,184.00","1,407.00","4,083.00",0.00,694.00,3.950,"182,212.86","182,212.86","49,424.72","49,107.16",317.56,3.950,"133,017.00","133,017.00","43,091.79","24,809.60","13,934.18",203.24,"4,144.77","1,471","1,973","1,916",305,305,23,56,"148,130",150.1
전라북도,익산시,소계,,"1,418,551.00","1,418,555.00","1,323,970.00",93.3,12.600,"451,281.00","451,285.00","451,281.00","32,782.00","363,778.00","1,678.00","53,043.00",29.170,"598,305.00","598,305.00","515,874.00",853.00,"515,021.00",26.660,"368,965.00","368,965.00","356,815.00","29,741.00","252,273.00","1,802.00","72,999.00","10,656","9,141","7,972","18,668",0,43,179,"997,094",75.3
전라북도,익산시,함열읍,2020,"125,473.00","125,473.00","101,177.00",80.6,0.940,"16,441.00","16,441.00","16,441.00",30.00,"15,006.00",306.00,"1,099.00",1.870,"53,920.00","53,920.00","38,050.00",0.00,"38,050.00",1.870,"55,112.00","55,112.00","46,686.00","1,950.00","38,666.00",43.00,"6,027.00",261,"1,302","1,972",412,0,12,45,"60,706",60.0
전라북도,익산시,오산면,2020,"47,202.00","47,202.00","40,623.00",86.1,0.490,"19,232.00","19,232.00","19,232.00",673.00,"13,587.00",0.00,"4,972.00",1.000,"17,539.00","17,539.00","10,960.00",0.00,"10,960.00",1.000,"10,431.00","10,431.00","10,431.00",0.00,"9,050.00",0.00,"1,381.00",291,159,581,186,0,0,0,"21,133",52.0
전라북도,익산시,황등면,2020,"77,107.00","77,107.00","74,501.00",96.6,0.960,"18,920.00","18,920.00","18,920.00",53.00,"15,631.00",134.00,"3,102.00",1.910,"36,657.00","36,657.00","36,657.00",0.00,"36,657.00",1.910,"21,530.00","21,530.00","18,924.00",994.00,"11,912.00",0.00,"6,018.00",669,"1,451",429,"1,854",0,4,28,"44,700",60.0
전라북도,익산시,함라면,2020,"12,468.00","12,468.00","12,468.00",100.0,0.140,856.00,856.00,856.00,0.00,676.00,0.00,180.00,0.290,"5,161.00","5,161.00","5,161.00",0.00,"5,161.00",0.290,"6,451.00","6,451.00","6,451.00","1,152.00","3,750.00","1,140.00",409.00,35,103,148,15,0,0,0,"1,870",15.0
전라북도,익산시,웅포면,2020,"11,333.00","11,333.00","11,333.00",100.0,0.100,"2,470.00","2,470.00","2,470.00",0.00,"1,538.00",0.00,932.00,0.210,"4,937.00","4,937.00","4,937.00",0.00,"4,937.00",0.210,"3,926.00","3,926.00","3,926.00",462.00,"2,950.00",0.00,514.00,167,107,200,6,0,0,0,"1,699",15.0
전라북도,익산시,성당면,2020,"25,838.00","25,838.00","21,547.00",83.4,0.110,"15,787.00","15,787.00","15,787.00",434.00,"7,289.00",0.00,"8,064.00",0.820,"10,051.00","10,051.00","5,760.00",0.00,"5,760.00",0.620,0.00,0.00,0.00,0.00,0.00,0.00,0.00,373,2,0,161,0,0,0,"12,928",60.0
전라북도,익산시,용안면,2020,"44,124.00","44,124.00","42,042.00",95.3,0.380,"4,987.00","4,987.00","4,987.00",27.00,"2,776.00",248.00,"1,936.00",0.750,"24,282.00","24,282.00","22,200.00",0.00,"22,200.00",0.750,"14,855.00","14,855.00","14,855.00",402.00,"11,750.00",0.00,"2,703.00",126,508,506,306,0,2,17,"25,225",60.0
전라북도,익산시,낭산면,2020,"26,771.00","26,771.00","21,285.00",79.5,0.150,"14,507.00","14,507.00","14,507.00",27.00,"9,503.00",0.00,"4,977.00",0.300,"12,264.00","12,264.00","6,778.00",0.00,"6,778.00",0.300,0.00,0.00,0.00,0.00,0.00,0.00,0.00,429,31,0,219,0,0,0,"12,771",60.0
전라북도,익산시,망성면,2020,"23,924.00","23,924.00","20,662.00",86.4,0.100,"11,962.00","11,962.00","11,962.00",0.00,"7,077.00",483.00,"4,402.00",0.200,"11,962.00","11,962.00","8,700.00",0.00,"8,700.00",0.200,0.00,0.00,0.00,0.00,0.00,0.00,0.00,329,0,0,265,0,0,0,"12,397",60.0
전라북도,익산시,여산면,2020,"44,324.00","44,324.00","43,328.00",97.8,0.240,0.00,0.00,0.00,0.00,0.00,0.00,0.00,0.470,"32,196.00","32,196.00","31,200.00",0.00,"31,200.00",0.470,"12,128.00","12,128.00","12,128.00",501.00,"9,100.00",171.00,"2,356.00",0,0,312,0,0,0,9,"6,499",15.0
전라북도,익산시,금마면,2020,"38,420.00","38,420.00","33,970.00",88.4,0.560,"5,695.00","5,695.00","5,695.00",11.00,"3,848.00",10.00,"1,826.00",1.120,"24,770.00","24,770.00","20,320.00",0.00,"20,320.00",1.120,"7,955.00","7,955.00","7,955.00",902.00,"4,210.00",0.00,"2,843.00",0,523,297,59,0,8,23,"20,382",60.0
전라북도,익산시,왕궁면,2020,"59,340.00","59,340.00","44,628.00",75.2,0.490,"27,033.00","27,033.00","27,033.00","1,348.00","11,117.00",405.00,"14,163.00",2.450,"29,618.00","29,618.00","14,906.00",0.00,"14,906.00",1.470,"2,689.00","2,689.00","2,689.00",223.00,"1,890.00",0.00,576.00,359,61,53,422,0,0,0,"26,776",60.0
전라북도,익산시,춘포면,2020,"60,477.00","60,477.00","47,829.00",79.1,0.670,"8,087.00","8,087.00","8,087.00",235.00,"6,038.00",0.00,"1,814.00",3.330,"37,140.00","37,140.00","24,492.00",0.00,"24,492.00",2.000,"15,250.00","15,250.00","15,250.00","1,670.00","11,269.00",0.00,"2,311.00",0,324,909,"1,093",0,4,15,"28,697",60.0
전라북도,익산시,삼기면,2020,"20,703.00","20,703.00","20,602.00",99.5,0.180,"6,308.00","6,308.00","6,308.00",0.00,"4,947.00",0.00,"1,361.00",0.370,"8,021.00","8,021.00","7,920.00",0.00,"7,920.00",0.370,"6,374.00","6,374.00","6,374.00",0.00,"5,620.00",0.00,754.00,39,139,193,4,0,0,0,"3,090",15.0
전라북도,익산시,용동면,2020,"14,259.00","14,259.00","8,714.00",61.1,0.010,"7,383.00","7,383.00","7,383.00",0.00,"5,406.00",0.00,"1,977.00",0.030,"6,107.00","6,107.00",562.00,0.00,562.00,0.030,769.00,769.00,769.00,11.00,720.00,0.00,38.00,286,12,32,1,0,0,0,"1,307",15.0
전라북도,익산시,중앙동,2020,"31,483.00","31,483.00","31,181.00",99.0,0.280,"11,669.00","11,669.00","11,669.00","1,198.00","10,377.00",4.00,90.00,1.070,"11,351.00","11,351.00","11,095.00",34.00,"11,061.00",0.560,"8,463.00","8,463.00","8,417.00",859.00,"5,657.00",18.00,"1,883.00",28,0,369,547,0,0,35,"28,686",92.0
전라북도,익산시,평화동,2020,"18,988.00","18,988.00","18,807.00",99.0,0.170,"7,038.00","7,038.00","7,038.00",723.00,"6,259.00",2.00,54.00,0.340,"6,846.00","6,846.00","6,692.00",21.00,"6,671.00",0.330,"5,104.00","5,104.00","5,077.00",518.00,"3,412.00",11.00,"1,136.00",0,67,85,330,0,3,0,"17,302",92.0
전라북도,익산시,인화동,2020,"68,542.00","68,542.00","67,885.00",99.0,0.610,"25,404.00","25,404.00","25,404.00","2,609.00","22,592.00",8.00,195.00,1.210,"24,713.00","24,713.00","24,154.00",74.00,"24,080.00",1.220,"18,425.00","18,425.00","18,327.00","1,871.00","12,317.00",39.00,"4,100.00",125,232,304,"1,190",0,0,0,"62,454",92.0
전라북도,익산시,동산동,2020,"57,933.00","57,934.00","57,380.00",99.0,0.520,"21,472.00","21,473.00","21,473.00","2,205.00","19,096.00",7.00,165.00,1.030,"20,888.00","20,888.00","20,416.00",63.00,"20,353.00",1.030,"15,573.00","15,573.00","15,491.00","1,581.00","10,411.00",33.00,"3,466.00",787,456,99,"1,006",0,2,0,"52,789",92.0
전라북도,익산시,마동,2020,"46,249.00","46,249.00","45,806.00",99.0,0.410,"17,142.00","17,142.00","17,142.00","1,760.00","15,245.00",5.00,132.00,0.810,"16,675.00","16,675.00","16,298.00",50.00,"16,248.00",0.820,"12,432.00","12,432.00","12,366.00","1,262.00","8,311.00",26.00,"2,767.00",711,198,45,803,0,0,0,"42,141",92.0
전라북도,익산시,남중동,2020,"66,698.00","66,698.00","66,060.00",99.0,0.600,"24,721.00","24,721.00","24,721.00","2,538.00","21,985.00",8.00,190.00,1.190,"24,048.00","24,048.00","23,505.00",72.00,"23,433.00",1.190,"17,929.00","17,929.00","17,834.00","1,820.00","11,986.00",38.00,"3,990.00","1,457",136,80,"1,158",0,0,0,"60,775",92.0
전라북도,익산시,모현동,2020,"81,606.00","81,607.00","80,825.00",99.0,0.730,"30,246.00","30,247.00","30,247.00","3,106.00","26,899.00",10.00,232.00,1.450,"29,424.00","29,424.00","28,758.00",88.00,"28,670.00",1.450,"21,936.00","21,936.00","21,820.00","2,227.00","14,665.00",46.00,"4,882.00","1,134",562,303,"1,417",0,2,0,"74,359",92.0
전라북도,익산시,송학동,2020,"28,633.00","28,633.00","28,357.00",99.0,0.250,"10,612.00","10,612.00","10,612.00","1,090.00","9,438.00",3.00,81.00,0.500,"10,324.00","10,324.00","10,090.00",31.00,"10,059.00",0.510,"7,697.00","7,697.00","7,655.00",781.00,"5,145.00",16.00,"1,713.00",122,60,148,497,0,1,0,"26,088",92.0
전라북도,익산시,영등1동,2020,"66,739.00","66,739.00","66,101.00",99.0,0.600,"24,736.00","24,736.00","24,736.00","2,540.00","21,998.00",8.00,190.00,1.190,"24,063.00","24,063.00","23,519.00",72.00,"23,447.00",1.190,"17,940.00","17,940.00","17,846.00","1,822.00","11,993.00",38.00,"3,993.00",633,223,256,"1,159",0,0,0,"60,812",92.0
전라북도,익산시,영등2동,2020,"32,469.00","32,470.00","32,158.00",99.0,0.290,"12,034.00","12,035.00","12,035.00","1,236.00","10,703.00",4.00,92.00,0.060,"11,707.00","11,707.00","11,442.00",35.00,"11,407.00",0.570,"8,728.00","8,728.00","8,681.00",886.00,"5,835.00",18.00,"1,942.00",872,668,21,564,0,1,0,"29,585",92.0
전라북도,익산시,어양동,2020,"42,533.00","42,534.00","42,127.00",99.0,0.380,"15,764.00","15,765.00","15,765.00","1,619.00","14,020.00",5.00,121.00,0.750,"15,336.00","15,336.00","14,989.00",46.00,"14,943.00",0.750,"11,433.00","11,433.00","11,373.00","1,161.00","7,643.00",24.00,"2,545.00",178,259,90,739,0,1,0,"38,756",92.0
전라북도,익산시,신동,2020,"64,131.00","64,131.00","63,518.00",99.0,0.570,"23,769.00","23,769.00","23,769.00","2,441.00","21,139.00",7.00,182.00,1.130,"23,123.00","23,123.00","22,601.00",70.00,"22,531.00",1.140,"17,239.00","17,239.00","17,148.00","1,750.00","11,524.00",37.00,"3,837.00",336,329,91,"1,113",0,3,5,"58,436",92.0
전라북도,익산시,팔봉동,2020,"92,055.00","92,055.00","91,173.00",99.0,0.820,"34,119.00","34,119.00","34,119.00","3,503.00","30,343.00",11.00,262.00,1.630,"33,191.00","33,191.00","32,441.00",100.00,"32,341.00",1.640,"24,745.00","24,745.00","24,613.00","2,512.00","16,542.00",52.00,"5,507.00",800,"1,229",446,"1,598",0,0,2,"83,879",92.0
전라북도,익산시,삼성동,2020,"88,729.00","88,729.00","87,883.00",99.0,0.850,"32,887.00","32,887.00","32,883.00","3,376.00","29,245.00",10.00,252.00,1.690,"31,991.00","31,991.00","31,271.00",97.00,"31,174.00",1.650,"23,851.00","23,851.00","23,729.00","2,424.00","15,945.00",52.00,"5,308.00",109,0,3,"1,544",0,0,0,"80,852",92.0
전라북도,정읍시,소계,,"801,418.00","936,434.00","658,190.00",70.3,0.000,0.00,"128,850.00","128,850.00","19,792.00","98,936.00",0.00,"10,122.00",20.520,"636,729.00","636,729.00","359,709.00",495.00,"359,214.00",0.000,"164,689.00","170,855.00","169,631.00","16,248.00","145,755.00",0.00,"7,628.00","4,621","9,767","4,592","13,508","10,250",27,141,"658,189",100.0
전라북도,정읍시,신태인읍,2035,"77,238.00","98,967.00","74,975.00",75.8,0.000,0.00,"19,473.00","19,473.00","2,135.00","15,610.00",0.00,"1,728.00",2.030,"63,235.00","63,235.00","39,243.00",0.00,"39,243.00",0.000,"14,003.00","16,259.00","16,259.00","2,331.00","11,672.00",0.00,"2,256.00",633,"1,082",459,"1,478",813,0,2,"74,974",100.0
전라북도,정읍시,북면,2035,"79,858.00","79,858.00","31,040.00",38.9,0.000,0.00,0.00,0.00,0.00,0.00,0.00,0.00,3.420,"79,842.00","79,842.00","31,024.00",0.00,"31,024.00",0.000,16.00,16.00,16.00,0.00,16.00,0.00,0.00,0,875,1,95,0,0,0,"31,040",100.0
전라북도,정읍시,입암면,2035,"36,756.00","36,756.00","8,906.00",24.2,0.000,0.00,0.00,0.00,0.00,0.00,0.00,0.00,0.630,"36,489.00","36,489.00","8,639.00",0.00,"8,639.00",0.000,267.00,267.00,267.00,0.00,267.00,0.00,0.00,0,207,8,67,16,0,0,"8,906",100.0
전라북도,정읍시,소성면,2035,"9,110.00","9,327.00","9,327.00",100.0,0.000,0.00,191.00,191.00,0.00,191.00,0.00,0.00,0.000,"7,134.00","7,134.00","7,134.00",0.00,"7,134.00",0.000,"1,976.00","2,002.00","2,002.00",260.00,"1,716.00",0.00,26.00,6,92,35,59,161,0,5,"9,327",100.0
전라북도,정읍시,고부면,2035,0.00,0.00,0.00,0.0,0.000,0.00,0.00,0.00,0.00,0.00,0.00,0.00,0.000,0.00,0.00,0.00,0.00,0.00,0.000,0.00,0.00,0.00,0.00,0.00,0.00,0.00,0,90,0,263,0,0,0,0,0.0
전라북도,정읍시,영원면,2035,0.00,0.00,0.00,0.0,0.000,0.00,0.00,0.00,0.00,0.00,0.00,0.00,0.000,0.00,0.00,0.00,0.00,0.00,0.000,0.00,0.00,0.00,0.00,0.00,0.00,0.00,0,0,0,84,0,0,0,0,0.0
전라북도,정읍시,덕천면,2035,"60,584.00","60,584.00","9,144.00",15.1,0.000,0.00,0.00,0.00,0.00,0.00,0.00,0.00,1.750,"60,584.00","60,584.00","9,144.00",0.00,"9,144.00",0.000,0.00,0.00,0.00,0.00,0.00,0.00,0.00,0,0,0,0,0,0,0,"9,144",100.0
전라북도,정읍시,이평면,2035,0.00,0.00,0.00,0.0,0.000,0.00,0.00,0.00,0.00,0.00,0.00,0.00,0.000,0.00,0.00,0.00,0.00,0.00,0.000,0.00,0.00,0.00,0.00,0.00,0.00,0.00,0,0,0,30,0,0,0,0,0.0
전라북도,정읍시,정우면,2035,"12,511.00","12,600.00","9,430.00",74.8,0.000,0.00,37.00,37.00,0.00,16.00,0.00,21.00,0.510,"12,511.00","12,511.00","9,341.00",0.00,"9,341.00",0.000,0.00,52.00,52.00,0.00,0.00,0.00,52.00,0,319,0,21,0,0,0,"9,430",100.0
전라북도,정읍시,태인면,2035,"45,756.00","46,336.00","24,236.00",52.3,0.000,0.00,0.00,0.00,0.00,0.00,0.00,0.00,1.240,"34,341.00","34,341.00","12,241.00",72.00,"12,169.00",0.000,"11,415.00","11,995.00","11,995.00","2,787.00","8,625.00",0.00,583.00,0,0,0,0,0,0,0,"24,236",100.0
전라북도,정읍시,감곡면,2035,"5,780.00","5,780.00",0.00,0.0,0.000,0.00,0.00,0.00,0.00,0.00,0.00,0.00,0.120,"5,780.00","5,780.00",0.00,0.00,0.00,0.000,0.00,0.00,0.00,0.00,0.00,0.00,0.00,2,0,9,170,8,0,0,0,0.0
전라북도,정읍시,옹동면,2035,"15,037.00","15,037.00","9,227.00",61.4,0.000,0.00,0.00,0.00,0.00,0.00,0.00,0.00,0.220,"15,037.00","15,037.00","9,227.00",0.00,"9,227.00",0.000,0.00,0.00,0.00,0.00,0.00,0.00,0.00,0,0,0,26,0,0,0,"9,227",100.0
전라북도,정읍시,칠보면,2035,"15,139.00","15,139.00","9,369.00",61.9,0.000,0.00,0.00,0.00,0.00,0.00,0.00,0.00,0.420,"13,244.00","13,244.00","7,474.00",0.00,"7,474.00",0.000,"1,895.00","1,895.00","1,895.00",0.00,"1,895.00",0.00,0.00,0,158,65,63,16,0,5,"9,369",100.0
전라북도,정읍시,산내면,2035,"49,891.00","50,091.00","7,431.00",14.8,0.000,0.00,32.00,32.00,0.00,32.00,0.00,0.00,1.990,"49,891.00","49,891.00","7,231.00",0.00,"7,231.00",0.000,0.00,168.00,168.00,0.00,168.00,0.00,0.00,0,0,0,296,0,0,0,"7,431",100.0
전라북도,정읍시,산외면,2035,"10,650.00","10,650.00",0.00,0.0,0.000,0.00,0.00,0.00,0.00,0.00,0.00,0.00,0.350,"10,650.00","10,650.00",0.00,0.00,0.00,0.000,0.00,0.00,0.00,0.00,0.00,0.00,0.00,0,0,0,87,0,0,0,0,0.0
전라북도,정읍시,수성동,2035,"89,057.00","99,394.00","96,870.00",97.5,0.000,0.00,"10,337.00","10,337.00","2,148.00","7,356.00",0.00,833.00,1.500,"47,557.00","47,557.00","46,257.00",0.00,"46,257.00",0.000,"41,500.00","41,500.00","40,276.00","4,852.00","35,348.00",0.00,76.00,"3,980","6,944","4,015","9,500","9,236",27,129,"96,870",100.0
전라북도,정읍시,장명동,2035,"8,729.00","17,450.00","17,450.00",100.0,0.000,0.00,"8,688.00","8,688.00","1,063.00","7,324.00",0.00,301.00,1.260,"6,217.00","6,217.00","6,217.00",0.00,"6,217.00",0.000,"2,512.00","2,545.00","2,545.00",141.00,"2,371.00",0.00,33.00,0,0,0,0,0,0,0,"17,450",100.0
전라북도,정읍시,내장상동,2035,"65,379.00","90,880.00","89,330.00",98.3,0.000,0.00,"25,494.00","25,494.00","2,852.00","20,470.00",0.00,"2,172.00",1.670,"44,744.00","44,744.00","43,194.00",42.00,"43,152.00",0.000,"20,635.00","20,642.00","20,642.00",807.00,"18,278.00",0.00,"1,557.00",0,0,0,84,0,0,0,"89,330",100.0
전라북도,정읍시,시기동,2035,"53,300.00","79,203.00","79,203.00",100.0,0.000,0.00,"25,844.00","25,844.00","3,292.00","21,644.00",0.00,908.00,0.000,"32,683.00","32,683.00","32,683.00",0.00,"32,683.00",0.000,"20,617.00","20,676.00","20,676.00",207.00,"20,410.00",0.00,59.00,0,0,0,261,0,0,0,"79,203",100.0
전라북도,정읍시,초산동,2035,0.00,0.00,0.00,0.0,0.000,0.00,0.00,0.00,0.00,0.00,0.00,0.00,0.410,0.00,0.00,0.00,0.00,0.00,0.000,0.00,0.00,0.00,0.00,0.00,0.00,0.00,0,0,0,130,0,0,0,0,0.0
전라북도,정읍시,연지동,2035,"39,743.00","60,367.00","60,367.00",100.0,0.000,0.00,"20,041.00","20,041.00","4,026.00","14,503.00",0.00,"1,512.00",0.190,"28,404.00","28,404.00","28,404.00",381.00,"28,023.00",0.000,"11,339.00","11,922.00","11,922.00",868.00,"10,470.00",0.00,584.00,0,0,0,210,0,0,0,"60,367",100.0
전라북도,정읍시,농소동,2035,"58,134.00","71,615.00","52,055.00",72.7,0.000,0.00,"12,359.00","12,359.00","3,415.00","7,288.00",0.00,"1,656.00",1.410,"50,512.00","50,512.00","30,952.00",0.00,"30,952.00",0.000,"7,622.00","8,744.00","8,744.00",883.00,"6,739.00",0.00,"1,122.00",0,0,0,300,0,0,0,"52,055",100.0
전라북도,정읍시,상교동,2035,"68,766.00","76,400.00","69,830.00",91.4,0.000,0.00,"6,354.00","6,354.00",861.00,"4,502.00",0.00,991.00,1.400,"37,874.00","37,874.00","31,304.00",0.00,"31,304.00",0.000,"30,892.00","32,172.00","32,172.00","3,112.00","27,780.00",0.00,"1,280.00",0,0,0,284,0,0,0,"69,830",100.0
전라북도,남원시,소계,,"712,364.00","824,491.70","618,870.70",75.1,22.000,"30,085.00","142,212.00","112,127.00","45,636.80","66,490.20",0.00,0.00,14.800,"537,730.00","537,730.70","363,526.70",0.00,"363,526.70",11.900,"144,549.00","144,549.00","143,217.00","18,815.00","115,262.00","3,583.00","5,557.00",758,"2,829","1,434","18,040",0,43,194,"391,535",63.3
전라북도,남원시,운봉읍,2030,"58,244.00","58,244.00","41,463.00",71.2,0.900,"10,294.00","10,294.00",0.00,0.00,0.00,0.00,0.00,1.100,"31,865.00","31,865.00","25,378.00",0.00,"25,378.00",1.100,"16,085.00","16,085.00","16,085.00","2,158.00","11,491.00",930.00,"1,506.00",0,516,422,"1,664",0,0,9,"33,015",79.6
전라북도,남원시,주천면,2025,"3,985.00","3,985.00","3,985.00",100.0,0.000,0.00,0.00,0.00,0.00,0.00,0.00,0.00,0.000,"3,985.00","3,985.00","3,985.00",0.00,"3,985.00",0.000,0.00,0.00,0.00,0.00,0.00,0.00,0.00,0,0,0,53,0,0,0,"2,653",66.6
전라북도,남원시,수지면,2025,"9,965.00","9,965.00","1,232.00",12.4,0.000,0.00,0.00,0.00,0.00,0.00,0.00,0.00,0.200,"9,965.00","9,965.00","1,232.00",0.00,"1,232.00",0.000,0.00,0.00,0.00,0.00,0.00,0.00,0.00,0,0,0,353,0,0,0,0,0.0
전라북도,남원시,송동면,2025,"14,291.00","14,291.00","14,286.00",100.0,0.000,0.00,0.00,0.00,0.00,0.00,0.00,0.00,0.300,"14,291.00","14,291.00","14,286.00",0.00,"14,286.00",0.000,0.00,0.00,0.00,0.00,0.00,0.00,0.00,0,0,0,477,0,0,0,"6,486",45.4
전라북도,남원시,주생면,2035,"439,724.00","551,851.00","422,070.00",76.5,0.000,0.00,"112,127.00","112,127.00","45,636.80","66,490.20",0.00,0.00,9.900,"334,609.00","334,609.00","206,060.00",0.00,"206,060.00",9.900,"105,115.00","105,115.00","103,883.00","14,481.00","87,143.00",209.00,"2,050.00",758,"1,843",628,"10,671",0,43,169,"293,604",69.6
전라북도,남원시,금지면,2020,"18,307.00","18,307.00","15,288.00",83.5,0.000,0.00,0.00,0.00,0.00,0.00,0.00,0.00,0.600,"18,307.00","18,307.00","15,288.00",0.00,"15,288.00",0.000,0.00,0.00,0.00,0.00,0.00,0.00,0.00,0,0,0,857,0,0,0,"2,019",13.2
전라북도,남원시,대강면,2020,"7,377.00","7,377.00","7,377.00",100.0,0.000,0.00,0.00,0.00,0.00,0.00,0.00,0.00,0.200,"7,377.00","7,377.00","7,377.00",0.00,"7,377.00",0.000,0.00,0.00,0.00,0.00,0.00,0.00,0.00,0,0,0,297,0,0,0,0,0.0
전라북도,남원시,대산면,2025,"1,668.00","1,668.00","1,668.00",100.0,0.000,0.00,0.00,0.00,0.00,0.00,0.00,0.00,0.000,"1,668.00","1,668.00","1,668.00",0.00,"1,668.00",0.000,0.00,0.00,0.00,0.00,0.00,0.00,0.00,0,0,0,47,0,0,0,0,0.0
전라북도,남원시,사매면,2025,"7,946.00","7,946.00","4,506.00",56.7,0.000,0.00,0.00,0.00,0.00,0.00,0.00,0.00,0.200,"7,946.00","7,946.00","4,506.00",0.00,"4,506.00",0.000,0.00,0.00,0.00,0.00,0.00,0.00,0.00,0,0,0,317,0,0,0,0,0.0
전라북도,남원시,덕과면,2015,"4,877.00","4,877.00","3,069.00",62.9,0.000,0.00,0.00,0.00,0.00,0.00,0.00,0.00,0.100,"4,877.00","4,877.00","3,069.00",0.00,"3,069.00",0.000,0.00,0.00,0.00,0.00,0.00,0.00,0.00,0,0,0,115,0,0,0,0,0.0
전라북도,남원시,보절면,2020,"20,987.00","20,987.00","20,197.00",96.2,0.000,0.00,0.00,0.00,0.00,0.00,0.00,0.00,0.400,"20,987.00","20,987.00","20,197.00",0.00,"20,197.00",0.000,0.00,0.00,0.00,0.00,0.00,0.00,0.00,0,0,0,437,0,0,0,"2,319",11.5
전라북도,남원시,산동면,2025,"17,238.00","17,238.40","17,238.40",100.0,0.000,0.00,0.00,0.00,0.00,0.00,0.00,0.00,0.300,"17,238.00","17,238.40","17,238.40",0.00,"17,238.40",0.000,0.00,0.00,0.00,0.00,0.00,0.00,0.00,0,0,0,593,0,0,0,"9,555",55.4
전라북도,남원시,이백면,2025,412.00,412.00,412.00,100.0,0.000,0.00,0.00,0.00,0.00,0.00,0.00,0.00,0.000,412.00,412.00,412.00,0.00,412.00,0.000,0.00,0.00,0.00,0.00,0.00,0.00,0.00,0,0,0,17,0,0,0,0,0.0
전라북도,남원시,아영면,2025,"9,327.00","9,327.00","3,927.00",42.1,0.000,0.00,0.00,0.00,0.00,0.00,0.00,0.00,0.200,"9,327.00","9,327.00","3,927.00",0.00,"3,927.00",0.000,0.00,0.00,0.00,0.00,0.00,0.00,0.00,0,0,0,279,0,0,0,0,0.0
전라북도,남원시,산내면,2030,"17,417.00","17,417.30","17,417.30",100.0,0.000,0.00,0.00,0.00,0.00,0.00,0.00,0.00,0.400,"17,417.00","17,417.30","17,417.30",0.00,"17,417.30",0.000,0.00,0.00,0.00,0.00,0.00,0.00,0.00,0,0,0,517,0,0,0,"6,673",38.3
전라북도,남원시,인월면,2025,"66,361.00","66,361.00","44,735.00",67.4,1.200,"5,553.00","5,553.00",0.00,0.00,0.00,0.00,0.00,0.900,"37,459.00","37,459.00","21,486.00",0.00,"21,486.00",0.900,"23,349.00","23,349.00","23,249.00","2,176.00","16,628.00","2,444.00","2,001.00",0,470,384,"1,346",0,0,16,"35,211",78.7
전라북도,남원시,동충동,2015,"2,034.00","2,034.00",0.00,0.0,2.800,"2,034.00","2,034.00",0.00,0.00,0.00,0.00,0.00,0.000,0.00,0.00,0.00,0.00,0.00,0.000,0.00,0.00,0.00,0.00,0.00,0.00,0.00,0,0,0,0,0,0,0,0,0.0
전라북도,남원시,죽항동,2015,"2,041.00","2,041.00",0.00,0.0,2.800,"2,041.00","2,041.00",0.00,0.00,0.00,0.00,0.00,0.000,0.00,0.00,0.00,0.00,0.00,0.000,0.00,0.00,0.00,0.00,0.00,0.00,0.00,0,0,0,0,0,0,0,0,0.0
전라북도,남원시,노암동,2025,"2,036.00","2,036.00",0.00,0.0,2.800,"2,036.00","2,036.00",0.00,0.00,0.00,0.00,0.00,0.000,0.00,0.00,0.00,0.00,0.00,0.000,0.00,0.00,0.00,0.00,0.00,0.00,0.00,0,0,0,0,0,0,0,0,0.0
전라북도,남원시,금동,2015,"2,981.00","2,981.00",0.00,0.0,2.800,"2,981.00","2,981.00",0.00,0.00,0.00,0.00,0.00,0.000,0.00,0.00,0.00,0.00,0.00,0.000,0.00,0.00,0.00,0.00,0.00,0.00,0.00,0,0,0,0,0,0,0,0,0.0
전라북도,남원시,왕정동,2015,"2,156.00","2,156.00",0.00,0.0,2.900,"2,156.00","2,156.00",0.00,0.00,0.00,0.00,0.00,0.000,0.00,0.00,0.00,0.00,0.00,0.000,0.00,0.00,0.00,0.00,0.00,0.00,0.00,0,0,0,0,0,0,0,0,0.0
전라북도,남원시,향교동,2025,"1,665.00","1,665.00",0.00,0.0,2.900,"1,665.00","1,665.00",0.00,0.00,0.00,0.00,0.00,0.000,0.00,0.00,0.00,0.00,0.00,0.000,0.00,0.00,0.00,0.00,0.00,0.00,0.00,0,0,0,0,0,0,0,0,0.0
전라북도,남원시,도통동,2015,"1,325.00","1,325.00",0.00,0.0,2.900,"1,325.00","1,325.00",0.00,0.00,0.00,0.00,0.00,0.000,0.00,0.00,0.00,0.00,0.00,0.000,0.00,0.00,0.00,0.00,0.00,0.00,0.00,0,0,0,0,0,0,0,0,0.0
전라북도,김제시,소계,,"817,338.40","871,525.90","579,990.00",66.5,0.000,"166,057.00","166,057.00","2,364.00",0.00,"1,375.00",989.00,0.00,66.800,"410,588.40","450,971.90","415,957.00","21,888.00","394,069.00",18.800,"240,693.00","254,497.00","161,669.00","4,337.00","75,476.00","29,780.00","52,076.00",0,"7,517","1,411","10,972","11,940",2,30,"417,356",72.0
전라북도,김제시,만경읍,2035,"46,614.60","50,554.60","29,997.00",59.3,0.000,"13,648.00","13,648.00",0.00,0.00,0.00,0.00,0.00,2.100,"25,812.60","25,812.60","18,903.00",390.00,"18,513.00",1.700,"7,154.00","11,094.00","11,094.00",0.00,"4,667.00","3,223.00","3,204.00",0,403,95,630,665,0,0,"26,592",88.6
전라북도,김제시,죽산면,2035,"19,424.90","33,952.00","24,913.00",73.4,0.000,"9,039.00","9,039.00",0.00,0.00,0.00,0.00,0.00,0.700,"7,882.90","15,118.00","15,118.00","1,130.00","13,988.00",0.800,"2,503.00","9,795.00","9,795.00",0.00,"2,043.00","7,752.00",0.00,0,316,47,465,441,0,0,"16,469",66.1
전라북도,김제시,백산면,2035,"4,138.80","5,700.00","5,700.00",100.0,0.000,0.00,0.00,0.00,0.00,0.00,0.00,0.00,0.350,"4,138.80","5,700.00","5,700.00",0.00,"5,700.00",0.000,0.00,0.00,0.00,0.00,0.00,0.00,0.00,0,49,0,173,98,0,0,"4,324",75.9
전라북도,김제시,용지면,2035,"18,467.90","18,467.90","11,700.00",63.4,0.000,0.00,0.00,0.00,0.00,0.00,0.00,0.00,0.380,"18,467.90","18,467.90","11,700.00",0.00,"11,700.00",0.000,0.00,0.00,0.00,0.00,0.00,0.00,0.00,0,219,0,218,394,0,0,"5,772",49.3
전라북도,김제시,백구면,2035,"4,169.20","5,300.00","5,300.00",100.0,0.000,0.00,0.00,0.00,0.00,0.00,0.00,0.00,0.260,"4,169.20","5,300.00","5,300.00",0.00,"5,300.00",0.000,0.00,0.00,0.00,0.00,0.00,0.00,0.00,0,49,0,127,154,0,0,"5,117",96.5
전라북도,김제시,부량면,2035,"1,193.30","2,100.00","2,100.00",100.0,0.000,0.00,0.00,0.00,0.00,0.00,0.00,0.00,0.130,"1,193.30","2,100.00","2,100.00",0.00,"2,100.00",0.000,0.00,0.00,0.00,0.00,0.00,0.00,0.00,0,14,0,102,151,0,0,"1,441",68.6
전라북도,김제시,공덕면,2035,"4,179.80","4,179.80","2,700.00",64.6,0.000,0.00,0.00,0.00,0.00,0.00,0.00,0.00,0.150,"4,179.80","4,179.80","2,700.00",0.00,"2,700.00",0.000,0.00,0.00,0.00,0.00,0.00,0.00,0.00,0,49,0,79,109,0,0,0,0.0
전라북도,김제시,청하면,2035,862.70,"1,800.00","1,800.00",100.0,0.000,0.00,0.00,0.00,0.00,0.00,0.00,0.00,0.130,862.70,"1,800.00","1,800.00",0.00,"1,800.00",0.000,0.00,0.00,0.00,0.00,0.00,0.00,0.00,0,10,0,92,121,0,0,0,0.0
전라북도,김제시,성덕면,2035,"2,440.50","4,300.00","4,300.00",100.0,0.000,0.00,0.00,0.00,0.00,0.00,0.00,0.00,0.150,"2,440.50","4,300.00","4,300.00",0.00,"4,300.00",0.000,0.00,0.00,0.00,0.00,0.00,0.00,0.00,0,29,0,107,111,0,0,"3,455",80.3
전라북도,김제시,진봉면,2035,"6,467.60","6,467.60","5,200.00",80.4,0.000,0.00,0.00,0.00,0.00,0.00,0.00,0.00,0.150,"6,467.60","6,467.60","5,200.00",0.00,"5,200.00",0.000,0.00,0.00,0.00,0.00,0.00,0.00,0.00,0,76,0,137,164,0,0,"4,112",79.1
전라북도,김제시,금구면,2035,"18,956.50","28,767.00","23,016.00",80.0,0.000,"5,751.00","5,751.00",0.00,0.00,0.00,0.00,0.00,0.600,"10,301.50","18,145.00","18,145.00",75.00,"18,070.00",1.000,"2,904.00","4,871.00","4,871.00",0.00,"2,658.00","2,213.00",0.00,0,320,62,745,774,0,0,"20,304",88.2
전라북도,김제시,봉남면,2035,"3,840.60","4,300.00","4,300.00",100.0,0.000,0.00,0.00,0.00,0.00,0.00,0.00,0.00,0.240,"3,840.60","4,300.00","4,300.00",0.00,"4,300.00",0.000,0.00,0.00,0.00,0.00,0.00,0.00,0.00,0,45,0,71,104,0,0,0,0.0
전라북도,김제시,황산면,2035,"3,775.50","6,100.00","6,100.00",100.0,0.000,0.00,0.00,0.00,0.00,0.00,0.00,0.00,0.440,"3,775.50","6,100.00","6,100.00",0.00,"6,100.00",0.000,0.00,0.00,0.00,0.00,0.00,0.00,0.00,0,45,0,207,133,0,0,0,0.0
전라북도,김제시,금산면,2035,"50,829.10","55,538.00","46,726.00",84.1,0.000,"8,812.00","8,812.00",0.00,0.00,0.00,0.00,0.00,1.900,"29,996.10","34,100.00","34,100.00","2,188.00","31,912.00",2.000,"12,021.00","12,626.00","12,626.00",0.00,"8,705.00","3,921.00",0.00,0,771,165,"1,319","1,843",0,0,"36,364",77.8
전라북도,김제시,광활면,2035,"3,130.40","3,130.40","1,100.00",35.1,0.000,0.00,0.00,0.00,0.00,0.00,0.00,0.00,0.120,"3,130.40","3,130.40","1,100.00",0.00,"1,100.00",0.000,0.00,0.00,0.00,0.00,0.00,0.00,0.00,0,31,0,37,0,0,0,0,0.0
전라북도,김제시,요촌동,2035,"188,654.10","193,198.40","127,940.00",66.2,0.000,"38,642.10","38,642.10",0.00,0.00,0.00,0.00,0.00,25.200,"85,178.70","89,723.00","89,723.00","5,432.00","84,291.00",4.000,"64,833.30","64,833.30","38,217.00","1,301.00","18,452.00","3,802.00","14,662.00",0,"1,527",313,"1,941","1,846",1,9,"107,775",84.2
전라북도,김제시,신풍동,2035,"125,769.40","128,214.60","83,535.00",65.2,0.000,"25,761.40","25,761.40",0.00,0.00,0.00,0.00,0.00,13.500,"56,785.80","59,231.00","59,231.00","3,621.00","55,610.00",2.700,"43,222.20","43,222.20","24,304.00",867.00,"11,129.00","2,534.00","9,774.00",0,"1,018",208,"1,517","1,334",1,6,"81,240",97.3
전라북도,김제시,검산동,2035,"251,538.80","251,538.80","145,622.00",57.9,0.000,"51,522.80","51,522.80",0.00,0.00,0.00,0.00,0.00,11.200,"113,571.60","113,571.60","97,012.00","7,241.00","89,771.00",5.300,"86,444.40","86,444.40","48,610.00","1,735.00","22,258.00","5,068.00","19,549.00",0,"2,037",417,"2,352","2,784",0,12,"57,450",39.5
전라북도,김제시,교월동,2035,"62,884.70","67,916.80","47,941.00",70.6,0.000,"12,880.70","12,880.70","2,364.00",0.00,"1,375.00",989.00,0.00,9.100,"28,392.90","33,425.00","33,425.00","1,811.00","31,614.00",1.300,"21,611.10","21,611.10","12,152.00",434.00,"5,564.00","1,267.00","4,887.00",0,509,104,653,714,0,3,"46,941",97.9
전라북도,군부,합계,,"3,011,921.50","3,563,466.01","2,882,161.01",80.9,38.284,"161,522.00","181,444.00","88,860.00","52,317.00","20,900.00","4,843.00","10,800.00",152.385,"2,251,338.60","2,573,943.01","2,113,732.41",0.00,"2,113,732.41",913.480,"599,060.90","808,079.00","679,568.60","92,185.80","411,890.20","11,928.90","163,563.70","11,464","47,569","39,423","85,787","59,551",21,677,"2,614,715",90.7
전라북도,완주군,소계,,"784,225.00","790,409.00","682,819.00",86.4,0.000,0.00,0.00,0.00,0.00,0.00,0.00,0.00,21.163,"594,584.00","600,024.00","492,434.00",0.00,"492,434.00",819.900,"189,641.00","190,385.00","190,385.00","14,412.00","110,274.00",0.00,"65,699.00",0,"10,573","4,168","32,210","13,220",1,251,"682,819",100.0
전라북도,완주군,삼례읍,2030,"140,913.00","140,913.00","139,380.00",98.9,0.000,0.00,0.00,0.00,0.00,0.00,0.00,0.00,10.411,"89,440.00","89,440.00","87,907.00",0.00,"87,907.00",28.600,"51,473.00","51,473.00","51,473.00","3,313.00","27,534.00",0.00,"20,626.00",0,"1,607",884,"17,881","7,254",1,25,"139,380",100.0
전라북도,완주군,봉동읍,2030,"134,393.00","134,393.00","133,844.00",99.6,0.000,0.00,0.00,0.00,0.00,0.00,0.00,0.00,1.030,"92,673.00","92,673.00","92,124.00",0.00,"92,124.00",46.000,"41,720.00","41,720.00","41,720.00","4,421.00","23,843.00",0.00,"13,456.00",0,"2,074",978,911,212,0,10,"133,844",100.0
전라북도,완주군,용진읍,2030,"89,557.00","89,557.00","85,773.00",95.8,0.000,0.00,0.00,0.00,0.00,0.00,0.00,0.00,2.612,"71,700.00","71,700.00","67,916.00",0.00,"67,916.00",38.500,"17,857.00","17,857.00","17,857.00",466.00,"9,841.00",0.00,"7,550.00",0,667,176,"1,238",540,0,0,"85,773",100.0
전라북도,완주군,상관면,2030,"73,067.00","73,067.00","73,067.00",100.0,0.000,0.00,0.00,0.00,0.00,0.00,0.00,0.00,0.648,"55,077.00","55,077.00","55,077.00",0.00,"55,077.00",68.600,"17,990.00","17,990.00","17,990.00","1,358.00","6,926.00",0.00,"9,706.00",0,"1,207",350,539,186,0,11,"73,067",100.0
전라북도,완주군,이서면,2030,"51,206.00","51,206.00","38,195.00",74.6,0.000,0.00,0.00,0.00,0.00,0.00,0.00,0.00,1.179,"51,206.00","51,206.00","38,195.00",0.00,"38,195.00",33.400,0.00,0.00,0.00,0.00,0.00,0.00,0.00,0,838,0,936,399,0,0,"38,195",100.0
전라북도,완주군,소양면,2030,"78,736.00","84,176.00","84,176.00",100.0,0.000,0.00,0.00,0.00,0.00,0.00,0.00,0.00,1.915,"51,872.00","57,312.00","57,312.00",0.00,"57,312.00",94.100,"26,864.00","26,864.00","26,864.00","1,357.00","17,825.00",0.00,"7,682.00",0,"1,974",926,"4,404","1,874",0,94,"84,176",100.0
전라북도,완주군,구이면,2030,"60,906.00","61,650.00","47,769.00",77.5,0.000,0.00,0.00,0.00,0.00,0.00,0.00,0.00,1.295,"48,376.00","48,376.00","34,495.00",0.00,"34,495.00",89.000,"12,530.00","13,274.00","13,274.00",876.00,"10,847.00",0.00,"1,551.00",0,817,314,"2,306","1,002",0,66,"47,769",100.0
전라북도,완주군,고산면,2030,"70,893.00","70,893.00","44,895.00",63.3,0.000,0.00,0.00,0.00,0.00,0.00,0.00,0.00,0.746,"49,686.00","49,686.00","23,688.00",0.00,"23,688.00",69.400,"21,207.00","21,207.00","21,207.00","2,621.00","13,458.00",0.00,"5,128.00",0,604,540,"3,321","1,467",0,45,"44,895",100.0
전라북도,완주군,비봉면,2030,"21,898.00","21,898.00","20,813.00",95.0,0.000,0.00,0.00,0.00,0.00,0.00,0.00,0.00,0.284,"21,898.00","21,898.00","20,813.00",0.00,"20,813.00",44.500,0.00,0.00,0.00,0.00,0.00,0.00,0.00,0,410,0,276,115,0,0,"20,813",100.0
전라북도,완주군,운주면,2030,"30,338.00","30,338.00","8,324.00",27.4,0.000,0.00,0.00,0.00,0.00,0.00,0.00,0.00,0.756,"30,338.00","30,338.00","8,324.00",0.00,"8,324.00",91.800,0.00,0.00,0.00,0.00,0.00,0.00,0.00,0,204,0,165,61,0,0,"8,324",100.0
전라북도,완주군,화산면,2030,"23,154.00","23,154.00","4,609.00",19.9,0.000,0.00,0.00,0.00,0.00,0.00,0.00,0.00,0.187,"23,154.00","23,154.00","4,609.00",0.00,"4,609.00",70.800,0.00,0.00,0.00,0.00,0.00,0.00,0.00,0,126,0,135,45,0,0,"4,609",100.0
전라북도,완주군,동상면,2030,0.00,0.00,0.00,0.0,0.000,0.00,0.00,0.00,0.00,0.00,0.00,0.00,0.000,0.00,0.00,0.00,0.00,0.00,106.400,0.00,0.00,0.00,0.00,0.00,0.00,0.00,0,0,0,0,38,0,0,0,0.0
전라북도,완주군,경천면,2030,"9,164.00","9,164.00","1,974.00",21.5,0.000,0.00,0.00,0.00,0.00,0.00,0.00,0.00,0.100,"9,164.00","9,164.00","1,974.00",0.00,"1,974.00",38.800,0.00,0.00,0.00,0.00,0.00,0.00,0.00,0,45,0,98,27,0,0,"1,974",100.0
전라북도,진안군,소계,,"399,308.00","400,132.00","316,146.00",79.0,0.000,0.00,0.00,0.00,0.00,0.00,0.00,0.00,8.725,"346,994.00","347,818.00","263,832.00",0.00,"263,832.00",0.000,"52,314.00","52,314.00","52,314.00","4,404.00","35,423.00",582.00,"11,905.00",0,"5,411","1,311","8,911",406,0,102,"278,229",88.0
전라북도,진안군,진안읍,2035,"149,604.00","150,428.00","150,428.00",100.0,0.000,0.00,0.00,0.00,0.00,0.00,0.00,0.00,4.056,"106,622.00","107,446.00","107,446.00",0.00,"107,446.00",0.000,"42,982.00","42,982.00","42,982.00","3,852.00","29,906.00",0.00,"9,224.00",0,"2,249","1,128","4,736",258,0,82,"127,454",84.7
전라북도,진안군,용담면,2035,"30,945.00","30,945.00","25,852.00",83.5,0.000,0.00,0.00,0.00,0.00,0.00,0.00,0.00,0.412,"21,613.00","21,613.00","16,520.00",0.00,"16,520.00",0.000,"9,332.00","9,332.00","9,332.00",552.00,"5,517.00",582.00,"2,681.00",0,318,183,319,148,0,20,"23,112",89.4
전라북도,진안군,안천면,2035,"21,571.00","21,571.00","20,467.00",94.9,0.000,0.00,0.00,0.00,0.00,0.00,0.00,0.00,0.397,"21,571.00","21,571.00","20,467.00",0.00,"20,467.00",0.000,0.00,0.00,0.00,0.00,0.00,0.00,0.00,0,347,0,463,0,0,0,"14,228",69.5
전라북도,진안군,동향면,2035,"15,506.00","15,506.00","7,749.00",50.0,0.000,0.00,0.00,0.00,0.00,0.00,0.00,0.00,0.254,"15,506.00","15,506.00","7,749.00",0.00,"7,749.00",0.000,0.00,0.00,0.00,0.00,0.00,0.00,0.00,0,176,0,272,0,0,0,"7,749",100.0
전라북도,진안군,상전면,2035,"13,478.00","13,478.00","2,757.00",20.5,0.000,0.00,0.00,0.00,0.00,0.00,0.00,0.00,0.141,"13,478.00","13,478.00","2,757.00",0.00,"2,757.00",0.000,0.00,0.00,0.00,0.00,0.00,0.00,0.00,0,75,0,163,0,0,0,"2,757",100.0
전라북도,진안군,백운면,2035,"24,125.00","24,125.00","19,857.00",82.3,0.000,0.00,0.00,0.00,0.00,0.00,0.00,0.00,0.599,"24,125.00","24,125.00","19,857.00",0.00,"19,857.00",0.000,0.00,0.00,0.00,0.00,0.00,0.00,0.00,0,389,0,509,0,0,0,"17,098",86.1
전라북도,진안군,성수면,2035,"26,508.00","26,508.00","15,209.00",57.4,0.000,0.00,0.00,0.00,0.00,0.00,0.00,0.00,0.437,"26,508.00","26,508.00","15,209.00",0.00,"15,209.00",0.000,0.00,0.00,0.00,0.00,0.00,0.00,0.00,0,319,0,418,0,0,0,"15,209",100.0
전라북도,진안군,마령면,2035,"22,858.00","22,858.00","18,299.00",80.1,0.000,0.00,0.00,0.00,0.00,0.00,0.00,0.00,0.542,"22,858.00","22,858.00","18,299.00",0.00,"18,299.00",0.000,0.00,0.00,0.00,0.00,0.00,0.00,0.00,0,367,0,566,0,0,0,"15,322",83.7
전라북도,진안군,부귀면,2035,"39,151.00","39,151.00","10,584.00",27.0,0.000,0.00,0.00,0.00,0.00,0.00,0.00,0.00,0.367,"39,151.00","39,151.00","10,584.00",0.00,"10,584.00",0.000,0.00,0.00,0.00,0.00,0.00,0.00,0.00,0,279,0,357,0,0,0,"10,584",100.0
전라북도,진안군,정천면,2035,"18,206.00","18,206.00","12,308.00",67.6,0.000,0.00,0.00,0.00,0.00,0.00,0.00,0.00,0.288,"18,206.00","18,206.00","12,308.00",0.00,"12,308.00",0.000,0.00,0.00,0.00,0.00,0.00,0.00,0.00,0,242,0,375,0,0,0,"12,308",100.0
전라북도,진안군,주천면,2035,"37,356.00","37,356.00","32,636.00",87.4,0.000,0.00,0.00,0.00,0.00,0.00,0.00,0.00,1.232,"37,356.00","37,356.00","32,636.00",0.00,"32,636.00",0.000,0.00,0.00,0.00,0.00,0.00,0.00,0.00,0,650,0,733,0,0,0,"32,408",99.3
전라북도,무주군,소계,,"294,988.00","310,563.00","234,019.00",75.4,7.384,0.00,"12,318.00","12,318.00","4,514.00","2,589.00","1,992.00","3,223.00",9.446,"194,783.00","198,040.00","149,568.00",0.00,"149,568.00",11.200,"100,205.00","100,205.00","72,133.00","1,407.00","70,726.00",0.00,0.00,"2,637","1,773",962,"3,395","1,923",0,0,"234,019",100.0
전라북도,무주군,무주읍,2020,"68,513.00","75,684.00","66,717.00",88.2,0.150,0.00,"7,171.00","7,171.00","4,009.00","1,282.00","1,260.00",620.00,2.227,"35,200.00","35,200.00","30,784.00",0.00,"30,784.00",2.500,"33,313.00","33,313.00","28,762.00",310.00,"28,452.00",0.00,0.00,671,394,383,945,767,0,0,"66,717",100.0
전라북도,무주군,무풍면,2020,"27,600.00","31,125.00","26,157.00",84.0,0.835,0.00,268.00,268.00,27.00,100.00,40.00,101.00,0.800,"16,500.00","19,757.00","19,757.00",0.00,"19,757.00",0.800,"11,100.00","11,100.00","6,132.00",0.00,"6,132.00",0.00,0.00,429,247,82,643,164,0,0,"28,657",109.6
전라북도,무주군,설천면,2020,"77,679.00","79,025.00","70,982.00",89.8,3.319,0.00,"1,346.00","1,346.00",21.00,99.00,0.00,"1,226.00",3.319,"49,000.00","49,000.00","45,881.00",0.00,"45,881.00",4.800,"28,679.00","28,679.00","23,755.00",210.00,"23,545.00",0.00,0.00,354,487,317,540,633,0,0,"68,482",96.5
전라북도,무주군,적상면,2020,"27,878.00","27,878.00","15,397.00",55.2,0.575,0.00,0.00,0.00,0.00,0.00,0.00,0.00,0.600,"21,898.00","21,898.00","11,442.00",0.00,"11,442.00",0.600,"5,980.00","5,980.00","3,955.00",266.00,"3,689.00",0.00,0.00,351,153,53,252,105,0,0,"15,397",100.0
전라북도,무주군,안성면,2020,"72,400.00","75,933.00","48,902.00",64.4,2.255,0.00,"3,533.00","3,533.00",457.00,"1,108.00",692.00,"1,276.00",2.400,"56,000.00","56,000.00","38,463.00",0.00,"38,463.00",2.400,"16,400.00","16,400.00","6,906.00",0.00,"6,906.00",0.00,0.00,832,449,92,895,184,0,0,"48,902",100.0
전라북도,무주군,부남면,2020,"20,918.00","20,918.00","5,864.00",28.0,0.250,0.00,0.00,0.00,0.00,0.00,0.00,0.00,0.100,"16,185.00","16,185.00","3,241.00",0.00,"3,241.00",0.100,"4,733.00","4,733.00","2,623.00",621.00,"2,002.00",0.00,0.00,0,43,35,120,70,0,0,"5,864",100.0
전라북도,장수군,소계,,"98,139.00","244,610.00","217,920.00",89.1,0.000,0.00,0.00,0.00,0.00,0.00,0.00,0.00,5.880,"98,139.00","175,422.00","148,732.00",0.00,"148,732.00",0.000,0.00,"69,188.00","69,188.00",0.00,"48,973.00","3,458.00","16,757.00",0,"4,466","1,238","4,744","4,952",0,0,"190,009",87.2
전라북도,장수군,장수읍,2035,"5,770.00","77,324.00","77,324.00",100.0,0.000,0.00,0.00,0.00,0.00,0.00,0.00,0.00,1.810,"5,770.00","48,158.00","48,158.00",0.00,"48,158.00",0.000,0.00,"29,166.00","29,166.00",0.00,"23,960.00",851.00,"4,355.00",0,"1,841",709,"1,945","2,836",0,0,"75,684",97.9
전라북도,장수군,산서면,2035,"27,132.00","31,481.00","17,023.00",54.1,0.000,0.00,0.00,0.00,0.00,0.00,0.00,0.00,1.020,"27,132.00","27,132.00","12,674.00",0.00,"12,674.00",0.000,0.00,"4,349.00","4,349.00",0.00,"1,733.00",0.00,"2,616.00",0,285,0,91,0,0,0,"12,569",73.8
전라북도,장수군,번암면,2035,"11,214.00","23,588.00","23,588.00",100.0,0.000,0.00,0.00,0.00,0.00,0.00,0.00,0.00,0.620,"11,214.00","19,708.00","19,708.00",0.00,"19,708.00",0.000,0.00,"3,880.00","3,880.00",0.00,"1,295.00",0.00,"2,585.00",0,384,0,449,0,0,0,"22,713",96.3
전라북도,장수군,장계면,2035,"28,427.00","71,548.00","71,548.00",100.0,0.000,0.00,0.00,0.00,0.00,0.00,0.00,0.00,1.470,"28,427.00","43,829.00","43,829.00",0.00,"43,829.00",0.000,0.00,"27,719.00","27,719.00",0.00,"19,704.00","2,607.00","5,408.00",0,"1,610",529,"1,418","2,116",0,0,"54,200",75.8
전라북도,장수군,천천면,2035,"12,525.00","18,363.00","18,363.00",100.0,0.000,0.00,0.00,0.00,0.00,0.00,0.00,0.00,0.590,"12,525.00","14,699.00","14,699.00",0.00,"14,699.00",0.000,0.00,"3,664.00","3,664.00",0.00,"2,281.00",0.00,"1,383.00",0,346,0,362,0,0,0,"16,817",91.6
전라북도,장수군,계남면,2035,"13,071.00","13,071.00",839.00,6.4,0.000,0.00,0.00,0.00,0.00,0.00,0.00,0.00,0.030,"13,071.00","13,071.00",839.00,0.00,839.00,0.000,0.00,0.00,0.00,0.00,0.00,0.00,0.00,0,0,0,119,0,0,0,835,99.5
전라북도,장수군,계북면,2035,0.00,"9,235.00","9,235.00",100.0,0.000,0.00,0.00,0.00,0.00,0.00,0.00,0.00,0.340,0.00,"8,825.00","8,825.00",0.00,"8,825.00",0.000,0.00,410.00,410.00,0.00,0.00,0.00,410.00,0,0,0,360,0,0,0,"7,191",77.9
전라북도,임실군,소계,,"38,494.50","370,508.01","370,508.01",100.0,0.000,0.00,0.00,0.00,0.00,0.00,0.00,0.00,9.960,"7,440.00","239,388.41","239,388.41",0.00,"239,388.41",9.960,"31,054.50","131,119.60","131,119.60","13,254.80","78,161.20","1,247.90","38,455.70",0,"3,176",864,"8,144","8,144",3,274,"320,350",86.5
전라북도,임실군,임실읍,2025,"14,887.60","129,650.55","129,650.55",100.0,0.000,0.00,0.00,0.00,0.00,0.00,0.00,0.00,2.450,0.00,"72,881.05","72,881.05",0.00,"72,881.05",2.450,"14,887.60","56,769.50","56,769.50","4,446.70","37,012.00",89.90,"15,220.90",0,894,250,"2,516","2,516",2,133,"191,761",147.9
전라북도,임실군,청웅면,2025,0.00,"5,770.09","5,770.09",100.0,0.000,0.00,0.00,0.00,0.00,0.00,0.00,0.00,0.380,0.00,"5,770.09","5,770.09",0.00,"5,770.09",0.380,0.00,0.00,0.00,0.00,0.00,0.00,0.00,0,180,41,362,362,0,9,"7,400",128.2
전라북도,임실군,운암면,2025,0.00,"18,185.42","18,185.42",100.0,0.000,0.00,0.00,0.00,0.00,0.00,0.00,0.00,0.610,0.00,"16,979.52","16,979.52",0.00,"16,979.52",0.610,0.00,"1,205.90","1,205.90",491.80,252.80,0.00,461.30,0,250,65,452,452,0,6,"19,000",104.5
전라북도,임실군,신평면,2025,"1,295.10","27,309.28","27,309.28",100.0,0.000,0.00,0.00,0.00,0.00,0.00,0.00,0.00,1.180,0.00,"19,650.18","19,650.18",0.00,"19,650.18",1.180,"1,295.10","7,659.10","7,659.10",901.40,"3,961.60",418.10,"2,378.00",0,89,89,389,389,0,8,"16,331",59.8
전라북도,임실군,성수면,2025,"5,540.00","11,633.64","11,633.64",100.0,0.000,0.00,0.00,0.00,0.00,0.00,0.00,0.00,0.400,"5,540.00","11,513.34","11,513.34",0.00,"11,513.34",0.400,0.00,120.30,120.30,0.00,120.30,0.00,0.00,0,100,45,388,388,0,4,"7,536",64.8
전라북도,임실군,오수면,2025,"8,179.00","76,574.53","76,574.53",100.0,0.000,0.00,0.00,0.00,0.00,0.00,0.00,0.00,1.730,0.00,"39,537.23","39,537.23",0.00,"39,537.23",1.730,"8,179.00","37,037.30","37,037.30","3,273.30","21,822.10",739.90,"11,202.00",0,551,138,"1,584","1,584",1,49,"21,300",27.8
전라북도,임실군,신덕면,2025,"1,900.00","10,118.05","10,118.05",100.0,0.000,0.00,0.00,0.00,0.00,0.00,0.00,0.00,0.340,"1,900.00","9,446.05","9,446.05",0.00,"9,446.05",0.340,0.00,672.00,672.00,0.00,215.40,0.00,456.60,0,200,46,303,303,0,6,"19,716",194.9
전라북도,임실군,삼계면,2025,0.00,"5,841.55","5,841.55",100.0,0.000,0.00,0.00,0.00,0.00,0.00,0.00,0.00,0.260,0.00,"5,841.55","5,841.55",0.00,"5,841.55",0.260,0.00,0.00,0.00,0.00,0.00,0.00,0.00,0,110,15,226,226,0,8,"6,130",104.9
전라북도,임실군,관촌면,2025,"6,692.80","69,336.04","69,336.04",100.0,0.000,0.00,0.00,0.00,0.00,0.00,0.00,0.00,1.730,0.00,"41,680.54","41,680.54",0.00,"41,680.54",1.730,"6,692.80","27,655.50","27,655.50","4,141.60","14,777.00",0.00,"8,736.90",0,300,68,986,986,0,22,"4,537",6.5
전라북도,임실군,강진면,2025,0.00,"8,682.19","8,682.19",100.0,0.000,0.00,0.00,0.00,0.00,0.00,0.00,0.00,0.370,0.00,"8,682.19","8,682.19",0.00,"8,682.19",0.370,0.00,0.00,0.00,0.00,0.00,0.00,0.00,0,215,48,462,462,0,6,"15,870",182.8
전라북도,임실군,덕치면,2025,0.00,"2,515.63","2,515.63",100.0,0.000,0.00,0.00,0.00,0.00,0.00,0.00,0.00,0.220,0.00,"2,515.63","2,515.63",0.00,"2,515.63",0.220,0.00,0.00,0.00,0.00,0.00,0.00,0.00,0,132,32,224,224,0,11,"4,900",194.8
전라북도,임실군,지사면,2025,0.00,"4,891.04","4,891.04",100.0,0.000,0.00,0.00,0.00,0.00,0.00,0.00,0.00,0.290,0.00,"4,891.04","4,891.04",0.00,"4,891.04",0.290,0.00,0.00,0.00,0.00,0.00,0.00,0.00,0,155,27,252,252,0,12,"5,869",120.0
전라북도,순창군,소계,,"234,065.00","273,135.00","187,641.00",68.7,17.900,"68,306.00","75,910.00","24,405.00","9,886.00","14,519.00",0.00,0.00,35.000,"144,466.00","145,335.00","123,150.00",0.00,"123,150.00",14.700,"21,293.00","51,890.00","40,086.00",615.00,"35,365.00","3,549.00",557.00,332,"5,516","3,857","6,767","5,409",11,50,"140,775",75.0
전라북도,순창군,순창읍,2020,"149,820.00","149,820.00","85,593.00",57.1,17.000,"68,306.00","68,306.00","16,801.00","9,886.00","6,915.00",0.00,0.00,16.300,"68,490.00","68,490.00","67,571.00",0.00,"67,571.00",11.100,"13,024.00","13,024.00","1,221.00",615.00,0.00,549.00,57.00,215,"3,126","2,188","2,154","1,723",11,50,"82,451",96.3
전라북도,순창군,인계면,2020,"5,007.00","12,183.00","12,024.00",98.7,0.000,0.00,"2,290.00","2,290.00",0.00,"2,290.00",0.00,0.00,1.200,"5,007.00","5,007.00","4,848.00",0.00,"4,848.00",0.200,0.00,"4,886.00","4,886.00",0.00,"4,886.00",0.00,0.00,0,253,177,431,344,0,0,"4,848",40.3
전라북도,순창군,동계면,2020,"4,661.00","8,515.00","8,515.00",100.0,0.000,0.00,0.00,0.00,0.00,0.00,0.00,0.00,1.100,"4,661.00","5,530.00","5,530.00",0.00,"5,530.00",0.400,0.00,"2,985.00","2,985.00",0.00,"2,985.00",0.00,0.00,0,272,190,542,433,0,0,"4,661",54.7
전라북도,순창군,풍산면,2020,"3,905.00","9,748.00","9,748.00",100.0,0.000,0.00,"1,845.00","1,845.00",0.00,"1,845.00",0.00,0.00,0.900,"3,905.00","3,905.00","3,905.00",0.00,"3,905.00",0.200,0.00,"3,998.00","3,998.00",0.00,"3,998.00",0.00,0.00,0,283,198,377,301,0,0,"3,905",40.1
전라북도,순창군,금과면,2020,"13,013.00","16,483.00","12,112.00",73.5,0.000,0.00,0.00,0.00,0.00,0.00,0.00,0.00,3.200,"13,013.00","13,013.00","8,642.00",0.00,"8,642.00",0.700,0.00,"3,470.00","3,470.00",0.00,"3,470.00",0.00,0.00,0,147,102,622,497,0,0,"2,160",17.8
전라북도,순창군,팔덕면,2020,"5,906.00","11,956.00","11,956.00",100.0,0.000,0.00,"1,180.00","1,180.00",0.00,"1,180.00",0.00,0.00,1.400,"5,906.00","5,906.00","5,906.00",0.00,"5,906.00",0.400,0.00,"4,870.00","4,870.00",0.00,"4,870.00",0.00,0.00,0,192,134,453,362,0,0,"5,906",49.4
전라북도,순창군,쌍치면,2020,"8,032.00","8,032.00","8,031.00",100.0,0.000,0.00,0.00,0.00,0.00,0.00,0.00,0.00,1.100,"4,765.00","4,765.00","4,765.00",0.00,"4,765.00",0.200,"3,267.00","3,267.00","3,266.00",0.00,"3,266.00",0.00,0.00,0,163,114,334,267,0,0,"8,032",100.0
전라북도,순창군,복흥면,2020,"16,649.00","17,323.00","7,261.00",41.9,0.000,0.00,0.00,0.00,0.00,0.00,0.00,0.00,3.800,"15,340.00","15,340.00","5,278.00",0.00,"5,278.00",0.500,"1,309.00","1,983.00","1,983.00",0.00,"1,983.00",0.00,0.00,0,327,228,350,280,0,0,"7,049",97.1
전라북도,순창군,적성면,2020,"3,589.00","8,471.00","8,030.00",94.8,0.000,0.00,"2,039.00","2,039.00",0.00,"2,039.00",0.00,0.00,0.800,"3,589.00","3,589.00","3,148.00",0.00,"3,148.00",0.200,0.00,"2,843.00","2,843.00",0.00,"2,843.00",0.00,0.00,0,184,128,468,374,0,0,"3,148",39.2
전라북도,순창군,유등면,2020,"10,169.00","17,289.00","11,580.00",67.0,0.900,0.00,250.00,250.00,0.00,250.00,0.00,0.00,2.400,"10,039.00","10,039.00","4,330.00",0.00,"4,330.00",0.400,130.00,"7,000.00","7,000.00",0.00,"3,500.00","3,000.00",500.00,32,313,219,453,362,0,0,"9,825",84.8
전라북도,순창군,구림면,2020,"13,314.00","13,315.00","12,791.00",96.1,0.000,0.00,0.00,0.00,0.00,0.00,0.00,0.00,2.800,"9,751.00","9,751.00","9,227.00",0.00,"9,227.00",0.400,"3,563.00","3,564.00","3,564.00",0.00,"3,564.00",0.00,0.00,85,256,179,583,466,0,0,"8,790",68.7
전라북도,고창군,소계,,"560,347.00","560,347.00","466,642.00",83.3,13.000,"93,216.00","93,216.00","52,137.00","37,917.00","3,792.00","2,851.00","7,577.00",20.291,"382,961.60","382,961.60","361,199.00",0.00,"361,199.00",15.800,"84,169.40","84,169.40","53,306.00","52,958.00",242.00,106.00,0.00,58,"7,521","15,036","11,520","7,515",5,0,"433,533",92.9
전라북도,고창군,고창읍,2020,"237,933.60","237,933.60","193,144.00",81.2,3.200,"54,285.00","54,285.00","23,641.00","17,107.00","2,129.00",423.00,"3,982.00",3.428,"134,998.60","134,998.60","130,501.00",0.00,"130,501.00",6.800,"48,650.00","48,650.00","39,002.00","38,760.00",242.00,0.00,0.00,58,"2,786","5,072","4,427","2,536",5,0,"193,144",100.0
전라북도,고창군,고수면,2020,"23,750.60","23,750.60","13,310.00",56.0,0.800,"2,724.00","2,724.00",700.00,700.00,0.00,0.00,0.00,0.290,"19,816.60","19,816.60","12,610.00",0.00,"12,610.00",0.800,"1,210.00","1,210.00",0.00,0.00,0.00,0.00,0.00,0,378,514,480,257,0,0,"13,310",100.0
전라북도,고창군,아산면,2020,"32,889.90","32,889.90","30,135.50",91.6,0.800,"3,360.00","3,360.00","2,160.00","1,808.00",0.00,0.00,352.00,2.604,"27,632.10","27,632.10","27,010.50",0.00,"27,010.50",0.800,"1,897.80","1,897.80",965.00,965.00,0.00,0.00,0.00,0,638,"1,062",941,531,0,0,"30,135",100.0
전라북도,고창군,무장면,2020,"15,795.50","15,795.50","11,778.00",74.6,0.600,"5,231.00","5,231.00","4,232.00","1,249.00",600.00,"1,236.00","1,147.00",0.690,"7,142.50","7,142.50","5,590.00",0.00,"5,590.00",0.600,"3,422.00","3,422.00","1,956.00","1,956.00",0.00,0.00,0.00,0,195,351,386,175,0,0,"11,778",100.0
전라북도,고창군,공음면,2020,"11,419.80","11,419.80","8,455.00",74.0,0.500,"1,177.00","1,177.00",490.00,490.00,0.00,0.00,0.00,0.500,"8,181.80","8,181.80","7,965.00",0.00,"7,965.00",0.500,"2,061.00","2,061.00",0.00,0.00,0.00,0.00,0.00,0,290,521,271,260,0,0,"8,455",100.0
전라북도,고창군,상하면,2020,"20,105.00","20,105.00","17,063.00",84.9,1.300,"1,670.00","1,670.00","1,670.00","1,670.00",0.00,0.00,0.00,1.360,"14,561.00","14,561.00","14,181.00",0.00,"14,181.00",1.300,"3,874.00","3,874.00","1,212.00","1,212.00",0.00,0.00,0.00,0,327,723,534,361,0,0,"15,356",90.0
전라북도,고창군,해리면,2020,"25,464.30","25,464.30","22,504.00",88.4,1.000,"5,401.00","5,401.00","4,381.00","2,254.00",696.00,227.00,"1,204.00",0.800,"16,533.30","16,533.30","14,888.00",0.00,"14,888.00",0.800,"3,530.00","3,530.00","3,235.00","3,235.00",0.00,0.00,0.00,0,390,850,697,425,0,0,"21,611",96.0
전라북도,고창군,성송면,2020,"23,090.40","23,090.40","21,855.00",94.6,0.600,"1,548.00","1,548.00","1,100.00","1,100.00",0.00,0.00,0.00,0.670,"21,085.40","21,085.40","20,649.00",0.00,"20,649.00",0.600,457.00,457.00,106.00,0.00,0.00,106.00,0.00,0,294,566,275,283,0,0,"21,855",100.0
전라북도,고창군,대산면,2020,"36,485.80","36,485.80","28,591.00",78.4,0.900,"2,928.00","2,928.00","1,970.00","1,970.00",0.00,0.00,0.00,0.900,"27,018.20","27,018.20","24,334.00",0.00,"24,334.00",0.900,"6,539.60","6,539.60","2,287.00","2,287.00",0.00,0.00,0.00,0,473,920,844,460,0,0,"25,900",90.6
전라북도,고창군,심원면,2020,"34,241.90","34,241.90","32,417.70",94.7,0.600,"2,385.00","2,385.00","1,969.00","1,969.00",0.00,0.00,0.00,1.329,"28,211.90","28,211.90","27,564.70",0.00,"27,564.70",0.600,"3,645.00","3,645.00","2,884.00","2,884.00",0.00,0.00,0.00,0,361,725,663,362,0,0,"30,068",92.8
전라북도,고창군,흥덕면,2020,"42,118.10","42,118.10","36,055.00",85.6,1.800,"8,203.00","8,203.00","6,769.00","4,545.00",367.00,965.00,892.00,3.680,"28,673.10","28,673.10","27,877.00",0.00,"27,877.00",1.000,"5,242.00","5,242.00","1,409.00","1,409.00",0.00,0.00,0.00,0,431,"2,290",527,"1,145",0,0,"18,525",51.4
전라북도,고창군,성내면,2020,"16,359.20","16,359.20","15,018.00",91.8,0.100,"1,128.00","1,128.00",900.00,900.00,0.00,0.00,0.00,0.300,"14,427.20","14,427.20","14,118.00",0.00,"14,118.00",0.300,804.00,804.00,0.00,0.00,0.00,0.00,0.00,0,218,425,304,212,0,0,"15,018",100.0
전라북도,고창군,신림면,2020,"12,927.30","12,927.30","11,968.00",92.6,0.300,"1,080.00","1,080.00",931.00,931.00,0.00,0.00,0.00,0.400,"11,031.30","11,031.30","10,787.00",0.00,"10,787.00",0.300,816.00,816.00,250.00,250.00,0.00,0.00,0.00,0,382,465,388,232,0,0,"11,715",97.9
전라북도,고창군,부안면,2020,"27,765.60","27,765.60","24,347.80",87.7,0.500,"2,096.00","2,096.00","1,224.00","1,224.00",0.00,0.00,0.00,3.340,"23,648.60","23,648.60","23,123.80",0.00,"23,123.80",0.500,"2,021.00","2,021.00",0.00,0.00,0.00,0.00,0.00,0,358,552,783,276,0,0,"16,663",68.4
전라북도,부안군,소계,,"602,355.00","613,762.00","406,466.00",66.2,0.000,0.00,0.00,0.00,0.00,0.00,0.00,0.00,41.920,"481,971.00","484,954.00","335,429.00",0.00,"335,429.00",41.920,"120,384.00","128,808.00","71,037.00","5,135.00","32,726.00","2,986.00","30,190.00","8,437","9,133","11,987","10,096","17,982",1,0,"334,981",82.4
전라북도,부안군,부안읍,2035,"186,046.00","186,046.00","137,126.00",73.7,0.000,0.00,0.00,0.00,0.00,0.00,0.00,0.00,6.400,"92,600.00","92,600.00","77,491.00",0.00,"77,491.00",6.400,"93,446.00","93,446.00","59,635.00","5,135.00","29,844.00","2,986.00","21,670.00","2,982","1,550","11,930","3,200","17,895",1,0,"77,491",56.5
전라북도,부안군,주산면,2035,"27,754.00","27,754.00",0.00,0.0,0.000,0.00,0.00,0.00,0.00,0.00,0.00,0.00,1.500,"27,754.00","27,754.00",0.00,0.00,0.00,1.500,0.00,0.00,0.00,0.00,0.00,0.00,0.00,0,0,0,0,0,0,0,0,0.0
전라북도,부안군,동진면,2035,"37,934.00","37,934.00","33,686.00",88.8,0.000,0.00,0.00,0.00,0.00,0.00,0.00,0.00,3.000,"37,934.00","37,934.00","33,686.00",0.00,"33,686.00",3.000,0.00,0.00,0.00,0.00,0.00,0.00,0.00,674,674,0,"1,010",0,0,0,"33,686",100.0
전라북도,부안군,행안면,2035,"10,000.00","10,000.00","7,000.00",70.0,0.000,0.00,0.00,0.00,0.00,0.00,0.00,0.00,0.080,"10,000.00","10,000.00","7,000.00",0.00,"7,000.00",0.080,0.00,0.00,0.00,0.00,0.00,0.00,0.00,140,140,0,360,0,0,0,"7,000",100.0
전라북도,부안군,계화면,2035,"55,746.00","55,746.00","43,749.00",78.5,0.000,0.00,0.00,0.00,0.00,0.00,0.00,0.00,3.580,"53,997.00","53,997.00","42,000.00",0.00,"42,000.00",3.580,"1,749.00","1,749.00","1,749.00",0.00,"1,749.00",0.00,0.00,944,840,35,"1,180",53,0,0,"42,000",96.0
전라북도,부안군,보안면,2035,"30,000.00","30,000.00","9,224.00",30.7,0.000,0.00,0.00,0.00,0.00,0.00,0.00,0.00,0.200,"30,000.00","30,000.00","9,224.00",0.00,"9,224.00",0.200,0.00,0.00,0.00,0.00,0.00,0.00,0.00,222,184,0,230,0,0,0,"9,224",100.0
전라북도,부안군,변산면,2035,"80,271.00","91,493.00","91,493.00",100.0,0.000,0.00,0.00,0.00,0.00,0.00,0.00,0.00,7.000,"79,601.00","82,399.00","82,399.00",0.00,"82,399.00",7.000,670.00,"9,094.00","9,094.00",0.00,670.00,0.00,"8,424.00","1,567","1,472",13,"1,510",20,0,0,"73,615",80.5
전라북도,부안군,진서면,2035,"50,460.00","50,460.00","15,925.00",31.6,0.000,0.00,0.00,0.00,0.00,0.00,0.00,0.00,4.830,"25,941.00","25,941.00","15,366.00",0.00,"15,366.00",4.830,"24,519.00","24,519.00",559.00,0.00,463.00,0.00,96.00,307,307,9,772,14,0,0,"15,366",96.5
전라북도,부안군,백산면,2035,"33,750.00","33,750.00","29,544.00",87.5,0.000,0.00,0.00,0.00,0.00,0.00,0.00,0.00,3.110,"33,750.00","33,750.00","29,544.00",0.00,"29,544.00",3.110,0.00,0.00,0.00,0.00,0.00,0.00,0.00,675,675,0,660,0,0,0,"29,544",100.0
전라북도,부안군,상서면,2035,"15,281.00","15,466.00","15,466.00",100.0,0.000,0.00,0.00,0.00,0.00,0.00,0.00,0.00,3.500,"15,281.00","15,466.00","15,466.00",0.00,"15,466.00",3.500,0.00,0.00,0.00,0.00,0.00,0.00,0.00,277,"2,770",0,262,0,0,0,"13,871",89.7
전라북도,부안군,하서면,2035,"20,000.00","20,000.00","9,771.00",48.9,0.000,0.00,0.00,0.00,0.00,0.00,0.00,0.00,3.200,"20,000.00","20,000.00","9,771.00",0.00,"9,771.00",3.200,0.00,0.00,0.00,0.00,0.00,0.00,0.00,260,260,0,167,0,0,0,"20,000",204.7
전라북도,부안군,줄포면,2035,"50,550.00","50,550.00","13,482.00",26.7,0.000,0.00,0.00,0.00,0.00,0.00,0.00,0.00,5.300,"50,550.00","50,550.00","13,482.00",0.00,"13,482.00",5.300,0.00,0.00,0.00,0.00,0.00,0.00,0.00,389,261,0,745,0,0,0,"13,184",97.8
전라북도,부안군,위도면,2035,"4,563.00","4,563.00",0.00,0.0,0.000,0.00,0.00,0.00,0.00,0.00,0.00,0.00,0.220,"4,563.00","4,563.00",0.00,0.00,0.00,0.220,0.00,0.00,0.00,0.00,0.00,0.00,0.00,0,0,0,0,0,0,0,0,0.0
전라남도,,합계,,"11,400,354.20","15,300,506.95","11,700,577.33",76.5,164.779,"853,649.26","1,798,207.96","1,459,514.58","193,775.61","705,650.31","137,437.12","422,651.54",653.586,"6,773,215.40","8,660,411.26","6,935,853.96","488,548.50","6,447,305.46","1,631.920","3,773,489.54","4,841,887.73","3,305,208.79","590,673.25","1,931,443.27","306,148.05","476,944.22","51,640","100,133","46,578","434,372","254,108",317,"2,015","7,207,102",61.6
전라남도,시부,합계,,"3,045,970.30","5,141,585.46","4,432,012.80",86.2,105.140,"345,327.26","1,219,747.36","1,207,198.68","166,528.91","598,122.91","103,052.92","339,493.94",244.131,"1,958,373.00","2,692,287.06","2,039,754.56","39,096.50","2,000,658.06",222.360,"742,270.04","1,229,551.04","1,185,059.56","208,595.45","853,019.27","60,487.92","62,956.92","32,727","26,104","17,258","229,732","199,482",198,841,"2,687,298",60.6
전라남도,목포시,소계,,"123,788.00","868,220.66","863,414.50",99.4,12.440,"69,159.26","432,800.36","428,715.68","99,046.91","251,512.91","6,395.92","71,759.94",7.360,"14,009.00","229,167.56","229,167.56",0.00,"229,167.56",7.260,"40,619.74","206,252.74","205,531.26","27,098.55","168,352.87",855.92,"9,223.92","8,069","5,741","4,711","23,852","99,996",15,262,"860,734",99.7
전라남도,목포시,용당1동,2025,"3,146.86","44,207.13","44,207.13",100.0,0.540,"3,046.86","43,381.26","43,381.26","9,329.35","26,690.31",602.44,"6,759.16",0.000,0.00,183.87,183.87,0.00,183.87,0.020,100.00,642.00,642.00,642.00,0.00,0.00,0.00,760,12,0,0,"4,142",0,11,"44,207",100.0
전라남도,목포시,용당2동,2025,"4,903.76","35,843.34","35,843.34",100.0,0.830,"4,606.36","32,473.44","32,473.44","5,423.11","20,771.07",350.19,"5,929.07",0.040,75.40,"1,921.64","1,921.64",0.00,"1,921.64",0.040,222.00,"1,448.26","1,448.26",845.00,570.08,2.93,30.25,442,31,17,97,"2,600",2,7,"35,843",100.0
전라남도,목포시,연동,2025,"2,259.43","18,547.36","18,547.36",100.0,0.240,"1,337.51","8,183.37","8,183.37","1,659.59","4,214.24",107.16,"2,202.38",0.120,233.74,"7,477.17","7,477.17",0.00,"7,477.17",0.120,688.18,"2,886.82","2,886.82",383.38,"2,365.73",12.17,125.54,136,161,67,335,"1,534",0,4,"18,547",100.0
전라남도,목포시,산정동,2025,"4,240.17","18,794.36","18,794.36",100.0,0.740,"4,140.17","4,408.20","4,408.20","1,018.43","2,586.15",65.76,737.86,0.000,0.00,"7,515.73","7,515.73",0.00,"7,515.73",0.020,100.00,"6,870.43","6,870.43",891.17,"5,659.15",28.29,291.82,83,166,156,810,"2,304",0,6,"18,634",99.1
전라남도,목포시,연산동,2025,"9,913.53","79,489.81","79,489.81",100.0,1.090,"6,054.87","43,214.92","43,214.92","9,673.70","24,486.06",495.53,"8,559.63",0.510,978.30,"11,978.25","11,978.25",0.00,"11,978.25",0.510,"2,880.36","24,296.64","24,296.64","1,999.28","21,078.10",107.77,"1,111.49",625,232,593,"2,999","10,460",0,27,"79,221",99.7
전라남도,목포시,원산동,2025,"3,543.75","28,974.63","28,974.63",100.0,0.600,"3,368.75","3,805.63","3,805.63",879.22,"2,232.64",56.77,637.00,0.040,75.00,"18,509.95","18,509.95",0.00,"18,509.95",0.020,100.00,"6,659.05","6,659.05",730.68,"5,665.90",23.20,239.27,72,318,128,700,"1,909",0,5,"27,817",96.0
전라남도,목포시,대성동,2025,"1,961.94","12,193.87","12,193.87",100.0,0.340,"1,886.94","11,934.53","11,934.53","2,526.22","6,414.92",163.13,"2,830.26",0.040,75.00,259.34,259.34,0.00,259.34,0.000,0.00,0.00,0.00,0.00,0.00,0.00,0.00,206,4,0,3,"1,122",0,3,"12,193",100.0
전라남도,목포시,목원동,2025,"7,847.46","47,240.62","47,240.62",100.0,1.410,"7,847.46","47,240.62","47,240.62","10,222.01","28,242.46",718.20,"8,057.95",0.000,0.00,0.00,0.00,0.00,0.00,0.000,0.00,0.00,0.00,0.00,0.00,0.00,0.00,"1,736",6,0,2,"4,937",0,13,"47,240",100.0
전라남도,목포시,동명동,2025,"2,457.35","20,203.79","19,843.05",98.2,0.060,360.74,360.74,0.00,0.00,0.00,0.00,0.00,0.280,531.56,"12,765.16","12,765.16",0.00,"12,765.16",0.280,"1,565.05","7,077.89","7,077.89",939.97,"5,800.28",29.84,307.80,0,288,164,824,"1,954",0,5,"19,843",100.0
전라남도,목포시,삼학동,2025,"2,462.90","26,173.76","26,173.76",100.0,0.060,366.29,"4,938.55","4,938.55","1,140.96","2,897.29",73.67,826.63,0.280,531.56,"12,448.78","12,448.78",0.00,"12,448.78",0.280,"1,565.05","8,786.43","8,786.43","1,166.87","7,200.41",37.05,382.10,703,253,204,"1,020","2,932",0,8,"26,173",100.0
전라남도,목포시,만호동,2025,"5,042.10","34,912.89","34,912.89",100.0,0.890,"4,967.10","34,079.37","34,079.37","7,411.35","18,819.87",478.59,"7,369.56",0.040,75.00,833.52,833.52,0.00,833.52,0.000,0.00,0.00,0.00,0.00,0.00,0.00,0.00,604,10,0,5,"3,290",7,9,"34,912",100.0
전라남도,목포시,유달동,2025,"12,719.28","65,745.88","65,745.88",100.0,2.180,"12,131.93","56,494.19","56,494.19","13,896.79","33,209.88",768.24,"8,619.28",0.070,148.91,"3,600.18","3,600.18",0.00,"3,600.18",0.070,438.44,"5,651.51","5,651.51",750.54,"4,631.37",23.83,245.77,969,83,131,658,"6,841",6,18,"65,745",100.0
전라남도,목포시,죽교동,2025,"4,073.83","26,978.62","26,978.62",100.0,0.680,"3,823.83","25,443.00","25,443.00","7,877.12","12,638.55",321.39,"4,605.94",0.080,150.00,"1,160.09","1,160.09",0.00,"1,160.09",0.020,100.00,375.53,375.53,37.92,324.00,1.20,12.41,808,2,7,47,"2,289",0,6,"26,888",99.7
전라남도,목포시,북항동,2025,"3,823.94","11,591.05","7,867.11",67.9,0.670,"3,723.94","3,723.94",0.00,0.00,0.00,0.00,0.00,0.000,0.00,"3,776.99","3,776.99",0.00,"3,776.99",0.020,100.00,"4,090.12","4,090.12",543.18,"3,351.83",17.24,177.87,0,56,95,475,"1,129",0,3,"7,867",100.0
전라남도,목포시,용해동,2025,"4,975.21","37,279.83","37,279.83",100.0,0.440,"2,475.23","18,545.35","18,545.35","3,337.33","12,574.60",215.51,"2,417.91",0.330,635.24,"9,025.41","9,025.41",0.00,"9,025.41",0.330,"1,864.74","9,709.07","9,709.07","1,402.84","7,852.61",40.09,413.53,272,193,221,"1,118","4,106",0,11,"37,079",99.5
전라남도,목포시,이로동,2025,"8,889.69","61,194.96","60,473.48",98.8,1.420,"7,921.28","56,076.91","56,076.91","12,184.92","35,066.20",722.27,"8,103.52",0.130,246.93,"4,396.57","4,396.57",0.00,"4,396.57",0.130,721.48,721.48,0.00,0.00,0.00,0.00,0.00,598,79,0,0,"4,965",0,13,"60,473",100.0
전라남도,목포시,상동,2025,"8,259.72","41,253.68","41,253.68",100.0,0.250,"1,100.00","11,607.10","11,607.10","3,371.29","7,942.84",23.97,269.00,0.960,"1,815.23","8,377.05","8,377.05",0.00,"8,377.05",0.960,"5,344.49","21,269.53","21,269.53","2,824.67","17,430.22",89.68,924.96,31,279,493,"2,492","6,035",0,16,"41,253",100.0
전라남도,목포시,하당동,2025,"4,676.49","46,142.86","46,142.86",100.0,0.000,0.00,0.00,0.00,0.00,0.00,0.00,0.00,0.620,"1,185.65","32,058.44","32,058.44",0.00,"32,058.44",0.620,"3,490.84","14,084.42","14,084.42","1,817.87","11,217.55",57.72,991.28,0,774,318,"1,589","3,778",0,10,"45,746",99.1
전라남도,목포시,신흥동,2025,"5,338.19","51,296.49","51,296.49",100.0,0.000,0.00,0.00,0.00,0.00,0.00,0.00,0.00,0.710,"1,353.41","32,132.37","32,132.37",0.00,"32,132.37",0.710,"3,984.78","19,164.12","19,164.12","2,545.06","15,704.85",80.81,833.40,0,"1,121",444,"2,224","5,289",0,14,"51,296",100.0
전라남도,목포시,삼향동,2025,"9,317.69","65,870.99","65,870.99",100.0,0.000,0.00,"26,889.24","26,889.24","9,095.52","12,725.83","1,233.10","3,834.79",1.250,"2,363.75","12,146.53","12,146.53",0.00,"12,146.53",1.250,"6,953.94","26,835.22","26,835.22","3,511.10","22,062.90",111.48,"1,149.74",24,388,613,"3,103","15,772",0,40,"65,474",99.4
전라남도,목포시,옥암동,2025,"3,293.62","25,962.21","25,962.21",100.0,0.000,0.00,0.00,0.00,0.00,0.00,0.00,0.00,0.440,835.04,"15,945.45","15,945.45",0.00,"15,945.45",0.440,"2,458.58","10,016.76","10,016.76","1,330.26","8,208.67",42.23,435.60,0,418,233,"1,212","2,765",0,7,"25,962",100.0
전라남도,목포시,부흥동,2025,"2,483.22","19,779.81","19,779.81",100.0,0.000,0.00,0.00,0.00,0.00,0.00,0.00,0.00,0.330,629.58,"12,192.03","12,192.03",0.00,"12,192.03",0.330,"1,853.64","7,587.78","7,587.78","1,007.68","6,218.14",31.99,329.97,0,431,176,881,"2,094",0,6,"19,779",100.0
전라남도,목포시,부주동,2025,"8,157.87","48,542.72","48,542.72",100.0,0.000,0.00,0.00,0.00,0.00,0.00,0.00,0.00,1.090,"2,069.70","20,463.04","20,463.04",0.00,"20,463.04",1.090,"6,088.17","28,079.68","28,079.68","3,729.08","23,011.08",118.40,"1,221.12",0,436,651,"3,258","7,749",0,20,"48,542",100.0
전라남도,여수시,소계,,"1,220,452.00","1,271,082.00","1,163,280.00",91.5,67.100,"276,168.00","292,498.00","284,034.00","23,338.00","142,567.00","29,115.00","89,014.00",52.900,"532,087.00","557,536.00","458,367.00",0.00,"458,367.00",40.600,"412,197.00","421,048.00","420,879.00","57,608.00","273,795.00","46,663.00","42,813.00","4,312","8,058","6,539","102,207","24,786",87,85,"475,338",40.9
전라남도,여수시,돌산읍,2025,"80,599.00","80,599.00","77,388.00",96.0,0.000,0.00,0.00,0.00,0.00,0.00,0.00,0.00,5.000,"48,471.00","48,471.00","45,260.00",0.00,"45,260.00",4.900,"32,128.00","32,128.00","32,128.00","3,311.00","23,301.00","1,863.00","3,653.00",0,314,184,"4,024","1,331",0,0,"61,562",79.5
전라남도,여수시,소라면,2025,"41,740.00","41,740.00","40,186.00",96.3,0.100,"10,629.00","10,629.00","10,575.00",888.00,"4,692.00","2,196.00","2,799.00",3.000,"16,176.00","16,176.00","14,676.00",0.00,"14,676.00",3.300,"14,935.00","14,935.00","14,935.00","13,609.00","1,326.00",0.00,0.00,85,222,226,"2,760","1,026",0,3,"33,902",84.4
전라남도,여수시,율촌면,2025,"59,221.00","59,221.00","59,158.00",99.9,0.200,"10,508.00","10,508.00","10,508.00",886.00,"3,742.00","2,599.00","3,281.00",8.600,"46,451.00","46,451.00","46,388.00",0.00,"46,388.00",0.000,"2,262.00","2,262.00","2,262.00",0.00,"2,262.00",0.00,0.00,16,502,33,"1,511",357,0,0,"3,793",6.4
전라남도,여수시,화양면,2025,"6,724.00","6,724.00","5,224.00",77.7,0.000,0.00,0.00,0.00,0.00,0.00,0.00,0.00,1.500,"6,724.00","6,724.00","5,224.00",0.00,"5,224.00",0.000,0.00,0.00,0.00,0.00,0.00,0.00,0.00,0,103,0,"1,821",0,0,0,"3,273",62.7
전라남도,여수시,남면,2025,"6,280.00","6,280.00","5,180.00",82.5,0.000,0.00,0.00,0.00,0.00,0.00,0.00,0.00,1.800,"6,280.00","6,280.00","5,180.00",0.00,"5,180.00",0.000,0.00,0.00,0.00,0.00,0.00,0.00,0.00,0,102,0,864,0,0,0,0,0.0
전라남도,여수시,화정면,2025,"1,826.00","1,826.00",926.00,50.7,0.000,0.00,0.00,0.00,0.00,0.00,0.00,0.00,0.300,"1,826.00","1,826.00",926.00,0.00,926.00,0.000,0.00,0.00,0.00,0.00,0.00,0.00,0.00,0,18,0,540,0,0,0,0,0.0
전라남도,여수시,삼산면,2025,"2,904.00","2,904.00","1,904.00",65.6,0.000,0.00,0.00,0.00,0.00,0.00,0.00,0.00,0.300,"2,904.00","2,904.00","1,904.00",0.00,"1,904.00",0.000,0.00,0.00,0.00,0.00,0.00,0.00,0.00,0,37,0,688,0,0,0,0,0.0
전라남도,여수시,동문동,2025,"11,526.00","11,526.00","5,707.00",49.5,0.900,"7,707.00","7,707.00","5,707.00",384.00,"3,514.00",99.00,"1,710.00",0.000,"3,819.00","3,819.00",0.00,0.00,0.00,0.000,0.00,0.00,0.00,0.00,0.00,0.00,0.00,242,0,0,"2,400",195,0,7,"5,707",100.0
전라남도,여수시,한려동,2025,"12,257.00","18,770.00","15,770.00",84.0,0.900,"8,547.00","8,547.00","5,547.00",326.00,"3,624.00",87.00,"1,510.00",0.000,"3,710.00","10,223.00","10,223.00",0.00,"10,223.00",0.000,0.00,0.00,0.00,0.00,0.00,0.00,0.00,55,143,0,"1,684",198,4,0,"3,928",24.9
전라남도,여수시,중앙동,2025,"6,790.00","6,790.00","4,904.00",72.2,0.400,"4,778.00","4,778.00","3,368.00",261.00,"1,942.00",64.00,"1,101.00",0.000,"2,012.00","2,012.00","1,536.00",0.00,"1,536.00",0.000,0.00,0.00,0.00,0.00,0.00,0.00,0.00,110,76,0,"2,499",110,6,13,"4,904",100.0
전라남도,여수시,충무동,2025,"15,716.00","15,716.00","9,193.00",58.5,1.300,"10,173.00","10,173.00","8,173.00",557.00,"4,991.00",143.00,"2,482.00",0.000,"5,543.00","5,543.00","1,020.00",0.00,"1,020.00",0.000,0.00,0.00,0.00,0.00,0.00,0.00,0.00,305,56,0,"2,282",277,16,7,"3,165",34.4
전라남도,여수시,광림동,2025,"35,822.00","35,822.00","26,240.00",73.3,3.400,"21,861.00","21,861.00","21,861.00","1,403.00","13,847.00",361.00,"6,250.00",0.000,"13,961.00","13,961.00","4,379.00",0.00,"4,379.00",0.000,0.00,0.00,0.00,0.00,0.00,0.00,0.00,728,156,0,"3,230",763,9,3,"1,855",7.1
전라남도,여수시,서강동,2025,"7,157.00","7,484.00","4,815.00",64.3,0.600,"4,488.00","4,815.00","4,815.00",268.00,"3,283.00",69.00,"1,195.00",0.000,"2,669.00","2,669.00",0.00,0.00,0.00,0.000,0.00,0.00,0.00,0.00,0.00,0.00,0.00,169,0,0,"1,920",136,0,0,159,3.3
전라남도,여수시,대교동,2025,"30,001.00","30,302.00","23,990.00",79.2,1.100,"9,817.00","9,817.00","9,817.00",660.00,"6,046.00",170.00,"2,941.00",0.400,"12,280.00","12,280.00","5,968.00",0.00,"5,968.00",0.400,"7,904.00","8,205.00","8,205.00",777.00,"5,094.00",481.00,"1,853.00",155,132,129,"3,239",614,0,0,"4,251",17.7
전라남도,여수시,국동,2025,"31,642.00","31,642.00","25,280.00",79.9,0.900,"9,387.00","9,387.00","9,387.00",631.00,"5,781.00",162.00,"2,813.00",0.600,"14,391.00","14,391.00","8,109.00",0.00,"8,109.00",0.600,"7,864.00","7,864.00","7,784.00",681.00,"4,871.00",460.00,"1,772.00",127,161,110,"5,586",598,20,4,"4,173",16.5
전라남도,여수시,월호동,2025,"98,043.00","99,043.00","92,295.00",93.2,4.700,"40,595.00","41,595.00","41,595.00","2,797.00","25,115.00",720.00,"12,963.00",2.000,"24,956.00","24,956.00","18,208.00",0.00,"18,208.00",2.000,"32,492.00","32,492.00","32,492.00","1,017.00","21,585.00","2,037.00","7,853.00",715,467,580,"2,959","2,526",0,1,"1,311",1.4
전라남도,여수시,여서동,2025,"72,904.00","84,403.00","84,403.00",100.0,1.000,"15,831.00","16,831.00","16,831.00","1,065.00","9,749.00",774.00,"5,243.00",1.500,"24,729.00","35,228.00","35,228.00",0.00,"35,228.00",1.500,"32,344.00","32,344.00","32,344.00","2,367.00","20,214.00","1,775.00","7,988.00",106,344,221,"7,835","1,670",0,2,"30,345",36.0
전라남도,여수시,문수동,2025,"81,227.00","82,230.00","73,962.00",89.9,0.600,"13,805.00","14,808.00","14,808.00",928.00,"8,502.00",739.00,"4,639.00",1.500,"36,595.00","36,595.00","28,356.00",0.00,"28,356.00",1.500,"30,827.00","30,827.00","30,798.00","2,374.00","19,836.00","2,006.00","6,582.00",119,356,279,"8,525","1,582",15,6,"26,019",35.2
전라남도,여수시,미평동,2025,"60,709.00","60,709.00","48,021.00",79.1,1.800,"18,959.00","18,959.00","18,959.00","1,275.00","11,676.00",328.00,"5,680.00",1.200,"25,986.00","25,986.00","13,298.00",0.00,"13,298.00",1.200,"15,764.00","15,764.00","15,764.00","1,419.00","9,838.00",928.00,"3,579.00",277,285,241,"5,465","1,210",4,5,"19,445",40.5
전라남도,여수시,둔덕동,2025,"71,508.00","72,508.00","57,745.00",79.6,2.800,"25,033.00","26,033.00","26,033.00","1,683.00","15,917.00",933.00,"7,500.00",1.200,"25,660.00","25,660.00","10,957.00",0.00,"10,957.00",1.200,"20,815.00","20,815.00","20,755.00","1,814.00","12,989.00","1,226.00","4,726.00",430,268,362,"3,917","1,620",8,9,"6,344",11.0
전라남도,여수시,만덕동,2025,"25,471.00","40,499.00","40,499.00",100.0,15.800,"13,421.00","25,421.00","25,421.00","6,298.00","6,411.00","5,446.00","7,266.00",0.000,"12,050.00","15,078.00","15,078.00",0.00,"15,078.00",0.000,0.00,0.00,0.00,0.00,0.00,0.00,0.00,122,145,0,"3,756",635,2,0,"15,078",37.2
전라남도,여수시,쌍봉동,2025,"115,036.00","122,165.00","122,165.00",100.0,0.000,0.00,0.00,0.00,0.00,0.00,0.00,0.00,7.100,"52,673.00","58,082.00","58,082.00",0.00,"58,082.00",7.100,"62,363.00","64,083.00","64,083.00","9,636.00","40,319.00","12,915.00","1,213.00",0,847,718,"13,285","2,462",2,21,"78,102",63.9
전라남도,여수시,시전동,2025,"98,206.00","105,036.00","103,876.00",98.9,0.000,0.00,0.00,0.00,0.00,0.00,0.00,0.00,6.000,"45,511.00","45,511.00","44,351.00",0.00,"44,351.00",6.000,"52,695.00","59,525.00","59,525.00","8,502.00","38,264.00","10,441.00","2,318.00",0,"2,277","2,402","10,773","2,338",0,2,"54,488",52.5
전라남도,여수시,여천동,2025,"120,727.00","120,727.00","118,247.00",97.9,0.000,0.00,0.00,0.00,0.00,0.00,0.00,0.00,7.500,"55,141.00","55,141.00","52,661.00",0.00,"52,661.00",7.500,"65,586.00","65,586.00","65,586.00","9,377.00","42,402.00","12,531.00","1,276.00",0,829,816,"9,159","2,589",1,1,"84,814",71.7
전라남도,여수시,주삼동,2025,"102,222.00","102,222.00","92,008.00",90.0,2.200,"26,435.00","26,435.00","26,435.00","1,958.00","8,010.00","5,895.00","10,572.00",3.400,"41,569.00","41,569.00","31,355.00",0.00,"31,355.00",3.400,"34,218.00","34,218.00","34,218.00","2,724.00","31,494.00",0.00,0.00,69,218,238,"1,485","2,209",0,1,"4,908",5.3
전라남도,여수시,삼일동,2025,"24,194.00","24,194.00","24,194.00",100.0,28.400,"24,194.00","24,194.00","24,194.00","1,070.00","5,725.00","8,330.00","9,069.00",0.000,0.00,0.00,0.00,0.00,0.00,0.000,0.00,0.00,0.00,0.00,0.00,0.00,0.00,482,0,0,0,340,0,0,"23,812",98.4
전라남도,여수시,묘도동,2025,0.00,0.00,0.00,0.0,0.000,0.00,0.00,0.00,0.00,0.00,0.00,0.00,0.000,0.00,0.00,0.00,0.00,0.00,0.000,0.00,0.00,0.00,0.00,0.00,0.00,0.00,0,0,0,0,0,0,0,0,0.0
전라남도,순천시,소계,,"684,314.00","1,390,267.50","920,358.00",66.2,24.800,0.00,"329,649.00","329,649.00","28,945.00","116,900.00","62,500.00","121,304.00",49.600,"684,314.00","937,515.50","467,606.00","39,096.50","428,509.50",49.600,0.00,"123,103.00","123,103.00","14,403.00","85,321.00","12,969.00","10,410.00","4,953","7,471","2,998","51,867",0,63,224,"807,485",87.7
전라남도,순천시,승주읍,2030,"20,953.00","70,440.00","70,440.00",100.0,0.000,0.00,"23,100.00","23,100.00","1,267.00","15,485.00",55.00,"6,293.00",9.900,"20,953.00","46,067.00","46,067.00",0.00,"46,067.00",9.900,0.00,"1,273.00","1,273.00",0.00,"1,273.00",0.00,0.00,0,"1,000",571,"1,455",0,0,39,"70,404",99.9
전라남도,순천시,해룡면,2030,"53,255.00","61,202.00","33,447.00",54.7,0.000,0.00,"1,053.00","1,053.00",0.00,"1,053.00",0.00,0.00,11.700,"53,255.00","53,255.00","25,500.00",0.00,"25,500.00",11.700,0.00,"6,894.00","6,894.00",0.00,"6,894.00",0.00,0.00,0,26,0,450,0,0,0,"1,053",3.1
전라남도,순천시,서면,2030,"28,457.00","31,607.00","4,095.00",13.0,0.000,0.00,"3,150.00","3,150.00",650.00,300.00,50.00,"2,150.00",2.500,"28,457.00","28,457.00",945.00,0.00,945.00,2.500,0.00,0.00,0.00,0.00,0.00,0.00,0.00,0,31,0,250,0,0,0,"4,095",100.0
전라남도,순천시,황전면,2030,"17,738.00","23,084.00","23,084.00",100.0,0.000,0.00,0.00,0.00,0.00,0.00,0.00,0.00,2.800,"17,738.00","23,084.00","23,084.00",0.00,"23,084.00",2.800,0.00,0.00,0.00,0.00,0.00,0.00,0.00,0,500,78,458,0,0,21,"23,066",99.9
전라남도,순천시,월등면,2030,"16,271.00","20,324.00","20,324.00",100.0,0.000,0.00,0.00,0.00,0.00,0.00,0.00,0.00,1.700,"16,271.00","20,324.00","20,324.00",0.00,"20,324.00",1.700,0.00,0.00,0.00,0.00,0.00,0.00,0.00,0,300,208,435,0,0,0,"20,324",100.0
전라남도,순천시,주암면,2030,"13,269.00","33,406.00","33,406.00",100.0,0.000,0.00,0.00,0.00,0.00,0.00,0.00,0.00,6.200,"13,269.00","33,406.00","33,406.00",0.00,"33,406.00",6.200,0.00,0.00,0.00,0.00,0.00,0.00,0.00,0,578,270,"1,402",0,0,22,"30,804",92.2
전라남도,순천시,송광면,2030,"2,218.00","13,522.00","13,522.00",100.0,0.000,0.00,0.00,0.00,0.00,0.00,0.00,0.00,1.100,"2,218.00","13,522.00","13,522.00",0.00,"13,522.00",1.100,0.00,0.00,0.00,0.00,0.00,0.00,0.00,0,200,138,475,0,0,16,"13,522",100.0
전라남도,순천시,외서면,2030,"3,538.00","16,451.00","16,451.00",100.0,0.000,0.00,"6,883.00","6,883.00","1,850.00",733.00,100.00,"4,200.00",0.700,"3,538.00","9,568.00","9,568.00",0.00,"9,568.00",0.700,0.00,0.00,0.00,0.00,0.00,0.00,0.00,0,150,108,150,0,0,0,"16,451",100.0
전라남도,순천시,낙안면,2030,"1,798.00","43,558.00","43,558.00",100.0,0.000,0.00,0.00,0.00,0.00,0.00,0.00,0.00,3.100,"1,798.00","43,558.00","43,558.00",0.00,"43,558.00",3.100,0.00,0.00,0.00,0.00,0.00,0.00,0.00,0,600,497,"1,341",0,0,25,"39,714",91.2
전라남도,순천시,별량면,2030,"13,220.00","13,220.00","7,932.00",60.0,0.000,0.00,0.00,0.00,0.00,0.00,0.00,0.00,1.500,"13,220.00","13,220.00","7,932.00",0.00,"7,932.00",1.500,0.00,0.00,0.00,0.00,0.00,0.00,0.00,0,100,98,830,0,0,0,"6,100",76.9
전라남도,순천시,상사면,2030,0.00,"11,475.00","11,475.00",100.0,0.000,0.00,0.00,0.00,0.00,0.00,0.00,0.00,0.400,0.00,"11,475.00","11,475.00",0.00,"11,475.00",0.400,0.00,0.00,0.00,0.00,0.00,0.00,0.00,0,200,87,385,0,0,0,"11,475",100.0
전라남도,순천시,향동,2030,"66,105.00","90,710.00","34,542.00",38.1,1.500,0.00,"24,605.00","24,605.00","2,097.00","8,272.00","5,186.00","9,050.00",0.000,"66,105.00","66,105.00","9,937.00",0.00,"9,937.00",0.000,0.00,0.00,0.00,0.00,0.00,0.00,0.00,0,300,50,"3,010",0,0,0,"24,605",71.2
전라남도,순천시,매곡동,2030,0.00,"18,980.00","18,980.00",100.0,1.000,0.00,"13,957.00","13,957.00","1,189.00","4,692.00","2,943.00","5,133.00",0.000,0.00,"5,023.00","5,023.00",0.00,"5,023.00",0.000,0.00,0.00,0.00,0.00,0.00,0.00,0.00,287,0,0,"2,099",0,10,10,"13,957",73.5
전라남도,순천시,삼산동,2030,"147,682.00","184,225.00","36,543.00",19.8,3.000,0.00,"36,543.00","36,543.00","3,114.00","12,285.00","7,705.00","13,439.00",0.000,"147,682.00","147,682.00",0.00,0.00,0.00,0.000,0.00,0.00,0.00,0.00,0.00,0.00,0.00,751,0,0,"3,127",0,10,20,"36,543",100.0
전라남도,순천시,조곡동,2030,"65,835.00","91,860.00","32,078.00",34.9,1.500,0.00,"25,158.00","25,158.00","2,144.00","8,458.00","5,304.00","9,252.00",0.000,"65,835.00","65,835.00","6,053.00",0.00,"6,053.00",0.000,0.00,867.00,867.00,0.00,867.00,0.00,0.00,517,222,5,"2,721",0,10,19,"25,158",78.4
전라남도,순천시,덕연동,2030,0.00,"85,046.00","85,046.00",100.0,0.500,0.00,0.00,0.00,0.00,0.00,0.00,0.00,2.000,0.00,"50,469.00","50,469.00","1,440.00","49,029.00",2.000,0.00,"34,577.00","34,577.00","4,454.00","22,894.00","4,010.00","3,219.00",0,500,308,"3,362",0,0,10,"85,046",100.0
전라남도,순천시,풍덕동,2030,0.00,"53,111.50","53,111.50",100.0,3.000,0.00,"51,417.00","51,417.00","4,382.00","17,285.00","10,841.00","18,909.00",0.000,0.00,"1,694.50","1,694.50",0.00,"1,694.50",0.000,0.00,0.00,0.00,0.00,0.00,0.00,0.00,"1,057",0,0,"5,304",0,10,20,"51,417",96.8
전라남도,순천시,남제동,2030,"54,962.00","70,142.00","23,178.00",33.0,1.000,0.00,"15,058.00","15,058.00","1,283.00","5,062.00","3,175.00","5,538.00",0.000,"54,962.00","54,962.00","7,998.00",0.00,"7,998.00",0.000,0.00,122.00,122.00,0.00,122.00,0.00,0.00,310,268,0,"2,980",0,10,0,"15,058",65.0
전라남도,순천시,저전동,2030,0.00,"26,150.60","26,150.60",100.0,1.000,0.00,"13,587.00","13,587.00","1,158.00","4,568.00","2,865.00","4,996.00",0.000,0.00,"12,563.60","12,563.60","12,563.60",0.00,0.000,0.00,0.00,0.00,0.00,0.00,0.00,0.00,0,300,50,"3,068",0,3,2,"13,587",52.0
전라남도,순천시,장천동,2030,"39,270.00","48,138.00","20,683.50",43.0,0.500,0.00,"6,795.00","6,795.00",579.00,"2,284.00","1,433.00","2,499.00",0.000,"39,270.00","39,270.00","11,815.50","11,815.50",0.00,0.000,0.00,"2,073.00","2,073.00",0.00,"2,073.00",0.00,0.00,0,362,76,"2,486",0,10,10,"6,795",32.9
전라남도,순천시,중앙동,2030,0.00,"19,609.40","19,609.40",100.0,0.500,0.00,"9,549.00","9,549.00",814.00,"3,210.00","2,013.00","3,512.00",0.000,0.00,"10,060.40","10,060.40","10,060.40",0.00,0.000,0.00,0.00,0.00,0.00,0.00,0.00,0.00,0,300,50,"2,722",0,0,0,"9,549",48.7
전라남도,순천시,도사동,2030,"75,183.00","174,038.00","102,734.00",59.0,11.300,0.00,"98,794.00","98,794.00","8,418.00","33,213.00","20,830.00","36,333.00",0.000,"75,183.00","75,183.00","3,879.00",0.00,"3,879.00",0.000,0.00,61.00,61.00,0.00,61.00,0.00,0.00,"2,031",134,0,"5,847",0,0,10,"98,794",96.2
전라남도,순천시,왕조1동,2030,"32,280.00","82,266.00","82,266.00",100.0,0.000,0.00,0.00,0.00,0.00,0.00,0.00,0.00,3.000,"32,280.00","48,819.00","48,819.00","1,393.00","47,426.00",3.000,0.00,"33,447.00","33,447.00","4,308.00","22,145.00","3,880.00","3,114.00",0,500,281,"3,252",0,0,0,"82,266",100.0
전라남도,순천시,왕조2동,2030,"32,280.00","107,702.00","107,702.00",100.0,0.000,0.00,0.00,0.00,0.00,0.00,0.00,0.00,3.000,"32,280.00","63,913.00","63,913.00","1,824.00","62,089.00",3.000,0.00,"43,789.00","43,789.00","5,641.00","28,992.00","5,079.00","4,077.00",0,900,123,"4,258",0,0,0,"107,702",100.0
전라남도,나주시,소계,,"413,847.00","961,594.00","834,539.00",86.8,0.800,0.00,"164,800.00","164,800.00","15,199.00","87,143.00","5,042.00","57,416.00",30.671,"312,062.00","552,167.00","468,713.00",0.00,"468,713.00",30.100,"101,785.00","244,627.00","201,026.00",0.00,"201,026.00",0.00,0.00,"7,781","4,834",0,"39,536","68,936",30,55,"263,654",31.6
전라남도,나주시,남평읍,2030,"13,386.00","116,373.00","116,373.00",100.0,0.000,0.00,"7,859.00","7,859.00",4.00,"1,950.00",780.00,"5,125.00",1.200,"11,701.00","56,303.00","56,303.00",0.00,"56,303.00",2.500,"1,685.00","52,211.00","52,211.00",0.00,"52,211.00",0.00,0.00,391,391,0,"5,163","17,780",2,2,"18,733",16.1
전라남도,나주시,세지면,2030,"4,214.00","4,214.00","1,283.00",30.4,0.000,0.00,0.00,0.00,0.00,0.00,0.00,0.00,0.660,"4,214.00","4,214.00","1,283.00",0.00,"1,283.00",0.000,0.00,0.00,0.00,0.00,0.00,0.00,0.00,18,11,0,303,0,0,0,0,0.0
전라남도,나주시,왕곡면,2030,"8,031.00","27,400.00","27,400.00",100.0,0.000,0.00,0.00,0.00,0.00,0.00,0.00,0.00,1.080,"8,031.00","27,400.00","27,400.00",0.00,"27,400.00",0.000,0.00,0.00,0.00,0.00,0.00,0.00,0.00,0,0,0,488,0,0,0,0,0.0
전라남도,나주시,반남면,2030,"6,072.00","6,439.00","4,618.00",71.7,0.000,0.00,0.00,0.00,0.00,0.00,0.00,0.00,0.673,"6,072.00","6,072.00","4,251.00",0.00,"4,251.00",0.000,0.00,367.00,367.00,0.00,367.00,0.00,0.00,43,26,0,101,202,0,0,0,0.0
전라남도,나주시,공산면,2030,"21,694.00","133,333.00","125,909.00",94.4,0.800,0.00,"29,280.00","29,280.00",12.00,"16,409.00","2,001.00","10,858.00",1.470,"13,095.00","95,454.00","95,454.00",0.00,"95,454.00",1.600,"8,599.00","8,599.00","1,175.00",0.00,"1,175.00",0.00,0.00,411,247,0,"1,518","3,602",2,4,"6,267",5.0
전라남도,나주시,동강면,2030,"2,674.00","12,200.00","12,200.00",100.0,0.000,0.00,0.00,0.00,0.00,0.00,0.00,0.00,0.740,"2,674.00","12,200.00","12,200.00",0.00,"12,200.00",0.000,0.00,0.00,0.00,0.00,0.00,0.00,0.00,0,0,0,400,0,0,0,0,0.0
전라남도,나주시,다시면,2030,"41,658.00","42,762.00","25,272.00",59.1,0.000,0.00,0.00,0.00,0.00,0.00,0.00,0.00,2.414,"41,658.00","41,658.00","24,168.00",0.00,"24,168.00",0.000,0.00,"1,104.00","1,104.00",0.00,"1,104.00",0.00,0.00,378,227,0,"3,022",936,0,0,0,0.0
전라남도,나주시,문평면,2030,"5,309.00","15,352.00","15,352.00",100.0,0.000,0.00,0.00,0.00,0.00,0.00,0.00,0.00,0.490,"5,309.00","15,352.00","15,352.00",0.00,"15,352.00",0.000,0.00,0.00,0.00,0.00,0.00,0.00,0.00,183,110,0,466,0,0,0,0,0.0
전라남도,나주시,노안면,2030,"13,305.00","21,250.00","21,250.00",100.0,0.000,0.00,0.00,0.00,0.00,0.00,0.00,0.00,1.450,"13,305.00","21,250.00","21,250.00",0.00,"21,250.00",0.000,0.00,0.00,0.00,0.00,0.00,0.00,0.00,120,72,0,505,0,0,0,0,0.0
전라남도,나주시,금천면,2030,"35,383.00","46,880.00","34,597.00",73.8,0.000,0.00,0.00,0.00,0.00,0.00,0.00,0.00,1.252,"35,383.00","35,383.00","23,100.00",0.00,"23,100.00",0.000,0.00,"11,497.00","11,497.00",0.00,"11,497.00",0.00,0.00,609,366,0,984,534,0,0,"22,651",65.5
전라남도,나주시,산포면,2030,"27,698.00","58,032.00","58,032.00",100.0,0.000,0.00,"14,091.00","14,091.00","2,427.00","6,337.00","1,949.00","3,378.00",0.780,"27,451.00","38,326.00","38,326.00",0.00,"38,326.00",1.000,247.00,"5,615.00","5,615.00",0.00,"5,615.00",0.00,0.00,342,206,0,"4,310",452,4,6,"25,000",43.1
전라남도,나주시,다도면,2030,"2,677.00","13,400.00","13,400.00",100.0,0.000,0.00,0.00,0.00,0.00,0.00,0.00,0.00,0.370,"2,677.00","13,400.00","13,400.00",0.00,"13,400.00",0.000,0.00,0.00,0.00,0.00,0.00,0.00,0.00,0,0,0,212,0,0,0,0,0.0
전라남도,나주시,봉황면,2030,"4,691.00","14,299.00","14,299.00",100.0,0.000,0.00,0.00,0.00,0.00,0.00,0.00,0.00,0.570,"4,691.00","14,299.00","14,299.00",0.00,"14,299.00",0.000,0.00,0.00,0.00,0.00,0.00,0.00,0.00,0,0,0,185,0,0,0,0,0.0
전라남도,나주시,송월동,2030,"100,257.00","155,569.00","114,113.00",73.4,0.000,0.00,"55,312.00","55,312.00","6,213.00","30,410.00",152.00,"18,537.00",3.190,"55,807.00","55,807.00","31,973.00",0.00,"31,973.00",12.000,"44,450.00","44,450.00","26,828.00",0.00,"26,828.00",0.00,0.00,"1,564",710,0,"4,022","22,129",11,21,"39,927",35.0
전라남도,나주시,영강동,2030,"66,131.00","102,626.00","75,281.00",73.4,0.000,0.00,"36,495.00","36,495.00","4,099.00","20,069.00",100.00,"12,227.00",2.924,"36,811.00","36,811.00","21,090.00",0.00,"21,090.00",8.000,"29,320.00","29,320.00","17,696.00",0.00,"17,696.00",0.00,0.00,"1,031",468,0,"2,042","14,596",7,14,"26,336",35.0
전라남도,나주시,금남동,2030,890.00,890.00,890.00,100.0,0.000,0.00,0.00,0.00,0.00,0.00,0.00,0.00,4.851,890.00,890.00,890.00,0.00,890.00,0.000,0.00,0.00,0.00,0.00,0.00,0.00,0.00,0,20,0,"3,931",0,0,0,0,0.0
전라남도,나주시,성북동,2030,"20,342.00","20,342.00","20,342.00",100.0,0.000,0.00,0.00,0.00,0.00,0.00,0.00,0.00,3.223,"20,342.00","20,342.00","20,342.00",0.00,"20,342.00",0.000,0.00,0.00,0.00,0.00,0.00,0.00,0.00,0,452,0,"5,773",0,0,0,0,0.0
전라남도,나주시,영산동,2030,"29,597.00","45,935.00","33,697.00",73.4,0.000,0.00,"16,338.00","16,338.00","1,834.00","8,987.00",45.00,"5,472.00",1.513,"16,475.00","16,475.00","9,439.00",0.00,"9,439.00",4.000,"13,122.00","13,122.00","7,920.00",0.00,"7,920.00",0.00,0.00,462,210,0,"2,814","6,533",3,6,"11,787",35.0
전라남도,나주시,이창동,2030,"9,838.00","15,263.00","11,196.00",73.4,0.000,0.00,"5,425.00","5,425.00",610.00,"2,981.00",15.00,"1,819.00",1.821,"5,476.00","5,476.00","3,138.00",0.00,"3,138.00",1.000,"4,362.00","4,362.00","2,633.00",0.00,"2,633.00",0.00,0.00,153,70,0,"2,921","2,172",1,2,"3,918",35.0
전라남도,나주시,빛가람동,2030,0.00,"109,035.00","109,035.00",100.0,0.000,0.00,0.00,0.00,0.00,0.00,0.00,0.00,0.000,0.00,"35,055.00","35,055.00",0.00,"35,055.00",0.000,0.00,"73,980.00","73,980.00",0.00,"73,980.00",0.00,0.00,"2,076","1,248",0,376,0,0,0,"109,035",100.0
전라남도,광양시,소계,,"603,569.30","650,421.30","650,421.30",100.0,0.000,0.00,0.00,0.00,0.00,0.00,0.00,0.00,103.600,"415,901.00","415,901.00","415,901.00",0.00,"415,901.00",94.800,"187,668.30","234,520.30","234,520.30","109,485.90","124,524.40",0.00,510.00,"7,612",0,"3,010","12,270","5,764",3,215,"280,087",43.1
전라남도,광양시,광양읍,2030,"219,982.00","266,834.00","266,834.00",100.0,0.000,0.00,0.00,0.00,0.00,0.00,0.00,0.00,61.700,"121,440.00","121,440.00","121,440.00",0.00,"121,440.00",61.700,"98,542.00","145,394.00","145,394.00","81,344.70","63,539.30",0.00,510.00,"4,099",0,0,"8,006","3,484",3,59,"171,297",64.2
전라남도,광양시,봉강면,2030,"4,423.00","4,423.00","4,423.00",100.0,0.000,0.00,0.00,0.00,0.00,0.00,0.00,0.00,0.510,"4,423.00","4,423.00","4,423.00",0.00,"4,423.00",0.510,0.00,0.00,0.00,0.00,0.00,0.00,0.00,0,0,0,54,26,0,0,0,0.0
전라남도,광양시,옥룡면,2030,0.00,0.00,0.00,0.0,0.000,0.00,0.00,0.00,0.00,0.00,0.00,0.00,0.890,0.00,0.00,0.00,0.00,0.00,0.890,0.00,0.00,0.00,0.00,0.00,0.00,0.00,0,0,0,46,17,0,0,0,0.0
전라남도,광양시,옥곡면,2030,0.00,0.00,0.00,0.0,0.000,0.00,0.00,0.00,0.00,0.00,0.00,0.00,0.240,0.00,0.00,0.00,0.00,0.00,0.240,0.00,0.00,0.00,0.00,0.00,0.00,0.00,770,0,0,481,219,0,12,"5,170",0.0
전라남도,광양시,진상면,2030,0.00,0.00,0.00,0.0,0.000,0.00,0.00,0.00,0.00,0.00,0.00,0.00,0.870,0.00,0.00,0.00,0.00,0.00,0.870,0.00,0.00,0.00,0.00,0.00,0.00,0.00,484,0,0,315,135,0,12,"7,085",0.0
전라남도,광양시,진월면,2030,"54,263.00","54,263.00","54,263.00",100.0,0.000,0.00,0.00,0.00,0.00,0.00,0.00,0.00,10.690,"48,090.00","48,090.00","48,090.00",0.00,"48,090.00",1.890,"6,173.00","6,173.00","6,173.00",0.00,"6,173.00",0.00,0.00,523,0,0,508,218,0,24,"6,173",11.4
전라남도,광양시,다압면,2030,282.00,282.00,282.00,100.0,0.000,0.00,0.00,0.00,0.00,0.00,0.00,0.00,1.640,180.00,180.00,180.00,0.00,180.00,1.640,102.00,102.00,102.00,0.00,102.00,0.00,0.00,0,0,0,38,14,0,0,0,0.0
전라남도,광양시,골약동,2030,0.00,0.00,0.00,0.0,0.000,0.00,0.00,0.00,0.00,0.00,0.00,0.00,0.000,0.00,0.00,0.00,0.00,0.00,0.000,0.00,0.00,0.00,0.00,0.00,0.00,0.00,0,0,136,136,60,0,25,0,0.0
전라남도,광양시,중마동,2030,"187,961.50","187,961.50","187,961.50",100.0,0.000,0.00,0.00,0.00,0.00,0.00,0.00,0.00,21.680,"138,611.00","138,611.00","138,611.00",0.00,"138,611.00",21.680,"49,350.50","49,350.50","49,350.50","11,252.50","38,098.00",0.00,0.00,0,0,"2,874","1,205","1,202",0,47,0,0.0
전라남도,광양시,광영동,2030,"131,763.80","131,763.80","131,763.80",100.0,0.000,0.00,0.00,0.00,0.00,0.00,0.00,0.00,4.280,"100,765.00","100,765.00","100,765.00",0.00,"100,765.00",4.280,"30,998.80","30,998.80","30,998.80","16,041.70","14,957.10",0.00,0.00,751,0,0,216,75,0,3,"41,411",31.4
전라남도,광양시,금호동,2030,0.00,0.00,0.00,0.0,0.000,0.00,0.00,0.00,0.00,0.00,0.00,0.00,0.000,0.00,0.00,0.00,0.00,0.00,0.000,0.00,0.00,0.00,0.00,0.00,0.00,0.00,0,0,0,0,0,0,0,0,0.0
전라남도,광양시,태인동,2030,"4,894.00","4,894.00","4,894.00",100.0,0.000,0.00,0.00,0.00,0.00,0.00,0.00,0.00,1.100,"2,392.00","2,392.00","2,392.00",0.00,"2,392.00",1.100,"2,502.00","2,502.00","2,502.00",847.00,"1,655.00",0.00,0.00,985,0,0,"1,265",314,0,33,"48,951","1,000.2"
전라남도,군부,합계,,"8,354,383.90","10,158,921.49","7,268,564.53",71.5,59.639,"508,322.00","578,460.60","252,315.90","27,246.70","107,527.40","34,384.20","83,157.60",409.455,"4,814,842.40","5,968,124.20","4,896,099.40","449,452.00","4,446,647.40","1,409.560","3,031,219.50","3,612,336.69","2,120,149.23","382,077.80","1,078,424.00","245,660.13","413,987.30","18,913","74,029","29,320","204,640","54,626",119,"1,174","4,519,804",62.2
전라남도,담양군,소계,,"218,580.60","489,551.10","473,444.10",96.7,0.000,0.00,0.00,0.00,0.00,0.00,0.00,0.00,7.925,"112,737.00","368,527.30","354,843.40",0.00,"354,843.40",6.000,"105,843.60","121,023.80","118,600.70","12,635.90","80,135.40","5,289.20","20,540.20",0,"12,732","2,961","17,704","2,371",0,162,"473,443",100.0
전라남도,담양군,담양읍,2035,"69,095.00","153,006.20","153,006.20",100.0,0.000,0.00,0.00,0.00,0.00,0.00,0.00,0.00,2.300,"12,708.00","90,472.10","90,472.10",0.00,"90,472.10",2.300,"56,387.00","62,534.10","62,534.10","10,607.10","39,338.60","1,472.70","11,115.70",0,"4,085","1,251","6,765","1,250",0,60,"153,006",100.0
전라남도,담양군,봉산면,2035,"3,854.00","7,979.70","7,979.70",100.0,0.000,0.00,0.00,0.00,0.00,0.00,0.00,0.00,0.700,"3,854.00","7,979.70","7,979.70",0.00,"7,979.70",0.700,0.00,0.00,0.00,0.00,0.00,0.00,0.00,0,208,0,665,0,0,0,"7,980",100.0
전라남도,담양군,고서면,2035,"26,179.00","29,263.10","27,459.70",93.8,0.000,0.00,0.00,0.00,0.00,0.00,0.00,0.00,0.600,"21,850.00","21,850.00","20,046.60",0.00,"20,046.60",0.600,"4,329.00","7,413.10","7,413.10",446.00,"6,265.20",409.40,292.50,0,677,149,975,148,0,29,"27,459",100.0
전라남도,담양군,남면,2035,"1,580.00","20,470.70","20,470.70",100.0,0.000,0.00,0.00,0.00,0.00,0.00,0.00,0.00,0.904,"1,580.00","20,470.70","20,470.70",0.00,"20,470.70",0.000,0.00,0.00,0.00,0.00,0.00,0.00,0.00,0,549,0,553,0,0,0,"20,471",100.0
전라남도,담양군,창평면,2035,"32,493.00","58,819.30","58,819.30",100.0,0.000,0.00,0.00,0.00,0.00,0.00,0.00,0.00,0.700,"16,202.00","40,242.60","40,242.60",0.00,"40,242.60",0.700,"16,291.00","18,576.70","18,576.70",366.70,"11,853.90",150.20,"6,205.90",0,"1,606",372,"1,366",371,0,26,"58,819",100.0
전라남도,담양군,대덕면,2035,"13,692.00","13,692.00","12,107.40",88.4,0.000,0.00,0.00,0.00,0.00,0.00,0.00,0.00,0.400,"10,817.00","10,817.00","10,232.80",0.00,"10,232.80",0.400,"2,875.00","2,875.00","1,874.60",0.00,"1,113.90",0.00,760.70,0,291,38,442,38,0,3,"12,107",100.0
전라남도,담양군,무정면,2035,"30,294.60","30,294.60","18,998.30",62.7,0.000,0.00,0.00,0.00,0.00,0.00,0.00,0.00,0.600,"24,790.00","24,790.00","13,493.70",0.00,"13,493.70",0.600,"5,504.60","5,504.60","5,504.60",978.10,"3,988.90",0.00,537.60,0,529,111,645,110,0,8,"18,998",100.0
전라남도,담양군,금성면,2035,"13,031.00","39,765.90","39,765.90",100.0,0.000,0.00,0.00,0.00,0.00,0.00,0.00,0.00,0.300,"6,278.00","29,696.60","29,696.60",0.00,"29,696.60",0.300,"6,753.00","10,069.30","10,069.30",0.00,"6,819.10","2,424.00",826.20,0,894,202,918,201,0,15,"39,765",100.0
전라남도,담양군,용면,2035,"2,682.00","25,026.60","25,026.60",100.0,0.000,0.00,0.00,0.00,0.00,0.00,0.00,0.00,0.100,"2,682.00","25,026.60","25,026.60",0.00,"25,026.60",0.100,0.00,0.00,0.00,0.00,0.00,0.00,0.00,0,742,0,754,0,0,0,"25,027",100.0
전라남도,담양군,월산면,2035,0.00,"12,114.00","12,114.00",100.0,0.000,0.00,0.00,0.00,0.00,0.00,0.00,0.00,1.021,0.00,"12,114.00","12,114.00",0.00,"12,114.00",0.000,0.00,0.00,0.00,0.00,0.00,0.00,0.00,0,368,0,775,0,0,0,"12,114",100.0
전라남도,담양군,수북면,2035,"4,799.00","57,588.50","57,588.50",100.0,0.000,0.00,0.00,0.00,0.00,0.00,0.00,0.00,0.100,"1,907.00","54,349.50","54,349.50",0.00,"54,349.50",0.100,"2,892.00","3,239.00","3,239.00",238.00,"1,570.80",832.90,597.30,0,"1,681",650,"1,991",65,0,2,"57,590",100.0
전라남도,담양군,대전면,2035,"20,881.00","41,530.50","40,107.80",96.6,0.000,0.00,0.00,0.00,0.00,0.00,0.00,0.00,0.200,"10,069.00","30,718.50","30,718.50",0.00,"30,718.50",0.200,"10,812.00","10,812.00","9,389.30",0.00,"9,185.00",0.00,204.30,0,"1,102",188,"1,855",188,0,19,"40,107",100.0
전라남도,곡성군,소계,,"358,098.00","390,760.00","351,766.00",90.0,0.000,0.00,0.00,0.00,0.00,0.00,0.00,0.00,6.730,"265,926.00","268,884.00","229,890.00",0.00,"229,890.00",6.110,"92,172.00","121,876.00","121,876.00","27,707.00","68,581.00","25,588.00",0.00,"6,509","5,459",110,"9,830",55,7,54,"338,222",96.1
전라남도,곡성군,곡성읍,2035,"61,447.00","61,447.00","60,871.00",99.1,0.000,0.00,0.00,0.00,0.00,0.00,0.00,0.00,1.750,"34,801.00","34,801.00","34,225.00",0.00,"34,225.00",1.740,"26,646.00","26,646.00","26,646.00","6,224.00","16,955.00","3,467.00",0.00,"1,392","1,855",10,"3,986",5,4,11,"60,871",100.0
전라남도,곡성군,오곡면,2035,"61,446.00","61,446.00","60,865.00",99.1,0.000,0.00,0.00,0.00,0.00,0.00,0.00,0.00,1.750,"34,801.00","34,801.00","34,220.00",0.00,"34,220.00",1.740,"26,645.00","26,645.00","26,645.00","6,223.00","16,955.00","3,467.00",0.00,"1,391",928,10,171,5,0,11,"60,865",100.0
전라남도,곡성군,삼기면,2035,"18,616.00","23,567.00","17,621.00",74.8,0.000,0.00,0.00,0.00,0.00,0.00,0.00,0.00,0.100,"18,616.00","18,616.00","12,670.00",0.00,"12,670.00",0.000,0.00,"4,951.00","4,951.00",856.00,"1,890.00","2,205.00",0.00,175,151,10,369,5,0,0,"17,624",100.0
전라남도,곡성군,석곡면,2035,"35,883.00","35,883.00","32,086.00",89.4,0.000,0.00,0.00,0.00,0.00,0.00,0.00,0.00,0.770,"23,050.00","23,050.00","19,253.00",0.00,"19,253.00",0.770,"12,833.00","12,833.00","12,833.00","4,870.00","6,509.00","1,454.00",0.00,714,714,10,936,5,3,13,"32,086",100.0
전라남도,곡성군,목사동면,2035,"18,616.00","23,566.00","17,620.00",74.8,0.000,0.00,0.00,0.00,0.00,0.00,0.00,0.00,0.100,"18,616.00","18,616.00","12,670.00",0.00,"12,670.00",0.000,0.00,"4,950.00","4,950.00",856.00,"1,890.00","2,204.00",0.00,175,151,10,245,5,0,0,"17,624",100.0
전라남도,곡성군,죽곡면,2035,"18,616.00","23,566.00","17,620.00",74.8,0.000,0.00,0.00,0.00,0.00,0.00,0.00,0.00,0.100,"18,616.00","18,616.00","12,670.00",0.00,"12,670.00",0.000,0.00,"4,950.00","4,950.00",856.00,"1,890.00","2,204.00",0.00,175,152,10,427,5,0,0,"17,624",100.0
전라남도,곡성군,고달면,2035,"18,616.00","23,566.00","20,739.00",88.0,0.000,0.00,0.00,0.00,0.00,0.00,0.00,0.00,0.100,"18,616.00","18,616.00","15,789.00",0.00,"15,789.00",0.000,0.00,"4,950.00","4,950.00",856.00,"1,890.00","2,204.00",0.00,175,151,10,257,5,0,0,"17,624",85.0
전라남도,곡성군,옥과면,2035,"49,448.00","49,448.00","41,618.00",84.2,0.000,0.00,0.00,0.00,0.00,0.00,0.00,0.00,0.840,"30,800.00","30,800.00","22,970.00",0.00,"22,970.00",0.840,"18,648.00","18,648.00","18,648.00","4,171.00","12,356.00","2,121.00",0.00,904,904,10,"1,900",5,0,11,"41,616",100.0
전라남도,곡성군,입면,2035,"38,176.00","41,134.00","41,134.00",100.0,0.000,0.00,0.00,0.00,0.00,0.00,0.00,0.00,1.020,"30,776.00","33,734.00","33,734.00",0.00,"33,734.00",1.020,"7,400.00","7,400.00","7,400.00","1,083.00","4,463.00","1,854.00",0.00,"1,058",151,10,"1,048",5,0,8,"37,040",90.0
전라남도,곡성군,겸면,2035,"18,616.00","23,566.00","22,696.00",96.3,0.000,0.00,0.00,0.00,0.00,0.00,0.00,0.00,0.100,"18,616.00","18,616.00","17,746.00",0.00,"17,746.00",0.000,0.00,"4,950.00","4,950.00",856.00,"1,890.00","2,204.00",0.00,175,151,10,314,5,0,0,"17,624",77.7
전라남도,곡성군,오산면,2035,"18,618.00","23,571.00","18,896.00",80.2,0.000,0.00,0.00,0.00,0.00,0.00,0.00,0.00,0.100,"18,618.00","18,618.00","13,943.00",0.00,"13,943.00",0.000,0.00,"4,953.00","4,953.00",856.00,"1,893.00","2,204.00",0.00,175,151,10,177,5,0,0,"17,624",93.3
전라남도,구례군,소계,,"410,460.00","410,460.00","379,143.00",92.4,0.000,0.00,0.00,0.00,0.00,0.00,0.00,0.00,15.276,"351,671.00","351,671.00","320,354.00",0.00,"320,354.00",57.000,"58,789.00","58,789.00","58,789.00",0.00,"54,631.00",0.00,"4,158.00",0,"3,739",0,"8,881",0,0,189,"353,843",93.3
전라남도,구례군,구례읍,2025,"188,556.00","188,556.00","162,950.00",86.4,0.000,0.00,0.00,0.00,0.00,0.00,0.00,0.00,5.454,"143,799.00","143,799.00","118,193.00",0.00,"118,193.00",12.800,"44,757.00","44,757.00","44,757.00",0.00,"41,784.00",0.00,"2,973.00",0,"2,073",0,"4,643",0,0,112,"173,051",106.2
전라남도,구례군,문척면,2025,"16,500.00","16,500.00","15,600.00",94.5,0.000,0.00,0.00,0.00,0.00,0.00,0.00,0.00,0.786,"16,500.00","16,500.00","15,600.00",0.00,"15,600.00",0.000,0.00,0.00,0.00,0.00,0.00,0.00,0.00,0,160,0,460,0,0,0,"16,500",105.8
전라남도,구례군,간전면,2025,"24,290.00","24,290.00","24,290.00",100.0,0.000,0.00,0.00,0.00,0.00,0.00,0.00,0.00,0.484,"24,290.00","24,290.00","24,290.00",0.00,"24,290.00",0.000,0.00,0.00,0.00,0.00,0.00,0.00,0.00,0,180,0,480,0,0,0,"24,290",100.0
전라남도,구례군,토지면,2025,"38,550.00","38,550.00","38,550.00",100.0,0.000,0.00,0.00,0.00,0.00,0.00,0.00,0.00,0.955,"38,550.00","38,550.00","38,550.00",0.00,"38,550.00",0.000,0.00,0.00,0.00,0.00,0.00,0.00,0.00,0,210,0,510,0,0,0,"21,150",54.9
전라남도,구례군,마산면,2025,"23,391.00","23,391.00","23,300.00",99.6,0.000,0.00,0.00,0.00,0.00,0.00,0.00,0.00,2.067,"14,734.00","14,734.00","14,643.00",0.00,"14,643.00",14.900,"8,657.00","8,657.00","8,657.00",0.00,"7,472.00",0.00,"1,185.00",0,538,0,828,0,0,17,"23,391",100.4
전라남도,구례군,광의면,2025,"54,240.00","54,240.00","49,520.00",91.3,0.000,0.00,0.00,0.00,0.00,0.00,0.00,0.00,1.242,"54,240.00","54,240.00","49,520.00",0.00,"49,520.00",0.000,0.00,0.00,0.00,0.00,0.00,0.00,0.00,0,160,0,460,0,0,0,"49,620",100.2
전라남도,구례군,용방면,2025,"16,400.00","16,400.00","16,400.00",100.0,0.000,0.00,0.00,0.00,0.00,0.00,0.00,0.00,0.613,"16,400.00","16,400.00","16,400.00",0.00,"16,400.00",0.000,0.00,0.00,0.00,0.00,0.00,0.00,0.00,0,150,0,480,0,0,0,"16,400",100.0
전라남도,구례군,산동면,2025,"48,533.00","48,533.00","48,533.00",100.0,0.000,0.00,0.00,0.00,0.00,0.00,0.00,0.00,3.675,"43,158.00","43,158.00","43,158.00",0.00,"43,158.00",29.300,"5,375.00","5,375.00","5,375.00",0.00,"5,375.00",0.00,0.00,0,268,0,"1,020",0,0,60,"29,441",60.7
전라남도,고흥군,소계,,"549,411.00","549,411.00","549,411.00",100.0,0.000,0.00,0.00,0.00,0.00,0.00,0.00,0.00,18.295,"538,089.00","538,089.00","538,089.00",0.00,"538,089.00",0.390,"11,322.00","11,322.00","11,322.00",0.00,"11,322.00",0.00,0.00,0,"1,087",166,"18,501",0,12,1,0,0.0
전라남도,고흥군,고흥읍,2021,"111,932.00","111,932.00","111,932.00",100.0,0.000,0.00,0.00,0.00,0.00,0.00,0.00,0.00,4.260,"108,808.00","108,808.00","108,808.00",0.00,"108,808.00",0.100,"3,124.00","3,124.00","3,124.00",0.00,"3,124.00",0.00,0.00,0,690,95,"4,554",0,0,1,0,0.0
전라남도,고흥군,도양읍,2021,"79,876.00","79,876.00","79,876.00",100.0,0.000,0.00,0.00,0.00,0.00,0.00,0.00,0.00,2.042,"77,826.00","77,826.00","77,826.00",0.00,"77,826.00",0.100,"2,050.00","2,050.00","2,050.00",0.00,"2,050.00",0.00,0.00,0,397,71,"4,044",0,0,0,0,0.0
전라남도,고흥군,풍양면,2021,"36,050.00","36,050.00","36,050.00",100.0,0.000,0.00,0.00,0.00,0.00,0.00,0.00,0.00,1.260,"34,827.00","34,827.00","34,827.00",0.00,"34,827.00",0.000,"1,223.00","1,223.00","1,223.00",0.00,"1,223.00",0.00,0.00,0,0,0,"1,535",0,4,0,0,0.0
전라남도,고흥군,도덕면,2021,"13,000.00","13,000.00","13,000.00",100.0,0.000,0.00,0.00,0.00,0.00,0.00,0.00,0.00,0.836,"13,000.00","13,000.00","13,000.00",0.00,"13,000.00",0.000,0.00,0.00,0.00,0.00,0.00,0.00,0.00,0,0,0,482,0,0,0,0,0.0
전라남도,고흥군,금산면,2021,"101,306.00","101,306.00","101,306.00",100.0,0.000,0.00,0.00,0.00,0.00,0.00,0.00,0.00,2.089,"100,400.00","100,400.00","100,400.00",0.00,"100,400.00",0.030,906.00,906.00,906.00,0.00,906.00,0.00,0.00,0,0,0,"1,465",0,0,0,0,0.0
전라남도,고흥군,도화면,2021,"32,841.00","32,841.00","32,841.00",100.0,0.000,0.00,0.00,0.00,0.00,0.00,0.00,0.00,1.517,"30,420.00","30,420.00","30,420.00",0.00,"30,420.00",0.100,"2,421.00","2,421.00","2,421.00",0.00,"2,421.00",0.00,0.00,0,0,0,"1,666",0,0,0,0,0.0
전라남도,고흥군,포두면,2021,"40,668.00","40,668.00","40,668.00",100.0,0.000,0.00,0.00,0.00,0.00,0.00,0.00,0.00,0.965,"39,070.00","39,070.00","39,070.00",0.00,"39,070.00",0.060,"1,598.00","1,598.00","1,598.00",0.00,"1,598.00",0.00,0.00,0,0,0,841,0,5,0,0,0.0
전라남도,고흥군,봉래면,2021,"14,445.00","14,445.00","14,445.00",100.0,0.000,0.00,0.00,0.00,0.00,0.00,0.00,0.00,0.600,"14,445.00","14,445.00","14,445.00",0.00,"14,445.00",0.000,0.00,0.00,0.00,0.00,0.00,0.00,0.00,0,0,0,643,0,0,0,0,0.0
전라남도,고흥군,점암면,2021,"9,000.00","9,000.00","9,000.00",100.0,0.000,0.00,0.00,0.00,0.00,0.00,0.00,0.00,0.300,"9,000.00","9,000.00","9,000.00",0.00,"9,000.00",0.000,0.00,0.00,0.00,0.00,0.00,0.00,0.00,0,0,0,220,0,0,0,0,0.0
전라남도,고흥군,과역면,2021,"50,293.00","50,293.00","50,293.00",100.0,0.000,0.00,0.00,0.00,0.00,0.00,0.00,0.00,1.026,"50,293.00","50,293.00","50,293.00",0.00,"50,293.00",0.000,0.00,0.00,0.00,0.00,0.00,0.00,0.00,0,0,0,"1,053",0,3,0,0,0.0
전라남도,고흥군,남양면,2021,0.00,0.00,0.00,0.0,0.000,0.00,0.00,0.00,0.00,0.00,0.00,0.00,0.000,0.00,0.00,0.00,0.00,0.00,0.000,0.00,0.00,0.00,0.00,0.00,0.00,0.00,0,0,0,0,0,0,0,0,0.0
전라남도,고흥군,동강면,2021,"29,810.00","29,810.00","29,810.00",100.0,0.000,0.00,0.00,0.00,0.00,0.00,0.00,0.00,1.650,"29,810.00","29,810.00","29,810.00",0.00,"29,810.00",0.000,0.00,0.00,0.00,0.00,0.00,0.00,0.00,0,0,0,894,0,0,0,0,0.0
전라남도,고흥군,대서면,2021,"8,190.00","8,190.00","8,190.00",100.0,0.000,0.00,0.00,0.00,0.00,0.00,0.00,0.00,0.600,"8,190.00","8,190.00","8,190.00",0.00,"8,190.00",0.000,0.00,0.00,0.00,0.00,0.00,0.00,0.00,0,0,0,339,0,0,0,0,0.0
전라남도,고흥군,두원면,2021,"7,700.00","7,700.00","7,700.00",100.0,0.000,0.00,0.00,0.00,0.00,0.00,0.00,0.00,0.520,"7,700.00","7,700.00","7,700.00",0.00,"7,700.00",0.000,0.00,0.00,0.00,0.00,0.00,0.00,0.00,0,0,0,226,0,0,0,0,0.0
전라남도,고흥군,영남면,2021,"5,200.00","5,200.00","5,200.00",100.0,0.000,0.00,0.00,0.00,0.00,0.00,0.00,0.00,0.330,"5,200.00","5,200.00","5,200.00",0.00,"5,200.00",0.000,0.00,0.00,0.00,0.00,0.00,0.00,0.00,0,0,0,359,0,0,0,0,0.0
전라남도,고흥군,동일면,2021,"9,100.00","9,100.00","9,100.00",100.0,0.000,0.00,0.00,0.00,0.00,0.00,0.00,0.00,0.300,"9,100.00","9,100.00","9,100.00",0.00,"9,100.00",0.000,0.00,0.00,0.00,0.00,0.00,0.00,0.00,0,0,0,180,0,0,0,0,0.0
전라남도,보성군,소계,,"615,104.00","618,811.00","362,788.00",58.6,0.000,0.00,0.00,0.00,0.00,0.00,0.00,0.00,16.028,"291,963.00","295,670.00","228,383.00",0.00,"228,383.00",0.000,"323,141.00","323,141.00","134,405.00","8,676.00","63,439.00","16,004.00","46,286.00",0,"4,284","1,867","16,623","1,529",0,168,"360,082",99.3
전라남도,보성군,보성읍,2035,"100,647.00","100,647.00","82,270.00",81.7,0.000,0.00,0.00,0.00,0.00,0.00,0.00,0.00,5.531,"29,269.00","29,269.00","26,958.00",0.00,"26,958.00",0.000,"71,378.00","71,378.00","55,312.00","2,611.00","25,600.00","12,296.00","14,805.00",0,"1,217",732,"5,600",483,0,61,"82,270",100.0
전라남도,보성군,벌교읍,2035,"83,724.00","83,724.00","68,412.00",81.7,0.000,0.00,0.00,0.00,0.00,0.00,0.00,0.00,3.345,"25,583.00","25,583.00","25,583.00",0.00,"25,583.00",0.000,"58,141.00","58,141.00","42,829.00","4,555.00","21,017.00",953.00,"16,304.00",0,"1,158",619,"4,540",192,0,43,"62,687",91.6
전라남도,보성군,노동면,2035,"33,169.00","33,169.00","10,940.00",33.0,0.000,0.00,0.00,0.00,0.00,0.00,0.00,0.00,0.319,"18,200.00","18,200.00","10,710.00",0.00,"10,710.00",0.000,"14,969.00","14,969.00",230.00,0.00,230.00,0.00,0.00,0,29,5,173,34,0,0,"10,940",100.0
전라남도,보성군,미력면,2035,"23,395.00","23,395.00","10,120.00",43.3,0.000,0.00,0.00,0.00,0.00,0.00,0.00,0.00,0.422,"10,810.00","10,810.00","9,572.00",0.00,"9,572.00",0.000,"12,585.00","12,585.00",548.00,0.00,548.00,0.00,0.00,0,92,14,276,31,0,0,"10,119",100.0
전라남도,보성군,겸백면,2035,"28,932.00","28,932.00","10,725.00",37.1,0.000,0.00,0.00,0.00,0.00,0.00,0.00,0.00,0.338,"15,150.00","15,150.00","10,605.00",0.00,"10,605.00",0.000,"13,782.00","13,782.00",120.00,0.00,120.00,0.00,0.00,0,28,4,155,33,0,0,"10,725",100.0
전라남도,보성군,율어면,2035,"30,638.00","30,638.00","12,230.00",39.9,0.000,0.00,0.00,0.00,0.00,0.00,0.00,0.00,0.288,"16,702.00","16,702.00","12,112.00",0.00,"12,112.00",0.000,"13,936.00","13,936.00",118.00,0.00,118.00,0.00,0.00,0,82,12,242,38,0,0,"15,250",124.7
전라남도,보성군,복내면,2035,"33,249.00","33,249.00","21,387.00",64.3,0.000,0.00,0.00,0.00,0.00,0.00,0.00,0.00,0.707,"23,449.00","23,449.00","16,205.00",0.00,"16,205.00",0.000,"9,800.00","9,800.00","5,182.00",0.00,"4,841.00",0.00,341.00,0,113,17,880,66,0,0,"21,387",100.0
전라남도,보성군,문덕면,2035,"19,173.00","19,173.00","12,670.00",66.1,0.000,0.00,0.00,0.00,0.00,0.00,0.00,0.00,0.371,"13,200.00","13,200.00","10,401.00",0.00,"10,401.00",0.000,"5,973.00","5,973.00","2,269.00",35.00,856.00,0.00,"1,378.00",0,118,12,453,39,0,0,"12,670",100.0
전라남도,보성군,조성면,2035,"86,838.00","86,838.00","39,242.00",45.2,0.000,0.00,0.00,0.00,0.00,0.00,0.00,0.00,1.270,"47,761.00","47,761.00","29,812.00",0.00,"29,812.00",0.000,"39,077.00","39,077.00","9,430.00",194.00,"3,080.00","2,114.00","4,042.00",0,72,12,"1,145",121,0,0,"39,242",100.0
전라남도,보성군,득량면,2035,"122,607.00","122,607.00","64,980.00",53.0,0.000,0.00,0.00,0.00,0.00,0.00,0.00,0.00,1.485,"67,433.00","67,433.00","54,468.00",0.00,"54,468.00",0.000,"55,174.00","55,174.00","10,512.00",768.00,"2,060.00",641.00,"7,043.00",0,371,55,"1,848",200,0,0,"64,980",100.0
전라남도,보성군,회천면,2035,"27,802.00","27,802.00","13,115.00",47.2,0.000,0.00,0.00,0.00,0.00,0.00,0.00,0.00,1.173,"11,976.00","11,976.00","5,820.00",0.00,"5,820.00",0.000,"15,826.00","15,826.00","7,295.00",513.00,"4,409.00",0.00,"2,373.00",0,531,323,810,241,0,64,"13,115",100.0
전라남도,보성군,웅치면,2035,"24,930.00","28,637.00","16,697.00",58.3,0.000,0.00,0.00,0.00,0.00,0.00,0.00,0.00,0.779,"12,430.00","16,137.00","16,137.00",0.00,"16,137.00",0.000,"12,500.00","12,500.00",560.00,0.00,560.00,0.00,0.00,0,473,62,501,51,0,0,"16,697",100.0
전라남도,화순군,소계,,"401,997.00","569,828.40","406,859.40",71.4,7.700,"43,566.00","54,816.60","29,001.30",381.40,"27,141.30",0.00,"1,478.60",21.200,"207,206.00","325,163.70","199,597.00",0.00,"199,597.00",0.000,"151,225.00","189,848.10","178,261.10","14,730.80","107,371.60",979.60,"55,179.10",264,"5,530","2,680","28,216","2,873",7,0,"303,059",74.5
전라남도,화순군,화순읍,2020,"323,930.00","323,930.00","178,750.30",55.2,3.200,"35,613.00","35,613.00","14,319.60",81.40,"12,759.60",0.00,"1,478.60",9.500,"160,236.00","160,236.00","45,613.70",0.00,"45,613.70",0.000,"128,081.00","128,081.00","118,817.00","10,404.40","84,764.60",628.30,"23,019.70",262,"2,455","1,955","24,987","2,119",7,0,"244,301",136.7
전라남도,화순군,한천면,,0.00,"10,637.70","10,637.70",100.0,0.000,0.00,0.00,0.00,0.00,0.00,0.00,0.00,0.000,0.00,"10,161.40","10,161.40",0.00,"10,161.40",0.000,0.00,476.30,476.30,0.00,476.30,0.00,0.00,0,282,37,245,0,0,0,0,0.0
전라남도,화순군,춘양면,,0.00,0.00,0.00,0.0,0.000,0.00,0.00,0.00,0.00,0.00,0.00,0.00,0.000,0.00,0.00,0.00,0.00,0.00,0.000,0.00,0.00,0.00,0.00,0.00,0.00,0.00,0,0,0,0,0,0,0,0,0.0
전라남도,화순군,청풍면,,0.00,0.00,0.00,0.0,0.000,0.00,0.00,0.00,0.00,0.00,0.00,0.00,0.000,0.00,0.00,0.00,0.00,0.00,0.000,0.00,0.00,0.00,0.00,0.00,0.00,0.00,0,0,0,0,0,0,0,0,0.0
전라남도,화순군,이양면,,0.00,0.00,0.00,0.0,0.000,0.00,0.00,0.00,0.00,0.00,0.00,0.00,0.000,0.00,0.00,0.00,0.00,0.00,0.000,0.00,0.00,0.00,0.00,0.00,0.00,0.00,0,0,0,0,0,0,0,0,0.0
전라남도,화순군,능주면,,0.00,"40,865.30","40,865.30",100.0,0.000,0.00,0.00,0.00,0.00,0.00,0.00,0.00,0.000,0.00,"39,325.80","39,325.80",0.00,"39,325.80",0.000,0.00,"1,539.50","1,539.50",0.00,"1,539.50",0.00,0.00,0,537,220,670,186,0,0,0,0.0
전라남도,화순군,도곡면,2020,"16,827.00","61,592.90","60,288.00",97.9,1.300,"2,655.00","2,655.00","1,350.10",0.00,"1,350.10",0.00,0.00,0.600,"7,963.00","44,948.90","44,948.90",0.00,"44,948.90",0.000,"6,209.00","13,989.00","13,989.00","2,372.50","6,876.90",0.00,"4,739.60",0,"1,110",116,364,47,0,0,"13,940",23.1
전라남도,화순군,도암면,,0.00,0.00,0.00,0.0,0.000,0.00,0.00,0.00,0.00,0.00,0.00,0.00,0.000,0.00,0.00,0.00,0.00,0.00,0.000,0.00,0.00,0.00,0.00,0.00,0.00,0.00,0,0,0,0,0,0,0,0,0.0
전라남도,화순군,이서면,,0.00,0.00,0.00,0.0,0.000,0.00,0.00,0.00,0.00,0.00,0.00,0.00,2.700,0.00,0.00,0.00,0.00,0.00,0.000,0.00,0.00,0.00,0.00,0.00,0.00,0.00,0,0,0,0,0,0,0,0,0.0
전라남도,화순군,북면,2020,"12,420.00","12,420.00","5,963.00",48.0,0.800,"4,748.00","4,748.00","1,531.00",0.00,"1,531.00",0.00,0.00,3.600,"2,935.00","2,935.00","2,018.00",0.00,"2,018.00",0.000,"4,737.00","4,737.00","2,414.00",15.50,"2,239.40",0.00,159.10,0,35,50,257,7,0,0,"5,168",86.7
전라남도,화순군,동복면,2020,"22,100.00","33,703.40","33,659.00",99.9,1.300,250.00,"1,421.00","1,421.00",0.00,"1,421.00",0.00,0.00,2.100,"14,766.00","14,766.00","14,721.60",0.00,"14,721.60",0.000,"7,084.00","17,516.40","17,516.40",811.60,"4,265.30",111.70,"12,327.80",0,291,120,523,149,0,0,"13,617",40.5
전라남도,화순군,남면,2020,"26,720.00","52,792.00","42,809.00",81.1,1.100,300.00,"10,379.60","10,379.60",300.00,"10,079.60",0.00,0.00,2.700,"21,306.00","21,306.00","11,323.00",0.00,"11,323.00",0.000,"5,114.00","21,106.40","21,106.40","1,126.80","4,807.10",239.60,"14,932.90",2,309,95,590,90,0,0,"26,033",60.8
전라남도,화순군,동면,,0.00,"33,887.10","33,887.10",100.0,0.000,0.00,0.00,0.00,0.00,0.00,0.00,0.00,0.000,0.00,"31,484.60","31,484.60",0.00,"31,484.60",0.000,0.00,"2,402.50","2,402.50",0.00,"2,402.50",0.00,0.00,0,511,87,580,275,0,0,0,0.0
전라남도,장흥군,소계,,"356,636.00","427,350.00","321,749.00",75.3,0.000,0.00,0.00,0.00,0.00,0.00,0.00,0.00,11.880,"234,324.00","234,324.00","164,071.00",0.00,"164,071.00",618.190,"122,312.00","193,026.00","157,678.00","61,512.00","56,236.00",0.00,"39,930.00","3,393","2,425",262,"4,461","4,461",0,0,"245,722",76.4
전라남도,장흥군,장흥읍,2023,"103,040.00","173,753.00","155,835.00",89.7,0.000,0.00,0.00,0.00,0.00,0.00,0.00,0.00,4.070,"83,919.00","83,919.00","66,001.00",0.00,"66,001.00",55.920,"19,121.00","89,834.00","89,834.00","42,815.00","22,319.00",0.00,"24,700.00","1,621",583,0,"2,607","2,607",0,0,"103,131",66.2
전라남도,장흥군,관산읍,2023,"76,359.00","76,359.00","42,411.00",55.5,0.000,0.00,0.00,0.00,0.00,0.00,0.00,0.00,1.640,"29,731.00","29,731.00","23,842.00",0.00,"23,842.00",71.820,"46,628.00","46,628.00","18,569.00","3,569.00","12,085.00",0.00,"2,915.00",475,230,0,558,558,0,0,"42,411",100.0
전라남도,장흥군,대덕읍,2023,"70,735.00","70,735.00","50,621.00",71.6,0.000,0.00,0.00,0.00,0.00,0.00,0.00,0.00,2.460,"44,317.00","44,317.00","28,580.00",0.00,"28,580.00",58.080,"26,418.00","26,418.00","22,041.00","9,144.00","10,426.00",0.00,"2,471.00",833,529,0,785,785,0,0,"40,671",80.3
전라남도,장흥군,용산면,2023,"11,234.00","11,234.00","6,297.00",56.1,0.000,0.00,0.00,0.00,0.00,0.00,0.00,0.00,0.370,"4,937.00","4,937.00","2,421.00",0.00,"2,421.00",72.340,"6,297.00","6,297.00","3,876.00",644.00,678.00,0.00,"2,554.00",0,80,47,0,0,0,0,"6,296",100.0
전라남도,장흥군,안양면,2023,"30,260.00","30,261.00","14,307.00",47.3,0.000,0.00,0.00,0.00,0.00,0.00,0.00,0.00,1.080,"24,140.00","24,140.00","8,186.00",0.00,"8,186.00",51.160,"6,120.00","6,121.00","6,121.00",557.00,"2,165.00",0.00,"3,399.00",0,332,103,0,0,0,0,"14,307",100.0
전라남도,장흥군,장동면,2023,"4,380.00","4,380.00","4,367.00",99.7,0.000,0.00,0.00,0.00,0.00,0.00,0.00,0.00,0.180,"4,380.00","4,380.00","4,367.00",0.00,"4,367.00",44.840,0.00,0.00,0.00,0.00,0.00,0.00,0.00,0,0,0,0,0,0,0,0,0.0
전라남도,장흥군,장평면,2023,"6,837.00","6,837.00","4,868.00",71.2,0.000,0.00,0.00,0.00,0.00,0.00,0.00,0.00,0.040,"6,837.00","6,837.00","4,868.00",0.00,"4,868.00",77.860,0.00,0.00,0.00,0.00,0.00,0.00,0.00,0,0,0,0,0,0,0,0,0.0
전라남도,장흥군,유치면,2023,"16,576.00","16,576.00","16,576.00",100.0,0.000,0.00,0.00,0.00,0.00,0.00,0.00,0.00,1.230,"11,063.00","11,063.00","11,063.00",0.00,"11,063.00",122.170,"5,513.00","5,513.00","5,513.00",0.00,"3,621.00",0.00,"1,892.00",0,385,112,0,0,0,0,"16,576",100.0
전라남도,장흥군,부산면,2023,"7,089.00","7,089.00",0.00,0.0,0.000,0.00,0.00,0.00,0.00,0.00,0.00,0.00,0.220,"7,089.00","7,089.00",0.00,0.00,0.00,38.010,0.00,0.00,0.00,0.00,0.00,0.00,0.00,0,0,0,0,0,0,0,0,0.0
전라남도,장흥군,회진면,2023,"30,126.00","30,126.00","26,467.00",87.9,0.000,0.00,0.00,0.00,0.00,0.00,0.00,0.00,0.590,"17,911.00","17,911.00","14,743.00",0.00,"14,743.00",25.990,"12,215.00","12,215.00","11,724.00","4,783.00","4,942.00",0.00,"1,999.00",464,286,0,511,511,0,0,"22,330",84.4
전라남도,강진군,소계,,"334,907.00","377,140.00","373,022.00",98.9,0.000,0.00,0.00,0.00,0.00,0.00,0.00,0.00,10.215,"196,236.00","238,469.00","234,966.00",0.00,"234,966.00",6.000,"138,671.00","138,671.00","138,056.00","37,803.00","56,957.00",777.00,"42,519.00",0,"3,819","2,624","8,446",0,0,40,"274,640",73.6
전라남도,강진군,강진읍,2021,"136,236.00","136,236.00","135,540.00",99.5,0.000,0.00,0.00,0.00,0.00,0.00,0.00,0.00,4.300,"75,524.00","75,524.00","75,443.00",0.00,"75,443.00",3.200,"60,712.00","60,712.00","60,097.00","21,551.00","31,260.00",0.00,"7,286.00",0,"1,495","1,203","3,082",0,0,16,"128,170",94.6
전라남도,강진군,군동면,2021,"18,563.00","26,599.00","26,599.00",100.0,0.000,0.00,0.00,0.00,0.00,0.00,0.00,0.00,0.501,"13,826.00","21,862.00","21,862.00",0.00,"21,862.00",0.200,"4,737.00","4,737.00","4,737.00",973.00,501.00,0.00,"3,263.00",0,245,137,613,0,0,0,"13,213",49.7
전라남도,강진군,칠량면,2021,"11,561.00","25,077.00","25,077.00",100.0,0.000,0.00,0.00,0.00,0.00,0.00,0.00,0.00,0.195,"9,276.00","22,792.00","22,792.00",0.00,"22,792.00",0.100,"2,285.00","2,285.00","2,285.00",248.00,519.00,0.00,"1,518.00",0,261,9,459,0,0,0,"8,050",32.1
전라남도,강진군,대구면,2021,"13,339.00","13,339.00","13,339.00",100.0,0.000,0.00,0.00,0.00,0.00,0.00,0.00,0.00,0.614,"4,350.00","4,350.00","4,350.00",0.00,"4,350.00",0.300,"8,989.00","8,989.00","8,989.00","1,168.00","2,527.00",129.00,"5,165.00",0,101,84,358,0,0,0,"4,692",35.2
전라남도,강진군,도암면,2021,"16,346.00","16,346.00","16,093.00",98.5,0.000,0.00,0.00,0.00,0.00,0.00,0.00,0.00,0.466,"12,110.00","12,110.00","11,857.00",0.00,"11,857.00",0.200,"4,236.00","4,236.00","4,236.00","1,272.00","1,870.00",0.00,"1,094.00",0,189,148,398,0,0,0,"10,627",66.0
전라남도,강진군,신전면,2021,"16,575.00","16,575.00","16,575.00",100.0,0.000,0.00,0.00,0.00,0.00,0.00,0.00,0.00,0.283,"10,186.00","10,186.00","10,186.00",0.00,"10,186.00",0.200,"6,389.00","6,389.00","6,389.00",941.00,"2,450.00",0.00,"2,998.00",0,151,130,402,0,0,0,"13,970",84.3
전라남도,강진군,성전면,2021,"19,643.00","40,243.00","40,243.00",100.0,0.000,0.00,0.00,0.00,0.00,0.00,0.00,0.00,0.879,"16,834.00","37,434.00","37,434.00",0.00,"37,434.00",0.100,"2,809.00","2,809.00","2,809.00",423.00,"1,047.00",152.00,"1,187.00",0,166,133,843,0,0,0,"18,283",45.4
전라남도,강진군,작천면,2021,"11,585.00","11,585.00","11,585.00",100.0,0.000,0.00,0.00,0.00,0.00,0.00,0.00,0.00,0.395,"5,216.00","5,216.00","5,216.00",0.00,"5,216.00",0.300,"6,369.00","6,369.00","6,369.00","3,829.00",588.00,8.00,"1,944.00",0,80,76,276,0,0,0,"4,783",41.3
전라남도,강진군,병영면,2021,"33,897.00","33,897.00","30,728.00",90.7,0.000,0.00,0.00,0.00,0.00,0.00,0.00,0.00,1.126,"15,981.00","15,981.00","12,812.00",0.00,"12,812.00",0.600,"17,916.00","17,916.00","17,916.00","4,353.00","7,526.00",0.00,"6,037.00",0,348,253,793,0,0,0,"19,144",62.3
전라남도,강진군,옴천면,2021,"11,539.00","11,539.00","11,539.00",100.0,0.000,0.00,0.00,0.00,0.00,0.00,0.00,0.00,0.376,"11,182.00","11,182.00","11,182.00",0.00,"11,182.00",0.000,357.00,357.00,357.00,0.00,199.00,77.00,81.00,0,219,140,366,0,0,0,"11,072",96.0
전라남도,강진군,마량면,2021,"45,623.00","45,704.00","45,704.00",100.0,0.000,0.00,0.00,0.00,0.00,0.00,0.00,0.00,1.080,"21,751.00","21,832.00","21,832.00",0.00,"21,832.00",0.800,"23,872.00","23,872.00","23,872.00","3,045.00","8,470.00",411.00,"11,946.00",0,564,311,856,0,0,24,"42,636",93.3
전라남도,해남군,소계,,"797,043.00","859,598.39","472,141.63",54.9,0.000,0.00,0.00,0.00,0.00,0.00,0.00,0.00,41.364,"591,696.00","591,696.00","240,547.10",0.00,"240,547.10",4.300,"205,347.00","267,902.39","231,594.53","11,241.00","57,996.40","160,666.13","1,691.00",0,"4,729",86,"11,028",0,0,0,"253,672",53.7
전라남도,해남군,해남읍,2025,"201,857.00","232,292.75","179,304.75",77.2,0.000,0.00,0.00,0.00,0.00,0.00,0.00,0.00,8.872,"136,888.00","136,888.00","83,900.00",0.00,"83,900.00",1.000,"64,969.00","95,404.75","95,404.75","4,260.00","28,668.00","62,476.75",0.00,0,"1,562",52,"4,757",0,0,0,"164,109",91.5
전라남도,해남군,삼산면,2025,"39,359.00","46,652.82","34,021.02",72.9,0.000,0.00,0.00,0.00,0.00,0.00,0.00,0.00,7.366,"33,559.00","33,559.00","20,927.20",0.00,"20,927.20",0.200,"5,800.00","13,093.82","13,093.82",775.00,"3,469.00","8,849.82",0.00,0,536,0,558,0,0,0,0,0.0
전라남도,해남군,화산면,2025,"58,966.00","58,966.00",0.00,0.0,0.000,0.00,0.00,0.00,0.00,0.00,0.00,0.00,0.759,"47,566.00","47,566.00",0.00,0.00,0.00,0.200,"11,400.00","11,400.00",0.00,0.00,0.00,0.00,0.00,0,0,0,0,0,0,0,0,0.0
전라남도,해남군,현산면,2025,"54,543.00","54,543.00","4,236.80",7.8,0.000,0.00,0.00,0.00,0.00,0.00,0.00,0.00,0.868,"44,743.00","44,743.00","4,236.80",0.00,"4,236.80",0.200,"9,800.00","9,800.00",0.00,0.00,0.00,0.00,0.00,0,167,0,202,0,0,0,"4,236",100.0
전라남도,해남군,송지면,2025,"50,534.00","55,028.81","39,640.01",72.0,0.000,0.00,0.00,0.00,0.00,0.00,0.00,0.00,6.572,"36,216.00","36,216.00","20,827.20",0.00,"20,827.20",0.200,"14,318.00","18,812.81","18,812.81","1,050.00","4,990.00","11,935.81",837.00,0,412,7,"1,302",0,0,0,"33,875",85.5
전라남도,해남군,북평면,2025,"51,992.00","57,184.97","43,120.97",75.4,0.000,0.00,0.00,0.00,0.00,0.00,0.00,0.00,1.058,"40,414.00","40,414.00","26,350.00",0.00,"26,350.00",0.200,"11,578.00","16,770.97","16,770.97",916.00,"3,498.00","12,236.97",120.00,0,383,0,943,0,0,0,0,0.0
전라남도,해남군,북일면,2025,"35,896.00","45,450.62","34,785.62",76.5,0.000,0.00,0.00,0.00,0.00,0.00,0.00,0.00,0.972,"30,965.00","30,965.00","20,300.00",0.00,"20,300.00",0.100,"4,931.00","14,485.62","14,485.62","1,218.00","1,866.00","11,401.62",0.00,0,208,0,434,0,0,0,0,0.0
전라남도,해남군,옥천면,2025,"55,936.00","55,936.00","19,386.50",34.7,0.000,0.00,0.00,0.00,0.00,0.00,0.00,0.00,1.508,"49,653.00","49,653.00","18,931.90",0.00,"18,931.90",0.200,"6,283.00","6,283.00",454.60,0.00,373.40,81.20,0.00,0,655,27,533,0,0,0,"19,386",100.0
전라남도,해남군,계곡면,2025,"35,398.00","36,310.22","9,556.22",26.3,0.000,0.00,0.00,0.00,0.00,0.00,0.00,0.00,0.907,"28,454.00","28,454.00","1,700.00",0.00,"1,700.00",0.200,"6,944.00","7,856.22","7,856.22",200.00,"2,070.00","5,586.22",0.00,0,44,0,67,0,0,0,0,0.0
전라남도,해남군,마산면,2025,"33,640.00","34,507.37","12,167.37",35.3,0.000,0.00,0.00,0.00,0.00,0.00,0.00,0.00,0.600,"25,140.00","25,140.00","2,800.00",0.00,"2,800.00",0.200,"8,500.00","9,367.37","9,367.37",105.00,"1,558.00","7,704.37",0.00,0,29,0,138,0,0,0,0,0.0
전라남도,해남군,황산면,2025,"48,185.00","51,988.83","30,555.83",58.8,0.000,0.00,0.00,0.00,0.00,0.00,0.00,0.00,1.479,"32,433.00","32,433.00","11,000.00",0.00,"11,000.00",0.200,"15,752.00","19,555.83","19,555.83","2,655.00","5,434.00","11,231.83",235.00,0,229,0,626,0,0,0,"25,078",82.1
전라남도,해남군,산이면,2025,"40,411.00","40,411.00","15,377.04",38.1,0.000,0.00,0.00,0.00,0.00,0.00,0.00,0.00,0.892,"27,975.00","27,975.00","4,974.00",0.00,"4,974.00",0.200,"12,436.00","12,436.00","10,403.04",0.00,"2,382.00","8,007.04",14.00,0,86,0,225,0,0,0,0,0.0
전라남도,해남군,문내면,2025,"50,543.00","50,543.00","20,491.43",40.5,0.000,0.00,0.00,0.00,0.00,0.00,0.00,0.00,1.458,"31,684.00","31,684.00","6,900.00",0.00,"6,900.00",0.200,"18,859.00","18,859.00","13,591.43",62.00,"2,027.00","11,207.43",295.00,0,283,0,616,0,0,0,"6,988",34.1
전라남도,해남군,화원면,2025,"39,783.00","39,783.00","29,498.07",74.1,0.000,0.00,0.00,0.00,0.00,0.00,0.00,0.00,8.053,"26,006.00","26,006.00","17,700.00",0.00,"17,700.00",1.000,"13,777.00","13,777.00","11,798.07",0.00,"1,661.00","9,947.07",190.00,0,135,0,627,0,0,0,0,0.0
전라남도,영암군,소계,,"791,856.00","858,427.00","540,168.00",62.9,40.460,"201,952.00","210,693.00","88,168.00",0.00,"35,726.00","15,784.00","36,658.00",40.460,"233,257.00","291,087.00","264,149.00",0.00,"264,149.00",603.070,"356,647.00","356,647.00","187,851.00","43,281.00","118,093.00","13,714.00","12,763.00","4,695","5,130","3,755","5,687","8,529",72,76,"455,617",84.3
전라남도,영암군,영암읍,2025,"122,488.00","127,340.00","113,816.00",89.4,4.050,200.00,"2,648.00","2,648.00",0.00,"2,648.00",0.00,0.00,4.050,"57,065.00","59,469.00","59,469.00",0.00,"59,469.00",56.700,"65,223.00","65,223.00","51,699.00","5,532.00","27,984.00","9,539.00","8,644.00","2,353","1,189","1,034","1,314","1,971",17,18,"111,117",97.6
전라남도,영암군,삼호읍,2025,"314,164.00","341,718.00","245,801.00",71.9,30.190,"19,810.00","19,810.00","5,010.00",0.00,"3,662.00","1,348.00",0.00,30.190,"87,474.00","115,028.00","115,028.00",0.00,"115,028.00",107.520,"206,880.00","206,880.00","125,763.00","37,357.00","84,702.00",756.00,"2,948.00",737,"2,301","2,515",986,"1,479",0,0,"231,914",94.4
전라남도,영암군,덕진면,2025,"16,684.00","22,330.00","19,220.00",86.1,0.310,412.00,"2,510.00","2,510.00",0.00,"2,510.00",0.00,0.00,0.310,"6,191.00","9,739.00","9,739.00",0.00,"9,739.00",6.000,"10,081.00","10,081.00","6,971.00",392.00,"3,543.00","1,865.00","1,171.00",285,195,139,280,420,6,6,"16,272",84.7
전라남도,영암군,금정면,2025,"6,033.00","13,048.00","11,460.00",87.8,0.200,"4,006.00","7,181.00","7,181.00",0.00,"2,350.00","1,881.00","2,950.00",0.200,77.00,"3,917.00","3,917.00",0.00,"3,917.00",80.200,"1,950.00","1,950.00",362.00,0.00,0.00,362.00,0.00,180,78,7,171,256,7,8,"7,884",68.8
전라남도,영암군,신북면,2025,"92,836.00","99,234.00","46,975.00",47.3,0.970,"56,155.00","56,155.00","23,936.00",0.00,"8,440.00","5,672.00","9,824.00",0.970,"15,741.00","22,139.00","22,139.00",0.00,"22,139.00",35.310,"20,940.00","20,940.00",900.00,0.00,800.00,100.00,0.00,157,409,18,"1,009","1,513",11,11,"30,957",65.9
전라남도,영암군,시종면,2025,"53,960.00","53,960.00","17,642.00",32.7,0.400,"21,822.00","21,822.00","9,312.00",0.00,"2,639.00","1,306.00","5,367.00",0.400,"22,035.00","22,035.00","8,179.00",0.00,"8,179.00",41.260,"10,103.00","10,103.00",151.00,0.00,0.00,151.00,0.00,78,164,3,364,546,4,5,"9,930",56.3
전라남도,영암군,도포면,2025,"10,460.00","10,460.00","5,482.00",52.4,0.100,"10,097.00","10,097.00","5,119.00",0.00,"3,048.00","1,109.00",962.00,0.100,193.00,193.00,193.00,0.00,193.00,27.880,170.00,170.00,170.00,0.00,0.00,170.00,0.00,41,4,3,78,117,0,0,"3,812",69.5
전라남도,영암군,군서면,2025,"74,113.00","84,840.00","38,450.00",45.3,1.630,"47,354.00","47,354.00","14,718.00",0.00,"4,663.00","1,260.00","8,795.00",1.630,"12,402.00","23,129.00","23,129.00",0.00,"23,129.00",105.890,"14,357.00","14,357.00",603.00,0.00,269.00,334.00,0.00,459,412,12,296,444,17,17,"22,995",59.8
전라남도,영암군,서호면,2025,"38,297.00","38,297.00","10,115.00",26.4,0.930,"14,367.00","14,367.00","6,323.00",0.00,"2,781.00","1,407.00","2,135.00",0.930,"12,684.00","12,684.00","3,570.00",0.00,"3,570.00",70.590,"11,246.00","11,246.00",222.00,0.00,0.00,222.00,0.00,49,3,4,362,543,10,11,"5,144",50.9
전라남도,영암군,학산면,2025,"54,408.00","57,767.00","29,290.00",50.7,1.380,"27,262.00","27,262.00","9,924.00",0.00,"1,632.00","1,667.00","6,625.00",1.380,"15,212.00","18,571.00","18,571.00",0.00,"18,571.00",20.480,"11,934.00","11,934.00",795.00,0.00,795.00,0.00,0.00,352,371,16,750,"1,125",0,0,"15,592",53.2
전라남도,영암군,미암면,2025,"8,413.00","9,433.00","1,917.00",20.3,0.300,467.00,"1,487.00","1,487.00",0.00,"1,353.00",134.00,0.00,0.300,"4,183.00","4,183.00",215.00,0.00,215.00,51.240,"3,763.00","3,763.00",215.00,0.00,0.00,215.00,0.00,4,4,4,77,115,0,0,0,0.0
전라남도,무안군,소계,,"758,349.00","1,128,959.00","804,540.00",71.3,5.636,"134,016.00","145,566.00","67,063.00","9,915.00","15,856.00","10,812.00","30,480.00",27.100,"271,787.00","610,353.00","606,607.00",0.00,"606,607.00",11.050,"352,546.00","373,040.00","130,870.00","7,610.00","91,469.00","12,693.00","19,098.00",625,"1,580","1,110","12,777","7,098",2,2,"43,764",5.4
전라남도,무안군,무안읍,2035,"297,742.00","453,125.00","334,202.00",73.8,3.636,"62,958.00","62,958.00","40,150.00","5,345.00","6,666.00","6,419.00","21,720.00",4.500,"111,669.00","267,052.00","267,052.00",0.00,"267,052.00",3.800,"123,115.00","123,115.00","27,000.00","2,492.00","20,150.00","1,120.00","3,238.00",305,480,250,"5,743","3,925",1,1,"24,188",7.2
전라남도,무안군,일로읍,2035,"231,838.00","368,614.00","230,890.00",62.6,2.000,"71,058.00","71,058.00","15,363.00","3,000.00","4,960.00","3,273.00","4,130.00",3.000,"66,924.00","203,700.00","203,700.00",0.00,"203,700.00",2.700,"93,856.00","93,856.00","11,827.00","1,120.00","7,890.00","1,360.00","1,457.00",320,500,300,"4,431","1,015",1,1,"10,243",4.4
전라남도,무안군,삼향읍,2035,"66,366.00","66,816.00","16,565.00",24.8,0.000,0.00,450.00,450.00,40.00,160.00,100.00,150.00,7.200,"15,566.00","15,566.00","15,241.00",0.00,"15,241.00",1.100,"50,800.00","50,800.00",874.00,130.00,117.00,200.00,427.00,0,70,50,600,350,0,0,0,0.0
전라남도,무안군,몽탄면,2035,"51,697.00","51,868.00","48,723.00",93.9,0.000,0.00,100.00,100.00,0.00,100.00,0.00,0.00,3.500,"28,126.00","28,126.00","24,981.00",0.00,"24,981.00",0.500,"23,571.00","23,642.00","23,642.00","1,375.00","17,617.00","1,930.00","2,720.00",0,45,55,511,570,0,0,0,0.0
전라남도,무안군,청계면,2035,"22,666.00","45,508.00","45,508.00",100.0,0.000,0.00,"2,000.00","2,000.00",430.00,"1,570.00",0.00,0.00,3.500,"12,524.00","20,572.00","20,572.00",0.00,"20,572.00",1.300,"10,142.00","22,936.00","22,936.00",993.00,"17,036.00","1,747.00","3,160.00",0,170,150,502,420,0,0,"7,713",16.9
전라남도,무안군,현경면,2035,"14,978.00","14,978.00","14,415.00",96.2,0.000,0.00,0.00,0.00,0.00,0.00,0.00,0.00,1.000,"10,783.00","10,783.00","10,507.00",0.00,"10,507.00",0.300,"4,195.00","4,195.00","3,908.00",200.00,"2,078.00",840.00,790.00,0,30,35,100,120,0,0,0,0.0
전라남도,무안군,망운면,2035,"21,459.00","29,010.00","20,625.00",71.1,0.000,0.00,0.00,0.00,0.00,0.00,0.00,0.00,1.200,"5,349.00","12,900.00","12,900.00",0.00,"12,900.00",0.200,"16,110.00","16,110.00","7,725.00",250.00,"4,205.00","1,304.00","1,966.00",0,45,55,60,85,0,0,0,0.0
전라남도,무안군,해제면,2035,"28,231.00","60,041.00","60,041.00",100.0,0.000,0.00,"6,000.00","6,000.00",600.00,"1,300.00",900.00,"3,200.00",2.300,"14,998.00","33,179.00","33,179.00",0.00,"33,179.00",0.900,"13,233.00","20,862.00","20,862.00",300.00,"15,138.00","2,334.00","3,090.00",0,95,85,533,353,0,0,"1,620",2.7
전라남도,무안군,운남면,2035,"23,372.00","38,999.00","33,571.00",86.1,0.000,0.00,"3,000.00","3,000.00",500.00,"1,100.00",120.00,"1,280.00",0.900,"5,848.00","18,475.00","18,475.00",0.00,"18,475.00",0.250,"17,524.00","17,524.00","12,096.00",750.00,"7,238.00","1,858.00","2,250.00",0,145,130,297,260,0,0,0,0.0
전라남도,함평군,소계,,"475,470.00","708,293.00","662,080.00",93.5,0.000,"25,812.00","26,933.00","18,686.00","6,983.00","1,557.00","6,259.00","3,887.00",7.530,"328,064.00","494,086.00","481,221.00","449,452.00","31,769.00",2.500,"121,594.00","187,274.00","162,173.00","114,271.00","30,352.00","6,474.00","11,076.00",241,"3,029","3,266","3,267","3,568",10,5,"531,898",80.3
전라남도,함평군,함평읍,2025,"143,540.00","270,833.00","266,149.00",98.3,0.000,"17,225.00","17,225.00","12,541.00","5,310.00",827.00,"3,710.00","2,694.00",2.760,"88,420.00","163,226.00","163,226.00","138,053.00","25,173.00",0.300,"37,895.00","90,382.00","90,382.00","59,061.00","27,083.00","1,398.00","2,840.00",171,721,758,579,626,3,5,"156,094",58.6
전라남도,함평군,손불면,2025,"25,415.00","74,537.00","74,537.00",100.0,0.000,0.00,121.00,121.00,0.00,8.00,51.00,62.00,0.200,"23,794.00","63,693.00","63,693.00","63,693.00",0.00,0.100,"1,621.00","10,723.00","10,723.00","10,723.00",0.00,0.00,0.00,0,157,180,200,231,0,0,"74,424",99.8
전라남도,함평군,신광면,2025,"10,984.00","16,192.00","16,192.00",100.0,0.000,0.00,229.00,229.00,31.00,0.00,198.00,0.00,0.500,"9,934.00","14,100.00","14,100.00","13,808.00",292.00,0.300,"1,050.00","1,863.00","1,863.00","1,701.00",45.00,71.00,46.00,0,155,171,110,121,0,0,"15,877",98.1
전라남도,함평군,학교면,2025,"93,579.00","99,642.00","90,804.00",91.1,0.000,"8,587.00","8,587.00","5,024.00","1,231.00",722.00,"2,017.00","1,054.00",1.060,"60,131.00","66,194.00","66,194.00","60,164.00","6,030.00",0.500,"24,861.00","24,861.00","19,586.00","15,264.00",844.00,"1,662.00","1,816.00",70,411,440,462,517,6,0,"84,255",92.8
전라남도,함평군,엄다면,2025,"23,141.00","39,909.00","39,909.00",100.0,0.000,0.00,235.00,235.00,196.00,0.00,39.00,0.00,0.600,"14,592.00","30,813.00","30,813.00","30,813.00",0.00,0.100,"8,549.00","8,861.00","8,861.00","7,493.00",0.00,461.00,907.00,0,253,285,250,280,1,0,"38,502",96.5
전라남도,함평군,대동면,2025,"31,865.00","34,831.00","32,157.00",92.3,0.000,0.00,0.00,0.00,0.00,0.00,0.00,0.00,0.400,"28,331.00","28,331.00","25,657.00","25,383.00",274.00,0.200,"3,534.00","6,500.00","6,500.00","5,584.00",106.00,560.00,250.00,0,271,286,372,392,0,0,"31,347",97.5
전라남도,함평군,나산면,2025,"45,030.00","48,407.00","40,164.00",83.0,0.000,0.00,0.00,0.00,0.00,0.00,0.00,0.00,0.850,"31,521.00","34,898.00","34,898.00","34,898.00",0.00,0.300,"13,509.00","13,509.00","5,266.00","1,761.00","1,196.00",732.00,"1,577.00",0,627,650,521,570,0,0,"34,782",86.6
전라남도,함평군,해보면,2025,"64,499.00","64,729.00","47,025.00",72.6,0.000,0.00,230.00,230.00,153.00,0.00,0.00,77.00,0.660,"45,149.00","45,149.00","34,958.00","34,958.00",0.00,0.400,"19,350.00","19,350.00","11,837.00","8,668.00",539.00,810.00,"1,820.00",0,300,342,512,533,0,0,"44,318",94.2
전라남도,함평군,월야면,2025,"37,417.00","59,213.00","55,143.00",93.1,0.000,0.00,306.00,306.00,62.00,0.00,244.00,0.00,0.500,"26,192.00","47,682.00","47,682.00","47,682.00",0.00,0.300,"11,225.00","11,225.00","7,155.00","4,016.00",539.00,780.00,"1,820.00",0,134,154,261,298,0,0,"52,299",94.8
전라남도,영광군,소계,,"477,781.30","520,926.30","325,504.90",62.5,5.747,"102,976.00","102,976.00","11,921.60","8,966.30",688.10,"1,529.20",738.00,12.032,"281,402.40","322,987.40","219,628.20",0.00,"219,628.20",11.200,"93,402.90","94,962.90","93,955.10",9.20,"70,686.00",750.20,"22,509.70","2,353","4,474",945,"20,560",902,3,204,"313,075",96.2
전라남도,영광군,영광읍,2030,"239,168.90","239,218.90","108,909.70",45.5,4.500,"80,636.00","80,636.00","5,419.80","5,419.80",0.00,0.00,0.00,0.089,"113,538.30","113,538.30","58,445.30",0.00,"58,445.30",0.100,"44,994.60","45,044.60","45,044.60",0.00,"41,928.10",80.60,"3,035.90","2,353",0,451,"9,115",122,3,46,"108,909",100.0
전라남도,영광군,백수읍,2030,"24,785.80","44,856.80","43,856.80",97.8,0.000,0.00,0.00,0.00,0.00,0.00,0.00,0.00,3.231,"22,015.00","42,086.00","42,086.00",0.00,"42,086.00",3.200,"2,770.80","2,770.80","1,770.80",0.00,"1,770.80",0.00,0.00,0,"1,082",18,"1,648",0,0,59,"42,950",97.9
전라남도,영광군,홍농읍,2030,"71,858.30","71,858.30","40,701.00",56.6,0.482,"8,630.00","8,630.00","2,014.70","2,014.70",0.00,0.00,0.00,1.506,"46,134.00","46,134.00","21,592.00",0.00,"21,592.00",1.200,"17,094.30","17,094.30","17,094.30",0.00,"8,127.10",0.00,"8,967.20",0,664,171,"2,366",359,0,26,"40,701",100.0
전라남도,영광군,대마면,2030,"8,555.20","8,555.20","2,011.60",23.5,0.000,0.00,0.00,0.00,0.00,0.00,0.00,0.00,0.062,"7,460.00","7,460.00",916.40,0.00,916.40,0.100,"1,095.20","1,095.20","1,095.20",0.00,347.80,139.90,607.50,0,38,11,81,24,0,0,"2,011",100.0
전라남도,영광군,묘량면,2030,"10,465.90","10,465.90","8,101.40",77.4,0.000,0.00,0.00,0.00,0.00,0.00,0.00,0.00,0.370,"9,754.00","9,754.00","7,389.50",0.00,"7,389.50",0.100,711.90,711.90,711.90,0.00,0.00,0.00,711.90,0,310,8,286,29,0,0,"1,771",21.9
전라남도,영광군,불갑면,2030,"6,530.10","6,530.10","2,971.50",45.5,0.000,0.00,0.00,0.00,0.00,0.00,0.00,0.00,0.157,"6,014.00","6,014.00","2,455.40",0.00,"2,455.40",0.200,516.10,516.10,516.10,0.00,516.10,0.00,0.00,0,79,6,125,0,0,0,"2,971",100.0
전라남도,영광군,군서면,2030,"14,550.00","14,550.00","11,215.20",77.1,0.065,"1,161.00","1,161.00","1,160.70",0.00,536.30,624.40,0.00,0.860,"13,086.00","13,086.00","9,751.50",0.00,"9,751.50",0.300,303.00,303.00,303.00,0.00,303.00,0.00,0.00,0,313,4,362,0,0,0,"6,928",61.8
전라남도,영광군,군남면,2030,"13,776.90","15,286.90","13,068.90",85.5,0.000,0.00,0.00,0.00,0.00,0.00,0.00,0.00,0.576,"12,758.00","12,758.00","10,540.00",0.00,"10,540.00",0.700,"1,018.90","2,528.90","2,528.90",0.00,"2,396.00",132.90,0.00,0,118,26,264,0,0,0,"13,068",100.0
전라남도,영광군,염산면,2030,"16,399.10","37,913.10","37,912.90",100.0,0.015,273.00,273.00,272.80,0.00,5.40,267.40,0.00,2.790,"12,723.00","34,237.00","34,237.00",0.00,"34,237.00",2.600,"3,403.10","3,403.10","3,403.10",9.20,"2,997.10",396.80,0.00,0,808,35,"1,625",0,0,37,"37,011",97.6
전라남도,영광군,법성면,2030,"63,154.10","63,154.10","48,219.00",76.4,0.644,"11,548.00","11,548.00","2,325.70","1,441.30",146.40,0.00,738.00,1.900,"30,111.10","30,111.10","24,406.10",0.00,"24,406.10",2.200,"21,495.00","21,495.00","21,487.20",0.00,"12,300.00",0.00,"9,187.20",0,901,215,"4,300",368,0,36,"48,219",100.0
전라남도,영광군,낙월면,2030,"8,537.00","8,537.00","8,536.90",100.0,0.041,728.00,728.00,727.90,90.50,0.00,637.40,0.00,0.491,"7,809.00","7,809.00","7,809.00",0.00,"7,809.00",0.500,0.00,0.00,0.00,0.00,0.00,0.00,0.00,0,161,0,388,0,0,0,"8,536",100.0
전라남도,장성군,소계,,"287,452.00","500,907.00","448,503.00",89.5,0.000,0.00,"31,048.00","31,048.00","1,001.00","20,131.00",0.00,"9,916.00",21.240,"287,452.00","291,887.00","239,483.00",0.00,"239,483.00",0.000,0.00,"177,972.00","177,972.00","15,971.00","74,424.00","2,725.00","84,852.00",833,"5,092","3,885","9,714","23,240",6,89,"176,606",39.4
전라남도,장성군,장성읍,2030,"82,439.00","193,315.00","193,315.00",100.0,0.000,0.00,"18,599.00","18,599.00",642.00,"14,789.00",0.00,"3,168.00",6.010,"82,439.00","85,278.00","85,278.00",0.00,"85,278.00",0.000,0.00,"89,438.00","89,438.00","8,623.00","45,182.00","1,556.00","34,077.00",410,"1,785","1,928","3,897","11,427",6,42,"123,889",64.1
전라남도,장성군,진원면,2030,"15,820.00","20,421.00","11,503.00",56.3,0.000,0.00,0.00,0.00,0.00,0.00,0.00,0.00,0.830,"15,820.00","15,820.00","6,902.00",0.00,"6,902.00",0.000,0.00,"4,601.00","4,601.00",342.00,826.00,0.00,"3,433.00",0,157,102,276,780,0,0,0,0.0
전라남도,장성군,남면,2030,"23,163.00","28,677.00","10,876.00",37.9,0.000,0.00,514.00,514.00,134.00,123.00,0.00,257.00,1.450,"23,163.00","23,163.00","5,362.00",0.00,"5,362.00",0.000,0.00,"5,000.00","5,000.00",558.00,"2,193.00",0.00,"2,249.00",124,119,106,304,846,0,0,0,0.0
전라남도,장성군,동화면,2030,"9,482.00","13,580.00","9,607.00",70.7,0.000,0.00,0.00,0.00,0.00,0.00,0.00,0.00,0.770,"9,482.00","9,482.00","5,509.00",0.00,"5,509.00",0.000,0.00,"4,098.00","4,098.00",72.00,"2,274.00",0.00,"1,752.00",0,122,91,312,"1,009",0,0,0,0.0
전라남도,장성군,삼서면,2030,"7,691.00","9,848.00","3,810.00",38.7,0.000,0.00,0.00,0.00,0.00,0.00,0.00,0.00,0.590,"7,691.00","7,691.00","1,653.00",0.00,"1,653.00",0.000,0.00,"2,157.00","2,157.00",0.00,680.00,0.00,"1,477.00",0,37,48,152,315,0,0,0,0.0
전라남도,장성군,삼계면,2030,"34,398.00","52,384.00","51,595.00",98.5,0.000,0.00,166.00,166.00,0.00,23.00,0.00,143.00,2.630,"34,398.00","34,398.00","33,609.00",0.00,"33,609.00",0.000,0.00,"17,820.00","17,820.00","1,981.00","7,336.00",0.00,"8,503.00",38,683,396,"1,275","1,827",0,16,0,0.0
전라남도,장성군,황룡면,2030,"42,221.00","85,578.00","85,578.00",100.0,0.000,0.00,"6,453.00","6,453.00",0.00,"5,099.00",0.00,"1,354.00",3.200,"42,221.00","42,221.00","42,221.00",0.00,"42,221.00",0.000,0.00,"36,904.00","36,904.00","2,415.00","10,496.00",330.00,"23,663.00",143,930,820,"1,295","3,885",0,22,"52,717",61.6
전라남도,장성군,서삼면,2030,"24,791.00","31,804.00","20,911.00",65.7,0.000,0.00,"5,316.00","5,316.00",225.00,97.00,0.00,"4,994.00",2.260,"24,791.00","24,791.00","13,898.00",0.00,"13,898.00",0.000,0.00,"1,697.00","1,697.00",363.00,595.00,0.00,739.00,118,341,38,489,"1,137",0,9,0,0.0
전라남도,장성군,북일면,2030,"8,668.00","10,220.00","8,935.00",87.4,0.000,0.00,0.00,0.00,0.00,0.00,0.00,0.00,0.380,"8,668.00","8,668.00","7,383.00",0.00,"7,383.00",0.000,0.00,"1,552.00","1,552.00","1,214.00",63.00,0.00,275.00,0,156,30,193,193,0,0,0,0.0
전라남도,장성군,북이면,2030,"22,991.00","32,823.00","32,823.00",100.0,0.000,0.00,0.00,0.00,0.00,0.00,0.00,0.00,1.650,"22,991.00","24,587.00","24,587.00",0.00,"24,587.00",0.000,0.00,"8,236.00","8,236.00",14.00,"3,579.00",228.00,"4,415.00",0,510,183,740,681,0,0,0,0.0
전라남도,장성군,북하면,2030,"15,788.00","22,257.00","19,550.00",87.8,0.000,0.00,0.00,0.00,0.00,0.00,0.00,0.00,1.470,"15,788.00","15,788.00","13,081.00",0.00,"13,081.00",0.000,0.00,"6,469.00","6,469.00",389.00,"1,200.00",611.00,"4,269.00",0,252,143,781,"1,140",0,0,0,0.0
전라남도,완도군,소계,,"297,259.00","414,668.80","305,746.50",73.7,0.096,0.00,"6,428.00","6,428.00",0.00,"6,428.00",0.00,0.00,7.840,"293,325.00","305,672.30","196,750.00",0.00,"196,750.00",3.890,"3,934.00","102,568.50","102,568.50","18,618.80","83,949.70",0.00,0.00,0,270,3,"10,708",0,0,184,0,0.0
전라남도,완도군,완도읍,2030,"85,776.00","158,585.00","147,097.20",92.8,0.000,0.00,"6,428.00","6,428.00",0.00,"6,428.00",0.00,0.00,1.010,"85,546.00","85,546.00","74,058.20",0.00,"74,058.20",0.700,230.00,"66,611.00","66,611.00","13,558.10","53,052.90",0.00,0.00,0,0,0,"3,911",0,0,59,0,0.0
전라남도,완도군,금일읍,2030,"19,794.00","34,718.90","34,718.90",100.0,0.096,0.00,0.00,0.00,0.00,0.00,0.00,0.00,1.280,"18,434.00","24,491.00","24,491.00",0.00,"24,491.00",0.700,"1,360.00","10,227.90","10,227.90","1,002.80","9,225.10",0.00,0.00,0,0,0,"2,005",0,0,28,0,0.0
전라남도,완도군,노화읍,2030,"31,875.00","41,078.90","32,996.70",80.3,0.000,0.00,0.00,0.00,0.00,0.00,0.00,0.00,1.920,"30,597.00","30,597.00","22,514.80",0.00,"22,514.80",0.900,"1,278.00","10,481.90","10,481.90","1,003.40","9,478.50",0.00,0.00,0,0,0,"1,270",0,0,46,0,0.0
전라남도,완도군,군외면,2030,"16,644.00","23,495.70","22,476.60",95.7,0.000,0.00,0.00,0.00,0.00,0.00,0.00,0.00,0.570,"16,333.00","16,333.00","15,313.90",0.00,"15,313.90",0.500,311.00,"7,162.70","7,162.70",699.30,"6,463.40",0.00,0.00,0,0,0,526,0,0,17,0,0.0
전라남도,완도군,신지면,2030,"79,194.00","84,187.10","27,768.30",33.0,0.000,0.00,0.00,0.00,0.00,0.00,0.00,0.00,1.030,"78,944.00","78,944.00","22,525.20",0.00,"22,525.20",0.400,250.00,"5,243.10","5,243.10","1,856.20","3,386.90",0.00,0.00,0,0,0,"1,380",0,0,15,0,0.0
전라남도,완도군,고금면,2035,"23,089.00","23,089.00","11,401.10",49.4,0.000,0.00,0.00,0.00,0.00,0.00,0.00,0.00,0.700,"23,089.00","23,089.00","11,401.10",0.00,"11,401.10",0.000,0.00,0.00,0.00,0.00,0.00,0.00,0.00,0,225,3,404,0,0,0,0,0.0
전라남도,완도군,약산면,2030,"3,775.00","8,405.20","8,405.20",100.0,0.000,0.00,0.00,0.00,0.00,0.00,0.00,0.00,0.420,"3,500.00","7,122.40","7,122.40",0.00,"7,122.40",0.400,275.00,"1,282.80","1,282.80",51.80,"1,231.00",0.00,0.00,0,0,0,363,0,0,8,0,0.0
전라남도,완도군,청산면,2030,0.00,0.00,0.00,0.0,0.000,0.00,0.00,0.00,0.00,0.00,0.00,0.00,0.000,0.00,0.00,0.00,0.00,0.00,0.000,0.00,0.00,0.00,0.00,0.00,0.00,0.00,0,0,0,0,0,0,0,0,0.0
전라남도,완도군,소안면,2030,"3,764.00","4,998.30","4,998.30",100.0,0.000,0.00,0.00,0.00,0.00,0.00,0.00,0.00,0.220,"3,724.00","4,064.70","4,064.70",0.00,"4,064.70",0.050,40.00,933.60,933.60,0.00,933.60,0.00,0.00,0,0,0,45,0,0,4,0,0.0
전라남도,완도군,금당면,2030,"2,338.00","4,895.90","4,895.90",100.0,0.000,0.00,0.00,0.00,0.00,0.00,0.00,0.00,0.120,"2,318.00","4,645.20","4,645.20",0.00,"4,645.20",0.010,20.00,250.70,250.70,250.70,0.00,0.00,0.00,0,0,0,210,0,0,1,0,0.0
전라남도,완도군,보길면,2030,"23,723.00","23,919.30","8,771.20",36.7,0.000,0.00,0.00,0.00,0.00,0.00,0.00,0.00,0.500,"23,603.00","23,603.00","8,454.90",0.00,"8,454.90",0.210,120.00,316.30,316.30,196.50,119.80,0.00,0.00,0,45,0,547,0,0,3,0,0.0
전라남도,완도군,생일면,2030,"7,287.00","7,295.50","2,217.10",30.4,0.000,0.00,0.00,0.00,0.00,0.00,0.00,0.00,0.070,"7,237.00","7,237.00","2,158.60",0.00,"2,158.60",0.020,50.00,58.50,58.50,0.00,58.50,0.00,0.00,0,0,0,47,0,0,3,0,0.0
전라남도,진도군,소계,,"1,105,265.00","1,123,987.50","290,867.00",25.9,0.000,0.00,0.00,0.00,0.00,0.00,0.00,0.00,133.820,"210,992.00","229,714.50","176,689.70",0.00,"176,689.70",79.860,"894,273.00","894,273.00","114,177.30","8,011.10","52,780.90",0.00,"53,385.30",0,"5,816","5,600","10,117",0,0,0,"195,330",67.2
전라남도,진도군,진도읍,2019,"108,115.00","126,527.00","91,269.50",72.1,0.000,0.00,0.00,0.00,0.00,0.00,0.00,0.00,28.520,"44,789.00","63,201.00","63,201.00",0.00,"63,201.00",18.500,"63,326.00","63,326.00","28,068.50","1,691.50","16,948.00",0.00,"9,429.00",0,"1,825","2,075","4,005",0,0,0,"53,768",58.9
전라남도,진도군,군내면,2019,"185,126.00","185,436.50","28,962.70",15.6,0.000,0.00,0.00,0.00,0.00,0.00,0.00,0.00,24.960,"17,742.00","18,052.50","18,052.50",0.00,"18,052.50",14.800,"167,384.00","167,384.00","10,910.20",475.10,"2,400.00",0.00,"8,035.10",0,579,487,944,0,0,0,"22,889",79.0
전라남도,진도군,고군면,2019,"103,270.00","103,270.00","32,760.70",31.7,0.000,0.00,0.00,0.00,0.00,0.00,0.00,0.00,32.500,"27,780.00","27,780.00","19,766.00",0.00,"19,766.00",12.500,"75,490.00","75,490.00","12,994.70",592.00,"4,299.80",0.00,"8,102.90",0,655,588,"1,113",0,0,0,"32,760",100.0
전라남도,진도군,의신면,2019,"244,150.00","244,150.00","58,762.50",24.1,0.000,0.00,0.00,0.00,0.00,0.00,0.00,0.00,25.920,"33,996.00","33,996.00","27,158.10",0.00,"27,158.10",15.800,"210,154.00","210,154.00","31,604.40","1,986.50","14,631.80",0.00,"14,986.10",0,"1,175","1,001","1,493",0,0,0,"41,340",70.4
전라남도,진도군,임회면,2019,"194,492.00","194,492.00","42,432.40",21.8,0.000,0.00,0.00,0.00,0.00,0.00,0.00,0.00,10.960,"58,877.00","58,877.00","33,409.80",0.00,"33,409.80",9.430,"135,615.00","135,615.00","9,022.60",423.90,"3,600.40",0.00,"4,998.30",0,849,834,"1,291",0,0,0,"19,951",47.0
전라남도,진도군,지산면,2019,"146,049.00","146,049.00","27,612.00",18.9,0.000,0.00,0.00,0.00,0.00,0.00,0.00,0.00,7.660,"21,068.00","21,068.00","10,227.30",0.00,"10,227.30",6.530,"124,981.00","124,981.00","17,384.70",896.00,"10,394.80",0.00,"6,093.90",0,552,496,822,0,0,0,"15,556",56.3
전라남도,진도군,조도면,2019,"124,063.00","124,063.00","9,067.20",7.3,0.000,0.00,0.00,0.00,0.00,0.00,0.00,0.00,3.300,"6,740.00","6,740.00","4,875.00",0.00,"4,875.00",2.300,"117,323.00","117,323.00","4,192.20","1,946.10",506.10,0.00,"1,740.00",0,181,119,449,0,0,0,"9,066",100.0
전라남도,신안군,소계,,"118,715.00","209,843.00","200,831.00",95.7,0.000,0.00,0.00,0.00,0.00,0.00,0.00,0.00,10.520,"118,715.00","209,843.00","200,831.00",0.00,"200,831.00",0.000,0.00,0.00,0.00,0.00,0.00,0.00,0.00,0,"4,834",0,"8,120",0,0,0,"200,831",100.0
전라남도,신안군,지도읍,2030,"5,890.00","10,290.00","10,290.00",100.0,0.000,0.00,0.00,0.00,0.00,0.00,0.00,0.00,0.300,"5,890.00","10,290.00","10,290.00",0.00,"10,290.00",0.000,0.00,0.00,0.00,0.00,0.00,0.00,0.00,0,165,0,508,0,0,0,"10,290",100.0
전라남도,신안군,압해읍,2030,"13,360.00","52,065.00","52,065.00",100.0,0.000,0.00,0.00,0.00,0.00,0.00,0.00,0.00,2.620,"13,360.00","52,065.00","52,065.00",0.00,"52,065.00",0.000,0.00,0.00,0.00,0.00,0.00,0.00,0.00,0,"2,198",0,"2,286",0,0,0,"52,065",100.0
전라남도,신안군,증도면,2030,"5,550.00","6,000.00","6,000.00",100.0,0.000,0.00,0.00,0.00,0.00,0.00,0.00,0.00,0.410,"5,550.00","6,000.00","6,000.00",0.00,"6,000.00",0.000,0.00,0.00,0.00,0.00,0.00,0.00,0.00,0,146,0,306,0,0,0,"6,000",100.0
전라남도,신안군,임자면,2030,"17,645.00","27,100.00","27,100.00",100.0,0.000,0.00,0.00,0.00,0.00,0.00,0.00,0.00,2.150,"17,645.00","27,100.00","27,100.00",0.00,"27,100.00",0.000,0.00,0.00,0.00,0.00,0.00,0.00,0.00,0,537,0,898,0,0,0,"27,100",100.0
전라남도,신안군,자은면,2030,"15,150.00","15,150.00","9,000.00",59.4,0.000,0.00,0.00,0.00,0.00,0.00,0.00,0.00,0.410,"15,150.00","15,150.00","9,000.00",0.00,"9,000.00",0.000,0.00,0.00,0.00,0.00,0.00,0.00,0.00,0,212,0,249,0,0,0,"9,000",100.0
전라남도,신안군,비금면,2030,"25,800.00","25,800.00","25,738.00",99.8,0.000,0.00,0.00,0.00,0.00,0.00,0.00,0.00,0.630,"25,800.00","25,800.00","25,738.00",0.00,"25,738.00",0.000,0.00,0.00,0.00,0.00,0.00,0.00,0.00,0,611,0,614,0,0,0,"25,738",100.0
전라남도,신안군,도초면,2030,"10,680.00","11,938.00","11,938.00",100.0,0.000,0.00,0.00,0.00,0.00,0.00,0.00,0.00,0.760,"10,680.00","11,938.00","11,938.00",0.00,"11,938.00",0.000,0.00,0.00,0.00,0.00,0.00,0.00,0.00,0,240,0,549,0,0,0,"11,938",100.0
전라남도,신안군,흑산면,2030,"2,400.00","25,900.00","25,900.00",100.0,0.000,0.00,0.00,0.00,0.00,0.00,0.00,0.00,0.850,"2,400.00","25,900.00","25,900.00",0.00,"25,900.00",0.000,0.00,0.00,0.00,0.00,0.00,0.00,0.00,0,185,0,"1,219",0,0,0,"25,900",100.0
전라남도,신안군,하의면,2030,"2,040.00","10,000.00","10,000.00",100.0,0.000,0.00,0.00,0.00,0.00,0.00,0.00,0.00,0.850,"2,040.00","10,000.00","10,000.00",0.00,"10,000.00",0.000,0.00,0.00,0.00,0.00,0.00,0.00,0.00,0,117,0,364,0,0,0,"10,000",100.0
전라남도,신안군,신의면,2030,"3,950.00","3,950.00","3,600.00",91.1,0.000,0.00,0.00,0.00,0.00,0.00,0.00,0.00,0.400,"3,950.00","3,950.00","3,600.00",0.00,"3,600.00",0.000,0.00,0.00,0.00,0.00,0.00,0.00,0.00,0,40,0,140,0,0,0,"3,600",100.0
전라남도,신안군,장산면,2030,"5,430.00","5,500.00","5,500.00",100.0,0.000,0.00,0.00,0.00,0.00,0.00,0.00,0.00,0.270,"5,430.00","5,500.00","5,500.00",0.00,"5,500.00",0.000,0.00,0.00,0.00,0.00,0.00,0.00,0.00,0,106,0,200,0,0,0,"5,500",100.0
전라남도,신안군,안좌면,2030,"5,550.00","5,550.00","3,100.00",55.9,0.000,0.00,0.00,0.00,0.00,0.00,0.00,0.00,0.200,"5,550.00","5,550.00","3,100.00",0.00,"3,100.00",0.000,0.00,0.00,0.00,0.00,0.00,0.00,0.00,0,101,0,315,0,0,0,"3,100",100.0
전라남도,신안군,팔금면,2030,0.00,"4,700.00","4,700.00",100.0,0.000,0.00,0.00,0.00,0.00,0.00,0.00,0.00,0.270,0.00,"4,700.00","4,700.00",0.00,"4,700.00",0.000,0.00,0.00,0.00,0.00,0.00,0.00,0.00,0,120,0,280,0,0,0,"4,700",100.0
전라남도,신안군,암태면,2030,"5,270.00","5,900.00","5,900.00",100.0,0.000,0.00,0.00,0.00,0.00,0.00,0.00,0.00,0.400,"5,270.00","5,900.00","5,900.00",0.00,"5,900.00",0.000,0.00,0.00,0.00,0.00,0.00,0.00,0.00,0,56,0,192,0,0,0,"5,900",100.0
경상북도,,합계,,"14,941,146.38","18,424,993.86","15,306,876.09",83.1,609.367,"2,127,368.00","3,079,121.00","2,848,815.00","794,710.00","1,101,479.00","319,591.00","633,035.00","1,377.762","8,056,423.63","9,423,689.44","7,530,709.22","594,363.40","6,936,345.82","1,657.440","4,757,354.75","5,922,183.42","4,927,351.87","808,371.92","2,581,345.54","538,828.62","998,805.79","56,414","140,483","86,266","454,192","55,950",657,"3,288","11,409,248",74.5
경상북도,시부,합계,,"11,545,633.88","14,252,722.27","12,090,639.97",84.8,179.748,"1,904,038.00","2,747,998.00","2,540,561.00","747,920.00","991,255.00","274,417.00","526,969.00","1,124.552","5,965,976.13","6,933,595.14","5,649,109.74","593,117.40","5,055,992.34","1,525.080","3,675,619.75","4,571,129.13","3,900,969.23","525,919.45","2,226,484.61","324,666.49","823,898.68","38,043","100,361","65,386","353,253","25,454",557,"2,493","9,374,245",77.5
경상북도,포항시,소계,,"1,873,220.00","1,931,846.00","1,660,766.00",86.0,132.380,"969,069.00","969,069.00","832,774.00","193,169.00","373,546.00","29,329.00","236,730.00",397.660,"700,550.00","756,176.00","650,626.00",0.00,"650,626.00",48.800,"203,601.00","206,601.00","177,366.00","17,378.00","136,469.00","5,464.00","18,055.00","17,945","4,100","3,564","31,275",0,262,275,"971,272",58.5
경상북도,포항시,구룡포읍,2020,"100,411.00","100,427.00","86,446.00",86.1,14.310,"24,402.00","24,402.00","24,036.00","1,068.00","9,430.00","1,721.00","11,817.00",15.050,"60,028.00","60,044.00","60,044.00",0.00,"60,044.00",10.200,"15,981.00","15,981.00","2,366.00",0.00,"2,366.00",0.00,0.00,981,0,0,"1,730",0,14,16,"48,461",56.1
경상북도,포항시,연일읍,2020,"72,364.00","72,364.00","48,379.00",66.9,14.270,"48,198.00","48,198.00","38,358.00","2,130.00","3,176.00","5,486.00","27,566.00",12.020,"11,947.00","11,947.00","5,900.00",0.00,"5,900.00",4.800,"12,219.00","12,219.00","4,121.00",82.00,"4,039.00",0.00,0.00,930,0,0,948,0,8,12,"48,126",99.5
경상북도,포항시,오천읍,2020,"40,158.00","40,158.00","26,804.00",66.7,20.970,"31,304.00","31,304.00","26,804.00","5,824.00","3,522.00","2,553.00","14,905.00",23.520,"8,854.00","8,854.00",0.00,0.00,0.00,0.000,0.00,0.00,0.00,0.00,0.00,0.00,0.00,460,0,0,818,0,8,7,"26,054",97.2
경상북도,포항시,대송면,2020,"106,439.00","106,439.00","104,610.00",98.3,5.680,"55,600.00","55,600.00","53,967.00","5,461.00","14,607.00","6,659.00","27,240.00",32.600,"32,839.00","32,839.00","32,839.00",0.00,"32,839.00",1.800,"18,000.00","18,000.00","17,804.00","1,780.00","2,671.00","4,273.00","9,080.00",12,0,0,0,0,0,0,0,0.0
경상북도,포항시,동해면,2020,"44,411.00","50,931.00","46,897.00",92.1,4.010,"20,572.00","20,572.00","19,274.00","4,989.00","4,703.00","1,987.00","7,595.00",14.530,"16,139.00","22,659.00","22,659.00",0.00,"22,659.00",0.900,"7,700.00","7,700.00","4,964.00",496.00,745.00,"1,191.00","2,532.00",0,0,0,634,0,0,0,0,0.0
경상북도,포항시,장기면,2020,"44,623.00","44,623.00",502.00,1.1,0.000,"1,350.00","1,350.00",502.00,0.00,302.00,200.00,0.00,33.410,"43,273.00","43,273.00",0.00,0.00,0.00,0.000,0.00,0.00,0.00,0.00,0.00,0.00,0.00,0,0,0,0,0,0,0,0,0.0
경상북도,포항시,호미곶면,2020,"21,255.00","21,255.00","18,077.00",85.0,0.000,"2,610.00","2,610.00","2,610.00","2,460.00",150.00,0.00,0.00,6.810,"18,645.00","18,645.00","15,467.00",0.00,"15,467.00",0.000,0.00,0.00,0.00,0.00,0.00,0.00,0.00,0,0,0,550,0,0,0,0,0.0
경상북도,포항시,상대동,2020,"1,133,448.00","1,185,538.00","1,082,609.00",91.3,51.090,"670,269.00","670,269.00","567,340.00","154,913.00","299,387.00","1,996.00","111,044.00",25.210,"343,134.00","392,224.00","392,224.00",0.00,"392,224.00",8.900,"120,045.00","123,045.00","123,045.00","14,519.00","102,083.00",0.00,"6,443.00","12,966","4,100","3,564","22,213",0,220,227,"753,488",69.6
경상북도,포항시,해도동,2020,0.00,0.00,0.00,0.0,0.000,0.00,0.00,0.00,0.00,0.00,0.00,0.00,0.000,0.00,0.00,0.00,0.00,0.00,0.000,0.00,0.00,0.00,0.00,0.00,0.00,0.00,0,0,0,0,0,0,0,0,0.0
경상북도,포항시,송도동,2020,0.00,0.00,0.00,0.0,0.000,0.00,0.00,0.00,0.00,0.00,0.00,0.00,0.000,0.00,0.00,0.00,0.00,0.00,0.000,0.00,0.00,0.00,0.00,0.00,0.00,0.00,0,0,0,0,0,0,0,0,0.0
경상북도,포항시,청림동,2020,0.00,0.00,0.00,0.0,0.000,0.00,0.00,0.00,0.00,0.00,0.00,0.00,0.000,0.00,0.00,0.00,0.00,0.00,0.000,0.00,0.00,0.00,0.00,0.00,0.00,0.00,0,0,0,0,0,0,0,0,0.0
경상북도,포항시,제철동,2020,0.00,0.00,0.00,0.0,0.000,0.00,0.00,0.00,0.00,0.00,0.00,0.00,0.000,0.00,0.00,0.00,0.00,0.00,0.000,0.00,0.00,0.00,0.00,0.00,0.00,0.00,0,0,0,0,0,0,0,0,0.0
경상북도,포항시,효곡동,2020,0.00,0.00,0.00,0.0,0.000,0.00,0.00,0.00,0.00,0.00,0.00,0.00,0.000,0.00,0.00,0.00,0.00,0.00,0.000,0.00,0.00,0.00,0.00,0.00,0.00,0.00,0,0,0,0,0,0,0,0,0.0
경상북도,포항시,대이동,2020,0.00,0.00,0.00,0.0,0.000,0.00,0.00,0.00,0.00,0.00,0.00,0.00,0.000,0.00,0.00,0.00,0.00,0.00,0.000,0.00,0.00,0.00,0.00,0.00,0.00,0.00,0,0,0,0,0,0,0,0,0.0
경상북도,포항시,흥해읍,2020,"159,306.00","159,306.00","154,584.00",97.0,17.120,"57,937.00","57,937.00","56,197.00","3,929.00","28,039.00","4,715.00","19,514.00",35.240,"76,203.00","76,203.00","73,321.00",0.00,"73,321.00",10.000,"25,166.00","25,166.00","25,066.00",501.00,"24,565.00",0.00,0.00,"2,596",0,0,"4,382",0,12,13,"95,143",61.5
경상북도,포항시,신광면,2020,"23,164.00","23,164.00","6,900.00",29.8,0.000,"6,900.00","6,900.00","6,900.00","1,795.00","2,050.00",582.00,"2,473.00",26.720,"16,264.00","16,264.00",0.00,0.00,0.00,0.000,0.00,0.00,0.00,0.00,0.00,0.00,0.00,0,0,0,0,0,0,0,0,0.0
경상북도,포항시,청하면,2020,"45,570.00","45,570.00","44,780.00",98.3,0.000,"22,180.00","22,180.00","21,490.00","5,794.00","5,830.00","1,879.00","7,987.00",26.060,"23,390.00","23,390.00","23,290.00",0.00,"23,290.00",0.000,0.00,0.00,0.00,0.00,0.00,0.00,0.00,0,0,0,0,0,0,0,0,0.0
경상북도,포항시,송라면,2020,"27,314.00","27,314.00","8,240.00",30.2,0.000,"8,240.00","8,240.00","8,240.00","2,638.00","1,110.00",856.00,"3,636.00",19.800,"14,584.00","14,584.00",0.00,0.00,0.00,12.200,"4,490.00","4,490.00",0.00,0.00,0.00,0.00,0.00,0,0,0,0,0,0,0,0,0.0
경상북도,포항시,기계면,2020,"30,004.00","30,004.00","19,473.00",64.9,4.930,"16,520.00","16,520.00","6,893.00","2,168.00","1,077.00",695.00,"2,953.00",30.670,"13,484.00","13,484.00","12,580.00",0.00,"12,580.00",0.000,0.00,0.00,0.00,0.00,0.00,0.00,0.00,0,0,0,0,0,0,0,0,0.0
경상북도,포항시,죽장면,2020,"14,320.00","14,320.00","12,302.00",85.9,0.000,"1,487.00","1,487.00",0.00,0.00,0.00,0.00,0.00,78.560,"12,833.00","12,833.00","12,302.00",0.00,"12,302.00",0.000,0.00,0.00,0.00,0.00,0.00,0.00,0.00,0,0,0,0,0,0,0,0,0.0
경상북도,포항시,기북면,2020,"10,433.00","10,433.00",163.00,1.6,0.000,"1,500.00","1,500.00",163.00,0.00,163.00,0.00,0.00,17.460,"8,933.00","8,933.00",0.00,0.00,0.00,0.000,0.00,0.00,0.00,0.00,0.00,0.00,0.00,0,0,0,0,0,0,0,0,0.0
경상북도,포항시,중앙동,2020,0.00,0.00,0.00,0.0,0.000,0.00,0.00,0.00,0.00,0.00,0.00,0.00,0.000,0.00,0.00,0.00,0.00,0.00,0.000,0.00,0.00,0.00,0.00,0.00,0.00,0.00,0,0,0,0,0,0,0,0,0.0
경상북도,포항시,양학동,2020,0.00,0.00,0.00,0.0,0.000,0.00,0.00,0.00,0.00,0.00,0.00,0.00,0.000,0.00,0.00,0.00,0.00,0.00,0.000,0.00,0.00,0.00,0.00,0.00,0.00,0.00,0,0,0,0,0,0,0,0,0.0
경상북도,포항시,죽도동,2020,0.00,0.00,0.00,0.0,0.000,0.00,0.00,0.00,0.00,0.00,0.00,0.00,0.000,0.00,0.00,0.00,0.00,0.00,0.000,0.00,0.00,0.00,0.00,0.00,0.00,0.00,0,0,0,0,0,0,0,0,0.0
경상북도,포항시,용흥동,2020,0.00,0.00,0.00,0.0,0.000,0.00,0.00,0.00,0.00,0.00,0.00,0.00,0.000,0.00,0.00,0.00,0.00,0.00,0.000,0.00,0.00,0.00,0.00,0.00,0.00,0.00,0,0,0,0,0,0,0,0,0.0
경상북도,포항시,우창동,2020,0.00,0.00,0.00,0.0,0.000,0.00,0.00,0.00,0.00,0.00,0.00,0.00,0.000,0.00,0.00,0.00,0.00,0.00,0.000,0.00,0.00,0.00,0.00,0.00,0.00,0.00,0,0,0,0,0,0,0,0,0.0
경상북도,포항시,두호동,2020,0.00,0.00,0.00,0.0,0.000,0.00,0.00,0.00,0.00,0.00,0.00,0.00,0.000,0.00,0.00,0.00,0.00,0.00,0.000,0.00,0.00,0.00,0.00,0.00,0.00,0.00,0,0,0,0,0,0,0,0,0.0
경상북도,포항시,장량동,2020,0.00,0.00,0.00,0.0,0.000,0.00,0.00,0.00,0.00,0.00,0.00,0.00,0.000,0.00,0.00,0.00,0.00,0.00,0.000,0.00,0.00,0.00,0.00,0.00,0.00,0.00,0,0,0,0,0,0,0,0,0.0
경상북도,포항시,환여동,2020,0.00,0.00,0.00,0.0,0.000,0.00,0.00,0.00,0.00,0.00,0.00,0.00,0.000,0.00,0.00,0.00,0.00,0.00,0.000,0.00,0.00,0.00,0.00,0.00,0.00,0.00,0,0,0,0,0,0,0,0,0.0
경상북도,경주시,소계,,"2,128,579.00","2,150,970.10","1,932,835.10",89.9,10.340,"114,163.00","114,164.00","114,164.00","4,403.00","26,431.00","47,525.00","35,805.00",98.630,"1,179,173.00","1,182,921.60","974,394.60",0.00,"974,394.60",0.000,"835,243.00","853,884.50","844,276.50","68,335.00","235,625.50","146,283.00","394,033.00","9,992",116,50,"98,663",0,45,277,"1,822,493",94.3
경상북도,경주시,감포읍,2035,"94,158.00","94,197.00","94,197.00",100.0,0.370,"6,950.00","6,950.00","6,950.00",148.00,"3,165.00","1,362.00","2,275.00",2.590,"55,930.00","55,931.00","55,931.00",0.00,"55,931.00",0.000,"31,278.00","31,316.00","31,316.00","1,436.00","10,503.00","9,336.00","10,041.00","1,205",0,0,686,0,0,18,"83,048",88.2
경상북도,경주시,안강읍,2035,"345,394.00","346,674.00","313,344.00",90.4,2.190,"24,240.00","24,240.00","24,240.00","1,294.00","4,620.00","10,590.00","7,736.00",16.160,"202,240.00","202,240.00","168,910.00",0.00,"168,910.00",0.000,"118,914.00","120,194.00","120,194.00","8,010.00","27,854.00","27,736.00","56,594.00","2,088",0,9,"14,065",0,0,51,"312,270",99.7
경상북도,경주시,건천읍,2035,"134,256.00","136,256.00","109,837.00",80.6,0.800,"13,495.00","13,495.00","13,495.00",466.00,"1,534.00","2,779.00","8,716.00",2.560,"94,348.00","94,348.00","67,929.00",0.00,"67,929.00",0.000,"26,413.00","28,413.00","28,413.00","1,965.00","11,713.00","1,459.00","13,276.00",382,0,0,"3,152",0,0,24,"97,726",89.0
경상북도,경주시,외동읍,2035,"200,755.00","201,207.50","168,381.50",83.7,1.520,"19,716.00","19,716.00","19,716.00",885.00,"6,251.00","7,639.00","4,941.00",12.870,"143,473.00","143,473.00","110,647.00",0.00,"110,647.00",0.000,"37,566.00","38,018.50","38,018.50","1,772.00","15,570.50","3,413.00","17,263.00",334,0,4,"5,699",0,0,57,"156,563",93.0
경상북도,경주시,양북면,2035,"61,274.00","61,274.00","44,865.00",73.2,0.050,554.00,554.00,554.00,0.00,546.00,0.00,8.00,1.630,"30,360.00","30,360.00","23,559.00",0.00,"23,559.00",0.000,"30,360.00","30,360.00","20,752.00","1,326.00","2,693.00","10,178.00","6,555.00",0,0,0,700,0,0,20,"41,719",93.0
경상북도,경주시,양남면,2035,"59,205.00","59,205.00","38,001.00",64.2,0.360,"4,638.00","4,638.00","4,638.00",345.00,713.00,439.00,"3,141.00",2.010,"41,861.00","41,861.00","20,657.00",0.00,"20,657.00",0.000,"12,706.00","12,706.00","12,706.00",995.00,"5,762.00",576.00,"5,373.00",356,0,1,"1,064",0,0,23,"38,001",100.0
경상북도,경주시,내남면,2035,"56,968.00","57,624.00","48,250.00",83.7,0.640,"7,453.00","7,453.00","7,453.00",239.00,"1,203.00","5,811.00",200.00,1.220,"28,777.00","28,777.00","19,403.00",0.00,"19,403.00",0.000,"20,738.00","21,394.00","21,394.00","1,276.00","5,178.00","6,565.00","8,375.00",0,0,0,620,0,0,16,"47,594",98.6
경상북도,경주시,산내면,2035,"50,727.00","61,118.00","55,191.00",90.3,0.000,"1,612.00","1,612.00","1,612.00",94.00,183.00,923.00,412.00,0.000,"28,377.00","28,377.00","22,450.00",0.00,"22,450.00",0.000,"20,738.00","31,129.00","31,129.00","1,186.00","4,426.00","20,656.00","4,861.00",552,0,0,309,0,0,0,"53,700",97.3
경상북도,경주시,서면,2035,"60,699.00","61,745.00","56,607.00",91.7,0.510,"4,317.00","4,317.00","4,317.00",77.00,"1,518.00","1,364.00","1,358.00",3.490,"34,263.00","34,263.00","29,125.00",0.00,"29,125.00",0.000,"22,119.00","23,165.00","23,165.00",975.00,"3,287.00","7,361.00","11,542.00",0,0,33,"1,023",0,0,28,"55,561",98.2
경상북도,경주시,현곡면,2035,"1,047,755.00","1,047,991.00","984,676.00",94.0,3.900,"31,188.00","31,189.00","31,189.00",855.00,"6,698.00","16,618.00","7,018.00",56.100,"502,156.00","502,156.00","438,841.00",0.00,"438,841.00",0.000,"514,411.00","514,646.00","514,646.00","49,348.00","146,685.00","58,799.00","259,814.00","5,075",0,0,"69,905",0,45,40,"921,154",93.5
경상북도,경주시,강동면,2035,0.00,0.00,0.00,0.0,0.000,0.00,0.00,0.00,0.00,0.00,0.00,0.00,0.000,0.00,0.00,0.00,0.00,0.00,0.000,0.00,0.00,0.00,0.00,0.00,0.00,0.00,0,0,0,0,0,0,0,0,0.0
경상북도,경주시,천북면,2035,"17,388.00","17,388.00","13,195.00",75.9,0.000,0.00,0.00,0.00,0.00,0.00,0.00,0.00,0.000,"17,388.00","17,388.00","13,195.00",0.00,"13,195.00",0.000,0.00,0.00,0.00,0.00,0.00,0.00,0.00,0,0,0,621,0,0,0,"12,837",97.3
경상북도,경주시,중부동,2035,0.00,106.00,106.00,100.0,0.000,0.00,0.00,0.00,0.00,0.00,0.00,0.00,0.000,0.00,0.00,0.00,0.00,0.00,0.000,0.00,106.00,106.00,0.00,39.00,0.00,67.00,0,0,0,18,0,0,0,20,18.9
경상북도,경주시,황오동,2035,0.00,252.00,252.00,100.0,0.000,0.00,0.00,0.00,0.00,0.00,0.00,0.00,0.000,0.00,0.00,0.00,0.00,0.00,0.000,0.00,252.00,252.00,0.00,252.00,0.00,0.00,0,0,0,200,0,0,0,0,0.0
경상북도,경주시,성건동,2035,0.00,0.00,0.00,0.0,0.000,0.00,0.00,0.00,0.00,0.00,0.00,0.00,0.000,0.00,0.00,0.00,0.00,0.00,0.000,0.00,0.00,0.00,0.00,0.00,0.00,0.00,0,0,0,48,0,0,0,0,0.0
경상북도,경주시,황남동,2035,0.00,131.00,131.00,100.0,0.000,0.00,0.00,0.00,0.00,0.00,0.00,0.00,0.000,0.00,131.00,131.00,0.00,131.00,0.000,0.00,0.00,0.00,0.00,0.00,0.00,0.00,0,0,0,34,0,0,0,0,0.0
경상북도,경주시,선도동,2035,0.00,"1,368.00","1,368.00",100.0,0.000,0.00,0.00,0.00,0.00,0.00,0.00,0.00,0.000,0.00,325.00,325.00,0.00,325.00,0.000,0.00,"1,043.00","1,043.00",0.00,839.00,204.00,0.00,0,33,0,97,0,0,0,650,47.5
경상북도,경주시,월성동,2035,0.00,0.00,0.00,0.0,0.000,0.00,0.00,0.00,0.00,0.00,0.00,0.00,0.000,0.00,0.00,0.00,0.00,0.00,0.000,0.00,0.00,0.00,0.00,0.00,0.00,0.00,0,0,0,149,0,0,0,0,0.0
경상북도,경주시,용강동,2035,0.00,560.10,560.10,100.0,0.000,0.00,0.00,0.00,0.00,0.00,0.00,0.00,0.000,0.00,394.10,394.10,0.00,394.10,0.000,0.00,166.00,166.00,46.00,48.00,0.00,72.00,0,10,3,66,0,0,0,395,70.5
경상북도,경주시,황성동,2035,0.00,613.50,613.50,100.0,0.000,0.00,0.00,0.00,0.00,0.00,0.00,0.00,0.000,0.00,613.50,613.50,0.00,613.50,0.000,0.00,0.00,0.00,0.00,0.00,0.00,0.00,0,20,0,46,0,0,0,615,100.2
경상북도,경주시,동천동,2035,0.00,0.00,0.00,0.0,0.000,0.00,0.00,0.00,0.00,0.00,0.00,0.00,0.000,0.00,0.00,0.00,0.00,0.00,0.000,0.00,0.00,0.00,0.00,0.00,0.00,0.00,0,0,0,33,0,0,0,0,0.0
경상북도,경주시,불국동,2035,0.00,450.00,450.00,100.0,0.000,0.00,0.00,0.00,0.00,0.00,0.00,0.00,0.000,0.00,450.00,450.00,0.00,450.00,0.000,0.00,0.00,0.00,0.00,0.00,0.00,0.00,0,19,0,118,0,0,0,450,100.0
경상북도,경주시,보덕동,2035,0.00,"2,810.00","2,810.00",100.0,0.000,0.00,0.00,0.00,0.00,0.00,0.00,0.00,0.000,0.00,"1,834.00","1,834.00",0.00,"1,834.00",0.000,0.00,976.00,976.00,0.00,776.00,0.00,200.00,0,34,0,10,0,0,0,190,6.8
경상북도,김천시,소계,,"1,046,808.00","1,110,947.00","918,829.00",82.7,0.000,"41,100.00","79,014.00","69,714.00","2,045.00","35,695.00",841.00,"31,133.00",32.300,"538,545.00","564,770.00","503,557.00",123.00,"503,434.00",32.300,"467,163.00","467,163.00","345,558.00","42,926.00","221,994.00","6,736.00","73,902.00",239,"11,898","10,961","20,306",486,20,31,"700,775",76.3
경상북도,김천시,아포읍,2025,"130,803.00","130,803.00","64,838.00",49.6,0.000,"9,300.00","9,300.00",0.00,0.00,0.00,0.00,0.00,3.200,"53,623.00","53,623.00","37,218.00",0.00,"37,218.00",3.200,"67,880.00","67,880.00","27,620.00","2,802.00","20,285.00",164.00,"4,369.00",0,598,775,"1,278",52,0,0,"48,737",75.2
경상북도,김천시,농소면,2025,"12,069.00","12,069.00","8,773.00",72.7,0.000,0.00,0.00,0.00,0.00,0.00,0.00,0.00,0.800,"4,576.00","4,576.00","4,576.00",0.00,"4,576.00",0.800,"7,493.00","7,493.00","4,197.00",84.00,"1,665.00",516.00,"1,932.00",0,397,183,569,11,0,0,"6,401",73.0
경상북도,김천시,남면,2025,"47,262.00","47,262.00","39,193.00",82.9,0.000,0.00,0.00,0.00,0.00,0.00,0.00,0.00,0.800,"35,635.00","35,635.00","32,314.00",0.00,"32,314.00",0.800,"11,627.00","11,627.00","6,879.00",730.00,"4,261.00","1,007.00",881.00,0,448,122,726,12,0,0,"15,961",40.7
경상북도,김천시,개령면,2025,"24,159.00","25,252.00","22,792.00",90.3,0.000,0.00,0.00,0.00,0.00,0.00,0.00,0.00,0.600,"10,205.00","11,298.00","11,298.00",0.00,"11,298.00",0.600,"13,954.00","13,954.00","11,494.00",788.00,"7,379.00",769.00,"2,558.00",0,289,220,418,39,0,0,"11,800",51.8
경상북도,김천시,감문면,2025,"22,001.00","22,001.00","8,841.00",40.2,0.000,0.00,0.00,0.00,0.00,0.00,0.00,0.00,1.200,"14,458.00","14,458.00","1,298.00",0.00,"1,298.00",1.200,"7,543.00","7,543.00","7,543.00",534.00,"3,672.00",150.00,"3,187.00",0,23,35,196,0,0,0,"8,841",100.0
경상북도,김천시,어모면,2025,"16,930.00","16,930.00","16,362.00",96.6,0.000,0.00,0.00,0.00,0.00,0.00,0.00,0.00,1.500,"9,071.00","9,071.00","9,070.00",0.00,"9,070.00",1.500,"7,859.00","7,859.00","7,292.00",243.00,"4,680.00",296.00,"2,073.00",0,99,199,191,26,0,0,"13,663",83.5
경상북도,김천시,봉산면,2025,"23,967.00","34,702.00","31,684.00",91.3,0.000,0.00,0.00,0.00,0.00,0.00,0.00,0.00,1.100,"12,433.00","23,168.00","23,168.00",0.00,"23,168.00",1.100,"11,534.00","11,534.00","8,516.00",283.00,"5,580.00","1,095.00","1,558.00",0,174,249,361,8,0,0,"20,385",64.3
경상북도,김천시,대항면,2025,"89,355.00","97,981.00","75,417.00",77.0,0.000,0.00,0.00,0.00,0.00,0.00,0.00,0.00,2.200,"37,005.00","45,631.00","45,631.00",0.00,"45,631.00",2.200,"52,350.00","52,350.00","29,786.00","1,275.00","20,428.00",971.00,"7,112.00",0,"1,046",982,949,64,0,0,"53,941",71.5
경상북도,김천시,감천면,2025,"17,227.00","17,227.00","13,032.00",75.6,0.000,0.00,0.00,0.00,0.00,0.00,0.00,0.00,0.700,"8,238.00","8,238.00","5,253.00",0.00,"5,253.00",0.700,"8,989.00","8,989.00","7,779.00",210.00,"4,449.00",0.00,"3,120.00",0,155,129,287,0,0,0,"13,032",100.0
경상북도,김천시,조마면,2025,"12,483.00","12,483.00","3,411.00",27.3,0.000,0.00,0.00,0.00,0.00,0.00,0.00,0.00,0.800,"10,514.00","10,514.00","1,443.00",0.00,"1,443.00",0.800,"1,969.00","1,969.00","1,968.00",69.00,370.00,54.00,"1,475.00",0,25,49,161,5,0,0,"3,410",100.0
경상북도,김천시,구성면,2025,"13,740.00","13,740.00","5,921.00",43.1,0.000,0.00,0.00,0.00,0.00,0.00,0.00,0.00,0.800,"8,819.00","8,819.00","1,310.00",0.00,"1,310.00",0.800,"4,921.00","4,921.00","4,611.00",146.00,"1,004.00",106.00,"3,355.00",0,50,93,37,0,0,0,"5,921",100.0
경상북도,김천시,지례면,2025,"18,413.00","18,413.00","16,416.00",89.2,0.000,0.00,0.00,0.00,0.00,0.00,0.00,0.00,0.600,"11,977.00","11,977.00","11,141.00",0.00,"11,141.00",0.600,"6,436.00","6,436.00","5,275.00",502.00,"1,242.00",547.00,"2,984.00",0,169,140,400,11,0,0,"16,416",100.0
경상북도,김천시,부항면,2025,0.00,0.00,0.00,0.0,0.000,0.00,0.00,0.00,0.00,0.00,0.00,0.00,0.000,0.00,0.00,0.00,0.00,0.00,0.000,0.00,0.00,0.00,0.00,0.00,0.00,0.00,0,0,0,0,0,0,0,0,0.0
경상북도,김천시,대덕면,2025,"10,609.00","10,609.00","9,518.00",89.7,0.000,0.00,0.00,0.00,0.00,0.00,0.00,0.00,0.400,"9,743.00","9,743.00","8,841.00",0.00,"8,841.00",0.400,866.00,866.00,677.00,189.00,54.00,0.00,434.00,0,165,14,290,3,0,0,"2,726",28.6
경상북도,김천시,증산면,2025,"4,460.00","10,231.00","9,884.00",96.6,0.000,0.00,0.00,0.00,0.00,0.00,0.00,0.00,0.400,"1,475.00","7,246.00","7,246.00",0.00,"7,246.00",0.400,"2,985.00","2,985.00","2,638.00",40.00,"1,843.00",125.00,630.00,0,273,39,236,0,0,0,"3,911",39.6
경상북도,김천시,자산동,2025,"603,330.00","641,244.00","592,747.00",92.4,0.000,"31,800.00","69,714.00","69,714.00","2,045.00","35,695.00",841.00,"31,133.00",17.200,"310,773.00","310,773.00","303,750.00",123.00,"303,627.00",17.200,"260,757.00","260,757.00","219,283.00","35,031.00","145,082.00",936.00,"38,234.00",239,"7,987","7,732","14,207",255,20,31,"475,630",80.2
경상북도,김천시,평화남산동,2025,0.00,0.00,0.00,0.0,0.000,0.00,0.00,0.00,0.00,0.00,0.00,0.00,0.000,0.00,0.00,0.00,0.00,0.00,0.000,0.00,0.00,0.00,0.00,0.00,0.00,0.00,0,0,0,0,0,0,0,0,0.0
경상북도,김천시,양금동,2025,0.00,0.00,0.00,0.0,0.000,0.00,0.00,0.00,0.00,0.00,0.00,0.00,0.000,0.00,0.00,0.00,0.00,0.00,0.000,0.00,0.00,0.00,0.00,0.00,0.00,0.00,0,0,0,0,0,0,0,0,0.0
경상북도,김천시,대신동,2025,0.00,0.00,0.00,0.0,0.000,0.00,0.00,0.00,0.00,0.00,0.00,0.00,0.000,0.00,0.00,0.00,0.00,0.00,0.000,0.00,0.00,0.00,0.00,0.00,0.00,0.00,0,0,0,0,0,0,0,0,0.0
경상북도,김천시,대곡동,2025,0.00,0.00,0.00,0.0,0.000,0.00,0.00,0.00,0.00,0.00,0.00,0.00,0.000,0.00,0.00,0.00,0.00,0.00,0.000,0.00,0.00,0.00,0.00,0.00,0.00,0.00,0,0,0,0,0,0,0,0,0.0
경상북도,김천시,지좌동,2025,0.00,0.00,0.00,0.0,0.000,0.00,0.00,0.00,0.00,0.00,0.00,0.00,0.000,0.00,0.00,0.00,0.00,0.00,0.000,0.00,0.00,0.00,0.00,0.00,0.00,0.00,0,0,0,0,0,0,0,0,0.0
경상북도,김천시,율곡동,2025,0.00,0.00,0.00,0.0,0.000,0.00,0.00,0.00,0.00,0.00,0.00,0.00,0.000,0.00,0.00,0.00,0.00,0.00,0.000,0.00,0.00,0.00,0.00,0.00,0.00,0.00,0,0,0,0,0,0,0,0,0.0
경상북도,안동시,소계,,"1,370,462.00","1,424,745.00","959,263.00",67.3,6.321,"360,584.00","363,597.00","363,284.00","47,928.00","147,447.00","19,513.00","148,396.00",7.137,"608,200.00","659,470.00","410,822.00",0.00,"410,822.00",0.000,"401,678.00","401,678.00","185,157.00","13,980.00","134,415.00","5,332.00","31,430.00","6,893","8,409","3,854","43,846",0,37,109,"620,066",64.6
경상북도,안동시,풍산읍,2030,"93,778.00","93,778.00","77,684.00",82.8,0.125,"43,155.00","43,155.00","42,925.00","2,785.00","19,416.00","8,077.00","12,647.00",3.066,"39,093.00","39,093.00","29,206.00",0.00,"29,206.00",0.000,"11,530.00","11,530.00","5,553.00","1,614.00","1,133.00","1,867.00",939.00,688,470,92,"1,040",0,9,18,"44,472",57.2
경상북도,안동시,와룡면,2030,"33,920.00","34,516.00","12,140.00",35.2,0.000,"5,540.00","6,136.00","6,136.00",615.00,"1,606.00",597.00,"3,318.00",0.339,"19,760.00","19,760.00","3,260.00",0.00,"3,260.00",0.000,"8,620.00","8,620.00","2,744.00",70.00,"2,291.00",143.00,240.00,79,42,35,224,0,0,0,0,0.0
경상북도,안동시,북후면,2030,"47,839.00","47,853.00","21,745.00",45.4,0.000,"8,256.00","8,270.00","8,270.00",650.00,"1,345.00",180.00,"6,095.00",0.540,"32,023.00","32,023.00","12,570.00",0.00,"12,570.00",0.000,"7,560.00","7,560.00",905.00,80.00,255.00,110.00,460.00,147,224,16,470,0,0,0,0,0.0
경상북도,안동시,서후면,2030,"41,819.00","41,834.00","6,414.00",15.3,0.000,"5,550.00","5,565.00","5,565.00",802.00,"1,649.00",572.00,"2,542.00",0.000,"28,409.00","28,409.00",0.00,0.00,0.00,0.000,"7,860.00","7,860.00",849.00,80.00,139.00,120.00,510.00,98,8,15,0,0,0,0,0,0.0
경상북도,안동시,풍천면,2030,"50,607.00","50,607.00","18,094.00",35.8,0.000,"8,022.00","8,022.00","7,954.00",621.00,"1,780.00",131.00,"5,422.00",0.000,"33,465.00","33,465.00","9,248.00",0.00,"9,248.00",0.000,"9,120.00","9,120.00",892.00,73.00,267.00,135.00,417.00,117,268,13,661,0,0,0,0,0.0
경상북도,안동시,일직면,2030,"58,293.00","58,526.00","22,286.00",38.1,0.000,"10,950.00","11,183.00","11,183.00",652.00,"1,822.00",259.00,"8,450.00",0.501,"39,823.00","39,823.00","10,386.00",0.00,"10,386.00",0.000,"7,520.00","7,520.00",717.00,64.00,103.00,125.00,425.00,127,163,8,325,0,0,0,0,0.0
경상북도,안동시,남후면,2030,"37,495.00","37,786.00","6,404.00",16.9,0.000,"5,325.00","5,616.00","5,616.00",621.00,"1,298.00",984.00,"2,713.00",0.000,"25,640.00","25,640.00",0.00,0.00,0.00,0.000,"6,530.00","6,530.00",788.00,60.00,113.00,140.00,475.00,90,0,3,0,0,0,0,0,0.0
경상북도,안동시,남선면,2030,"34,101.00","34,101.00","17,529.00",51.4,1.335,"4,730.00","4,730.00","4,715.00",695.00,910.00,585.00,"2,525.00",0.000,"22,884.00","22,884.00","11,844.00",0.00,"11,844.00",0.000,"6,487.00","6,487.00",970.00,60.00,100.00,130.00,680.00,77,172,16,343,0,0,17,0,0.0
경상북도,안동시,임하면,2030,"37,360.00","44,290.00","40,006.00",90.3,0.000,"9,410.00","9,549.00","9,549.00",578.00,"1,312.00","2,547.00","5,112.00",1.080,"21,060.00","27,851.00","27,851.00",0.00,"27,851.00",0.000,"6,890.00","6,890.00","2,606.00",65.00,95.00,282.00,"2,164.00",23,71,8,803,0,0,0,0,0.0
경상북도,안동시,길안면,2030,"47,202.00","47,230.00","15,363.00",32.5,0.000,"7,260.00","7,288.00","7,288.00",810.00,"1,060.00",339.00,"5,079.00",0.532,"32,222.00","32,222.00","7,300.00",0.00,"7,300.00",0.000,"7,720.00","7,720.00",775.00,50.00,95.00,180.00,450.00,51,51,5,351,0,0,0,0,0.0
경상북도,안동시,임동면,2030,"25,594.00","25,622.00","12,911.00",50.4,0.000,"3,064.00","3,092.00","3,092.00",380.00,696.00,426.00,"1,590.00",0.177,"16,490.00","16,490.00","4,279.00",0.00,"4,279.00",0.000,"6,040.00","6,040.00","5,540.00",37.00,547.00,306.00,"4,650.00",23,32,41,147,0,0,0,0,0.0
경상북도,안동시,예안면,2030,"36,073.00","36,658.00","6,682.00",18.2,0.000,"3,850.00","4,435.00","4,435.00",393.00,"1,063.00",404.00,"2,575.00",0.095,"26,253.00","26,253.00","1,600.00",0.00,"1,600.00",0.000,"5,970.00","5,970.00",647.00,45.00,102.00,120.00,380.00,62,23,9,101,0,0,0,0,0.0
경상북도,안동시,도산면,2030,"26,470.00","26,530.00","11,172.00",42.1,0.000,"6,580.00","6,640.00","6,640.00",399.00,608.00,306.00,"5,327.00",0.573,"14,020.00","14,020.00","3,931.00",0.00,"3,931.00",0.000,"5,870.00","5,870.00",601.00,45.00,95.00,115.00,346.00,50,30,5,342,0,0,0,0,0.0
경상북도,안동시,녹전면,2030,"22,592.00","23,270.00","6,081.00",26.1,0.000,"3,022.00","3,700.00","3,700.00",576.00,833.00,196.00,"2,095.00",0.234,"13,890.00","13,890.00","1,700.00",0.00,"1,700.00",0.000,"5,680.00","5,680.00",681.00,51.00,90.00,125.00,415.00,49,22,9,100,0,0,0,0,0.0
경상북도,안동시,중구동,2030,"59,557.00","60,397.00","49,718.00",82.3,0.000,"18,072.00","18,099.00","18,099.00","2,862.00","8,585.00",300.00,"6,352.00",0.000,"18,631.00","19,444.00","19,444.00",0.00,"19,444.00",0.000,"22,854.00","22,854.00","12,175.00",888.00,"9,731.00",110.00,"1,446.00",254,273,171,"2,165",0,0,3,"45,343",91.2
경상북도,안동시,명륜동,2030,"35,429.00","36,476.00","30,123.00",82.6,0.000,"10,751.00","10,766.00","10,766.00","1,702.00","5,107.00",178.00,"3,779.00",0.000,"11,083.00","12,115.00","12,115.00",0.00,"12,115.00",0.000,"13,595.00","13,595.00","7,242.00",528.00,"5,789.00",65.00,860.00,478,520,322,"1,838",0,0,0,"26,972",89.5
경상북도,안동시,용상동,2030,"225,954.00","229,410.00","189,219.00",82.5,2.634,"68,564.00","68,665.00","68,665.00","10,858.00","32,571.00","1,137.00","24,099.00",0.000,"70,685.00","74,040.00","74,040.00",0.00,"74,040.00",0.000,"86,705.00","86,705.00","46,514.00","3,368.00","37,241.00",417.00,"5,488.00","1,611","1,743","1,114","7,647",0,9,24,"172,027",90.9
경상북도,안동시,서구동,2030,"22,463.00","22,840.00","18,862.00",82.6,0.000,"6,816.00","6,826.00","6,826.00","1,079.00","3,238.00",113.00,"2,396.00",0.000,"7,027.00","7,394.00","7,394.00",0.00,"7,394.00",0.000,"8,620.00","8,620.00","4,642.00",335.00,"3,720.00",41.00,546.00,96,103,71,"3,386",0,0,0,"17,102",90.7
경상북도,안동시,태화동,2030,"42,362.00","42,959.00","35,363.00",82.3,0.000,"12,854.00","12,873.00","12,873.00","2,036.00","6,106.00",213.00,"4,518.00",0.000,"13,252.00","13,830.00","13,830.00",0.00,"13,830.00",0.000,"16,256.00","16,256.00","8,660.00",631.00,"6,922.00",78.00,"1,029.00",143,153,96,"5,021",0,5,0,"32,251",91.2
경상북도,안동시,평화동,2030,"29,466.00","29,881.00","24,598.00",82.3,0.000,"8,941.00","8,954.00","8,954.00","1,416.00","4,247.00",148.00,"3,143.00",0.000,"9,218.00","9,620.00","9,620.00",0.00,"9,620.00",0.000,"11,307.00","11,307.00","6,024.00",439.00,"4,815.00",54.00,716.00,52,56,35,"2,204",0,0,0,"22,433",91.2
경상북도,안동시,안기동,2030,"38,756.00","47,563.00","41,968.00",88.2,0.000,"11,760.00","11,778.00","11,778.00","1,862.00","5,587.00",195.00,"4,134.00",0.000,"12,124.00","20,913.00","20,913.00",0.00,"20,913.00",0.000,"14,872.00","14,872.00","9,277.00",578.00,"7,686.00",72.00,941.00,451,612,323,"2,302",0,0,0,"29,507",70.3
경상북도,안동시,옥동,2030,"34,840.00","35,330.00","29,083.00",82.3,0.000,"10,572.00","10,587.00","10,587.00","1,674.00","5,022.00",175.00,"3,716.00",0.000,"10,899.00","11,374.00","11,374.00",0.00,"11,374.00",0.000,"13,369.00","13,369.00","7,122.00",519.00,"5,693.00",64.00,846.00,273,294,184,"7,122",0,0,6,"26,524",91.2
경상북도,안동시,송하동,2030,"167,680.00","175,820.00","145,756.00",82.9,0.000,"50,881.00","50,955.00","50,955.00","8,057.00","24,171.00",843.00,"17,884.00",0.000,"52,455.00","60,521.00","60,521.00",0.00,"60,521.00",0.000,"64,344.00","64,344.00","34,280.00","2,499.00","27,398.00",310.00,"4,073.00",595,"1,127",400,"4,455",0,3,7,"127,660",87.6
경상북도,안동시,강남동,2030,"120,812.00","141,468.00","120,062.00",84.9,2.227,"36,659.00","36,713.00","36,713.00","5,805.00","17,415.00",608.00,"12,885.00",0.000,"37,794.00","58,396.00","58,396.00",0.00,"58,396.00",0.000,"46,359.00","46,359.00","24,953.00","1,801.00","19,995.00",223.00,"2,934.00","1,259","1,952",863,"2,799",0,11,34,"75,775",63.1
경상북도,구미시,소계,,"303,967.68","1,835,246.17","1,801,544.17",98.2,0.000,0.00,0.00,0.00,0.00,0.00,0.00,0.00,69.470,"227,297.03","922,242.14","889,152.14",0.00,"889,152.14",65.300,"76,670.65","913,004.03","912,392.03","133,085.85","743,192.11","27,363.39","8,750.68",0,"20,481","22,980","14,732",0,16,917,"1,801,544",100.0
경상북도,구미시,선산읍,2030,"79,423.59","163,233.59","151,688.59",92.9,0.000,0.00,0.00,0.00,0.00,0.00,0.00,0.00,5.620,"79,423.59","79,423.59","67,878.59",0.00,"67,878.59",5.300,0.00,"83,810.00","83,810.00","22,084.32","60,428.91",0.00,"1,296.77",0,"1,835","3,547","2,035",0,0,85,"151,688",100.0
경상북도,구미시,고아읍,2030,"159,653.44","159,653.44","146,548.44",91.8,0.000,0.00,0.00,0.00,0.00,0.00,0.00,0.00,6.160,"82,982.79","82,982.79","70,489.79",0.00,"70,489.79",5.800,"76,670.65","76,670.65","76,058.65","8,517.25","63,810.30","2,854.82",876.28,0,"1,897","2,086","1,410",0,0,134,"146,548",100.0
경상북도,구미시,무을면,2030,"13,560.63","34,419.52","31,619.52",91.9,0.000,0.00,0.00,0.00,0.00,0.00,0.00,0.00,0.720,"13,560.63","13,560.63","10,760.63",0.00,"10,760.63",0.500,0.00,"20,858.89","20,858.89","8,580.14","11,540.93",0.00,737.82,0,353,909,35,0,0,51,"31,619",100.0
경상북도,구미시,옥성면,2030,0.00,"16,953.16","16,953.16",100.0,0.000,0.00,0.00,0.00,0.00,0.00,0.00,0.00,0.210,0.00,"4,085.47","4,085.47",0.00,"4,085.47",0.200,0.00,"12,867.69","12,867.69","1,662.31","9,913.65",0.00,"1,291.73",0,95,594,52,0,0,53,"16,953",100.0
경상북도,구미시,도개면,2030,0.00,"68,823.30","68,823.30",100.0,0.000,0.00,0.00,0.00,0.00,0.00,0.00,0.00,1.380,0.00,"46,623.81","46,623.81",0.00,"46,623.81",1.300,0.00,"22,199.49","22,199.49","4,221.52","17,915.71",0.00,62.26,0,"1,109",927,317,0,0,31,"68,823",100.0
경상북도,구미시,해평면,2030,0.00,"82,986.37","82,986.37",100.0,0.000,0.00,0.00,0.00,0.00,0.00,0.00,0.00,4.030,0.00,"53,461.88","53,461.88",0.00,"53,461.88",3.800,0.00,"29,524.49","29,524.49","5,282.10","23,990.19",0.00,252.20,0,"1,298","1,125",73,0,0,21,"82,986",100.0
경상북도,구미시,산동면,2030,"51,330.02","93,789.75","87,537.75",93.3,0.000,0.00,0.00,0.00,0.00,0.00,0.00,0.00,10.190,"51,330.02","51,330.02","45,078.02",0.00,"45,078.02",9.600,0.00,"42,459.73","42,459.73","6,729.65","34,813.10",0.00,916.98,0,"1,221","1,041",13,0,0,33,"87,537",100.0
경상북도,구미시,장천면,2030,0.00,"51,844.63","51,844.63",100.0,0.000,0.00,0.00,0.00,0.00,0.00,0.00,0.00,2.760,0.00,"35,905.40","35,905.40",0.00,"35,905.40",2.600,0.00,"15,939.23","15,939.23","2,643.94","12,169.35",0.00,"1,125.94",0,876,630,377,0,0,50,"51,844",100.0
경상북도,구미시,송정동,2030,0.00,"59,808.44","59,808.44",100.0,0.000,0.00,0.00,0.00,0.00,0.00,0.00,0.00,0.000,0.00,"28,327.28","28,327.28",0.00,"28,327.28",0.000,0.00,"31,481.16","31,481.16","2,409.30","28,857.32",203.14,11.40,0,509,640,635,0,0,5,"59,808",100.0
경상북도,구미시,원평1동,2030,0.00,"101,637.68","101,637.68",100.0,0.000,0.00,0.00,0.00,0.00,0.00,0.00,0.00,0.000,0.00,"49,476.99","49,476.99",0.00,"49,476.99",0.000,0.00,"52,160.69","52,160.69","4,065.05","44,614.52","3,412.57",68.55,0,"1,036",856,"2,530",0,0,37,"101,637",100.0
경상북도,구미시,원평2동,2030,0.00,0.00,0.00,0.0,0.000,0.00,0.00,0.00,0.00,0.00,0.00,0.00,0.000,0.00,0.00,0.00,0.00,0.00,0.000,0.00,0.00,0.00,0.00,0.00,0.00,0.00,0,0,0,0,0,0,0,0,0.0
경상북도,구미시,도량동,2030,0.00,"54,578.96","54,578.96",100.0,0.000,0.00,0.00,0.00,0.00,0.00,0.00,0.00,0.000,0.00,"22,525.54","22,525.54",0.00,"22,525.54",0.000,0.00,"32,053.42","32,053.42","3,791.54","25,763.78","2,498.10",0.00,0,569,626,725,0,4,15,"54,578",100.0
경상북도,구미시,지산동,2030,0.00,"27,968.69","27,968.69",100.0,0.000,0.00,0.00,0.00,0.00,0.00,0.00,0.00,0.000,0.00,"10,961.65","10,961.65",0.00,"10,961.65",0.000,0.00,"17,007.04","17,007.04",645.14,"13,342.85","3,019.05",0.00,0,327,284,399,0,0,20,"27,968",100.0
경상북도,구미시,선주원남동,2030,0.00,"150,937.56","150,937.56",100.0,0.000,0.00,0.00,0.00,0.00,0.00,0.00,0.00,0.000,0.00,"81,480.71","81,480.71",0.00,"81,480.71",0.000,0.00,"69,456.85","69,456.85","4,333.68","60,077.52","4,805.70",239.95,0,"1,978","1,416",842,0,0,114,"150,937",100.0
경상북도,구미시,형곡1동,2030,0.00,"78,195.02","78,195.02",100.0,0.000,0.00,0.00,0.00,0.00,0.00,0.00,0.00,0.000,0.00,"38,495.16","38,495.16",0.00,"38,495.16",0.000,0.00,"39,699.86","39,699.86","6,027.84","32,883.42",788.60,0.00,0,822,"1,009","1,821",0,0,0,"78,195",100.0
경상북도,구미시,형곡2동,2030,0.00,0.00,0.00,0.0,0.000,0.00,0.00,0.00,0.00,0.00,0.00,0.00,0.000,0.00,0.00,0.00,0.00,0.00,0.000,0.00,0.00,0.00,0.00,0.00,0.00,0.00,0,0,0,0,0,0,0,0,0.0
경상북도,구미시,신평1동,2030,0.00,"35,238.28","35,238.28",100.0,0.000,0.00,0.00,0.00,0.00,0.00,0.00,0.00,0.000,0.00,"12,947.92","12,947.92",0.00,"12,947.92",0.000,0.00,"22,290.36","22,290.36","2,101.84","19,018.22","1,051.56",118.74,0,302,438,709,0,0,7,"35,238",100.0
경상북도,구미시,신평2동,2030,0.00,0.00,0.00,0.0,0.000,0.00,0.00,0.00,0.00,0.00,0.00,0.00,0.000,0.00,0.00,0.00,0.00,0.00,0.000,0.00,0.00,0.00,0.00,0.00,0.00,0.00,0,0,0,0,0,0,0,0,0.0
경상북도,구미시,비산동,2030,0.00,"15,383.72","15,383.72",100.0,0.000,0.00,0.00,0.00,0.00,0.00,0.00,0.00,0.000,0.00,"5,175.36","5,175.36",0.00,"5,175.36",0.000,0.00,"10,208.36","10,208.36",360.23,"9,247.60",600.53,0.00,0,121,175,167,0,0,12,"15,383",100.0
경상북도,구미시,공단1동,2030,0.00,"122,193.50","122,193.50",100.0,0.000,0.00,0.00,0.00,0.00,0.00,0.00,0.00,0.000,0.00,"53,898.42","53,898.42",0.00,"53,898.42",0.000,0.00,"68,295.08","68,295.08","14,192.58","49,747.53","2,969.47","1,385.50",0,915,"1,010",230,0,0,65,"122,193",100.0
경상북도,구미시,공단2동,2030,0.00,0.00,0.00,0.0,0.000,0.00,0.00,0.00,0.00,0.00,0.00,0.00,0.000,0.00,0.00,0.00,0.00,0.00,0.000,0.00,0.00,0.00,0.00,0.00,0.00,0.00,0,0,0,0,0,0,0,0,0.0
경상북도,구미시,광평동,2030,0.00,"29,184.07","29,184.07",100.0,0.000,0.00,0.00,0.00,0.00,0.00,0.00,0.00,0.000,0.00,"12,615.03","12,615.03",0.00,"12,615.03",0.000,0.00,"16,569.04","16,569.04",717.01,"15,629.06",222.97,0.00,0,275,348,333,0,3,15,"29,184",100.0
경상북도,구미시,상모사곡동,2030,0.00,"80,835.33","80,835.33",100.0,0.000,0.00,0.00,0.00,0.00,0.00,0.00,0.00,0.000,0.00,"38,262.57","38,262.57",0.00,"38,262.57",0.000,0.00,"42,572.76","42,572.76","5,597.27","35,808.82","1,097.36",69.31,0,908,847,465,0,0,14,"80,835",100.0
경상북도,구미시,임오동,2030,0.00,"65,569.02","65,569.02",100.0,0.000,0.00,0.00,0.00,0.00,0.00,0.00,0.00,0.000,0.00,"31,055.22","31,055.22",0.00,"31,055.22",0.000,0.00,"34,513.80","34,513.80","1,906.92","28,807.72","3,624.11",175.05,0,596,699,272,0,0,61,"65,569",100.0
경상북도,구미시,인동동,2030,0.00,"119,159.51","119,159.51",100.0,0.000,0.00,0.00,0.00,0.00,0.00,0.00,0.00,0.000,0.00,"62,962.22","62,962.22",0.00,"62,962.22",0.000,0.00,"56,197.29","56,197.29","7,579.12","48,618.17",0.00,0.00,0,"1,515","1,299",763,0,0,35,"119,159",100.0
경상북도,구미시,진미동,2030,0.00,"101,485.82","101,485.82",100.0,0.000,0.00,0.00,0.00,0.00,0.00,0.00,0.00,0.000,0.00,"54,773.79","54,773.79",0.00,"54,773.79",0.000,0.00,"46,712.03","46,712.03","9,149.86","37,346.76",215.41,0.00,0,900,995,387,0,9,37,"101,485",100.0
경상북도,구미시,양포동,2030,0.00,"121,366.81","121,366.81",100.0,0.000,0.00,0.00,0.00,0.00,0.00,0.00,0.00,38.400,0.00,"51,910.69","51,910.69",0.00,"51,910.69",36.200,0.00,"69,456.12","69,456.12","10,487.24","58,846.68",0.00,122.20,0,"1,024","1,479",142,0,0,22,"121,366",100.0
경상북도,영주시,소계,,"728,100.00","728,100.00","685,858.00",94.2,0.600,"12,670.00","12,670.00","12,670.00",420.00,870.00,"5,980.00","5,400.00",39.610,"396,250.00","396,250.00","359,806.00","20,580.00","339,226.00",39.610,"319,180.00","319,180.00","313,382.00","41,120.00","83,862.00","23,140.00","165,260.00",0,"5,913","5,361","17,976","5,481",25,205,"685,858",100.0
경상북도,영주시,풍기읍,2035,"134,910.00","134,910.00","134,910.00",100.0,0.000,0.00,0.00,0.00,0.00,0.00,0.00,0.00,6.670,"74,420.00","74,420.00","74,420.00",960.00,"73,460.00",6.670,"60,490.00","60,490.00","60,490.00","3,080.00","16,420.00","9,880.00","31,110.00",0,878,896,"2,525","1,244",14,33,"134,910",100.0
경상북도,영주시,이산면,2035,"6,020.00","6,020.00","6,020.00",100.0,0.100,"1,850.00","1,850.00","1,850.00",0.00,0.00,0.00,"1,850.00",0.300,"1,280.00","1,280.00","1,280.00",0.00,"1,280.00",0.300,"2,890.00","2,890.00","2,890.00",190.00,"1,520.00",300.00,880.00,0,31,7,75,109,0,5,"6,020",100.0
경상북도,영주시,평은면,2035,"2,920.00","2,920.00","2,920.00",100.0,0.000,0.00,0.00,0.00,0.00,0.00,0.00,0.00,0.190,"2,920.00","2,920.00","2,920.00",0.00,"2,920.00",0.190,0.00,0.00,0.00,0.00,0.00,0.00,0.00,0,28,0,170,72,0,0,"2,920",100.0
경상북도,영주시,문수면,2035,"5,250.00","5,250.00","5,250.00",100.0,0.000,0.00,0.00,0.00,0.00,0.00,0.00,0.00,0.440,"5,250.00","5,250.00","5,250.00",0.00,"5,250.00",0.440,0.00,0.00,0.00,0.00,0.00,0.00,0.00,0,107,0,120,89,0,0,"5,250",100.0
경상북도,영주시,장수면,2035,"10,120.00","10,120.00","10,120.00",100.0,0.000,0.00,0.00,0.00,0.00,0.00,0.00,0.00,0.630,"10,120.00","10,120.00","10,120.00",0.00,"10,120.00",0.630,0.00,0.00,0.00,0.00,0.00,0.00,0.00,0,151,0,330,123,0,0,"10,120",100.0
경상북도,영주시,안정면,2035,"41,720.00","41,720.00","41,020.00",98.3,0.100,"2,410.00","2,410.00","2,410.00",0.00,0.00,"2,410.00",0.00,2.410,"25,000.00","25,000.00","24,300.00",0.00,"24,300.00",2.410,"14,310.00","14,310.00","14,310.00",400.00,0.00,"9,110.00","4,800.00",0,218,5,720,211,1,16,"41,020",100.0
경상북도,영주시,봉현면,2035,"49,560.00","49,560.00","49,560.00",100.0,0.200,"5,040.00","5,040.00","5,040.00",0.00,0.00,"2,210.00","2,830.00",2.480,"26,170.00","26,170.00","26,170.00",0.00,"26,170.00",2.480,"18,350.00","18,350.00","18,350.00",500.00,"8,610.00","3,850.00","5,390.00",0,272,95,560,215,3,12,"49,560",100.0
경상북도,영주시,순흥면,2035,"15,990.00","15,990.00","15,990.00",100.0,0.000,0.00,0.00,0.00,0.00,0.00,0.00,0.00,2.060,"15,990.00","15,990.00","15,990.00",0.00,"15,990.00",2.060,0.00,0.00,0.00,0.00,0.00,0.00,0.00,0,166,0,510,56,0,0,"15,990",100.0
경상북도,영주시,단산면,2035,"8,650.00","8,650.00","8,650.00",100.0,0.000,0.00,0.00,0.00,0.00,0.00,0.00,0.00,0.900,"8,650.00","8,650.00","8,650.00",0.00,"8,650.00",0.900,0.00,0.00,0.00,0.00,0.00,0.00,0.00,0,134,0,490,45,0,0,"8,650",100.0
경상북도,영주시,부석면,2035,"15,560.00","15,560.00","15,560.00",100.0,0.000,0.00,0.00,0.00,0.00,0.00,0.00,0.00,1.850,"15,560.00","15,560.00","15,560.00",0.00,"15,560.00",1.850,0.00,0.00,0.00,0.00,0.00,0.00,0.00,0,226,0,630,66,0,0,"15,560",100.0
경상북도,영주시,상망동,2035,"24,700.00","24,700.00","24,700.00",100.0,0.000,0.00,0.00,0.00,0.00,0.00,0.00,0.00,4.240,"12,650.00","12,650.00","12,650.00",0.00,"12,650.00",4.240,"12,050.00","12,050.00","12,050.00","3,280.00","5,570.00",0.00,"3,200.00",0,288,353,"1,595",346,1,21,"24,700",100.0
경상북도,영주시,하망동,2035,"58,680.00","58,680.00","58,680.00",100.0,0.000,0.00,0.00,0.00,0.00,0.00,0.00,0.00,1.160,"21,080.00","21,080.00","21,080.00",0.00,"21,080.00",1.160,"37,600.00","37,600.00","37,600.00","3,760.00","8,480.00",0.00,"25,360.00",0,531,623,"1,466",382,0,0,"58,680",100.0
경상북도,영주시,영주1동,2035,"45,230.00","45,230.00","45,230.00",100.0,0.000,0.00,0.00,0.00,0.00,0.00,0.00,0.00,1.010,"19,190.00","19,190.00","19,190.00",0.00,"19,190.00",1.010,"26,040.00","26,040.00","26,040.00","2,700.00","3,450.00",0.00,"19,890.00",0,507,565,"1,201",251,0,0,"45,230",100.0
경상북도,영주시,영주2동,2035,"23,750.00","23,750.00","23,750.00",100.0,0.000,0.00,0.00,0.00,0.00,0.00,0.00,0.00,0.490,"7,720.00","7,720.00","7,720.00",0.00,"7,720.00",0.490,"16,030.00","16,030.00","16,030.00","1,720.00","3,110.00",0.00,"11,200.00",0,203,244,"1,024",233,0,0,"23,750",100.0
경상북도,영주시,휴천1동,2035,"42,530.00","42,530.00","42,530.00",100.0,0.000,0.00,0.00,0.00,0.00,0.00,0.00,0.00,1.860,"19,350.00","19,350.00","19,350.00",0.00,"19,350.00",1.860,"23,180.00","23,180.00","23,180.00","1,860.00","6,870.00",0.00,"14,450.00",0,388,443,994,454,2,31,"42,530",100.0
경상북도,영주시,휴천2동,2035,"57,820.00","57,820.00","57,820.00",100.0,0.000,0.00,0.00,0.00,0.00,0.00,0.00,0.00,0.880,"21,700.00","21,700.00","21,700.00",0.00,"21,700.00",0.880,"36,120.00","36,120.00","36,120.00","6,890.00","7,590.00",0.00,"21,640.00",0,422,528,"1,412",445,0,5,"57,820",100.0
경상북도,영주시,휴천3동,2035,"50,520.00","50,520.00","50,520.00",100.0,0.000,0.00,0.00,0.00,0.00,0.00,0.00,0.00,2.450,"21,400.00","21,400.00","21,400.00","7,170.00","14,230.00",2.450,"29,120.00","29,120.00","29,120.00","4,560.00","11,560.00",0.00,"13,000.00",0,406,486,"1,243",344,2,27,"50,520",100.0
경상북도,영주시,가흥1동,2035,"62,800.00","62,800.00","42,506.00",67.7,0.000,0.00,0.00,0.00,0.00,0.00,0.00,0.00,3.700,"37,800.00","37,800.00","22,106.00","2,170.00","19,936.00",3.700,"25,000.00","25,000.00","20,400.00","6,060.00",0.00,0.00,"14,340.00",0,432,492,"1,856",371,1,23,"42,506",100.0
경상북도,영주시,가흥2동,2035,"71,370.00","71,370.00","50,122.00",70.2,0.200,"3,370.00","3,370.00","3,370.00",420.00,870.00,"1,360.00",720.00,5.890,"50,000.00","50,000.00","29,950.00","10,280.00","19,670.00",5.890,"18,000.00","18,000.00","16,802.00","6,120.00","10,682.00",0.00,0.00,0,525,624,"1,055",425,1,32,"50,122",100.0
경상북도,영천시,소계,,"860,831.00","1,772,142.00","1,589,085.00",89.7,30.107,"192,221.00","995,253.00","933,724.00","484,362.00","286,855.00","93,002.00","69,505.00",18.173,"566,101.00","665,755.00","567,374.00","127,505.00","439,869.00",22.730,"102,509.00","111,134.00","87,987.00","29,941.00","46,138.00","10,102.00","1,806.00",207,"22,083",0,"54,157",166,46,154,"510,522",32.1
경상북도,영천시,금호읍,2035,"200,051.00","464,089.00","464,089.00",100.0,15.000,"51,800.00","254,132.00","254,132.00","72,658.00","60,990.00","60,484.00","60,000.00",3.880,"130,894.00","184,091.00","184,091.00","68,298.00","115,793.00",3.880,"17,357.00","25,866.00","25,866.00","21,238.00","2,728.00","1,791.00",109.00,35,"3,852",0,"4,300",20,0,0,"107,829",23.2
경상북도,영천시,청통면,2035,"60,825.00","260,825.00","250,274.00",96.0,0.800,0.00,"200,000.00","200,000.00","200,000.00",0.00,0.00,0.00,0.926,"60,825.00","60,825.00","50,274.00",0.00,"50,274.00",1.720,0.00,0.00,0.00,0.00,0.00,0.00,0.00,3,712,0,650,1,1,0,"44,700",17.9
경상북도,영천시,신녕면,2035,"29,125.00","229,125.00","223,470.00",97.5,1.800,0.00,"200,000.00","200,000.00","99,800.00","73,126.00","21,153.00","5,921.00",1.500,"29,125.00","29,125.00","23,470.00",0.00,"23,470.00",1.210,0.00,0.00,0.00,0.00,0.00,0.00,0.00,1,782,0,"1,195",1,1,0,"23,470",10.5
경상북도,영천시,화산면,2035,"7,262.00","7,262.00","6,464.00",89.0,0.000,0.00,0.00,0.00,0.00,0.00,0.00,0.00,0.400,"7,262.00","7,262.00","6,464.00",464.00,"6,000.00",0.400,0.00,0.00,0.00,0.00,0.00,0.00,0.00,2,205,0,312,1,1,1,"6,400",99.0
경상북도,영천시,화북면,2035,"6,998.00","7,581.00","7,581.00",100.0,0.000,0.00,0.00,0.00,0.00,0.00,0.00,0.00,0.290,"6,532.00","7,115.00","7,115.00","1,220.00","5,895.00",0.290,466.00,466.00,466.00,0.00,466.00,0.00,0.00,7,217,0,430,3,3,3,"5,895",77.8
경상북도,영천시,화남면,2035,"9,942.00","9,942.00","9,942.00",100.0,1.200,0.00,0.00,0.00,0.00,0.00,0.00,0.00,0.580,"9,733.00","9,733.00","9,733.00",0.00,"9,733.00",0.530,209.00,209.00,209.00,0.00,209.00,0.00,0.00,3,350,0,300,1,1,1,"9,733",97.9
경상북도,영천시,자양면,2035,"2,937.00","2,937.00",0.00,0.0,0.000,0.00,0.00,0.00,0.00,0.00,0.00,0.00,0.000,"2,937.00","2,937.00",0.00,0.00,0.00,0.000,0.00,0.00,0.00,0.00,0.00,0.00,0.00,1,0,0,435,2,2,2,0,0.0
경상북도,영천시,임고면,2035,"8,198.00","8,198.00",0.00,0.0,0.000,0.00,0.00,0.00,0.00,0.00,0.00,0.00,0.000,"7,633.00","7,633.00",0.00,0.00,0.00,0.000,565.00,565.00,0.00,0.00,0.00,0.00,0.00,9,0,0,900,5,5,5,0,0.0
경상북도,영천시,고경면,2035,"14,326.00","215,026.00","213,278.00",99.2,2.900,0.00,"200,700.00","200,700.00","100,700.00","100,000.00",0.00,0.00,2.300,"14,326.00","14,326.00","12,578.00",0.00,"12,578.00",0.500,0.00,0.00,0.00,0.00,0.00,0.00,0.00,1,15,0,810,7,7,7,0,0.0
경상북도,영천시,북안면,2035,"12,460.00","12,576.00","12,378.00",98.4,1.900,0.00,0.00,0.00,0.00,0.00,0.00,0.00,1.040,"12,460.00","12,460.00","12,262.00",0.00,"12,262.00",0.550,0.00,116.00,116.00,0.00,116.00,0.00,0.00,2,271,0,462,10,10,10,0,0.0
경상북도,영천시,대창면,2035,"19,374.00","19,374.00","9,538.00",49.2,0.490,0.00,0.00,0.00,0.00,0.00,0.00,0.00,0.690,"17,269.00","17,269.00","7,433.00",0.00,"7,433.00",1.090,"2,105.00","2,105.00","2,105.00",100.00,"2,005.00",0.00,0.00,13,347,0,350,15,15,15,"7,433",77.9
경상북도,영천시,동부동,2035,"129,834.00","175,708.00","143,143.00",81.5,1.517,"61,905.00","61,905.00","34,507.00","4,862.00","23,068.00","5,083.00","1,494.00",1.200,"48,565.00","94,439.00","94,439.00","51,186.00","43,253.00",2.710,"19,364.00","19,364.00","14,197.00","2,029.00","9,807.00","1,960.00",401.00,40,"3,671",0,"25,000",20,0,110,"87,694",61.3
경상북도,영천시,중앙동,2035,"106,139.00","106,139.00","54,267.00",51.1,0.600,"7,957.00","7,957.00","4,497.00",642.00,"3,006.00",637.00,212.00,0.615,"87,253.00","87,253.00","41,888.00",978.00,"40,910.00",1.210,"10,929.00","10,929.00","7,882.00","1,150.00","5,393.00","1,112.00",227.00,18,"2,976",0,"4,210",17,0,0,"30,422",56.1
경상북도,영천시,서부동,2035,"76,921.00","76,921.00","60,998.00",79.3,1.200,"18,157.00","18,157.00","10,265.00","1,467.00","6,862.00","1,453.00",483.00,1.643,"44,977.00","44,977.00","40,791.00","1,476.00","39,315.00",2.840,"13,787.00","13,787.00","9,942.00","1,452.00","6,802.00","1,402.00",286.00,22,"2,779",0,"4,700",21,0,0,"58,768",96.3
경상북도,영천시,완산동,2035,"94,879.00","94,879.00","65,448.00",69.0,0.700,"52,402.00","52,402.00","29,623.00","4,233.00","19,803.00","4,192.00","1,395.00",0.734,"29,502.00","29,502.00","26,469.00","1,378.00","25,091.00",1.430,"12,975.00","12,975.00","9,356.00","1,366.00","6,401.00","1,320.00",269.00,20,"2,351",0,"4,983",19,0,0,"63,526",97.1
경상북도,영천시,남부동,2035,"81,560.00","81,560.00","68,215.00",83.6,2.000,0.00,0.00,0.00,0.00,0.00,0.00,0.00,2.375,"56,808.00","56,808.00","50,367.00","2,505.00","47,862.00",4.370,"24,752.00","24,752.00","17,848.00","2,606.00","12,211.00","2,517.00",514.00,30,"3,555",0,"5,120",23,0,0,"64,652",94.8
경상북도,상주시,소계,,"853,329.00","867,981.00","705,648.00",81.3,0.000,0.00,0.00,0.00,0.00,0.00,0.00,0.00,22.500,"481,987.00","496,370.00","395,347.00",0.00,"395,347.00",22.500,"371,342.00","371,611.00","310,301.00","29,545.00","201,924.00","27,727.00","51,105.00",0,"8,833","4,128","11,707",0,38,25,"574,138",81.4
경상북도,상주시,함창읍,2035,"116,477.00","116,477.00","84,121.00",72.2,0.000,0.00,0.00,0.00,0.00,0.00,0.00,0.00,2.700,"38,635.00","38,635.00","30,197.00",0.00,"30,197.00",2.700,"77,842.00","77,842.00","53,924.00","3,483.00","35,808.00",241.00,"14,392.00",0,676,742,"1,786",0,10,0,"90,429",107.5
경상북도,상주시,중동면,2035,"8,866.00","8,866.00","5,928.00",66.9,0.000,0.00,0.00,0.00,0.00,0.00,0.00,0.00,0.300,"7,844.00","7,844.00","4,906.00",0.00,"4,906.00",0.300,"1,022.00","1,022.00","1,022.00",56.00,368.00,598.00,0.00,0,106,8,79,0,0,0,"3,570",60.2
경상북도,상주시,사벌면,2035,"18,689.00","25,528.00","25,528.00",100.0,0.000,0.00,0.00,0.00,0.00,0.00,0.00,0.00,2.100,"17,195.00","24,034.00","24,034.00",0.00,"24,034.00",2.100,"1,494.00","1,494.00","1,494.00",26.00,781.00,687.00,0.00,0,538,32,553,0,0,0,"6,236",24.4
경상북도,상주시,낙동면,2035,"17,671.00","17,671.00","13,188.00",74.6,0.000,0.00,0.00,0.00,0.00,0.00,0.00,0.00,0.800,"14,243.00","14,243.00","9,760.00",0.00,"9,760.00",0.800,"3,428.00","3,428.00","3,428.00",353.00,"1,252.00","1,823.00",0.00,0,133,45,410,0,0,0,"9,907",75.1
경상북도,상주시,청리면,2035,"47,952.00","51,977.00","51,977.00",100.0,0.000,0.00,0.00,0.00,0.00,0.00,0.00,0.00,1.500,"41,984.00","46,009.00","46,009.00",0.00,"46,009.00",1.500,"5,968.00","5,968.00","5,968.00",0.00,"3,395.00","2,573.00",0.00,0,836,396,811,0,0,0,"24,997",48.1
경상북도,상주시,공성면,2035,"27,013.00","27,013.00","25,410.00",94.1,0.000,0.00,0.00,0.00,0.00,0.00,0.00,0.00,0.800,"17,364.00","17,364.00","15,761.00",0.00,"15,761.00",0.800,"9,649.00","9,649.00","9,649.00",717.00,"6,582.00","2,350.00",0.00,0,351,45,465,0,0,0,"17,253",67.9
경상북도,상주시,외남면,2035,"7,850.00","7,850.00","2,076.00",26.4,0.000,0.00,0.00,0.00,0.00,0.00,0.00,0.00,0.200,"7,220.00","7,220.00","1,446.00",0.00,"1,446.00",0.200,630.00,630.00,630.00,0.00,265.00,365.00,0.00,0,65,0,61,0,0,0,0,0.0
경상북도,상주시,내서면,2035,"8,703.00","8,703.00","2,620.00",30.1,0.000,0.00,0.00,0.00,0.00,0.00,0.00,0.00,0.200,"6,064.00","6,064.00",0.00,0.00,0.00,0.200,"2,639.00","2,639.00","2,620.00",56.00,579.00,"1,985.00",0.00,0,0,15,32,0,0,0,0,0.0
경상북도,상주시,모동면,2035,"28,685.00","28,685.00","27,822.00",97.0,0.000,0.00,0.00,0.00,0.00,0.00,0.00,0.00,1.000,"21,861.00","21,861.00","20,998.00",0.00,"20,998.00",1.000,"6,824.00","6,824.00","6,824.00",425.00,"1,257.00","5,142.00",0.00,0,415,25,358,0,0,0,"13,360",48.0
경상북도,상주시,모서면,2035,"19,509.00","20,258.00","20,258.00",100.0,0.000,0.00,0.00,0.00,0.00,0.00,0.00,0.00,0.600,"14,830.00","15,310.00","15,310.00",0.00,"15,310.00",0.600,"4,679.00","4,948.00","4,948.00",551.00,967.00,"3,430.00",0.00,0,290,13,240,0,0,0,"6,326",31.2
경상북도,상주시,화동면,2035,"12,408.00","12,659.00","12,659.00",100.0,0.000,0.00,0.00,0.00,0.00,0.00,0.00,0.00,0.600,"9,236.00","9,487.00","9,487.00",0.00,"9,487.00",0.600,"3,172.00","3,172.00","3,172.00",462.00,765.00,"1,945.00",0.00,0,280,19,309,0,0,0,"8,772",69.3
경상북도,상주시,화서면,2035,"33,320.00","33,320.00","33,147.00",99.5,0.000,0.00,0.00,0.00,0.00,0.00,0.00,0.00,1.200,"28,423.00","28,423.00","28,250.00",0.00,"28,250.00",1.200,"4,897.00","4,897.00","4,897.00",40.00,"2,567.00","2,290.00",0.00,0,482,27,455,0,0,0,"25,759",77.7
경상북도,상주시,화북면,2035,"21,316.00","21,316.00","17,707.00",83.1,0.000,0.00,0.00,0.00,0.00,0.00,0.00,0.00,1.000,"18,696.00","18,696.00","15,087.00",0.00,"15,087.00",1.000,"2,620.00","2,620.00","2,620.00",283.00,"1,819.00",518.00,0.00,0,303,17,255,0,0,0,"7,424",41.9
경상북도,상주시,외서면,2035,"5,994.00","5,994.00","1,212.00",20.2,0.000,0.00,0.00,0.00,0.00,0.00,0.00,0.00,0.100,"5,587.00","5,587.00",805.00,0.00,805.00,0.100,407.00,407.00,407.00,0.00,351.00,56.00,0.00,0,49,16,77,0,0,0,0,0.0
경상북도,상주시,은척면,2035,"8,061.00","8,061.00","7,756.00",96.2,0.000,0.00,0.00,0.00,0.00,0.00,0.00,0.00,0.200,"6,322.00","6,322.00","6,017.00",0.00,"6,017.00",0.200,"1,739.00","1,739.00","1,739.00",53.00,745.00,941.00,0.00,0,184,27,205,0,0,0,"6,322",81.5
경상북도,상주시,공검면,2035,"9,641.00","12,429.00","12,429.00",100.0,0.000,0.00,0.00,0.00,0.00,0.00,0.00,0.00,0.400,"8,085.00","10,873.00","10,873.00",0.00,"10,873.00",0.400,"1,556.00","1,556.00","1,556.00",194.00,733.00,629.00,0.00,0,179,20,390,0,0,0,"5,418",43.6
경상북도,상주시,이안면,2035,"6,886.00","6,886.00","1,741.00",25.3,0.000,0.00,0.00,0.00,0.00,0.00,0.00,0.00,0.200,"5,082.00","5,082.00",0.00,0.00,0.00,0.200,"1,804.00","1,804.00","1,741.00",152.00,922.00,667.00,0.00,0,0,24,16,0,0,0,0,0.0
경상북도,상주시,화남면,2035,"4,272.00","4,272.00","1,326.00",31.0,0.000,0.00,0.00,0.00,0.00,0.00,0.00,0.00,0.200,"3,261.00","3,261.00",315.00,0.00,315.00,0.200,"1,011.00","1,011.00","1,011.00",25.00,421.00,565.00,0.00,0,15,94,97,0,0,0,385,29.0
경상북도,상주시,남원동,2035,"91,224.00","91,224.00","67,326.00",73.8,0.000,0.00,0.00,0.00,0.00,0.00,0.00,0.00,1.600,"43,019.00","43,019.00","27,315.00",0.00,"27,315.00",1.600,"48,205.00","48,205.00","40,011.00","4,476.00","28,104.00",182.00,"7,249.00",0,684,532,956,0,0,0,"65,206",96.9
경상북도,상주시,북문동,2035,"82,056.00","82,056.00","58,337.00",71.1,0.000,0.00,0.00,0.00,0.00,0.00,0.00,0.00,1.900,"36,872.00","36,872.00","20,835.00",0.00,"20,835.00",1.900,"45,184.00","45,184.00","37,502.00","4,195.00","26,343.00",170.00,"6,794.00",0,548,524,843,0,0,0,"57,440",98.5
경상북도,상주시,계림동,2035,"65,410.00","65,410.00","53,984.00",82.5,0.000,0.00,0.00,0.00,0.00,0.00,0.00,0.00,1.500,"21,476.00","21,476.00","18,835.00",0.00,"18,835.00",1.500,"43,934.00","43,934.00","35,149.00","3,932.00","24,689.00",160.00,"6,368.00",0,454,508,757,0,0,0,"51,507",95.4
경상북도,상주시,동문동,2035,"90,297.00","90,297.00","76,859.00",85.1,0.000,0.00,0.00,0.00,0.00,0.00,0.00,0.00,1.700,"37,420.00","37,420.00","31,384.00",0.00,"31,384.00",1.700,"52,877.00","52,877.00","45,475.00","5,087.00","31,943.00",207.00,"8,238.00",0,792,600,"1,095",0,0,0,"74,515",97.0
경상북도,상주시,동성동,2035,"53,916.00","53,916.00","46,458.00",86.2,0.000,0.00,0.00,0.00,0.00,0.00,0.00,0.00,0.700,"28,226.00","28,226.00","23,848.00",0.00,"23,848.00",0.700,"25,690.00","25,690.00","22,610.00","2,529.00","15,882.00",103.00,"4,096.00",0,597,242,660,0,0,0,"44,913",96.7
경상북도,상주시,신흥동,2035,"67,113.00","67,113.00","55,779.00",83.1,0.000,0.00,0.00,0.00,0.00,0.00,0.00,0.00,1.000,"43,042.00","43,042.00","33,875.00",0.00,"33,875.00",1.000,"24,071.00","24,071.00","21,904.00","2,450.00","15,386.00",100.00,"3,968.00",0,856,157,797,0,28,25,"54,399",97.5
경상북도,문경시,소계,,"845,616.20","896,024.00","820,176.00",91.5,0.000,0.00,0.00,0.00,0.00,0.00,0.00,0.00,27.382,"471,412.10","493,179.40","444,150.40","444,150.40",0.00,882.150,"374,204.10","402,844.60","376,025.60","119,535.50","150,551.00","26,382.10","79,557.00",0,"7,868","6,621","23,329",404,0,180,"804,878",98.1
경상북도,문경시,문경읍,2035,"126,162.00","140,033.00","140,033.00",100.0,0.000,0.00,0.00,0.00,0.00,0.00,0.00,0.00,4.645,"72,943.00","77,486.00","77,486.00","77,486.00",0.00,152.320,"53,219.00","62,547.00","62,547.00","25,285.00","23,041.00","4,846.00","9,375.00",0,"1,257","1,060","3,870",0,0,25,"121,377",86.7
경상북도,문경시,가은읍,2035,"120,945.00","120,945.00","91,742.00",75.9,0.000,0.00,0.00,0.00,0.00,0.00,0.00,0.00,3.050,"61,257.00","61,257.00","46,645.00","46,645.00",0.00,149.350,"59,688.00","59,688.00","45,097.00","6,236.00","21,868.00","1,088.00","15,905.00",0,930,784,"2,722",0,0,47,"120,924",131.8
경상북도,문경시,영순면,2035,"38,706.00","38,706.00","36,021.00",93.1,0.000,0.00,0.00,0.00,0.00,0.00,0.00,0.00,1.519,"26,558.00","26,558.00","23,873.00","23,873.00",0.00,36.750,"12,148.00","12,148.00","12,148.00","3,479.00","3,025.00",260.00,"5,384.00",0,319,269,785,0,0,4,"36,021",100.0
경상북도,문경시,산양면,2035,"37,264.00","38,220.00","31,325.00",82.0,0.000,0.00,0.00,0.00,0.00,0.00,0.00,0.00,2.040,"28,654.00","28,654.00","21,759.00","21,759.00",0.00,30.240,"8,610.00","9,566.00","9,566.00","3,635.00","1,181.00","4,511.00",239.00,0,133,113,407,0,0,4,"29,413",93.9
경상북도,문경시,호계면,2035,"40,326.00","40,326.00","26,950.00",66.8,0.000,0.00,0.00,0.00,0.00,0.00,0.00,0.00,3.006,"18,841.00","18,841.00","11,525.00","11,525.00",0.00,50.160,"21,485.00","21,485.00","15,425.00","1,459.00","3,369.00",104.00,"10,493.00",0,304,245,894,0,0,18,"38,445",142.7
경상북도,문경시,산북면,2035,"38,376.00","38,376.00","34,988.00",91.2,0.000,0.00,0.00,0.00,0.00,0.00,0.00,0.00,0.983,"38,376.00","38,376.00","34,988.00","34,988.00",0.00,109.480,0.00,0.00,0.00,0.00,0.00,0.00,0.00,0,164,138,315,0,0,0,"36,055",103.0
경상북도,문경시,동로면,2035,"5,068.00","5,081.00","5,075.00",99.9,0.000,0.00,0.00,0.00,0.00,0.00,0.00,0.00,0.219,"4,945.00","4,945.00","4,939.00","4,939.00",0.00,141.920,123.00,136.00,136.00,136.00,0.00,0.00,0.00,0,101,85,258,0,0,0,"5,049",99.5
경상북도,문경시,마성면,2035,"26,704.00","26,704.00","18,400.00",68.9,0.000,0.00,0.00,0.00,0.00,0.00,0.00,0.00,3.194,"16,822.00","16,822.00","14,686.00","14,686.00",0.00,71.400,"9,882.00","9,882.00","3,714.00","1,288.00",866.00,279.00,"1,281.00",0,905,762,"2,725",0,0,12,"18,637",101.3
경상북도,문경시,농암면,2035,"71,093.00","71,093.00","59,102.00",83.1,0.000,0.00,0.00,0.00,0.00,0.00,0.00,0.00,1.366,"46,521.00","46,521.00","34,530.00","34,530.00",0.00,101.780,"24,572.00","24,572.00","24,572.00","3,872.00","7,014.00",686.00,"13,000.00",0,427,360,"1,253",0,0,23,"59,102",100.0
경상북도,문경시,점촌1동,2035,"75,013.80","82,839.00","82,839.00",100.0,0.000,0.00,0.00,0.00,0.00,0.00,0.00,0.00,0.710,"34,428.90","38,218.00","38,218.00","38,218.00",0.00,0.180,"40,584.90","44,621.00","44,621.00","16,312.80","19,841.40","3,213.60","5,253.20",0,732,617,"2,222",0,0,10,"74,768",90.3
경상북도,문경시,점촌2동,2035,"68,194.40","75,308.00","75,308.00",100.0,0.000,0.00,0.00,0.00,0.00,0.00,0.00,0.00,1.900,"31,299.00","34,744.00","34,744.00","34,744.00",0.00,2.680,"36,895.40","40,564.00","40,564.00","14,829.00","18,037.40","2,921.20","4,776.40",0,666,561,"2,020",0,0,10,"67,971",90.3
경상북도,문경시,점촌3동,2035,"61,375.00","67,777.00","67,777.00",100.0,0.000,0.00,0.00,0.00,0.00,0.00,0.00,0.00,1.700,"28,169.10","31,269.00","31,269.00","31,269.00",0.00,7.240,"33,205.90","36,508.00","36,508.00","13,346.20","16,233.40","2,629.80","4,298.60",0,599,505,"1,818",0,0,8,"61,174",90.3
경상북도,문경시,점촌4동,2035,"51,145.90","56,481.00","56,481.00",100.0,0.000,0.00,0.00,0.00,0.00,0.00,0.00,0.00,1.400,"23,474.30","26,058.40","26,058.40","26,058.40",0.00,28.240,"27,671.60","30,422.60","30,422.60","11,121.30","13,528.30","2,191.20","3,581.80",0,499,421,"1,515",27,0,8,"50,978",90.3
경상북도,문경시,점촌5동,2035,"85,243.10","94,135.00","94,135.00",100.0,0.000,0.00,0.00,0.00,0.00,0.00,0.00,0.00,1.650,"39,123.80","43,430.00","43,430.00","43,430.00",0.00,0.410,"46,119.30","50,705.00","50,705.00","18,536.20","22,546.50","3,652.30","5,970.00",0,832,701,"2,525",377,0,11,"84,964",90.3
경상북도,경산시,소계,,"1,534,721.00","1,534,721.00","1,016,635.70",66.2,0.000,"214,231.00","214,231.00","214,231.00","15,593.00","120,411.00","78,227.00",0.00,411.690,"796,461.00","796,461.00","453,880.60",759.00,"453,121.60",411.690,"524,029.00","524,029.00","348,524.10","30,073.10","272,314.00","46,137.00",0.00,"2,767","10,660","7,867","37,262","18,917",68,320,"882,699",86.8
경상북도,경산시,하양읍,2035,"186,152.00","186,152.00","85,316.90",45.8,0.000,"12,032.00","12,032.00","12,032.00","2,401.00","5,236.00","4,395.00",0.00,48.610,"96,490.00","96,490.00","37,948.80",0.00,"37,948.80",48.610,"77,630.00","77,630.00","35,336.10","5,425.10","25,797.00","4,114.00",0.00,190,945,778,"3,680","2,205",4,33,"72,689",85.2
경상북도,경산시,진량읍,2035,"353,347.00","353,347.00","201,062.10",56.9,0.000,"61,294.00","61,294.00","61,294.00","1,261.00","31,776.00","28,257.00",0.00,46.180,"165,603.00","165,603.00","71,317.10",397.00,"70,920.10",46.180,"126,450.00","126,450.00","68,451.00","7,804.00","51,747.00","8,900.00",0.00,684,"1,505","1,232","3,919","2,435",5,61,"172,045",85.6
경상북도,경산시,와촌면,2035,"95,311.00","95,311.00","61,017.70",64.0,0.000,"23,081.00","23,081.00","23,081.00","1,844.00","14,111.00","7,126.00",0.00,47.830,"71,480.00","71,480.00","37,186.70",0.00,"37,186.70",47.830,750.00,750.00,750.00,0.00,174.00,576.00,0.00,335,782,4,"3,850",13,16,11,"51,987",85.2
경상북도,경산시,자인면,2035,"143,957.00","143,957.00","69,300.20",48.1,0.000,"22,914.00","22,914.00","22,914.00","1,191.00","16,168.00","5,555.00",0.00,22.050,"74,493.00","74,493.00","27,083.20",0.00,"27,083.20",22.050,"46,550.00","46,550.00","19,303.00","1,479.00","16,043.00","1,781.00",0.00,382,414,386,"2,098","1,021",5,64,"58,689",84.7
경상북도,경산시,용성면,2035,"74,271.00","74,271.00","61,536.50",82.9,0.000,"35,572.00","35,572.00","35,572.00","1,740.00","23,327.00","10,505.00",0.00,79.410,"32,682.00","32,682.00","24,255.50",0.00,"24,255.50",79.410,"6,017.00","6,017.00","1,709.00",0.00,591.00,"1,118.00",0.00,206,62,5,"1,142",36,0,0,"41,137",66.8
경상북도,경산시,남산면,2035,"31,762.00","31,762.00","4,448.10",14.0,0.000,0.00,0.00,0.00,0.00,0.00,0.00,0.00,38.180,"31,762.00","31,762.00","4,448.10",0.00,"4,448.10",38.180,0.00,0.00,0.00,0.00,0.00,0.00,0.00,0,109,0,244,0,0,0,"4,309",96.9
경상북도,경산시,압량면,2035,"79,094.00","79,094.00","64,322.00",81.3,0.000,"7,794.00","7,794.00","7,794.00",159.00,"6,550.00","1,085.00",0.00,18.340,"42,275.00","42,275.00","38,512.00",0.00,"38,512.00",18.340,"29,025.00","29,025.00","18,016.00","1,228.00","13,639.00","3,149.00",0.00,94,454,208,518,247,11,14,"55,650",86.5
경상북도,경산시,남천면,2035,"55,334.00","55,334.00","35,580.60",64.3,0.000,"4,074.00","4,074.00","4,074.00",287.00,"2,232.00","1,555.00",0.00,70.550,"36,934.00","36,934.00","17,180.60",0.00,"17,180.60",70.550,"14,326.00","14,326.00","14,326.00","1,086.00","10,252.00","2,988.00",0.00,73,470,326,"1,432",822,11,40,"32,350",90.9
경상북도,경산시,중방동,2035,"52,452.00","52,452.00","43,892.60",83.7,0.000,"3,933.00","3,933.00","3,933.00",548.00,"1,548.00","1,837.00",0.00,1.170,"25,552.00","25,552.00","20,344.60",0.00,"20,344.60",1.170,"22,967.00","22,967.00","19,615.00","1,117.00","16,009.00","2,489.00",0.00,63,609,512,"2,489","1,254",4,12,"39,811",90.7
경상북도,경산시,중앙동,2035,"40,002.00","40,002.00","35,264.00",88.2,0.000,"3,092.00","3,092.00","3,092.00",431.00,"1,217.00","1,444.00",0.00,0.920,"18,850.00","18,850.00","16,748.00",0.00,"16,748.00",0.920,"18,060.00","18,060.00","15,424.00",879.00,"12,588.00","1,957.00",0.00,49,479,403,"2,171",986,0,10,"32,054",90.9
경상북도,경산시,남부동,2035,"82,586.00","82,586.00","69,404.00",84.0,0.000,"6,219.00","6,219.00","6,219.00",867.00,"2,448.00","2,904.00",0.00,3.700,"40,052.00","40,052.00","32,169.00",0.00,"32,169.00",3.700,"36,315.00","36,315.00","31,016.00","1,767.00","25,313.00","3,936.00",0.00,99,963,811,"3,355","1,982",3,15,"62,950",90.7
경상북도,경산시,서부1동,2035,"125,563.00","125,563.00","106,638.60",84.9,0.000,"12,344.00","12,344.00","12,344.00","2,327.00","5,296.00","4,721.00",0.00,5.640,"56,643.00","56,643.00","46,397.60",280.00,"46,117.60",5.640,"56,576.00","56,576.00","47,897.00","4,425.00","37,921.00","5,551.00",0.00,217,"1,318","1,203","4,314","3,025",6,25,"96,721",90.7
경상북도,경산시,서부2동,2035,"35,931.00","35,931.00","31,119.20",86.6,0.000,"3,602.00","3,602.00","3,602.00",679.00,"1,545.00","1,378.00",0.00,1.500,"18,352.00","18,352.00","13,540.20",82.00,"13,458.20",1.500,"13,977.00","13,977.00","13,977.00","1,291.00","11,066.00","1,620.00",0.00,63,385,351,967,883,3,10,"28,225",90.7
경상북도,경산시,북부동,2035,"60,032.00","60,032.00","49,355.30",82.2,0.000,"4,336.00","4,336.00","4,336.00",604.00,"1,707.00","2,025.00",0.00,9.510,"29,112.00","29,112.00","23,391.30",0.00,"23,391.30",9.510,"26,584.00","26,584.00","21,628.00","1,232.00","17,651.00","2,745.00",0.00,69,927,624,"2,909","1,382",0,15,"44,854",90.9
경상북도,경산시,동부동,2035,"118,927.00","118,927.00","98,377.90",82.7,0.000,"13,944.00","13,944.00","13,944.00","1,254.00","7,250.00","5,440.00",0.00,18.100,"56,181.00","56,181.00","43,357.90",0.00,"43,357.90",18.100,"48,802.00","48,802.00","41,076.00","2,340.00","33,523.00","5,213.00",0.00,243,"1,238","1,024","4,174","2,626",0,10,"89,228",90.7
경상북도,군부,합계,,"3,395,512.50","4,172,271.59","3,216,236.12",77.1,429.619,"223,330.00","331,123.00","308,254.00","46,790.00","110,224.00","45,174.00","106,066.00",253.210,"2,090,447.50","2,490,094.30","1,881,599.48","1,246.00","1,880,353.48",132.360,"1,081,735.00","1,351,054.29","1,026,382.64","282,452.47","354,860.93","214,162.13","174,907.11","18,371","40,122","20,880","100,939","30,496",100,795,"2,035,003",63.3
경상북도,군위군,소계,,"200,458.00","313,736.00","269,962.00",86.0,4.680,0.00,"29,282.00","29,282.00","1,230.00","6,409.00",0.00,"21,643.00",5.500,"71,444.00","126,009.00","120,179.00",0.00,"120,179.00",5.400,"129,014.00","158,445.00","120,501.00","19,298.00","47,429.00",0.00,"53,774.00","2,887",0,0,"8,695",0,0,35,0,0.0
경상북도,군위군,군위읍,2020,"77,501.00","106,311.00","106,311.00",100.0,2.000,0.00,0.00,0.00,0.00,0.00,0.00,0.00,2.000,"28,156.00","31,327.00","31,327.00",0.00,"31,327.00",1.900,"49,345.00","74,984.00","74,984.00","12,031.00","47,429.00",0.00,"15,524.00","1,238",0,0,"5,577",0,0,35,0,0.0
경상북도,군위군,소보면,2020,"14,326.00","33,269.00","18,943.00",56.9,0.000,0.00,"18,943.00","18,943.00",449.00,"4,093.00",0.00,"14,401.00",0.300,"4,093.00","4,093.00",0.00,0.00,0.00,0.300,"10,233.00","10,233.00",0.00,0.00,0.00,0.00,0.00,43,0,0,0,0,0,0,0,0.0
경상북도,군위군,효령면,2020,"37,152.00","52,544.00","46,175.00",87.9,0.100,0.00,0.00,0.00,0.00,0.00,0.00,0.00,0.600,"17,708.00","33,100.00","33,100.00",0.00,"33,100.00",0.600,"19,444.00","19,444.00","13,075.00",456.00,0.00,0.00,"12,619.00",575,0,0,159,0,0,0,0,0.0
경상북도,군위군,부계면,2020,"23,542.00","27,300.00","24,610.00",90.1,1.440,0.00,0.00,0.00,0.00,0.00,0.00,0.00,1.400,"15,923.00","19,681.00","19,681.00",0.00,"19,681.00",1.400,"7,619.00","7,619.00","4,929.00",576.00,0.00,0.00,"4,353.00",364,0,0,918,0,0,0,0,0.0
경상북도,군위군,우보면,2020,"15,739.00","28,886.00","28,886.00",100.0,0.410,0.00,0.00,0.00,0.00,0.00,0.00,0.00,0.400,"3,595.00","12,950.00","12,950.00",0.00,"12,950.00",0.400,"12,144.00","15,936.00","15,936.00","4,409.00",0.00,0.00,"11,527.00",232,0,0,812,0,0,0,0,0.0
경상북도,군위군,의흥면,2020,"13,959.00","22,052.00","17,031.00",77.2,0.350,0.00,0.00,0.00,0.00,0.00,0.00,0.00,0.300,0.00,"8,093.00","8,093.00",0.00,"8,093.00",0.300,"13,959.00","13,959.00","8,938.00","1,606.00",0.00,0.00,"7,332.00",135,0,0,521,0,0,0,0,0.0
경상북도,군위군,산성면,2020,"12,091.00","22,430.00","10,339.00",46.1,0.000,0.00,"10,339.00","10,339.00",781.00,"2,316.00",0.00,"7,242.00",0.200,"1,737.00","1,737.00",0.00,0.00,0.00,0.200,"10,354.00","10,354.00",0.00,0.00,0.00,0.00,0.00,27,0,0,0,0,0,0,0,0.0
경상북도,군위군,고로면,2020,"6,148.00","20,944.00","17,667.00",84.4,0.380,0.00,0.00,0.00,0.00,0.00,0.00,0.00,0.300,232.00,"15,028.00","15,028.00",0.00,"15,028.00",0.300,"5,916.00","5,916.00","2,639.00",220.00,0.00,0.00,"2,419.00",273,0,0,708,0,0,0,0,0.0
경상북도,의성군,소계,,"308,126.00","418,093.70","283,514.70",67.8,0.110,"6,142.00","17,150.00","17,150.00","2,117.00","6,964.00","1,502.00","6,567.00",94.140,"197,840.00","283,591.70","186,173.70",0.00,"186,173.70",17.200,"104,144.00","117,352.00","80,191.00","7,776.00","22,894.00","17,427.00","32,094.00","2,469","5,403",777,"6,833","2,302",2,0,"196,452",69.3
경상북도,의성군,의성읍,2035,"54,325.00","118,541.70","118,541.70",100.0,0.030,"2,642.00","3,052.00","3,052.00","1,592.00","1,354.00",106.00,0.00,30.430,"11,040.00","64,349.70","64,349.70",0.00,"64,349.70",4.600,"40,643.00","51,140.00","51,140.00","2,742.00","7,385.00","13,234.00","27,779.00",127,"1,973",408,"2,421",580,1,0,"78,184",66.0
경상북도,의성군,단촌면,2035,"14,880.00","14,880.00",0.00,0.0,0.000,0.00,0.00,0.00,0.00,0.00,0.00,0.00,0.520,"14,880.00","14,880.00",0.00,0.00,0.00,0.000,0.00,0.00,0.00,0.00,0.00,0.00,0.00,0,0,0,0,0,0,0,0,0.0
경상북도,의성군,점곡면,2035,"13,600.00","13,600.00",0.00,0.0,0.000,0.00,0.00,0.00,0.00,0.00,0.00,0.00,0.760,"13,600.00","13,600.00",0.00,0.00,0.00,0.000,0.00,0.00,0.00,0.00,0.00,0.00,0.00,0,0,0,0,0,0,0,0,0.0
경상북도,의성군,옥산면,2035,"8,200.00","8,200.00",0.00,0.0,0.000,0.00,0.00,0.00,0.00,0.00,0.00,0.00,0.370,"8,200.00","8,200.00",0.00,0.00,0.00,0.000,0.00,0.00,0.00,0.00,0.00,0.00,0.00,0,0,0,0,0,0,0,0,0.0
경상북도,의성군,사곡면,2035,"14,700.00","14,700.00",0.00,0.0,0.000,0.00,0.00,0.00,0.00,0.00,0.00,0.00,0.450,"14,700.00","14,700.00",0.00,0.00,0.00,0.000,0.00,0.00,0.00,0.00,0.00,0.00,0.00,0,0,0,0,0,0,0,0,0.0
경상북도,의성군,춘산면,2035,"2,920.00","5,031.00","5,031.00",100.0,0.000,0.00,"1,956.00","1,956.00",0.00,"1,956.00",0.00,0.00,0.160,"2,920.00","3,075.00","3,075.00",0.00,"3,075.00",0.000,0.00,0.00,0.00,0.00,0.00,0.00,0.00,0,0,0,78,26,0,0,0,0.0
경상북도,의성군,가음면,2035,"7,590.00","7,590.00",0.00,0.0,0.000,0.00,0.00,0.00,0.00,0.00,0.00,0.00,0.400,"7,590.00","7,590.00",0.00,0.00,0.00,0.000,0.00,0.00,0.00,0.00,0.00,0.00,0.00,0,0,0,0,0,0,0,0,0.0
경상북도,의성군,금성면,2035,"38,943.00","53,834.00","46,049.00",85.5,0.080,"3,500.00","10,234.00","10,234.00",525.00,"1,746.00","1,396.00","6,567.00",21.020,"14,020.00","22,177.00","22,177.00",0.00,"22,177.00",3.200,"21,423.00","21,423.00","13,638.00","2,738.00","9,500.00","1,400.00",0.00,402,952,99,602,411,1,0,"35,100",76.2
경상북도,의성군,봉양면,2035,"23,583.00","33,996.00","26,263.00",77.3,0.000,0.00,0.00,0.00,0.00,0.00,0.00,0.00,14.600,"15,850.00","26,263.00","26,263.00",0.00,"26,263.00",2.000,"7,733.00","7,733.00",0.00,0.00,0.00,0.00,0.00,511,649,135,947,413,0,0,"13,988",53.3
경상북도,의성군,비안면,2035,"10,100.00","10,100.00",0.00,0.0,0.000,0.00,0.00,0.00,0.00,0.00,0.00,0.00,0.440,"10,100.00","10,100.00",0.00,0.00,0.00,0.000,0.00,0.00,0.00,0.00,0.00,0.00,0.00,0,0,0,0,0,0,0,0,0.0
경상북도,의성군,구천면,2035,"2,230.00","4,138.00","4,037.00",97.6,0.000,0.00,"1,908.00","1,908.00",0.00,"1,908.00",0.00,0.00,0.950,"2,230.00","2,230.00","2,129.00",0.00,"2,129.00",0.000,0.00,0.00,0.00,0.00,0.00,0.00,0.00,0,0,0,66,20,0,0,0,0.0
경상북도,의성군,단밀면,2035,"16,051.00","16,051.00","7,095.00",44.2,0.000,0.00,0.00,0.00,0.00,0.00,0.00,0.00,8.000,"12,685.00","12,685.00","7,095.00",0.00,"7,095.00",1.100,"3,366.00","3,366.00",0.00,0.00,0.00,0.00,0.00,125,153,0,208,174,0,0,"7,095",100.0
경상북도,의성군,단북면,2035,"14,323.00","14,323.00","10,324.00",72.1,0.000,0.00,0.00,0.00,0.00,0.00,0.00,0.00,7.000,"8,440.00","8,440.00","6,893.00",0.00,"6,893.00",2.000,"5,883.00","5,883.00","3,431.00",0.00,"1,264.00","2,167.00",0.00,210,829,21,414,196,0,0,"7,893",76.5
경상북도,의성군,안계면,2035,"43,771.00","52,469.00","36,644.00",69.8,0.000,0.00,0.00,0.00,0.00,0.00,0.00,0.00,7.000,"22,585.00","31,283.00","31,283.00",0.00,"31,283.00",2.700,"21,186.00","21,186.00","5,361.00","1,550.00","3,811.00",0.00,0.00,508,224,93,"1,449",382,0,0,"31,283",85.4
경상북도,의성군,다인면,2035,"21,800.00","29,530.00","29,530.00",100.0,0.000,0.00,0.00,0.00,0.00,0.00,0.00,0.00,1.400,"17,890.00","22,909.00","22,909.00",0.00,"22,909.00",1.600,"3,910.00","6,621.00","6,621.00",746.00,934.00,626.00,"4,315.00",586,623,21,648,100,0,0,"22,909",77.6
경상북도,의성군,신평면,2035,"4,910.00","4,910.00",0.00,0.0,0.000,0.00,0.00,0.00,0.00,0.00,0.00,0.00,0.180,"4,910.00","4,910.00",0.00,0.00,0.00,0.000,0.00,0.00,0.00,0.00,0.00,0.00,0.00,0,0,0,0,0,0,0,0,0.0
경상북도,의성군,안평면,2035,"14,240.00","14,240.00",0.00,0.0,0.000,0.00,0.00,0.00,0.00,0.00,0.00,0.00,0.390,"14,240.00","14,240.00",0.00,0.00,0.00,0.000,0.00,0.00,0.00,0.00,0.00,0.00,0.00,0,0,0,0,0,0,0,0,0.0
경상북도,의성군,안사면,2035,"1,960.00","1,960.00",0.00,0.0,0.000,0.00,0.00,0.00,0.00,0.00,0.00,0.00,0.070,"1,960.00","1,960.00",0.00,0.00,0.00,0.000,0.00,0.00,0.00,0.00,0.00,0.00,0.00,0,0,0,0,0,0,0,0,0.0
경상북도,청송군,소계,,"183,209.90","183,679.70","156,243.00",85.1,0.000,0.00,0.00,0.00,0.00,0.00,0.00,0.00,4.400,"126,920.90","127,389.70","99,953.00","1,246.00","98,707.00",5.600,"56,289.00","56,290.00","56,290.00","6,026.00","17,070.00",0.00,"33,194.00",0,"2,733",0,"2,113",728,0,69,"147,319",94.3
경상북도,청송군,청송읍,2030,"52,921.00","53,186.00","53,186.00",100.0,0.000,0.00,0.00,0.00,0.00,0.00,0.00,0.00,1.600,"30,758.00","31,023.00","31,023.00",698.00,"30,325.00",1.600,"22,163.00","22,163.00","22,163.00","2,129.00","8,479.00",0.00,"11,555.00",0,938,0,784,178,0,23,"52,921",99.5
경상북도,청송군,부동면,2030,0.00,0.00,0.00,0.0,0.000,0.00,0.00,0.00,0.00,0.00,0.00,0.00,0.000,0.00,0.00,0.00,0.00,0.00,0.000,0.00,0.00,0.00,0.00,0.00,0.00,0.00,0,0,0,0,28,0,0,0,0.0
경상북도,청송군,부남면,2030,"12,869.70","12,869.70","3,337.00",25.9,0.000,0.00,0.00,0.00,0.00,0.00,0.00,0.00,0.100,"12,869.70","12,869.70","3,337.00",0.00,"3,337.00",0.500,0.00,0.00,0.00,0.00,0.00,0.00,0.00,0,45,0,99,79,0,0,"1,883",56.4
경상북도,청송군,현동면,2030,"8,978.00","8,978.00",0.00,0.0,0.000,0.00,0.00,0.00,0.00,0.00,0.00,0.00,0.000,"8,978.00","8,978.00",0.00,0.00,0.00,0.400,0.00,0.00,0.00,0.00,0.00,0.00,0.00,0,0,0,5,52,0,0,0,0.0
경상북도,청송군,현서면,2030,"15,926.00","15,926.00","7,000.00",44.0,0.000,0.00,0.00,0.00,0.00,0.00,0.00,0.00,0.200,"15,926.00","15,926.00","7,000.00",0.00,"7,000.00",0.600,0.00,0.00,0.00,0.00,0.00,0.00,0.00,0,0,0,72,71,0,0,0,0.0
경상북도,청송군,안덕면,2030,"26,534.90","26,536.00","26,536.00",100.0,0.000,0.00,0.00,0.00,0.00,0.00,0.00,0.00,0.600,"21,048.90","21,049.00","21,049.00",0.00,"21,049.00",0.600,"5,486.00","5,487.00","5,487.00",0.00,538.00,0.00,"4,949.00",0,644,0,458,83,0,38,"26,535",100.0
경상북도,청송군,파천면,2030,0.00,0.00,0.00,0.0,0.000,0.00,0.00,0.00,0.00,0.00,0.00,0.00,0.000,0.00,0.00,0.00,0.00,0.00,0.000,0.00,0.00,0.00,0.00,0.00,0.00,0.00,0,0,0,0,22,0,0,0,0.0
경상북도,청송군,진보면,2030,"65,980.30","66,184.00","66,184.00",100.0,0.000,0.00,0.00,0.00,0.00,0.00,0.00,0.00,1.900,"37,340.30","37,544.00","37,544.00",548.00,"36,996.00",1.900,"28,640.00","28,640.00","28,640.00","3,897.00","8,053.00",0.00,"16,690.00",0,"1,106",0,695,215,0,8,"65,980",99.7
경상북도,영양군,소계,,"249,725.00","252,687.00","227,611.00",90.1,0.000,0.00,0.00,0.00,0.00,0.00,0.00,0.00,3.710,"129,303.00","130,967.00","105,891.00",0.00,"105,891.00",4.900,"120,422.00","121,720.00","121,720.00","50,690.00","21,583.00","49,447.00",0.00,0,"1,570",666,"3,550","1,997",12,142,"97,721",42.9
경상북도,영양군,영양읍,2035,"95,791.00","96,242.00","89,668.00",93.2,0.000,0.00,0.00,0.00,0.00,0.00,0.00,0.00,2.060,"53,852.00","53,852.00","47,278.00",0.00,"47,278.00",1.800,"41,939.00","42,390.00","42,390.00","21,164.00","11,720.00","9,506.00",0.00,0,884,403,"2,030","1,208",0,38,"41,577",46.4
경상북도,영양군,입암면,2035,"49,230.00","49,346.00","40,489.00",82.1,0.000,0.00,0.00,0.00,0.00,0.00,0.00,0.00,0.480,"21,446.00","21,446.00","12,589.00",0.00,"12,589.00",1.100,"27,784.00","27,900.00","27,900.00","10,810.00","3,228.00","13,862.00",0.00,0,154,94,394,282,0,20,"12,589",31.1
경상북도,영양군,청기면,2035,"36,171.00","38,435.00","38,435.00",100.0,0.000,0.00,0.00,0.00,0.00,0.00,0.00,0.00,0.370,"18,688.00","20,352.00","20,352.00",0.00,"20,352.00",0.700,"17,483.00","18,083.00","18,083.00","4,110.00","1,777.00","12,196.00",0.00,0,241,58,363,175,11,29,"17,883",46.5
경상북도,영양군,일월면,2035,"24,330.00","24,356.00","16,336.00",67.1,0.000,0.00,0.00,0.00,0.00,0.00,0.00,0.00,0.100,"14,645.00","14,645.00","6,625.00",0.00,"6,625.00",0.400,"9,685.00","9,711.00","9,711.00","3,127.00",713.00,"5,871.00",0.00,0,53,32,135,97,0,18,"6,625",40.6
경상북도,영양군,수비면,2035,"18,056.00","18,158.00","16,843.00",92.8,0.000,0.00,0.00,0.00,0.00,0.00,0.00,0.00,0.220,"7,035.00","7,035.00","5,720.00",0.00,"5,720.00",0.400,"11,021.00","11,123.00","11,123.00","5,476.00",986.00,"4,661.00",0.00,0,42,37,319,110,1,21,"5,720",34.0
경상북도,영양군,석보면,2035,"26,147.00","26,150.00","25,840.00",98.8,0.000,0.00,0.00,0.00,0.00,0.00,0.00,0.00,0.480,"13,637.00","13,637.00","13,327.00",0.00,"13,327.00",0.500,"12,510.00","12,513.00","12,513.00","6,003.00","3,159.00","3,351.00",0.00,0,196,42,309,125,0,16,"13,327",51.6
경상북도,영덕군,소계,,"229,704.00","405,574.00","328,095.00",80.9,0.000,0.00,"29,450.00","29,450.00","3,670.00","25,780.00",0.00,0.00,8.156,"229,704.00","229,704.00","152,225.00",0.00,"152,225.00",0.000,0.00,"146,420.00","146,420.00","12,996.00","32,615.00","100,809.00",0.00,153,"2,362",0,"8,500","1,420",25,25,"142,523",43.4
경상북도,영덕군,영덕읍,2030,"50,235.00","93,845.00","80,330.00",85.6,0.000,0.00,"7,150.00","7,150.00",250.00,"6,900.00",0.00,0.00,1.839,"50,235.00","50,235.00","36,720.00",0.00,"36,720.00",0.000,0.00,"36,460.00","36,460.00","1,367.00","9,309.00","25,784.00",0.00,39,799,0,"2,393",500,4,4,"34,189",42.6
경상북도,영덕군,강구면,2030,"40,796.00","85,995.00","80,398.00",93.5,0.000,0.00,"1,800.00","1,800.00",300.00,"1,500.00",0.00,0.00,1.570,"40,796.00","40,796.00","35,199.00",0.00,"35,199.00",0.000,0.00,"43,399.00","43,399.00","3,053.00","8,075.00","32,271.00",0.00,15,864,0,"2,179",400,2,2,"34,356",42.7
경상북도,영덕군,남정면,2030,"18,530.00","23,078.00","16,362.00",70.9,0.000,0.00,"4,280.00","4,280.00",380.00,"3,900.00",0.00,0.00,0.664,"18,530.00","18,530.00","11,814.00",0.00,"11,814.00",0.000,0.00,268.00,268.00,0.00,268.00,0.00,0.00,23,45,0,893,100,4,4,"3,460",21.1
경상북도,영덕군,달산면,2030,"4,560.00","5,660.00","1,100.00",19.4,0.000,0.00,"1,100.00","1,100.00",150.00,950.00,0.00,0.00,0.000,"4,560.00","4,560.00",0.00,0.00,0.00,0.000,0.00,0.00,0.00,0.00,0.00,0.00,0.00,0,0,0,0,0,1,1,0,0.0
경상북도,영덕군,지품면,2030,"4,051.00","4,851.00","4,851.00",100.0,0.000,0.00,800.00,800.00,210.00,590.00,0.00,0.00,0.131,"4,051.00","4,051.00","4,051.00",0.00,"4,051.00",0.000,0.00,0.00,0.00,0.00,0.00,0.00,0.00,0,117,0,173,0,2,2,"4,051",83.5
경상북도,영덕군,축산면,2030,"21,177.00","40,099.00","32,409.00",80.8,0.000,0.00,"3,980.00","3,980.00",580.00,"3,400.00",0.00,0.00,0.545,"21,177.00","21,177.00","13,487.00",0.00,"13,487.00",0.000,0.00,"14,942.00","14,942.00",973.00,"4,049.00","9,920.00",0.00,24,201,0,636,50,4,4,"11,642",35.9
경상북도,영덕군,영해면,2030,"48,990.00","100,404.00","87,228.00",86.9,0.000,0.00,"5,790.00","5,790.00",950.00,"4,840.00",0.00,0.00,1.520,"48,990.00","48,990.00","35,814.00",0.00,"35,814.00",0.000,0.00,"45,624.00","45,624.00","6,782.00","9,551.00","29,291.00",0.00,28,244,0,"1,684",300,4,4,"37,190",42.6
경상북도,영덕군,병곡면,2030,"35,463.00","45,740.00","19,515.00",42.7,0.000,0.00,"4,550.00","4,550.00",850.00,"3,700.00",0.00,0.00,1.887,"35,463.00","35,463.00","9,238.00",0.00,"9,238.00",0.000,0.00,"5,727.00","5,727.00",821.00,"1,363.00","3,543.00",0.00,24,92,0,351,50,4,4,"11,733",60.1
경상북도,영덕군,창수면,2030,"5,902.00","5,902.00","5,902.00",100.0,0.000,0.00,0.00,0.00,0.00,0.00,0.00,0.00,0.000,"5,902.00","5,902.00","5,902.00",0.00,"5,902.00",0.000,0.00,0.00,0.00,0.00,0.00,0.00,0.00,0,0,0,191,20,0,0,"5,902",100.0
경상북도,청도군,소계,,"173,316.00","271,763.00","232,419.00",85.5,7.900,"69,250.00","95,003.00","83,345.00","10,784.00","15,641.00","18,902.00","38,018.00",10.266,"74,076.00","136,368.00","119,084.00",0.00,"119,084.00",8.277,"29,990.00","40,392.00","29,990.00","1,209.00","24,673.00","1,972.00","2,136.00","2,744","1,765",0,"8,490",0,40,40,"219,714",94.5
경상북도,청도군,화양읍,2030,"41,293.00","78,125.00","78,125.00",100.0,2.500,"18,555.00","24,678.00","24,678.00","2,989.00","5,221.00","8,537.00","7,931.00",2.500,"18,410.00","41,275.00","41,275.00",0.00,"41,275.00",2.083,"4,328.00","12,172.00","12,172.00",526.00,"7,538.00","1,972.00","2,136.00",937,0,0,"2,452",0,5,5,"71,092",91.0
경상북도,청도군,청도읍,2030,"51,644.00","86,754.00","80,465.00",92.8,3.400,"16,303.00","34,934.00","34,934.00","4,624.00","7,826.00","6,284.00","16,200.00",3.400,"16,077.00","32,556.00","32,556.00",0.00,"32,556.00",2.498,"19,264.00","19,264.00","12,975.00",448.00,"12,527.00",0.00,0.00,"1,568","1,568",0,"4,349",0,10,10,"87,933",109.3
경상북도,청도군,각남면,2030,"5,176.00","15,800.00","15,316.00",96.9,0.000,0.00,0.00,0.00,0.00,0.00,0.00,0.00,0.776,"4,311.00","14,935.00","14,935.00",0.00,"14,935.00",0.776,865.00,865.00,381.00,0.00,381.00,0.00,0.00,42,0,0,122,0,3,3,"15,320",100.0
경상북도,청도군,풍각면,2030,"28,323.00","28,323.00","21,107.00",74.5,0.600,"19,450.00","19,450.00","14,996.00","1,849.00","1,332.00","2,574.00","9,241.00",0.815,"5,031.00","5,031.00","4,207.00",0.00,"4,207.00",0.815,"3,842.00","3,842.00","1,904.00",0.00,"1,904.00",0.00,0.00,80,80,0,808,0,3,3,"17,909",84.8
경상북도,청도군,각북면,2030,"13,940.00","13,940.00","5,460.00",39.2,0.000,0.00,0.00,0.00,0.00,0.00,0.00,0.00,0.576,"13,940.00","13,940.00","5,460.00",0.00,"5,460.00",0.576,0.00,0.00,0.00,0.00,0.00,0.00,0.00,0,0,0,0,0,6,6,0,0.0
경상북도,청도군,이서면,2030,"13,353.00","14,352.00","13,237.00",92.2,0.000,"7,738.00","8,737.00","8,737.00","1,322.00","1,262.00","1,507.00","4,646.00",0.576,"5,615.00","5,615.00","4,500.00",0.00,"4,500.00",0.576,0.00,0.00,0.00,0.00,0.00,0.00,0.00,48,48,0,490,0,2,2,"12,251",92.6
경상북도,청도군,운문면,2030,"6,469.00","9,027.00","5,282.00",58.5,0.600,0.00,0.00,0.00,0.00,0.00,0.00,0.00,0.351,"6,469.00","6,469.00","2,724.00",0.00,"2,724.00",0.351,0.00,"2,558.00","2,558.00",235.00,"2,323.00",0.00,0.00,45,24,0,0,0,3,3,"5,282",100.0
경상북도,청도군,금천면,2030,"9,998.00","22,322.00","13,427.00",60.2,0.800,"7,204.00","7,204.00",0.00,0.00,0.00,0.00,0.00,0.602,"1,103.00","13,427.00","13,427.00",0.00,"13,427.00",0.602,"1,691.00","1,691.00",0.00,0.00,0.00,0.00,0.00,24,45,0,269,0,3,3,"9,927",73.9
경상북도,청도군,매전면,2030,"3,120.00","3,120.00",0.00,0.0,0.000,0.00,0.00,0.00,0.00,0.00,0.00,0.00,0.670,"3,120.00","3,120.00",0.00,0.00,0.00,0.000,0.00,0.00,0.00,0.00,0.00,0.00,0.00,0,0,0,0,0,5,5,0,0.0
경상북도,고령군,소계,,"372,168.00","372,168.00","256,938.00",69.0,0.000,0.00,0.00,0.00,0.00,0.00,0.00,0.00,6.836,"224,018.00","224,018.00","140,646.00",0.00,"140,646.00",6.800,"148,150.00","148,150.00","116,292.00","17,071.00","65,124.00","12,856.00","21,241.00",0,"3,489","4,668","4,449","2,574",0,47,"255,754",99.5
경상북도,고령군,대가야읍,2035,"167,237.00","167,237.00","129,630.00",77.5,0.000,0.00,0.00,0.00,0.00,0.00,0.00,0.00,2.558,"73,568.00","73,568.00","52,580.00",0.00,"52,580.00",2.650,"93,669.00","93,669.00","77,050.00","10,452.00","39,596.00","10,534.00","16,468.00",0,"1,369","3,175","1,848","1,219",0,37,"129,630",100.0
경상북도,고령군,덕곡면,2035,"1,800.00","1,800.00",0.00,0.0,0.000,0.00,0.00,0.00,0.00,0.00,0.00,0.00,0.102,"1,800.00","1,800.00",0.00,0.00,0.00,0.100,0.00,0.00,0.00,0.00,0.00,0.00,0.00,0,0,0,0,0,0,0,0,0.0
경상북도,고령군,운수면,2035,"16,668.00","16,668.00","11,365.00",68.2,0.000,0.00,0.00,0.00,0.00,0.00,0.00,0.00,0.320,"11,902.00","11,902.00","6,599.00",0.00,"6,599.00",0.460,"4,766.00","4,766.00","4,766.00",527.00,"2,597.00",381.00,"1,261.00",0,201,182,400,151,0,0,"11,365",100.0
경상북도,고령군,성산면,2035,"20,658.00","20,658.00","18,868.00",91.3,0.000,0.00,0.00,0.00,0.00,0.00,0.00,0.00,0.422,"19,150.00","19,150.00","17,360.00",0.00,"17,360.00",0.420,"1,508.00","1,508.00","1,508.00",279.00,"1,229.00",0.00,0.00,0,229,91,442,221,0,0,"18,868",100.0
경상북도,고령군,다산면,2035,"86,679.00","86,679.00","62,597.00",72.2,0.000,0.00,0.00,0.00,0.00,0.00,0.00,0.00,1.515,"42,962.00","42,962.00","34,119.00",0.00,"34,119.00",1.490,"43,717.00","43,717.00","28,478.00","5,216.00","18,594.00","1,929.00","2,739.00",0,"1,000","1,074",941,602,0,10,"62,597",100.0
경상북도,고령군,개진면,2035,"23,861.00","23,861.00","14,077.00",59.0,0.000,0.00,0.00,0.00,0.00,0.00,0.00,0.00,0.770,"23,861.00","23,861.00","14,077.00",0.00,"14,077.00",0.770,0.00,0.00,0.00,0.00,0.00,0.00,0.00,0,377,0,362,199,0,0,"14,077",100.0
경상북도,고령군,우곡면,2035,"13,197.00","13,197.00",0.00,0.0,0.000,0.00,0.00,0.00,0.00,0.00,0.00,0.00,0.337,"13,197.00","13,197.00",0.00,0.00,0.00,0.330,0.00,0.00,0.00,0.00,0.00,0.00,0.00,0,0,0,0,0,0,0,0,0.0
경상북도,고령군,쌍림면,2035,"42,068.00","42,068.00","20,401.00",48.5,0.000,0.00,0.00,0.00,0.00,0.00,0.00,0.00,0.812,"37,578.00","37,578.00","15,911.00",0.00,"15,911.00",0.580,"4,490.00","4,490.00","4,490.00",597.00,"3,108.00",12.00,773.00,0,313,146,456,182,0,0,"19,217",94.2
경상북도,성주군,소계,,"321,719.00","351,248.00","292,624.00",83.3,0.700,"29,793.00","29,793.00","29,793.00","3,478.00","8,988.00","9,690.00","7,637.00",5.720,"183,811.00","212,944.00","201,855.00",0.00,"201,855.00",5.200,"108,115.00","108,511.00","60,976.00","16,432.00","29,806.00",187.00,"14,551.00","2,123","7,377","5,703","4,702",426,1,16,"280,994",96.0
경상북도,성주군,성주읍,2035,"135,887.00","163,055.00","135,215.00",82.9,0.700,"29,793.00","29,793.00","29,793.00","3,478.00","8,988.00","9,690.00","7,637.00",1.700,"63,030.00","90,198.00","90,198.00",0.00,"90,198.00",1.700,"43,064.00","43,064.00","15,224.00","1,137.00","5,331.00",187.00,"8,569.00",975,"2,960","2,366","2,217",212,1,16,"135,215",100.0
경상북도,성주군,선남면,2035,"39,531.00","39,531.00","34,667.00",87.7,0.000,0.00,0.00,0.00,0.00,0.00,0.00,0.00,1.050,"27,453.00","27,453.00","22,589.00",0.00,"22,589.00",1.050,"12,078.00","12,078.00","12,078.00","6,039.00","6,039.00",0.00,0.00,126,867,689,461,44,0,0,"32,631",94.1
경상북도,성주군,용암면,2025,"18,857.00","21,218.00","21,218.00",100.0,0.000,0.00,0.00,0.00,0.00,0.00,0.00,0.00,0.260,"7,619.00","9,584.00","9,584.00",0.00,"9,584.00",0.260,"11,238.00","11,634.00","11,634.00","5,619.00","6,015.00",0.00,0.00,166,518,404,255,21,0,0,"20,703",97.6
경상북도,성주군,수륜면,2020,"8,616.00","8,616.00","3,862.00",44.8,0.000,0.00,0.00,0.00,0.00,0.00,0.00,0.00,0.100,"8,616.00","8,616.00","3,862.00",0.00,"3,862.00",0.000,0.00,0.00,0.00,0.00,0.00,0.00,0.00,65,97,72,93,9,0,0,0,0.0
경상북도,성주군,가천면,2025,"35,500.00","35,500.00","23,204.00",65.4,0.000,0.00,0.00,0.00,0.00,0.00,0.00,0.00,0.530,"18,684.00","18,684.00","18,684.00",0.00,"18,684.00",0.530,"16,816.00","16,816.00","4,520.00","1,156.00",0.00,0.00,"3,364.00",206,888,698,380,34,0,0,"23,204",100.0
경상북도,성주군,금수면,2020,"5,217.00","5,217.00","5,217.00",100.0,0.000,0.00,0.00,0.00,0.00,0.00,0.00,0.00,0.420,"5,217.00","5,217.00","5,217.00",0.00,"5,217.00",0.000,0.00,0.00,0.00,0.00,0.00,0.00,0.00,0,190,0,177,0,0,0,0,0.0
경상북도,성주군,대가면,2020,0.00,0.00,0.00,0.0,0.000,0.00,0.00,0.00,0.00,0.00,0.00,0.00,0.000,0.00,0.00,0.00,0.00,0.00,0.000,0.00,0.00,0.00,0.00,0.00,0.00,0.00,0,0,0,0,0,0,0,0,0.0
경상북도,성주군,벽진면,2025,"32,714.00","32,714.00","32,714.00",100.0,0.000,0.00,0.00,0.00,0.00,0.00,0.00,0.00,0.860,"28,602.00","28,602.00","28,602.00",0.00,"28,602.00",0.860,"4,112.00","4,112.00","4,112.00",0.00,"3,977.00",0.00,135.00,240,818,651,457,44,0,0,"32,714",100.0
경상북도,성주군,초전면,2035,"37,010.00","37,010.00","28,377.00",76.7,0.000,0.00,0.00,0.00,0.00,0.00,0.00,0.00,0.530,"20,176.00","20,176.00","18,705.00",0.00,"18,705.00",0.530,"16,834.00","16,834.00","9,672.00","1,934.00","5,803.00",0.00,"1,935.00",302,835,664,487,47,0,0,"28,377",100.0
경상북도,성주군,월항면,2025,"8,387.00","8,387.00","8,150.00",97.2,0.000,0.00,0.00,0.00,0.00,0.00,0.00,0.00,0.270,"4,414.00","4,414.00","4,414.00",0.00,"4,414.00",0.270,"3,973.00","3,973.00","3,736.00",547.00,"2,641.00",0.00,548.00,43,204,159,175,15,0,0,"8,150",100.0
경상북도,칠곡군,소계,,"468,514.00","565,060.00","433,257.00",76.7,415.729,"110,355.00","122,655.00","112,544.00","21,384.00","46,112.00","15,080.00","29,968.00",32.200,"210,580.00","289,126.00","232,730.00",0.00,"232,730.00",0.000,"147,579.00","153,279.00","87,983.00","34,876.00","51,790.00",300.00,"1,017.00","7,483","5,508","3,965","23,939","9,732",20,163,"345,703",79.8
경상북도,칠곡군,왜관읍,2030,"230,490.00","230,490.00","131,093.00",56.9,42.789,"52,706.00","52,706.00","52,706.00","7,195.00","12,649.00","11,420.00","21,442.00",11.400,"103,571.00","103,571.00","52,850.00",0.00,"52,850.00",0.000,"74,213.00","74,213.00","25,537.00","9,399.00","15,771.00",50.00,317.00,"3,708","2,915","3,112","11,540","5,234",6,34,"152,137",116.1
경상북도,칠곡군,북삼읍,2030,"79,169.00","79,169.00","79,163.00",100.0,32.800,"12,863.00","12,863.00","12,863.00","2,404.00","9,412.00",294.00,753.00,3.900,"42,934.00","42,934.00","42,934.00",0.00,"42,934.00",0.000,"23,372.00","23,372.00","23,366.00","5,485.00","17,881.00",0.00,0.00,"2,206",743,0,"8,700","2,045",4,1,"79,163",100.0
경상북도,칠곡군,석적읍,2030,"66,356.00","66,356.00","61,580.00",92.8,47.400,"15,130.00","15,130.00","15,130.00","8,000.00","6,050.00",550.00,530.00,2.300,"34,985.00","34,985.00","30,500.00",0.00,"30,500.00",0.000,"16,241.00","16,241.00","15,950.00","4,000.00","11,000.00",250.00,700.00,0,0,0,0,0,0,23,0,0.0
경상북도,칠곡군,지천면,2030,"6,907.00","57,433.00","57,433.00",100.0,85.900,0.00,"7,700.00","7,700.00","1,750.00","3,250.00","1,500.00","1,200.00",2.900,0.00,"42,826.00","42,826.00",0.00,"42,826.00",0.000,"6,907.00","6,907.00","6,907.00","6,696.00",211.00,0.00,0.00,138,"1,362",853,"1,009",0,5,43,"59,175",103.0
경상북도,칠곡군,동명면,2030,0.00,"25,220.00","25,220.00",100.0,62.000,0.00,"2,400.00","2,400.00",0.00,"2,400.00",0.00,0.00,2.500,0.00,"19,620.00","19,620.00",0.00,"19,620.00",0.000,0.00,"3,200.00","3,200.00","1,600.00","1,600.00",0.00,0.00,0,0,0,0,0,0,20,0,0.0
경상북도,칠곡군,가산면,2030,0.00,"20,800.00","20,800.00",100.0,78.250,0.00,"2,200.00","2,200.00",0.00,"2,200.00",0.00,0.00,5.300,0.00,"16,100.00","16,100.00",0.00,"16,100.00",0.000,0.00,"2,500.00","2,500.00","1,000.00","1,500.00",0.00,0.00,0,0,0,0,0,0,16,0,0.0
경상북도,칠곡군,약목면,2030,"84,624.00","84,624.00","57,968.00",68.5,26.400,"29,656.00","29,656.00","19,545.00","2,035.00","10,151.00","1,316.00","6,043.00",3.800,"28,122.00","28,122.00","27,900.00",0.00,"27,900.00",0.000,"26,846.00","26,846.00","10,523.00","6,696.00","3,827.00",0.00,0.00,"1,431",488,0,"2,690","2,453",5,19,"55,228",95.3
경상북도,칠곡군,기산면,2030,968.00,968.00,0.00,0.0,40.190,0.00,0.00,0.00,0.00,0.00,0.00,0.00,0.100,968.00,968.00,0.00,0.00,0.00,0.000,0.00,0.00,0.00,0.00,0.00,0.00,0.00,0,0,0,0,0,0,7,0,0.0
경상북도,예천군,소계,,"260,352.00","341,384.30","276,913.30",81.1,0.000,0.00,0.00,0.00,0.00,0.00,0.00,0.00,51.700,"162,920.00","241,723.30","241,723.30",0.00,"241,723.30",51.700,"97,432.00","99,661.00","35,190.00","35,190.00",0.00,0.00,0.00,0,"1,714","2,215","8,902","7,292",0,0,0,0.0
경상북도,예천군,예천읍,2020,"151,848.00","178,312.00","125,726.00",70.5,0.000,0.00,0.00,0.00,0.00,0.00,0.00,0.00,10.900,"90,901.00","117,365.00","117,365.00",0.00,"117,365.00",10.900,"60,947.00","60,947.00","8,361.00","8,361.00",0.00,0.00,0.00,0,"1,059","1,377","3,394","3,177",0,0,0,0.0
경상북도,예천군,용문면,2020,"10,096.00","12,626.00","11,277.00",89.3,0.000,0.00,0.00,0.00,0.00,0.00,0.00,0.00,2.900,"6,628.00","9,158.00","9,158.00",0.00,"9,158.00",2.900,"3,468.00","3,468.00","2,119.00","2,119.00",0.00,0.00,0.00,0,63,82,93,189,0,0,0,0.0
경상북도,예천군,감천면,2020,"12,004.00","14,297.00","13,194.00",92.3,0.000,0.00,0.00,0.00,0.00,0.00,0.00,0.00,4.300,"7,880.00","10,173.00","10,173.00",0.00,"10,173.00",4.300,"4,124.00","4,124.00","3,021.00","3,021.00",0.00,0.00,0.00,0,26,34,273,78,0,0,0,0.0
경상북도,예천군,보문면,2020,"7,404.00","9,445.00","7,958.00",84.3,0.000,0.00,0.00,0.00,0.00,0.00,0.00,0.00,3.000,"4,860.00","6,901.00","6,901.00",0.00,"6,901.00",3.000,"2,544.00","2,544.00","1,057.00","1,057.00",0.00,0.00,0.00,0,132,157,123,215,0,0,0,0.0
경상북도,예천군,호명면,2020,"10,770.00","42,237.00","42,237.00",100.0,0.000,0.00,0.00,0.00,0.00,0.00,0.00,0.00,8.500,"7,070.00","36,622.00","36,622.00",0.00,"36,622.00",8.500,"3,700.00","5,615.00","5,615.00","5,615.00",0.00,0.00,0.00,0,22,29,"3,126","2,425",0,0,0,0.0
경상북도,예천군,유천면,2020,"13,251.00","15,777.00","12,387.00",78.5,0.000,0.00,0.00,0.00,0.00,0.00,0.00,0.00,3.800,"8,521.00","11,047.00","11,047.00",0.00,"11,047.00",3.800,"4,730.00","4,730.00","1,340.00","1,340.00",0.00,0.00,0.00,0,152,198,167,446,0,0,0,0.0
경상북도,예천군,용궁면,2020,"15,156.00","21,802.00","20,399.00",93.6,0.000,0.00,0.00,0.00,0.00,0.00,0.00,0.00,6.800,"10,917.00","17,563.00","17,563.00",0.00,"17,563.00",6.800,"4,239.00","4,239.00","2,836.00","2,836.00",0.00,0.00,0.00,0,167,217,597,489,0,0,0,0.0
경상북도,예천군,개포면,2020,0.00,0.00,0.00,0.0,0.000,0.00,0.00,0.00,0.00,0.00,0.00,0.00,0.000,0.00,0.00,0.00,0.00,0.00,0.000,0.00,0.00,0.00,0.00,0.00,0.00,0.00,0,0,0,0,0,0,0,0,0.0
경상북도,예천군,지보면,2020,"13,011.00","13,835.00","13,800.00",99.7,0.000,0.00,0.00,0.00,0.00,0.00,0.00,0.00,4.600,"8,542.00","9,366.00","9,366.00",0.00,"9,366.00",4.600,"4,469.00","4,469.00","4,434.00","4,434.00",0.00,0.00,0.00,0,46,60,145,135,0,0,0,0.0
경상북도,예천군,풍양면,2020,"16,042.00","19,904.90","17,436.90",87.6,0.000,0.00,0.00,0.00,0.00,0.00,0.00,0.00,5.400,"10,531.00","14,393.90","14,393.90",0.00,"14,393.90",5.400,"5,511.00","5,511.00","3,043.00","3,043.00",0.00,0.00,0.00,0,26,34,860,77,0,0,0,0.0
경상북도,예천군,효자면,2020,"4,824.00","6,513.40","5,863.40",90.0,0.000,0.00,0.00,0.00,0.00,0.00,0.00,0.00,1.100,"3,167.00","4,856.40","4,856.40",0.00,"4,856.40",1.100,"1,657.00","1,657.00","1,007.00","1,007.00",0.00,0.00,0.00,0,18,23,89,52,0,0,0,0.0
경상북도,예천군,은풍면,2020,"5,946.00","6,635.00","6,635.00",100.0,0.000,0.00,0.00,0.00,0.00,0.00,0.00,0.00,0.400,"3,903.00","4,278.00","4,278.00",0.00,"4,278.00",0.400,"2,043.00","2,357.00","2,357.00","2,357.00",0.00,0.00,0.00,0,3,4,35,9,0,0,0,0.0
경상북도,봉화군,소계,,"162,834.00","162,834.00","122,172.00",75.0,0.000,0.00,0.00,0.00,0.00,0.00,0.00,0.00,8.480,"136,645.00","136,645.00","95,983.00",0.00,"95,983.00",3.083,"26,189.00","26,189.00","26,189.00",0.00,0.00,"26,189.00",0.00,0,"2,828","1,517","11,206","3,329",0,0,"26,189",21.4
경상북도,봉화군,봉화읍,2025,"62,335.00","62,335.00","50,771.00",81.4,0.000,0.00,0.00,0.00,0.00,0.00,0.00,0.00,2.971,"39,604.00","39,604.00","28,040.00",0.00,"28,040.00",1.216,"22,731.00","22,731.00","22,731.00",0.00,0.00,"22,731.00",0.00,0,"1,141",988,325,"1,853",0,0,"22,731",44.8
경상북도,봉화군,물야면,2025,"16,730.00","16,730.00","7,250.00",43.3,0.000,0.00,0.00,0.00,0.00,0.00,0.00,0.00,1.020,"16,730.00","16,730.00","7,250.00",0.00,"7,250.00",0.000,0.00,0.00,0.00,0.00,0.00,0.00,0.00,0,286,47,"2,211",64,0,0,0,0.0
경상북도,봉화군,봉성면,2025,"21,251.00","21,251.00","13,906.00",65.4,0.000,0.00,0.00,0.00,0.00,0.00,0.00,0.00,1.300,"21,251.00","21,251.00","13,906.00",0.00,"13,906.00",0.000,0.00,0.00,0.00,0.00,0.00,0.00,0.00,0,406,74,"1,058",63,0,0,0,0.0
경상북도,봉화군,법전면,2025,"4,945.00","4,945.00","4,728.00",95.6,0.000,0.00,0.00,0.00,0.00,0.00,0.00,0.00,0.231,"4,945.00","4,945.00","4,728.00",0.00,"4,728.00",0.000,0.00,0.00,0.00,0.00,0.00,0.00,0.00,0,142,13,"2,685",38,0,0,0,0.0
경상북도,봉화군,춘양면,2025,"26,692.00","26,692.00","20,607.00",77.2,0.000,0.00,0.00,0.00,0.00,0.00,0.00,0.00,1.170,"23,234.00","23,234.00","17,149.00",0.00,"17,149.00",1.867,"3,458.00","3,458.00","3,458.00",0.00,0.00,"3,458.00",0.00,0,113,93,985,"1,089",0,0,"3,458",16.8
경상북도,봉화군,소천면,2025,"7,253.00","7,253.00","6,993.00",96.4,0.000,0.00,0.00,0.00,0.00,0.00,0.00,0.00,0.383,"7,253.00","7,253.00","6,993.00",0.00,"6,993.00",0.000,0.00,0.00,0.00,0.00,0.00,0.00,0.00,0,172,26,"2,217",12,0,0,0,0.0
경상북도,봉화군,재산면,2025,"9,883.00","9,883.00","7,547.00",76.4,0.000,0.00,0.00,0.00,0.00,0.00,0.00,0.00,0.401,"9,883.00","9,883.00","7,547.00",0.00,"7,547.00",0.000,0.00,0.00,0.00,0.00,0.00,0.00,0.00,0,200,53,514,16,0,0,0,0.0
경상북도,봉화군,명호면,2025,"3,870.00","3,870.00","1,132.00",29.3,0.000,0.00,0.00,0.00,0.00,0.00,0.00,0.00,0.237,"3,870.00","3,870.00","1,132.00",0.00,"1,132.00",0.000,0.00,0.00,0.00,0.00,0.00,0.00,0.00,0,0,0,0,0,0,0,0,0.0
경상북도,봉화군,상운면,2025,"3,786.00","3,786.00","3,750.00",99.0,0.000,0.00,0.00,0.00,0.00,0.00,0.00,0.00,0.284,"3,786.00","3,786.00","3,750.00",0.00,"3,750.00",0.000,0.00,0.00,0.00,0.00,0.00,0.00,0.00,0,106,124,364,0,0,0,0,0.0
경상북도,봉화군,석포면,2025,"6,089.00","6,089.00","5,488.00",90.1,0.000,0.00,0.00,0.00,0.00,0.00,0.00,0.00,0.483,"6,089.00","6,089.00","5,488.00",0.00,"5,488.00",0.000,0.00,0.00,0.00,0.00,0.00,0.00,0.00,0,262,99,847,194,0,0,0,0.0
경상북도,울진군,소계,,"429,736.60","493,653.89","325,057.12",65.8,0.000,0.00,0.00,0.00,0.00,0.00,0.00,0.00,21.002,"315,960.60","319,643.60","180,416.48",0.00,"180,416.48",24.200,"113,776.00","174,010.29","144,640.64","80,888.47","41,876.93","4,975.13","16,900.11",0,"5,320","1,369","9,536",696,0,258,"322,634",99.3
경상북도,울진군,울진읍,2030,"79,171.20","79,171.20","62,883.83",79.4,0.000,0.00,0.00,0.00,0.00,0.00,0.00,0.00,3.192,"45,356.20","45,356.20","29,830.48",0.00,"29,830.48",11.390,"33,815.00","33,815.00","33,053.35","19,789.55","7,177.83",217.00,"5,868.97",0,884,226,"1,662",95,0,40,"61,771",98.2
경상북도,울진군,평해읍,2030,"65,017.00","65,017.00","22,538.50",34.7,0.000,0.00,0.00,0.00,0.00,0.00,0.00,0.00,2.389,"49,839.00","49,839.00","21,989.50",0.00,"21,989.50",4.240,"15,178.00","15,178.00",549.00,0.00,549.00,0.00,0.00,0,833,11,883,0,0,1,"22,539",100.0
경상북도,울진군,북면,2030,"49,770.00","67,002.46","36,586.26",54.6,0.000,0.00,0.00,0.00,0.00,0.00,0.00,0.00,3.150,"49,770.00","49,770.00","19,353.80",0.00,"19,353.80",2.000,0.00,"17,232.46","17,232.46","7,476.12","5,117.36","3,363.50","1,275.48",0,562,204,656,141,0,47,"36,586",100.0
경상북도,울진군,근남면,2030,"46,778.80","64,046.23","33,758.83",52.7,0.000,0.00,0.00,0.00,0.00,0.00,0.00,0.00,2.947,"46,778.80","46,778.80","16,491.40",0.00,"16,491.40",0.000,0.00,"17,267.43","17,267.43","13,541.92","3,009.96",246.48,469.07,0,347,61,632,0,0,12,"33,759",100.0
경상북도,울진군,기성면,2030,"27,431.00","34,443.90","19,300.50",56.0,0.000,0.00,0.00,0.00,0.00,0.00,0.00,0.00,1.716,"27,431.00","27,431.00","12,287.60",0.00,"12,287.60",0.000,0.00,"7,012.90","7,012.90","3,212.30","2,725.40","1,075.20",0.00,0,410,129,654,54,0,18,"19,301",100.0
경상북도,울진군,온정면,2030,"24,739.00","28,422.00","14,443.00",50.8,0.000,0.00,0.00,0.00,0.00,0.00,0.00,0.00,0.766,"10,760.00","14,443.00","14,443.00",0.00,"14,443.00",0.570,"13,979.00","13,979.00",0.00,0.00,0.00,0.00,0.00,0,301,0,380,0,0,0,"13,132",90.9
경상북도,울진군,죽변면,2030,"51,074.00","58,036.24","51,798.34",89.3,0.000,0.00,0.00,0.00,0.00,0.00,0.00,0.00,2.780,"33,284.00","33,284.00","27,046.10",0.00,"27,046.10",2.000,"17,790.00","24,752.24","24,752.24","14,021.44","7,240.04",22.34,"3,468.42",0,889,290,"1,817",6,0,47,"51,798",100.0
경상북도,울진군,후포면,2030,"70,355.60","77,677.66","71,669.06",92.3,0.000,0.00,0.00,0.00,0.00,0.00,0.00,0.00,2.886,"37,341.60","37,341.60","31,333.00",0.00,"31,333.00",4.000,"33,014.00","40,336.06","40,336.06","20,366.24","14,970.24",50.61,"4,948.97",0,847,369,"2,459",218,0,84,"71,669",100.0
경상북도,울진군,금강송면,2030,"3,000.00","3,000.00","2,097.30",69.9,0.000,0.00,0.00,0.00,0.00,0.00,0.00,0.00,0.154,"3,000.00","3,000.00","2,097.30",0.00,"2,097.30",0.000,0.00,0.00,0.00,0.00,0.00,0.00,0.00,0,80,0,101,0,0,0,"2,097",100.0
경상북도,울진군,매화면,2030,"12,400.00","16,837.20","9,981.50",59.3,0.000,0.00,0.00,0.00,0.00,0.00,0.00,0.00,1.022,"12,400.00","12,400.00","5,544.30",0.00,"5,544.30",0.000,0.00,"4,437.20","4,437.20","2,480.90","1,087.10",0.00,869.20,0,167,79,292,182,0,9,"9,982",100.0
경상북도,울릉군,소계,,"35,650.00","40,390.00","11,430.00",28.3,0.500,"7,790.00","7,790.00","6,690.00","4,127.00",330.00,0.00,"2,233.00",1.100,"27,225.00","31,965.00","4,740.00",0.00,"4,740.00",0.000,635.00,635.00,0.00,0.00,0.00,0.00,0.00,512,53,0,24,0,0,0,0,0.0
경상북도,울릉군,울릉읍,2025,"35,015.00","35,015.00","6,690.00",19.1,0.500,"7,790.00","7,790.00","6,690.00","4,127.00",330.00,0.00,"2,233.00",0.700,"27,225.00","27,225.00",0.00,0.00,0.00,0.000,0.00,0.00,0.00,0.00,0.00,0.00,0.00,0,0,0,0,0,0,0,0,0.0
경상북도,울릉군,서면,2020,0.00,0.00,0.00,0.0,0.000,0.00,0.00,0.00,0.00,0.00,0.00,0.00,0.000,0.00,0.00,0.00,0.00,0.00,0.000,0.00,0.00,0.00,0.00,0.00,0.00,0.00,0,0,0,0,0,0,0,0,0.0
경상북도,울릉군,북면,2025,635.00,"5,375.00","4,740.00",88.2,0.000,0.00,0.00,0.00,0.00,0.00,0.00,0.00,0.400,0.00,"4,740.00","4,740.00",0.00,"4,740.00",0.000,635.00,635.00,0.00,0.00,0.00,0.00,0.00,512,53,0,24,0,0,0,0,0.0
경상남도,,합계,,"10,936,947.94","17,886,464.92","15,232,944.64",85.2,"1,160.986","1,415,401.50","1,698,569.34","1,507,879.66","223,234.12","554,130.64","82,238.00","648,276.90",810.871,"6,231,708.94","9,794,288.99","8,316,673.34","99,614.76","8,217,058.58","1,802.720","3,289,837.50","6,393,606.59","5,408,391.64","678,879.99","3,123,225.84","183,647.97","1,422,637.84","60,902","185,251","125,036","661,211","312,161","1,047","4,472","11,195,817",73.5
경상남도,시부,합계,,"6,545,325.96","12,888,625.62","11,254,060.69",87.3,61.558,"1,078,800.00","1,354,911.64","1,204,401.86","157,064.92","448,706.94","63,446.00","535,184.00",626.444,"3,285,810.96","6,514,060.91","5,883,559.61","90,513.76","5,793,045.85",417.890,"2,180,715.00","5,019,653.07","4,166,099.22","542,148.08","2,465,980.74","53,136.00","1,104,834.40","19,197","145,103","117,291","526,145","272,449",991,"3,531","8,608,138",76.5
경상남도,창원시,소계,,"296,311.96","3,983,197.05","3,908,156.75",98.1,0.740,0.00,"7,135.99","7,135.99","2,299.23","4,836.76",0.00,0.00,13.850,"196,829.96","1,689,672.33","1,614,632.03","44,411.35","1,570,220.68",68.570,"99,482.00","2,286,388.73","2,286,388.73","288,350.79","1,207,811.54",0.00,"790,226.40",477,"29,683","47,567","227,650",0,248,"2,475","3,908,156",100.0
경상남도,창원시,동읍,2030,"23,204.00","89,747.50","89,747.50",100.0,0.000,0.00,0.00,0.00,0.00,0.00,0.00,0.00,0.630,"16,293.00","73,346.11","73,346.11",134.65,"73,211.46",41.430,"6,911.00","16,401.39","16,401.39",556.15,"9,637.25",0.00,"6,207.99",0,288,491,"3,167",0,0,3,"89,747",100.0
경상남도,창원시,북면,2030,"27,973.00","138,974.02","138,974.02",100.0,0.000,0.00,0.00,0.00,0.00,0.00,0.00,0.00,1.040,"5,218.00","106,980.52","106,980.52","3,020.65","103,959.87",9.250,"22,755.00","31,993.50","31,993.50","3,107.16","27,899.01",0.00,987.33,0,489,804,"4,522",0,0,43,"138,974",100.0
경상남도,창원시,대산면,2030,"8,428.00","87,763.69","87,763.69",100.0,0.000,0.00,0.00,0.00,0.00,0.00,0.00,0.00,0.300,"4,854.00","74,646.06","74,646.06",715.98,"73,930.08",5.300,"3,574.00","13,117.63","13,117.63","3,686.93","8,429.20",0.00,"1,001.50",0,872,"1,298","11,376",0,0,3,"87,763",100.0
경상남도,창원시,의창동,2030,"18,750.00","102,059.32","102,059.32",100.0,0.000,0.00,243.44,243.44,0.00,243.44,0.00,0.00,0.000,0.00,"44,350.90","44,350.90",188.09,"44,162.81",0.000,"18,750.00","57,464.98","57,464.98","6,404.42","39,619.53",0.00,"11,441.03",0,318,809,"3,115",0,8,32,"102,059",100.0
경상남도,창원시,팔룡동,2030,0.00,"214,551.34","214,551.34",100.0,0.000,0.00,3.99,3.99,3.99,0.00,0.00,0.00,0.000,0.00,"90,515.33","90,515.33","1,349.38","89,165.95",0.000,0.00,"124,032.02","124,032.02","7,836.98","94,345.82",0.00,"21,849.22",0,396,562,"10,268",0,32,114,"214,551",100.0
경상남도,창원시,명곡동,2030,0.00,"128,934.46","128,934.46",100.0,0.030,0.00,7.37,7.37,7.37,0.00,0.00,0.00,0.000,0.00,"61,060.55","61,060.55",201.42,"60,859.13",0.000,0.00,"67,866.54","67,866.54","2,469.20","60,252.83",0.00,"5,144.51",3,"1,690","2,361","10,494",0,38,90,"128,934",100.0
경상남도,창원시,봉림동,2030,0.00,"164,179.73","164,179.73",100.0,0.180,0.00,0.00,0.00,0.00,0.00,0.00,0.00,0.000,0.00,"70,223.18","70,223.18",868.31,"69,354.87",0.000,0.00,"93,956.55","93,956.55","5,074.15","78,238.18",0.00,"10,644.22",0,313,493,"8,893",0,26,41,"164,179",100.0
경상남도,창원시,용지동,2030,0.00,"100,775.40","100,775.40",100.0,0.030,0.00,0.00,0.00,0.00,0.00,0.00,0.00,0.000,0.00,"44,504.60","44,504.60",820.19,"43,684.41",0.000,0.00,"56,270.80","56,270.80","1,581.31","51,792.41",0.00,"2,897.08",0,520,756,"5,324",0,31,26,"100,775",100.0
경상남도,창원시,반송동,2030,"2,181.00","56,583.52","56,583.52",100.0,0.030,0.00,0.00,0.00,0.00,0.00,0.00,0.00,0.000,0.00,"27,688.72","27,688.72",151.72,"27,537.00",0.000,"2,181.00","28,894.80","28,894.80","1,074.45","27,304.26",0.00,516.09,0,550,"1,087","9,164",0,30,75,"56,583",100.0
경상남도,창원시,중앙동,2030,0.00,"109,253.41","109,253.41",100.0,0.010,0.00,11.64,11.64,11.64,0.00,0.00,0.00,0.000,0.00,"48,043.35","48,043.35","2,746.30","45,297.05",0.000,0.00,"61,198.42","61,198.42","8,262.30","52,452.35",0.00,483.77,1,391,765,"6,129",0,1,49,"109,253",100.0
경상남도,창원시,상남동,2030,0.00,"38,692.52","38,692.52",100.0,0.000,0.00,0.00,0.00,0.00,0.00,0.00,0.00,0.000,0.00,"16,595.38","16,595.38",314.67,"16,280.71",0.000,0.00,"22,097.14","22,097.14","1,810.72","18,639.40",0.00,"1,647.02",0,323,375,"6,813",0,6,13,"38,692",100.0
경상남도,창원시,사파동,2030,0.00,"85,463.08","85,463.08",100.0,0.020,0.00,0.00,0.00,0.00,0.00,0.00,0.00,0.000,0.00,"31,961.15","31,961.15",78.59,"31,882.56",0.000,0.00,"53,501.93","53,501.93","2,414.44","40,623.22",0.00,"10,464.27",0,385,664,"3,934",0,12,12,"85,463",100.0
경상남도,창원시,가음정동,2030,"1,065.00","76,692.21","76,692.21",100.0,0.030,0.00,0.00,0.00,0.00,0.00,0.00,0.00,0.000,0.00,"31,320.09","31,320.09",269.37,"31,050.72",0.940,"1,065.00","45,372.12","45,372.12","2,872.38","35,146.12",0.00,"7,353.62",0,326,451,"6,411",0,15,47,"76,692",100.0
경상남도,창원시,성주동,2030,943.00,"130,394.54","130,394.54",100.0,0.000,0.00,0.00,0.00,0.00,0.00,0.00,0.00,0.000,0.00,"41,314.51","41,314.51","1,200.65","40,113.86",0.000,943.00,"89,080.03","89,080.03","6,721.14","57,212.31",0.00,"25,146.58",0,328,509,"6,937",0,2,81,"130,394",100.0
경상남도,창원시,웅남동,2030,471.00,"182,201.20","182,201.20",100.0,0.000,0.00,9.50,9.50,9.50,0.00,0.00,0.00,0.000,0.00,"50,652.80","50,652.80","2,237.32","48,415.48",5.070,471.00,"131,538.90","131,538.90","5,138.86","88,104.19",0.00,"38,295.85",1,304,498,"6,741",0,3,140,"182,201",100.0
경상남도,창원시,구산면,2030,"59,420.62","78,947.88","45,250.97",57.3,0.030,0.00,133.43,133.43,48.83,84.60,0.00,0.00,6.360,"52,378.62","52,378.62","18,681.71","5,137.73","13,543.98",0.740,"7,042.00","26,435.83","26,435.83","7,346.05","4,326.03",0.00,"14,763.75",0,257,498,"4,928",0,0,97,"45,250",100.0
경상남도,창원시,진동면,2030,"15,022.34","75,661.90","75,661.90",100.0,0.010,0.00,75.79,75.79,75.79,0.00,0.00,0.00,0.520,"10,765.34","30,609.84","30,609.84",178.35,"30,431.49",5.530,"4,257.00","44,976.27","44,976.27","12,652.89","10,833.31",0.00,"21,490.07",1,448,601,"3,807",0,0,69,"75,661",100.0
경상남도,창원시,진북면,2030,"46,588.00","92,832.09","65,367.11",70.4,0.000,0.00,0.00,0.00,0.00,0.00,0.00,0.00,1.750,"40,554.00","40,554.00","13,089.02",0.00,"13,089.02",0.000,"6,034.00","52,278.09","52,278.09","20,070.30","17,216.93",0.00,"14,990.86",6,225,268,0,0,0,35,"65,367",100.0
경상남도,창원시,진전면,2030,"25,489.00","75,204.22","61,325.81",81.5,0.000,0.00,15.74,15.74,0.00,15.74,0.00,0.00,1.470,"25,489.00","25,489.00","11,610.59",0.00,"11,610.59",0.000,0.00,"49,699.48","49,699.48","32,919.80","5,155.61",0.00,"11,624.07",5,315,680,"4,307",0,0,26,"61,325",100.0
경상남도,창원시,현동,2030,"5,698.00","50,688.93","50,688.93",100.0,0.000,0.00,11.24,11.24,0.00,11.24,0.00,0.00,0.390,"5,698.00","24,818.43","24,818.43","4,422.41","20,396.02",0.000,0.00,"25,859.26","25,859.26","7,307.03","13,670.22",0.00,"4,882.01",14,291,442,"1,385",0,0,59,"50,688",100.0
경상남도,창원시,가포동,2030,0.00,"19,867.35","19,867.35",100.0,0.000,0.00,22.96,22.96,22.96,0.00,0.00,0.00,0.000,0.00,"7,647.81","7,647.81",0.00,"7,647.81",0.000,0.00,"12,196.58","12,196.58",459.21,"7,088.68",0.00,"4,648.69",20,778,"1,079","9,752",0,0,17,"19,867",100.0
경상남도,창원시,월영동,2030,0.00,"56,867.54","56,867.54",100.0,0.000,0.00,5.36,5.36,1.12,4.24,0.00,0.00,0.000,0.00,"21,667.08","21,667.08","1,696.18","19,970.90",0.000,0.00,"35,195.10","35,195.10","7,123.46","18,320.27",0.00,"9,751.37",16,178,408,399,0,0,10,"56,867",100.0
경상남도,창원시,문화동,2030,0.00,"44,097.92","44,097.92",100.0,0.000,0.00,213.95,213.95,153.88,60.07,0.00,0.00,0.000,0.00,"14,119.20","14,119.20",751.33,"13,367.87",0.000,0.00,"29,764.77","29,764.77","1,647.49","5,801.15",0.00,"22,316.13",20,836,"1,139","3,137",0,0,42,"44,097",100.0
경상남도,창원시,반월중앙동,2030,0.00,"40,394.05","40,394.05",100.0,0.000,0.00,0.00,0.00,0.00,0.00,0.00,0.00,0.000,0.00,"15,042.91","15,042.91","1,371.76","13,671.15",0.000,0.00,"25,351.14","25,351.14","2,368.80","4,392.04",0.00,"18,590.30",6,248,346,0,0,1,7,"40,394",100.0
경상남도,창원시,완월동,2030,0.00,"27,476.32","27,476.32",100.0,0.000,0.00,0.00,0.00,0.00,0.00,0.00,0.00,0.000,0.00,"8,657.64","8,657.64",216.49,"8,441.15",0.000,0.00,"18,818.68","18,818.68","1,784.71","4,469.41",0.00,"12,564.56",0,505,626,0,0,0,12,"27,476",100.0
경상남도,창원시,자산동,2030,0.00,"31,176.12","31,176.12",100.0,0.000,0.00,0.00,0.00,0.00,0.00,0.00,0.00,0.000,0.00,"9,029.90","9,029.90",0.00,"9,029.90",0.000,0.00,"22,146.22","22,146.22","3,106.61","3,637.33",0.00,"15,402.28",50,608,753,"2,099",0,0,4,"31,176",100.0
경상남도,창원시,교방동,2030,900.00,"23,835.30","23,835.30",100.0,0.000,0.00,0.00,0.00,0.00,0.00,0.00,0.00,0.020,900.00,"7,685.16","7,685.16",0.00,"7,685.16",0.000,0.00,"16,150.14","16,150.14",850.84,"3,322.44",0.00,"11,976.86",10,561,811,0,0,0,37,"23,835",100.0
경상남도,창원시,노산동,2030,0.00,"37,373.90","37,373.90",100.0,0.000,0.00,0.00,0.00,0.00,0.00,0.00,0.00,0.000,0.00,"13,000.06","13,000.06",335.50,"12,664.56",0.000,0.00,"24,373.84","24,373.84",941.71,"7,180.00",0.00,"16,252.13",11,363,479,0,0,0,41,"37,373",100.0
경상남도,창원시,오동동,2030,0.00,"87,470.87","87,470.87",100.0,0.000,0.00,0.00,0.00,0.00,0.00,0.00,0.00,0.000,0.00,"31,916.36","31,916.36","4,340.42","27,575.94",0.000,0.00,"55,554.51","55,554.51","3,603.57","12,174.09",0.00,"39,776.85",5,483,"1,059",0,0,2,16,"87,470",100.0
경상남도,창원시,합포동,2030,0.00,"29,177.12","29,177.12",100.0,0.000,0.00,0.00,0.00,0.00,0.00,0.00,0.00,0.000,0.00,"10,866.18","10,866.18",788.40,"10,077.78",0.000,0.00,"18,310.94","18,310.94",608.03,"6,129.28",0.00,"11,573.63",34,912,"2,005",827,0,1,37,"29,177",100.0
경상남도,창원시,산호동,2030,"2,330.00","48,365.80","48,365.80",100.0,0.000,0.00,0.00,0.00,0.00,0.00,0.00,0.00,0.000,0.00,"16,079.31","16,079.31","1,396.15","14,683.16",0.310,"2,330.00","32,286.49","32,286.49",720.41,"1,912.84",0.00,"29,653.24",29,"1,004","1,707",760,0,1,12,"48,365",100.0
경상남도,창원시,내서읍,2030,"11,869.00","144,451.70","144,451.70",100.0,0.000,0.00,177.73,177.73,0.00,177.73,0.00,0.00,0.450,"11,869.00","63,141.69","63,141.69",278.04,"62,863.65",0.000,0.00,"81,132.28","81,132.28","21,177.06","49,630.80",0.00,"10,324.42",8,"1,363","2,122",607,0,2,46,"144,451",100.0
경상남도,창원시,회원1동,2030,0.00,"34,133.24","34,133.24",100.0,0.000,0.00,0.00,0.00,0.00,0.00,0.00,0.00,0.000,0.00,"11,388.45","11,388.45",0.00,"11,388.45",0.000,0.00,"22,744.79","22,744.79",856.38,"4,180.61",0.00,"17,707.80",0,313,493,"8,893",0,0,16,"34,133",100.0
경상남도,창원시,회원2동,2030,0.00,"42,549.25","42,549.25",100.0,0.000,0.00,0.00,0.00,0.00,0.00,0.00,0.00,0.000,0.00,"15,076.33","15,076.33",0.00,"15,076.33",0.000,0.00,"27,472.92","27,472.92","1,456.32","6,807.21",0.00,"19,209.39",0,520,756,"5,324",0,0,39,"42,549",100.0
경상남도,창원시,석전동,2030,0.00,"60,368.60","60,368.60",100.0,0.000,0.00,0.00,0.00,0.00,0.00,0.00,0.00,0.000,0.00,"18,084.93","18,084.93",0.00,"18,084.93",0.000,0.00,"42,283.67","42,283.67","3,022.72","12,079.11",0.00,"27,181.84",0,550,"1,087","9,164",0,4,44,"60,368",100.0
경상남도,창원시,회성동,2030,"2,188.00","39,836.24","39,836.24",100.0,0.000,0.00,1.17,1.17,1.17,0.00,0.00,0.00,0.070,"2,188.00","14,002.56","14,002.56",0.00,"14,002.56",0.000,0.00,"25,832.51","25,832.51","2,266.38","9,308.67",0.00,"14,257.46",1,391,765,"6,129",0,0,56,"39,836",100.0
경상남도,창원시,양덕1동,2030,0.00,"28,710.98","28,710.98",100.0,0.000,0.00,0.00,0.00,0.00,0.00,0.00,0.00,0.000,0.00,"10,857.53","10,857.53",199.78,"10,657.75",0.000,0.00,"17,853.45","17,853.45","1,322.63","1,064.65",0.00,"15,466.17",0,323,375,"6,813",0,2,37,"28,710",100.0
경상남도,창원시,양덕2동,2030,0.00,"44,060.81","44,060.81",100.0,0.000,0.00,0.00,0.00,0.00,0.00,0.00,0.00,0.000,0.00,"16,428.67","16,428.67",868.78,"15,559.89",0.000,0.00,"27,632.14","27,632.14","4,031.25","3,214.53",0.00,"20,386.36",0,385,664,"3,934",0,17,35,"44,060",100.0
경상남도,창원시,합성1동,2030,"1,437.00","31,285.97","31,285.97",100.0,0.000,0.00,0.00,0.00,0.00,0.00,0.00,0.00,0.020,"1,437.00","10,157.61","10,157.61",0.00,"10,157.61",0.000,0.00,"21,128.36","21,128.36",922.41,"5,043.47",0.00,"15,162.48",0,326,451,"6,411",0,3,28,"31,285",100.0
경상남도,창원시,합성2동,2030,0.00,"36,004.48","36,004.48",100.0,0.000,0.00,3.77,3.77,3.77,0.00,0.00,0.00,0.000,0.00,"11,487.81","11,487.81",206.08,"11,281.73",0.000,0.00,"24,512.90","24,512.90","2,351.55","2,291.70",0.00,"19,869.65",0,328,509,"6,937",0,3,5,"36,004",100.0
경상남도,창원시,구암1동,2030,0.00,"33,791.08","33,791.08",100.0,0.000,0.00,3.28,3.28,3.28,0.00,0.00,0.00,0.000,0.00,"11,023.21","11,023.21",137.04,"10,886.17",0.000,0.00,"22,764.59","22,764.59","2,293.66","3,319.55",0.00,"17,151.38",1,304,498,"6,741",0,2,19,"33,791",100.0
경상남도,창원시,구암2동,2030,0.00,"30,527.37","30,527.37",100.0,0.000,0.00,0.00,0.00,0.00,0.00,0.00,0.00,0.000,0.00,"9,372.71","9,372.71",71.34,"9,301.37",0.000,0.00,"21,154.66","21,154.66","1,240.51","7,100.14",0.00,"12,814.01",0,257,498,"4,928",0,0,7,"30,527",100.0
경상남도,창원시,봉암동,2030,0.00,"57,994.14","57,994.14",100.0,0.000,0.00,12.61,12.61,0.00,12.61,0.00,0.00,0.000,0.00,"19,497.18","19,497.18",187.88,"19,309.30",0.000,0.00,"38,484.35","38,484.35","3,072.22","13,057.56",0.00,"22,354.57",1,448,601,"3,807",0,1,51,"57,994",100.0
경상남도,창원시,중앙동,2030,0.00,"22,721.68","22,721.68",100.0,0.000,0.00,166.80,166.80,158.75,8.05,0.00,0.00,0.000,0.00,"8,098.35","8,098.35",0.00,"8,098.35",0.000,0.00,"14,456.53","14,456.53",492.72,"1,896.23",0.00,"12,067.58",6,225,268,0,0,0,0,"22,721",100.0
경상남도,창원시,태평동,2030,0.00,"32,978.07","32,978.07",100.0,0.000,0.00,19.99,19.99,2.45,17.54,0.00,0.00,0.000,0.00,"10,874.58","10,874.58",0.00,"10,874.58",0.000,0.00,"22,083.50","22,083.50","2,718.97","6,414.07",0.00,"12,950.46",5,315,680,"4,307",0,0,52,"32,978",100.0
경상남도,창원시,충무동,2030,0.00,"32,556.68","32,556.68",100.0,0.030,0.00,553.80,553.80,552.70,1.10,0.00,0.00,0.000,0.00,"10,913.94","10,913.94",0.00,"10,913.94",0.000,0.00,"21,088.94","21,088.94","1,444.24","2,609.79",0.00,"17,034.91",14,291,442,"1,385",0,0,0,"32,556",100.0
경상남도,창원시,여좌동,2030,0.00,"67,513.68","67,513.68",100.0,0.180,0.00,378.08,378.08,1.62,376.46,0.00,0.00,0.000,0.00,"25,047.96","25,047.96",133.23,"24,914.73",0.000,0.00,"42,087.64","42,087.64","6,871.88","13,324.08",0.00,"21,891.68",20,778,"1,079","9,752",0,5,35,"67,513",100.0
경상남도,창원시,태백동,2030,0.00,"18,842.76","18,842.76",100.0,0.030,0.00,460.16,460.16,284.52,175.64,0.00,0.00,0.000,0.00,"5,545.03","5,545.03",0.00,"5,545.03",0.000,0.00,"12,837.57","12,837.57","2,426.63","5,609.56",0.00,"4,801.38",16,178,408,399,0,0,46,"18,842",100.0
경상남도,창원시,경화동,2030,0.00,"68,938.10","68,938.10",100.0,0.030,0.00,373.06,373.06,0.00,373.06,0.00,0.00,0.000,0.00,"26,589.42","26,589.42",3.43,"26,585.99",0.000,0.00,"41,975.62","41,975.62","2,701.38","18,014.16",0.00,"21,260.08",20,836,"1,139","3,137",0,0,56,"68,938",100.0
경상남도,창원시,병암동,2030,0.00,"19,996.96","19,996.96",100.0,0.010,0.00,407.36,407.36,0.00,407.36,0.00,0.00,0.000,0.00,"7,846.90","7,846.90",64.91,"7,781.99",0.000,0.00,"11,742.70","11,742.70","1,315.73","6,535.27",0.00,"3,891.70",6,248,346,0,0,0,20,"19,996",100.0
경상남도,창원시,석동,2030,0.00,"44,308.84","44,308.84",100.0,0.000,0.00,0.00,0.00,0.00,0.00,0.00,0.00,0.000,0.00,"17,586.34","17,586.34",58.30,"17,528.04",0.000,0.00,"26,722.50","26,722.50","4,462.10","18,586.64",0.00,"3,673.76",0,505,626,0,0,0,11,"44,308",100.0
경상남도,창원시,이동,2030,0.00,"54,982.38","54,982.38",100.0,0.020,0.00,"1,251.21","1,251.21",413.56,837.65,0.00,0.00,0.000,0.00,"24,762.35","24,762.35","1,070.71","23,691.64",0.000,0.00,"28,968.82","28,968.82","2,817.19","14,856.14",0.00,"11,295.49",50,608,753,"2,099",0,0,35,"54,982",100.0
경상남도,창원시,자은동,2030,0.00,"41,470.10","41,470.10",100.0,0.030,0.00,251.92,251.92,0.00,251.92,0.00,0.00,0.000,0.00,"16,558.06","16,558.06",401.29,"16,156.77",0.000,0.00,"24,660.12","24,660.12","5,455.73","15,487.32",0.00,"3,717.07",10,561,811,0,0,0,41,"41,470",100.0
경상남도,창원시,덕산동,2030,0.00,"32,447.30","32,447.30",100.0,0.000,0.00,387.57,387.57,300.95,86.62,0.00,0.00,0.000,0.00,"13,831.66","13,831.66","2,919.62","10,912.04",0.000,0.00,"18,228.07","18,228.07","1,435.34","9,119.44",0.00,"7,673.29",11,363,479,0,0,0,31,"32,447",100.0
경상남도,창원시,풍호동,2030,"6,668.00","55,172.87","55,172.87",100.0,0.000,0.00,37.44,37.44,22.51,14.93,0.00,0.00,0.070,949.00,"18,537.63","18,537.63","1,681.16","16,856.47",0.000,"5,719.00","36,597.80","36,597.80","9,912.02","15,544.46",0.00,"11,141.32",5,483,"1,059",0,0,0,54,"55,172",100.0
경상남도,창원시,웅천동,2030,"20,555.00","123,632.96","123,632.96",100.0,0.030,0.00,"1,067.26","1,067.26",200.44,866.82,0.00,0.00,0.180,"12,623.00","44,199.15","44,199.15",0.00,"44,199.15",0.000,"7,932.00","78,366.55","78,366.55","14,071.30","47,420.14",0.00,"16,875.11",34,912,"2,005",827,0,0,223,"123,632",100.0
경상남도,창원시,웅동1동,2030,"4,306.00","98,705.93","98,705.93",100.0,0.010,0.00,644.31,644.31,8.70,635.61,0.00,0.00,0.000,500.00,"38,774.82","38,774.82","1,194.74","37,580.08",0.000,"3,806.00","59,286.80","59,286.80","12,930.40","26,427.74",0.00,"19,928.66",29,"1,004","1,707",760,0,0,140,"98,705",100.0
경상남도,창원시,웅동2동,2030,"10,826.00","159,511.63","159,511.63",100.0,0.000,0.00,184.06,184.06,9.73,174.33,0.00,0.00,0.580,"5,114.00","67,222.71","67,222.71",3.01,"67,219.70",0.000,"5,712.00","92,104.86","92,104.86","12,760.57","73,542.79",0.00,"5,801.50",8,"1,363","2,122",607,0,0,58,"159,511",100.0
경상남도,진주시,소계,,"1,340,899.00","1,473,619.00","1,467,873.00",99.6,16.900,"359,188.00","408,436.50","408,436.50","44,319.00","152,708.50","1,898.00","209,511.00",38.900,"674,347.00","716,730.50","716,730.50","11,131.00","705,599.50",37.700,"307,364.00","348,452.00","342,706.00","25,014.00","158,860.00","26,840.00","131,992.00",518,"30,274","29,080","71,255","77,307",124,174,"1,000,373",68.2
경상남도,진주시,문산읍,2020,"30,474.00","35,320.00","35,320.00",100.0,1.400,"11,362.00","14,680.00","14,680.00","1,782.00","7,272.00",0.00,"5,626.00",2.800,"9,500.00","11,028.00","11,028.00",0.00,"11,028.00",2.800,"9,612.00","9,612.00","9,612.00",0.00,"9,612.00",0.00,0.00,0,595,533,"1,442","1,442",48,35,"25,819",73.1
경상남도,진주시,내동면,2020,"3,000.00","3,000.00","3,000.00",100.0,0.000,0.00,0.00,0.00,0.00,0.00,0.00,0.00,0.000,"3,000.00","3,000.00","3,000.00",0.00,"3,000.00",0.000,0.00,0.00,0.00,0.00,0.00,0.00,0.00,0,0,0,0,0,0,0,0,0.0
경상남도,진주시,정촌면,2020,"10,800.00","10,800.00","10,800.00",100.0,0.000,0.00,0.00,0.00,0.00,0.00,0.00,0.00,0.000,"10,800.00","10,800.00","10,800.00",0.00,"10,800.00",0.000,0.00,0.00,0.00,0.00,0.00,0.00,0.00,0,0,0,0,0,0,0,0,0.0
경상남도,진주시,금곡면,2020,"7,400.00","7,400.00","7,400.00",100.0,0.000,0.00,0.00,0.00,0.00,0.00,0.00,0.00,0.000,"7,400.00","7,400.00","7,400.00",0.00,"7,400.00",0.000,0.00,0.00,0.00,0.00,0.00,0.00,0.00,0,0,0,0,0,0,0,0,0.0
경상남도,진주시,진성면,2020,"35,200.00","35,200.00","35,200.00",100.0,0.000,0.00,0.00,0.00,0.00,0.00,0.00,0.00,1.200,"35,200.00","35,200.00","35,200.00",0.00,"35,200.00",0.000,0.00,0.00,0.00,0.00,0.00,0.00,0.00,0,0,0,"1,005",0,0,0,"35,200",100.0
경상남도,진주시,일반성면,2020,"23,863.00","32,753.00","27,007.00",82.5,1.300,"8,650.00","17,450.00","17,450.00","2,945.00","13,584.00",159.00,762.00,1.100,"8,800.00","8,890.00","8,890.00",0.00,"8,890.00",1.100,"6,413.00","6,413.00",667.00,90.00,577.00,0.00,0.00,518,0,0,0,0,22,2,"13,556",50.2
경상남도,진주시,이반성면,2020,0.00,0.00,0.00,0.0,0.000,0.00,0.00,0.00,0.00,0.00,0.00,0.00,0.000,0.00,0.00,0.00,0.00,0.00,0.000,0.00,0.00,0.00,0.00,0.00,0.00,0.00,0,0,0,0,0,0,0,0,0.0
경상남도,진주시,사봉면,2020,0.00,0.00,0.00,0.0,0.000,0.00,0.00,0.00,0.00,0.00,0.00,0.00,0.000,0.00,0.00,0.00,0.00,0.00,0.000,0.00,0.00,0.00,0.00,0.00,0.00,0.00,0,0,0,266,0,0,0,0,0.0
경상남도,진주시,지수면,2020,"35,463.00","35,783.00","35,783.00",100.0,0.000,0.00,0.00,0.00,0.00,0.00,0.00,0.00,2.100,"22,145.00","22,145.00","22,145.00",0.00,"22,145.00",2.100,"13,318.00","13,638.00","13,638.00",320.00,"13,318.00",0.00,0.00,0,"1,705","1,680","2,552","2,552",0,0,"27,483",76.8
경상남도,진주시,대곡면,2020,"25,334.00","25,334.00","25,334.00",100.0,0.000,0.00,0.00,0.00,0.00,0.00,0.00,0.00,1.600,"15,222.00","15,222.00","15,222.00",0.00,"15,222.00",1.600,"10,112.00","10,112.00","10,112.00","3,580.00","6,532.00",0.00,0.00,0,383,316,795,795,0,13,"11,809",46.6
경상남도,진주시,금산면,2020,"2,000.00","2,000.00","2,000.00",100.0,0.000,0.00,0.00,0.00,0.00,0.00,0.00,0.00,0.000,"2,000.00","2,000.00","2,000.00",0.00,"2,000.00",0.000,0.00,0.00,0.00,0.00,0.00,0.00,0.00,0,0,0,0,0,0,0,0,0.0
경상남도,진주시,집현면,2020,"4,600.00","4,600.00","4,600.00",100.0,0.000,0.00,0.00,0.00,0.00,0.00,0.00,0.00,0.000,"4,600.00","4,600.00","4,600.00",0.00,"4,600.00",0.000,0.00,0.00,0.00,0.00,0.00,0.00,0.00,0,0,0,0,0,0,0,0,0.0
경상남도,진주시,미천면,2020,"5,400.00","5,400.00","5,400.00",100.0,0.000,0.00,0.00,0.00,0.00,0.00,0.00,0.00,0.000,"5,400.00","5,400.00","5,400.00",0.00,"5,400.00",0.000,0.00,0.00,0.00,0.00,0.00,0.00,0.00,0,0,0,0,0,0,0,0,0.0
경상남도,진주시,명석면,2020,"13,600.00","13,600.00","13,600.00",100.0,0.000,0.00,0.00,0.00,0.00,0.00,0.00,0.00,0.500,"13,600.00","13,600.00","13,600.00",0.00,"13,600.00",0.500,0.00,0.00,0.00,0.00,0.00,0.00,0.00,0,0,0,0,0,0,0,0,0.0
경상남도,진주시,대평면,2020,"13,700.00","13,700.00","13,700.00",100.0,0.000,0.00,0.00,0.00,0.00,0.00,0.00,0.00,0.000,"13,700.00","13,700.00","13,700.00",0.00,"13,700.00",0.000,0.00,0.00,0.00,0.00,0.00,0.00,0.00,0,0,0,0,0,0,0,0,0.0
경상남도,진주시,수곡면,2020,"13,100.00","13,100.00","13,100.00",100.0,0.000,0.00,0.00,0.00,0.00,0.00,0.00,0.00,0.000,"13,100.00","13,100.00","13,100.00",0.00,"13,100.00",0.000,0.00,0.00,0.00,0.00,0.00,0.00,0.00,0,0,0,0,0,0,0,0,0.0
경상남도,진주시,천전동,2020,"1,116,965.00","1,235,629.00","1,235,629.00",100.0,14.200,"339,176.00","376,306.50","376,306.50","39,592.00","131,852.50","1,739.00","203,123.00",29.600,"509,880.00","550,645.50","550,645.50","11,131.00","539,514.50",29.600,"267,909.00","308,677.00","308,677.00","21,024.00","128,821.00","26,840.00","131,992.00",0,"27,591","26,551","65,195","72,518",54,124,"886,506",71.7
경상남도,진주시,성북동,2020,0.00,0.00,0.00,0.0,0.000,0.00,0.00,0.00,0.00,0.00,0.00,0.00,0.000,0.00,0.00,0.00,0.00,0.00,0.000,0.00,0.00,0.00,0.00,0.00,0.00,0.00,0,0,0,0,0,0,0,0,0.0
경상남도,진주시,중앙동,2020,0.00,0.00,0.00,0.0,0.000,0.00,0.00,0.00,0.00,0.00,0.00,0.00,0.000,0.00,0.00,0.00,0.00,0.00,0.000,0.00,0.00,0.00,0.00,0.00,0.00,0.00,0,0,0,0,0,0,0,0,0.0
경상남도,진주시,상봉동,2020,0.00,0.00,0.00,0.0,0.000,0.00,0.00,0.00,0.00,0.00,0.00,0.00,0.000,0.00,0.00,0.00,0.00,0.00,0.000,0.00,0.00,0.00,0.00,0.00,0.00,0.00,0,0,0,0,0,0,0,0,0.0
경상남도,진주시,상대동,2020,0.00,0.00,0.00,0.0,0.000,0.00,0.00,0.00,0.00,0.00,0.00,0.00,0.000,0.00,0.00,0.00,0.00,0.00,0.000,0.00,0.00,0.00,0.00,0.00,0.00,0.00,0,0,0,0,0,0,0,0,0.0
경상남도,진주시,하대동,2020,0.00,0.00,0.00,0.0,0.000,0.00,0.00,0.00,0.00,0.00,0.00,0.00,0.000,0.00,0.00,0.00,0.00,0.00,0.000,0.00,0.00,0.00,0.00,0.00,0.00,0.00,0,0,0,0,0,0,0,0,0.0
경상남도,진주시,상평동,2020,0.00,0.00,0.00,0.0,0.000,0.00,0.00,0.00,0.00,0.00,0.00,0.00,0.000,0.00,0.00,0.00,0.00,0.00,0.000,0.00,0.00,0.00,0.00,0.00,0.00,0.00,0,0,0,0,0,0,0,0,0.0
경상남도,진주시,초장동,2020,0.00,0.00,0.00,0.0,0.000,0.00,0.00,0.00,0.00,0.00,0.00,0.00,0.000,0.00,0.00,0.00,0.00,0.00,0.000,0.00,0.00,0.00,0.00,0.00,0.00,0.00,0,0,0,0,0,0,0,0,0.0
경상남도,진주시,평거동,2020,0.00,0.00,0.00,0.0,0.000,0.00,0.00,0.00,0.00,0.00,0.00,0.00,0.000,0.00,0.00,0.00,0.00,0.00,0.000,0.00,0.00,0.00,0.00,0.00,0.00,0.00,0,0,0,0,0,0,0,0,0.0
경상남도,진주시,신안동,2020,0.00,0.00,0.00,0.0,0.000,0.00,0.00,0.00,0.00,0.00,0.00,0.00,0.000,0.00,0.00,0.00,0.00,0.00,0.000,0.00,0.00,0.00,0.00,0.00,0.00,0.00,0,0,0,0,0,0,0,0,0.0
경상남도,진주시,이현동,2020,0.00,0.00,0.00,0.0,0.000,0.00,0.00,0.00,0.00,0.00,0.00,0.00,0.000,0.00,0.00,0.00,0.00,0.00,0.000,0.00,0.00,0.00,0.00,0.00,0.00,0.00,0,0,0,0,0,0,0,0,0.0
경상남도,진주시,판문동,2020,0.00,0.00,0.00,0.0,0.000,0.00,0.00,0.00,0.00,0.00,0.00,0.00,0.000,0.00,0.00,0.00,0.00,0.00,0.000,0.00,0.00,0.00,0.00,0.00,0.00,0.00,0,0,0,0,0,0,0,0,0.0
경상남도,진주시,가호동,2020,0.00,0.00,0.00,0.0,0.000,0.00,0.00,0.00,0.00,0.00,0.00,0.00,0.000,0.00,0.00,0.00,0.00,0.00,0.000,0.00,0.00,0.00,0.00,0.00,0.00,0.00,0,0,0,0,0,0,0,0,0.0
경상남도,진주시,충무공동,2020,0.00,0.00,0.00,0.0,0.000,0.00,0.00,0.00,0.00,0.00,0.00,0.00,0.000,0.00,0.00,0.00,0.00,0.00,0.000,0.00,0.00,0.00,0.00,0.00,0.00,0.00,0,0,0,0,0,0,0,0,0.0
경상남도,통영시,소계,,"557,726.00","718,028.80","532,601.80",74.2,18.000,"285,343.00","285,343.00","212,453.00","43,191.00","59,231.00","9,440.00","100,591.00",15.000,"148,773.00","266,408.80","241,917.80",492.00,"241,425.80",13.000,"123,610.00","166,277.00","78,231.00","7,799.00","56,929.00","4,071.00","9,432.00",0,"6,145",0,"17,251",0,49,0,"79,637",15.0
경상남도,통영시,산양읍,2030,"23,163.00","40,757.00","27,552.00",67.6,3.000,"13,205.00","13,205.00",0.00,0.00,0.00,0.00,0.00,1.000,"9,958.00","27,552.00","27,552.00",0.00,"27,552.00",1.000,0.00,0.00,0.00,0.00,0.00,0.00,0.00,0,0,0,657,0,0,0,"12,574",45.6
경상남도,통영시,용남면,2030,"35,777.00","44,595.80","9,722.80",21.8,3.000,"34,873.00","34,873.00",0.00,0.00,0.00,0.00,0.00,2.000,904.00,"4,313.80","4,313.80",0.00,"4,313.80",2.000,0.00,"5,409.00","5,409.00","5,409.00",0.00,0.00,0.00,0,0,0,314,0,0,0,"7,314",75.2
경상남도,통영시,도산면,2030,"7,898.00","17,336.00","17,336.00",100.0,0.000,0.00,0.00,0.00,0.00,0.00,0.00,0.00,0.000,"7,898.00","17,336.00","17,336.00",0.00,"17,336.00",0.000,0.00,0.00,0.00,0.00,0.00,0.00,0.00,0,0,0,530,0,0,0,0,0.0
경상남도,통영시,광도면,2030,"76,933.00","76,933.00","3,142.00",4.1,6.000,"10,563.00","10,563.00",0.00,0.00,0.00,0.00,0.00,2.000,"27,633.00","27,633.00","3,142.00",0.00,"3,142.00",2.000,"38,737.00","38,737.00",0.00,0.00,0.00,0.00,0.00,0,0,0,217,0,0,0,0,0.0
경상남도,통영시,욕지면,2030,"13,777.00","65,478.00","57,068.00",87.2,3.000,"8,410.00","8,410.00",0.00,0.00,0.00,0.00,0.00,1.000,"5,367.00","19,810.00","19,810.00",0.00,"19,810.00",1.000,0.00,"37,258.00","37,258.00",0.00,"25,180.00","4,071.00","8,007.00",0,647,0,"1,065",0,0,0,"48,599",85.2
경상남도,통영시,한산면,2030,"3,490.00","12,658.00","12,658.00",100.0,0.000,0.00,0.00,0.00,0.00,0.00,0.00,0.00,0.000,"3,490.00","12,658.00","12,658.00",0.00,"12,658.00",0.000,0.00,0.00,0.00,0.00,0.00,0.00,0.00,0,0,0,41,0,0,0,"11,150",88.1
경상남도,통영시,사량면,2030,"1,268.00","23,081.00","23,081.00",100.0,0.000,0.00,0.00,0.00,0.00,0.00,0.00,0.00,0.000,"1,268.00","23,081.00","23,081.00",0.00,"23,081.00",0.000,0.00,0.00,0.00,0.00,0.00,0.00,0.00,0,0,0,292,0,0,0,0,0.0
경상남도,통영시,도천동,2030,"395,420.00","437,190.00","382,042.00",87.4,3.000,"218,292.00","218,292.00","212,453.00","43,191.00","59,231.00","9,440.00","100,591.00",9.000,"92,255.00","134,025.00","134,025.00",492.00,"133,533.00",7.000,"84,873.00","84,873.00","35,564.00","2,390.00","31,749.00",0.00,"1,425.00",0,"5,498",0,"14,135",0,49,0,0,0.0
경상남도,통영시,명정동,2030,0.00,0.00,0.00,0.0,0.000,0.00,0.00,0.00,0.00,0.00,0.00,0.00,0.000,0.00,0.00,0.00,0.00,0.00,0.000,0.00,0.00,0.00,0.00,0.00,0.00,0.00,0,0,0,0,0,0,0,0,0.0
경상남도,통영시,중앙동,2030,0.00,0.00,0.00,0.0,0.000,0.00,0.00,0.00,0.00,0.00,0.00,0.00,0.000,0.00,0.00,0.00,0.00,0.00,0.000,0.00,0.00,0.00,0.00,0.00,0.00,0.00,0,0,0,0,0,0,0,0,0.0
경상남도,통영시,정량동,2030,0.00,0.00,0.00,0.0,0.000,0.00,0.00,0.00,0.00,0.00,0.00,0.00,0.000,0.00,0.00,0.00,0.00,0.00,0.000,0.00,0.00,0.00,0.00,0.00,0.00,0.00,0,0,0,0,0,0,0,0,0.0
경상남도,통영시,북신동,2030,0.00,0.00,0.00,0.0,0.000,0.00,0.00,0.00,0.00,0.00,0.00,0.00,0.000,0.00,0.00,0.00,0.00,0.00,0.000,0.00,0.00,0.00,0.00,0.00,0.00,0.00,0,0,0,0,0,0,0,0,0.0
경상남도,통영시,미수동,2030,0.00,0.00,0.00,0.0,0.000,0.00,0.00,0.00,0.00,0.00,0.00,0.00,0.000,0.00,0.00,0.00,0.00,0.00,0.000,0.00,0.00,0.00,0.00,0.00,0.00,0.00,0,0,0,0,0,0,0,0,0.0
경상남도,통영시,봉평동,2030,0.00,0.00,0.00,0.0,0.000,0.00,0.00,0.00,0.00,0.00,0.00,0.00,0.000,0.00,0.00,0.00,0.00,0.00,0.000,0.00,0.00,0.00,0.00,0.00,0.00,0.00,0,0,0,0,0,0,0,0,0.0
경상남도,통영시,무전동,2030,0.00,0.00,0.00,0.0,0.000,0.00,0.00,0.00,0.00,0.00,0.00,0.00,0.000,0.00,0.00,0.00,0.00,0.00,0.000,0.00,0.00,0.00,0.00,0.00,0.00,0.00,0,0,0,0,0,0,0,0,0.0
경상남도,사천시,소계,,"725,637.00","725,680.00","611,950.00",84.3,9.700,"200,937.00","200,937.00","143,449.00","16,563.00","37,398.00","2,756.00","86,732.00",391.800,"411,449.00","411,449.00","379,779.00","34,329.00","345,450.00",25.600,"113,251.00","113,294.00","88,722.00","47,452.00","41,270.00",0.00,0.00,"9,781","11,702","10,057","44,186","60,552",40,44,"425,784",69.6
경상남도,사천시,사천읍,2035,"88,614.00","88,614.00","75,373.00",85.1,0.800,"23,295.00","23,295.00","18,043.00","2,297.00","6,431.00",883.00,"8,432.00",28.900,"33,449.00","33,449.00","30,823.00","14,312.00","16,511.00",2.800,"31,870.00","31,870.00","26,507.00","24,089.00","2,418.00",0.00,0.00,487,"1,142",961,"7,964","8,432",6,2,"42,012",55.7
경상남도,사천시,정동면,2025,"46,561.00","46,561.00","36,873.00",79.2,0.400,"15,212.00","15,212.00","11,184.00","1,493.00","3,123.00",523.00,"6,045.00",36.200,"23,215.00","23,215.00","21,242.00","2,296.00","18,946.00",1.600,"8,134.00","8,134.00","4,447.00","2,631.00","1,816.00",0.00,0.00,289,972,891,"4,183","5,312",0,16,"25,321",68.7
경상남도,사천시,사남면,2025,"62,538.00","62,538.00","53,039.00",84.8,0.600,"18,642.00","18,642.00","14,614.00","1,748.00","4,369.00",675.00,"7,822.00",41.900,"30,124.00","30,124.00","28,621.00","3,821.00","24,800.00",2.100,"13,772.00","13,772.00","9,804.00","3,142.00","6,662.00",0.00,0.00,373,892,782,"5,201","6,812",0,1,"32,532",61.3
경상남도,사천시,용현면,2035,"127,962.00","127,962.00","115,269.00",90.1,2.000,"18,220.00","18,220.00","12,968.00","4,420.00","8,432.00",69.00,47.00,25.800,"98,721.00","98,721.00","91,721.00","3,851.00","87,870.00",5.000,"11,021.00","11,021.00","10,580.00","1,982.00","8,598.00",0.00,0.00,560,"1,102",843,"3,428","4,682",0,1,"19,231",16.7
경상남도,사천시,축동면,2025,"14,428.00","14,428.00","10,241.00",71.0,0.000,"3,078.00","3,078.00","1,432.00",145.00,243.00,83.00,961.00,23.300,"3,682.00","3,682.00","1,251.00",28.00,"1,223.00",0.200,"7,668.00","7,668.00","7,558.00","2,985.00","4,573.00",0.00,0.00,46,661,568,712,"1,240",0,2,"4,201",41.0
경상남도,사천시,곤양면,2025,"5,947.00","5,947.00","5,947.00",100.0,0.500,0.00,0.00,0.00,0.00,0.00,0.00,0.00,60.700,"4,125.00","4,125.00","4,125.00",573.00,"3,552.00",2.200,"1,822.00","1,822.00","1,822.00",0.00,"1,822.00",0.00,0.00,137,538,451,"1,459","2,413",0,16,"7,532",126.7
경상남도,사천시,곤명면,2025,"12,794.00","12,794.00","9,107.00",71.2,0.400,0.00,0.00,0.00,0.00,0.00,0.00,0.00,69.900,"6,213.00","6,213.00","3,621.00",421.00,"3,200.00",1.700,"6,581.00","6,581.00","5,486.00",0.00,"5,486.00",0.00,0.00,109,504,438,"1,153","2,630",0,6,"5,923",65.0
경상남도,사천시,서포면,2025,"7,486.00","7,529.00","6,615.00",87.9,1.000,0.00,0.00,0.00,0.00,0.00,0.00,0.00,49.700,"7,129.00","7,129.00","6,215.00","1,021.00","5,194.00",4.000,357.00,400.00,400.00,0.00,400.00,0.00,0.00,165,421,401,"1,308","2,049",0,0,"7,852",118.7
경상남도,사천시,동서동,2035,"51,324.00","51,324.00","42,968.00",83.7,0.600,"16,752.00","16,752.00","11,234.00",830.00,"1,341.00",101.00,"8,962.00",9.100,"28,512.00","28,512.00","26,431.00",442.00,"25,989.00",0.900,"6,060.00","6,060.00","5,303.00","2,892.00","2,411.00",0.00,0.00,"1,066",951,891,"3,032","4,952",1,0,"38,542",89.7
경상남도,사천시,선구동,2035,"45,826.00","45,826.00","36,038.00",78.6,0.400,"15,430.00","15,430.00","10,217.00","1,068.00","1,943.00",71.00,"7,135.00",3.000,"27,213.00","27,213.00","24,821.00","1,721.00","23,100.00",0.800,"3,183.00","3,183.00","1,000.00",582.00,418.00,0.00,0.00,"1,013",981,824,"2,258","3,204",14,0,"36,521",101.3
경상남도,사천시,동서금동,2035,"40,911.00","40,911.00","30,326.00",74.1,0.400,"12,789.00","12,789.00","6,943.00",140.00,312.00,60.00,"6,431.00",0.500,"24,321.00","24,321.00","22,031.00","2,816.00","19,215.00",0.700,"3,801.00","3,801.00","1,352.00",615.00,737.00,0.00,0.00,954,901,759,"2,196","2,563",0,0,"39,521",130.3
경상남도,사천시,벌룡동,2035,"122,825.00","122,825.00","110,332.00",89.8,1.200,"39,940.00","39,940.00","30,117.00","2,087.00","6,412.00",187.00,"21,431.00",8.500,"72,812.00","72,812.00","70,721.00",723.00,"69,998.00",1.500,"10,073.00","10,073.00","9,494.00","6,752.00","2,742.00",0.00,0.00,"2,845",796,634,"6,272","8,542",1,0,"98,521",89.3
경상남도,사천시,향촌동,2035,"57,740.00","57,740.00","47,430.00",82.1,0.600,"22,010.00","22,010.00","15,164.00","1,028.00","1,643.00",62.00,"12,431.00",11.800,"30,912.00","30,912.00","28,013.00","1,021.00","26,992.00",0.900,"4,818.00","4,818.00","4,253.00","1,421.00","2,832.00",0.00,0.00,"1,082",862,728,"2,785","4,201",2,0,"31,254",65.9
경상남도,사천시,남양동,2035,"40,681.00","40,681.00","32,392.00",79.6,0.800,"15,569.00","15,569.00","11,533.00","1,307.00","3,149.00",42.00,"7,035.00",22.500,"21,021.00","21,021.00","20,143.00","1,283.00","18,860.00",1.200,"4,091.00","4,091.00",716.00,361.00,355.00,0.00,0.00,655,979,886,"2,235","3,520",16,0,"36,821",113.7
경상남도,김해시,소계,,"2,362,909.00","2,528,740.00","1,605,972.00",63.5,0.000,0.00,"49,138.00","49,138.00","5,619.00","13,888.00","7,125.00","22,506.00",87.179,"1,359,799.00","1,360,789.00","889,827.00",0.00,"889,827.00",211.940,"1,003,110.00","1,118,813.00","667,007.00","89,787.00","473,713.00","20,493.00","83,014.00",913,"17,151","12,147","57,553","81,818",455,2,"1,600,087",99.6
경상남도,김해시,진영읍,2030,"232,947.00","232,947.00","144,853.00",62.2,0.000,0.00,0.00,0.00,0.00,0.00,0.00,0.00,8.465,"131,584.00","131,584.00","89,677.00",0.00,"89,677.00",19.213,"101,363.00","101,363.00","55,176.00","2,573.00","51,518.00",201.00,884.00,0,"1,296",789,"3,237","4,524",48,0,"179,916",124.2
경상남도,김해시,주촌면,2030,"154,271.00","154,271.00","67,975.00",44.1,0.000,0.00,0.00,0.00,0.00,0.00,0.00,0.00,6.157,"65,088.00","65,088.00","50,349.00",0.00,"50,349.00",15.648,"89,183.00","89,183.00","17,626.00",876.00,"16,471.00",37.00,242.00,0,"1,061",293,"2,272","2,471",26,0,"87,820",129.2
경상남도,김해시,진례면,2030,"253,730.00","253,730.00","111,198.00",43.8,0.000,0.00,0.00,0.00,0.00,0.00,0.00,0.00,14.690,"138,174.00","138,174.00","87,349.00",0.00,"87,349.00",25.302,"115,556.00","115,556.00","23,849.00",0.00,"16,861.00","6,988.00",0.00,0,"1,691",469,"2,999","3,607",0,0,"108,570",97.6
경상남도,김해시,한림면,2030,"227,036.00","227,036.00","61,071.00",26.9,0.000,0.00,0.00,0.00,0.00,0.00,0.00,0.00,6.511,"161,065.00","161,065.00","52,571.00",0.00,"52,571.00",21.123,"65,971.00","65,971.00","8,500.00",46.00,"8,366.00",82.00,6.00,0,"1,142",186,"2,618","3,138",6,0,"97,859",160.2
경상남도,김해시,생림면,2030,"85,195.00","85,195.00","19,725.00",23.2,0.000,0.00,0.00,0.00,0.00,0.00,0.00,0.00,4.330,"57,303.00","57,303.00","15,940.00",0.00,"15,940.00",15.538,"27,892.00","27,892.00","3,785.00",0.00,"3,738.00",40.00,7.00,0,123,19,978,"1,101",13,0,"25,326",128.4
경상남도,김해시,상동면,2030,"146,986.00","147,976.00","87,679.00",59.3,0.000,0.00,0.00,0.00,0.00,0.00,0.00,0.00,5.862,"82,832.00","83,822.00","83,822.00",0.00,"83,822.00",24.602,"64,154.00","64,154.00","3,857.00",97.00,"2,762.00",619.00,379.00,0,"1,814",85,"1,673","2,000",43,0,"57,239",65.3
경상남도,김해시,대동면,2030,"80,375.00","80,375.00","47,619.00",59.2,0.000,0.00,0.00,0.00,0.00,0.00,0.00,0.00,2.363,"41,644.00","41,644.00","39,466.00",0.00,"39,466.00",12.425,"38,731.00","38,731.00","8,153.00",0.00,"5,777.00",686.00,"1,690.00",0,"1,304",270,"1,985","2,383",43,0,"46,512",97.7
경상남도,김해시,동상동,2030,"37,650.00","45,165.00","42,089.00",93.2,0.000,0.00,"2,544.00","2,544.00",291.00,719.00,369.00,"1,165.00",0.600,"22,775.00","22,775.00","19,699.00",0.00,"19,699.00",1.200,"14,875.00","19,846.00","19,846.00","3,504.00","12,433.00",509.00,"3,400.00",40,353,356,"1,708","2,562",12,0,"32,288",76.7
경상남도,김해시,회현동,2030,"26,880.00","32,318.00","30,071.00",93.0,0.000,0.00,"1,857.00","1,857.00",212.00,525.00,269.00,851.00,0.400,"16,634.00","16,634.00","14,387.00",0.00,"14,387.00",0.700,"10,246.00","13,827.00","13,827.00","2,505.00","8,629.00",351.00,"2,342.00",27,258,250,"1,228","1,845",9,0,"34,523",114.8
경상남도,김해시,부원동,2030,"32,832.00","39,232.00","36,456.00",92.9,0.000,0.00,"2,297.00","2,297.00",263.00,649.00,333.00,"1,052.00",0.700,"20,556.00","20,556.00","17,780.00",0.00,"17,780.00",1.300,"12,276.00","16,379.00","16,379.00","2,892.00","10,261.00",420.00,"2,806.00",33,319,294,"1,487","2,231",11,0,"39,487",108.3
경상남도,김해시,내외동,2030,"145,561.00","177,496.00","167,336.00",94.3,0.000,0.00,"8,402.00","8,402.00",961.00,"2,375.00","1,218.00","3,848.00",1.800,"75,223.00","75,223.00","65,063.00",0.00,"65,063.00",3.600,"70,338.00","93,871.00","93,871.00","16,571.00","58,817.00","2,406.00","16,077.00",189,"1,166","1,683","6,647","9,972",39,0,"126,962",75.9
경상남도,김해시,북부동,2030,"159,165.00","196,011.00","185,989.00",94.9,0.000,0.00,"8,289.00","8,289.00",948.00,"2,343.00","1,202.00","3,796.00",4.800,"74,212.00","74,212.00","64,190.00",0.00,"64,190.00",9.700,"84,953.00","113,510.00","113,510.00","20,013.00","71,173.00","2,906.00","19,418.00",228,"1,151","2,039","7,294","10,944",38,0,"145,454",78.2
경상남도,김해시,칠산서부동,2030,"126,424.00","152,870.00","143,295.00",93.7,0.000,0.00,"8,047.00","8,047.00",920.00,"2,274.00","1,167.00","3,686.00",6.930,"72,053.00","72,053.00","62,478.00",0.00,"62,478.00",13.725,"54,371.00","72,770.00","72,770.00","12,809.00","45,673.00","1,860.00","12,428.00",146,"1,122","1,306","5,755","8,628",37,0,"117,850",82.2
경상남도,김해시,활천동,2030,"114,283.00","137,266.00","127,353.00",92.8,0.000,0.00,"8,198.00","8,198.00",937.00,"2,317.00","1,189.00","3,755.00",2.000,"73,397.00","73,397.00","63,484.00",0.00,"63,484.00",4.100,"40,886.00","55,671.00","55,671.00","10,667.00","34,260.00","1,399.00","9,345.00",110,"1,138",978,"5,171","7,757",38,0,"112,045",88.0
경상남도,김해시,삼안동,2030,"102,259.00","122,821.00","114,347.00",93.1,0.000,0.00,"7,006.00","7,006.00",801.00,"1,980.00","1,016.00","3,209.00",3.900,"62,740.00","62,740.00","54,266.00",0.00,"54,266.00",7.900,"39,519.00","53,075.00","53,075.00","9,310.00","33,323.00","1,409.00","9,033.00",106,973,959,"4,641","6,962",33,0,"96,789",84.6
경상남도,김해시,불암동,2030,"34,998.00","41,714.00","38,693.00",92.8,0.000,0.00,"2,498.00","2,498.00",286.00,706.00,362.00,"1,144.00",0.900,"22,374.00","22,374.00","19,353.00",0.00,"19,353.00",1.800,"12,624.00","16,842.00","16,842.00","2,974.00","10,551.00",432.00,"2,885.00",34,347,302,"1,586","2,376",12,0,"39,005",100.8
경상남도,김해시,장유1동,2030,"112,039.00","112,039.00","63,427.00",56.6,0.000,0.00,0.00,0.00,0.00,0.00,0.00,0.00,4.324,"67,433.00","67,433.00","36,544.00",0.00,"36,544.00",8.588,"44,606.00","44,606.00","26,883.00","1,407.00","24,858.00",41.00,577.00,0,756,553,"2,217","3,249",20,2,"88,203",139.1
경상남도,김해시,장유2동,2030,"128,878.00","128,878.00","51,892.00",40.3,0.000,0.00,0.00,0.00,0.00,0.00,0.00,0.00,5.924,"77,569.00","77,569.00","23,979.00",0.00,"23,979.00",12.088,"51,309.00","51,309.00","27,913.00","1,573.00","25,629.00",47.00,664.00,0,494,573,"1,868","2,802",13,0,"72,891",140.5
경상남도,김해시,장유3동,2030,"161,400.00","161,400.00","64,904.00",40.2,0.000,0.00,0.00,0.00,0.00,0.00,0.00,0.00,6.523,"97,143.00","97,143.00","29,430.00",0.00,"29,430.00",13.388,"64,257.00","64,257.00","35,474.00","1,970.00","32,613.00",60.00,831.00,0,643,743,"2,189","3,266",14,0,"91,348",140.7
경상남도,밀양시,소계,,"868,831.00","989,852.00","766,533.00",77.4,7.118,"206,863.00","209,517.00","208,231.00","25,340.00","79,721.00","33,130.00","70,040.00",8.635,"363,413.00","466,392.00","438,054.00",0.00,"438,054.00",5.500,"298,555.00","313,943.00","120,248.00","3,983.00","116,046.00",0.00,219.00,"1,216","11,484","5,609","42,861","9,594",2,714,"611,084",79.7
경상남도,밀양시,삼랑진읍,2035,"99,444.00","119,972.00","84,776.00",70.7,1.490,"23,601.00","23,601.00","23,601.00","1,540.00","7,331.00","4,730.00","10,000.00",2.600,"38,917.00","59,445.00","59,445.00",0.00,"59,445.00",0.400,"36,926.00","36,926.00","1,730.00",0.00,"1,730.00",0.00,0.00,952,618,669,"3,036",914,0,42,"40,992",48.4
경상남도,밀양시,하남읍,2035,"96,985.00","102,032.00","89,425.00",87.6,0.300,"30,980.00","30,980.00","30,980.00","2,720.00","7,230.00","7,760.00","13,270.00",0.600,"39,300.00","44,347.00","44,347.00",0.00,"44,347.00",0.500,"26,705.00","26,705.00","14,098.00",0.00,"14,098.00",0.00,0.00,264,131,816,"3,098",976,0,48,"83,703",93.6
경상남도,밀양시,부북면,2035,"15,189.00","25,763.00","19,850.00",77.0,0.383,0.00,0.00,0.00,0.00,0.00,0.00,0.00,0.300,"7,891.00","18,465.00","18,465.00",0.00,"18,465.00",0.200,"7,298.00","7,298.00","1,385.00",0.00,"1,385.00",0.00,0.00,0,927,370,"2,270",739,0,20,"16,571",83.5
경상남도,밀양시,상동면,2035,"54,765.00","54,765.00","32,202.00",58.8,0.100,0.00,0.00,0.00,0.00,0.00,0.00,0.00,0.321,"32,791.00","32,791.00","19,923.00",0.00,"19,923.00",0.500,"21,974.00","21,974.00","12,279.00",0.00,"12,279.00",0.00,0.00,0,"1,704",15,"5,332",50,0,24,"27,202",84.5
경상남도,밀양시,산외면,2035,"49,529.00","49,529.00","38,122.00",77.0,0.262,0.00,0.00,0.00,0.00,0.00,0.00,0.00,0.500,"29,784.00","29,784.00","27,706.00",0.00,"27,706.00",0.000,"19,745.00","19,745.00","10,416.00",0.00,"10,416.00",0.00,0.00,0,991,7,"3,880",17,0,69,"38,122",100.0
경상남도,밀양시,산내면,2035,"26,326.00","26,326.00","18,047.00",68.6,0.000,0.00,0.00,0.00,0.00,0.00,0.00,0.00,0.347,"15,972.00","15,972.00","13,036.00",0.00,"13,036.00",0.400,"10,354.00","10,354.00","5,011.00",0.00,"5,011.00",0.00,0.00,0,889,34,"3,866",75,0,18,"18,047",100.0
경상남도,밀양시,단장면,2035,"28,718.00","44,181.00","37,465.00",84.8,0.748,0.00,0.00,0.00,0.00,0.00,0.00,0.00,0.000,"16,070.00","31,533.00","31,533.00",0.00,"31,533.00",0.400,"12,648.00","12,648.00","5,932.00",0.00,"5,932.00",0.00,0.00,0,"1,235",16,"3,477",8,0,25,"29,865",79.7
경상남도,밀양시,상남면,2035,"15,731.00","52,720.00","52,720.00",100.0,0.319,0.00,0.00,0.00,0.00,0.00,0.00,0.00,0.100,"8,816.00","30,417.00","30,417.00",0.00,"30,417.00",0.300,"6,915.00","22,303.00","22,303.00",0.00,"22,303.00",0.00,0.00,0,802,538,"2,413",889,0,13,"10,231",19.4
경상남도,밀양시,초동면,2035,"4,975.00","4,975.00",0.00,0.0,0.000,0.00,0.00,0.00,0.00,0.00,0.00,0.00,0.000,"4,975.00","4,975.00",0.00,0.00,0.00,0.000,0.00,0.00,0.00,0.00,0.00,0.00,0.00,0,0,0,0,0,0,0,0,0.0
경상남도,밀양시,무안면,2035,"41,256.00","54,538.00","44,454.00",81.5,0.400,"14,604.00","14,604.00","14,604.00","1,140.00","2,684.00",520.00,"10,260.00",0.174,"13,596.00","26,878.00","26,878.00",0.00,"26,878.00",0.500,"13,056.00","13,056.00","2,972.00",0.00,"2,972.00",0.00,0.00,0,757,178,"1,619",119,0,6,"19,862",44.7
경상남도,밀양시,청도면,2035,"18,519.00","18,519.00","5,638.00",30.4,0.000,0.00,0.00,0.00,0.00,0.00,0.00,0.00,0.098,"9,284.00","9,284.00","3,803.00",0.00,"3,803.00",0.300,"9,235.00","9,235.00","1,835.00",0.00,"1,835.00",0.00,0.00,0,297,133,"1,223",165,0,19,"5,638",100.0
경상남도,밀양시,내일동,2035,"26,924.00","30,988.00","25,111.00",81.0,0.100,"8,881.00","9,264.00","9,264.00","1,286.00","4,254.00","1,369.00","2,355.00",0.000,"9,419.00","13,100.00","13,100.00",0.00,"13,100.00",0.000,"8,624.00","8,624.00","2,747.00",257.00,"2,476.00",0.00,14.00,0,251,254,815,627,0,170,"20,696",82.4
경상남도,밀양시,내이동,2035,"109,228.00","114,523.00","90,680.00",79.2,1.645,"36,029.00","37,743.00","37,743.00","5,253.00","17,671.00","5,265.00","9,554.00",2.000,"38,211.00","41,792.00","41,792.00",0.00,"41,792.00",1.000,"34,988.00","34,988.00","11,145.00","1,042.00","10,045.00",0.00,58.00,0,806,991,"3,310","2,315",1,73,"83,963",92.6
경상남도,밀양시,삼문동,2035,"171,666.00","177,538.00","139,765.00",78.7,0.470,"56,624.00","56,868.00","56,868.00","8,201.00","25,447.00","8,204.00","15,016.00",1.000,"60,054.00","65,682.00","65,682.00",0.00,"65,682.00",1.000,"54,988.00","54,988.00","17,215.00","1,638.00","15,487.00",0.00,90.00,0,"1,267",553,"5,202","1,324",1,114,"131,960",94.4
경상남도,밀양시,가곡동,2035,"59,620.00","61,576.00","47,276.00",76.8,0.901,"19,666.00","19,666.00","18,380.00","2,813.00","7,478.00","2,874.00","5,215.00",0.000,"20,857.00","22,813.00","22,813.00",0.00,"22,813.00",0.000,"19,097.00","19,097.00","6,083.00",569.00,"5,483.00",0.00,31.00,0,440,357,"1,806",605,0,40,"45,830",96.9
경상남도,밀양시,교동,2035,"49,956.00","51,907.00","41,002.00",79.0,0.000,"16,478.00","16,791.00","16,791.00","2,387.00","7,626.00","2,408.00","4,370.00",0.595,"17,476.00","19,114.00","19,114.00",0.00,"19,114.00",0.000,"16,002.00","16,002.00","5,097.00",477.00,"4,594.00",0.00,26.00,0,369,678,"1,514",771,0,33,"38,402",93.7
경상남도,거제시,소계,,"136,356.00","667,516.77","616,003.14",92.3,9.100,"26,469.00","62,908.15","44,062.37","2,494.69","41,567.68",0.00,0.00,9.800,"56,903.00","397,573.28","397,573.28",150.41,"397,422.87",8.800,"52,984.00","207,035.34","174,367.49","1,657.29","172,710.20",0.00,0.00,"6,292","9,346",0,"8,246","9,979",0,51,"69,998",11.4
경상남도,거제시,일운면,2025,"20,796.00","35,365.55","34,786.52",98.4,5.700,"3,841.00","3,841.00","3,690.33","1,485.96","2,204.37",0.00,0.00,1.100,"9,414.00","23,983.55","23,983.55",0.00,"23,983.55",1.100,"7,541.00","7,541.00","7,112.64",357.67,"6,754.97",0.00,0.00,346,598,0,843,555,0,0,"9,974",28.7
경상남도,거제시,동부면,2025,"26,486.00","27,147.33","14,370.19",52.9,0.500,"4,134.00","4,134.00",0.00,0.00,0.00,0.00,0.00,1.800,"12,411.00","13,072.33","13,072.33",0.00,"13,072.33",1.800,"9,941.00","9,941.00","1,297.86",0.00,"1,297.86",0.00,0.00,30,294,0,282,0,0,0,"10,041",69.9
경상남도,거제시,남부면,2025,"19,595.00","21,702.11","11,648.11",53.7,0.700,"2,641.00","2,641.00",0.00,0.00,0.00,0.00,0.00,1.300,"9,541.00","11,648.11","11,648.11",0.00,"11,648.11",1.300,"7,413.00","7,413.00",0.00,0.00,0.00,0.00,0.00,0,287,0,111,0,0,0,"8,941",76.8
경상남도,거제시,거제면,2025,"20,436.00","39,903.24","34,884.89",87.4,0.500,"3,612.00","3,612.00","2,321.61","1,008.73","1,312.88",0.00,0.00,1.500,"8,412.00","27,879.24","27,879.24",0.00,"27,879.24",1.500,"8,412.00","8,412.00","4,684.04",179.40,"4,504.64",0.00,0.00,279,709,0,649,"1,010",0,0,"8,214",23.5
경상남도,거제시,둔덕면,2025,"17,726.00","21,384.94","10,529.94",49.2,0.600,"4,314.00","4,314.00",0.00,0.00,0.00,0.00,0.00,1.100,"6,871.00","10,529.94","10,529.94",0.00,"10,529.94",1.100,"6,541.00","6,541.00",0.00,0.00,0.00,0.00,0.00,0,189,0,103,0,0,0,"9,941",94.4
경상남도,거제시,사등면,2025,"6,078.00","30,199.64","29,192.30",96.7,0.400,124.00,124.00,0.00,0.00,0.00,0.00,0.00,0.300,"2,413.00","26,534.64","26,534.64",0.00,"26,534.64",0.300,"3,541.00","3,541.00","2,657.66",0.00,"2,657.66",0.00,0.00,62,560,0,"1,095",116,0,2,"2,951",10.1
경상남도,거제시,연초면,2025,"10,398.00","45,114.52","44,578.80",98.8,0.100,"2,147.00","2,147.00","1,611.28",0.00,"1,611.28",0.00,0.00,0.700,"4,127.00","34,412.01","34,412.01",0.00,"34,412.01",0.700,"4,124.00","8,555.51","8,555.51",0.00,"8,555.51",0.00,0.00,"3,364","3,560",0,"2,935","4,862",0,23,"3,971",8.9
경상남도,거제시,하청면,2025,"1,642.00","17,421.30","15,779.30",90.6,0.200,"1,642.00","1,642.00",0.00,0.00,0.00,0.00,0.00,1.000,0.00,"15,319.62","15,319.62",0.00,"15,319.62",0.000,0.00,459.68,459.68,0.00,459.68,0.00,0.00,12,412,0,28,73,0,0,"8,841",56.0
경상남도,거제시,장목면,2025,"13,199.00","24,374.26","15,329.21",62.9,0.400,"4,014.00","4,014.00",0.00,0.00,0.00,0.00,0.00,1.000,"3,714.00","14,889.26","14,889.26",0.00,"14,889.26",1.000,"5,471.00","5,471.00",439.95,45.74,394.21,0.00,0.00,102,230,0,124,41,0,0,"7,124",46.5
경상남도,거제시,장승포동,2025,0.00,"31,404.77","31,404.77",100.0,0.000,0.00,"6,233.38","6,233.38",0.00,"6,233.38",0.00,0.00,0.000,0.00,"18,212.13","18,212.13",0.00,"18,212.13",0.000,0.00,"6,959.26","6,959.26",0.00,"6,959.26",0.00,0.00,"2,097","2,507",0,"2,076","3,322",0,26,0,0.0
경상남도,거제시,능포동,2025,0.00,"23,200.45","23,200.45",100.0,0.000,0.00,"4,033.00","4,033.00",0.00,"4,033.00",0.00,0.00,0.000,0.00,"14,661.89","14,661.89",0.00,"14,661.89",0.000,0.00,"4,505.56","4,505.56",0.00,"4,505.56",0.00,0.00,0,0,0,0,0,0,0,0,0.0
경상남도,거제시,아주동,2025,0.00,"51,552.89","51,552.89",100.0,0.000,0.00,"2,517.60","2,517.60",0.00,"2,517.60",0.00,0.00,0.000,0.00,"31,601.39","31,601.39",0.00,"31,601.39",0.000,0.00,"17,433.90","17,433.90",839.82,"16,594.08",0.00,0.00,0,0,0,0,0,0,0,0,0.0
경상남도,거제시,옥포1동,2025,0.00,"19,498.42","19,498.42",100.0,0.000,0.00,"2,762.30","2,762.30",0.00,"2,762.30",0.00,0.00,0.000,0.00,"10,804.65","10,804.65",0.00,"10,804.65",0.000,0.00,"5,931.47","5,931.47",0.00,"5,931.47",0.00,0.00,0,0,0,0,0,0,0,0,0.0
경상남도,거제시,옥포2동,2025,0.00,"63,928.94","63,928.94",100.0,0.000,0.00,"5,834.66","5,834.66",0.00,"5,834.66",0.00,0.00,0.000,0.00,"28,579.97","28,579.97",0.00,"28,579.97",0.000,0.00,"29,514.31","29,514.31",0.00,"29,514.31",0.00,0.00,0,0,0,0,0,0,0,0,0.0
경상남도,거제시,장평동,2025,0.00,"49,743.56","49,743.56",100.0,0.000,0.00,"3,564.88","3,564.88",0.00,"3,564.88",0.00,0.00,0.000,0.00,"23,198.15","23,198.15",150.41,"23,047.74",0.000,0.00,"22,980.53","22,980.53",0.00,"22,980.53",0.00,0.00,0,0,0,0,0,0,0,0,0.0
경상남도,거제시,고현동,2025,0.00,"90,572.42","90,572.42",100.0,0.000,0.00,"8,066.37","8,066.37",0.00,"8,066.37",0.00,0.00,0.000,0.00,"46,358.21","46,358.21",0.00,"46,358.21",0.000,0.00,"36,147.84","36,147.84",0.00,"36,147.84",0.00,0.00,0,0,0,0,0,0,0,0,0.0
경상남도,거제시,상문동,2025,0.00,"44,378.94","44,378.94",100.0,0.000,0.00,"1,344.95","1,344.95",0.00,"1,344.95",0.00,0.00,0.000,0.00,"26,098.44","26,098.44",0.00,"26,098.44",0.000,0.00,"16,935.55","16,935.55",172.27,"16,763.28",0.00,0.00,0,0,0,0,0,0,0,0,0.0
경상남도,거제시,수양동,2025,0.00,"30,623.49","30,623.49",100.0,0.000,0.00,"2,082.01","2,082.01",0.00,"2,082.01",0.00,0.00,0.000,0.00,"19,789.75","19,789.75",0.00,"19,789.75",0.000,0.00,"8,751.73","8,751.73",62.39,"8,689.34",0.00,0.00,0,0,0,0,0,0,0,0,0.0
경상남도,양산시,소계,,"256,656.00","1,801,992.00","1,744,971.00",96.8,0.000,0.00,"131,496.00","131,496.00","17,239.00","59,356.00","9,097.00","45,804.00",61.280,"74,297.00","1,205,046.00","1,205,046.00",0.00,"1,205,046.00",46.780,"182,359.00","465,450.00","408,429.00","78,105.00","238,641.00","1,732.00","89,951.00",0,"29,318","12,831","57,143","33,199",73,71,"913,019",52.3
경상남도,양산시,물금읍,2020,679.00,"956,343.00","956,343.00",100.0,0.000,0.00,"16,874.00","16,874.00","2,438.00","6,354.00","1,859.00","6,223.00",10.500,679.00,"819,589.00","819,589.00",0.00,"819,589.00",0.000,0.00,"119,880.00","119,880.00","29,448.00","86,073.00",448.00,"3,911.00",0,"5,404","2,192","12,945","8,111",5,10,"154,063",16.1
경상남도,양산시,동면,2020,"45,010.00","76,705.00","76,705.00",100.0,0.000,0.00,"5,637.00","5,637.00",705.00,"2,063.00",681.00,"2,188.00",5.390,"9,289.00","11,263.00","11,263.00",0.00,"11,263.00",5.390,"35,721.00","59,805.00","59,805.00","7,351.00","40,826.00",412.00,"11,216.00",0,"2,312",942,"4,348","3,623",0,2,"76,705",100.0
경상남도,양산시,원동면,2020,"20,900.00","67,318.00","67,318.00",100.0,0.000,0.00,"1,079.00","1,079.00",78.00,650.00,40.00,311.00,4.000,"20,900.00","63,812.00","63,812.00",0.00,"63,812.00",0.000,0.00,"2,427.00","2,427.00",488.00,124.00,0.00,"1,815.00",0,"1,806",289,"2,114",305,0,0,"66,700",99.1
경상남도,양산시,상북면,2020,"80,805.00","156,505.00","133,724.00",85.4,0.000,0.00,"19,093.00","19,093.00","1,723.00","11,250.00",885.00,"5,235.00",7.410,"13,543.00","70,150.00","70,150.00",0.00,"70,150.00",7.410,"67,262.00","67,262.00","44,481.00","2,059.00","24,443.00",111.00,"17,868.00",0,"2,854","1,187","2,795","2,168",26,2,"127,524",95.4
경상남도,양산시,하북면,2020,"14,159.00","84,625.00","84,625.00",100.0,0.000,0.00,"5,682.00","5,682.00",688.00,"2,956.00",322.00,"1,716.00",4.020,"12,523.00","52,544.00","52,544.00",0.00,"52,544.00",4.020,"1,636.00","26,399.00","26,399.00","1,170.00","14,215.00",754.00,"10,260.00",0,"3,221",605,"3,428","1,502",0,6,"84,625",100.0
경상남도,양산시,중앙동,2020,"41,499.00","328,018.00","328,018.00",100.0,0.000,0.00,"70,558.00","70,558.00","10,592.00","25,830.00","5,310.00","28,826.00",13.670,"10,927.00","114,951.00","114,951.00",0.00,"114,951.00",13.670,"30,572.00","142,509.00","142,509.00","36,369.00","68,898.00",0.00,"37,242.00",0,"7,920","1,146","12,514","1,328",13,13,"305,164",93.0
경상남도,양산시,양주동,2020,0.00,0.00,0.00,0.0,0.000,0.00,0.00,0.00,0.00,0.00,0.00,0.00,0.000,0.00,0.00,0.00,0.00,0.00,0.000,0.00,0.00,0.00,0.00,0.00,0.00,0.00,0,0,295,"1,000","1,433",0,0,0,0.0
경상남도,양산시,삼성동,2020,0.00,0.00,0.00,0.0,0.000,0.00,0.00,0.00,0.00,0.00,0.00,0.00,0.000,0.00,0.00,0.00,0.00,0.00,0.000,0.00,0.00,0.00,0.00,0.00,0.00,0.00,0,0,"1,601","1,201","3,682",0,0,0,0.0
경상남도,양산시,강서동,2020,0.00,0.00,0.00,0.0,0.000,0.00,0.00,0.00,0.00,0.00,0.00,0.00,0.000,0.00,0.00,0.00,0.00,0.00,0.000,0.00,0.00,0.00,0.00,0.00,0.00,0.00,0,0,886,2,"2,196",0,0,0,0.0
경상남도,양산시,서창동,2020,"53,604.00","132,478.00","98,238.00",74.2,0.000,0.00,"12,573.00","12,573.00","1,015.00","10,253.00",0.00,"1,305.00",16.290,"6,436.00","72,737.00","72,737.00",0.00,"72,737.00",16.290,"47,168.00","47,168.00","12,928.00","1,220.00","4,062.00",7.00,"7,639.00",0,"5,801","1,630","13,796","3,868",29,38,"98,238",100.0
경상남도,양산시,소주동,2020,0.00,0.00,0.00,0.0,0.000,0.00,0.00,0.00,0.00,0.00,0.00,0.00,0.000,0.00,0.00,0.00,0.00,0.00,0.000,0.00,0.00,0.00,0.00,0.00,0.00,0.00,0,0,805,"1,000","2,033",0,0,0,0.0
경상남도,양산시,평산동,2020,0.00,0.00,0.00,0.0,0.000,0.00,0.00,0.00,0.00,0.00,0.00,0.00,0.000,0.00,0.00,0.00,0.00,0.00,0.000,0.00,0.00,0.00,0.00,0.00,0.00,0.00,0,0,663,"1,000","1,528",0,0,0,0.0
경상남도,양산시,덕계동,2020,0.00,0.00,0.00,0.0,0.000,0.00,0.00,0.00,0.00,0.00,0.00,0.00,0.000,0.00,0.00,0.00,0.00,0.00,0.000,0.00,0.00,0.00,0.00,0.00,0.00,0.00,0,0,590,"1,000","1,422",0,0,0,0.0
경상남도,군부,합계,,"4,391,621.98","4,997,839.30","3,978,883.95",79.6,"1,099.428","336,601.50","343,657.70","303,477.80","66,169.20","105,423.70","18,792.00","113,092.90",184.427,"2,945,897.98","3,280,228.08","2,433,113.73","9,101.00","2,424,012.73","1,384.830","1,109,122.50","1,373,953.52","1,242,292.42","136,731.91","657,245.10","130,511.97","317,803.44","41,705","40,148","7,745","135,066","39,712",56,941,"2,587,679",65.0
경상남도,의령군,소계,,"143,154.00","279,301.00","223,827.00",80.1,1.600,"27,428.00","27,428.00","14,023.00","9,528.00","4,495.00",0.00,0.00,10.440,"57,743.00","187,127.00","187,127.00",0.00,"187,127.00",0.000,"57,983.00","64,746.00","22,677.00",200.00,"18,686.00","3,791.00",0.00,"3,164","3,136",0,"9,272",0,2,0,0,0.0
경상남도,의령군,의령읍,2030,"139,704.00","158,663.00","104,513.00",65.9,1.480,"26,104.00","26,104.00","14,023.00","9,528.00","4,495.00",0.00,0.00,3.220,"56,800.00","75,759.00","75,759.00",0.00,"75,759.00",0.000,"56,800.00","56,800.00","14,731.00",200.00,"10,740.00","3,791.00",0.00,989,741,0,"4,800",0,1,0,0,0.0
경상남도,의령군,가례면,2030,0.00,"9,889.00","9,889.00",100.0,0.000,0.00,0.00,0.00,0.00,0.00,0.00,0.00,0.470,0.00,"9,889.00","9,889.00",0.00,"9,889.00",0.000,0.00,0.00,0.00,0.00,0.00,0.00,0.00,273,656,0,551,0,0,0,0,0.0
경상남도,의령군,칠곡면,2030,0.00,0.00,0.00,0.0,0.000,0.00,0.00,0.00,0.00,0.00,0.00,0.00,0.620,0.00,0.00,0.00,0.00,0.00,0.000,0.00,0.00,0.00,0.00,0.00,0.00,0.00,341,126,0,479,0,0,0,0,0.0
경상남도,의령군,대의면,2030,0.00,"19,373.00","19,373.00",100.0,0.000,0.00,0.00,0.00,0.00,0.00,0.00,0.00,1.350,0.00,"19,373.00","19,373.00",0.00,"19,373.00",0.000,0.00,0.00,0.00,0.00,0.00,0.00,0.00,101,143,0,217,0,0,0,0,0.0
경상남도,의령군,화정면,2030,0.00,"3,131.00","3,131.00",100.0,0.000,0.00,0.00,0.00,0.00,0.00,0.00,0.00,0.240,0.00,"3,131.00","3,131.00",0.00,"3,131.00",0.000,0.00,0.00,0.00,0.00,0.00,0.00,0.00,30,92,0,353,0,0,0,0,0.0
경상남도,의령군,용덕면,2030,0.00,"8,260.00","8,260.00",100.0,0.000,0.00,0.00,0.00,0.00,0.00,0.00,0.00,0.160,0.00,"8,260.00","8,260.00",0.00,"8,260.00",0.000,0.00,0.00,0.00,0.00,0.00,0.00,0.00,24,62,0,298,0,0,0,0,0.0
경상남도,의령군,정곡면,2030,0.00,"10,623.00","10,623.00",100.0,0.000,0.00,0.00,0.00,0.00,0.00,0.00,0.00,0.160,0.00,"10,623.00","10,623.00",0.00,"10,623.00",0.000,0.00,0.00,0.00,0.00,0.00,0.00,0.00,98,63,0,124,0,0,0,0,0.0
경상남도,의령군,지정면,2030,0.00,"5,880.00","5,880.00",100.0,0.000,0.00,0.00,0.00,0.00,0.00,0.00,0.00,0.080,0.00,"5,880.00","5,880.00",0.00,"5,880.00",0.000,0.00,0.00,0.00,0.00,0.00,0.00,0.00,13,42,0,83,0,0,0,0,0.0
경상남도,의령군,낙서면,2030,0.00,"2,536.00","2,536.00",100.0,0.000,0.00,0.00,0.00,0.00,0.00,0.00,0.00,0.260,0.00,"2,536.00","2,536.00",0.00,"2,536.00",0.000,0.00,0.00,0.00,0.00,0.00,0.00,0.00,21,65,0,191,0,0,0,0,0.0
경상남도,의령군,부림면,2030,"3,450.00","26,992.20","25,668.20",95.1,0.120,"1,324.00","1,324.00",0.00,0.00,0.00,0.00,0.00,2.680,943.00,"17,722.20","17,722.20",0.00,"17,722.20",0.000,"1,183.00","7,946.00","7,946.00",0.00,"7,946.00",0.00,0.00,345,362,0,"1,129",0,1,0,0,0.0
경상남도,의령군,봉수면,2030,0.00,"7,532.50","7,532.50",100.0,0.000,0.00,0.00,0.00,0.00,0.00,0.00,0.00,0.470,0.00,"7,532.50","7,532.50",0.00,"7,532.50",0.000,0.00,0.00,0.00,0.00,0.00,0.00,0.00,293,311,0,454,0,0,0,0,0.0
경상남도,의령군,궁류면,2030,0.00,"23,934.30","23,934.30",100.0,0.000,0.00,0.00,0.00,0.00,0.00,0.00,0.00,0.140,0.00,"23,934.30","23,934.30",0.00,"23,934.30",0.000,0.00,0.00,0.00,0.00,0.00,0.00,0.00,568,360,0,481,0,0,0,0,0.0
경상남도,의령군,유곡면,2030,0.00,"2,487.00","2,487.00",100.0,0.000,0.00,0.00,0.00,0.00,0.00,0.00,0.00,0.590,0.00,"2,487.00","2,487.00",0.00,"2,487.00",0.000,0.00,0.00,0.00,0.00,0.00,0.00,0.00,68,113,0,112,0,0,0,0,0.0
경상남도,함안군,소계,,"448,605.00","486,457.00","357,354.00",73.5,6.400,652.00,652.00,652.00,99.00,533.00,0.00,20.00,12.400,"312,981.00","328,612.00","209,447.00",0.00,"209,447.00",416.900,"134,972.00","157,193.00","147,255.00","47,072.00","54,128.00","28,657.00","17,398.00","5,491","4,188","2,946","9,668",590,23,172,"375,056",105.0
경상남도,함안군,가야읍,2035,"106,821.00","118,783.00","87,500.00",73.7,6.400,652.00,652.00,652.00,99.00,533.00,0.00,20.00,2.900,"63,894.00","63,894.00","32,611.00",0.00,"32,611.00",41.200,"42,275.00","54,237.00","54,237.00","29,995.00","13,625.00","4,839.00","5,778.00","1,645",652,"1,085","3,360",217,11,20,"85,173",97.3
경상남도,함안군,칠원읍,2035,"72,360.00","81,946.00","81,946.00",100.0,0.000,0.00,0.00,0.00,0.00,0.00,0.00,0.00,3.100,"60,415.00","64,274.00","64,274.00",0.00,"64,274.00",50.600,"11,945.00","17,672.00","17,672.00","2,581.00","7,395.00","7,250.00",446.00,34,"1,285",353,"1,366",71,0,47,"99,190",121.0
경상남도,함안군,함안면,2035,"29,607.00","29,787.00","29,712.00",99.7,0.000,0.00,0.00,0.00,0.00,0.00,0.00,0.00,0.900,"17,349.00","17,349.00","17,274.00",0.00,"17,274.00",28.900,"12,258.00","12,438.00","12,438.00","1,990.00","10,149.00",224.00,75.00,962,345,249,"1,021",50,0,12,"29,713",100.0
경상남도,함안군,군북면,2035,"36,516.00","45,965.00","45,965.00",100.0,0.000,0.00,0.00,0.00,0.00,0.00,0.00,0.00,1.600,"17,922.00","25,838.00","25,838.00",0.00,"25,838.00",80.600,"18,594.00","20,127.00","20,127.00","1,331.00","10,995.00","3,050.00","4,751.00",495,517,403,747,81,0,17,"45,965",100.0
경상남도,함안군,법수면,2035,"46,353.00","46,353.00","10,574.00",22.8,0.000,0.00,0.00,0.00,0.00,0.00,0.00,0.00,0.800,"38,366.00","38,366.00","4,856.00",0.00,"4,856.00",34.600,"7,987.00","7,987.00","5,718.00","2,286.00","1,144.00","1,716.00",572.00,404,97,114,689,23,0,18,"15,615",147.7
경상남도,함안군,대산면,2035,"30,727.00","37,402.00","37,402.00",100.0,0.000,0.00,0.00,0.00,0.00,0.00,0.00,0.00,1.000,"17,455.00","21,311.00","21,311.00",0.00,"21,311.00",47.500,"13,272.00","16,091.00","16,091.00","1,614.00","5,663.00","4,804.00","4,010.00",257,426,322,435,64,0,14,"32,361",86.5
경상남도,함안군,칠서면,2035,"54,031.00","54,031.00","45,435.00",84.1,0.000,0.00,0.00,0.00,0.00,0.00,0.00,0.00,0.900,"34,772.00","34,772.00","31,094.00",0.00,"31,094.00",36.000,"19,259.00","19,259.00","14,341.00","4,622.00","3,831.00","4,785.00","1,103.00",401,622,287,683,57,12,20,"45,436",100.0
경상남도,함안군,칠북면,2035,"32,807.00","32,807.00","2,163.00",6.6,0.000,0.00,0.00,0.00,0.00,0.00,0.00,0.00,0.500,"31,119.00","31,119.00",865.00,0.00,865.00,32.300,"1,688.00","1,688.00","1,298.00",519.00,260.00,389.00,130.00,"1,016",17,26,"1,051",5,0,5,"2,163",100.0
경상남도,함안군,산인면,2035,"33,760.00","33,760.00","11,190.00",33.1,0.000,0.00,0.00,0.00,0.00,0.00,0.00,0.00,0.600,"28,005.00","28,005.00","7,749.00",0.00,"7,749.00",36.800,"5,755.00","5,755.00","3,441.00","1,377.00",688.00,"1,032.00",344.00,210,155,69,259,14,0,13,"13,973",124.9
경상남도,함안군,여항면,2035,"5,623.00","5,623.00","5,467.00",97.2,0.000,0.00,0.00,0.00,0.00,0.00,0.00,0.00,0.100,"3,684.00","3,684.00","3,575.00",0.00,"3,575.00",28.400,"1,939.00","1,939.00","1,892.00",757.00,378.00,568.00,189.00,67,72,38,57,8,0,6,"5,467",100.0
경상남도,창녕군,소계,,"345,719.30","540,723.80","514,327.60",95.1,3.590,"101,343.00","107,642.20","86,635.30","6,652.10","43,018.70","2,220.00","34,744.50",9.970,"197,978.00","306,497.10","301,107.80",0.00,"301,107.80",40.250,"46,398.30","126,584.50","126,584.50","8,928.40","72,304.70",716.00,"44,635.40","8,352","2,708",17,"14,900","13,538",8,134,"329,735",64.1
경상남도,창녕군,창녕읍,2030,"98,162.00","168,831.50","161,333.60",95.6,1.100,"35,131.00","35,131.00","27,633.10","2,032.20","13,261.70","1,780.00","10,559.20",2.750,"47,086.00","89,370.70","89,370.70",0.00,"89,370.70",14.000,"15,945.00","44,329.80","44,329.80",817.10,"23,785.80",76.00,"19,650.90","2,364","1,019",17,"4,205","3,075",6,100,"110,929",68.8
경상남도,창녕군,남지읍,2030,"77,639.00","98,481.80","96,897.20",98.4,0.900,"28,579.00","30,448.30","30,448.30","2,932.50","14,619.10",197.00,"12,699.70",2.310,"38,574.00","38,574.00","36,989.40",0.00,"36,989.40",8.000,"10,486.00","29,459.50","29,459.50","2,168.80","21,255.60",0.00,"6,035.10","2,271",0,0,"2,051","2,051",0,2,"94,644",97.7
경상남도,창녕군,고암면,2030,"2,066.00","2,066.00","2,066.00",100.0,0.000,0.00,0.00,0.00,0.00,0.00,0.00,0.00,0.190,"2,066.00","2,066.00","2,066.00",0.00,"2,066.00",0.000,0.00,0.00,0.00,0.00,0.00,0.00,0.00,0,33,0,346,346,0,0,0,0.0
경상남도,창녕군,성산면,2030,"1,833.00","2,006.60","1,832.60",91.3,0.010,174.00,174.00,0.00,0.00,0.00,0.00,0.00,0.140,"1,659.00","1,832.60","1,832.60",0.00,"1,832.60",0.000,0.00,0.00,0.00,0.00,0.00,0.00,0.00,0,69,0,253,253,0,0,0,0.0
경상남도,창녕군,대합면,2030,"10,045.00","10,045.00","10,044.90",100.0,0.000,0.00,0.00,0.00,0.00,0.00,0.00,0.00,0.360,"10,045.00","10,045.00","10,044.90",0.00,"10,044.90",0.000,0.00,0.00,0.00,0.00,0.00,0.00,0.00,0,277,0,923,923,0,0,0,0.0
경상남도,창녕군,이방면,2030,"10,194.00","10,194.10","10,194.10",100.0,0.000,0.00,0.00,0.00,0.00,0.00,0.00,0.00,0.290,"10,194.00","10,194.10","10,194.10",0.00,"10,194.10",0.000,0.00,0.00,0.00,0.00,0.00,0.00,0.00,0,153,0,641,641,0,0,0,0.0
경상남도,창녕군,유어면,2030,"3,117.00","3,117.50","3,117.50",100.0,0.000,0.00,0.00,0.00,0.00,0.00,0.00,0.00,0.220,"3,117.00","3,117.50","3,117.50",0.00,"3,117.50",0.000,0.00,0.00,0.00,0.00,0.00,0.00,0.00,0,77,0,410,560,0,0,0,0.0
경상남도,창녕군,대지면,2030,"2,203.00","2,203.10","2,203.10",100.0,0.000,0.00,0.00,0.00,0.00,0.00,0.00,0.00,0.180,"2,203.00","2,203.10","2,203.10",0.00,"2,203.10",0.000,0.00,0.00,0.00,0.00,0.00,0.00,0.00,0,59,0,361,361,0,0,0,0.0
경상남도,창녕군,계성면,2030,"27,733.30","48,959.20","48,959.20",100.0,0.000,0.00,"4,429.90","4,429.90",347.60,"1,644.30",0.00,"2,438.00",1.170,"26,517.00","41,889.80","41,889.80",0.00,"41,889.80",0.250,"1,216.30","2,639.50","2,639.50",0.00,"1,454.20",0.00,"1,185.30",413,0,0,"1,317","1,317",0,3,"7,747",15.8
경상남도,창녕군,영산면,2030,"48,554.00","96,906.50","89,428.10",92.3,0.800,"24,613.00","24,613.00","17,134.60","1,020.10","8,424.10",0.00,"7,690.40",0.550,"22,224.00","50,890.00","50,890.00",0.00,"50,890.00",9.000,"1,717.00","21,403.50","21,403.50","1,790.10","13,235.70",0.00,"6,377.70","1,761",762,0,"2,461","1,723",0,2,"61,363",68.6
경상남도,창녕군,장마면,2030,"1,434.00","15,873.60","15,873.60",100.0,0.000,0.00,0.00,0.00,0.00,0.00,0.00,0.00,0.250,"1,434.00","15,873.60","15,873.60",0.00,"15,873.60",0.000,0.00,0.00,0.00,0.00,0.00,0.00,0.00,0,45,0,138,292,0,0,0,0.0
경상남도,창녕군,도천면,2030,"3,903.00","3,903.00","3,903.00",100.0,0.000,0.00,0.00,0.00,0.00,0.00,0.00,0.00,0.160,"3,903.00","3,903.00","3,903.00",0.00,"3,903.00",0.000,0.00,0.00,0.00,0.00,0.00,0.00,0.00,0,105,0,411,411,0,0,0,0.0
경상남도,창녕군,길곡면,2030,"2,016.00","9,597.70","8,328.70",86.8,0.080,"1,269.00","1,269.00",0.00,0.00,0.00,0.00,0.00,0.210,747.00,"8,328.70","8,328.70",0.00,"8,328.70",0.000,0.00,0.00,0.00,0.00,0.00,0.00,0.00,0,109,0,200,402,0,0,0,0.0
경상남도,창녕군,부곡면,2030,"56,820.00","68,538.20","60,146.00",87.8,0.700,"11,577.00","11,577.00","6,989.40",319.70,"5,069.50",243.00,"1,357.20",1.190,"28,209.00","28,209.00","24,404.40",0.00,"24,404.40",9.000,"17,034.00","28,752.20","28,752.20","4,152.40","12,573.40",640.00,"11,386.40","1,543",0,0,"1,183","1,183",2,27,"55,052",91.5
경상남도,고성군,소계,,"472,154.60","479,883.50","304,572.00",63.5,0.300,"4,498.00","5,047.00","5,047.00",591.20,"3,384.80",0.00,"1,071.00",21.396,"374,462.80","378,449.80","203,295.00",0.00,"203,295.00",4.000,"93,193.80","96,386.70","96,230.00","9,007.00","65,193.90",0.00,"22,029.10",0,"3,915","1,916","7,370",0,0,167,"245,567",80.6
경상남도,고성군,고성읍,2035,"193,494.60","196,687.50","143,313.00",72.9,0.300,"4,498.00","4,498.00","4,498.00",591.20,"3,111.80",0.00,795.00,7.319,"128,273.50","128,273.50","74,899.00",0.00,"74,899.00",3.300,"60,723.10","63,916.00","63,916.00","5,858.00","44,744.80",0.00,"13,313.20",0,"1,982",806,"2,920",0,0,94,"130,886",91.3
경상남도,고성군,삼산면,2035,"36,442.00","36,442.00","10,817.00",29.7,0.000,0.00,0.00,0.00,0.00,0.00,0.00,0.00,1.794,"36,442.00","36,442.00","10,817.00",0.00,"10,817.00",0.000,0.00,0.00,0.00,0.00,0.00,0.00,0.00,0,189,88,316,0,0,0,"10,817",100.0
경상남도,고성군,하일면,2035,"27,211.00","27,211.00","19,740.00",72.5,0.000,0.00,0.00,0.00,0.00,0.00,0.00,0.00,1.859,"27,211.00","27,211.00","19,740.00",0.00,"19,740.00",0.000,0.00,0.00,0.00,0.00,0.00,0.00,0.00,0,259,28,629,0,0,0,"14,801",75.0
경상남도,고성군,하이면,2035,"26,167.00","26,167.00","10,286.00",39.3,0.000,0.00,0.00,0.00,0.00,0.00,0.00,0.00,1.361,"26,167.00","26,167.00","10,286.00",0.00,"10,286.00",0.000,0.00,0.00,0.00,0.00,0.00,0.00,0.00,0,201,0,623,0,0,0,"10,286",100.0
경상남도,고성군,상리면,2035,"10,345.00","10,345.00",0.00,0.0,0.000,0.00,0.00,0.00,0.00,0.00,0.00,0.00,0.605,"10,345.00","10,345.00",0.00,0.00,0.00,0.000,0.00,0.00,0.00,0.00,0.00,0.00,0.00,0,45,0,69,0,0,0,0,0.0
경상남도,고성군,대가면,2035,"7,394.00","7,394.00","3,606.00",48.8,0.000,0.00,0.00,0.00,0.00,0.00,0.00,0.00,0.583,"7,394.00","7,394.00","3,606.00",0.00,"3,606.00",0.000,0.00,0.00,0.00,0.00,0.00,0.00,0.00,0,63,27,175,0,0,0,"3,606",100.0
경상남도,고성군,영현면,2035,"11,491.00","11,491.00","2,950.00",25.7,0.000,0.00,0.00,0.00,0.00,0.00,0.00,0.00,0.795,"11,491.00","11,491.00","2,950.00",0.00,"2,950.00",0.000,0.00,0.00,0.00,0.00,0.00,0.00,0.00,0,55,20,76,0,0,0,"2,950",100.0
경상남도,고성군,영오면,2035,"10,781.00","14,768.00","14,768.00",100.0,0.000,0.00,0.00,0.00,0.00,0.00,0.00,0.00,0.505,"10,781.00","14,768.00","14,768.00",0.00,"14,768.00",0.000,0.00,0.00,0.00,0.00,0.00,0.00,0.00,0,164,34,492,0,0,0,"10,781",73.0
경상남도,고성군,개천면,2035,"8,628.00","8,628.00","7,600.00",88.1,0.000,0.00,0.00,0.00,0.00,0.00,0.00,0.00,0.716,"8,628.00","8,628.00","7,600.00",0.00,"7,600.00",0.000,0.00,0.00,0.00,0.00,0.00,0.00,0.00,0,76,0,101,0,0,0,"2,398",31.6
경상남도,고성군,구만면,2035,"5,272.00","5,272.00","5,272.00",100.0,0.000,0.00,0.00,0.00,0.00,0.00,0.00,0.00,0.333,"5,272.00","5,272.00","5,272.00",0.00,"5,272.00",0.000,0.00,0.00,0.00,0.00,0.00,0.00,0.00,0,0,49,153,0,0,0,"5,272",100.0
경상남도,고성군,회화면,2035,"42,918.00","43,467.00","37,257.00",85.7,0.000,0.00,549.00,549.00,0.00,273.00,0.00,276.00,1.282,"24,930.90","24,930.90","18,877.00",0.00,"18,877.00",0.700,"17,987.10","17,987.10","17,831.00","2,244.00","11,931.00",0.00,"3,656.00",0,487,290,484,0,0,23,"18,018",48.4
경상남도,고성군,마암면,2035,"8,932.00","8,932.00","1,025.00",11.5,0.000,0.00,0.00,0.00,0.00,0.00,0.00,0.00,0.550,"8,932.00","8,932.00","1,025.00",0.00,"1,025.00",0.000,0.00,0.00,0.00,0.00,0.00,0.00,0.00,0,24,3,44,0,0,0,"1,025",100.0
경상남도,고성군,동해면,2035,"30,855.00","30,855.00","6,280.00",20.4,0.000,0.00,0.00,0.00,0.00,0.00,0.00,0.00,1.796,"30,855.00","30,855.00","6,280.00",0.00,"6,280.00",0.000,0.00,0.00,0.00,0.00,0.00,0.00,0.00,0,100,25,353,0,0,0,"14,339",228.3
경상남도,고성군,거류면,2035,"52,224.00","52,224.00","41,658.00",79.8,0.000,0.00,0.00,0.00,0.00,0.00,0.00,0.00,1.898,"37,740.40","37,740.40","27,175.00",0.00,"27,175.00",0.000,"14,483.60","14,483.60","14,483.00",905.00,"8,518.10",0.00,"5,059.90",0,270,546,935,0,0,50,"20,388",48.9
경상남도,남해군,소계,,"675,717.00","675,717.00","516,451.00",76.4,2.300,"33,277.00","33,277.00","33,277.00","2,245.00","14,467.00",638.00,"15,927.00",21.400,"433,280.00","433,280.00","312,575.00",0.00,"312,575.00",18.600,"209,160.00","209,160.00","170,599.00","13,901.00","107,711.00","2,920.00","46,067.00",0,"8,060",0,"15,874",0,1,43,"428,576",83.0
경상남도,남해군,남해읍,2035,"186,409.00","186,409.00","172,141.00",92.3,0.100,0.00,0.00,0.00,0.00,0.00,0.00,0.00,2.800,"114,038.00","114,038.00","99,770.00",0.00,"99,770.00",2.600,"72,371.00","72,371.00","72,371.00","4,747.00","51,742.00",507.00,"15,375.00",0,"2,336",0,"6,105",0,1,35,"143,462",83.3
경상남도,남해군,이동면,2035,"86,122.00","86,122.00","80,632.00",93.6,0.000,"2,704.00","2,704.00","2,704.00",0.00,"1,539.00",0.00,"1,165.00",2.600,"59,858.00","59,858.00","57,753.00",0.00,"57,753.00",2.400,"23,560.00","23,560.00","20,175.00","1,472.00","13,100.00",151.00,"5,452.00",0,"1,244",0,"1,717",0,0,2,"62,366",77.3
경상남도,남해군,상주면,2035,"25,538.00","25,538.00","25,538.00",100.0,0.100,0.00,0.00,0.00,0.00,0.00,0.00,0.00,0.900,"15,870.00","15,870.00","15,870.00",0.00,"15,870.00",0.800,"9,668.00","9,668.00","9,668.00",104.00,"7,587.00",665.00,"1,312.00",0,411,0,756,0,0,6,"25,537",100.0
경상남도,남해군,삼동면,2035,"63,595.00","63,595.00","42,349.00",66.6,0.000,"5,130.00","5,130.00","5,130.00",650.00,"1,619.00",78.00,"2,783.00",2.500,"40,203.00","40,203.00","24,087.00",0.00,"24,087.00",2.000,"18,262.00","18,262.00","13,132.00","1,438.00","6,976.00",318.00,"4,400.00",0,606,0,"1,418",0,0,0,"37,219",87.9
경상남도,남해군,미조면,2035,"25,909.00","25,909.00","19,865.00",76.7,0.100,"1,902.00","1,902.00","1,902.00",265.00,"1,403.00",0.00,234.00,0.900,"15,311.00","15,311.00","11,169.00",0.00,"11,169.00",0.800,"8,696.00","8,696.00","6,794.00",653.00,"3,980.00",44.00,"2,117.00",0,304,0,467,0,0,0,"17,963",90.4
경상남도,남해군,남면,2035,"51,472.00","51,472.00","35,381.00",68.7,0.100,"3,688.00","3,688.00","3,688.00",365.00,"1,267.00",129.00,"1,927.00",2.000,"32,743.00","32,743.00","23,950.00",0.00,"23,950.00",1.800,"15,041.00","15,041.00","7,743.00","1,223.00","3,518.00",129.00,"2,873.00",0,813,0,"1,231",0,0,0,"25,193",71.2
경상남도,남해군,서면,2035,"47,347.00","47,347.00","19,712.00",41.6,0.500,"5,157.00","5,157.00","5,157.00",150.00,"1,876.00",123.00,"3,008.00",1.900,"31,293.00","31,293.00","8,815.00",0.00,"8,815.00",1.400,"10,897.00","10,897.00","5,740.00",304.00,"2,066.00",0.00,"3,370.00",0,250,0,627,0,0,0,"14,555",73.8
경상남도,남해군,고현면,2035,"51,700.00","51,700.00","43,724.00",84.6,0.000,"3,862.00","3,862.00","3,862.00",42.00,"2,536.00",0.00,"1,284.00",1.800,"29,252.00","29,252.00","25,137.00",0.00,"25,137.00",1.200,"18,586.00","18,586.00","14,725.00","1,130.00","8,834.00",234.00,"4,527.00",0,801,0,913,0,0,0,"39,862",91.2
경상남도,남해군,설천면,2035,"54,287.00","54,287.00","34,968.00",64.4,0.400,"3,762.00","3,762.00","3,762.00",603.00,"1,325.00",0.00,"1,834.00",3.000,"39,699.00","39,699.00","24,141.00",0.00,"24,141.00",2.800,"10,826.00","10,826.00","7,065.00","1,242.00","3,560.00",54.00,"2,209.00",0,493,0,"1,208",0,0,0,"31,206",89.2
경상남도,남해군,창선면,2035,"83,338.00","83,338.00","42,141.00",50.6,1.000,"7,072.00","7,072.00","7,072.00",170.00,"2,902.00",308.00,"3,692.00",3.000,"55,013.00","55,013.00","21,883.00",0.00,"21,883.00",2.800,"21,253.00","21,253.00","13,186.00","1,588.00","6,348.00",818.00,"4,432.00",0,802,0,"1,432",0,0,0,"31,213",74.1
경상남도,하동군,소계,,"407,815.98","526,304.30","383,256.75",72.8,0.110,"18,025.50","18,025.50","18,025.50","6,492.50","11,533.00",0.00,0.00,18.901,"389,790.48","389,790.48","246,742.93",0.00,"246,742.93",0.000,0.00,"118,488.32","118,488.32","9,086.71","32,975.20","2,423.47","74,002.94",0,"5,908","2,860","13,552",0,0,0,"121,273",31.6
경상남도,하동군,하동읍,2035,"79,397.88","105,582.58","102,739.80",97.3,0.110,"18,025.50","18,025.50","18,025.50","6,492.50","11,533.00",0.00,0.00,2.111,"61,372.38","61,372.38","58,529.60",0.00,"58,529.60",0.000,0.00,"26,184.70","26,184.70",0.00,"3,779.30",233.40,"22,172.00",0,"1,262","2,027","4,505",0,0,0,"60,068",58.5
경상남도,하동군,화개면,2035,"37,267.40","42,334.80","42,334.80",100.0,0.000,0.00,0.00,0.00,0.00,0.00,0.00,0.00,1.757,"37,267.40","37,267.40","37,267.40",0.00,"37,267.40",0.000,0.00,"5,067.40","5,067.40",99.40,"1,583.50",715.00,"2,669.50",0,840,150,"1,609",0,0,0,"5,565",13.1
경상남도,하동군,악양면,2035,"38,646.72","44,620.12","25,144.80",56.4,0.000,0.00,0.00,0.00,0.00,0.00,0.00,0.00,1.290,"38,646.72","38,646.72","19,171.40",0.00,"19,171.40",0.000,0.00,"5,973.40","5,973.40",0.00,"1,040.90",415.50,"4,517.00",0,386,154,"1,053",0,0,0,"9,420",37.5
경상남도,하동군,적량면,2035,"8,803.36","13,550.76","6,626.90",48.9,0.000,0.00,0.00,0.00,0.00,0.00,0.00,0.00,0.161,"8,803.36","8,803.36","1,879.50",0.00,"1,879.50",0.000,0.00,"4,747.40","4,747.40",0.00,748.30,111.00,"3,888.10",0,36,0,150,0,0,0,"3,504",52.9
경상남도,하동군,횡천면,2035,"13,483.94","18,768.04","14,853.10",79.1,0.000,0.00,0.00,0.00,0.00,0.00,0.00,0.00,0.486,"13,483.94","13,483.94","9,569.00",0.00,"9,569.00",0.000,0.00,"5,284.10","5,284.10",372.00,966.00,0.00,"3,946.10",0,296,134,368,0,0,0,"6,111",41.1
경상남도,하동군,고전면,2035,"38,013.45","44,301.75","16,220.00",36.6,0.000,0.00,0.00,0.00,0.00,0.00,0.00,0.00,0.167,"38,013.45","38,013.45","9,931.70",0.00,"9,931.70",0.000,0.00,"6,288.30","6,288.30","1,891.70","1,304.80",317.20,"2,774.60",0,0,0,230,0,0,0,"1,427",8.8
경상남도,하동군,금남면,2035,"25,807.78","45,706.08","38,626.08",84.5,0.000,0.00,0.00,0.00,0.00,0.00,0.00,0.00,0.364,"25,807.78","25,807.78","18,727.78",0.00,"18,727.78",0.000,0.00,"19,898.30","19,898.30","1,632.91","9,838.68",568.67,"7,858.04",0,837,0,802,0,0,0,"3,241",8.4
경상남도,하동군,진교면,2035,"33,315.04","60,791.46","59,653.51",98.1,0.000,0.00,0.00,0.00,0.00,0.00,0.00,0.00,1.208,"33,315.04","33,315.04","32,177.09",0.00,"32,177.09",0.000,0.00,"27,476.42","27,476.42","1,788.60","10,303.92",0.00,"15,383.90",0,720,16,"2,211",0,0,0,"12,003",20.1
경상남도,하동군,양보면,2035,"9,474.26","14,778.56","6,843.00",46.3,0.000,0.00,0.00,0.00,0.00,0.00,0.00,0.00,0.460,"9,474.26","9,474.26","1,538.70",0.00,"1,538.70",0.000,0.00,"5,304.30","5,304.30",151.00,581.20,62.70,"4,509.40",0,31,128,73,0,0,0,"7,058",103.1
경상남도,하동군,북천면,2035,"21,953.46","24,909.56","10,246.00",41.1,0.000,0.00,0.00,0.00,0.00,0.00,0.00,0.00,0.830,"21,953.46","21,953.46","7,289.90",0.00,"7,289.90",0.000,0.00,"2,956.10","2,956.10","2,268.70",687.40,0.00,0.00,0,188,67,394,0,0,0,"4,257",41.5
경상남도,하동군,청암면,2035,"15,188.94","17,345.24","14,203.60",81.9,0.000,0.00,0.00,0.00,0.00,0.00,0.00,0.00,8.488,"15,188.94","15,188.94","12,047.30",0.00,"12,047.30",0.000,0.00,"2,156.30","2,156.30",639.00,493.50,0.00,"1,023.80",0,258,50,393,0,0,0,"2,076",14.6
경상남도,하동군,옥종면,2035,"46,364.90","51,493.90","41,293.71",80.2,0.000,0.00,0.00,0.00,0.00,0.00,0.00,0.00,1.537,"46,364.90","46,364.90","36,164.71",0.00,"36,164.71",0.000,0.00,"5,129.00","5,129.00",227.80,485.30,0.00,"4,415.90",0,990,134,"1,664",0,0,0,"5,043",12.2
경상남도,하동군,금성면,2035,"40,098.85","42,121.45","4,471.45",10.6,0.000,0.00,0.00,0.00,0.00,0.00,0.00,0.00,0.042,"40,098.85","40,098.85","2,448.85",0.00,"2,448.85",0.000,0.00,"2,022.60","2,022.60",15.60,"1,162.40",0.00,844.60,0,64,0,100,0,0,0,"1,500",33.5
경상남도,산청군,소계,,"557,640.00","584,782.60","472,336.60",80.8,0.000,0.00,0.00,0.00,0.00,0.00,0.00,0.00,20.700,"368,393.00","368,393.00","267,264.00",0.00,"267,264.00",794.500,"189,247.00","216,389.60","205,072.60","17,547.80","96,340.30","44,456.50","46,728.00",0,"2,916",0,"11,371","10,703",0,226,"203,356",43.1
경상남도,산청군,산청읍,2025,"126,220.00","142,489.60","139,853.70",98.2,0.000,0.00,0.00,0.00,0.00,0.00,0.00,0.00,3.700,"69,058.00","69,058.00","66,422.10",0.00,"66,422.10",68.900,"57,162.00","73,431.60","73,431.60","6,807.80","42,863.50","10,228.30","13,532.00",0,590,0,"3,230","2,160",0,35,"43,931",31.4
경상남도,산청군,차황면,2025,"32,806.00","32,806.00","10,338.00",31.5,0.000,0.00,0.00,0.00,0.00,0.00,0.00,0.00,1.100,"24,658.00","24,658.00","4,415.00",0.00,"4,415.00",48.800,"8,148.00","8,148.00","5,923.00","1,060.00","3,010.00",799.00,"1,054.00",0,83,0,227,243,0,19,"4,307",41.7
경상남도,산청군,오부면,2025,"19,973.00","19,973.00","18,563.00",92.9,0.000,0.00,0.00,0.00,0.00,0.00,0.00,0.00,0.900,"18,563.00","18,563.00","18,563.00",0.00,"18,563.00",35.000,"1,410.00","1,410.00",0.00,0.00,0.00,0.00,0.00,0,221,0,569,194,0,0,"15,700",84.6
경상남도,산청군,생초면,2025,"34,937.00","34,937.00","25,380.00",72.6,0.000,0.00,0.00,0.00,0.00,0.00,0.00,0.00,1.100,"21,327.00","21,327.00","12,846.00",0.00,"12,846.00",53.000,"13,610.00","13,610.00","12,534.00",473.00,"4,301.00","1,505.00","6,255.00",0,155,0,775,880,0,43,"12,325",48.6
경상남도,산청군,금서면,2025,"29,319.00","29,319.00","27,685.00",94.4,0.000,0.00,0.00,0.00,0.00,0.00,0.00,0.00,1.300,"17,712.00","17,712.00","16,746.00",0.00,"16,746.00",76.200,"11,607.00","11,607.00","10,939.00","1,184.00","4,042.00","4,710.00","1,003.00",0,384,0,571,"1,049",0,22,"11,657",42.1
경상남도,산청군,삼장면,2025,"21,570.00","21,570.00","8,425.00",39.1,0.000,0.00,0.00,0.00,0.00,0.00,0.00,0.00,1.800,"18,456.00","18,456.00","7,030.00",0.00,"7,030.00",103.300,"3,114.00","3,114.00","1,395.00",57.00,269.00,"1,069.00",0.00,0,198,0,387,348,0,0,"12,052",143.1
경상남도,산청군,시천면,2025,"81,074.00","81,276.80","70,487.80",86.7,0.000,0.00,0.00,0.00,0.00,0.00,0.00,0.00,3.700,"53,392.00","53,392.00","42,603.00",0.00,"42,603.00",127.700,"27,682.00","27,884.80","27,884.80","2,266.60","13,963.50","5,537.10","6,117.60",0,407,0,"1,471","1,535",0,40,"26,996",38.3
경상남도,산청군,단성면,2025,"126,866.00","137,536.20","112,541.10",81.8,0.000,0.00,0.00,0.00,0.00,0.00,0.00,0.00,4.200,"81,206.00","81,206.00","56,210.90",0.00,"56,210.90",108.600,"45,660.00","56,330.20","56,330.20","3,113.40","21,298.30","18,989.10","12,929.40",0,298,0,"2,609","2,332",0,21,"46,204",41.1
경상남도,산청군,신안면,2025,"35,986.00","35,986.00","26,246.00",72.9,0.000,0.00,0.00,0.00,0.00,0.00,0.00,0.00,1.400,"31,415.00","31,415.00","23,474.00",0.00,"23,474.00",72.100,"4,571.00","4,571.00","2,772.00",0.00,"1,879.00",78.00,815.00,0,291,0,719,"1,369",0,28,"14,405",54.9
경상남도,산청군,생비량면,2025,"18,548.00","18,548.00","9,472.00",51.1,0.000,0.00,0.00,0.00,0.00,0.00,0.00,0.00,0.500,"14,182.00","14,182.00","6,396.00",0.00,"6,396.00",44.000,"4,366.00","4,366.00","3,076.00",88.00,"1,878.00",273.00,837.00,0,178,0,281,291,0,8,"7,632",80.6
경상남도,산청군,신등면,2025,"30,341.00","30,341.00","23,345.00",76.9,0.000,0.00,0.00,0.00,0.00,0.00,0.00,0.00,1.000,"18,424.00","18,424.00","12,558.00",0.00,"12,558.00",56.900,"11,917.00","11,917.00","10,787.00","2,498.00","2,836.00","1,268.00","4,185.00",0,111,0,532,302,0,10,"8,147",34.9
경상남도,함양군,소계,,"592,060.10","596,279.10","497,314.00",83.4,0.000,687.00,715.00,715.00,0.00,715.00,0.00,0.00,0.000,"330,485.70","330,485.70","251,150.00",0.00,"251,150.00",0.000,"260,887.40","265,078.40","245,449.00","19,333.00","117,685.00","43,868.00","64,563.00","15,386",0,0,"8,822",0,15,54,"436,762",87.8
경상남도,함양군,함양읍,2030,"235,984.00","235,984.00","209,750.00",88.9,0.000,300.00,300.00,300.00,0.00,300.00,0.00,0.00,0.000,"110,207.20","110,207.20","91,550.20",0.00,"91,550.20",0.000,"125,476.80","125,476.80","117,899.80","12,892.00","59,876.80","28,655.00","16,476.00","6,442",0,0,"3,882",0,15,27,"199,114",94.9
경상남도,함양군,마천면,2030,"37,748.30","37,748.30","28,568.00",75.7,0.000,0.00,0.00,0.00,0.00,0.00,0.00,0.00,0.000,"25,625.00","25,625.00","16,868.00",0.00,"16,868.00",0.000,"12,123.30","12,123.30","11,700.00",222.00,"3,550.00",0.00,"7,928.00",763,0,0,434,0,0,0,"25,925",90.7
경상남도,함양군,휴천면,2030,"21,695.70","21,968.70","14,468.70",65.9,0.000,0.00,0.00,0.00,0.00,0.00,0.00,0.00,0.000,"13,869.00","13,869.00","6,369.00",0.00,"6,369.00",0.000,"7,826.70","8,099.70","8,099.70",549.00,"3,734.70",0.00,"3,816.00",446,0,0,206,0,0,0,"14,195",98.1
경상남도,함양군,유림면,2030,"26,157.00","26,157.00","12,588.90",48.1,0.000,0.00,0.00,0.00,0.00,0.00,0.00,0.00,0.000,"17,738.90","17,738.90","9,788.90",0.00,"9,788.90",0.000,"8,418.10","8,418.10","2,800.00",399.00,"1,401.00",0.00,"1,000.00",339,0,0,86,0,0,0,"12,000",95.3
경상남도,함양군,수동면,2030,"59,579.50","59,579.50","46,970.50",78.8,0.000,0.00,0.00,0.00,0.00,0.00,0.00,0.00,0.000,"31,666.20","31,666.20","22,320.20",0.00,"22,320.20",0.000,"27,913.30","27,913.30","24,650.30","2,189.00","9,264.30","1,458.00","11,739.00","1,952",0,0,778,0,0,6,"43,570",92.8
경상남도,함양군,지곡면,2030,"26,497.50","29,454.50","28,708.50",97.5,0.000,0.00,0.00,0.00,0.00,0.00,0.00,0.00,0.000,"16,355.00","16,355.00","15,609.00",0.00,"15,609.00",0.000,"10,142.50","13,099.50","13,099.50",30.00,"8,155.50",0.00,"4,914.00",612,0,0,534,0,0,0,"17,975",62.6
경상남도,함양군,안의면,2030,"91,838.60","92,799.60","89,498.90",96.4,0.000,0.00,0.00,0.00,0.00,0.00,0.00,0.00,0.000,"51,999.70","51,999.70","48,699.00",0.00,"48,699.00",0.000,"39,838.90","40,799.90","40,799.90","1,682.00","22,878.90","7,945.00","8,294.00","2,538",0,0,"1,355",0,0,21,"58,623",65.5
경상남도,함양군,서하면,2030,"13,171.00","13,199.00","7,286.00",55.2,0.000,387.00,415.00,415.00,0.00,415.00,0.00,0.00,0.000,"7,971.00","7,971.00","2,171.00",0.00,"2,171.00",0.000,"4,813.00","4,813.00","4,700.00",892.00,"1,885.00",0.00,"1,923.00",338,0,0,207,0,0,0,"7,286",100.0
경상남도,함양군,서상면,2030,"29,989.10","29,989.10","27,996.10",93.4,0.000,0.00,0.00,0.00,0.00,0.00,0.00,0.00,0.000,"16,974.80","16,974.80","16,395.80",0.00,"16,395.80",0.000,"13,014.30","13,014.30","11,600.30",180.00,"4,215.30","5,810.00","1,395.00",991,0,0,669,0,0,0,"26,596",95.0
경상남도,함양군,백전면,2030,"18,913.40","18,913.40","9,125.40",48.2,0.000,0.00,0.00,0.00,0.00,0.00,0.00,0.00,0.000,"15,325.90","15,325.90","5,825.90",0.00,"5,825.90",0.000,"3,587.50","3,587.50","3,299.50",231.00,"1,037.50",0.00,"2,031.00",283,0,0,138,0,0,0,"9,125",100.0
경상남도,함양군,병곡면,2030,"30,486.00","30,486.00","22,353.00",73.3,0.000,0.00,0.00,0.00,0.00,0.00,0.00,0.00,0.000,"22,753.00","22,753.00","15,553.00",0.00,"15,553.00",0.000,"7,733.00","7,733.00","6,800.00",67.00,"1,686.00",0.00,"5,047.00",682,0,0,533,0,0,0,"22,353",100.0
경상남도,거창군,소계,,"322,074.00","401,449.00","327,346.00",81.5,204.600,"27,137.00","27,137.00","27,137.00","9,055.00","8,183.00","2,305.00","7,594.00",32.800,"266,600.00","343,409.00","271,663.00","2,249.00","269,414.00",12.400,"28,337.00","30,903.00","28,546.00","3,086.00","19,400.00","3,680.00","2,380.00","7,257","7,257",0,"31,798",0,1,145,"136,726",41.8
경상남도,거창군,거창읍,2035,"134,982.00","178,471.00","178,471.00",100.0,203.200,"18,982.00","18,982.00","18,982.00","7,972.00","1,518.00","1,898.00","7,594.00",7.000,"91,000.00","133,253.00","133,253.00","1,142.00","132,111.00",5.000,"25,000.00","26,236.00","26,236.00","1,614.00","18,562.00","3,680.00","2,380.00","5,323","5,323",0,"9,579",0,1,145,"136,726",76.6
경상남도,거창군,주상면,2035,"6,120.00","6,120.00","4,978.00",81.3,0.000,0.00,0.00,0.00,0.00,0.00,0.00,0.00,1.500,"6,000.00","6,000.00","4,978.00",0.00,"4,978.00",0.600,120.00,120.00,0.00,0.00,0.00,0.00,0.00,101,101,0,292,0,0,0,0,0.0
경상남도,거창군,웅양면,2035,"13,470.00","13,470.00","12,570.00",93.3,0.000,0.00,0.00,0.00,0.00,0.00,0.00,0.00,3.000,"13,200.00","13,200.00","12,570.00",0.00,"12,570.00",0.900,270.00,270.00,0.00,0.00,0.00,0.00,0.00,234,234,0,490,0,0,0,0,0.0
경상남도,거창군,고제면,2035,"8,650.00","8,650.00","7,742.00",89.5,0.000,0.00,0.00,0.00,0.00,0.00,0.00,0.00,2.000,"8,500.00","8,500.00","7,742.00",0.00,"7,742.00",0.700,150.00,150.00,0.00,0.00,0.00,0.00,0.00,96,96,0,294,0,0,0,0,0.0
경상남도,거창군,북상면,2035,"10,315.00","11,844.00","11,629.00",98.2,0.000,0.00,0.00,0.00,0.00,0.00,0.00,0.00,2.300,"10,100.00","11,629.00","11,629.00",0.00,"11,629.00",0.800,215.00,215.00,0.00,0.00,0.00,0.00,0.00,138,138,0,631,0,0,0,0,0.0
경상남도,거창군,위천면,2035,"2,950.00","22,331.00","22,181.00",99.3,0.000,0.00,0.00,0.00,0.00,0.00,0.00,0.00,0.600,"2,800.00","22,181.00","22,181.00",0.00,"22,181.00",0.100,150.00,150.00,0.00,0.00,0.00,0.00,0.00,387,387,0,"1,294",0,0,0,0,0.0
경상남도,거창군,마리면,2035,"6,411.00","7,314.00","7,103.00",97.1,0.000,0.00,0.00,0.00,0.00,0.00,0.00,0.00,0.900,"6,200.00","7,103.00","7,103.00",0.00,"7,103.00",0.200,211.00,211.00,0.00,0.00,0.00,0.00,0.00,103,103,0,457,0,0,0,0,0.0
경상남도,거창군,남상면,2035,"15,415.00","15,415.00","11,154.00",72.4,0.000,0.00,0.00,0.00,0.00,0.00,0.00,0.00,4.000,"15,000.00","15,000.00","11,154.00",0.00,"11,154.00",0.400,415.00,415.00,0.00,0.00,0.00,0.00,0.00,197,197,0,565,0,0,0,0,0.0
경상남도,거창군,남하면,2035,"4,734.00","15,128.00","14,894.00",98.5,0.000,0.00,0.00,0.00,0.00,0.00,0.00,0.00,0.700,"4,500.00","14,894.00","14,894.00",0.00,"14,894.00",0.200,234.00,234.00,0.00,0.00,0.00,0.00,0.00,197,197,0,835,0,0,0,0,0.0
경상남도,거창군,신원면,2035,"6,987.00","6,987.00","2,869.00",41.1,0.000,0.00,0.00,0.00,0.00,0.00,0.00,0.00,1.300,"6,500.00","6,500.00","2,869.00",0.00,"2,869.00",0.400,487.00,487.00,0.00,0.00,0.00,0.00,0.00,39,39,0,157,0,0,0,0,0.0
경상남도,거창군,가조면,2035,"110,135.00","111,465.00","49,606.00",44.5,1.400,"8,155.00","8,155.00","8,155.00","1,083.00","6,665.00",407.00,0.00,8.000,"101,000.00","101,000.00","39,141.00","1,107.00","38,034.00",3.000,980.00,"2,310.00","2,310.00","1,472.00",838.00,0.00,0.00,371,371,0,"16,998",0,0,0,0,0.0
경상남도,거창군,가북면,2035,"1,905.00","4,254.00","4,149.00",97.5,0.000,0.00,0.00,0.00,0.00,0.00,0.00,0.00,1.500,"1,800.00","4,149.00","4,149.00",0.00,"4,149.00",0.100,105.00,105.00,0.00,0.00,0.00,0.00,0.00,71,71,0,202,0,0,0,0,0.0
경상남도,합천군,소계,,"426,682.00","426,942.00","382,099.00",89.5,880.528,"123,554.00","123,734.00","117,966.00","31,506.40","19,094.20","13,629.00","53,736.40",36.420,"214,184.00","214,184.00","182,742.00","6,852.00","175,890.00",98.180,"88,944.00","89,024.00","81,391.00","8,570.00","72,821.00",0.00,0.00,"2,055","2,060",6,"12,439","14,881",6,0,"310,628",81.3
경상남도,합천군,합천읍,2030,"86,787.00","86,867.00","82,593.00",95.1,43.000,"28,960.00","28,960.00","28,960.00","1,110.00","5,250.00","1,840.00","20,760.00",1.910,"29,008.00","29,008.00","24,734.00",0.00,"24,734.00",8.050,"28,819.00","28,899.00","28,899.00",525.00,"28,374.00",0.00,0.00,747,747,4,"3,175","3,175",4,0,"75,600",91.5
경상남도,합천군,봉산면,2030,"12,106.00","12,106.00","11,861.00",98.0,75.000,"1,126.00","1,126.00","1,126.00",0.00,0.00,0.00,"1,126.00",0.760,"6,360.00","6,360.00","6,115.00",0.00,"6,115.00",4.230,"4,620.00","4,620.00","4,620.00",620.00,"4,000.00",0.00,0.00,120,120,0,"1,080","1,080",0,0,"9,350",78.8
경상남도,합천군,묘산면,2030,"7,894.00","7,894.00","5,508.00",69.8,49.800,"1,932.00","1,932.00","1,732.00",585.00,23.00,0.00,"1,124.00",0.190,"2,956.00","2,956.00","2,956.00",0.00,"2,956.00",0.000,"3,006.00","3,006.00",820.00,220.00,600.00,0.00,0.00,52,52,0,468,468,0,0,"4,600",83.5
경상남도,합천군,가야면,2030,"53,279.00","53,279.00","51,417.00",96.5,93.390,"20,510.00","20,510.00","20,510.00","6,521.00","5,584.00","3,162.00","5,243.00",2.610,"24,554.00","24,554.00","22,692.00",0.00,"22,692.00",8.990,"8,215.00","8,215.00","8,215.00",0.00,"8,215.00",0.00,0.00,132,132,0,"1,199","1,199",0,0,"42,350",82.4
경상남도,합천군,야로면,2030,"45,523.00","45,523.00","39,083.00",85.9,44.000,"6,399.00","6,399.00","6,268.00","2,900.00",186.00,105.00,"3,077.00",1.690,"30,449.00","30,449.00","24,140.00",0.00,"24,140.00",15.290,"8,675.00","8,675.00","8,675.00","1,613.00","7,062.00",0.00,0.00,63,63,0,"1,207","1,207",0,0,"31,100",79.6
경상남도,합천군,율곡면,2030,"6,145.00","6,145.00",0.00,0.0,70.000,"4,275.00","4,275.00",0.00,0.00,0.00,0.00,0.00,0.215,"1,790.00","1,790.00",0.00,0.00,0.00,1.785,80.00,80.00,0.00,0.00,0.00,0.00,0.00,0,31,0,0,0,0,0,0,0.0
경상남도,합천군,초계면,2030,"49,471.00","49,471.00","44,685.00",90.3,23.020,"14,147.00","14,147.00","12,991.00","4,612.00","2,661.00",738.00,"4,980.00",1.598,"27,487.00","27,487.00","26,699.00",0.00,"26,699.00",0.000,"7,837.00","7,837.00","4,995.00",605.00,"4,390.00",0.00,0.00,116,116,0,"1,044","1,044",0,0,"31,200",69.8
경상남도,합천군,쌍책면,2030,"9,244.00","9,244.00","9,243.00",100.0,61.000,"2,967.00","2,967.00","2,966.00","1,400.00",0.00,244.00,"1,322.00",0.264,"5,401.00","5,401.00","5,401.00",0.00,"5,401.00",1.736,876.00,876.00,876.00,0.00,876.00,0.00,0.00,82,82,0,298,298,0,0,"6,300",68.2
경상남도,합천군,덕곡면,2030,"7,295.00","7,295.00","1,144.00",15.7,22.600,"1,146.00","1,146.00","1,144.00",531.00,0.00,44.00,569.00,0.328,"6,149.00","6,149.00",0.00,0.00,0.00,3.672,0.00,0.00,0.00,0.00,0.00,0.00,0.00,39,39,0,0,0,0,0,"1,100",96.2
경상남도,합천군,청덕면,2030,"6,361.00","6,361.00","6,360.00",100.0,48.500,"2,220.00","2,220.00","2,219.00",883.00,503.00,187.00,646.00,0.330,"4,141.00","4,141.00","4,141.00",0.00,"4,141.00",8.670,0.00,0.00,0.00,0.00,0.00,0.00,0.00,9,9,0,293,"2,930",0,0,"4,400",69.2
경상남도,합천군,적중면,2030,"28,467.00","28,467.00","23,246.00",81.7,6.351,"6,877.00","6,877.00","6,876.00","3,147.00","1,600.00",230.00,"1,899.00",0.937,"21,590.00","21,590.00","16,370.00",0.00,"16,370.00",16.612,0.00,0.00,0.00,0.00,0.00,0.00,0.00,260,260,0,956,956,0,0,"15,500",66.7
경상남도,합천군,대양면,2030,"8,581.00","8,761.00","8,761.00",100.0,53.000,"2,022.00","2,202.00","2,202.00",602.40,290.60,50.00,"1,259.00",0.259,"6,559.00","6,559.00","6,559.00",0.00,"6,559.00",3.741,0.00,0.00,0.00,0.00,0.00,0.00,0.00,24,24,0,238,238,0,0,"6,000",68.5
경상남도,합천군,쌍백면,2030,"21,923.00","21,923.00","19,738.00",90.0,61.000,"8,260.00","8,260.00","8,260.00","2,456.00",470.00,"2,189.00","3,145.00",0.595,"11,463.00","11,463.00","10,120.00",0.00,"10,120.00",1.405,"2,200.00","2,200.00","1,358.00",0.00,"1,358.00",0.00,0.00,34,34,0,258,258,0,0,"17,895",90.7
경상남도,합천군,삼가면,2030,"51,938.00","51,938.00","51,277.00",98.7,52.317,"14,731.00","14,731.00","14,731.00","2,356.00","1,958.00","3,568.00","6,849.00",1.712,"21,783.00","21,783.00","21,122.00","6,852.00","14,270.00",6.571,"15,424.00","15,424.00","15,424.00","4,987.00","10,437.00",0.00,0.00,100,100,2,"1,178","1,178",2,0,"41,000",80.0
경상남도,합천군,가회면,2030,"9,206.00","9,206.00","8,435.00",91.6,64.000,"4,323.00","4,323.00","4,323.00","3,458.00",0.00,560.00,305.00,0.214,"3,200.00","3,200.00","2,612.00",0.00,"2,612.00",5.786,"1,683.00","1,683.00","1,500.00",0.00,"1,500.00",0.00,0.00,26,0,0,195,0,0,0,"6,874",81.5
경상남도,합천군,대병면,2030,"16,224.00","16,224.00","16,223.00",100.0,47.000,"1,134.00","1,134.00","1,133.00",0.00,330.00,575.00,228.00,5.358,"9,081.00","9,081.00","9,081.00",0.00,"9,081.00",11.642,"6,009.00","6,009.00","6,009.00",0.00,"6,009.00",0.00,0.00,218,218,0,850,850,0,0,"15,211",93.8
경상남도,합천군,용주면,2030,"6,238.00","6,238.00","2,525.00",40.5,66.550,"2,525.00","2,525.00","2,525.00",945.00,238.60,137.00,"1,204.40",17.450,"2,213.00","2,213.00",0.00,0.00,0.00,0.000,"1,500.00","1,500.00",0.00,0.00,0.00,0.00,0.00,33,33,0,0,0,0,0,"2,148",85.1
제주특별자치도,,합계,,"5,505,400.00","5,689,629.11","4,265,266.00",75.0,0.400,"833,965.00","999,212.01","931,171.00","75,336.00","620,221.00","16,489.00","219,125.00",179.800,"2,888,250.99","2,907,233.09","2,177,254.00","156,220.00","2,021,034.00","2,126.000","1,783,184.01","1,783,184.01","1,156,841.00","77,563.00","974,377.00","2,126.00","102,775.00","10,536","62,121","34,528","107,531","148,445",379,"2,379","4,173,370",97.8
제주특별자치도,제주시,한림읍,2020,"304,468.00","304,468.00","213,120.00",70.0,0.000,"41,310.00","41,310.00","38,277.00","7,211.00","28,247.00","2,819.00",0.00,8.500,"140,333.00","140,333.00","107,800.00","8,740.00","99,060.00",0.000,"122,825.00","122,825.00","67,043.00","6,487.00","50,597.00",0.00,"9,959.00",332,"2,756","1,828","5,602","5,602",0,72,"211,251",99.1
제주특별자치도,제주시,애월읍,2020,"420,510.00","450,236.00","352,902.00",78.4,0.000,"24,010.00","53,736.00","53,736.00",0.00,"51,402.00",0.00,"2,334.00",15.900,"247,695.00","247,695.00","192,166.00","12,633.00","179,533.00",0.000,"148,805.00","148,805.00","107,000.00","6,358.00","84,581.00",0.00,"16,061.00",655,"4,512","2,163","7,028","7,028",0,80,"334,852",94.9
제주특별자치도,제주시,구좌읍,2020,"269,956.00","306,656.00","202,419.00",66.0,0.000,"16,017.00","52,717.00","52,717.00","2,465.00","48,605.00","1,469.00",178.00,8.800,"154,033.00","154,033.00","82,136.00","5,061.00","77,075.00",0.000,"99,906.00","99,906.00","67,566.00","6,775.00","52,987.00",0.00,"7,804.00",281,"3,263","1,587","6,312","6,389",0,71,"202,419",100.0
제주특별자치도,제주시,조천읍,2020,"284,434.00","306,057.00","178,794.00",58.4,0.000,"29,546.00","51,169.00","51,169.00","2,993.00","39,145.00",575.00,"8,456.00",8.200,"185,167.00","185,167.00","95,208.00","10,980.00","84,228.00",0.000,"69,721.00","69,721.00","32,417.00","3,042.00","28,663.00",0.00,712.00,459,"2,711","1,098","3,753","3,570",0,59,"173,212",96.9
제주특별자치도,제주시,한경면,2020,"236,489.00","248,107.00","192,600.00",77.6,0.000,"21,664.00","33,282.00","33,282.00","2,637.00","30,645.00",0.00,0.00,5.400,"143,881.00","143,881.00","117,394.00",508.00,"116,886.00",0.000,"70,944.00","70,944.00","41,924.00","3,281.00","38,245.00",0.00,398.00,241,"2,162",890,"3,779","3,779",0,57,"148,698",77.2
제주특별자치도,제주시,추자면,2020,"18,023.00","18,023.00","18,023.00",100.0,0.000,"3,350.00","3,350.00","3,350.00",647.00,957.00,846.00,900.00,0.000,"11,397.00","11,397.00","11,397.00",0.00,"11,397.00",0.000,"3,276.00","3,276.00","3,276.00",0.00,"3,276.00",0.00,0.00,31,25,430,"1,024",597,0,8,"16,527",91.7
제주특별자치도,제주시,우도면,2020,"26,520.00","29,990.00","29,990.00",100.0,0.000,"4,235.00","4,235.00","4,235.00",0.00,527.00,"1,089.00","2,619.00",0.000,"20,360.00","23,830.00","23,830.00","3,470.00","20,360.00",0.000,"1,925.00","1,925.00","1,925.00",0.00,"1,925.00",0.00,0.00,4,404,4,"1,036",460,0,7,"19,313",64.4
제주특별자치도,제주시,일도1동,2020,"17,626.78","17,626.78","14,110.00",80.0,0.000,"3,717.67","3,717.67","3,186.00",394.00,"1,640.00",0.00,"1,152.00",0.400,"8,760.96","8,760.96","7,014.00",0.00,"7,014.00",0.000,"5,148.15","5,148.15","3,910.00",295.00,"3,018.00",0.00,597.00,132,237,125,449,721,2,12,"14,110",100.0
제주특별자치도,제주시,일도2동,2020,"103,272.65","103,272.65","82,670.00",80.1,0.000,"21,781.27","21,781.27","18,666.00","2,311.00","9,604.00",0.00,"6,751.00",2.700,"51,329.16","51,329.16","41,097.00",0.00,"41,097.00",0.000,"30,162.22","30,162.22","22,907.00","1,731.00","17,678.00",0.00,"3,498.00",238,"1,374",530,"2,635","4,223",5,68,"82,670",100.0
제주특별자치도,제주시,이도1동,2020,"41,590.72","41,590.72","33,293.00",80.0,0.000,"8,771.91","8,771.91","7,517.00",931.00,"3,867.00",0.00,"2,719.00",1.100,"20,671.66","20,671.66","16,551.00",0.00,"16,551.00",0.000,"12,147.15","12,147.15","9,225.00",697.00,"7,119.00",0.00,"1,409.00",229,551,234,"1,061","1,701",10,27,"33,293",100.0
제주특별자치도,제주시,이도2동,2020,"209,999.45","209,999.45","172,966.00",82.4,0.100,"44,291.06","44,291.06","37,956.00","4,699.00","19,530.00",0.00,"13,727.00",5.500,"104,375.12","104,375.12","87,356.00","3,728.00","83,628.00",0.000,"61,333.27","61,333.27","47,654.00","4,593.00","35,949.00",0.00,"7,112.00",471,"2,224","1,510","5,359","8,586",28,137,"172,965",100.0
제주특별자치도,제주시,삼도1동,2020,"53,263.20","53,263.20","42,637.00",80.0,0.000,"11,233.76","11,233.76","9,627.00","1,192.00","4,953.00",0.00,"3,482.00",1.400,"26,473.18","26,473.18","21,196.00",0.00,"21,196.00",0.000,"15,556.26","15,556.26","11,814.00",893.00,"9,117.00",0.00,"1,804.00",256,665,168,"1,359","2,178",34,35,"42,637",100.0
제주특별자치도,제주시,삼도2동,2020,"56,649.44","56,649.44","45,349.00",80.1,0.000,"11,947.95","11,947.95","10,239.00","1,268.00","5,268.00",0.00,"3,703.00",1.500,"28,156.23","28,156.23","22,544.00",0.00,"22,544.00",0.000,"16,545.26","16,545.26","12,566.00",949.00,"9,698.00",0.00,"1,919.00",416,788,320,"1,445","2,316",24,37,"45,348",100.0
제주특별자치도,제주시,용담1동,2020,"36,062.60","36,062.60","28,868.00",80.0,0.000,"7,605.97","7,605.97","6,518.00",807.00,"3,353.00",0.00,"2,358.00",0.900,"17,924.04","17,924.04","14,351.00",0.00,"14,351.00",0.000,"10,532.59","10,532.59","7,999.00",604.00,"6,174.00",0.00,"1,221.00",305,474,104,920,"1,475",29,24,"28,868",100.0
제주특별자치도,제주시,용담2동,2020,"104,777.90","111,472.59","100,951.00",90.6,0.000,"22,098.74","22,098.74","18,938.00","2,345.00","9,744.00",0.00,"6,849.00",2.700,"52,077.31","58,772.00","58,772.00","17,076.00","41,696.00",0.000,"30,601.85","30,601.85","23,241.00","1,756.00","17,936.00",0.00,"3,549.00",308,"1,236",762,"2,673","4,284",24,69,"93,292",92.4
제주특별자치도,제주시,건입동,2020,"58,363.65","58,363.65","48,762.00",83.5,0.000,"12,309.50","12,309.50","10,549.00","1,306.00","5,428.00",0.00,"3,815.00",1.500,"29,008.23","29,008.23","24,221.00",995.00,"23,226.00",0.000,"17,045.92","17,045.92","13,992.00","1,871.00","9,991.00",0.00,"2,130.00",257,675,330,"1,489","2,386",5,37,"48,761",100.0
제주특별자치도,제주시,화북동,2020,"120,022.10","120,984.03","110,519.00",91.4,0.000,"25,313.90","25,313.90","21,693.00","2,686.00","11,161.00",0.00,"7,846.00",3.100,"59,654.07","60,616.00","60,616.00","12,632.00","47,984.00",0.000,"35,054.13","35,054.13","28,210.00","3,527.00","20,618.00",0.00,"4,065.00",185,"1,547",828,"3,063","4,909",11,77,"108,178",97.9
제주특별자치도,제주시,삼양동,2020,"127,105.89","127,105.89","106,880.00",84.1,0.000,"26,807.95","26,807.95","22,974.00","2,844.00","11,821.00",0.00,"8,309.00",3.300,"63,174.89","63,174.89","55,583.00",210.00,"55,373.00",0.000,"37,123.05","37,123.05","28,323.00","2,130.00","21,888.00",0.00,"4,305.00",404,"1,529","1,006","3,289","5,197",17,82,"106,880",100.0
제주특별자치도,제주시,봉개동,2020,"31,156.30","38,727.82","36,099.00",93.2,0.000,"6,571.19","6,571.19","5,631.00",697.00,"2,897.00",0.00,"2,037.00",0.800,"15,485.48","23,057.00","23,057.00","1,740.00","21,317.00",0.000,"9,099.63","9,099.63","7,411.00",522.00,"5,834.00",0.00,"1,055.00",89,635,145,831,"1,308",4,20,"36,098",100.0
제주특별자치도,제주시,아라동,2020,"203,575.27","203,575.27","164,996.00",81.0,0.100,"42,936.13","42,936.13","36,795.00","4,555.00","18,933.00",0.00,"13,307.00",5.300,"101,182.14","101,182.14","82,844.00",776.00,"82,068.00",0.000,"59,457.00","59,457.00","45,357.00","3,614.00","34,848.00",0.00,"6,895.00",391,"2,278","1,352","5,198","8,324",22,132,"164,996",100.0
제주특별자치도,제주시,오라동,2020,"83,295.58","83,579.54","76,086.00",91.0,0.000,"17,567.90","17,567.90","15,055.00","1,864.00","7,746.00",0.00,"5,445.00",2.200,"41,400.04","41,684.00","41,684.00","7,006.00","34,678.00",0.000,"24,327.64","24,327.64","19,347.00","1,396.00","15,130.00",0.00,"2,821.00",237,840,427,"2,140","3,480",30,54,"76,085",100.0
제주특별자치도,제주시,연동,2020,"142,021.21","142,021.21","125,627.00",88.5,0.100,"29,953.74","29,953.74","25,670.00","3,178.00","13,208.00",0.00,"9,284.00",3.700,"70,588.19","70,588.19","66,983.00","9,912.00","57,071.00",0.000,"41,479.28","41,479.28","32,974.00","2,380.00","25,784.00",0.00,"4,810.00",212,"1,970",574,"3,641","6,220",18,92,"125,626",100.0
제주특별자치도,제주시,노형동,2020,"196,114.75","196,114.75","176,185.00",89.8,0.100,"41,362.63","41,362.63","35,447.00","4,388.00","18,239.00",0.00,"12,820.00",5.100,"97,474.07","97,474.07","97,238.00","19,195.00","78,043.00",0.000,"57,278.05","57,278.05","43,500.00","3,287.00","33,571.00",0.00,"6,642.00",367,"2,327","1,387","5,004","8,019",16,127,"175,879",99.8
제주특별자치도,제주시,외도동,2020,"97,546.67","97,546.67","84,814.00",86.9,0.000,"20,573.60","20,573.60","17,631.00","2,183.00","9,071.00",0.00,"6,377.00",2.500,"48,483.20","48,483.20","45,133.00","6,315.00","38,818.00",0.000,"28,489.87","28,489.87","22,050.00","2,048.00","16,698.00",0.00,"3,304.00",239,"1,128",621,"2,489","3,988",20,63,"84,814",100.0
제주특별자치도,제주시,이호동,2020,"43,213.32","43,213.32","34,911.00",80.8,0.000,"9,114.14","9,114.14","7,811.00",967.00,"4,019.00",0.00,"2,825.00",1.100,"21,478.13","21,478.13","17,515.00",319.00,"17,196.00",0.000,"12,621.05","12,621.05","9,585.00",724.00,"7,397.00",0.00,"1,464.00",225,557,206,"1,102","1,767",8,28,"34,911",100.0
제주특별자치도,제주시,도두동,2020,"52,069.51","52,069.51","41,830.00",80.3,0.000,"10,982.00","10,982.00","9,411.00","1,165.00","4,842.00",0.00,"3,404.00",1.300,"25,879.88","25,879.88","20,869.00",148.00,"20,721.00",0.000,"15,207.63","15,207.63","11,550.00",873.00,"8,913.00",0.00,"1,764.00",159,647,296,"1,328","2,129",5,33,"41,829",100.0
제주특별자치도,서귀포시,대정읍,2020,"261,941.00","261,941.00","195,740.00",74.7,0.000,"54,697.00","54,697.00","54,448.00","5,486.00","23,191.00","2,582.00","23,189.00",12.700,"121,403.00","121,403.00","89,971.00","1,127.00","88,844.00",0.000,"85,841.00","85,841.00","51,321.00",0.00,"51,247.00",0.00,74.00,338,"3,284","2,495","3,479","3,416",1,74,"195,740",100.0
제주특별자치도,서귀포시,남원읍,2020,"315,865.00","315,865.00","221,130.00",70.0,0.000,"101,114.00","101,114.00","98,380.00","4,862.00","72,786.00","3,668.00","17,064.00",10.800,"149,210.00","149,210.00","78,347.00",525.00,"77,822.00",0.000,"65,541.00","65,541.00","44,403.00",0.00,"43,751.00",0.00,652.00,"1,590","4,089","1,389","5,449","5,449",9,139,"221,130",100.0
제주특별자치도,서귀포시,성산읍,2020,"323,540.00","323,540.00","210,559.00",65.1,0.000,"37,612.00","37,612.00","32,671.00","2,486.00","18,239.00",698.00,"11,248.00",10.500,"158,009.00","158,009.00","122,631.00","3,628.00","119,003.00",0.000,"127,919.00","127,919.00","55,257.00","3,860.00","51,397.00",0.00,0.00,114,"3,076","1,817","3,056","2,289",0,79,"210,559",100.0
제주특별자치도,서귀포시,안덕면,2020,"184,160.00","184,160.00","119,489.00",64.9,0.000,"32,044.00","32,044.00","28,588.00","1,878.00","9,589.00","1,921.00","15,200.00",10.700,"78,061.00","78,061.00","63,415.00","7,251.00","56,164.00",0.000,"74,055.00","74,055.00","27,486.00",488.00,"26,998.00",0.00,0.00,91,"2,332","1,454","2,285","2,099",2,46,"119,489",100.0
제주특별자치도,서귀포시,표선면,2020,"139,130.00","139,130.00","100,722.00",72.4,0.000,"54,513.00","54,513.00","54,512.00","3,375.00","44,485.00",360.00,"6,292.00",4.200,"47,871.00","47,871.00","29,361.00",0.00,"29,361.00",0.000,"36,746.00","36,746.00","16,849.00",0.00,"16,575.00",0.00,274.00,411,"1,529","1,228","2,343","2,341",0,51,"100,722",100.0
제주특별자치도,서귀포시,송산동,2020,"67,733.98","69,851.93","49,221.00",70.5,0.000,"2,796.05","4,914.00","4,914.00",104.00,"3,668.00",33.00,"1,109.00",2.700,"39,323.47","39,323.47","26,671.00",532.00,"26,139.00",153.000,"25,614.46","25,614.46","17,636.00","1,445.00","15,573.00",153.00,465.00,86,625,394,"1,194","2,315",12,35,"49,221",100.0
제주특별자치도,서귀포시,정방동,2020,"27,639.52","28,861.56","19,584.00",67.9,0.000,"1,140.96","2,363.00","2,363.00",43.00,"1,853.00",14.00,453.00,1.100,"16,046.33","16,046.33","10,309.00",0.00,"10,309.00",62.000,"10,452.23","10,452.23","6,912.00",305.00,"6,355.00",62.00,190.00,60,292,190,487,944,9,15,"19,583",100.0
제주특별자치도,서귀포시,중앙동,2020,"26,377.60","27,611.73","18,689.00",67.7,0.000,"1,088.87","2,323.00","2,323.00",41.00,"1,837.00",13.00,432.00,1.000,"15,313.71","15,313.71","9,770.00",0.00,"9,770.00",59.000,"9,975.02","9,975.02","6,596.00",291.00,"6,065.00",59.00,181.00,73,338,176,464,901,4,14,"18,689",100.0
제주특별자치도,서귀포시,천지동,2020,"36,250.12","41,285.72","27,591.00",66.8,0.000,"1,496.40","6,532.00","6,532.00",56.00,"5,864.00",18.00,594.00,1.400,"21,045.28","21,045.28","11,994.00",0.00,"11,994.00",82.000,"13,708.44","13,708.44","9,065.00",400.00,"8,334.00",82.00,249.00,41,507,301,639,"1,239",0,19,"27,590",100.0
제주특별자치도,서귀포시,효돈동,2020,"76,161.25","78,995.32","57,669.00",73.0,0.000,"3,143.93","5,978.00","5,978.00",117.00,"4,577.00",37.00,"1,247.00",3.100,"44,215.99","44,215.99","30,897.00","1,957.00","28,940.00",172.000,"28,801.33","28,801.33","20,794.00","2,589.00","17,510.00",172.00,523.00,114,802,547,"1,342","2,603",5,39,"57,668",100.0
제주특별자치도,서귀포시,영천동,2020,"114,351.78","118,801.35","81,126.00",68.3,0.000,"4,720.43","9,170.00","9,170.00",176.00,"7,066.00",56.00,"1,872.00",4.600,"66,387.79","66,387.79","43,361.00",104.00,"43,257.00",258.000,"43,243.56","43,243.56","28,595.00","1,262.00","26,289.00",258.00,786.00,99,"1,228",883,"2,015","3,908",4,59,"81,125",100.0
제주특별자치도,서귀포시,동홍동,2020,"83,349.62","86,910.95","59,056.00",68.0,0.000,"3,440.67","7,002.00","7,002.00",128.00,"5,468.00",41.00,"1,365.00",3.400,"48,389.25","48,389.25","31,211.00",0.00,"31,211.00",188.000,"31,519.70","31,519.70","20,843.00",920.00,"19,162.00",188.00,573.00,68,931,835,"1,469","2,848",5,42,"59,055",100.0
제주특별자치도,서귀포시,서홍동,2020,"47,303.68","51,027.99","36,416.00",71.4,0.000,"1,952.69","5,677.00","5,677.00",73.00,"4,806.00",23.00,775.00,1.900,"27,462.51","27,462.51","18,851.00",0.00,"18,851.00",107.000,"17,888.48","17,888.48","11,888.00",522.00,"10,934.00",107.00,325.00,115,541,299,"1,015","1,620",0,24,"36,416",100.0
제주특별자치도,서귀포시,대륜동,2020,"146,839.68","152,762.15","105,693.00",69.2,0.000,"6,061.53","11,984.00","11,984.00",226.00,"9,282.00",72.00,"2,404.00",6.000,"85,248.88","85,248.88","56,990.00",0.00,"56,990.00",331.000,"55,529.27","55,529.27","36,719.00","1,620.00","33,759.00",331.00,"1,009.00",118,"1,607","1,321","2,594","5,018",5,75,"105,692",100.0
제주특별자치도,서귀포시,대천동,2020,"108,606.12","117,512.87","89,472.00",76.1,0.000,"4,483.25","13,390.00","13,390.00",167.00,"11,392.00",53.00,"1,778.00",4.400,"63,052.10","63,052.10","48,841.00","10,112.00","38,729.00",245.000,"41,070.77","41,070.77","27,241.00","1,281.00","24,969.00",245.00,746.00,15,"1,252",897,"2,018","3,711",3,55,"89,471",100.0
제주특별자치도,서귀포시,중문동,2020,"104,575.65","110,988.77","79,449.00",71.6,0.000,"4,316.88","10,730.00","10,730.00",226.00,"8,741.00",51.00,"1,712.00",4.200,"60,712.18","60,712.18","42,326.00","4,830.00","37,496.00",236.000,"39,546.59","39,546.59","26,393.00","1,397.00","24,041.00",236.00,719.00,34,"1,083",657,"1,850","3,573",4,53,"79,449",100.0
제주특별자치도,서귀포시,예래동,2020,"103,448.01","123,606.68","78,259.00",63.3,0.000,"4,270.33","24,429.00","24,429.00",159.00,"22,525.00",51.00,"1,694.00",4.200,"60,057.52","60,057.52","27,753.00","4,710.00","23,043.00",233.000,"39,120.16","39,120.16","26,077.00","1,350.00","23,783.00",233.00,711.00,46,"1,090",720,"1,823","3,535",4,52,"78,259",100.0
