2-1_시설현황,,,,,,,,,,,,,,,,,,,,,,,,,,,,,,,,,,,,,,
행정구역,,,"하수정비
기본계획
목표년도","총관로정비
계획연장(m)","총계획연장
(m)","총시설연장
(m)","하수관로
보급률(%)",합류식,,,,,,,,분류식,,,,,,,,,,,,,,"합류식맨홀
(개소)",분류식,,"오수받이
(개소)","우수받이
(개소)","우수토실
(개소)","우수토구
(개소)","하수도대장
전산화연장(m)","하수도대장
전산화율(%)"
시도,구군,행정구역명,,,,,,,,,,,,,,오수관로,,,,,,우수관로,,,,,,,,,"오수맨홀
(개소)","우수맨홀
(개소)",,,,,,
,,,,,,,,"관로정비
계획면적(㎢)","관로정비
계획연장(m)",계획연장(m),시설연장(m),암거,,개거(m),측구(m),"관로정비
계획면적(㎢)","관로정비
계획연장(m)",계획연장(m),시설연장(m),암거,,"관로정비
계획면적(㎢)","관로정비
계획연장(m)",계획연장(m),시설연장(m),암거,,개거(m),측구(m),,,,,,,,,
,,,,,,,,,,,,사각형(m),원형(m),,,,,,,사각형(m),원형(m),,,,,사각형(m),원형(m),,,,,,,,,,,
'15,,,," 155,951,581.82 "," 171,803,331.56 "," 137,193,209.77 ", 79.9 ," 7,421.296 "," 39,653,833.21 "," 47,369,949.45 "," 44,227,704.69 "," 5,534,414.64 "," 27,319,530.44 "," 1,799,402.60 "," 9,574,357.00 "," 6,565.328 "," 66,968,758.34 "," 71,278,710.40 "," 54,720,736.45 "," 350,756.95 "," 54,369,979.50 "," 8,367.929 "," 49,328,990.27 "," 53,154,671.71 "," 38,244,768.64 "," 4,241,769.88 "," 25,347,860.85 "," 1,539,876.35 "," 7,115,261.56 ",,,,,," 12,349 "," 102,801 "," 107,299,443 ", 78.2 
'16,,,," 159,690,118.47 "," 178,951,281.50 "," 143,167,635.14 ", 80.0 ," 5,177.806 "," 39,423,798.81 "," 47,563,975.37 "," 43,737,567.21 "," 5,646,059.41 "," 26,644,234.83 "," 1,690,457.14 "," 9,636,002.31 "," 6,372.261 "," 70,336,156.74 "," 76,079,239.77 "," 58,333,615.21 "," 824,269.70 "," 57,436,775.71 "," 12,714.005 "," 50,168,488.02 "," 55,308,066.36 "," 41,096,452.73 "," 4,480,336.20 "," 27,041,303.85 "," 1,778,152.88 "," 7,647,751.65 ",,,,,," 11,974 "," 106,055 "," 120,192,348 ", 84.0 
'17,,,,"158,957,188.39"," 184,770,779.49 "," 149,030,122.40 ",80.7,"32,863.740","41,165,976.29","48,428,926.24","43,210,386.83","5,811,771.65","27,285,854.74","1,433,442.43","8,679,317.99","6,290.927","70,232,174.22","78,658,317.05","61,376,492.58","4,649,150.81","56,727,341.77","14,111.392","47,559,037.88","57,640,377.20"," 44,443,242.99 ","6,104,689.84","27,996,129.77","1,766,084.78","8,576,338.60","1,079,402","1,241,677","784,621","3,718,125","3,042,338","11,992","114,173","125,962,553",84.5
'18,,,,"156,192,120.29"," 191,025,523.11 "," 156,257,374.28 ",81.8,"33,908.008","34,777,190.32","47,787,693.55","43,825,859.53","5,866,552.28","28,011,945.47","1,474,650.94","8,472,710.84","7,892.628","71,213,058.36","82,145,579.32","64,856,814.31","3,447,725.47","61,409,088.84","15,540.551","50,201,871.61","61,092,250.24"," 47,574,700.44 ","6,366,053.09","30,306,344.59","1,792,866.30","9,109,436.46","1,062,272","1,292,156","865,598","4,323,372","2,976,890","11,993","99,928","131,658,557",84.3
'19,,,,"155,080,871.27"," 194,547,180.30 "," 160,093,181.35 ",82.3,"33,770.088","33,849,852.80","47,346,248.53","43,375,717.02","5,821,303.98","27,749,317.22","1,486,488.25","8,318,607.57","7,421.977","71,861,342.55","84,410,038.11","67,458,132.59","3,388,779.54","64,069,353.05","15,362.898","49,369,675.92","62,790,893.66"," 49,259,331.74 ","6,542,896.26","31,646,085.72","1,768,809.95","9,301,539.81","990,598","1,370,927","907,586","4,248,985","3,050,576","11,310","501,935","133,562,879",83.4
전국('20),,합계,,"157,080,759.49","196,960,064.55","163,098,677.15",82.8,"32,938.836","33,463,481.31","46,692,181.52","42,137,339.98","5,670,369.77","26,977,613.11","1,476,870.08","8,012,487.02","7,392.126","72,555,173.95","85,516,764.65","69,655,951.54","3,262,077.97","66,393,873.57","22,083.886","51,062,104.23","64,751,118.38","51,305,385.63","7,078,525.97","33,848,184.88","1,818,298.06","8,560,376.72","985,960","1,471,270","948,033","4,286,918","3,123,239","10,635","36,926","136,991,789",84.0
서울특별시,,합계,,"10,184,055.60","10,802,714.27","10,798,476.78",100.0,342.300,"9,121,601.10","9,517,530.84","9,514,471.47","1,367,365.38","8,146,496.11",79.47,530.51,87.900,"611,847.70","663,652.03","663,225.96","2,087.78","661,138.18",87.900,"450,606.80","621,531.40","620,779.35","95,232.17","410,814.01","42,094.60","72,638.57","244,145","21,965","10,813",990,"501,111","1,465","2,492","10,798,554",100.0
부산광역시,,합계,,"10,485,582.00","15,279,812.15","9,898,530.63",64.8,329.120,0.00,"4,585,971.60","4,585,971.60","573,005.74","1,106,584.15","353,510.98","2,552,870.73",440.380,"3,367,512.00","3,575,770.55","2,294,490.73","19,745.85","2,274,744.88","7,373.830","7,118,070.00","7,118,070.00","3,018,068.30","265,546.60","754,879.32","139,302.77","1,858,339.61","77,227","76,198","17,047","191,095","215,908","1,307","1,335","8,869,357",89.6
대구광역시,,합계,,"6,638,526.00","6,638,526.00","6,139,393.50",92.5,18.600,"3,600,753.00","3,600,753.00","3,447,478.00","332,245.00","1,158,760.00",389.00,"1,956,084.00",174.200,"1,546,319.00","1,546,319.00","1,251,942.00","51,326.00","1,200,616.00",0.000,"1,491,454.00","1,491,454.00","1,439,973.50","113,678.00","948,329.50",0.00,"377,966.00","42,171","17,400","25,259","136,503","144,376",552,12,"5,804,196",94.5
인천광역시,,합계,,"5,576,988.43","6,714,262.88","5,695,559.88",84.8,127.320,"3,050,487.43","3,173,413.43","2,563,324.43","351,849.99","2,074,487.60","38,228.00","98,758.84",119.380,"1,355,284.00","1,652,793.00","1,404,056.00","83,984.00","1,320,072.00",107.800,"1,171,217.00","1,888,056.45","1,728,179.45","218,110.00","1,279,643.05","37,409.00","193,017.40","47,281","21,663","24,096","14,043","165,474",188,130,"5,581,799",98.0
광주광역시,,합계,,"5,453,012.23","6,666,657.44","4,453,638.24",66.8,39.610,"480,042.60","1,693,687.81","1,693,687.81","159,516.37","1,099,828.94","23,295.50","411,047.00",166.650,"2,269,676.63","2,269,676.63","1,467,810.52","46,381.00","1,421,429.52",166.687,"2,703,293.00","2,703,293.00","1,292,139.91","130,306.44","1,109,644.47","1,845.00","50,344.00","51,332","20,082","21,192","24,722","74,606",265,248,"3,968,600",89.1
대전광역시,,합계,,"3,451,629.00","3,656,597.90","3,599,636.90",98.4,55.250,"1,493,422.00","1,610,685.90","1,600,943.90","231,914.00","933,087.90",0.00,"435,942.00",95.290,"908,867.00","921,476.00","875,393.00","1,943.00","873,450.00",95.290,"1,049,340.00","1,124,436.00","1,123,300.00","136,131.00","872,833.00",0.00,"114,336.00","34,171","15,925","22,508","96,563","148,750",162,199,"3,293,789",91.5
울산광역시,,합계,,"4,936,308.75","5,072,797.46","3,866,418.67",76.2,0.000,0.00,0.00,0.00,0.00,0.00,0.00,0.00,228.170,"2,623,728.00","2,675,281.92","2,243,029.53","4,826.36","2,238,203.17",977.510,"2,312,580.75","2,397,515.54","1,623,389.14","319,139.95","1,293,430.82","10,818.37",0.00,0,"50,704","32,043","48,892","68,987",105,"1,193","4,645,606",120.2
세종특별자치시,,합계,,"1,658,513.06","1,746,026.36","1,578,528.67",90.4,0.000,0.00,"87,513.30","87,513.30","5,499.00","56,776.30","18,705.40","6,532.60",48.321,"823,025.20","823,025.20","655,527.51",0.00,"655,527.51",48.321,"835,487.86","835,487.86","835,487.86","80,214.52","514,634.87","52,595.47","188,043.00","2,686","14,288","14,795","11,494","21,666",6,586,"1,578,528",100.0
경기도,,합계,,"27,382,884.63","36,821,203.20","32,537,909.05",88.4,"1,210.893","4,687,074.56","7,774,700.02","7,402,539.88","742,259.05","6,142,535.00","242,181.87","275,563.96","1,186.380","13,464,381.49","16,171,780.59","13,604,380.21","699,332.57","12,905,047.64","2,047.945","9,231,428.58","12,874,722.59","11,530,988.96","1,652,298.99","9,416,783.76","147,032.87","314,873.34","164,591","314,575","236,620","771,114","637,177","2,136","10,885","27,811,576",85.5
강원도,,합계,,"9,648,523.86","12,198,620.17","9,891,580.75",81.1,"1,600.412","1,765,444.26","2,506,678.73","2,138,877.82","166,317.04","1,655,391.44","80,522.32","236,647.02","1,096.237","4,985,365.30","5,652,348.58","4,444,022.54","387,441.00","4,056,581.54","2,217.270","2,897,714.30","4,039,592.86","3,308,680.39","270,862.34","2,044,375.19","128,552.35","864,890.51","48,521","80,982","51,672","242,476","169,070",661,"4,122","6,553,971",66.3
충청북도,,합계,,"7,574,276.88","8,604,279.90","7,430,752.54",86.4,60.615,"780,830.00","1,093,560.00","1,089,654.00","130,811.00","917,952.00","4,923.00","35,968.00",255.380,"4,508,446.05","4,812,109.77","3,835,431.42","126,527.00","3,708,904.42",840.980,"2,285,000.83","2,698,610.13","2,505,667.12","368,289.83","1,553,270.38","107,492.99","476,613.92","25,572","75,311","29,292","164,272","63,771",491,"1,782","6,353,550",85.5
충청남도,,합계,,"10,508,272.63","11,844,884.88","8,704,035.34",73.5,"27,927.278","2,076,573.60","2,265,006.27","1,293,194.86","173,507.06","597,631.56","174,362.42","347,693.82",428.228,"5,432,296.72","5,865,819.78","4,555,783.31","12,696.20","4,543,087.11",268.458,"2,999,402.31","3,714,058.83","2,855,057.17","461,445.06","1,960,243.07","78,862.24","354,506.80","57,517","90,147","53,599","352,282","28,878",574,"1,293","6,774,445",77.8
전라북도,,합계,,"10,836,033.20","12,266,333.66","9,957,499.91",81.2,153.258,"1,777,576.00","2,026,161.00","1,286,566.67","286,341.57","717,822.10","23,702.00","258,701.00",343.082,"6,274,497.30","6,907,001.82","5,738,117.62","592,543.59","5,145,574.03","1,076.068","2,783,959.90","3,333,170.84","2,932,815.62","482,260.89","1,886,171.18","88,530.97","475,852.58","43,751","95,741","72,833","432,984","92,999",492,"1,503","8,214,421",82.5
전라남도,,합계,,"10,875,570.30","15,384,426.71","12,041,141.10",78.3,157.220,"714,585.26","1,679,774.52","1,422,800.74","186,585.18","715,851.40","126,625.12","393,739.04",628.248,"6,882,490.40","8,830,084.90","7,047,583.59","489,521.50","6,558,062.09","1,631.549","3,278,494.64","4,874,567.29","3,570,756.77","583,768.74","2,132,523.61","295,396.75","559,067.67","43,927","123,728","53,050","435,340","273,189",317,"1,601","8,083,500",67.1
경상북도,,합계,,"15,202,093.88","19,238,873.22","16,268,991.35",84.6,609.330,"2,127,368.00","3,077,691.00","2,838,085.00","794,480.00","1,090,979.00","319,591.00","633,035.00","1,065.094","8,212,037.83","9,993,656.50","8,274,907.78","599,727.40","7,675,180.38","1,340.587","4,862,688.05","6,167,525.72","5,155,998.57","813,264.82","2,789,454.34","544,995.62","1,008,283.79","56,894","149,778","87,495","468,082","56,142",505,"3,170","11,920,209",73.3
경상남도,,합계,,"11,163,089.04","18,284,267.99","15,858,358.79",86.7,307.230,"953,758.50","1,163,922.04","975,414.36","153,213.37","382,073.49","70,754.00","369,373.50",849.386,"6,401,148.34","10,192,961.98","8,768,919.17","143,085.76","8,625,833.41","1,677.691","3,808,182.20","6,927,383.97","6,114,025.26","947,601.99","3,503,380.46","136,557.17","1,526,485.64","39,817","235,666","156,911","785,493","311,702","1,033","4,425","12,481,529",78.7
제주특별자치도,,합계,,"5,505,400.00","5,739,780.36","4,378,225.05",76.3,0.400,"833,965.00","835,132.06","196,816.14","15,460.02","181,356.12",0.00,0.00,179.800,"2,888,250.99","2,963,006.40","2,531,330.65",908.96,"2,530,421.69","2,126.000","1,783,184.01","1,941,641.90","1,650,078.26","140,374.63","1,377,773.85","6,811.89","125,117.89","6,357","67,117","38,808","110,573","149,433",376,"1,950","4,258,156",97.3
전국,,합계,,"157,080,759.49","196,960,064.55","163,098,677.15",82.8,"32,938.836","33,463,481.31","46,692,181.52","42,137,339.98","5,670,369.77","26,977,613.11","1,476,870.08","8,012,487.02","7,392.126","72,555,173.95","85,516,764.65","69,655,951.54","3,262,077.97","66,393,873.57","22,083.886","51,062,104.23","64,751,118.38","51,305,385.63","7,078,525.97","33,848,184.88","1,818,298.06","8,560,376.72","985,960","1,471,270","948,033","4,286,918","3,123,239","10,635","36,926","136,991,789",84.0
서울특별시,,합계,,"10,184,055.60","10,802,714.27","10,798,476.78",100.0,342.300,"9,121,601.10","9,517,530.84","9,514,471.47","1,367,365.38","8,146,496.11",79.47,530.51,87.900,"611,847.70","663,652.03","663,225.96","2,087.78","661,138.18",87.900,"450,606.80","621,531.40","620,779.35","95,232.17","410,814.01","42,094.60","72,638.57","244,145","21,965","10,813",990,"501,111","1,465","2,492","10,798,554",100.0
서울특별시,종로구,종로구,2030,"336,625.10","363,797.92","363,797.92",100.0,14.100,"319,870.10","340,525.42","340,525.42","50,907.78","289,567.08",0.00,50.56,1.000,"1,149.70","1,195.59","1,195.59",0.00,"1,195.59",1.000,"15,605.30","22,076.91","22,076.91","4,577.68",620.97,"4,936.92","11,941.34","9,510",271,53,51,"16,176",65,100,"363,798",100.0
서울특별시,중구,중구,2030,"263,410.90","271,597.15","271,597.15",100.0,9.900,"258,634.30","264,470.30","264,470.30","28,734.34","235,728.95",0.00,7.01,0.000,"1,064.20","1,519.99","1,519.99",0.00,"1,519.99",0.000,"3,712.40","5,606.86","5,606.86","1,515.43","1,301.66","1,537.87","1,251.90","7,994",114,65,16,"14,976",17,28,"271,597",100.0
서울특별시,용산구,용산구,2030,"351,934.10","372,889.19","372,889.19",100.0,17.000,"334,084.90","354,498.19","354,498.19","52,552.82","301,770.77",0.00,174.60,0.100,"8,061.60","8,364.28","8,364.28",0.00,"8,364.28",0.100,"9,787.60","10,026.72","10,026.72",378.13,98.94,"4,402.85","5,146.80","9,431",336,21,1,"17,691",31,93,"372,889",100.0
서울특별시,성동구,성동구,2030,"290,223.20","305,847.66","305,847.66",100.0,12.700,"282,796.40","296,869.52","296,869.52","53,678.93","243,190.59",0.00,0.00,0.300,"1,696.20","2,309.45","2,309.45",0.00,"2,309.45",0.300,"5,730.60","6,668.69","6,668.69",338.82,"4,295.81",398.05,"1,636.01","8,172",280,128,16,"16,189",25,105,"305,848",100.0
서울특별시,광진구,광진구,2030,"350,678.00","363,389.59","363,389.59",100.0,11.600,"349,303.30","357,041.59","357,041.59","43,643.13","313,398.46",0.00,0.00,0.600,"1,374.70","1,375.31","1,375.31",0.00,"1,375.31",0.600,0.00,"4,972.69","4,972.69",86.68,"4,494.48",153.48,238.05,"9,938",84,186,21,"25,172",9,42,"363,397",100.0
서울특별시,동대문구,동대문구,2030,"399,771.30","407,523.64","407,523.64",100.0,11.700,"393,356.90","401,059.89","401,059.89","58,662.11","342,397.78",0.00,0.00,1.900,"2,534.30","2,578.41","2,578.41",0.00,"2,578.41",1.900,"3,880.10","3,885.34","3,885.34",0.00,"1,575.80","1,901.64",407.90,"11,715",245,44,41,"21,606",54,69,"407,524",100.0
서울특별시,중랑구,중랑구,2030,"404,661.20","432,172.71","432,172.71",100.0,11.400,"381,695.40","408,476.78","408,476.78","62,939.02","345,537.76",0.00,0.00,1.500,"12,830.30","13,060.34","13,060.34",0.00,"13,060.34",1.500,"10,135.50","10,635.59","10,635.59","2,504.94","6,047.43","1,715.58",367.64,"11,557",468,375,21,"18,843",13,58,"432,178",100.0
서울특별시,성북구,성북구,2030,"485,238.60","505,756.01","505,756.01",100.0,15.300,"469,470.00","482,770.13","482,770.13","80,373.93","402,396.20",0.00,0.00,3.400,"6,948.30","9,834.96","9,834.96",0.00,"9,834.96",3.400,"8,820.30","13,150.92","13,150.92","1,749.84","3,088.72","2,563.46","5,748.90","13,703",655,106,47,"22,950",171,187,"505,756",100.0
서울특별시,강북구,강북구,2030,"332,848.60","356,786.26","356,780.80",100.0,9.000,"329,139.80","349,849.78","349,849.78","43,685.83","306,163.95",0.00,0.00,2.300,"2,239.80","2,239.80","2,234.34",0.00,"2,234.34",2.300,"1,469.00","4,696.68","4,696.68","3,287.74",224.96,620.23,563.75,"10,518",286,14,23,"16,441",98,64,"356,781",100.0
서울특별시,도봉구,도봉구,2030,"293,264.80","325,793.85","325,793.85",100.0,8.500,"270,082.00","299,909.25","299,909.25","27,502.49","272,406.76",0.00,0.00,2.700,"18,038.70","18,578.86","18,578.86",0.00,"18,578.86",2.700,"5,144.10","7,305.74","7,305.74",161.85,"5,318.35",705.63,"1,119.91","7,687","1,029",130,20,"12,362",260,194,"325,794",100.0
서울특별시,노원구,노원구,2030,"400,617.30","445,716.13","445,716.13",100.0,6.800,"322,239.40","354,115.34","354,115.34","69,785.96","284,329.38",0.00,0.00,11.500,"61,291.80","63,381.74","63,381.74",15.95,"63,365.79",11.500,"17,086.10","28,219.05","28,219.05","6,609.35","18,883.69","1,393.38","1,332.63","8,680","2,027",321,19,"15,463",101,135,"445,717",100.0
서울특별시,은평구,은평구,2030,"455,174.20","474,432.18","474,432.18",100.0,15.200,"398,850.80","408,813.88","408,813.88","55,773.40","353,017.00",0.00,23.48,4.400,"24,756.30","27,789.73","27,789.73",0.00,"27,789.73",4.400,"31,567.10","37,828.57","37,828.57","4,496.99","32,346.55",409.93,575.10,"11,270",932,"1,043",48,"22,900",26,85,"474,443",100.0
서울특별시,서대문구,서대문구,2030,"332,051.30","348,146.38","348,146.38",100.0,14.500,"312,863.30","327,011.30","327,011.30","37,650.14","289,361.16",0.00,0.00,2.000,"9,031.60","9,749.56","9,749.56",1.98,"9,747.58",2.000,"10,156.40","11,385.52","11,385.52","1,504.69","5,911.34",406.92,"3,562.57","8,366",430,378,42,"14,564",149,179,"348,154",100.0
서울특별시,마포구,마포구,2030,"443,888.00","463,862.32","463,862.32",100.0,14.900,"393,952.80","413,133.45","413,133.45","59,693.90","353,439.55",0.00,0.00,3.200,"17,315.80","17,505.46","17,505.46",0.00,"17,505.46",3.200,"32,619.40","33,223.41","33,223.41","1,712.20","29,390.35",215.86,"1,905.00","10,864",734,724,86,"23,911",38,108,"463,866",100.0
서울특별시,양천구,양천구,2030,"388,034.50","392,986.72","390,768.82",99.4,9.800,"324,151.70","324,151.70","321,933.80","59,001.65","262,932.15",0.00,0.00,6.200,"49,755.00","49,772.99","49,772.99",0.00,"49,772.99",6.200,"14,127.80","19,062.03","19,062.03","2,185.19","14,027.13","1,277.55","1,572.16","7,957","1,343",443,12,"22,662",7,17,"390,769",100.0
서울특별시,강서구,강서구,2030,"508,036.90","563,986.21","563,986.21",100.0,14.200,"382,022.00","395,167.28","395,167.28","57,944.16","337,216.83",6.29,0.00,11.000,"60,074.90","78,783.54","78,783.54","1,600.97","77,182.57",11.000,"65,940.00","90,035.39","90,035.39","20,503.60","68,057.26","1,175.23",299.30,"9,947","1,839","1,353",39,"24,003",19,77,"563,990",100.0
서울특별시,구로구,구로구,2030,"379,819.50","391,368.76","391,368.76",100.0,16.100,"353,625.30","359,906.77","359,906.77","49,644.72","310,262.05",0.00,0.00,0.400,"6,223.30","6,467.62","6,467.62",0.00,"6,467.62",0.400,"19,970.90","24,994.37","24,994.37","2,875.30","14,699.52","2,571.52","4,848.03","9,755",373,399,53,"14,092",19,91,"391,370",100.0
서울특별시,금천구,금천구,2030,"249,029.10","259,603.60","258,851.55",99.7,9.600,"229,871.70","240,228.12","240,228.12","45,949.73","194,278.39",0.00,0.00,0.800,"2,463.80","2,681.88","2,681.88",0.00,"2,681.88",0.800,"16,693.60","16,693.60","15,941.55","3,945.06","10,943.16","1,053.33",0.00,"5,766",158,606,23,"15,567",11,33,"258,854",100.0
서울특별시,영등포구,영등포구,2030,"469,072.60","495,681.94","495,681.94",100.0,15.000,"464,093.80","489,247.13","489,247.13","76,226.29","413,020.84",0.00,0.00,1.700,"1,876.60","2,862.90","2,862.90",0.00,"2,862.90",1.700,"3,102.20","3,571.91","3,571.91",608.71,617.07,"2,331.46",14.67,"12,062",552,149,24,"17,761",26,93,"495,693",100.0
서울특별시,동작구,동작구,2030,"331,749.20","333,908.19","333,066.72",99.7,13.900,"325,618.20","325,618.20","324,776.73","31,502.29","293,274.44",0.00,0.00,1.700,"3,838.60","4,405.77","4,405.77",0.00,"4,405.77",1.700,"2,292.40","3,884.22","3,884.22",586.62,"2,692.58",461.62,143.40,"9,443",253,300,19,"17,466",14,31,"333,075",100.0
서울특별시,관악구,관악구,2030,"408,058.20","433,404.41","433,404.41",100.0,19.400,"405,030.90","419,132.60","419,132.60","42,949.17","376,110.25",73.18,0.00,0.700,"1,640.30","1,761.73","1,761.73",0.00,"1,761.73",0.700,"1,387.00","12,510.08","12,510.08","8,328.85","2,818.67",866.19,496.37,"11,117",360,4,40,"23,660",137,136,"433,406",100.0
서울특별시,서초구,서초구,2030,"542,729.20","589,940.03","589,940.03",100.0,24.200,"481,321.90","494,961.41","494,961.41","74,714.58","420,246.83",0.00,0.00,0.500,"40,143.60","46,318.19","46,318.19",22.82,"46,295.37",0.500,"21,263.70","48,660.43","48,660.43","5,275.71","29,806.76","6,365.55","7,212.41","10,270","1,551",406,35,"31,303",79,236,"589,941",100.0
서울특별시,강남구,강남구,2030,"665,310.80","721,660.65","721,660.65",100.0,20.500,"569,742.00","600,386.78","600,386.78","71,469.74","528,661.34",0.00,255.70,10.000,"69,365.90","77,480.14","77,480.14",0.00,"77,480.14",10.000,"26,202.90","43,793.73","43,793.73","6,862.02","29,799.25","2,603.08","4,529.38","11,736","2,381",914,172,"24,695",43,112,"721,664",100.0
서울특별시,송파구,송파구,2030,"656,703.40","710,766.34","710,766.34",100.0,16.000,"416,724.20","437,562.81","437,562.81","73,323.36","364,220.29",0.00,19.16,12.400,"148,337.40","153,838.79","153,838.79",446.06,"153,392.73",12.400,"91,641.80","119,364.74","119,364.74","8,412.95","99,564.29",370.00,"11,017.50","8,471","3,778","2,084",62,"28,430",37,135,"710,772",100.0
서울특별시,강동구,강동구,2030,"445,125.60","471,696.43","471,275.82",99.9,11.000,"353,060.00","372,623.22","372,623.22","59,055.91","313,567.31",0.00,0.00,7.600,"59,795.00","59,795.00","59,374.39",0.00,"59,374.39",7.600,"32,270.60","39,278.21","39,278.21","6,723.82","24,189.27","1,657.27","6,707.85","8,216","1,486",567,59,"22,228",16,84,"471,278",100.0
부산광역시,,합계,,"10,485,582.00","15,279,812.15","9,898,530.63",64.8,329.120,0.00,"4,585,971.60","4,585,971.60","573,005.74","1,106,584.15","353,510.98","2,552,870.73",440.380,"3,367,512.00","3,575,770.55","2,294,490.73","19,745.85","2,274,744.88","7,373.830","7,118,070.00","7,118,070.00","3,018,068.30","265,546.60","754,879.32","139,302.77","1,858,339.61","77,227","76,198","17,047","191,095","215,908","1,307","1,335","8,869,357",89.6
부산광역시,중구,중구,2035,"216,400.00","293,082.21","236,532.41",80.7,1.400,0.00,"62,606.46","62,606.46","18,472.00","15,120.00",909.46,"28,105.00",1.430,"52,245.00","66,320.75","66,320.75",0.00,"66,320.75",1.430,"164,155.00","164,155.00","107,605.20","8,196.00","31,686.20",0.00,"67,723.00","9,827",895,250,"4,902","4,564",27,30,"212,205",89.7
부산광역시,서구,서구,2035,"380,300.00","621,082.00","356,116.00",57.3,6.300,0.00,"240,782.00","240,782.00","37,305.00","86,507.00","25,851.00","91,119.00",7.630,"108,889.00","108,889.00","33,943.00",0.00,"33,943.00",7.630,"271,411.00","271,411.00","81,391.00","5,109.00","7,506.00","7,932.00","60,844.00","1,150",815,147,"6,380","5,980",24,25,"309,304",86.9
부산광역시,동구,동구,2035,"350,460.00","513,919.00","329,142.21",64.0,2.800,0.00,"163,459.00","163,459.00","41,357.00","25,523.00","7,654.00","88,925.00",6.940,"83,426.00","83,426.00","23,901.21",257.21,"23,644.00","6,940.000","267,034.00","267,034.00","141,782.00","19,261.00","28,847.00","6,940.00","86,734.00","2,378",332,"1,472","6,273","5,926",44,30,"287,857",87.5
부산광역시,영도구,영도구,2035,"365,099.00","579,856.00","319,194.70",55.0,8.700,0.00,"214,757.00","214,757.00","33,340.00","80,269.00","7,778.00","93,370.00",5.500,"106,454.00","106,454.00","31,963.40",0.00,"31,963.40",5.500,"258,645.00","258,645.00","72,474.30","13,125.00","19,334.30","13,182.00","26,833.00","1,914","1,360",187,"5,708","5,856",13,52,"303,558",95.1
부산광역시,부산진구,부산진구,2035,"848,863.00","1,585,617.34","974,907.85",61.5,14.850,0.00,"736,754.34","736,754.34","32,731.24","138,991.75","65,012.52","500,018.83",14.820,"248,938.00","248,938.00","153,222.17",932.06,"152,290.11",14.820,"599,925.00","599,925.00","84,931.34","1,562.72","13,668.99","24,462.77","45,236.86","3,345","11,177",349,"15,851","13,701",160,0,"746,360",76.6
부산광역시,동래구,동래구,2035,"567,869.00","823,426.09","710,369.67",86.3,5.400,0.00,"222,425.00","222,425.00","44,148.00","57,446.00","11,654.00","109,177.00",11.230,"157,243.00","190,375.09","190,375.09","2,014.15","188,360.94",11.230,"410,626.00","410,626.00","297,569.58","15,066.88","33,807.95","16,488.00","232,206.75","2,765","3,670",450,"20,050","22,049",107,160,"571,989",80.5
부산광역시,남구,남구,2035,"673,841.00","971,773.70","629,881.70",64.8,10.900,0.00,"297,932.70","297,932.70","61,370.00","92,829.80","34,680.00","109,052.90",15.910,"184,879.00","184,879.00","104,209.00","1,345.00","102,864.00",15.910,"488,962.00","488,962.00","227,740.00","12,102.00","18,975.00","12,420.00","184,243.00","3,089","1,369",150,"16,443","16,358",113,0,"603,933",95.9
부산광역시,북구,북구,2035,"517,039.00","767,981.00","569,204.00",74.1,10.100,0.00,"250,942.00","250,942.00","28,365.00","50,353.00","18,301.00","153,923.00",29.270,"134,067.00","134,067.00","52,930.00",0.00,"52,930.00",29.270,"382,972.00","382,972.00","265,332.00","32,567.00","42,716.00",0.00,"190,049.00","6,842","5,168",0,"12,250","14,957",94,12,"539,170",94.7
부산광역시,해운대구,해운대구,2035,"895,725.00","1,333,705.00","862,547.00",64.7,16.000,0.00,"437,980.00","437,980.00","72,500.00","109,615.00","27,462.00","228,403.00",35.470,"323,152.00","323,152.00","231,922.00",169.00,"231,753.00",35.470,"572,573.00","572,573.00","192,645.00","1,333.00","106,825.00",519.00,"83,968.00","8,683","2,221","2,111","13,353","13,003",40,220,"808,375",93.7
부산광역시,사하구,사하구,2035,"825,016.00","1,233,006.00","907,942.00",73.6,22.400,0.00,"308,423.00","308,423.00","44,611.00","90,940.00","16,302.00","156,570.00",19.370,"209,160.00","308,727.00","308,727.00","10,254.00","298,473.00",19.370,"615,856.00","615,856.00","290,792.00","42,338.00","43,483.00","16,022.00","188,949.00","8,850","8,610",70,"14,343","22,847",130,0,"785,319",86.5
부산광역시,금정구,금정구,2035,"695,470.00","1,170,365.71","793,359.71",67.8,30.200,0.00,"413,412.00","413,412.00","51,975.00","92,976.00","65,850.00","202,611.00",35.080,"179,130.00","240,613.71","240,613.71",0.00,"240,613.71",35.080,"516,340.00","516,340.00","139,334.00",187.00,"37,219.00",419.00,"101,509.00","2,770","5,741",313,"12,199","15,720",175,248,"680,230",85.7
부산광역시,강서구,강서구,2035,"1,534,081.00","1,853,159.10","1,035,271.10",55.9,40.000,0.00,"319,078.10","319,078.10","21,566.50","36,631.60","36,403.00","224,477.00",141.900,"604,595.00","604,595.00","358,128.00",0.00,"358,128.00",141.490,"929,486.00","929,486.00","358,065.00","53,365.00","190,069.00","12,818.00","101,813.00","12,962","13,683","2,310","21,576","23,855",14,205,"999,391",96.5
부산광역시,연제구,연제구,2035,"458,076.00","615,955.00","412,609.90",67.0,4.080,0.00,"157,879.00","157,879.00","25,985.00","41,191.00","7,700.00","83,003.00",8.020,"139,465.00","139,465.00","63,736.90",730.00,"63,006.90",8.020,"318,611.00","318,611.00","190,994.00","9,937.00","8,690.00",315.00,"172,052.00","2,017","4,765","3,755","4,884","7,968",44,2,"400,907",97.2
부산광역시,수영구,수영구,2035,"415,668.00","654,267.00","352,323.00",53.9,2.400,0.00,"238,599.00","238,599.00","21,809.00","40,279.00","4,723.00","171,788.00",7.810,"108,469.00","108,469.00","43,487.00",301.89,"43,185.11",7.810,"307,199.00","307,199.00","70,237.00",493.00,"25,862.00",0.00,"43,882.00","1,930","2,657",0,"2,896","5,252",85,56,"339,985",96.5
부산광역시,사상구,사상구,2035,"760,217.00","1,136,805.00","678,671.50",59.7,5.290,0.00,"376,588.00","376,588.00","21,406.00","96,891.00","14,082.00","244,209.00",30.000,"196,551.00","196,551.00","109,586.50","3,742.54","105,843.96",30.800,"563,666.00","563,666.00","192,497.00","34,993.00","16,422.00","4,974.00","136,108.00","5,053","2,488",371,"25,955","27,565",225,295,"638,502",94.1
부산광역시,기장군,기장군,2035,"981,458.00","1,125,812.00","730,457.88",64.9,148.300,0.00,"144,354.00","144,354.00","16,065.00","51,021.00","9,149.00","68,119.00",70.000,"530,849.00","530,849.00","281,425.00",0.00,"281,425.00",70.000,"450,609.00","450,609.00","304,678.88","15,911.00","129,767.88","22,811.00","136,189.00","3,652","11,247","5,112","8,032","10,307",12,0,"642,272",87.9
대구광역시,,합계,,"6,638,526.00","6,638,526.00","6,139,393.50",92.5,18.600,"3,600,753.00","3,600,753.00","3,447,478.00","332,245.00","1,158,760.00",389.00,"1,956,084.00",174.200,"1,546,319.00","1,546,319.00","1,251,942.00","51,326.00","1,200,616.00",0.000,"1,491,454.00","1,491,454.00","1,439,973.50","113,678.00","948,329.50",0.00,"377,966.00","42,171","17,400","25,259","136,503","144,376",552,12,"5,804,196",94.5
대구광역시,중구,중구,2025,"318,657.00","318,657.00","312,090.00",97.9,4.100,"297,172.00","297,172.00","290,605.00","17,109.00","69,991.00",0.00,"203,505.00",2.900,"19,285.00","19,285.00","19,285.00",0.00,"19,285.00",0.000,"2,200.00","2,200.00","2,200.00",0.00,"2,200.00",0.00,0.00,"1,824",93,0,"1,038","10,744",6,3,"306,504",98.2
대구광역시,동구,동구,2025,"1,030,308.00","1,030,308.00","904,616.00",87.8,0.000,"464,025.00","464,025.00","443,451.00","34,397.00","188,812.00",0.00,"220,242.00",22.900,"307,483.00","307,483.00","239,445.00","12,728.00","226,717.00",0.000,"258,800.00","258,800.00","221,720.00","15,347.00","174,299.00",0.00,"32,074.00","14,468","3,100","4,753","17,430","11,620",56,0,"857,084",94.7
대구광역시,서구,서구,2025,"707,384.00","707,384.00","584,536.00",82.6,2.300,"564,109.00","564,109.00","564,109.00","48,604.00","175,848.00",0.00,"339,657.00",11.100,"143,275.00","143,275.00","20,427.00","2,441.00","17,986.00",0.000,0.00,0.00,0.00,0.00,0.00,0.00,0.00,"3,795",509,889,637,"28,457",10,0,"552,639",94.5
대구광역시,남구,남구,2025,"449,154.00","449,154.00","417,405.00",92.9,1.700,"386,743.00","386,743.00","366,456.00","24,402.00","44,600.00",0.00,"297,454.00",7.200,"57,723.00","57,723.00","46,261.00",900.00,"45,361.00",0.000,"4,688.00","4,688.00","4,688.00",0.00,0.00,0.00,"4,688.00","3,181",573,53,"2,119","32,506",12,0,"378,696",90.7
대구광역시,북구,북구,2025,"994,552.00","994,552.00","942,295.50",94.7,0.000,"505,189.00","505,189.00","490,708.00","67,145.00","119,912.00",0.00,"303,651.00",28.600,"263,175.00","263,175.00","225,400.00","28,883.00","196,517.00",0.000,"226,188.00","226,188.00","226,187.50","7,123.00","161,107.50",0.00,"57,957.00","4,597","1,771","3,532","21,861","18,543",62,9,"883,992",93.8
대구광역시,수성구,수성구,2025,"1,061,353.00","1,061,353.00","994,940.00",93.7,0.000,"755,848.00","755,848.00","755,586.00","70,201.00","261,854.00",298.00,"423,233.00",15.700,"191,277.00","191,277.00","139,526.00",651.00,"138,875.00",0.000,"114,228.00","114,228.00","99,828.00","4,961.00","82,233.00",0.00,"12,634.00","8,099","1,302",950,"22,881","7,243",184,0,"933,670",93.8
대구광역시,달서구,달서구,2025,"1,096,402.00","1,096,402.00","1,094,199.00",99.8,0.500,"254,216.00","254,216.00","254,216.00","40,751.00","118,175.00",0.00,"95,290.00",25.100,"248,754.00","248,754.00","246,551.00","5,723.00","240,828.00",0.000,"593,432.00","593,432.00","593,432.00","61,341.00","335,936.00",0.00,"196,155.00","2,613","5,401","6,588","49,881","35,263",16,0,"1,071,173",97.9
대구광역시,달성군,달성군,2025,"980,716.00","980,716.00","889,312.00",90.7,10.000,"373,451.00","373,451.00","282,347.00","29,636.00","179,568.00",91.00,"73,052.00",60.700,"315,347.00","315,347.00","315,047.00",0.00,"315,047.00",0.000,"291,918.00","291,918.00","291,918.00","24,906.00","192,554.00",0.00,"74,458.00","3,594","4,651","8,494","20,656",0,206,0,"820,438",92.3
인천광역시,,합계,,"5,576,988.43","6,714,262.88","5,695,559.88",84.8,127.320,"3,050,487.43","3,173,413.43","2,563,324.43","351,849.99","2,074,487.60","38,228.00","98,758.84",119.380,"1,355,284.00","1,652,793.00","1,404,056.00","83,984.00","1,320,072.00",107.800,"1,171,217.00","1,888,056.45","1,728,179.45","218,110.00","1,279,643.05","37,409.00","193,017.40","47,281","21,663","24,096","14,043","165,474",188,130,"5,581,799",98.0
인천광역시,중구,중구,2035,"903,586.00","904,288.00","720,256.00",79.6,14.100,"283,121.00","283,823.00","283,823.00","35,927.00","236,680.00","2,231.00","8,985.00",16.800,"250,463.00","250,463.00","176,501.00",0.00,"176,501.00",16.800,"370,002.00","370,002.00","259,932.00","48,965.00","210,967.00",0.00,0.00,"7,668","1,832","1,269",0,"16,560",47,0,"719,383",99.9
인천광역시,동구,동구,2035,"186,928.43","186,928.43","186,928.43",100.0,4.600,"186,928.43","186,928.43","186,928.43","41,136.99","140,721.60",0.00,"5,069.84",0.000,0.00,0.00,0.00,0.00,0.00,0.000,0.00,0.00,0.00,0.00,0.00,0.00,0.00,"2,587",0,0,0,"8,842",8,0,"186,928",100.0
인천광역시,미추홀구,미추홀구,2035,"593,565.00","593,565.00","593,565.00",100.0,13.300,"509,630.00","509,630.00","509,630.00","58,898.00","432,949.00","8,063.00","9,720.00",1.400,"27,840.00","27,840.00","27,840.00",0.00,"27,840.00",1.400,"56,095.00","56,095.00","56,095.00","5,390.00","50,260.00",0.00,445.00,"9,615",804,"1,563",0,"25,101",0,0,"593,565",100.0
인천광역시,연수구,연수구,2035,"665,009.00","725,130.40","713,902.40",98.5,6.400,"52,816.00","67,900.00","67,900.00","8,740.00","56,820.00","1,680.00",660.00,39.040,"297,441.00","297,441.00","286,213.00","16,866.00","269,347.00",39.000,"314,752.00","359,789.40","359,789.40","62,494.00","296,703.00",469.00,123.40,"1,186","5,550","5,218","1,209","20,585",3,37,"713,902",100.0
인천광역시,남동구,남동구,2035,"894,448.00","1,119,067.00","952,666.00",85.1,14.890,"496,671.00","496,671.00","330,270.00","53,027.00","261,219.00","8,369.00","7,655.00",0.000,"238,898.00","254,281.00","254,281.00","15,084.00","239,197.00",0.000,"158,879.00","368,115.00","368,115.00","60,413.00","257,697.00","33,685.00","16,320.00","5,229","5,604","6,031","12,834","22,356",22,93,"952,666",100.0
인천광역시,부평구,부평구,2035,"518,771.00","621,444.00","567,727.00",91.4,28.400,"406,071.00","508,744.00","508,744.00","58,876.00","420,697.00","3,736.00","25,435.00",3.600,"50,599.00","50,599.00","35,998.00",0.00,"35,998.00",3.600,"62,101.00","62,101.00","22,985.00","3,224.00","19,761.00",0.00,0.00,"10,562",0,0,0,"21,142",77,0,"570,046",100.4
인천광역시,계양구,계양구,2035,"297,497.00","297,497.00","297,497.00",100.0,10.000,"200,296.00","200,296.00","200,296.00","24,089.00","161,695.00","10,753.00","3,759.00",0.500,"45,325.00","45,325.00","45,325.00","5,492.00","39,833.00",7.000,"51,876.00","51,876.00","51,876.00","7,017.00","41,440.00",755.00,"2,664.00","3,775",854,978,0,"9,924",2,0,"297,497",100.0
인천광역시,서구,서구,2035,"1,146,463.00","1,842,552.05","1,398,864.05",75.9,30.000,"840,000.00","840,000.00","396,312.00","56,784.00","305,432.00","3,396.00","30,700.00",40.000,"160,250.00","442,376.00","442,376.00","35,000.00","407,376.00",40.000,"146,213.00","560,176.05","560,176.05","26,336.00","362,350.05","1,190.00","170,300.00","5,872","5,913","8,614",0,"37,043",26,0,"1,370,000",97.9
인천광역시,강화군,강화군,2035,"244,732.00","297,802.00","178,080.00",59.8,5.630,"45,375.00","49,842.00","49,842.00","14,372.00","28,695.00",0.00,"6,775.00",18.040,"199,357.00","199,357.00","79,635.00","11,542.00","68,093.00",0.000,0.00,"48,603.00","48,603.00","4,271.00","39,857.00","1,310.00","3,165.00",194,"1,106",423,0,"2,947",2,0,"119,227",67.0
인천광역시,옹진군,옹진군,2035,"125,989.00","125,989.00","86,074.00",68.3,0.000,"29,579.00","29,579.00","29,579.00",0.00,"29,579.00",0.00,0.00,0.000,"85,111.00","85,111.00","55,887.00",0.00,"55,887.00",0.000,"11,299.00","11,299.00",608.00,0.00,608.00,0.00,0.00,593,0,0,0,974,1,0,"58,585",68.1
광주광역시,,합계,,"5,453,012.23","6,666,657.44","4,453,638.24",66.8,39.610,"480,042.60","1,693,687.81","1,693,687.81","159,516.37","1,099,828.94","23,295.50","411,047.00",166.650,"2,269,676.63","2,269,676.63","1,467,810.52","46,381.00","1,421,429.52",166.687,"2,703,293.00","2,703,293.00","1,292,139.91","130,306.44","1,109,644.47","1,845.00","50,344.00","51,332","20,082","21,192","24,722","74,606",265,248,"3,968,600",89.1
광주광역시,동구,동구,2035,"548,391.63","824,776.45","359,606.38",43.6,0.000,0.00,"276,384.82","276,384.82","31,608.37","165,741.45",272.00,"78,763.00",10.047,"243,098.63","243,098.63","50,127.56","2,610.00","47,517.56",10.047,"305,293.00","305,293.00","33,094.00","2,076.01","30,568.99",0.00,449.00,"11,831","2,330","1,513",131,"8,015",102,0,"308,400",85.8
광주광역시,서구,서구,2035,"1,327,708.60","1,327,713.60","825,519.04",62.2,35.280,"335,042.60","335,047.60","335,047.60","36,516.00","253,559.60","2,064.00","42,908.00",28.700,"470,749.00","470,749.00","262,009.05","10,776.00","251,233.05",28.710,"521,917.00","521,917.00","228,462.39","17,788.00","202,640.39",4.00,"8,030.00","7,768","4,459","6,670","2,560","16,053",50,90,"806,882",97.7
광주광역시,남구,남구,2035,"511,629.00","746,617.00","479,029.00",64.2,0.000,0.00,"234,988.00","234,988.00","23,535.00","174,766.00","2,279.00","34,408.00",17.563,"178,829.00","178,829.00","145,603.00","4,214.00","141,389.00",17.560,"332,800.00","332,800.00","98,438.00","10,977.00","84,045.00",0.00,"3,416.00","15,423","2,469","1,862","7,580","6,776",68,23,"442,598",92.4
광주광역시,북구,북구,2035,"1,573,553.00","1,911,917.00","1,312,665.60",68.7,4.330,"145,000.00","483,364.00","483,364.00","42,895.00","321,293.00","3,011.00","116,165.00",41.600,"685,269.00","685,269.00","462,162.60","6,017.00","456,145.60",41.630,"743,284.00","743,284.00","367,139.00","37,705.00","314,700.00",47.00,"14,687.00","11,731","4,087","4,380","12,298","13,608",29,62,"1,216,576",92.7
광주광역시,광산구,광산구,2035,"1,491,730.00","1,855,633.39","1,476,818.22",79.6,0.000,0.00,"363,903.39","363,903.39","24,962.00","184,468.89","15,669.50","138,803.00",68.740,"691,731.00","691,731.00","547,908.31","22,764.00","525,144.31",68.740,"799,999.00","799,999.00","565,006.52","61,760.43","477,690.09","1,794.00","23,762.00","4,579","6,737","6,767","2,153","30,154",16,73,"1,194,144",80.9
대전광역시,,합계,,"3,451,629.00","3,656,597.90","3,599,636.90",98.4,55.250,"1,493,422.00","1,610,685.90","1,600,943.90","231,914.00","933,087.90",0.00,"435,942.00",95.290,"908,867.00","921,476.00","875,393.00","1,943.00","873,450.00",95.290,"1,049,340.00","1,124,436.00","1,123,300.00","136,131.00","872,833.00",0.00,"114,336.00","34,171","15,925","22,508","96,563","148,750",162,199,"3,293,789",91.5
대전광역시,동구,동구,2035,"588,683.00","621,716.00","598,402.00",96.3,14.800,"356,739.00","389,322.00","389,322.00","38,932.00","251,669.00",0.00,"98,721.00",7.600,"125,266.00","125,266.00","101,952.00",0.00,"101,952.00",7.600,"106,678.00","107,128.00","107,128.00","12,766.00","71,184.00",0.00,"23,178.00","7,287",964,"2,013","13,928","27,520",55,135,"554,527",92.7
대전광역시,중구,중구,2035,"533,381.00","568,607.90","567,471.90",99.8,14.100,"425,759.00","448,376.90","448,376.90","55,915.00","230,581.90",0.00,"161,880.00",2.800,"47,909.00","60,518.00","60,518.00",0.00,"60,518.00",2.800,"59,713.00","59,713.00","58,577.00","4,015.00","47,952.00",0.00,"6,610.00","6,619",872,"1,739",0,"28,420",40,0,"529,666",93.3
대전광역시,서구,서구,2035,"726,678.00","762,460.00","757,739.00",99.4,10.400,"259,987.00","295,769.00","295,769.00","59,034.00","172,892.00",0.00,"63,843.00",18.200,"218,719.00","218,719.00","213,998.00","1,943.00","212,055.00",18.200,"247,972.00","247,972.00","247,972.00","27,487.00","202,134.00",0.00,"18,351.00","7,546","2,905","3,848","38,565","28,526",35,37,"721,586",95.2
대전광역시,유성구,유성구,2035,"973,808.00","1,056,436.00","1,056,436.00",100.0,2.840,"186,326.00","212,607.00","212,607.00","35,267.00","153,194.00",0.00,"24,146.00",55.200,"320,658.00","320,658.00","320,658.00",0.00,"320,658.00",55.200,"466,824.00","523,171.00","523,171.00","72,359.00","405,809.00",0.00,"45,003.00","2,820","4,224","6,895","29,873","34,710",22,27,"904,527",85.6
대전광역시,대덕구,대덕구,2035,"629,079.00","647,378.00","619,588.00",95.7,13.110,"264,611.00","264,611.00","254,869.00","42,766.00","124,751.00",0.00,"87,352.00",11.490,"196,315.00","196,315.00","178,267.00",0.00,"178,267.00",11.490,"168,153.00","186,452.00","186,452.00","19,504.00","145,754.00",0.00,"21,194.00","9,899","6,960","8,013","14,197","29,574",10,0,"583,483",94.2
울산광역시,,합계,,"4,936,308.75","5,072,797.46","3,866,418.67",76.2,0.000,0.00,0.00,0.00,0.00,0.00,0.00,0.00,228.170,"2,623,728.00","2,675,281.92","2,243,029.53","4,826.36","2,238,203.17",977.510,"2,312,580.75","2,397,515.54","1,623,389.14","319,139.95","1,293,430.82","10,818.37",0.00,0,"50,704","32,043","48,892","68,987",105,"1,193","4,645,606",120.2
울산광역시,중구,중구,2035,"715,908.00","715,908.00","540,775.60",75.5,0.000,0.00,0.00,0.00,0.00,0.00,0.00,0.00,17.900,"285,091.00","285,091.00","282,646.26",20.41,"282,625.85",46.790,"430,817.00","430,817.00","258,129.34","54,955.37","202,414.84",759.13,0.00,0,"7,336","5,869","10,117","11,716",26,197,"742,118",137.2
울산광역시,남구,남구,2035,"1,029,625.75","1,081,179.67","865,443.00",80.0,0.000,0.00,0.00,0.00,0.00,0.00,0.00,0.00,53.770,"376,680.00","428,233.92","428,233.92","3,730.77","424,503.15",116.160,"652,945.75","652,945.75","437,209.08","114,475.62","322,448.41",285.05,0.00,0,"8,891","6,931","11,436","16,110",43,136,"1,095,916",126.6
울산광역시,동구,동구,2035,"466,404.00","466,404.00","309,750.06",66.4,0.000,0.00,0.00,0.00,0.00,0.00,0.00,0.00,19.710,"209,133.00","209,133.00","161,501.44",292.10,"161,209.34",50.960,"257,271.00","257,271.00","148,248.62","30,714.47","116,532.35","1,001.80",0.00,0,"3,580","2,433","12,039","5,124",0,186,"387,076",125.0
울산광역시,북구,북구,2035,"676,302.00","761,236.79","658,727.97",86.5,0.000,0.00,0.00,0.00,0.00,0.00,0.00,0.00,35.100,"453,497.00","453,497.00","350,988.18",0.00,"350,988.18",105.270,"222,805.00","307,739.79","307,739.79","46,298.21","253,873.88","7,567.70",0.00,0,"8,036","6,012","4,272","13,555",10,53,"769,220",116.8
울산광역시,울주군,울주군,2035,"2,048,069.00","2,048,069.00","1,491,722.04",72.8,0.000,0.00,0.00,0.00,0.00,0.00,0.00,0.00,101.690,"1,299,327.00","1,299,327.00","1,019,659.73",783.08,"1,018,876.65",658.330,"748,742.00","748,742.00","472,062.31","72,696.28","398,161.34","1,204.69",0.00,0,"22,861","10,798","11,028","22,482",26,621,"1,651,276",110.7
세종특별자치시,,합계,,"1,658,513.06","1,746,026.36","1,578,528.67",90.4,0.000,0.00,"87,513.30","87,513.30","5,499.00","56,776.30","18,705.40","6,532.60",48.321,"823,025.20","823,025.20","655,527.51",0.00,"655,527.51",48.321,"835,487.86","835,487.86","835,487.86","80,214.52","514,634.87","52,595.47","188,043.00","2,686","14,288","14,795","11,494","21,666",6,586,"1,578,528",100.0
세종특별자치시,,조치원읍,2030,"232,381.28","232,600.58","232,600.58",100.0,0.000,0.00,219.30,219.30,0.00,219.30,0.00,0.00,5.098,"103,935.60","103,935.60","103,935.60",0.00,"103,935.60",5.098,"128,445.68","128,445.68","128,445.68","19,997.30","76,265.68","2,623.50","29,559.20",7,"2,459","3,275","2,317","1,434",6,43,"232,600",100.0
세종특별자치시,,연기면,2030,"44,452.70","47,925.10","32,819.10",68.5,0.000,0.00,"3,472.40","3,472.40",163.30,"1,257.00","1,623.20",428.90,3.919,"28,432.60","28,432.60","13,326.60",0.00,"13,326.60",3.919,"16,020.10","16,020.10","16,020.10","1,734.00","7,638.30","4,005.00","2,642.80",85,329,352,94,154,0,22,"32,819",100.0
세종특별자치시,,연동면,2030,"41,248.39","64,091.49","47,023.40",73.4,0.000,0.00,"22,843.10","22,843.10","2,652.80","13,734.70","4,701.80","1,753.80",1.138,"30,641.99","30,641.99","13,573.90",0.00,"13,573.90",1.138,"10,606.40","10,606.40","10,606.40",607.60,"6,748.60","2,274.00",976.20,771,287,314,247,241,0,46,"47,023",100.0
세종특별자치시,,부강면,2030,"61,937.81","70,559.81","68,277.10",96.8,0.000,0.00,"8,622.00","8,622.00","1,036.80","5,082.40","1,607.20",895.60,1.181,"31,346.41","31,346.41","29,063.70",0.00,"29,063.70",1.181,"30,591.40","30,591.40","30,591.40","3,141.40","17,572.20","1,525.30","8,352.50",265,572,686,416,364,0,25,"68,277",100.0
세종특별자치시,,금남면,2030,"105,353.72","114,932.52","90,347.60",78.6,0.000,0.00,"9,578.80","9,578.80",546.20,"6,318.40","2,219.60",494.60,2.160,"70,327.92","70,327.92","45,743.00",0.00,"45,743.00",2.160,"35,025.80","35,025.80","35,025.80","3,721.70","20,285.80","8,379.80","2,638.50",302,"1,265",999,"1,561",314,0,81,"90,347",100.0
세종특별자치시,,장군면,2030,"95,009.95","102,014.25","22,578.20",22.1,0.000,0.00,"7,004.30","7,004.30",167.30,"5,361.10","1,166.70",309.20,3.718,"79,436.05","79,436.05",0.00,0.00,0.00,3.718,"15,573.90","15,573.90","15,573.90",264.90,"8,150.50","6,315.30",843.20,174,330,354,0,174,0,48,"22,578",100.0
세종특별자치시,,연서면,2030,"120,392.72","123,387.42","123,387.42",100.0,0.000,0.00,"2,994.70","2,994.70",147.50,"2,100.80",408.20,338.20,2.627,"77,208.90","77,208.90","77,208.90",0.00,"77,208.90",2.627,"43,183.82","43,183.82","43,183.82","2,725.70","26,364.75","8,845.17","5,248.20",92,"1,948","1,198","1,484",221,0,126,"123,387",100.0
세종특별자치시,,전의면,2030,"97,852.49","118,356.29","102,430.00",86.5,0.000,0.00,"20,503.80","20,503.80",540.50,"14,868.40","3,405.50","1,689.40",1.664,"54,908.79","54,908.79","38,982.50",0.00,"38,982.50",1.664,"42,943.70","42,943.70","42,943.70","6,747.00","25,659.80","6,165.90","4,371.00",639,820,"1,131","1,366",124,0,76,"102,430",100.0
세종특별자치시,,전동면,2030,"65,857.23","77,378.43","64,284.80",83.1,0.000,0.00,"11,521.20","11,521.20",244.60,"7,468.10","3,185.60",622.90,1.767,"46,649.83","46,649.83","33,556.20",0.00,"33,556.20",1.767,"19,207.40","19,207.40","19,207.40",614.40,"13,268.90","4,670.60",653.50,341,715,513,673,104,0,63,"64,284",100.0
세종특별자치시,,소정면,2030,"53,352.40","54,106.10","54,106.10",100.0,0.000,0.00,753.70,753.70,0.00,366.10,387.60,0.00,0.931,"24,176.00","24,176.00","24,176.00",0.00,"24,176.00",0.931,"29,176.40","29,176.40","29,176.40","2,768.60","15,799.50","7,790.90","2,817.40",10,606,760,"2,094",69,0,56,"54,106",100.0
세종특별자치시,,한솔동,2030,"79,253.20","79,253.20","79,253.20",100.0,0.000,0.00,0.00,0.00,0.00,0.00,0.00,0.00,1.667,"42,717.90","42,717.90","42,717.90",0.00,"42,717.90",1.667,"36,535.30","36,535.30","36,535.30","3,836.00","17,351.30",0.00,"15,348.00",0,269,360,47,"1,185",0,0,"79,253",100.0
세종특별자치시,,새롬동,2030,"94,598.00","94,598.00","94,598.00",100.0,0.000,0.00,0.00,0.00,0.00,0.00,0.00,0.00,3.431,"36,905.00","36,905.00","36,905.00",0.00,"36,905.00",3.431,"57,693.00","57,693.00","57,693.00","6,155.00","38,142.50",0.00,"13,395.50",0,905,778,559,"2,982",0,0,"94,598",100.0
세종특별자치시,,도담동,2030,"157,322.00","157,322.00","157,322.00",100.0,0.000,0.00,0.00,0.00,0.00,0.00,0.00,0.00,5.962,"35,030.00","35,030.00","35,030.00",0.00,"35,030.00",5.962,"122,292.00","122,292.00","122,292.00","7,846.00","77,025.00",0.00,"37,421.00",0,"1,561","1,460",113,"4,132",0,0,"157,322",100.0
세종특별자치시,,아름동,2030,"111,311.00","111,311.00","111,311.00",100.0,0.000,0.00,0.00,0.00,0.00,0.00,0.00,0.00,1.359,"55,748.00","55,748.00","55,748.00",0.00,"55,748.00",1.359,"55,563.00","55,563.00","55,563.00","4,692.00","26,118.00",0.00,"24,753.00",0,446,539,131,"3,388",0,0,"111,311",100.0
세종특별자치시,,종촌동,2030,"41,547.00","41,547.00","41,547.00",100.0,0.000,0.00,0.00,0.00,0.00,0.00,0.00,0.00,0.946,"17,778.00","17,778.00","17,778.00",0.00,"17,778.00",0.946,"23,769.00","23,769.00","23,769.00","1,451.00","12,778.00",0.00,"9,540.00",0,178,171,27,571,0,0,"41,547",100.0
세종특별자치시,,고운동,2030,"110,492.00","110,492.00","110,492.00",100.0,0.000,0.00,0.00,0.00,0.00,0.00,0.00,0.00,2.841,"28,697.00","28,697.00","28,697.00",0.00,"28,697.00",2.841,"81,795.00","81,795.00","81,795.00","4,896.00","66,525.00",0.00,"10,374.00",0,768,814,149,"2,580",0,0,"110,492",100.0
세종특별자치시,,소담동,2030,"26,471.00","26,471.00","26,471.00",100.0,0.000,0.00,0.00,0.00,0.00,0.00,0.00,0.00,5.713,"6,141.00","6,141.00","6,141.00",0.00,"6,141.00",5.713,"20,330.00","20,330.00","20,330.00",0.00,"16,483.00",0.00,"3,847.00",0,187,274,0,844,0,0,"26,471",100.0
세종특별자치시,,보람동,2030,"93,990.17","93,990.17","93,990.17",100.0,0.000,0.00,0.00,0.00,0.00,0.00,0.00,0.00,1.017,"36,368.21","36,368.21","36,368.21",0.00,"36,368.21",1.017,"57,621.96","57,621.96","57,621.96","1,808.92","42,458.04",0.00,"13,355.00",0,465,606,182,"2,346",0,0,"93,990",100.0
세종특별자치시,,대평동,2030,"25,690.00","25,690.00","25,690.00",100.0,0.000,0.00,0.00,0.00,0.00,0.00,0.00,0.00,1.182,"16,576.00","16,576.00","16,576.00",0.00,"16,576.00",1.182,"9,114.00","9,114.00","9,114.00","7,207.00",0.00,0.00,"1,907.00",0,178,211,34,439,0,0,"25,690",100.0
경기도,,합계,,"27,382,884.63","36,821,203.20","32,537,909.05",88.4,"1,210.893","4,687,074.56","7,774,700.02","7,402,539.88","742,259.05","6,142,535.00","242,181.87","275,563.96","1,186.380","13,464,381.49","16,171,780.59","13,604,380.21","699,332.57","12,905,047.64","2,047.945","9,231,428.58","12,874,722.59","11,530,988.96","1,652,298.99","9,416,783.76","147,032.87","314,873.34","164,591","314,575","236,620","771,114","637,177","2,136","10,885","27,811,576",85.5
경기도,시부,합계,,"24,918,035.63","34,313,266.20","30,632,741.75",89.3,541.893,"4,398,953.56","7,486,579.02","7,160,253.88","721,546.05","5,991,585.00","171,558.87","275,563.96","1,048.790","11,695,204.49","14,371,909.59","12,163,703.21","699,332.57","11,464,370.64","1,505.235","8,823,877.58","12,454,777.59","11,308,784.66","1,634,130.99","9,228,254.76","135,647.87","310,751.04","154,066","277,109","226,074","650,002","563,059","2,083","10,839","26,387,144",86.1
경기도,수원시,소계,,"2,050,387.00","2,146,880.00","1,977,267.00",92.1,17.680,"944,972.00","1,035,646.00","1,035,646.00","127,274.00","880,612.00","4,931.00","22,829.00",39.020,"583,214.00","584,921.00","415,925.00",0.00,"415,925.00",39.020,"522,201.00","526,313.00","525,696.00","32,752.00","426,114.00",956.00,"65,874.00","22,024","8,205","10,439","122,203","120,909",322,405,"1,894,031",95.8
경기도,수원시,파장동,2035,"38,444.00","40,246.00","33,088.00",82.2,0.500,"21,454.00","23,252.00","23,252.00","1,961.00","20,694.00",56.00,541.00,0.600,"10,916.00","10,916.00","3,758.00",0.00,"3,758.00",0.600,"6,074.00","6,078.00","6,078.00",585.00,"3,823.00",65.00,"1,605.00",520,84,134,876,876,7,15,"31,619",95.6
경기도,수원시,율천동,2035,"67,829.00","71,006.00","58,371.00",82.2,0.900,"37,850.00","41,025.00","41,025.00","3,459.00","36,512.00",101.00,953.00,1.130,"19,264.00","19,264.00","6,629.00",0.00,"6,629.00",1.130,"10,715.00","10,717.00","10,717.00","1,032.00","6,746.00",113.00,"2,826.00",919,147,238,"1,547","1,547",14,25,"55,788",95.6
경기도,수원시,정자1동,2035,"52,143.00","54,584.00","44,871.00",82.2,0.000,"29,097.00","31,538.00","31,538.00","2,659.00","28,068.00",78.00,733.00,0.700,"14,809.00","14,809.00","5,096.00",0.00,"5,096.00",0.700,"8,237.00","8,237.00","8,237.00",793.00,"5,186.00",87.00,"2,171.00",706,113,183,"1,189","1,189",10,20,"42,887",95.6
경기도,수원시,정자2동,2035,"48,781.00","51,068.00","41,981.00",82.2,0.000,"27,221.00","29,504.00","29,504.00","2,488.00","26,258.00",73.00,685.00,0.820,"13,854.00","13,854.00","4,767.00",0.00,"4,767.00",0.820,"7,706.00","7,710.00","7,710.00",742.00,"4,851.00",81.00,"2,036.00",661,106,171,"1,113","1,113",10,18,"40,121",95.6
경기도,수원시,정자3동,2035,"67,640.00","70,807.00","58,207.00",82.2,0.000,"37,745.00","40,908.00","40,908.00","3,449.00","36,408.00",101.00,950.00,0.800,"19,210.00","19,210.00","6,610.00",0.00,"6,610.00",0.800,"10,685.00","10,689.00","10,689.00","1,029.00","6,727.00",113.00,"2,820.00",916,147,238,"1,543","1,543",14,25,"55,633",95.6
경기도,수원시,영화동,2035,"35,336.00","36,990.00","30,406.00",82.2,0.600,"19,718.00","21,372.00","21,372.00","1,802.00","19,021.00",53.00,496.00,0.590,"10,036.00","10,036.00","3,453.00",0.00,"3,453.00",0.590,"5,582.00","5,582.00","5,581.00",538.00,"3,514.00",59.00,"1,470.00",479,77,124,806,806,7,13,"29,064",95.6
경기도,수원시,송죽동,2035,"28,128.00","29,448.00","24,208.00",82.2,0.300,"15,696.00","17,012.00","17,012.00","1,434.00","15,141.00",42.00,395.00,0.470,"7,989.00","7,989.00","2,749.00",0.00,"2,749.00",0.470,"4,443.00","4,447.00","4,447.00",428.00,"2,797.00",47.00,"1,175.00",381,61,99,642,642,6,10,"23,135",95.6
경기도,수원시,조원1동,2035,"47,991.00","50,243.00","41,303.00",82.2,0.200,"26,780.00","29,027.00","29,027.00","2,447.00","25,835.00",71.00,674.00,0.800,"13,630.00","13,630.00","4,690.00",0.00,"4,690.00",0.800,"7,581.00","7,586.00","7,586.00",730.00,"4,773.00",80.00,"2,003.00",650,104,169,"1,095","1,095",10,18,"39,472",95.6
경기도,수원시,조원2동,2035,"30,382.00","31,806.00","26,146.00",82.2,0.300,"16,954.00","18,376.00","18,376.00","1,549.00","16,355.00",45.00,427.00,0.510,"8,629.00","8,629.00","2,969.00",0.00,"2,969.00",0.510,"4,799.00","4,801.00","4,801.00",462.00,"3,022.00",51.00,"1,266.00",411,66,107,693,693,6,12,"24,989",95.6
경기도,수원시,연무동,2035,"31,228.00","32,692.00","26,875.00",82.2,0.800,"17,426.00","18,889.00","18,889.00","1,593.00","16,810.00",47.00,439.00,0.520,"8,869.00","8,869.00","3,052.00",0.00,"3,052.00",0.520,"4,933.00","4,934.00","4,934.00",475.00,"3,106.00",52.00,"1,301.00",423,68,110,712,712,6,12,"25,685",95.6
경기도,수원시,세류1동,2035,"25,208.00","27,338.00","25,516.00",93.3,0.100,"10,423.00","12,445.00","12,445.00","2,250.00","9,980.00",93.00,122.00,0.410,"7,545.00","7,545.00","5,723.00",0.00,"5,723.00",0.410,"7,240.00","7,348.00","7,348.00",482.00,"6,327.00",6.00,533.00,237,113,146,426,426,4,4,"23,718",93.0
경기도,수원시,세류2동,2035,"55,824.00","60,938.00","56,904.00",93.4,0.800,"23,081.00","26,467.00","26,467.00","3,880.00","22,106.00",208.00,273.00,0.900,"16,711.00","16,711.00","12,677.00",0.00,"12,677.00",0.900,"16,032.00","17,760.00","17,760.00","1,585.00","15,026.00",16.00,"1,133.00",522,254,347,942,942,8,12,"52,536",92.3
경기도,수원시,세류3동,2035,"49,047.00","52,150.00","48,606.00",93.2,0.600,"20,279.00","23,253.00","23,253.00","3,409.00","19,422.00",182.00,240.00,0.000,"14,682.00","14,682.00","11,138.00",0.00,"11,138.00",0.000,"14,086.00","14,215.00","14,215.00",939.00,"12,263.00",14.00,999.00,459,223,284,827,827,7,10,"46,159",95.0
경기도,수원시,평동,2035,"76,614.00","81,816.00","76,443.00",93.4,2.000,"31,677.00","36,675.00","36,675.00","5,325.00","30,691.00",285.00,374.00,1.300,"22,934.00","22,934.00","17,561.00",0.00,"17,561.00",1.300,"22,003.00","22,207.00","22,207.00","1,468.00","19,156.00",22.00,"1,561.00",717,350,444,"1,292","1,292",12,15,"72,102",94.3
경기도,수원시,서둔동,2035,"84,044.00","89,360.00","83,288.00",93.2,0.600,"34,749.00","39,845.00","39,845.00","5,841.00","33,280.00",313.00,411.00,1.320,"25,158.00","25,158.00","19,086.00",0.00,"19,086.00",1.320,"24,137.00","24,357.00","24,357.00","1,610.00","21,013.00",24.00,"1,710.00",786,382,487,"1,417","1,417",13,16,"79,094",95.0
경기도,수원시,구운동,2035,"55,558.00","59,070.00","55,056.00",93.2,0.000,"22,971.00","26,340.00","26,340.00","3,861.00","22,000.00",207.00,272.00,0.900,"16,631.00","16,631.00","12,617.00",0.00,"12,617.00",0.900,"15,956.00","16,099.00","16,099.00","1,064.00","13,891.00",16.00,"1,128.00",520,252,322,937,937,8,12,"52,286",95.0
경기도,수원시,금곡동,2035,"72,705.00","77,360.00","73,317.00",94.8,0.610,"30,061.00","34,469.00","34,469.00","5,053.00","28,790.00",271.00,355.00,1.170,"21,764.00","21,764.00","17,721.00",0.00,"17,721.00",1.170,"20,880.00","21,127.00","21,127.00","1,393.00","18,231.00",21.00,"1,482.00",680,363,423,"1,226","1,226",11,15,"68,423",93.3
경기도,수원시,호매실동,2035,"58,063.00","61,812.00","61,812.00",100.0,1.000,"24,007.00","27,528.00","27,528.00","4,036.00","22,992.00",216.00,284.00,0.940,"17,381.00","17,458.00","17,458.00",0.00,"17,458.00",0.940,"16,675.00","16,826.00","16,826.00","1,112.00","14,518.00",17.00,"1,179.00",543,404,337,979,979,9,11,"54,644",88.4
경기도,수원시,권선1동,2035,"51,465.00","55,353.00","51,634.00",93.3,0.200,"21,279.00","24,820.00","24,820.00","3,998.00","20,379.00",191.00,252.00,0.800,"15,406.00","15,406.00","11,687.00",0.00,"11,687.00",0.800,"14,780.00","15,127.00","15,127.00","1,200.00","12,868.00",15.00,"1,044.00",482,234,298,871,871,8,10,"48,434",93.8
경기도,수원시,권선2동,2035,"101,211.00","107,614.00","100,301.00",93.2,0.200,"41,847.00","47,984.00","47,984.00","7,034.00","40,078.00",377.00,495.00,1.600,"30,297.00","30,297.00","22,984.00",0.00,"22,984.00",1.600,"29,067.00","29,333.00","29,333.00","1,939.00","25,306.00",29.00,"2,059.00",947,460,587,"1,707","1,707",15,21,"95,250",95.0
경기도,수원시,곡선동,2035,"60,065.00","64,151.00","59,811.00",93.2,0.000,"24,835.00","28,477.00","28,477.00","4,175.00","23,785.00",223.00,294.00,0.600,"17,980.00","17,980.00","13,640.00",0.00,"13,640.00",0.600,"17,250.00","17,694.00","17,694.00","1,438.00","15,018.00",17.00,"1,221.00",562,273,350,"1,013","1,013",9,12,"56,529",94.5
경기도,수원시,입북동,2035,"36,704.00","40,658.00","40,658.00",100.0,0.310,"15,176.00","17,401.00","17,401.00","2,551.00","14,534.00",137.00,179.00,0.460,"10,987.00","12,617.00","12,617.00",0.00,"12,617.00",0.460,"10,541.00","10,640.00","10,640.00",703.00,"9,177.00",11.00,749.00,343,295,213,619,619,6,7,"34,543",85.0
경기도,수원시,매교동,2035,"19,415.00","19,911.00","19,881.00",99.8,0.600,"14,899.00","15,395.00","15,395.00","1,302.00","13,832.00",0.00,261.00,0.090,"1,427.00","1,427.00","1,401.00",0.00,"1,401.00",0.090,"3,089.00","3,089.00","3,085.00",28.00,"1,649.00",0.00,"1,408.00",375,34,76,"4,177","4,177",5,1,"19,575",98.5
경기도,수원시,매산동,2035,"22,420.00","22,998.00","22,958.00",99.8,0.570,"17,204.00","17,782.00","17,782.00","1,504.00","15,974.00",0.00,304.00,0.050,"1,648.00","1,648.00","1,619.00",0.00,"1,619.00",0.050,"3,568.00","3,568.00","3,557.00",34.00,"1,904.00",0.00,"1,619.00",433,40,87,"4,824","4,824",6,1,"22,605",98.5
경기도,수원시,고등동,2035,"22,849.00","23,556.00","23,516.00",99.8,0.800,"17,533.00","18,240.00","18,240.00","1,532.00","16,398.00",0.00,310.00,0.120,"1,680.00","1,680.00","1,650.00",0.00,"1,650.00",0.120,"3,636.00","3,636.00","3,626.00",34.00,"1,941.00",0.00,"1,651.00",441,40,88,"4,916","4,916",7,0,"23,036",98.0
경기도,수원시,화서1동,2035,"44,645.00","45,793.00","45,741.00",99.9,0.200,"34,258.00","35,406.00","35,406.00","2,994.00","31,807.00",0.00,605.00,0.230,"3,282.00","3,282.00","3,251.00",0.00,"3,251.00",0.230,"7,105.00","7,105.00","7,084.00",67.00,"3,792.00",0.00,"3,225.00",862,80,173,"9,605","9,605",13,0,"45,011",98.4
경기도,수원시,화서2동,2035,"48,133.00","49,371.00","49,281.00",99.8,0.700,"36,935.00","38,173.00","38,173.00","3,228.00","34,293.00",0.00,652.00,0.300,"3,538.00","3,538.00","3,475.00",0.00,"3,475.00",0.300,"7,660.00","7,660.00","7,633.00",72.00,"4,089.00",0.00,"3,472.00",929,85,186,"10,355","10,355",14,0,"48,528",98.5
경기도,수원시,지동,2035,"26,113.00","26,785.00","26,739.00",99.8,0.700,"20,037.00","20,709.00","20,709.00","1,751.00","18,604.00",0.00,354.00,0.100,"1,920.00","1,920.00","1,885.00",0.00,"1,885.00",0.100,"4,156.00","4,156.00","4,145.00",39.00,"2,218.00",0.00,"1,888.00",504,46,101,"5,618","5,618",7,1,"26,327",98.5
경기도,수원시,우만1동,2035,"38,542.00","39,534.00","39,482.00",99.9,0.900,"29,575.00","30,567.00","30,567.00","2,585.00","27,460.00",0.00,522.00,0.200,"2,833.00","2,833.00","2,801.00",0.00,"2,801.00",0.200,"6,134.00","6,134.00","6,114.00",58.00,"3,274.00",0.00,"2,782.00",744,68,149,"8,292","8,292",11,1,"38,859",98.4
경기도,수원시,우만2동,2035,"30,903.00","31,699.00","31,646.00",99.8,0.780,"23,713.00","24,509.00","24,509.00","2,073.00","22,017.00",0.00,419.00,0.120,"2,272.00","2,272.00","2,231.00",0.00,"2,231.00",0.120,"4,918.00","4,918.00","4,906.00",46.00,"2,625.00",0.00,"2,235.00",597,54,120,"6,648","6,648",9,0,"31,156",98.5
경기도,수원시,인계동,2035,"75,496.00","77,438.00","77,369.00",99.9,1.210,"57,932.00","59,874.00","59,874.00","5,063.00","53,788.00",0.00,"1,023.00",1.680,"5,550.00","5,550.00","5,514.00",0.00,"5,514.00",1.680,"12,014.00","12,014.00","11,981.00",113.00,"6,413.00",0.00,"5,455.00","1,458",135,292,"16,242","16,242",22,1,"76,116",98.4
경기도,수원시,행궁동,2035,"20,498.00","21,026.00","21,001.00",99.9,1.200,"15,729.00","16,257.00","16,257.00","1,375.00","14,604.00",0.00,278.00,0.110,"1,507.00","1,507.00","1,492.00",0.00,"1,492.00",0.110,"3,262.00","3,262.00","3,252.00",31.00,"1,741.00",0.00,"1,480.00",396,37,79,"4,410","4,410",6,0,"20,667",98.4
경기도,수원시,매탄1동,2035,"32,768.00","33,716.00","31,123.00",92.3,0.000,"7,888.00","8,836.00","8,836.00","1,840.00","6,386.00",97.00,513.00,1.200,"13,237.00","13,237.00","10,663.00",0.00,"10,663.00",1.200,"11,643.00","11,643.00","11,624.00",652.00,"10,518.00",0.00,454.00,149,188,203,"1,533","1,533",1,6,"30,474",97.9
경기도,수원시,매탄2동,2035,"26,230.00","26,992.00","24,906.00",92.3,0.000,"6,313.00","7,075.00","7,075.00","1,474.00","5,112.00",78.00,411.00,0.800,"10,596.00","10,596.00","8,534.00",0.00,"8,534.00",0.800,"9,321.00","9,321.00","9,297.00",522.00,"8,419.00",0.00,356.00,121,150,163,"1,227","1,227",1,4,"24,393",97.9
경기도,수원시,매탄3동,2035,"59,664.00","61,396.00","56,650.00",92.3,0.000,"14,360.00","16,092.00","16,092.00","3,353.00","11,627.00",177.00,935.00,2.200,"24,102.00","24,102.00","19,413.00",0.00,"19,413.00",2.200,"21,202.00","21,202.00","21,145.00","1,187.00","19,149.00",0.00,809.00,274,341,371,"2,790","2,790",2,10,"55,483",97.9
경기도,수원시,매탄4동,2035,"37,574.00","38,666.00","35,678.00",92.3,0.000,"9,043.00","10,135.00","10,135.00","2,112.00","7,323.00",111.00,589.00,0.800,"15,179.00","15,179.00","12,225.00",0.00,"12,225.00",0.800,"13,352.00","13,352.00","13,318.00",747.00,"12,059.00",0.00,512.00,173,214,234,"1,757","1,757",2,6,"34,941",97.9
경기도,수원시,원천동,2035,"38,419.00","39,534.00","36,553.00",92.5,0.000,"9,247.00","10,362.00","10,362.00","2,159.00","7,487.00",114.00,602.00,3.200,"15,520.00","15,520.00","12,572.00",0.00,"12,572.00",3.200,"13,652.00","13,652.00","13,619.00",764.00,"12,330.00",0.00,525.00,177,221,239,"1,797","1,797",2,6,"35,726",97.7
경기도,수원시,영통1동,2035,"55,787.00","57,406.00","52,976.00",92.3,0.000,"13,427.00","15,046.00","15,046.00","3,135.00","10,872.00",165.00,874.00,1.400,"22,536.00","22,536.00","18,151.00",0.00,"18,151.00",1.400,"19,824.00","19,824.00","19,779.00","1,110.00","17,905.00",0.00,764.00,256,318,347,"2,609","2,609",2,10,"51,878",97.9
경기도,수원시,영통2동,2035,"41,491.00","42,696.00","39,399.00",92.3,0.000,"9,986.00","11,191.00","11,191.00","2,332.00","8,086.00",123.00,650.00,1.380,"16,761.00","16,761.00","13,500.00",0.00,"13,500.00",1.380,"14,744.00","14,744.00","14,708.00",825.00,"13,316.00",0.00,567.00,191,237,258,"1,940","1,940",2,7,"38,583",97.9
경기도,수원시,영통3동,2035,"47,133.00","48,503.00","44,755.00",92.3,0.000,"11,344.00","12,714.00","12,714.00","2,649.00","9,186.00",140.00,739.00,1.300,"19,040.00","19,040.00","15,336.00",0.00,"15,336.00",1.300,"16,749.00","16,749.00","16,705.00",938.00,"15,128.00",0.00,639.00,217,269,293,"2,204","2,204",2,8,"43,831",97.9
경기도,수원시,망포1동,2035,"51,376.00","52,867.00","48,784.00",92.3,0.000,"12,365.00","13,856.00","13,856.00","2,887.00","10,012.00",152.00,805.00,0.900,"20,754.00","20,754.00","16,717.00",0.00,"16,717.00",0.900,"18,257.00","18,257.00","18,211.00","1,022.00","16,490.00",0.00,699.00,236,293,320,"2,402","2,402",0,5,"47,776",97.9
경기도,수원시,망포2동,2035,"27,663.00","28,466.00","26,266.00",92.3,0.000,"6,658.00","7,461.00","7,461.00","1,555.00","5,391.00",82.00,433.00,1.100,"11,175.00","11,175.00","9,000.00",0.00,"9,000.00",1.100,"9,830.00","9,830.00","9,805.00",550.00,"8,878.00",0.00,377.00,127,158,172,"1,294",0,3,8,"25,725",97.9
경기도,수원시,광교1동,2035,"69,917.00","71,946.00","66,783.00",92.8,0.000,"16,828.00","18,857.00","18,857.00","3,929.00","13,625.00",207.00,"1,096.00",2.800,"28,244.00","28,244.00","23,143.00",0.00,"23,143.00",2.800,"24,845.00","24,845.00","24,783.00","1,391.00","22,439.00",0.00,953.00,321,399,435,"3,270","3,270",3,11,"65,017",97.4
경기도,수원시,광교2동,2035,"38,941.00","40,071.00","36,978.00",92.3,0.000,"9,372.00","10,502.00","10,502.00","2,188.00","7,589.00",115.00,610.00,1.600,"15,731.00","15,731.00","12,670.00",0.00,"12,670.00",1.600,"13,838.00","13,838.00","13,806.00",775.00,"12,498.00",0.00,533.00,179,222,242,"1,821","1,821",2,6,"36,213",97.9
경기도,성남시,소계,,"2,631.93","1,414,876.22","1,414,876.22",100.0,0.078,"1,688.42","425,740.25","425,740.25","67,135.54","358,137.09",467.62,0.00,0.094,140.06,"444,069.35","444,069.35","6,011.06","438,058.29",0.131,803.45,"545,066.62","545,066.62","68,291.16","473,102.86","3,672.60",0.00,"15,424","7,849","8,437","21,624","21,628",88,560,"1,174,624",83.0
경기도,성남시,신흥1동,2030,70.57,"17,515.61","17,515.61",100.0,0.004,70.57,"17,515.61","17,515.61","1,472.07","16,043.54",0.00,0.00,0.000,0.00,0.00,0.00,0.00,0.00,0.000,0.00,0.00,0.00,0.00,0.00,0.00,0.00,0,0,0,0,0,0,0,"17,498",99.9
경기도,성남시,신흥2동,2030,45.31,"12,848.32","12,848.32",100.0,0.003,42.58,"10,569.03","10,569.03","3,573.88","6,995.15",0.00,0.00,0.000,0.17,539.75,539.75,0.00,539.75,0.000,2.56,"1,739.54","1,739.54",206.43,"1,533.11",0.00,0.00,0,0,0,0,0,0,0,"12,835",99.9
경기도,성남시,신흥3동,2030,61.36,"16,179.21","16,179.21",100.0,0.004,59.89,"14,864.18","14,864.18","1,785.71","13,078.47",0.00,0.00,0.000,0.13,404.91,404.91,0.00,404.91,0.000,1.34,910.12,910.12,0.00,910.12,0.00,0.00,0,0,0,0,0,0,0,"16,172",100.0
경기도,성남시,태평1동,2030,99.36,"27,766.83","27,766.83",100.0,0.005,92.24,"22,894.50","22,894.50","6,392.90","16,497.54",4.06,0.00,0.000,0.02,53.61,53.61,0.00,53.61,0.001,7.10,"4,818.72","4,818.72",499.37,"3,736.67",582.68,0.00,"2,374",0,0,"1,381","1,381",2,33,"25,016",90.1
경기도,성남시,태평2동,2030,64.84,"16,132.22","16,132.22",100.0,0.004,64.76,"16,075.41","16,075.41","1,924.09","14,151.32",0.00,0.00,0.000,0.00,5.41,5.41,0.00,5.41,0.000,0.08,51.40,51.40,0.00,51.40,0.00,0.00,"2,374",0,0,"1,381","1,381",2,33,"7,141",44.3
경기도,성남시,태평3동,2030,64.60,"16,058.27","16,058.27",100.0,0.004,64.54,"16,018.93","16,018.93","1,681.90","14,337.03",0.00,0.00,0.000,0.00,0.00,0.00,0.00,0.00,0.000,0.06,39.34,39.34,39.34,0.00,0.00,0.00,"2,374",0,0,"1,381","1,381",2,33,"16,042",99.9
경기도,성남시,태평4동,2030,52.30,"13,367.69","13,367.69",100.0,0.003,51.41,"12,761.00","12,761.00","1,201.19","11,559.81",0.00,0.00,0.000,0.00,0.00,0.00,0.00,0.00,0.000,0.89,606.69,606.69,152.34,454.35,0.00,0.00,"2,375",0,0,"1,381","1,381",1,33,"8,527",63.8
경기도,성남시,수진1동,2030,75.31,"18,922.70","18,922.70",100.0,0.004,74.77,"18,558.83","18,558.83",497.76,"18,061.07",0.00,0.00,0.000,0.00,0.00,0.00,0.00,0.00,0.000,0.54,363.87,363.87,0.00,363.87,0.00,0.00,0,0,0,0,0,0,0,"18,303",96.7
경기도,성남시,수진2동,2030,86.67,"23,580.68","23,580.68",100.0,0.005,82.30,"20,427.98","20,427.98","4,948.69","15,479.29",0.00,0.00,0.000,0.07,237.28,237.28,0.00,237.28,0.000,4.30,"2,915.42","2,915.42",0.00,"2,816.64",98.78,0.00,0,0,0,0,0,0,0,"22,507",95.4
경기도,성남시,단대동,2030,50.95,"17,317.11","17,317.11",100.0,0.003,44.96,"11,160.55","11,160.55","1,500.19","9,660.36",0.00,0.00,0.000,0.84,"2,661.00","2,661.00",0.00,"2,661.00",0.000,5.15,"3,495.56","3,495.56",0.00,"3,495.56",0.00,0.00,0,0,0,0,0,0,0,"15,787",91.2
경기도,성남시,산성동,2030,67.59,"19,484.82","19,484.82",100.0,0.004,64.80,"16,083.33","16,083.33","1,517.06","14,566.27",0.00,0.00,0.000,0.60,"1,915.59","1,915.59",0.00,"1,915.59",0.000,2.19,"1,485.90","1,485.90",0.00,"1,485.90",0.00,0.00,0,0,0,0,0,0,0,"19,407",99.6
경기도,성남시,양지동,2030,39.05,"11,070.46","11,070.46",100.0,0.002,38.41,"9,534.85","9,534.85","1,458.25","8,076.60",0.00,0.00,0.000,0.44,"1,396.93","1,396.93",0.00,"1,396.93",0.000,0.20,138.68,138.68,0.00,138.68,0.00,0.00,0,0,0,0,0,0,0,"11,010",99.5
경기도,성남시,복정동,2030,74.85,"50,979.18","50,979.18",100.0,0.002,32.18,"7,986.80","7,986.80","1,125.41","6,807.29",54.10,0.00,0.000,5.64,"17,871.85","17,871.85",0.00,"17,871.85",0.003,37.03,"25,120.53","25,120.53","2,888.25","22,172.40",59.88,0.00,0,0,0,0,0,0,0,"36,545",71.7
경기도,성남시,위례동,2030,31.12,"31,019.94","31,019.94",100.0,0.000,0.00,0.00,0.00,0.00,0.00,0.00,0.00,0.000,3.97,"12,599.89","12,599.89",0.00,"12,599.89",0.002,27.15,"18,420.05","18,420.05","2,849.57","15,570.48",0.00,0.00,0,0,0,0,0,0,0,0,0.0
경기도,성남시,신촌동,2030,35.68,"20,291.08","20,291.08",100.0,0.001,21.23,"5,269.66","5,269.66",441.19,"4,828.47",0.00,0.00,0.000,2.10,"6,644.25","6,644.25",68.21,"6,576.04",0.001,12.35,"8,377.17","8,377.17",444.75,"7,758.63",173.79,0.00,0,0,0,0,0,0,0,"19,162",94.4
경기도,성남시,고등동,2030,62.33,"41,402.57","41,402.57",100.0,0.002,28.23,"7,005.87","7,005.87",218.72,"6,787.15",0.00,0.00,0.000,4.52,"14,327.45","14,327.45",0.00,"14,327.45",0.002,29.58,"20,069.25","20,069.25","1,231.55","18,704.92",132.78,0.00,0,0,0,0,0,0,0,"30,227",73.0
경기도,성남시,시흥동,2030,66.68,"45,368.95","45,368.95",100.0,0.002,31.13,"7,725.77","7,725.77","1,285.81","6,141.00",298.96,0.00,0.000,5.42,"17,199.89","17,199.89",0.00,"17,199.89",0.002,30.13,"20,443.29","20,443.29",483.01,"18,725.04","1,235.24",0.00,0,0,0,0,0,0,0,"38,318",84.5
경기도,성남시,성남동,2030,167.37,"48,449.56","48,449.56",100.0,0.005,156.51,"38,847.15","38,847.15","8,085.29","30,761.86",0.00,0.00,0.000,0.90,"2,845.75","2,845.75",0.00,"2,845.75",0.000,9.96,"6,756.66","6,756.66","1,585.52","4,592.22",578.92,0.00,"1,481",0,0,"1,251","1,251",8,14,"44,802",92.5
경기도,성남시,중앙동,2030,1.54,"1,354.77","1,354.77",100.0,0.000,0.39,97.02,97.02,0.00,97.02,0.00,0.00,0.000,0.19,604.61,604.61,0.00,604.61,0.000,0.96,653.14,653.14,19.98,633.16,0.00,0.00,"1,482",0,0,"1,251","1,251",8,14,"1,257",92.8
경기도,성남시,금광1동,2030,89.04,"24,707.97","24,707.97",100.0,0.003,84.40,"20,949.18","20,949.18","3,068.20","17,880.98",0.00,0.00,0.000,0.25,782.60,782.60,0.00,782.60,0.000,4.39,"2,976.19","2,976.19",0.00,"2,976.19",0.00,0.00,"1,482",0,0,"1,251","1,251",9,13,"24,707",100.0
경기도,성남시,금광2동,2030,108.12,"27,613.56","27,613.56",100.0,0.003,106.75,"26,495.96","26,495.96","3,686.79","22,809.17",0.00,0.00,0.000,0.08,244.69,244.69,0.00,244.69,0.000,1.29,872.91,872.91,0.00,872.91,0.00,0.00,"1,482",0,0,"1,251","1,251",9,13,"27,625",100.0
경기도,성남시,은행1동,2030,22.99,"5,711.23","5,711.23",100.0,0.001,22.98,"5,702.86","5,702.86",299.66,"5,403.20",0.00,0.00,0.000,0.00,0.00,0.00,0.00,0.00,0.000,0.01,8.37,8.37,0.00,8.37,0.00,0.00,0,0,0,0,0,0,0,"5,711",100.0
경기도,성남시,은행2동,2030,43.44,"16,535.53","16,535.53",100.0,0.001,38.13,"9,464.04","9,464.04","1,180.55","8,283.49",0.00,0.00,0.000,1.39,"4,415.38","4,415.38",0.00,"4,415.38",0.000,3.92,"2,656.11","2,656.11",0.00,"2,656.11",0.00,0.00,0,0,0,0,0,0,0,"16,520",99.9
경기도,성남시,상대원1동,2030,233.64,"69,079.91","69,079.91",100.0,0.007,215.61,"53,517.14","53,517.14","11,651.70","41,865.44",0.00,0.00,0.000,1.34,"4,240.02","4,240.02",0.00,"4,240.02",0.000,16.69,"11,322.75","11,322.75","2,201.32","9,121.43",0.00,0.00,0,0,0,0,0,0,0,"69,077",100.0
경기도,성남시,상대원2동,2030,58.70,"14,697.19","14,697.19",100.0,0.002,58.40,"14,495.07","14,495.07",963.41,"13,531.66",0.00,0.00,0.000,0.00,0.00,0.00,0.00,0.00,0.000,0.30,202.12,202.12,0.00,202.12,0.00,0.00,0,0,0,0,0,0,0,"14,697",100.0
경기도,성남시,상대원3동,2030,41.14,"10,229.90","10,229.90",100.0,0.001,41.09,"10,198.30","10,198.30","2,056.41","8,141.89",0.00,0.00,0.000,0.00,0.00,0.00,0.00,0.00,0.000,0.05,31.60,31.60,0.00,31.60,0.00,0.00,0,0,0,0,0,0,0,"10,229",100.0
경기도,성남시,하대원동,2030,92.93,"26,670.13","26,670.13",100.0,0.003,87.12,"21,623.66","21,623.66","2,153.65","19,470.01",0.00,0.00,0.000,0.44,"1,406.67","1,406.67",0.00,"1,406.67",0.000,5.37,"3,639.80","3,639.80",35.63,"3,604.17",0.00,0.00,0,0,0,0,0,0,0,"25,084",94.1
경기도,성남시,도촌동,2030,56.26,"45,184.02","45,184.02",100.0,0.000,13.04,"3,237.55","3,237.55","1,633.32","1,493.73",110.50,0.00,0.000,5.06,"16,055.60","16,055.60",0.00,"16,055.60",0.001,38.16,"25,890.87","25,890.87","2,296.00","22,784.34",810.53,0.00,0,0,0,0,0,0,0,"43,903",97.2
경기도,성남시,분당동,2030,0.00,0.00,0.00,0.0,0.000,0.00,0.00,0.00,0.00,0.00,0.00,0.00,0.000,0.00,0.00,0.00,0.00,0.00,0.000,0.00,0.00,0.00,0.00,0.00,0.00,0.00,0,0,0,0,0,0,0,0,0.0
경기도,성남시,수내1동,2030,22.27,"25,522.45","25,522.45",100.0,0.000,0.00,0.00,0.00,0.00,0.00,0.00,0.00,0.004,4.18,"13,247.79","13,247.79",460.67,"12,787.12",0.004,18.09,"12,274.66","12,274.66","1,743.28","10,531.38",0.00,0.00,0,0,0,0,0,0,0,"25,359",99.4
경기도,성남시,수내2동,2030,44.56,"49,295.98","49,295.98",100.0,0.000,0.00,0.00,0.00,0.00,0.00,0.00,0.00,0.007,7.65,"24,257.45","24,257.45",95.57,"24,161.88",0.008,36.91,"25,038.53","25,038.53","6,229.80","18,808.73",0.00,0.00,0,0,0,0,0,0,0,"11,711",23.8
경기도,성남시,수내3동,2030,15.42,"15,886.78","15,886.78",100.0,0.000,0.00,0.00,0.00,0.00,0.00,0.00,0.00,0.002,2.18,"6,903.48","6,903.48",0.00,"6,903.48",0.003,13.24,"8,983.30","8,983.30","2,888.39","6,094.91",0.00,0.00,0,0,0,0,0,0,0,"15,839",99.7
경기도,성남시,정자동,2030,0.06,182.60,182.60,100.0,0.000,0.00,0.00,0.00,0.00,0.00,0.00,0.00,0.000,0.06,182.60,182.60,0.00,182.60,0.000,0.00,0.00,0.00,0.00,0.00,0.00,0.00,0,"1,962","2,109","2,774","2,775",12,94,0,0.0
경기도,성남시,정자1동,2030,95.86,"102,130.32","102,130.32",100.0,0.000,0.00,0.00,0.00,0.00,0.00,0.00,0.00,0.013,14.89,"47,201.76","47,201.76",255.73,"46,946.03",0.017,80.97,"54,928.56","54,928.56","6,813.17","48,115.39",0.00,0.00,0,"1,962","2,109","2,774","2,775",12,94,"101,818",99.7
경기도,성남시,정자2동,2030,9.35,"9,108.72","9,108.72",100.0,0.000,0.00,0.00,0.00,0.00,0.00,0.00,0.00,0.001,1.11,"3,517.91","3,517.91",0.00,"3,517.91",0.002,8.24,"5,590.81","5,590.81",757.13,"4,833.68",0.00,0.00,0,"1,962","2,109","2,774","2,775",12,93,"9,081",99.7
경기도,성남시,정자3동,2030,21.15,"23,107.96","23,107.96",100.0,0.000,0.00,0.00,0.00,0.00,0.00,0.00,0.00,0.003,3.52,"11,148.17","11,148.17",43.98,"11,104.19",0.004,17.63,"11,959.79","11,959.79","2,835.15","9,124.64",0.00,0.00,0,"1,963","2,110","2,774","2,775",11,93,"22,294",96.5
경기도,성남시,서현1동,2030,50.08,"56,715.64","56,715.64",100.0,0.000,0.00,"1,198.59","1,198.59",0.00,"1,198.59",0.00,0.00,0.008,8.65,"27,412.41","27,412.41",695.79,"26,716.62",0.009,41.43,"28,104.64","28,104.64","3,091.31","25,013.33",0.00,0.00,0,0,0,0,0,0,0,"56,472",99.6
경기도,성남시,서현2동,2030,17.99,"19,971.08","19,971.08",100.0,0.000,0.00,0.00,0.00,0.00,0.00,0.00,0.00,0.003,3.11,"9,876.31","9,876.31",0.00,"9,876.31",0.003,14.88,"10,094.77","10,094.77","1,391.28","8,703.49",0.00,0.00,0,0,0,0,0,0,0,"19,911",99.7
경기도,성남시,이매1동,2030,36.17,"41,670.72","41,670.72",100.0,0.000,0.00,"2,090.97","2,090.97",491.47,"1,599.50",0.00,0.00,0.005,6.03,"19,132.35","19,132.35","2,275.72","16,856.63",0.006,30.14,"20,447.40","20,447.40","3,869.39","16,578.01",0.00,0.00,0,0,0,0,0,0,0,"41,214",98.9
경기도,성남시,이매2동,2030,0.03,84.55,84.55,100.0,0.000,0.00,0.00,0.00,0.00,0.00,0.00,0.00,0.000,0.03,84.55,84.55,0.00,84.55,0.000,0.00,0.00,0.00,0.00,0.00,0.00,0.00,0,0,0,0,0,0,0,0,0.0
경기도,성남시,야탑1동,2030,72.30,"74,238.01","74,238.01",100.0,0.000,0.00,373.94,373.94,0.00,373.94,0.00,0.00,0.009,9.96,"31,573.89","31,573.89",801.32,"30,772.57",0.013,62.34,"42,290.18","42,290.18","6,154.91","36,135.27",0.00,0.00,0,0,0,0,0,0,0,"73,663",99.2
경기도,성남시,야탑2동,2030,13.31,"15,873.32","15,873.32",100.0,0.000,0.00,0.00,0.00,0.00,0.00,0.00,0.00,0.002,2.74,"8,702.75","8,702.75",547.15,"8,155.60",0.002,10.57,"7,170.57","7,170.57","1,150.80","6,019.77",0.00,0.00,0,0,0,0,0,0,0,"15,661",98.7
경기도,성남시,야탑3동,2030,37.46,"43,290.09","43,290.09",100.0,0.000,0.00,0.00,0.00,0.00,0.00,0.00,0.00,0.006,7.17,"22,739.38","22,739.38",207.19,"22,532.19",0.006,30.29,"20,550.71","20,550.71","1,645.13","18,905.58",0.00,0.00,0,0,0,0,0,0,0,"42,447",98.1
경기도,성남시,판교동,2030,0.00,0.00,0.00,0.0,0.000,0.00,0.00,0.00,0.00,0.00,0.00,0.00,0.000,0.00,0.00,0.00,0.00,0.00,0.000,0.00,0.00,0.00,0.00,0.00,0.00,0.00,0,0,0,0,0,0,0,0,0.0
경기도,성남시,삼평동,2030,0.06,188.21,188.21,100.0,0.000,0.00,0.00,0.00,0.00,0.00,0.00,0.00,0.000,0.06,188.21,188.21,0.00,188.21,0.000,0.00,0.00,0.00,0.00,0.00,0.00,0.00,0,0,0,0,0,0,0,187,99.4
경기도,성남시,백현동,2030,55.08,"55,191.80","55,191.80",100.0,0.000,0.00,0.00,0.00,0.00,0.00,0.00,0.00,0.006,7.15,"22,676.64","22,676.64",0.00,"22,676.64",0.010,47.93,"32,515.16","32,515.16","4,170.22","28,344.94",0.00,0.00,0,0,0,0,0,0,0,56,0.1
경기도,성남시,금곡동,2030,96.92,"101,306.99","101,306.99",100.0,0.000,0.00,"2,423.10","2,423.10",398.81,"2,024.29",0.00,0.00,0.012,13.30,"42,155.41","42,155.41",164.41,"41,991.00",0.018,83.62,"56,728.48","56,728.48","4,415.98","52,312.50",0.00,0.00,0,0,0,0,0,0,0,"50,915",50.3
경기도,성남시,구미1동,2030,31.12,"35,931.21","35,931.21",100.0,0.000,0.00,573.42,573.42,441.46,131.96,0.00,0.00,0.005,5.71,"18,119.31","18,119.31",0.00,"18,119.31",0.005,25.41,"17,238.48","17,238.48","1,180.44","16,058.04",0.00,0.00,0,0,0,0,0,0,0,"35,433",98.6
경기도,성남시,구미동,2030,48.40,"54,505.65","54,505.65",100.0,0.000,0.00,0.00,0.00,0.00,0.00,0.00,0.00,0.008,8.70,"27,571.99","27,571.99",395.32,"27,176.67",0.009,39.70,"26,933.66","26,933.66","5,021.72","21,911.94",0.00,0.00,0,0,0,0,0,0,0,"54,284",99.6
경기도,성남시,운중동,2030,0.60,"1,134.73","1,134.73",100.0,0.000,0.00,0.00,0.00,0.00,0.00,0.00,0.00,0.000,0.29,923.86,923.86,0.00,923.86,0.000,0.31,210.87,210.87,0.00,210.87,0.00,0.00,0,0,0,0,0,0,0,168,14.9
경기도,의정부시,소계,,"485,654.97","583,547.72","574,289.24",98.4,7.920,"233,380.00","267,614.72","267,165.74","37,088.00","230,077.74",0.00,0.00,12.740,"145,985.97","209,644.00","209,644.00",0.00,"209,644.00",12.080,"106,289.00","106,289.00","97,479.50","2,734.00","94,192.50",553.00,0.00,"10,883",0,0,"17,306",0,63,199,"445,444",77.6
경기도,의정부시,의정부1동,2030,"28,059.00","34,315.64","33,778.64",98.4,0.440,"15,816.00","16,226.64","16,226.64","2,927.00","13,299.64",0.00,0.00,0.620,"6,792.00","12,638.00","12,638.00",0.00,"12,638.00",0.620,"5,451.00","5,451.00","4,914.00",65.00,"4,821.00",28.00,0.00,561,0,0,961,0,3,10,"26,538",78.6
경기도,의정부시,의정부2동,2030,"37,555.00","41,138.00","40,372.75",98.1,0.590,"21,169.00","21,169.00","21,121.75","3,324.00","17,797.75",0.00,0.00,0.830,"9,090.00","12,673.00","12,673.00",0.00,"12,673.00",0.830,"7,296.00","7,296.00","6,578.00",87.00,"6,453.00",38.00,0.00,751,0,0,"1,289",0,4,14,"35,519",88.0
경기도,의정부시,호원1동,2030,"50,163.00","56,030.00","55,596.37",99.2,0.770,"27,411.00","27,411.00","27,349.37","4,304.00","23,045.37",0.00,0.00,1.080,"12,931.00","18,798.00","18,798.00",0.00,"18,798.00",1.080,"9,821.00","9,821.00","9,449.00","1,044.00","8,356.00",49.00,0.00,972,0,0,"1,683",0,6,18,"45,993",82.7
경기도,의정부시,호원2동,2030,"51,395.00","56,888.00","56,031.39",98.5,0.790,"28,295.00","28,295.00","28,231.89","4,443.00","23,788.89",0.00,0.00,1.110,"13,348.00","18,841.00","18,841.00",0.00,"18,841.00",1.110,"9,752.00","9,752.00","8,958.50",117.00,"8,790.50",51.00,0.00,"1,003",0,0,"1,726",0,6,18,"47,476",84.7
경기도,의정부시,장암동,2030,"30,529.50","33,608.50","33,055.68",98.4,0.430,"15,299.00","15,299.00","15,264.18","2,402.00","12,862.18",0.00,0.00,0.600,"9,830.50","12,909.50","12,909.50",0.00,"12,909.50",0.600,"5,400.00","5,400.00","4,882.00",63.00,"4,791.00",28.00,0.00,542,0,0,940,0,3,10,"25,670",77.7
경기도,의정부시,신곡1동,2030,"61,291.00","63,079.00","62,503.68",99.1,0.930,"33,193.00","33,193.00","33,118.68","5,212.00","27,906.68",0.00,0.00,1.310,"16,659.00","18,447.00","18,447.00",0.00,"18,447.00",1.310,"11,439.00","11,439.00","10,938.00",628.00,"10,250.00",60.00,0.00,"1,177",0,0,"2,032",0,7,21,"55,693",89.1
경기도,의정부시,신곡2동,2030,"64,515.00","67,303.00","66,068.30",98.2,0.990,"35,518.00","35,518.00","35,438.30","5,577.00","29,861.30",0.00,0.00,1.400,"16,756.00","19,544.00","19,544.00",0.00,"19,544.00",1.400,"12,241.00","12,241.00","11,086.00",194.00,"10,828.00",64.00,0.00,"1,259",0,0,"2,163",0,7,23,"59,596",90.2
경기도,의정부시,송산1동,2030,"19,782.08","33,711.08","32,892.08",97.6,0.680,0.00,0.00,0.00,0.00,0.00,0.00,0.00,0.950,"11,444.08","25,373.08","25,373.08",0.00,"25,373.08",0.950,"8,338.00","8,338.00","7,519.00",100.00,"7,375.00",44.00,0.00,858,0,0,"1,486",0,5,16,"17,712",53.8
경기도,의정부시,송산2동,2030,"40,372.39","40,372.39","38,699.39",95.9,0.730,0.00,0.00,0.00,0.00,0.00,0.00,0.00,2.610,"23,355.39","23,355.39","23,355.39",0.00,"23,355.39",1.950,"17,017.00","17,017.00","15,344.00",203.00,"15,052.00",89.00,0.00,"1,751",0,0,"1,595",0,10,32,"36,147",93.4
경기도,의정부시,송산3동,2030,0.00,0.00,0.00,0.0,0.000,0.00,0.00,0.00,0.00,0.00,0.00,0.00,0.000,0.00,0.00,0.00,0.00,0.00,0.000,0.00,0.00,0.00,0.00,0.00,0.00,0.00,0,0,0,0,0,0,0,0,0.0
경기도,의정부시,자금동,2030,"40,136.00","58,116.00","57,495.85",98.9,0.630,"22,624.00","22,624.00","22,572.85","3,552.00","19,020.85",0.00,0.00,0.890,"9,715.00","27,695.00","27,695.00",0.00,"27,695.00",0.890,"7,797.00","7,797.00","7,228.00",93.00,"7,094.00",41.00,0.00,802,0,0,"1,377",0,5,15,"37,960",66.0
경기도,의정부시,가능동,2030,0.00,0.00,0.00,0.0,0.000,0.00,0.00,0.00,0.00,0.00,0.00,0.00,0.000,0.00,0.00,0.00,0.00,0.00,0.000,0.00,0.00,0.00,0.00,0.00,0.00,0.00,0,0,0,0,0,0,0,0,0.0
경기도,의정부시,흥선동,2030,"29,624.00","30,363.03","29,773.03",98.1,0.450,"16,309.00","16,309.00","16,272.00","2,561.00","13,711.00",0.00,0.00,0.640,"7,694.00","8,433.03","8,433.03",0.00,"8,433.03",0.640,"5,621.00","5,621.00","5,068.00",67.00,"4,972.00",29.00,0.00,578,0,0,983,0,3,11,"27,365",91.9
경기도,의정부시,녹양동,2030,"32,233.00","68,623.08","68,022.08",99.1,0.490,"17,746.00","51,570.08","51,570.08","2,786.00","48,784.08",0.00,0.00,0.700,"8,371.00","10,937.00","10,937.00",0.00,"10,937.00",0.700,"6,116.00","6,116.00","5,515.00",73.00,"5,410.00",32.00,0.00,629,0,0,"1,071",0,4,11,"29,775",43.8
경기도,안양시,소계,,"712,995.62","713,074.82","694,642.12",97.4,10.930,"414,266.13","414,266.13","407,866.13","70,144.94","336,436.05","1,285.14",0.00,17.900,"135,166.99","135,246.19","123,213.49",439.21,"122,774.28",17.900,"163,562.50","163,562.50","163,562.50","17,345.07","139,833.68","5,796.57",587.18,"5,028","3,091","6,059","2,005","28,737",203,177,"694,203",99.9
경기도,안양시,안양1동,2040,"13,546.91","13,546.91","13,546.91",100.0,0.290,"10,055.57","10,055.57","10,055.57","2,092.18","7,912.43",50.96,0.00,0.230,795.89,795.89,795.89,0.00,795.89,0.230,"2,695.45","2,695.45","2,695.45",0.00,"2,683.02",12.43,0.00,195,18,60,7,599,1,13,"13,546",100.0
경기도,안양시,안양2동,2040,"45,204.19","45,204.19","43,919.59",97.2,1.010,"32,736.73","32,736.73","32,736.73","6,179.84","26,556.89",0.00,0.00,0.160,"2,706.19","2,706.19","1,421.59",0.00,"1,421.59",0.160,"9,761.27","9,761.27","9,761.27","1,388.21","7,096.66","1,276.40",0.00,535,123,94,110,"1,807",38,26,"43,919",100.0
경기도,안양시,안양3동,2040,"16,991.74","16,991.74","16,991.74",100.0,0.620,"16,575.12","16,575.12","16,575.12",664.63,"15,910.49",0.00,0.00,0.000,62.81,62.81,62.81,0.00,62.81,0.000,353.81,353.81,353.81,0.00,353.81,0.00,0.00,339,29,50,0,978,2,0,"16,991",100.0
경기도,안양시,안양4동,2040,"9,477.09","9,477.09","8,801.09",92.9,0.290,"8,709.35","8,709.35","8,709.35",173.57,"8,535.78",0.00,0.00,0.010,692.84,692.84,16.84,16.84,0.00,0.010,74.90,74.90,74.90,0.00,74.90,0.00,0.00,211,0,16,0,639,2,1,"8,801",100.0
경기도,안양시,안양5동,2040,"16,017.53","16,017.53","15,336.53",95.7,0.380,"15,229.51","15,229.51","15,229.51",660.93,"14,533.80",34.78,0.00,0.170,695.55,695.55,14.55,0.00,14.55,0.170,92.47,92.47,92.47,0.00,92.47,0.00,0.00,312,3,56,0,807,0,0,"15,336",100.0
경기도,안양시,안양6동,2040,"24,103.46","24,103.46","23,890.46",99.1,0.690,"23,875.04","23,875.04","23,875.04","2,157.04","21,718.00",0.00,0.00,0.130,213.00,213.00,0.00,0.00,0.00,0.130,15.42,15.42,15.42,0.00,15.42,0.00,0.00,439,0,61,0,"1,292",0,0,"23,890",100.0
경기도,안양시,안양7동,2040,"24,266.50","24,266.50","23,776.70",98.0,0.610,"17,988.73","17,988.73","17,988.73","4,831.19","13,157.54",0.00,0.00,0.310,"2,029.73","2,029.73","1,539.93",0.00,"1,539.93",0.310,"4,248.04","4,248.04","4,248.04",29.02,"4,219.02",0.00,0.00,254,40,158,20,937,14,21,"23,776",100.0
경기도,안양시,안양8동,2040,"16,880.19","16,880.19","15,928.99",94.4,0.600,"14,654.18","14,654.18","14,654.18","1,626.88","13,027.30",0.00,0.00,0.000,"1,614.89","1,614.89",663.69,0.00,663.69,0.000,611.12,611.12,611.12,0.00,611.12,0.00,0.00,268,17,39,0,746,0,0,"15,928",100.0
경기도,안양시,안양9동,2040,"24,930.32","24,930.32","24,727.32",99.2,0.390,"16,605.73","16,605.73","16,605.73","1,203.84","15,019.72",382.17,0.00,0.450,"3,903.37","3,903.37","3,700.37",0.00,"3,700.37",0.450,"4,421.22","4,421.22","4,421.22",427.71,"3,547.47",14.32,431.72,355,153,89,53,712,9,17,"24,727",100.0
경기도,안양시,석수1동,2040,"36,954.49","36,954.49","36,954.49",100.0,0.600,"15,495.40","15,495.40","15,495.40","1,269.67","14,038.38",187.35,0.00,0.920,"7,015.68","7,015.68","7,015.68",0.00,"7,015.68",0.920,"14,443.41","14,443.41","14,443.41",385.43,"11,817.62","2,240.36",0.00,344,157,273,146,"1,072",15,32,"36,954",100.0
경기도,안양시,석수2동,2040,"53,119.98","53,119.98","53,119.98",100.0,0.740,"28,583.81","28,583.81","28,583.81","4,466.15","23,663.83",453.83,0.00,0.850,"7,886.89","7,886.89","7,886.89",0.00,"7,886.89",0.850,"16,649.28","16,649.28","16,649.28","1,154.45","13,686.53","1,808.30",0.00,237,213,583,42,"1,871",17,13,"53,119",100.0
경기도,안양시,석수3동,2040,"23,201.45","23,201.45","23,201.45",100.0,0.000,"10,101.83","10,101.83","10,101.83","5,455.45","4,535.97",110.41,0.00,0.390,"9,546.87","9,546.87","9,546.87",0.00,"9,546.87",0.390,"3,552.75","3,552.75","3,552.75",61.59,"3,350.75",140.41,0.00,209,142,73,24,"2,098",3,2,"23,201",100.0
경기도,안양시,박달1동,2040,"17,635.59","17,635.59","17,635.59",100.0,0.340,"14,430.17","14,430.17","14,430.17","2,163.41","12,266.76",0.00,0.00,0.060,"1,486.10","1,486.10","1,486.10",0.00,"1,486.10",0.060,"1,719.32","1,719.32","1,719.32",152.52,"1,566.80",0.00,0.00,305,54,48,0,"1,007",6,1,"17,635",100.0
경기도,안양시,박달2동,2040,"30,350.26","30,350.26","30,350.26",100.0,0.190,"19,335.42","19,335.42","19,335.42","5,191.01","14,144.41",0.00,0.00,3.990,"3,069.61","3,069.61","3,069.61",0.00,"3,069.61",3.990,"7,945.23","7,945.23","7,945.23","1,364.88","6,542.95",37.40,0.00,232,134,147,141,762,18,14,"30,350",100.0
경기도,안양시,비산1동,2040,"13,164.60","13,164.60","13,164.60",100.0,0.080,"8,258.98","8,258.98","8,258.98","2,689.47","5,569.51",0.00,0.00,0.570,"2,060.70","2,060.70","2,060.70",0.00,"2,060.70",0.570,"2,844.92","2,844.92","2,844.92",769.06,"2,075.86",0.00,0.00,225,68,62,43,491,2,3,"13,164",100.0
경기도,안양시,비산2동,2040,"21,156.30","21,156.30","14,836.30",70.1,0.200,"18,724.40","18,724.40","12,404.40","3,874.33","8,530.07",0.00,0.00,0.200,"1,289.56","1,289.56","1,289.56",0.00,"1,289.56",0.200,"1,142.34","1,142.34","1,142.34",0.00,"1,142.34",0.00,0.00,128,20,143,20,570,9,3,"14,836",100.0
경기도,안양시,비산3동,2040,"26,329.82","26,329.82","25,125.42",95.4,0.610,"22,118.36","22,118.36","22,118.36","3,998.80","18,053.92",65.64,0.00,0.670,"3,112.22","3,112.22","1,907.82",24.28,"1,883.54",0.670,"1,099.24","1,099.24","1,099.24",235.20,864.04,0.00,0.00,43,65,347,4,"1,111",4,0,"25,125",100.0
경기도,안양시,부흥동,2040,"10,783.13","10,783.13","10,783.13",100.0,0.000,"1,658.18","1,658.18","1,658.18",545.73,"1,112.45",0.00,0.00,0.460,"5,053.11","5,053.11","5,053.11",0.00,"5,053.11",0.460,"4,071.84","4,071.84","4,071.84",567.34,"3,504.50",0.00,0.00,2,93,106,33,311,5,0,"10,783",100.0
경기도,안양시,달안동,2040,"10,904.73","10,904.73","10,904.73",100.0,0.000,"1,087.75","1,087.75","1,087.75",0.00,"1,087.75",0.00,0.00,0.410,"4,015.43","4,015.43","4,015.43",0.00,"4,015.43",0.410,"5,801.55","5,801.55","5,801.55",778.64,"5,022.91",0.00,0.00,0,101,146,30,306,1,0,"10,904",100.0
경기도,안양시,관양1동,2040,"38,467.48","38,467.48","37,690.48",98.0,0.720,"22,421.91","22,421.91","22,421.91","2,769.65","19,652.26",0.00,0.00,0.840,"8,330.54","8,330.54","7,553.54",0.00,"7,553.54",0.840,"7,715.03","7,715.03","7,715.03","1,027.87","6,687.16",0.00,0.00,41,269,720,210,"2,243",3,1,"37,690",100.0
경기도,안양시,관양2동,2040,"44,896.11","44,896.11","44,896.11",100.0,0.680,"22,862.20","22,862.20","22,862.20","3,542.33","19,319.87",0.00,0.00,0.840,"10,648.94","10,648.94","10,648.94",398.09,"10,250.85",0.840,"11,384.97","11,384.97","11,384.97","1,191.44","10,009.25",28.82,155.46,95,133,505,102,"1,698",18,9,"44,896",100.0
경기도,안양시,부림동,2040,"25,203.21","25,203.21","25,203.21",100.0,0.000,"3,258.42","3,258.42","3,258.42","1,878.24","1,380.18",0.00,0.00,0.900,"9,926.91","9,926.91","9,926.91",0.00,"9,926.91",0.900,"12,017.88","12,017.88","12,017.88","1,368.07","10,649.81",0.00,0.00,5,239,322,94,746,2,0,"25,203",100.0
경기도,안양시,평촌동,2040,"16,582.20","16,582.20","14,349.00",86.5,0.120,"9,723.25","9,723.25","9,723.25","1,899.84","7,823.41",0.00,0.00,0.380,"4,061.75","4,061.75","1,828.55",0.00,"1,828.55",0.380,"2,797.20","2,797.20","2,797.20",450.94,"2,346.26",0.00,0.00,124,32,110,8,576,5,2,"14,349",100.0
경기도,안양시,평안동,2040,"13,159.67","13,159.67","13,159.67",100.0,0.000,976.81,976.81,976.81,847.70,129.11,0.00,0.00,0.830,"6,107.53","6,107.53","6,107.53",0.00,"6,107.53",0.830,"6,075.33","6,075.33","6,075.33",917.38,"5,157.95",0.00,0.00,6,127,125,40,423,0,0,"13,159",100.0
경기도,안양시,귀인동,2040,"17,710.98","17,710.98","17,710.98",100.0,0.000,0.00,0.00,0.00,0.00,0.00,0.00,0.00,0.720,"7,183.81","7,183.81","7,183.81",0.00,"7,183.81",0.720,"10,527.17","10,527.17","10,527.17","1,117.04","9,410.13",0.00,0.00,10,191,207,283,634,0,0,"17,710",100.0
경기도,안양시,호계1동,2040,"26,170.14","26,170.14","24,760.04",94.6,0.230,"17,234.21","17,234.21","17,224.21","1,681.99","15,542.22",0.00,0.00,0.720,"4,044.32","4,044.32","2,644.22",0.00,"2,644.22",0.720,"4,891.61","4,891.61","4,891.61","1,207.54","3,684.07",0.00,0.00,37,85,314,28,"1,105",10,5,"24,656",99.6
경기도,안양시,호계2동,2040,"29,414.32","29,414.32","27,494.92",93.5,1.250,"25,280.51","25,280.51","25,280.51","4,712.98","20,567.53",0.00,0.00,0.410,"2,907.63","2,907.63",988.23,0.00,988.23,0.410,"1,226.18","1,226.18","1,226.18",143.16,"1,083.02",0.00,0.00,39,33,436,0,"1,184",6,14,"27,494",100.0
경기도,안양시,호계3동,2040,"17,301.85","17,381.05","17,311.05",99.6,0.260,"12,988.67","12,988.67","12,918.67",416.80,"12,501.87",0.00,0.00,0.570,"2,095.92","2,175.12","2,175.12",0.00,"2,175.12",0.570,"2,217.26","2,217.26","2,217.26",0.00,"2,098.27",118.99,0.00,18,51,259,12,550,13,0,"16,991",98.2
경기도,안양시,범계동,2040,"14,102.10","14,102.10","14,102.10",100.0,0.000,511.32,511.32,511.32,511.32,0.00,0.00,0.00,0.580,"6,537.69","6,537.69","6,537.69",0.00,"6,537.69",0.580,"7,053.09","7,053.09","7,053.09","1,244.05","5,809.04",0.00,0.00,7,133,155,76,421,0,0,"14,102",100.0
경기도,안양시,신촌동,2040,"14,677.47","14,677.47","14,677.47",100.0,0.000,"1,757.86","1,757.86","1,757.86","1,712.98",44.88,0.00,0.00,0.400,"8,134.75","8,134.75","8,134.75",0.00,"8,134.75",0.400,"4,784.86","4,784.86","4,784.86",136.80,"4,648.06",0.00,0.00,9,180,123,180,361,0,0,"14,677",100.0
경기도,안양시,갈산동,2040,"20,291.81","20,291.81","20,291.81",100.0,0.030,"1,026.71","1,026.71","1,026.71",926.99,99.72,0.00,0.00,0.730,"7,936.76","7,936.76","7,936.76",0.00,"7,936.76",0.730,"11,328.34","11,328.34","11,328.34","1,226.73","9,982.47",119.14,0.00,4,188,232,299,680,0,0,"20,291",100.0
경기도,부천시,소계,,0.00,"963,538.64","963,538.64",100.0,0.000,0.00,"614,652.22","614,652.22","77,568.09","515,769.98",0.00,"21,314.15",0.000,0.00,"137,693.97","137,693.97",117.24,"137,576.73",0.000,0.00,"211,192.45","211,192.45","44,587.07","160,937.87",0.00,"5,667.51","11,135","3,323","4,094",0,0,56,60,0,0.0
경기도,부천시,심곡동,2035,0.00,"76,410.61","76,410.61",100.0,0.000,0.00,"71,991.28","71,991.28","6,061.50","65,779.53",0.00,150.25,0.000,0.00,127.03,127.03,0.00,127.03,0.000,0.00,"4,292.30","4,292.30","1,291.58","3,000.72",0.00,0.00,"1,374",3,77,0,0,1,0,0,0.0
경기도,부천시,부천동,2035,0.00,"132,032.72","132,032.72",100.0,0.000,0.00,"123,436.25","123,436.25","10,831.30","111,018.80",0.00,"1,586.15",0.000,0.00,"3,423.12","3,423.12",54.61,"3,368.51",0.000,0.00,"5,173.35","5,173.35",50.27,"4,264.64",0.00,858.44,"2,454",102,115,0,0,0,4,0,0.0
경기도,부천시,중동,2035,0.00,"58,457.00","58,457.00",100.0,0.000,0.00,"28,599.16","28,599.16","4,420.12","23,984.16",0.00,194.88,0.000,0.00,"12,995.71","12,995.71",0.00,"12,995.71",0.000,0.00,"16,862.13","16,862.13","3,758.86","13,103.27",0.00,0.00,445,169,185,0,0,0,0,0,0.0
경기도,부천시,신중동,2035,0.00,"109,552.37","109,552.37",100.0,0.000,0.00,"26,327.25","26,327.25","6,162.71","20,099.65",0.00,64.89,0.000,0.00,"34,043.39","34,043.39",62.63,"33,980.76",0.000,0.00,"49,181.73","49,181.73","15,822.73","32,987.10",0.00,371.90,535,905,"1,077",0,0,20,0,0,0.0
경기도,부천시,상동,2035,0.00,"75,020.82","75,020.82",100.0,0.000,0.00,"1,614.98","1,614.98",713.69,787.58,0.00,113.71,0.000,0.00,"30,298.50","30,298.50",0.00,"30,298.50",0.000,0.00,"43,107.34","43,107.34","10,377.62","32,729.72",0.00,0.00,20,578,711,0,0,1,0,0,0.0
경기도,부천시,대산동,2035,0.00,"72,025.62","72,025.62",100.0,0.000,0.00,"63,078.44","63,078.44","9,380.11","52,629.87",0.00,"1,068.46",0.000,0.00,"3,984.64","3,984.64",0.00,"3,984.64",0.000,0.00,"4,962.54","4,962.54",683.76,"4,278.78",0.00,0.00,"1,135",106,112,0,0,0,2,0,0.0
경기도,부천시,소사본동,2035,0.00,"54,632.13","54,632.13",100.0,0.000,0.00,"45,934.96","45,934.96","5,659.81","40,066.74",0.00,208.41,0.000,0.00,"3,093.57","3,093.57",0.00,"3,093.57",0.000,0.00,"5,603.60","5,603.60",0.00,"5,603.60",0.00,0.00,979,89,132,0,0,0,0,0,0.0
경기도,부천시,범안동,2035,0.00,"94,687.73","94,687.73",100.0,0.000,0.00,"40,902.59","40,902.59","4,958.58","34,729.61",0.00,"1,214.40",0.000,0.00,"22,166.96","22,166.96",0.00,"22,166.96",0.000,0.00,"31,618.18","31,618.18","6,045.56","25,572.62",0.00,0.00,713,589,674,0,0,11,11,0,0.0
경기도,부천시,성곡동,2035,0.00,"125,519.95","125,519.95",100.0,0.000,0.00,"76,415.88","76,415.88","6,122.05","61,409.48",0.00,"8,884.35",0.000,0.00,"20,539.87","20,539.87",0.00,"20,539.87",0.000,0.00,"28,564.20","28,564.20","3,772.70","24,791.50",0.00,0.00,"1,157",614,700,0,0,4,19,0,0.0
경기도,부천시,오정동,2035,0.00,"165,199.69","165,199.69",100.0,0.000,0.00,"136,351.43","136,351.43","23,258.22","105,264.56",0.00,"7,828.65",0.000,0.00,"7,021.18","7,021.18",0.00,"7,021.18",0.000,0.00,"21,827.08","21,827.08","2,783.99","14,605.92",0.00,"4,437.17","2,323",168,311,0,0,19,24,0,0.0
경기도,광명시,소계,,"220,301.34","440,782.34","410,279.34",93.1,11.920,"24,539.00","189,037.00","187,737.00","32,231.00","155,506.00",0.00,0.00,13.690,"103,005.02","120,596.02","104,111.02","3,667.00","100,444.02",11.430,"92,757.32","131,149.32","118,431.32","19,972.01","96,998.31","1,152.00",309.00,"3,899","9,631","2,447","13,165","9,321",19,47,"410,279",100.0
경기도,광명시,광명1동,2025,196.00,"12,066.00","12,066.00",100.0,0.310,196.00,"12,066.00","12,066.00",862.00,"11,204.00",0.00,0.00,0.000,0.00,0.00,0.00,0.00,0.00,0.000,0.00,0.00,0.00,0.00,0.00,0.00,0.00,206,0,0,992,315,2,12,"12,066",100.0
경기도,광명시,광명2동,2025,173.00,"11,646.00","11,646.00",100.0,0.280,173.00,"11,646.00","11,646.00",832.00,"10,814.00",0.00,0.00,0.000,0.00,0.00,0.00,0.00,0.00,0.000,0.00,0.00,0.00,0.00,0.00,0.00,0.00,235,0,0,896,311,0,3,"11,646",100.0
경기도,광명시,광명3동,2025,175.00,"11,800.00","11,800.00",100.0,0.300,175.00,"11,800.00","11,800.00",843.00,"10,957.00",0.00,0.00,0.000,0.00,0.00,0.00,0.00,0.00,0.000,0.00,0.00,0.00,0.00,0.00,0.00,0.00,391,0,0,960,336,3,3,"11,800",100.0
경기도,광명시,광명4동,2025,200.00,"12,206.00","12,206.00",100.0,0.270,200.00,"12,206.00","12,206.00",872.00,"11,334.00",0.00,0.00,0.000,0.00,0.00,0.00,0.00,0.00,0.000,0.00,0.00,0.00,0.00,0.00,0.00,0.00,292,0,0,864,339,0,0,"12,206",100.0
경기도,광명시,광명5동,2025,164.00,"12,640.00","12,640.00",100.0,0.440,164.00,"12,640.00","12,640.00",903.00,"11,737.00",0.00,0.00,0.000,0.00,0.00,0.00,0.00,0.00,0.000,0.00,0.00,0.00,0.00,0.00,0.00,0.00,439,0,0,"1,408",402,2,7,"12,640",100.0
경기도,광명시,광명6동,2025,"16,603.00","29,766.00","23,315.00",78.3,0.360,65.00,"13,228.00","13,228.00",945.00,"12,283.00",0.00,0.00,2.050,"8,951.00","8,951.00","6,871.00",0.00,"6,871.00",0.200,"7,587.00","7,587.00","3,216.00",0.00,"3,216.00",0.00,0.00,357,96,107,727,705,3,2,"23,315",100.0
경기도,광명시,광명7동,2025,"32,518.00","43,761.00","26,368.00",60.3,1.110,58.00,"11,301.00","11,301.00",807.00,"10,494.00",0.00,0.00,1.230,"17,680.00","17,680.00","8,634.00",0.00,"8,634.00",0.400,"14,780.00","14,780.00","6,433.00",0.00,"6,433.00",0.00,0.00,310,122,135,735,770,0,0,"26,368",100.0
경기도,광명시,철산1동,2025,"1,537.00","12,002.00","12,002.00",100.0,0.520,0.00,"5,367.00","5,367.00",983.00,"4,384.00",0.00,0.00,0.000,"1,187.00","3,731.00","3,731.00",494.00,"3,237.00",0.400,350.00,"2,904.00","2,904.00",80.00,"2,824.00",0.00,0.00,110,36,38,561,219,1,4,"12,002",100.0
경기도,광명시,철산2동,2025,"2,691.00","21,826.00","21,826.00",100.0,0.950,0.00,"9,804.00","9,804.00","1,795.00","8,009.00",0.00,0.00,0.000,"2,078.00","6,766.00","6,766.00",852.00,"5,914.00",0.700,613.00,"5,256.00","5,256.00",97.00,"5,159.00",0.00,0.00,171,232,159,949,401,0,0,"21,826",100.0
경기도,광명시,철산3동,2025,"13,487.00","24,561.00","24,561.00",100.0,1.050,"9,642.00","10,837.00","10,837.00","1,985.00","8,852.00",0.00,0.00,0.000,"2,969.00","7,860.00","7,860.00","1,324.00","6,536.00",1.000,876.00,"5,864.00","5,864.00",162.00,"5,702.00",0.00,0.00,185,222,241,"1,026",442,1,3,"24,561",100.0
경기도,광명시,철산4동,2025,"5,377.00","8,340.00","7,040.00",84.4,0.320,"4,606.00","4,606.00","3,306.00",606.00,"2,700.00",0.00,0.00,0.000,595.00,"1,994.00","1,994.00",0.00,"1,994.00",0.200,176.00,"1,740.00","1,740.00",0.00,"1,740.00",0.00,0.00,119,19,15,406,135,0,0,"7,040",100.0
경기도,광명시,하안1동,2025,"16,648.00","35,953.00","35,953.00",100.0,0.580,"7,964.00","16,936.00","16,936.00","8,065.00","8,871.00",0.00,0.00,3.370,"7,171.00","10,234.00","10,234.00",0.00,"10,234.00",2.400,"1,513.00","8,783.00","8,783.00","1,442.00","6,729.00",612.00,0.00,175,235,224,666,383,0,0,"35,953",100.0
경기도,광명시,하안2동,2025,"3,807.00","7,801.00","7,801.00",100.0,0.510,0.00,"2,186.00","2,186.00","1,041.00","1,145.00",0.00,0.00,0.000,"3,313.00","3,892.00","3,892.00",0.00,"3,892.00",0.500,494.00,"1,723.00","1,723.00",0.00,"1,723.00",0.00,0.00,35,46,44,312,149,0,0,"7,801",100.0
경기도,광명시,하안3동,2025,"7,481.00","12,394.00","12,394.00",100.0,0.530,0.00,"2,272.00","2,272.00","1,082.00","1,190.00",0.00,0.00,0.000,"6,074.00","6,501.00","6,501.00",0.00,"6,501.00",0.500,"1,407.00","3,621.00","3,621.00",0.00,"3,621.00",0.00,0.00,30,130,69,327,344,0,3,"12,394",100.0
경기도,광명시,하안4동,2025,"5,126.00","8,213.00","8,109.00",98.7,0.380,0.00,"1,632.00","1,632.00",777.00,855.00,0.00,0.00,0.000,"4,426.00","4,426.00","4,322.00",0.00,"4,322.00",0.400,700.00,"2,155.00","2,155.00",0.00,"2,155.00",0.00,0.00,46,44,37,233,169,3,5,"8,109",100.0
경기도,광명시,소하1동,2025,"29,653.00","42,878.00","38,672.00",90.2,1.300,0.00,"12,909.00","12,909.00","3,043.00","9,866.00",0.00,0.00,2.500,"14,790.00","14,790.00","10,584.00",997.00,"9,587.00",1.300,"14,863.00","15,179.00","15,179.00","2,790.00","12,149.00",240.00,0.00,270,309,359,821,675,4,5,"38,672",100.0
경기도,광명시,소하2동,2025,"84,465.34","112,607.34","111,558.34",99.1,2.710,"1,296.00","17,279.00","17,279.00","4,768.00","12,511.00",0.00,0.00,4.540,"33,771.02","33,771.02","32,722.02",0.00,"32,722.02",3.430,"49,398.32","61,557.32","61,557.32","15,401.01","45,547.31",300.00,309.00,212,"8,140","1,019","1,282","2,979",0,0,"111,558",100.0
경기도,광명시,학온동,2025,0.00,"20,322.00","20,322.00",100.0,0.000,0.00,"20,322.00","20,322.00","2,022.00","18,300.00",0.00,0.00,0.000,0.00,0.00,0.00,0.00,0.00,0.000,0.00,0.00,0.00,0.00,0.00,0.00,0.00,316,0,0,0,247,0,0,"20,322",100.0
경기도,평택시,소계,,"445,218.00","1,971,258.47","1,926,921.01",97.8,168.400,"441,259.00","455,181.58","410,844.12","46,443.75","340,897.96","18,071.63","5,430.78",85.800,307.00,"880,483.76","880,483.76","2,502.79","877,980.97",89.200,"3,652.00","635,593.13","635,593.13","61,841.74","561,256.58","6,904.71","5,590.10","23,001","17,358","12,448","19,205","49,733",32,232,"1,496,251",77.6
경기도,평택시,팽성읍,2020,"46,873.00","245,532.69","240,092.62",97.8,42.000,"46,812.00","46,812.00","41,371.93","3,073.51","34,242.12","3,950.97",105.33,13.000,4.00,"128,882.49","128,882.49",0.00,"128,882.49",13.500,57.00,"69,838.20","69,838.20","2,679.18","66,877.69",166.10,115.23,"2,946","3,014","1,719","1,977","5,591",3,22,"176,603",73.6
경기도,평택시,안중읍,2020,"11,891.00","142,675.08","141,288.11",99.0,12.000,"11,714.00","11,714.00","10,327.03","2,576.75","7,289.79",310.49,150.00,6.200,26.00,"71,775.49","71,775.49",0.00,"71,775.49",6.600,151.00,"59,185.59","59,185.59","4,585.38","54,426.59",0.00,173.62,"1,411","1,626","1,299","1,364","3,811",2,15,"121,610",86.1
경기도,평택시,포승읍,2020,"4,435.00","146,818.73","146,818.73",100.0,9.000,"2,700.00","13,934.55","13,934.55",289.56,"13,548.09",38.68,58.22,7.000,55.00,"65,530.78","65,530.78",0.00,"65,530.78",7.000,"1,680.00","67,353.40","67,353.40","17,654.23","49,282.28",152.58,264.31,621,799,934,"1,813","5,087",0,16,"70,648",48.1
경기도,평택시,청북읍,2020,"5,605.00","105,301.73","105,301.73",100.0,6.300,"5,500.00","7,267.63","7,267.63",751.07,"6,509.24",0.00,7.32,1.600,5.00,"40,078.94","40,078.94",0.00,"40,078.94",2.100,100.00,"57,955.16","57,955.16","5,813.68","52,141.48",0.00,0.00,952,640,"1,032","1,168","3,339",0,9,"81,027",76.9
경기도,평택시,진위면,2020,"44,050.00","106,382.76","101,273.30",95.2,3.000,"44,050.00","44,050.00","38,940.54","1,898.99","33,778.42","2,894.52",368.61,2.400,0.00,"49,308.88","49,308.88",0.00,"49,308.88",2.500,0.00,"13,023.88","13,023.88","1,879.02","11,003.29",141.57,0.00,"1,128","1,157",378,744,"2,127",0,10,"86,717",85.6
경기도,평택시,서탄면,2020,"24,000.00","79,617.64","77,725.50",97.6,4.000,"24,000.00","24,000.00","22,107.86",415.38,"19,147.59","2,537.91",6.98,2.000,0.00,"41,892.16","41,892.16",0.00,"41,892.16",2.000,0.00,"13,725.48","13,725.48",471.51,"11,600.68","1,441.37",211.92,"1,255",766,260,385,"1,100",0,7,"37,961",48.8
경기도,평택시,고덕면,2020,"20,000.00","79,075.90","78,100.95",98.8,21.700,"20,000.00","20,000.00","19,025.05",412.04,"16,516.30","1,902.64",194.07,5.000,0.00,"29,998.13","29,998.13",0.00,"29,998.13",5.800,0.00,"29,077.77","29,077.77","4,904.44","23,601.46",555.30,16.57,748,735,564,740,"2,116",0,6,"72,272",92.5
경기도,평택시,오성면,2020,"8,174.00","27,214.56","27,214.56",100.0,4.400,"8,000.00","8,283.08","8,283.08",923.76,"7,280.22",0.00,79.10,1.100,3.00,"8,713.62","8,713.62",0.00,"8,713.62",1.100,171.00,"10,217.86","10,217.86","1,431.00","8,786.86",0.00,0.00,264,125,181,293,838,0,2,"17,527",64.4
경기도,평택시,현덕면,2020,"12,410.00","63,224.71","59,813.90",94.6,3.500,"12,233.00","12,233.00","8,822.19",78.60,"8,724.87",0.00,18.72,2.500,26.00,"41,265.73","41,265.73",0.00,"41,265.73",2.600,151.00,"9,725.98","9,725.98",440.79,"9,136.72",0.00,148.47,477,670,261,272,626,0,3,"86,604",144.8
경기도,평택시,중앙동,2020,"25,055.00","110,717.33","110,029.57",99.4,3.000,"25,000.00","25,000.00","24,312.24","6,387.59","16,730.78","1,150.14",43.73,3.000,13.00,"40,670.86","40,670.86",241.60,"40,429.26",3.000,42.00,"45,046.47","45,046.47","3,952.00","40,463.14",461.61,169.72,"1,730","1,051","1,049","1,164","3,327",1,19,"95,845",87.1
경기도,평택시,서정동,2020,"20,055.00","83,367.25","81,709.76",98.0,5.500,"20,000.00","20,000.00","18,342.51","1,884.60","16,400.28",0.00,57.63,1.500,13.00,"37,293.09","37,293.09",0.00,"37,293.09",1.500,42.00,"26,074.16","26,074.16",583.18,"25,130.21",0.00,360.77,"3,155",904,477,711,"2,034",3,33,"81,034",99.2
경기도,평택시,송탄동,2020,"25,000.00","77,997.88","77,635.16",99.5,2.500,"25,000.00","25,000.00","24,637.28","2,563.64","18,917.86","2,853.83",301.95,3.000,0.00,"25,947.78","25,947.78",0.00,"25,947.78",4.000,0.00,"27,050.10","27,050.10",923.55,"25,950.69",19.14,156.72,"1,163",483,647,679,"1,941",1,14,"75,973",97.9
경기도,평택시,지산동,2020,"14,055.00","32,103.82","29,559.56",92.1,4.300,"14,000.00","14,000.00","11,455.74","1,001.44","10,346.67",0.00,107.63,4.000,13.00,"10,557.41","10,557.41",0.00,"10,557.41",4.000,42.00,"7,546.41","7,546.41",466.34,"6,800.29",0.00,279.78,447,354,146,305,872,2,4,"23,748",80.3
경기도,평택시,송북동,2020,"25,055.00","74,015.75","72,761.79",98.3,4.200,"25,000.00","25,000.00","23,746.04","4,570.20","17,799.52",0.00,"1,376.32",3.500,13.00,"30,590.93","30,590.93",0.00,"30,590.93",3.500,42.00,"18,424.82","18,424.82",208.45,"18,098.73",0.00,117.64,"1,001",855,569,656,654,0,9,"55,764",76.6
경기도,평택시,신장1동,2020,"16,055.00","33,705.90","32,810.50",97.3,3.000,"16,000.00","16,000.00","15,104.60","3,670.51","11,343.24",0.00,90.85,2.500,13.00,"11,187.59","11,187.59",0.00,"11,187.59",2.500,42.00,"6,518.31","6,518.31",982.90,"5,017.91",0.00,517.50,476,284,163,344,983,0,5,"23,866",72.7
경기도,평택시,신장2동,2020,"18,055.00","24,743.47","24,695.67",99.8,3.000,"18,000.00","18,000.00","17,952.20","2,296.99","15,655.21",0.00,0.00,2.500,13.00,"4,329.20","4,329.20",0.00,"4,329.20",2.500,42.00,"2,414.27","2,414.27",0.00,"2,414.27",0.00,0.00,425,115,77,308,880,0,4,"29,398",119.0
경기도,평택시,신평동,2020,"29,235.00","85,306.72","85,306.72",100.0,4.500,"29,000.00","29,234.07","29,234.07","5,786.29","22,424.63",327.10,696.05,4.500,22.00,"33,218.17","33,218.17",44.31,"33,173.86",4.500,213.00,"22,854.48","22,854.48","2,532.72","19,123.23",0.00,"1,198.53","1,182",501,140,554,"1,584",1,15,"59,286",69.5
경기도,평택시,원평동,2020,"15,235.00","65,594.51","65,594.51",100.0,4.500,"15,000.00","15,403.25","15,403.25","2,730.50","10,984.03",0.00,"1,688.72",4.000,22.00,"27,810.42","27,810.42","2,090.07","25,720.35",4.000,213.00,"22,380.84","22,380.84","1,043.14","20,345.02",0.00,992.68,"1,139",420,271,348,996,1,6,"40,810",62.2
경기도,평택시,통복동,2020,"19,575.00","40,332.52","31,375.32",77.8,2.500,"19,340.00","19,340.00","10,382.80","1,436.81","8,945.99",0.00,0.00,1.500,22.00,"10,015.37","10,015.37",126.81,"9,888.56",1.500,213.00,"10,977.15","10,977.15",0.00,"10,803.00",0.00,174.15,315,412,34,"1,471",653,12,0,"24,520",78.2
경기도,평택시,비전1동,2020,"22,685.00","136,174.05","132,346.71",97.2,10.500,"22,660.00","22,660.00","18,832.66","2,315.68","14,452.40","1,998.35",66.23,5.000,0.00,"52,562.32","52,562.32",0.00,"52,562.32",5.000,25.00,"60,951.73","60,951.73","9,901.10","50,179.54",270.04,601.05,937,"1,293","1,174","1,731","4,948",2,10,"58,186",44.0
경기도,평택시,비전2동,2020,"21,235.00","83,229.50","77,762.37",93.4,11.000,"21,000.00","21,000.00","15,532.87","1,379.84","14,139.71",0.00,13.32,6.000,22.00,"33,767.52","33,767.52",0.00,"33,767.52",6.000,213.00,"28,461.98","28,461.98","1,037.13","27,333.41",0.00,91.44,"1,208",849,750,"1,477","4,222",1,13,"74,489",95.8
경기도,평택시,용이동,2020,0.00,"44,482.88","44,482.88",100.0,0.000,0.00,0.00,0.00,0.00,0.00,0.00,0.00,0.000,0.00,"44,482.88","44,482.88",0.00,"44,482.88",0.000,0.00,0.00,0.00,0.00,0.00,0.00,0.00,0,0,0,0,0,0,0,"44,482",100.0
경기도,평택시,세교동,2020,"16,485.00","83,643.09","83,221.09",99.5,4.000,"16,250.00","16,250.00","15,828.00",0.00,"15,721.00",107.00,0.00,4.000,22.00,"40,604.00","40,604.00",0.00,"40,604.00",4.000,213.00,"26,789.09","26,789.09",352.00,"22,740.09","3,697.00",0.00,21,305,323,701,"2,004",3,10,"57,881",69.6
경기도,동두천시,소계,,"466,584.20","466,584.20","466,584.20",100.0,3.600,"146,939.40","146,939.40","146,939.40","18,833.60","128,105.80",0.00,0.00,16.900,"151,680.60","151,680.60","151,680.60",0.00,"151,680.60",95.800,"167,964.20","167,964.20","167,964.20","17,513.10","137,194.90",0.00,"13,256.20","3,168","4,284","3,938","1,862","9,002",35,369,"466,584",100.0
경기도,동두천시,생연1동,2030,"24,329.20","24,329.20","24,329.20",100.0,0.500,"12,696.80","12,696.80","12,696.80",680.60,"12,016.20",0.00,0.00,0.700,"5,905.20","5,905.20","5,905.20",0.00,"5,905.20",2.800,"5,727.20","5,727.20","5,727.20",950.80,"4,180.20",0.00,596.20,336,159,129,69,536,0,4,"24,329",100.0
경기도,동두천시,생연2동,2030,"27,070.10","27,070.10","27,070.10",100.0,0.700,"19,627.90","19,627.90","19,627.90","2,137.10","17,490.80",0.00,0.00,0.300,"2,356.60","2,356.60","2,356.60",0.00,"2,356.60",2.200,"5,085.60","5,085.60","5,085.60","1,394.70","3,644.00",0.00,46.90,481,78,100,26,803,10,6,"27,070",100.0
경기도,동두천시,중앙동,2030,"32,152.70","32,152.70","32,152.70",100.0,1.000,"27,690.00","27,690.00","27,690.00","3,417.70","24,272.30",0.00,0.00,0.100,966.50,966.50,966.50,0.00,966.50,0.900,"3,496.20","3,496.20","3,496.20","1,420.70","1,891.20",0.00,184.30,707,31,73,11,750,6,7,"32,153",100.0
경기도,동두천시,보산동,2030,"18,163.40","18,163.40","18,163.40",100.0,0.400,"10,863.60","10,863.60","10,863.60","2,442.60","8,421.00",0.00,0.00,0.100,"2,237.20","2,237.20","2,237.20",0.00,"2,237.20",1.300,"5,062.60","5,062.60","5,062.60",622.40,"4,431.70",0.00,8.50,288,78,123,31,379,0,4,"18,163",100.0
경기도,동두천시,불현동,2030,"113,121.60","113,121.60","113,121.60",100.0,0.700,"32,637.70","32,637.70","32,637.70","3,647.50","28,990.20",0.00,0.00,5.200,"45,934.40","45,934.40","45,934.40",0.00,"45,934.40",19.400,"34,549.50","34,549.50","34,549.50","3,041.70","31,193.60",0.00,314.20,603,"1,264",830,514,"1,969",0,86,"113,122",100.0
경기도,동두천시,송내동,2030,"60,959.80","60,959.80","60,959.80",100.0,0.100,"8,886.20","8,886.20","8,886.20","1,322.70","7,563.50",0.00,0.00,2.600,"22,011.60","22,011.60","22,011.60",0.00,"22,011.60",17.900,"30,062.00","30,062.00","30,062.00","1,740.70","28,275.10",0.00,46.20,162,560,638,258,"1,436",0,62,"60,960",100.0
경기도,동두천시,소요동,2030,"121,709.20","121,709.20","121,709.20",100.0,0.200,"25,970.10","25,970.10","25,970.10","4,991.50","20,978.60",0.00,0.00,5.000,"45,587.80","45,587.80","45,587.80",0.00,"45,587.80",30.000,"50,151.30","50,151.30","50,151.30","3,273.30","34,991.00",0.00,"11,887.00",424,"1,252","1,311",619,"2,213",6,138,"121,709",100.0
경기도,동두천시,상패동,2030,"69,078.20","69,078.20","69,078.20",100.0,0.000,"8,567.10","8,567.10","8,567.10",193.90,"8,373.20",0.00,0.00,2.900,"26,681.30","26,681.30","26,681.30",0.00,"26,681.30",21.300,"33,829.80","33,829.80","33,829.80","5,068.80","28,588.10",0.00,172.90,167,862,734,334,916,13,62,"69,078",100.0
경기도,안산시,소계,,"1,813,351.47","1,813,351.47","1,813,351.47",100.0,0.000,0.00,0.00,0.00,0.00,0.00,0.00,0.00,49.800,"813,589.73","813,589.73","813,589.73",0.00,"813,589.73",49.800,"999,761.74","999,761.74","999,761.74","96,384.39","903,377.35",0.00,0.00,0,"18,192","16,579","72,584",0,127,101,"1,813,351",100.0
경기도,안산시,일동,2035,"51,099.74","51,099.74","51,099.74",100.0,0.000,0.00,0.00,0.00,0.00,0.00,0.00,0.00,0.800,"24,040.94","24,040.94","24,040.94",0.00,"24,040.94",0.800,"27,058.80","27,058.80","27,058.80","2,562.05","24,496.75",0.00,0.00,0,"1,267","1,134","2,406",0,0,0,"51,099",100.0
경기도,안산시,이동,2035,"82,569.68","82,569.68","82,569.68",100.0,0.000,0.00,0.00,0.00,0.00,0.00,0.00,0.00,1.200,"37,918.18","37,918.18","37,918.18",0.00,"37,918.18",1.200,"44,651.50","44,651.50","44,651.50","4,319.72","40,331.78",0.00,0.00,0,73,41,"3,594",0,0,6,"82,569",100.0
경기도,안산시,사동,2035,"110,985.54","110,985.54","110,985.54",100.0,0.000,0.00,0.00,0.00,0.00,0.00,0.00,0.00,1.600,"46,648.60","46,648.60","46,648.60",0.00,"46,648.60",1.600,"64,336.94","64,336.94","64,336.94","8,027.41","56,309.53",0.00,0.00,0,988,"1,094","3,634",0,0,7,"110,985",100.0
경기도,안산시,사이동,2035,"66,173.93","66,173.93","66,173.93",100.0,0.000,0.00,0.00,0.00,0.00,0.00,0.00,0.00,1.300,"27,897.30","27,897.30","27,897.30",0.00,"27,897.30",1.300,"38,276.63","38,276.63","38,276.63","6,502.94","31,773.69",0.00,0.00,0,578,655,"2,263",0,0,0,"66,173",100.0
경기도,안산시,해양동,2035,"5,086.41","5,086.41","5,086.41",100.0,0.000,0.00,0.00,0.00,0.00,0.00,0.00,0.00,2.100,"2,832.62","2,832.62","2,832.62",0.00,"2,832.62",2.100,"2,253.79","2,253.79","2,253.79",0.00,"2,253.79",0.00,0.00,0,76,60,"1,102",0,0,0,"5,086",100.0
경기도,안산시,본오1동,2035,"103,159.94","103,159.94","103,159.94",100.0,0.000,0.00,0.00,0.00,0.00,0.00,0.00,0.00,1.600,"47,035.16","47,035.16","47,035.16",0.00,"47,035.16",1.600,"56,124.78","56,124.78","56,124.78","4,513.03","51,611.75",0.00,0.00,0,"1,105",990,"4,079",0,0,0,"103,159",100.0
경기도,안산시,본오2동,2035,"39,519.77","39,519.77","39,519.77",100.0,0.000,0.00,0.00,0.00,0.00,0.00,0.00,0.00,0.800,"20,673.60","20,673.60","20,673.60",0.00,"20,673.60",0.800,"18,846.17","18,846.17","18,846.17","1,507.61","17,338.56",0.00,0.00,0,508,342,"1,643",0,0,0,"39,519",100.0
경기도,안산시,본오3동,2035,"35,716.32","35,716.32","35,716.32",100.0,0.000,0.00,0.00,0.00,0.00,0.00,0.00,0.00,0.900,"15,140.11","15,140.11","15,140.11",0.00,"15,140.11",0.900,"20,576.21","20,576.21","20,576.21","2,650.86","17,925.35",0.00,0.00,0,351,346,"4,749",0,0,0,"35,716",100.0
경기도,안산시,부곡동,2035,"56,440.79","56,440.79","56,440.79",100.0,0.000,0.00,0.00,0.00,0.00,0.00,0.00,0.00,0.700,"23,882.04","23,882.04","23,882.04",0.00,"23,882.04",0.700,"32,558.75","32,558.75","32,558.75","3,518.18","29,040.57",0.00,0.00,0,530,532,"2,901",0,0,0,"56,440",100.0
경기도,안산시,월피동,2035,"76,289.76","76,289.76","76,289.76",100.0,0.000,0.00,0.00,0.00,0.00,0.00,0.00,0.00,1.200,"34,921.29","34,921.29","34,921.29",0.00,"34,921.29",1.200,"41,368.47","41,368.47","41,368.47","3,048.48","38,319.99",0.00,0.00,0,765,696,"3,473",0,0,9,"76,289",100.0
경기도,안산시,성포동,2035,"32,952.98","32,952.98","32,952.98",100.0,0.000,0.00,0.00,0.00,0.00,0.00,0.00,0.00,1.100,"12,550.96","12,550.96","12,550.96",0.00,"12,550.96",1.100,"20,402.02","20,402.02","20,402.02","2,327.17","18,074.85",0.00,0.00,0,284,369,826,0,0,4,"32,952",100.0
경기도,안산시,반월동,2035,"52,027.94","52,027.94","52,027.94",100.0,0.000,0.00,0.00,0.00,0.00,0.00,0.00,0.00,1.000,"18,569.09","18,569.09","18,569.09",0.00,"18,569.09",1.000,"33,458.85","33,458.85","33,458.85","2,196.43","31,262.42",0.00,0.00,0,704,574,"1,768",0,127,0,"52,027",100.0
경기도,안산시,안산동,2035,"36,550.14","36,550.14","36,550.14",100.0,0.000,0.00,0.00,0.00,0.00,0.00,0.00,0.00,0.500,"15,065.87","15,065.87","15,065.87",0.00,"15,065.87",0.500,"21,484.27","21,484.27","21,484.27","2,227.65","19,256.62",0.00,0.00,0,398,292,"1,172",0,0,0,"36,550",100.0
경기도,안산시,와동,2035,"87,679.72","87,679.72","87,679.72",100.0,0.000,0.00,0.00,0.00,0.00,0.00,0.00,0.00,1.300,"40,804.32","40,804.32","40,804.32",0.00,"40,804.32",1.300,"46,875.40","46,875.40","46,875.40","2,881.16","43,994.24",0.00,0.00,0,879,846,"3,865",0,0,11,"87,679",100.0
경기도,안산시,고잔동,2035,"38,227.35","38,227.35","38,227.35",100.0,0.000,0.00,0.00,0.00,0.00,0.00,0.00,0.00,0.200,"17,389.15","17,389.15","17,389.15",0.00,"17,389.15",0.200,"20,838.20","20,838.20","20,838.20","1,500.95","19,337.25",0.00,0.00,0,401,394,"1,424",0,0,40,"38,227",100.0
경기도,안산시,중앙동,2035,"41,380.88","41,380.88","41,380.88",100.0,0.000,0.00,0.00,0.00,0.00,0.00,0.00,0.00,1.300,"21,212.40","21,212.40","21,212.40",0.00,"21,212.40",1.300,"20,168.48","20,168.48","20,168.48","1,358.40","18,810.08",0.00,0.00,0,503,368,"1,225",0,0,0,"41,380",100.0
경기도,안산시,호수동,2035,"78,968.24","78,968.24","78,968.24",100.0,0.000,0.00,0.00,0.00,0.00,0.00,0.00,0.00,1.900,"29,304.21","29,304.21","29,304.21",0.00,"29,304.21",1.900,"49,664.03","49,664.03","49,664.03","2,079.60","47,584.43",0.00,0.00,0,516,791,"2,566",0,0,0,"78,968",100.0
경기도,안산시,원곡동,2035,"111,842.06","111,842.06","111,842.06",100.0,0.000,0.00,0.00,0.00,0.00,0.00,0.00,0.00,1.200,"48,695.20","48,695.20","48,695.20",0.00,"48,695.20",1.200,"63,146.86","63,146.86","63,146.86","6,119.59","57,027.27",0.00,0.00,0,"1,212","1,237","4,687",0,0,0,"111,842",100.0
경기도,안산시,백운동,2035,"15,355.44","15,355.44","15,355.44",100.0,0.000,0.00,0.00,0.00,0.00,0.00,0.00,0.00,0.700,"7,040.64","7,040.64","7,040.64",0.00,"7,040.64",0.700,"8,314.80","8,314.80","8,314.80",249.97,"8,064.83",0.00,0.00,0,191,174,"4,079",0,0,0,"15,355",100.0
경기도,안산시,신길동,2035,"30,773.14","30,773.14","30,773.14",100.0,0.000,0.00,0.00,0.00,0.00,0.00,0.00,0.00,0.300,"14,403.07","14,403.07","14,403.07",0.00,"14,403.07",0.300,"16,370.07","16,370.07","16,370.07","1,367.94","15,002.13",0.00,0.00,0,394,303,883,0,0,0,"30,773",100.0
경기도,안산시,초지동,2035,"458,086.92","458,086.92","458,086.92",100.0,0.000,0.00,0.00,0.00,0.00,0.00,0.00,0.00,20.700,"209,276.97","209,276.97","209,276.97",0.00,"209,276.97",20.700,"248,809.95","248,809.95","248,809.95","27,060.25","221,749.70",0.00,0.00,0,"4,050","3,481","13,925",0,0,15,"458,086",100.0
경기도,안산시,선부1동,2035,"21,199.87","21,199.87","21,199.87",100.0,0.000,0.00,0.00,0.00,0.00,0.00,0.00,0.00,0.600,"7,794.04","7,794.04","7,794.04",0.00,"7,794.04",0.600,"13,405.83","13,405.83","13,405.83","1,803.74","11,602.09",0.00,0.00,0,147,224,670,0,0,9,"21,199",100.0
경기도,안산시,선부2동,2035,"58,260.25","58,260.25","58,260.25",100.0,0.000,0.00,0.00,0.00,0.00,0.00,0.00,0.00,0.900,"22,817.12","22,817.12","22,817.12",0.00,"22,817.12",0.900,"35,443.13","35,443.13","35,443.13","2,700.26","32,742.87",0.00,0.00,0,494,681,"2,345",0,0,0,"58,260",100.0
경기도,안산시,선부3동,2035,"47,473.52","47,473.52","47,473.52",100.0,0.000,0.00,0.00,0.00,0.00,0.00,0.00,0.00,0.900,"20,453.97","20,453.97","20,453.97",0.00,"20,453.97",0.900,"27,019.55","27,019.55","27,019.55","3,572.78","23,446.77",0.00,0.00,0,410,489,"1,784",0,0,0,"47,473",100.0
경기도,안산시,대부동,2035,"75,531.14","75,531.14","75,531.14",100.0,0.000,0.00,0.00,0.00,0.00,0.00,0.00,0.00,5.000,"47,222.88","47,222.88","47,222.88",0.00,"47,222.88",5.000,"28,308.26","28,308.26","28,308.26","2,288.22","26,020.04",0.00,0.00,0,"1,368",466,"1,521",0,0,0,"75,531",100.0
경기도,고양시,소계,,"1,992,700.00","2,493,212.90","1,881,665.90",75.5,8.945,0.00,"367,166.00","367,166.00","37,083.00","246,662.00","15,561.00","67,860.00",43.562,"966,499.00","982,299.00","613,076.00",200.00,"612,876.00",43.562,"1,026,201.00","1,143,747.90","901,423.90","136,523.00","761,768.90",0.00,"3,132.00","7,418","11,094","18,164","67,039","32,405",154,0,"1,672,542",88.9
경기도,고양시,주교동,2035,"592,593.00","698,109.00","483,540.00",69.3,1.400,0.00,"105,516.00","105,516.00","10,657.00","70,886.00",601.00,"23,372.00",11.080,"277,141.00","277,141.00","113,651.00",41.00,"113,610.00",11.080,"315,452.00","315,452.00","264,373.00","40,103.00","223,350.00",0.00,920.00,"2,365","3,443","5,636","20,661","9,428",47,0,"509,673",105.4
경기도,고양시,원신동,2025,0.00,0.00,0.00,0.0,0.000,0.00,0.00,0.00,0.00,0.00,0.00,0.00,0.000,0.00,0.00,0.00,0.00,0.00,0.000,0.00,0.00,0.00,0.00,0.00,0.00,0.00,0,0,0,0,0,0,0,0,0.0
경기도,고양시,흥도동,2035,"117,261.00","130,627.00","121,262.00",92.8,1.140,0.00,"12,300.00","12,300.00","1,242.00","8,263.00",703.00,"2,092.00",2.770,"59,027.00","59,027.00","49,662.00",18.00,"49,644.00",2.770,"58,234.00","59,300.00","59,300.00","8,995.00","50,098.00",0.00,207.00,468,566,"1,089","6,187","1,861",17,0,"93,139",76.8
경기도,고양시,성사1동,2025,0.00,0.00,0.00,0.0,0.000,0.00,0.00,0.00,0.00,0.00,0.00,0.00,0.000,0.00,0.00,0.00,0.00,0.00,0.000,0.00,0.00,0.00,0.00,0.00,0.00,0.00,0,0,0,0,0,0,0,0,0.0
경기도,고양시,성사2동,2020,0.00,0.00,0.00,0.0,0.000,0.00,0.00,0.00,0.00,0.00,0.00,0.00,0.000,0.00,0.00,0.00,0.00,0.00,0.000,0.00,0.00,0.00,0.00,0.00,0.00,0.00,0,0,0,0,0,0,0,0,0.0
경기도,고양시,효자동,2020,0.00,"15,800.00","15,800.00",100.0,0.000,0.00,0.00,0.00,0.00,0.00,0.00,0.00,0.000,0.00,"15,800.00","15,800.00",0.00,"15,800.00",0.000,0.00,0.00,0.00,0.00,0.00,0.00,0.00,0,0,0,0,0,0,0,0,0.0
경기도,고양시,삼송동,2020,0.00,0.00,0.00,0.0,0.000,0.00,0.00,0.00,0.00,0.00,0.00,0.00,0.000,0.00,0.00,0.00,0.00,0.00,0.000,0.00,0.00,0.00,0.00,0.00,0.00,0.00,0,0,0,0,0,0,0,0,0.0
경기도,고양시,창릉동,2025,0.00,"1,411.90","1,411.90",100.0,0.000,0.00,0.00,0.00,0.00,0.00,0.00,0.00,0.000,0.00,0.00,0.00,0.00,0.00,0.000,0.00,"1,411.90","1,411.90",0.00,"1,411.90",0.00,0.00,0,0,0,0,0,0,0,0,0.0
경기도,고양시,고양동,2020,0.00,0.00,0.00,0.0,0.000,0.00,0.00,0.00,0.00,0.00,0.00,0.00,0.000,0.00,0.00,0.00,0.00,0.00,0.000,0.00,0.00,0.00,0.00,0.00,0.00,0.00,0,0,0,0,0,0,0,0,0.0
경기도,고양시,관산동,2035,0.00,0.00,0.00,0.0,0.000,0.00,0.00,0.00,0.00,0.00,0.00,0.00,0.000,0.00,0.00,0.00,0.00,0.00,0.000,0.00,0.00,0.00,0.00,0.00,0.00,0.00,0,0,0,0,0,0,0,0,0.0
경기도,고양시,능곡동,2025,0.00,0.00,0.00,0.0,0.000,0.00,0.00,0.00,0.00,0.00,0.00,0.00,0.000,0.00,0.00,0.00,0.00,0.00,0.000,0.00,0.00,0.00,0.00,0.00,0.00,0.00,0,0,0,0,0,0,0,0,0.0
경기도,고양시,화정1동,2020,0.00,0.00,0.00,0.0,0.000,0.00,0.00,0.00,0.00,0.00,0.00,0.00,0.000,0.00,0.00,0.00,0.00,0.00,0.000,0.00,0.00,0.00,0.00,0.00,0.00,0.00,0,0,0,0,0,0,0,0,0.0
경기도,고양시,화정2동,2020,0.00,0.00,0.00,0.0,0.000,0.00,0.00,0.00,0.00,0.00,0.00,0.00,0.000,0.00,0.00,0.00,0.00,0.00,0.000,0.00,0.00,0.00,0.00,0.00,0.00,0.00,0,0,0,0,0,0,0,0,0.0
경기도,고양시,행주동,2020,0.00,0.00,0.00,0.0,0.000,0.00,0.00,0.00,0.00,0.00,0.00,0.00,0.000,0.00,0.00,0.00,0.00,0.00,0.000,0.00,0.00,0.00,0.00,0.00,0.00,0.00,0,0,0,0,0,0,0,0,0.0
경기도,고양시,행신1동,2020,0.00,0.00,0.00,0.0,0.000,0.00,0.00,0.00,0.00,0.00,0.00,0.00,0.000,0.00,0.00,0.00,0.00,0.00,0.000,0.00,0.00,0.00,0.00,0.00,0.00,0.00,0,0,0,0,0,0,0,0,0.0
경기도,고양시,행신2동,2020,0.00,0.00,0.00,0.0,0.000,0.00,0.00,0.00,0.00,0.00,0.00,0.00,0.000,0.00,0.00,0.00,0.00,0.00,0.000,0.00,0.00,0.00,0.00,0.00,0.00,0.00,0,0,0,0,0,0,0,0,0.0
경기도,고양시,행신3동,2020,0.00,0.00,0.00,0.0,0.000,0.00,0.00,0.00,0.00,0.00,0.00,0.00,0.000,0.00,0.00,0.00,0.00,0.00,0.000,0.00,0.00,0.00,0.00,0.00,0.00,0.00,0,0,0,0,0,0,0,0,0.0
경기도,고양시,화전동,2025,0.00,0.00,0.00,0.0,0.000,0.00,0.00,0.00,0.00,0.00,0.00,0.00,0.000,0.00,0.00,0.00,0.00,0.00,0.000,0.00,0.00,0.00,0.00,0.00,0.00,0.00,0,0,0,0,0,0,0,0,0.0
경기도,고양시,대덕동,2035,"152,141.00","233,441.00","137,100.00",58.7,0.605,0.00,"81,300.00","81,300.00","8,211.00","54,617.00","4,648.00","13,824.00",1.500,"76,585.00","76,585.00","32,700.00",9.00,"32,691.00",1.500,"75,556.00","75,556.00","23,100.00","3,504.00","19,516.00",0.00,80.00,607,734,"1,407","1,823","2,414",22,0,"120,843",88.1
경기도,고양시,식사동,2025,0.00,0.00,0.00,0.0,0.000,0.00,0.00,0.00,0.00,0.00,0.00,0.00,0.000,0.00,0.00,0.00,0.00,0.00,0.000,0.00,0.00,0.00,0.00,0.00,0.00,0.00,0,0,0,0,0,0,0,0,0.0
경기도,고양시,중산동,2020,0.00,0.00,0.00,0.0,0.000,0.00,0.00,0.00,0.00,0.00,0.00,0.00,0.000,0.00,0.00,0.00,0.00,0.00,0.000,0.00,0.00,0.00,0.00,0.00,0.00,0.00,0,0,0,0,0,0,0,0,0.0
경기도,고양시,정발산동,2020,0.00,0.00,0.00,0.0,0.000,0.00,0.00,0.00,0.00,0.00,0.00,0.00,0.000,0.00,0.00,0.00,0.00,0.00,0.000,0.00,0.00,0.00,0.00,0.00,0.00,0.00,0,0,0,0,0,0,0,0,0.0
경기도,고양시,풍산동,2030,0.00,0.00,0.00,0.0,0.000,0.00,0.00,0.00,0.00,0.00,0.00,0.00,0.000,0.00,0.00,0.00,0.00,0.00,0.000,0.00,0.00,0.00,0.00,0.00,0.00,0.00,0,0,0,0,0,0,0,0,0.0
경기도,고양시,백석1동,2020,0.00,0.00,0.00,0.0,0.000,0.00,0.00,0.00,0.00,0.00,0.00,0.00,0.000,0.00,0.00,0.00,0.00,0.00,0.000,0.00,0.00,0.00,0.00,0.00,0.00,0.00,0,0,0,0,0,0,0,0,0.0
경기도,고양시,백석2동,2020,0.00,0.00,0.00,0.0,0.000,0.00,0.00,0.00,0.00,0.00,0.00,0.00,0.000,0.00,0.00,0.00,0.00,0.00,0.000,0.00,0.00,0.00,0.00,0.00,0.00,0.00,0,0,0,0,0,0,0,0,0.0
경기도,고양시,마두1동,2020,0.00,0.00,0.00,0.0,0.000,0.00,0.00,0.00,0.00,0.00,0.00,0.00,0.000,0.00,0.00,0.00,0.00,0.00,0.000,0.00,0.00,0.00,0.00,0.00,0.00,0.00,0,0,0,0,0,0,0,0,0.0
경기도,고양시,마두2동,2020,0.00,0.00,0.00,0.0,0.000,0.00,0.00,0.00,0.00,0.00,0.00,0.00,0.000,0.00,0.00,0.00,0.00,0.00,0.000,0.00,0.00,0.00,0.00,0.00,0.00,0.00,0,0,0,0,0,0,0,0,0.0
경기도,고양시,장항1동,2025,0.00,0.00,0.00,0.0,0.000,0.00,0.00,0.00,0.00,0.00,0.00,0.00,0.000,0.00,0.00,0.00,0.00,0.00,0.000,0.00,0.00,0.00,0.00,0.00,0.00,0.00,0,0,0,0,0,0,0,0,0.0
경기도,고양시,장항2동,2020,0.00,0.00,0.00,0.0,0.000,0.00,0.00,0.00,0.00,0.00,0.00,0.00,0.000,0.00,0.00,0.00,0.00,0.00,0.000,0.00,0.00,0.00,0.00,0.00,0.00,0.00,0,0,0,0,0,0,0,0,0.0
경기도,고양시,고봉동,2035,"400,890.00","501,640.00","260,713.00",52.0,3.700,0.00,"100,750.00","100,750.00","10,176.00","67,684.00","5,761.00","17,129.00",6.797,"201,801.00","201,801.00","99,663.00",24.00,"99,639.00",6.797,"199,089.00","199,089.00","60,300.00","9,147.00","50,943.00",0.00,210.00,"1,600","1,958","3,698","17,310","6,361",58,0,"318,421",122.1
경기도,고양시,일산1동,2025,0.00,0.00,0.00,0.0,0.000,0.00,0.00,0.00,0.00,0.00,0.00,0.00,0.000,0.00,0.00,0.00,0.00,0.00,0.000,0.00,0.00,0.00,0.00,0.00,0.00,0.00,0,0,0,0,0,0,0,0,0.0
경기도,고양시,일산2동,2025,0.00,0.00,0.00,0.0,0.000,0.00,0.00,0.00,0.00,0.00,0.00,0.00,0.000,0.00,0.00,0.00,0.00,0.00,0.000,0.00,0.00,0.00,0.00,0.00,0.00,0.00,0,0,0,0,0,0,0,0,0.0
경기도,고양시,일산3동,2020,0.00,0.00,0.00,0.0,0.000,0.00,0.00,0.00,0.00,0.00,0.00,0.00,0.000,0.00,0.00,0.00,0.00,0.00,0.000,0.00,0.00,0.00,0.00,0.00,0.00,0.00,0,0,0,0,0,0,0,0,0.0
경기도,고양시,탄현동,2020,0.00,0.00,0.00,0.0,0.000,0.00,0.00,0.00,0.00,0.00,0.00,0.00,0.000,0.00,0.00,0.00,0.00,0.00,0.000,0.00,0.00,0.00,0.00,0.00,0.00,0.00,0,0,0,0,0,0,0,0,0.0
경기도,고양시,주엽1동,2020,0.00,0.00,0.00,0.0,0.000,0.00,0.00,0.00,0.00,0.00,0.00,0.00,0.000,0.00,0.00,0.00,0.00,0.00,0.000,0.00,0.00,0.00,0.00,0.00,0.00,0.00,0,0,0,0,0,0,0,0,0.0
경기도,고양시,주엽2동,2020,0.00,0.00,0.00,0.0,0.000,0.00,0.00,0.00,0.00,0.00,0.00,0.00,0.000,0.00,0.00,0.00,0.00,0.00,0.000,0.00,0.00,0.00,0.00,0.00,0.00,0.00,0,0,0,0,0,0,0,0,0.0
경기도,고양시,대화동,2035,"729,815.00","912,184.00","861,839.00",94.5,2.100,0.00,"67,300.00","67,300.00","6,797.00","45,212.00","3,848.00","11,443.00",21.415,"351,945.00","351,945.00","301,600.00",108.00,"301,492.00",21.415,"377,870.00","492,939.00","492,939.00","74,774.00","416,450.00",0.00,"1,715.00","2,378","4,393","6,334","21,058","12,341",10,0,"630,466",73.2
경기도,고양시,송포동,2035,0.00,0.00,0.00,0.0,0.000,0.00,0.00,0.00,0.00,0.00,0.00,0.00,0.000,0.00,0.00,0.00,0.00,0.00,0.000,0.00,0.00,0.00,0.00,0.00,0.00,0.00,0,0,0,0,0,0,0,0,0.0
경기도,고양시,송산동,2035,0.00,0.00,0.00,0.0,0.000,0.00,0.00,0.00,0.00,0.00,0.00,0.00,0.000,0.00,0.00,0.00,0.00,0.00,0.000,0.00,0.00,0.00,0.00,0.00,0.00,0.00,0,0,0,0,0,0,0,0,0.0
경기도,과천시,소계,,"208,027.00","212,693.00","207,702.00",97.7,0.000,0.00,0.00,0.00,0.00,0.00,0.00,0.00,8.000,"81,362.00","85,293.00","80,302.00",991.00,"79,311.00",35.790,"126,665.00","127,400.00","127,400.00","18,488.00","108,912.00",0.00,0.00,0,"2,552","2,553","14,253","14,253",13,0,"207,702",100.0
경기도,과천시,중앙동,2021,"38,723.00","40,848.00","40,848.00",100.0,0.000,0.00,0.00,0.00,0.00,0.00,0.00,0.00,1.310,"11,566.00","13,539.00","13,539.00",0.00,"13,539.00",6.980,"27,157.00","27,309.00","27,309.00","3,384.00","23,925.00",0.00,0.00,0,504,504,"2,492","2,492",1,0,"40,848",100.0
경기도,과천시,갈현동,2021,"20,875.00","20,941.00","20,869.00",99.7,0.000,0.00,0.00,0.00,0.00,0.00,0.00,0.00,0.670,"9,028.00","9,028.00","8,956.00",470.00,"8,486.00",4.290,"11,847.00","11,913.00","11,913.00","2,806.00","9,107.00",0.00,0.00,0,258,257,"1,779","1,779",1,0,"20,869",100.0
경기도,과천시,별양동,2021,"24,771.00","26,759.00","26,759.00",100.0,0.000,0.00,0.00,0.00,0.00,0.00,0.00,0.00,0.670,"10,879.00","12,767.00","12,767.00",521.00,"12,246.00",0.670,"13,892.00","13,992.00","13,992.00","1,469.00","12,523.00",0.00,0.00,0,330,330,"2,366","2,365",4,0,"26,759",100.0
경기도,과천시,부림동,2021,"12,273.00","12,302.00","11,320.00",92.0,0.000,0.00,0.00,0.00,0.00,0.00,0.00,0.00,0.370,"7,042.00","7,042.00","6,060.00",0.00,"6,060.00",0.370,"5,231.00","5,260.00","5,260.00",0.00,"5,260.00",0.00,0.00,0,140,140,"2,144","2,143",5,0,"11,320",100.0
경기도,과천시,과천동,2021,"74,739.00","74,983.00","71,046.00",94.7,0.000,0.00,0.00,0.00,0.00,0.00,0.00,0.00,2.470,"31,147.00","31,147.00","27,210.00",0.00,"27,210.00",10.750,"43,592.00","43,836.00","43,836.00","6,259.00","37,577.00",0.00,0.00,0,858,859,"3,055","3,056",1,0,"71,046",100.0
경기도,과천시,문원동,2021,"36,646.00","36,860.00","36,860.00",100.0,0.000,0.00,0.00,0.00,0.00,0.00,0.00,0.00,2.510,"11,700.00","11,770.00","11,770.00",0.00,"11,770.00",12.730,"24,946.00","25,090.00","25,090.00","4,570.00","20,520.00",0.00,0.00,0,462,463,"2,417","2,418",1,0,"36,860",100.0
경기도,구리시,소계,,"313,484.60","330,514.60","315,590.60",95.5,2.060,"75,224.80","75,224.80","73,946.80","9,786.40","63,975.00",14.90,170.50,11.730,"107,298.30","111,741.30","101,535.30",221.00,"101,314.30",27.240,"130,961.50","143,548.50","140,108.50","34,377.50","105,616.70",114.30,0.00,"1,475","2,044","2,638","7,366","15,918",5,0,"268,101",85.0
경기도,구리시,갈매동,2035,"54,123.90","71,153.90","71,153.90",100.0,0.000,0.00,0.00,0.00,0.00,0.00,0.00,0.00,2.900,"21,147.40","25,590.40","25,590.40",0.00,"25,590.40",4.030,"32,976.50","45,563.50","45,563.50","13,003.00","32,560.50",0.00,0.00,0,526,749,"1,036","4,114",0,0,"35,419",49.8
경기도,구리시,동구동,2035,"56,716.50","56,716.50","56,716.50",100.0,0.110,"2,874.40","2,874.40","2,874.40",268.70,"2,605.70",0.00,0.00,2.840,"25,655.20","25,655.20","25,655.20",0.00,"25,655.20",7.010,"28,186.90","28,186.90","28,186.90","5,118.10","22,954.50",114.30,0.00,57,513,561,"2,138","3,509",3,0,"53,710",94.7
경기도,구리시,인창동,2035,"20,003.40","20,003.40","20,003.40",100.0,0.390,"16,217.30","16,217.30","16,217.30","1,824.10","14,393.20",0.00,0.00,0.740,"2,256.20","2,256.20","2,256.20",0.00,"2,256.20",1.700,"1,529.90","1,529.90","1,529.90",0.00,"1,529.90",0.00,0.00,324,45,31,188,191,0,0,"19,545",97.7
경기도,구리시,교문1동,2035,"55,830.60","55,830.60","55,830.60",100.0,0.150,"13,366.20","13,366.20","13,366.20","1,971.50","11,209.30",14.90,170.50,2.370,"16,604.40","16,604.40","16,604.40",221.00,"16,383.40",9.660,"25,860.00","25,860.00","25,860.00","6,458.60","19,401.40",0.00,0.00,264,332,517,"1,384","3,233",0,0,"53,474",95.8
경기도,구리시,교문2동,2035,"17,700.00","17,700.00","17,700.00",100.0,0.000,0.00,0.00,0.00,0.00,0.00,0.00,0.00,0.560,"9,058.40","9,058.40","9,058.40",0.00,"9,058.40",0.560,"8,641.60","8,641.60","8,641.60","1,608.60","7,033.00",0.00,0.00,0,181,173,755,"1,080",0,0,"16,761",94.7
경기도,구리시,수택1동,2035,"23,600.10","23,600.10","17,912.10",75.9,0.790,"15,155.30","15,155.30","13,877.30","1,297.20","12,580.10",0.00,0.00,0.140,"4,014.30","4,014.30","1,819.30",0.00,"1,819.30",0.140,"4,430.50","4,430.50","2,215.50",498.20,"1,717.30",0.00,0.00,278,36,44,152,277,1,0,"16,962",94.7
경기도,구리시,수택2동,2035,"31,566.80","31,566.80","29,265.80",92.7,0.620,"27,611.60","27,611.60","27,611.60","4,424.90","23,186.70",0.00,0.00,0.000,"2,150.20","2,150.20","1,074.20",0.00,"1,074.20",0.000,"1,805.00","1,805.00",580.00,0.00,580.00,0.00,0.00,552,21,12,90,73,0,0,"27,714",94.7
경기도,구리시,수택3동,2035,"53,943.30","53,943.30","47,008.30",87.1,0.000,0.00,0.00,0.00,0.00,0.00,0.00,0.00,2.180,"26,412.20","26,412.20","19,477.20",0.00,"19,477.20",4.140,"27,531.10","27,531.10","27,531.10","7,691.00","19,840.10",0.00,0.00,0,390,551,"1,623","3,441",1,0,"44,516",94.7
경기도,남양주시,소계,,"1,167,677.00","1,800,695.92","1,431,171.35",79.5,10.300,"58,391.00","189,736.98","160,893.26","2,403.64","158,420.34",69.28,0.00,87.800,"629,213.00","805,885.22","710,507.76",0.00,"710,507.76",64.700,"480,073.00","805,073.72","559,770.33","70,816.31","488,947.57",6.45,0.00,518,"21,808","12,434","3,042","23,346",188,763,"949,012",66.3
경기도,남양주시,와부읍,2030,"99,842.00","124,555.51","100,767.76",80.9,2.100,"31,601.00","31,601.00","9,967.70","1,420.99","8,477.43",69.28,0.00,6.000,"64,925.00","64,925.00","62,770.55",0.00,"62,770.55",4.400,"3,316.00","28,029.51","28,029.51",513.53,"27,513.50",2.48,0.00,249,"1,891",685,461,"1,412",29,48,"44,812",44.5
경기도,남양주시,진접읍,2030,"152,071.00","230,464.22","214,011.23",92.9,0.800,"6,120.00","32,747.59","32,747.59",53.96,"32,693.63",0.00,0.00,15.300,"121,575.00","121,575.00","105,122.01",0.00,"105,122.01",14.600,"24,376.00","76,141.63","76,141.63","8,682.77","67,458.86",0.00,0.00,90,"3,126","1,735",471,"3,140",39,121,"136,196",63.6
경기도,남양주시,화도읍,2030,"297,444.00","359,358.94","253,085.38",70.4,1.700,"3,186.00","61,172.96","61,172.96",208.61,"60,964.35",0.00,0.00,22.600,"119,506.00","123,433.98","123,433.98",0.00,"123,433.98",13.500,"174,752.00","174,752.00","68,478.44","5,352.98","63,125.46",0.00,0.00,72,"4,297","1,624",650,"3,132",47,122,"214,810",84.9
경기도,남양주시,진건읍,2030,"135,834.00","152,626.77","126,006.29",82.6,0.600,"4,057.00","20,849.77","20,849.77",720.08,"20,129.69",0.00,0.00,4.200,"63,601.00","63,601.00","53,933.66",0.00,"53,933.66",4.300,"68,176.00","68,176.00","51,222.86","4,985.29","46,237.57",0.00,0.00,104,"2,992","1,782",72,"2,162",30,66,"111,598",88.6
경기도,남양주시,오남읍,2030,"110,000.00","113,734.83","72,014.17",63.3,0.200,"2,461.00","6,195.83","6,195.83",0.00,"6,195.83",0.00,0.00,4.600,"42,211.00","42,211.00","40,750.41",0.00,"40,750.41",2.800,"65,328.00","65,328.00","25,067.93","3,539.05","21,528.88",0.00,0.00,2,"1,426",582,50,935,0,36,"102,121",141.8
경기도,남양주시,퇴계원읍,,0.00,0.00,0.00,0.0,0.000,0.00,0.00,0.00,0.00,0.00,0.00,0.00,0.000,0.00,0.00,0.00,0.00,0.00,0.000,0.00,0.00,0.00,0.00,0.00,0.00,0.00,0,0,0,0,0,0,0,0,0.0
경기도,남양주시,별내면,2030,"33,140.00","196,163.47","188,953.05",96.3,0.100,"10,856.00","10,856.00","3,645.58",0.00,"3,645.58",0.00,0.00,6.000,"7,659.00","91,103.07","91,103.07",0.00,"91,103.07",0.400,"14,625.00","94,204.40","94,204.40","17,352.32","76,852.08",0.00,0.00,0,"2,115","2,207",167,"5,148",10,85,"92,800",49.1
경기도,남양주시,수동면,2030,"96,971.00","124,396.03","102,326.13",82.3,0.000,0.00,"19,678.17","19,678.17",0.00,"19,678.17",0.00,0.00,12.400,"82,152.00","82,152.00","60,082.10",0.00,"60,082.10",7.700,"14,819.00","22,565.86","22,565.86","1,197.44","21,368.42",0.00,0.00,0,"1,928",570,143,389,3,46,"83,859",82.0
경기도,남양주시,조안면,2030,"91,020.00","110,691.47","67,119.28",60.6,0.000,0.00,2.88,2.88,0.00,2.88,0.00,0.00,3.800,"82,604.00","82,604.00","39,031.81",0.00,"39,031.81",2.500,"8,416.00","28,084.59","28,084.59","1,581.11","26,503.48",0.00,0.00,0,943,650,283,716,0,127,"65,292",97.3
경기도,남양주시,호평동,2030,"22,248.00","39,720.62","39,720.62",100.0,0.400,0.00,87.30,87.30,0.00,87.30,0.00,0.00,3.100,"15,010.00","17,818.63","17,818.63",0.00,"17,818.63",2.100,"7,238.00","21,814.69","21,814.69","4,678.42","17,136.27",0.00,0.00,0,519,526,95,"1,146",10,9,"23,750",59.8
경기도,남양주시,평내동,2030,"19,865.00","42,288.34","42,288.34",100.0,0.500,0.00,"2,325.62","2,325.62",0.00,"2,325.62",0.00,0.00,2.900,"13,540.00","17,192.03","17,192.03",0.00,"17,192.03",1.900,"6,325.00","22,770.69","22,770.69","3,005.23","19,765.46",0.00,0.00,0,441,505,32,"1,075",10,3,"24,750",58.5
경기도,남양주시,금곡동,2030,"22,885.00","43,904.83","43,904.83",100.0,0.300,110.00,"1,014.00","1,014.00",0.00,"1,014.00",0.00,0.00,2.100,"16,430.00","20,856.80","20,856.80",0.00,"20,856.80",1.900,"6,345.00","22,034.03","22,034.03","4,433.25","17,600.78",0.00,0.00,0,724,538,105,754,10,15,"30,150",68.7
경기도,남양주시,양정동,2030,"2,142.00","47,962.72","47,962.72",100.0,0.000,0.00,"3,205.86","3,205.86",0.00,"3,205.86",0.00,0.00,1.300,0.00,"29,836.42","29,836.42",0.00,"29,836.42",1.500,"2,142.00","14,920.44","14,920.44","1,507.82","13,408.65",3.97,0.00,1,929,363,513,"1,193",0,62,"10,150",21.2
경기도,남양주시,다산1동,2030,0.00,"88,924.75","88,924.75",100.0,0.000,0.00,0.00,0.00,0.00,0.00,0.00,0.00,0.000,0.00,"28,225.68","28,225.68",0.00,"28,225.68",0.000,0.00,"60,699.07","60,699.07","11,437.97","49,261.10",0.00,0.00,0,245,563,0,78,0,3,0,0.0
경기도,남양주시,다산2동,2030,0.00,"34,274.28","34,274.28",100.0,0.000,0.00,0.00,0.00,0.00,0.00,0.00,0.00,0.000,0.00,"12,936.47","12,936.47",0.00,"12,936.47",0.000,0.00,"21,337.81","21,337.81","2,479.61","18,858.20",0.00,0.00,0,11,52,0,"1,959",0,13,0,0.0
경기도,남양주시,별내동,2030,"84,215.00","91,629.14","9,812.52",10.7,3.600,0.00,0.00,0.00,0.00,0.00,0.00,0.00,3.500,0.00,"7,414.14","7,414.14",0.00,"7,414.14",7.100,"84,215.00","84,215.00","2,398.38",69.52,"2,328.86",0.00,0.00,0,221,52,0,107,0,7,"8,724",88.9
경기도,오산시,소계,,"94,321.76","488,950.32","488,950.32",100.0,5.780,"7,216.26","167,344.66","167,344.66","41,999.83","125,344.83",0.00,0.00,6.640,"16,501.20","147,715.56","147,715.56",0.00,"147,715.56",6.640,"70,604.30","173,890.10","173,890.10",292.35,"166,848.21","3,703.85","3,045.69","3,478","4,107","5,201","28,271","15,311",26,180,"487,641",99.7
경기도,오산시,중앙동,2035,"7,254.44","44,499.85","44,499.85",100.0,0.860,45.80,"28,061.50","28,061.50","6,718.67","21,342.83",0.00,0.00,0.440,"1,466.01","6,522.74","6,522.74",0.00,"6,522.74",0.440,"5,742.63","9,915.61","9,915.61",3.50,"9,596.30",0.00,315.81,639,176,317,"4,186","1,785",0,5,"45,002",101.1
경기도,오산시,남촌동,2035,"10,233.57","78,906.94","78,906.94",100.0,0.940,0.00,"25,800.16","25,800.16","8,835.11","16,965.05",0.00,0.00,0.120,780.54,"23,689.98","23,689.98",0.00,"23,689.98",0.120,"9,453.03","29,416.80","29,416.80",0.00,"27,721.90",456.94,"1,237.96",505,596,937,"5,294","2,874",2,20,"82,356",104.4
경기도,오산시,신장동,2035,"29,761.28","102,275.80","102,275.80",100.0,0.410,41.04,"24,588.95","24,588.95","8,903.98","15,684.97",0.00,0.00,2.580,"2,713.37","35,280.79","35,280.79",0.00,"35,280.79",2.580,"27,006.87","42,406.06","42,406.06",91.58,"40,991.20",795.57,527.71,457,"1,108","1,218","5,553","3,878",6,44,"96,306",94.2
경기도,오산시,세마동,2035,"23,168.07","104,211.55","104,211.55",100.0,0.360,"4,546.70","13,396.68","13,396.68","6,455.58","6,941.10",0.00,0.00,1.920,"5,621.91","39,705.81","39,705.81",0.00,"39,705.81",1.920,"12,999.46","51,109.06","51,109.06",0.00,"50,558.91",427.28,122.87,122,"1,109","1,509","2,922","2,595",0,30,"102,516",98.4
경기도,오산시,초평동,2035,"12,814.79","60,151.90","60,151.90",100.0,1.360,"2,582.72","36,992.26","36,992.26","2,053.77","34,938.49",0.00,0.00,0.070,"1,267.42","11,142.31","11,142.31",0.00,"11,142.31",0.070,"8,964.65","12,017.33","12,017.33",0.00,"9,220.29","1,955.70",841.34,916,341,314,"2,101","1,339",18,51,"60,919",101.3
경기도,오산시,대원동,2035,"11,089.61","98,904.28","98,904.28",100.0,1.850,0.00,"38,505.11","38,505.11","9,032.72","29,472.39",0.00,0.00,1.510,"4,651.95","31,373.93","31,373.93",0.00,"31,373.93",1.510,"6,437.66","29,025.24","29,025.24",197.27,"28,759.61",68.36,0.00,839,777,906,"8,215","2,840",0,30,"100,542",101.7
경기도,시흥시,소계,,"1,239,536.50","1,564,720.20","1,215,068.40",77.7,13.100,"190,422.60","315,001.90","265,291.50","5,774.60","244,744.90","5,753.30","9,018.70",18.200,"489,426.10","572,379.50","329,591.30","212,954.80","116,636.50",17.000,"559,687.80","677,338.80","620,185.60","441,121.50","158,013.50","1,254.60","19,796.00","2,354","6,439","11,319","21,024","9,369",232,581,"1,116,174",91.9
경기도,시흥시,대야동,2035,"62,422.20","74,506.95","66,253.95",88.9,1.000,"14,375.00","14,375.00","12,906.00",435.90,"11,355.00",434.30,680.80,0.500,"15,166.20","27,250.95","27,250.95","11,344.40","15,906.55",1.000,"32,881.00","32,881.00","26,097.00","22,534.60","2,325.70",73.70,"1,163.00",439,527,516,578,378,0,89,"50,473",76.2
경기도,시흥시,신천동,2035,"72,866.50","77,057.10","66,869.00",86.8,0.700,"10,818.50","15,009.10","15,009.10",328.10,"13,841.70",326.90,512.40,0.900,"24,786.60","24,786.60","21,518.90","13,131.20","8,387.70",1.100,"37,261.40","37,261.40","30,341.00","26,318.80","2,620.80",83.50,"1,317.90",356,509,587,"1,040",416,35,97,"58,707",87.8
경기도,시흥시,신현동,2035,"38,557.50","58,322.90","35,259.90",60.5,2.100,"29,403.10","29,403.10","6,340.10",891.70,"3,167.40",888.40,"1,392.60",0.000,"2,424.90","16,102.80","16,102.80","16,080.70",22.10,0.200,"6,729.50","12,817.00","12,817.00","12,090.70",473.30,15.00,238.00,265,23,104,0,76,12,18,"25,182",71.4
경기도,시흥시,은행동,2035,"38,647.90","39,810.15","35,239.85",88.5,0.600,"9,184.90","9,184.90","7,873.40",278.50,"6,882.40",277.50,435.00,0.300,"10,290.20","11,452.45","11,452.45","6,911.90","4,540.55",0.600,"19,172.80","19,172.80","15,914.00","13,844.40","1,348.50",43.00,678.10,155,234,320,347,227,13,53,"30,793",87.4
경기도,시흥시,매화동,2035,"21,940.10","22,557.90","16,298.40",72.3,0.700,"10,234.70","10,234.70","4,070.40",310.40,"2,966.10",309.20,484.70,0.100,"3,385.20","4,003.00","4,003.00","3,972.10",30.90,0.200,"8,320.20","8,320.20","8,225.00","7,327.00",585.20,18.60,294.20,92,33,129,116,76,0,18,"16,298",100.0
경기도,시흥시,목감동,2035,"38,466.20","71,427.20","69,982.50",98.0,1.700,"23,771.20","23,771.20","22,326.50",720.90,"19,761.50",718.20,"1,125.90",0.000,524.00,"16,691.00","16,691.00","2,821.30","13,869.70",0.400,"14,171.00","30,965.00","30,965.00","1,479.40","28,952.70",31.70,501.20,214,440,656,0,151,1,34,"69,982",100.0
경기도,시흥시,군자동,2035,"113,622.50","116,016.10","84,826.40",73.1,2.100,"29,643.90","29,643.90","21,688.40",899.00,"18,489.70",895.70,"1,404.00",1.600,"42,534.20","42,534.20","19,300.00","18,911.10",388.90,1.300,"41,444.40","43,838.00","43,838.00","39,364.10","2,915.10",92.90,"1,465.90",267,412,643,"1,848",491,0,0,"84,826",100.0
경기도,시흥시,월곶동,2035,0.00,"11,751.00","11,751.00",100.0,0.000,0.00,"1,344.00","1,344.00",0.00,"1,344.00",0.00,0.00,0.000,0.00,"10,407.00","10,407.00",0.00,"10,407.00",0.000,0.00,0.00,0.00,0.00,0.00,0.00,0.00,0,0,0,0,0,0,0,"11,751",100.0
경기도,시흥시,정왕본동,2035,"75,661.80","90,287.40","54,221.30",60.1,0.000,377.60,"14,891.10","14,891.10",11.40,"14,850.50",11.40,17.80,1.700,"45,300.30","45,300.30","9,234.20","8,820.00",414.20,0.900,"29,983.90","30,096.00","30,096.00","26,859.30","2,109.00",67.20,"1,060.50",3,439,465,0,340,0,16,"58,237",107.4
경기도,시흥시,정왕1동,2035,"286,167.30","339,311.70","222,320.00",65.5,0.300,"5,406.60","58,551.00","58,551.00",163.90,"57,967.80",163.30,256.00,5.500,"143,568.30","143,568.30","45,425.00","44,112.10","1,312.90",4.300,"137,192.40","137,192.40","118,344.00","103,533.90","9,649.80",307.70,"4,852.60",49,"1,391","2,130","1,964","1,625",0,78,"228,996",103.0
경기도,시흥시,정왕2동,2035,"143,889.50","190,365.90","186,141.50",97.8,0.600,"8,594.10","29,724.90","29,724.90",260.60,"28,797.70",259.60,407.00,2.400,"62,658.40","62,658.40","58,434.00","25,876.00","32,558.00",2.200,"72,637.00","97,982.60","97,982.60","61,545.50","33,705.00",162.90,"2,569.20",77,607,"2,510","6,353",831,0,40,"116,250",62.5
경기도,시흥시,정왕3동,2035,"182,802.90","204,709.20","144,524.40",70.6,1.000,"15,047.10","36,953.40","36,953.40",456.30,"35,329.80",454.60,712.70,3.200,"83,440.00","83,440.00","32,882.00","32,119.00",763.00,2.600,"84,315.80","84,315.80","74,689.00","65,587.10","5,930.50",189.10,"2,982.30",135,808,"1,309","2,772",983,0,47,"144,524",100.0
경기도,시흥시,정왕4동,2035,"34,222.30","37,715.60","28,029.60",74.3,0.200,"3,674.30","7,167.60","7,167.60",111.40,"6,771.20",111.00,174.00,0.400,"12,062.00","12,062.00","6,377.00","6,266.70",110.30,0.500,"18,486.00","18,486.00","14,485.00","12,489.60","1,300.20",41.40,653.80,33,117,287,"3,696",189,0,10,"28,029",100.0
경기도,시흥시,배곧동,2035,0.00,"91,101.00","91,101.00",100.0,0.000,0.00,0.00,0.00,0.00,0.00,0.00,0.00,0.000,0.00,"27,059.00","27,059.00",0.00,"27,059.00",0.000,0.00,"64,042.00","64,042.00","2,104.00","61,938.00",0.00,0.00,0,480,777,0,"2,943",170,0,"91,101",100.0
경기도,시흥시,과림동,2035,"10,671.00","14,710.90","6,408.50",43.6,0.700,"9,941.90","9,941.90","1,639.50",301.50,566.70,300.40,470.90,0.000,150.30,"1,458.00","1,458.00","1,456.70",1.30,0.000,578.80,"3,311.00","3,311.00","3,248.70",40.70,1.20,20.40,89,1,9,462,0,1,34,"6,408",100.0
경기도,시흥시,연성동,2035,"118,984.80","123,841.20","94,613.10",76.4,1.400,"19,335.70","24,192.10","24,192.10",605.00,"22,039.40",602.80,944.90,1.600,"43,135.50","43,135.50","21,526.00","21,131.60",394.40,1.700,"56,513.60","56,513.60","48,895.00","42,794.40","3,975.00",126.70,"1,998.90",180,418,877,0,643,0,33,"94,613",100.0
경기도,시흥시,장곡동,2035,0.00,0.00,0.00,0.0,0.000,0.00,0.00,0.00,0.00,0.00,0.00,0.00,0.000,0.00,0.00,0.00,0.00,0.00,0.000,0.00,0.00,0.00,0.00,0.00,0.00,0.00,0,0,0,"1,848",0,0,0,0,0.0
경기도,시흥시,능곡동,2035,614.00,"1,228.00","1,228.00",100.0,0.000,614.00,614.00,614.00,0.00,614.00,0.00,0.00,0.000,0.00,470.00,470.00,0.00,470.00,0.000,0.00,144.00,144.00,0.00,144.00,0.00,0.00,0,0,0,0,0,0,14,0,0.0
경기도,군포시,소계,,"328,517.00","384,030.99","364,744.15",95.0,7.420,"113,532.00","113,532.00","98,346.70","7,097.30","91,249.40",0.00,0.00,5.500,"85,233.00","115,120.64","112,152.40","1,789.00","110,363.40",5.500,"129,752.00","155,378.35","154,245.05","23,424.97","130,231.08",589.00,0.00,"1,485","2,651","3,271",0,"13,335",109,72,"345,464",94.7
경기도,군포시,군포1동,2030,"81,122.00","91,184.80","90,441.80",99.2,3.100,"34,779.00","34,779.00","34,036.00",691.70,"33,344.30",0.00,0.00,0.000,"16,690.00","21,162.20","21,162.20",0.00,"21,162.20",0.000,"29,653.00","35,243.60","35,243.60","3,322.80","31,790.80",130.00,0.00,496,500,801,0,"3,435",54,0,"83,819",92.7
경기도,군포시,군포2동,2030,"47,781.00","69,027.58","66,168.98",95.9,1.350,"8,319.00","8,319.00","5,460.40",350.40,"5,110.00",0.00,0.00,1.700,"13,663.00","24,905.88","24,905.88",0.00,"24,905.88",1.700,"25,799.00","35,802.70","35,802.70","4,758.10","30,585.60",459.00,0.00,69,802,907,0,"2,932",3,0,"55,014",83.1
경기도,군포시,산본1동,2030,"24,911.00","24,911.00","23,804.20",95.6,0.740,"18,307.00","18,307.00","17,717.50","2,667.00","15,050.50",0.00,0.00,0.000,"2,603.00","2,603.00","2,238.70",123.50,"2,115.20",0.000,"4,001.00","4,001.00","3,848.00",333.40,"3,514.60",0.00,0.00,300,40,67,0,"1,032",14,0,"23,845",100.2
경기도,군포시,산본2동,2030,"19,439.00","19,439.00","18,576.50",95.6,0.830,"2,763.00","2,763.00","2,735.50","2,090.70",644.80,0.00,0.00,0.000,"7,321.00","7,321.00","6,581.90",0.00,"6,581.90",0.000,"9,355.00","9,355.00","9,259.10","1,813.30","7,445.80",0.00,0.00,14,156,200,0,624,0,3,"18,573",100.0
경기도,군포시,금정동,2030,"45,087.00","45,279.00","41,570.80",91.8,1.130,"38,044.00","38,044.00","34,496.10","1,289.30","33,206.80",0.00,0.00,0.000,"2,729.00","2,921.00","2,921.00","1,665.50","1,255.50",0.000,"4,314.00","4,314.00","4,153.70",505.80,"3,647.90",0.00,0.00,504,85,103,0,"1,539",38,0,"41,284",99.3
경기도,군포시,재궁동,2030,"19,391.00","19,391.00","18,445.50",95.1,0.000,"3,925.00","3,925.00","3,901.20",8.20,"3,893.00",0.00,0.00,0.600,"7,352.00","7,352.00","6,832.50",0.00,"6,832.50",0.600,"8,114.00","8,114.00","7,711.80",855.90,"6,855.90",0.00,0.00,57,158,179,0,668,0,0,"18,317",99.3
경기도,군포시,오금동,2030,"10,553.00","10,553.00","10,027.06",95.0,0.000,0.00,0.00,0.00,0.00,0.00,0.00,0.00,0.500,"4,340.00","4,340.00","4,028.46",0.00,"4,028.46",0.500,"6,213.00","6,213.00","5,998.60","1,177.40","4,821.20",0.00,0.00,0,97,103,0,228,0,2,"10,030",100.0
경기도,군포시,수리동,2030,"11,421.00","11,421.00","11,057.50",96.8,0.000,229.00,229.00,0.00,0.00,0.00,0.00,0.00,0.500,"4,512.00","4,512.00","4,448.70",0.00,"4,448.70",0.500,"6,680.00","6,680.00","6,608.80","3,712.20","2,896.60",0.00,0.00,5,96,71,0,289,0,0,"11,156",100.9
경기도,군포시,궁내동,2030,"10,391.00","10,593.80","9,963.80",94.1,0.000,375.00,375.00,0.00,0.00,0.00,0.00,0.00,0.500,"4,906.00","4,906.00","4,651.00",0.00,"4,651.00",0.500,"5,110.00","5,312.80","5,312.80","1,491.10","3,821.70",0.00,0.00,8,107,69,0,218,0,0,"9,777",98.1
경기도,군포시,대야동,2030,"32,971.00","56,780.81","49,989.81",88.0,0.270,"6,791.00","6,791.00",0.00,0.00,0.00,0.00,0.00,0.800,"8,974.00","22,954.56","22,954.56",0.00,"22,954.56",0.800,"17,206.00","27,035.25","27,035.25","1,968.27","25,066.98",0.00,0.00,32,359,519,0,"1,586",0,65,"49,305",98.6
경기도,군포시,광정동,2030,"25,450.00","25,450.00","24,698.20",97.0,0.000,0.00,0.00,0.00,0.00,0.00,0.00,0.00,0.900,"12,143.00","12,143.00","11,427.50",0.00,"11,427.50",0.900,"13,307.00","13,307.00","13,270.70","3,486.70","9,784.00",0.00,0.00,0,251,252,0,784,0,2,"24,344",98.6
경기도,의왕시,소계,,"393,890.00","393,890.00","305,448.00",77.5,1.890,"67,560.00","67,560.00","67,464.00","16,543.00","49,279.00","1,073.00",569.00,15.634,"174,148.00","174,148.00","111,372.00",0.00,"111,372.00",53.972,"152,182.00","152,182.00","126,612.00","21,032.00","89,782.00","8,218.00","7,580.00","2,225","3,124","3,689","15,160","14,968",76,45,"305,448",100.0
경기도,의왕시,고천동,2035,"57,880.00","57,880.00","48,012.00",83.0,0.000,"10,565.00","10,565.00","10,565.00","1,150.00","9,149.00",210.00,56.00,2.946,"21,572.00","21,572.00","15,131.00",0.00,"15,131.00",8.644,"25,743.00","25,743.00","22,316.00","3,398.00","16,025.00","1,295.00","1,598.00",248,355,523,"1,255","1,255",6,6,"48,012",100.0
경기도,의왕시,부곡동,2035,"124,171.00","124,171.00","90,184.00",72.6,1.150,"21,359.00","21,359.00","21,359.00","4,442.00","16,778.00",95.00,44.00,4.308,"54,850.00","54,850.00","34,564.00",0.00,"34,564.00",11.281,"47,962.00","47,962.00","34,261.00","8,307.00","19,356.00","3,661.00","2,937.00",563,851,902,"4,232","4,037",28,0,"90,184",100.0
경기도,의왕시,오전동,2035,"62,545.00","62,545.00","45,263.00",72.4,0.000,"10,444.00","10,444.00","10,348.00","4,020.00","5,978.00",250.00,100.00,2.420,"29,440.00","29,440.00","15,465.00",0.00,"15,465.00",7.023,"22,661.00","22,661.00","19,450.00","3,605.00","14,455.00",670.00,720.00,415,620,779,"3,677","3,678",11,8,"45,263",100.0
경기도,의왕시,내손1동,2035,"25,185.00","25,185.00","25,185.00",100.0,0.000,"11,480.00","11,480.00","11,480.00","3,568.00","7,355.00",254.00,303.00,0.845,"5,648.00","5,648.00","5,648.00",0.00,"5,648.00",1.553,"8,057.00","8,057.00","8,057.00","1,938.00","5,243.00",351.00,525.00,442,218,308,"1,247","1,248",5,5,"25,185",100.0
경기도,의왕시,내손2동,2035,"40,598.00","40,598.00","27,227.00",67.1,0.740,"11,643.00","11,643.00","11,643.00","2,854.00","8,659.00",105.00,25.00,0.325,"19,115.00","19,115.00","6,449.00",0.00,"6,449.00",1.962,"9,840.00","9,840.00","9,135.00","1,982.00","6,177.00",501.00,475.00,508,281,397,"1,888","1,889",6,6,"27,227",100.0
경기도,의왕시,청계동,2035,"83,511.00","83,511.00","69,577.00",83.3,0.000,"2,069.00","2,069.00","2,069.00",509.00,"1,360.00",159.00,41.00,4.790,"43,523.00","43,523.00","34,115.00",0.00,"34,115.00",23.509,"37,919.00","37,919.00","33,393.00","1,802.00","28,526.00","1,740.00","1,325.00",49,799,780,"2,861","2,861",20,20,"69,577",100.0
경기도,하남시,소계,,0.00,"490,408.70","490,408.70",100.0,0.000,0.00,"87,826.11","87,826.11","17,215.48","65,315.63","2,910.00","2,385.00",0.000,0.00,"220,436.19","220,436.19",0.00,"220,436.19",0.000,0.00,"182,146.40","182,146.40","14,957.62","165,752.78",0.00,"1,436.00","2,307","1,857","2,916","7,356","5,065",20,0,"471,651",96.2
경기도,하남시,천현동,2035,0.00,"99,033.87","99,033.87",100.0,0.000,0.00,"27,075.50","27,075.50","5,784.40","21,291.10",0.00,0.00,0.000,0.00,"46,881.98","46,881.98",0.00,"46,881.98",0.000,0.00,"25,076.39","25,076.39",0.00,"25,076.39",0.00,0.00,"2,307","1,857","2,916","7,356","5,065",20,0,"95,000",95.9
경기도,하남시,신장1동,2035,0.00,"14,150.03","14,150.03",100.0,0.000,0.00,"3,994.91","3,994.91","1,834.68","2,160.23",0.00,0.00,0.000,0.00,"5,620.49","5,620.49",0.00,"5,620.49",0.000,0.00,"4,534.63","4,534.63",0.00,"4,534.63",0.00,0.00,0,0,0,0,0,0,0,"13,654",96.5
경기도,하남시,신장2동,2035,0.00,"60,251.96","60,251.96",100.0,0.000,0.00,0.00,0.00,0.00,0.00,0.00,0.00,0.000,0.00,"34,908.59","34,908.59",0.00,"34,908.59",0.000,0.00,"25,343.37","25,343.37","6,274.51","19,068.86",0.00,0.00,0,0,0,0,0,0,0,"58,100",96.4
경기도,하남시,덕풍1동,2035,0.00,"17,013.59","17,013.59",100.0,0.000,0.00,"6,601.01","6,601.01","1,554.65","5,046.36",0.00,0.00,0.000,0.00,"4,218.59","4,218.59",0.00,"4,218.59",0.000,0.00,"6,193.99","6,193.99",0.00,"6,193.99",0.00,0.00,0,0,0,0,0,0,0,"16,418",96.5
경기도,하남시,덕풍2동,2035,0.00,"15,175.79","15,175.79",100.0,0.000,0.00,"4,749.34","4,749.34",475.64,"4,273.70",0.00,0.00,0.000,0.00,"1,994.48","1,994.48",0.00,"1,994.48",0.000,0.00,"8,431.97","8,431.97",0.00,"8,431.97",0.00,0.00,0,0,0,0,0,0,0,"14,644",96.5
경기도,하남시,덕풍3동,2035,0.00,"24,930.51","24,930.51",100.0,0.000,0.00,"9,492.24","9,492.24","1,336.03","8,156.21",0.00,0.00,0.000,0.00,"7,367.82","7,367.82",0.00,"7,367.82",0.000,0.00,"8,070.45","8,070.45",0.00,"8,070.45",0.00,0.00,0,0,0,0,0,0,0,"24,050",96.5
경기도,하남시,풍산동,2035,0.00,"54,402.27","54,402.27",100.0,0.000,0.00,0.00,0.00,0.00,0.00,0.00,0.00,0.000,0.00,"24,428.04","24,428.04",0.00,"24,428.04",0.000,0.00,"29,974.23","29,974.23","3,267.88","26,706.35",0.00,0.00,0,0,0,0,0,0,0,"52,500",96.5
경기도,하남시,감북동,2035,0.00,"64,326.36","64,326.36",100.0,0.000,0.00,"14,686.13","14,686.13","2,394.00","12,292.13",0.00,0.00,0.000,0.00,"31,890.68","31,890.68",0.00,"31,890.68",0.000,0.00,"17,749.55","17,749.55",0.00,"17,749.55",0.00,0.00,0,0,0,0,0,0,0,"61,844",96.1
경기도,하남시,감일동,2035,0.00,0.00,0.00,0.0,0.000,0.00,0.00,0.00,0.00,0.00,0.00,0.00,0.000,0.00,0.00,0.00,0.00,0.00,0.000,0.00,0.00,0.00,0.00,0.00,0.00,0.00,0,0,0,0,0,0,0,0,0.0
경기도,하남시,위례동,2035,0.00,"8,024.58","8,024.58",100.0,0.000,0.00,0.00,0.00,0.00,0.00,0.00,0.00,0.000,0.00,"2,515.26","2,515.26",0.00,"2,515.26",0.000,0.00,"5,509.32","5,509.32",0.00,"5,509.32",0.00,0.00,0,0,0,0,0,0,0,"7,800",97.2
경기도,하남시,춘궁동,2035,0.00,"47,115.08","47,115.08",100.0,0.000,0.00,"13,102.49","13,102.49","3,022.18","10,080.31",0.00,0.00,0.000,0.00,"24,090.09","24,090.09",0.00,"24,090.09",0.000,0.00,"9,922.50","9,922.50",0.00,"9,922.50",0.00,0.00,0,0,0,0,0,0,0,"44,646",94.8
경기도,하남시,초이동,2035,0.00,"45,280.61","45,280.61",100.0,0.000,0.00,"8,124.49","8,124.49",813.90,"2,015.59","2,910.00","2,385.00",0.000,0.00,"21,209.26","21,209.26",0.00,"21,209.26",0.000,0.00,"15,946.86","15,946.86",0.00,"14,510.86",0.00,"1,436.00",0,0,0,0,0,0,0,"43,595",96.3
경기도,하남시,미사1동,2035,0.00,"21,220.35","21,220.35",100.0,0.000,0.00,0.00,0.00,0.00,0.00,0.00,0.00,0.000,0.00,"6,374.11","6,374.11",0.00,"6,374.11",0.000,0.00,"14,846.24","14,846.24","2,466.74","12,379.50",0.00,0.00,0,0,0,0,0,0,0,"20,650",97.3
경기도,하남시,미사2동,2035,0.00,"19,483.70","19,483.70",100.0,0.000,0.00,0.00,0.00,0.00,0.00,0.00,0.00,0.000,0.00,"8,936.80","8,936.80",0.00,"8,936.80",0.000,0.00,"10,546.90","10,546.90","2,948.49","7,598.41",0.00,0.00,0,0,0,0,0,0,0,"18,750",96.2
경기도,용인시,소계,,"2,471,865.00","2,579,718.00","2,386,288.00",92.5,0.000,"231,903.00","235,795.00","162,471.00","8,057.00","154,414.00",0.00,0.00,91.000,"1,283,431.00","1,347,232.00","1,293,715.00","1,426.00","1,292,289.00",159.000,"956,531.00","996,691.00","930,102.00","81,124.00","848,978.00",0.00,0.00,"4,284","26,737","23,148","26,737","44,128",205,"2,960","2,386,288",100.0
경기도,용인시,포곡읍,2030,"173,229.00","176,219.00","174,784.00",99.2,0.000,"8,566.00","8,566.00","7,131.00",458.00,"6,673.00",0.00,0.00,6.000,"104,855.00","106,238.00","106,238.00",0.00,"106,238.00",16.000,"59,808.00","61,415.00","61,415.00","3,633.00","57,782.00",0.00,0.00,207,"2,355","1,664","2,355","2,469",32,220,"174,784",100.0
경기도,용인시,모현읍,2030,"162,914.00","165,199.00","161,520.00",97.8,0.000,"14,465.00","14,465.00","10,786.00",645.00,"10,141.00",0.00,0.00,7.000,"100,132.00","101,891.00","101,891.00",0.00,"101,891.00",19.000,"48,317.00","48,843.00","48,843.00","1,875.00","46,968.00",0.00,0.00,280,0,"1,316",0,"1,753",35,237,"161,520",100.0
경기도,용인시,이동읍,2030,"151,386.00","169,026.00","149,013.00",88.2,0.000,"24,831.00","24,831.00","15,389.00",712.00,"14,677.00",0.00,0.00,4.000,"76,228.00","93,868.00","93,868.00",0.00,"93,868.00",10.000,"50,327.00","50,327.00","39,756.00","2,889.00","36,867.00",0.00,0.00,382,0,"1,078",0,"1,765",0,215,"149,013",100.0
경기도,용인시,남사면,2030,"135,294.00","136,199.00","126,033.00",92.5,0.000,"27,274.00","27,274.00","21,588.00",787.00,"20,801.00",0.00,0.00,7.000,"73,985.00","74,890.00","74,890.00",0.00,"74,890.00",17.000,"34,035.00","34,035.00","29,555.00","4,286.00","25,269.00",0.00,0.00,553,"1,093",672,"1,093","1,114",0,196,"126,033",100.0
경기도,용인시,원삼면,2030,"89,775.00","92,761.00","92,515.00",99.7,0.000,"25,924.00","25,924.00","25,807.00",338.00,"25,469.00",0.00,0.00,1.000,"50,870.00","53,856.00","53,856.00",0.00,"53,856.00",1.000,"12,981.00","12,981.00","12,852.00",485.00,"12,367.00",0.00,0.00,766,953,399,953,764,0,285,"92,515",100.0
경기도,용인시,백암면,2030,"97,146.00","97,674.00","83,391.00",85.4,0.000,"29,128.00","29,128.00","19,435.00",781.00,"18,654.00",0.00,0.00,2.000,"44,565.00","45,093.00","45,093.00","1,392.00","43,701.00",5.000,"23,453.00","23,453.00","18,863.00","1,249.00","17,614.00",0.00,0.00,591,935,515,935,"1,005",0,282,"83,391",100.0
경기도,용인시,양지면,2030,"138,203.00","145,717.00","138,376.00",95.0,0.000,"26,182.00","26,182.00","18,841.00",429.00,"18,412.00",0.00,0.00,2.000,"76,447.00","78,301.00","78,301.00",0.00,"78,301.00",1.000,"35,574.00","41,234.00","41,234.00","1,116.00","40,118.00",0.00,0.00,494,"1,494","1,108","1,494","1,293",26,285,"138,376",100.0
경기도,용인시,중앙동,2030,"98,843.00","99,630.00","85,162.00",85.5,0.000,"4,426.00","4,426.00","2,827.00",466.00,"2,361.00",0.00,0.00,3.000,"54,377.00","54,377.00","41,508.00",0.00,"41,508.00",9.000,"40,040.00","40,827.00","40,827.00","1,712.00","39,115.00",0.00,0.00,79,"1,145",985,"1,145","1,585",31,107,"85,162",100.0
경기도,용인시,역삼동,2030,"99,939.00","102,206.00","99,779.00",97.6,0.000,"4,365.00","4,365.00","3,009.00",234.00,"2,775.00",0.00,0.00,2.000,"44,521.00","46,788.00","46,788.00",0.00,"46,788.00",4.000,"51,053.00","51,053.00","49,982.00","3,678.00","46,304.00",0.00,0.00,93,"1,442","1,226","1,442","2,331",23,117,"99,779",100.0
경기도,용인시,유림동,2030,"115,677.00","115,862.00","104,218.00",90.0,0.000,"15,869.00","15,869.00","10,437.00",752.00,"9,685.00",0.00,0.00,2.000,"54,377.00","54,562.00","54,562.00",0.00,"54,562.00",6.000,"45,431.00","45,431.00","39,219.00","2,793.00","36,426.00",0.00,0.00,254,"1,471",985,"1,471","1,485",32,161,"104,218",100.0
경기도,용인시,동부동,2030,"84,732.00","84,875.00","77,311.00",91.1,0.000,"9,450.00","9,450.00","4,606.00",152.00,"4,454.00",0.00,0.00,2.000,"44,430.00","44,573.00","44,573.00",0.00,"44,573.00",2.000,"30,852.00","30,852.00","28,132.00","1,118.00","27,014.00",0.00,0.00,132,"1,610",718,"1,610","1,103",10,120,"77,311",100.0
경기도,용인시,신갈동,2030,"69,037.00","71,991.00","67,440.00",93.7,0.000,"7,366.00","7,366.00","2,815.00",81.00,"2,734.00",0.00,0.00,3.000,"30,062.00","30,154.00","30,154.00",0.00,"30,154.00",4.000,"31,609.00","34,471.00","34,471.00","3,721.00","30,750.00",0.00,0.00,71,507,712,507,"1,581",2,46,"67,440",100.0
경기도,용인시,영덕1동,2030,"64,099.00","64,215.00","60,945.00",94.9,0.000,"3,982.00","3,982.00",819.00,0.00,819.00,0.00,0.00,2.000,"25,089.00","25,089.00","24,982.00",0.00,"24,982.00",2.000,"35,028.00","35,144.00","35,144.00","2,977.00","32,167.00",0.00,0.00,0,0,831,0,"1,902",0,20,"60,945",100.0
경기도,용인시,영덕2동,2030,"29,677.00","29,720.00","29,137.00",98.0,0.000,647.00,647.00,133.00,0.00,133.00,0.00,0.00,1.000,"16,223.00","16,223.00","16,154.00",0.00,"16,154.00",1.000,"12,807.00","12,850.00","12,850.00","1,269.00","11,581.00",0.00,0.00,6,0,309,0,556,1,31,"29,137",100.0
경기도,용인시,구갈동,2030,"49,842.00","52,043.00","52,041.00",100.0,0.000,210.00,210.00,208.00,0.00,208.00,0.00,0.00,3.000,"21,625.00","22,278.00","22,278.00",0.00,"22,278.00",3.000,"28,007.00","29,555.00","29,555.00","2,406.00","27,149.00",0.00,0.00,6,"1,132",600,"1,132","1,638",0,23,"52,041",100.0
경기도,용인시,상갈동,2030,"86,968.00","86,968.00","35,031.00",40.3,0.000,"4,122.00","4,122.00",150.00,0.00,150.00,0.00,0.00,4.000,"43,773.00","43,773.00","16,342.00",0.00,"16,342.00",5.000,"39,073.00","39,073.00","18,539.00","2,681.00","15,858.00",0.00,0.00,2,571,527,571,734,1,15,"35,031",100.0
경기도,용인시,보라동,2030,0.00,"54,831.00","54,831.00",100.0,0.000,0.00,"3,892.00","3,892.00",0.00,"3,892.00",0.00,0.00,0.000,0.00,"29,481.00","29,481.00",0.00,"29,481.00",0.000,0.00,"21,458.00","21,458.00","2,656.00","18,802.00",0.00,0.00,70,0,565,0,"1,166",7,50,"54,831",100.0
경기도,용인시,기흥동,2030,"70,468.00","70,897.00","66,403.00",93.7,0.000,"3,029.00","3,029.00","2,267.00",199.00,"2,068.00",0.00,0.00,3.000,"41,364.00","41,793.00","41,793.00",0.00,"41,793.00",4.000,"26,075.00","26,075.00","22,343.00","1,357.00","20,986.00",0.00,0.00,36,769,583,769,"1,222",0,67,"66,403",100.0
경기도,용인시,서농동,2030,"48,619.00","48,619.00","46,079.00",94.8,0.000,"1,200.00","1,200.00","1,198.00",135.00,"1,063.00",0.00,0.00,2.000,"22,253.00","22,253.00","19,768.00",0.00,"19,768.00",2.000,"25,166.00","25,166.00","25,113.00","2,130.00","22,983.00",0.00,0.00,28,677,652,677,"1,492",0,3,"46,079",100.0
경기도,용인시,구성동,2030,"54,938.00","54,938.00","53,190.00",96.8,0.000,944.00,944.00,433.00,0.00,433.00,0.00,0.00,3.000,"28,374.00","28,374.00","28,277.00",0.00,"28,277.00",3.000,"25,620.00","25,620.00","24,480.00","1,059.00","23,421.00",0.00,0.00,11,"1,574",693,"1,574","1,365",3,43,"53,190",100.0
경기도,용인시,마북동,2030,"46,820.00","47,112.00","45,718.00",97.0,0.000,"1,509.00","1,509.00",194.00,0.00,194.00,0.00,0.00,3.000,"24,604.00","24,604.00","24,525.00",0.00,"24,525.00",4.000,"20,707.00","20,999.00","20,999.00",625.00,"20,374.00",0.00,0.00,5,973,581,973,"1,005",0,52,"45,718",100.0
경기도,용인시,동백1동,2030,"36,308.00","38,976.00","38,640.00",99.1,0.000,336.00,336.00,0.00,0.00,0.00,0.00,0.00,1.000,"18,107.00","19,185.00","19,185.00",0.00,"19,185.00",1.000,"17,865.00","19,455.00","19,455.00","4,633.00","14,822.00",0.00,0.00,0,0,313,0,937,0,5,"38,640",100.0
경기도,용인시,동백2동,2030,"49,021.00","52,703.00","52,366.00",99.4,0.000,337.00,337.00,0.00,0.00,0.00,0.00,0.00,1.000,"22,034.00","23,345.00","23,345.00",0.00,"23,345.00",1.000,"26,650.00","29,021.00","29,021.00","8,390.00","20,631.00",0.00,0.00,0,0,554,0,"1,774",0,8,"52,366",100.0
경기도,용인시,동백3동,2030,"18,904.00","20,311.00","19,975.00",98.3,0.000,336.00,336.00,0.00,0.00,0.00,0.00,0.00,1.000,"8,326.00","8,822.00","8,822.00",0.00,"8,822.00",2.000,"10,242.00","11,153.00","11,153.00","2,006.00","9,147.00",0.00,0.00,0,0,297,0,648,0,7,"19,975",100.0
경기도,용인시,상하동,2030,"31,822.00","31,822.00","29,299.00",92.1,0.000,"1,483.00","1,483.00","1,354.00",329.00,"1,025.00",0.00,0.00,2.000,"17,650.00","17,650.00","16,138.00",0.00,"16,138.00",3.000,"12,689.00","12,689.00","11,807.00","1,744.00","10,063.00",0.00,0.00,29,578,252,578,471,0,29,"29,299",100.0
경기도,용인시,보정동,2030,"65,706.00","65,706.00","62,084.00",94.5,0.000,"2,533.00","2,533.00",563.00,86.00,477.00,0.00,0.00,2.000,"33,013.00","33,013.00","32,814.00",0.00,"32,814.00",3.000,"30,160.00","30,160.00","28,707.00","1,647.00","27,060.00",0.00,0.00,9,"1,058",689,"1,058","1,638",0,84,"62,084",100.0
경기도,용인시,풍덕천1동,2030,"46,083.00","46,083.00","45,328.00",98.4,0.000,213.00,213.00,45.00,0.00,45.00,0.00,0.00,2.000,"20,713.00","20,713.00","20,349.00",34.00,"20,315.00",3.000,"25,157.00","25,157.00","24,934.00","3,662.00","21,272.00",0.00,0.00,2,532,496,532,"1,135",0,5,"45,328",100.0
경기도,용인시,풍덕천2동,2030,"42,859.00","42,859.00","37,019.00",86.4,0.000,380.00,380.00,308.00,0.00,308.00,0.00,0.00,2.000,"20,000.00","20,000.00","17,942.00",0.00,"17,942.00",3.000,"22,479.00","22,479.00","18,769.00",557.00,"18,212.00",0.00,0.00,4,544,409,544,"1,110",0,17,"37,019",100.0
경기도,용인시,신봉동,2030,"45,557.00","45,557.00","45,054.00",98.9,0.000,"1,169.00","1,169.00","1,169.00",24.00,"1,145.00",0.00,0.00,4.000,"21,893.00","21,893.00","21,597.00",0.00,"21,597.00",5.000,"22,495.00","22,495.00","22,288.00","1,151.00","21,137.00",0.00,0.00,31,520,660,520,"1,125",0,37,"45,054",100.0
경기도,용인시,죽전1동,2030,"58,174.00","58,185.00","53,615.00",92.1,0.000,"2,066.00","2,066.00",161.00,0.00,161.00,0.00,0.00,2.000,"29,496.00","29,496.00","26,831.00",0.00,"26,831.00",4.000,"26,612.00","26,623.00","26,623.00","2,983.00","23,640.00",0.00,0.00,5,544,697,544,"1,704",2,20,"53,615",100.0
경기도,용인시,죽전2동,2030,"28,882.00","28,887.00","26,328.00",91.1,0.000,"2,131.00","2,131.00","1,750.00",819.00,931.00,0.00,0.00,2.000,"16,001.00","16,006.00","16,006.00",0.00,"16,006.00",3.000,"10,750.00","10,750.00","8,572.00",535.00,"8,037.00",0.00,0.00,30,541,212,541,530,0,23,"26,328",100.0
경기도,용인시,동천동,2030,"87,511.00","87,764.00","87,509.00",99.7,0.000,"2,871.00","2,871.00","2,681.00",212.00,"2,469.00",0.00,0.00,4.000,"55,635.00","55,888.00","55,888.00",0.00,"55,888.00",7.000,"29,005.00","29,005.00","28,940.00","2,048.00","26,892.00",0.00,0.00,59,879,728,879,"1,550",0,86,"87,509",100.0
경기도,용인시,상현1동,2030,"41,600.00","41,600.00","35,862.00",86.2,0.000,"2,351.00","2,351.00","1,185.00",225.00,960.00,0.00,0.00,2.000,"17,474.00","17,474.00","14,565.00",0.00,"14,565.00",2.000,"21,775.00","21,775.00","20,112.00","2,414.00","17,698.00",0.00,0.00,24,969,461,969,782,0,15,"35,862",100.0
경기도,용인시,상현2동,2030,"19,268.00","19,621.00","18,382.00",93.7,0.000,819.00,819.00,556.00,193.00,363.00,0.00,0.00,2.000,"9,820.00","10,173.00","10,173.00",0.00,"10,173.00",2.000,"8,629.00","8,629.00","7,653.00","2,155.00","5,498.00",0.00,0.00,8,941,189,941,511,0,7,"18,382",100.0
경기도,용인시,성복동,2030,"32,564.00","32,942.00","31,910.00",96.9,0.000,"1,389.00","1,389.00",734.00,0.00,734.00,0.00,0.00,2.000,"15,115.00","15,115.00","14,738.00",0.00,"14,738.00",2.000,"16,060.00","16,438.00","16,438.00","1,484.00","14,954.00",0.00,0.00,17,930,472,930,885,0,42,"31,910",100.0
경기도,파주시,소계,,"1,184,338.00","1,525,860.00","1,174,043.00",76.9,58.250,"177,967.00","479,398.00","445,149.00","27,382.00","375,050.00","7,983.00","34,734.00",75.960,"685,934.00","696,075.00","397,331.00",0.00,"397,331.00",75.550,"320,437.00","350,387.00","331,563.00","103,773.00","213,554.00","1,917.00","12,319.00","14,500","14,506",0,"18,937",0,11,0,"633,822",54.0
경기도,파주시,문산읍,2030,"133,259.00","434,690.00","389,683.00",89.6,0.000,0.00,"301,431.00","301,431.00",0.00,"301,431.00",0.00,0.00,9.930,"88,759.00","88,759.00","43,752.00",0.00,"43,752.00",9.930,"44,500.00","44,500.00","44,500.00","15,076.00","29,424.00",0.00,0.00,"1,433","1,433",0,"1,756",0,4,0,"54,942",14.1
경기도,파주시,파주읍,2030,"139,176.00","139,176.00","124,814.00",89.7,11.860,"30,310.00","30,310.00","30,310.00","2,930.00","16,081.00",69.00,"11,230.00",11.860,"68,206.00","68,206.00","54,379.00",0.00,"54,379.00",11.860,"40,660.00","40,660.00","40,125.00","17,915.00","22,210.00",0.00,0.00,"1,702","1,702",0,"3,306",0,2,0,"80,572",64.6
경기도,파주시,법원읍,2030,"81,247.00","81,247.00","57,942.00",71.3,4.300,"4,508.00","4,508.00","4,508.00",95.00,"2,623.00",697.00,"1,093.00",4.300,"48,189.00","48,189.00","24,884.00",0.00,"24,884.00",4.300,"28,550.00","28,550.00","28,550.00","15,403.00","12,904.00",225.00,18.00,"1,104","1,104",0,"2,319",0,2,0,"41,029",70.8
경기도,파주시,조리읍,2030,"84,459.00","84,459.00","44,259.00",52.4,0.000,0.00,0.00,0.00,0.00,0.00,0.00,0.00,6.800,"59,489.00","59,489.00","19,289.00",0.00,"19,289.00",6.800,"24,970.00","24,970.00","24,970.00","9,171.00","14,171.00",106.00,"1,522.00",728,728,0,"1,332",0,3,0,"44,259",100.0
경기도,파주시,월롱면,2030,"73,164.00","73,164.00","69,622.00",95.2,2.990,"13,212.00","13,212.00","13,212.00","2,001.00","7,660.00","1,270.00","2,281.00",2.990,"36,525.00","36,525.00","33,018.00",0.00,"33,018.00",2.990,"23,427.00","23,427.00","23,392.00","9,712.00","13,680.00",0.00,0.00,639,639,0,"1,304",0,0,0,"37,430",53.8
경기도,파주시,탄현면,2030,"203,215.00","242,473.00","208,224.00",85.9,10.410,"55,933.00","55,933.00","21,684.00","1,307.00","9,382.00","4,757.00","6,238.00",10.410,"95,139.00","104,447.00","104,447.00",0.00,"104,447.00",10.410,"52,143.00","82,093.00","82,093.00","22,027.00","54,998.00",307.00,"4,761.00","4,643","4,643",0,"3,737",0,0,0,"159,603",76.6
경기도,파주시,광탄면,2030,"105,136.00","105,136.00","37,031.00",35.2,6.930,"6,817.00","6,817.00","6,817.00",803.00,"2,149.00",297.00,"3,568.00",6.930,"86,342.00","86,342.00","18,237.00",0.00,"18,237.00",6.930,"11,977.00","11,977.00","11,977.00","5,631.00","6,346.00",0.00,0.00,566,566,0,"1,122",0,0,0,"26,381",71.2
경기도,파주시,파평면,2030,"77,281.00","77,281.00","65,354.00",84.6,2.540,"34,270.00","34,270.00","34,270.00","15,181.00","16,394.00",5.00,"2,690.00",2.540,"43,011.00","43,011.00","31,084.00",0.00,"31,084.00",2.540,0.00,0.00,0.00,0.00,0.00,0.00,0.00,"1,083","1,083",0,883,0,0,0,"19,745",30.2
경기도,파주시,적성면,2030,"67,109.00","67,109.00","40,980.00",61.1,4.680,"7,044.00","7,044.00","7,044.00","2,677.00","1,754.00",539.00,"2,074.00",4.680,"50,040.00","50,040.00","23,911.00",0.00,"23,911.00",4.680,"10,025.00","10,025.00","10,025.00","2,825.00","3,954.00",0.00,"3,246.00",498,498,0,"1,089",0,0,0,"35,030",85.5
경기도,파주시,군내면,2030,"4,775.00","4,775.00",0.00,0.0,0.000,0.00,0.00,0.00,0.00,0.00,0.00,0.00,0.490,"4,775.00","4,775.00",0.00,0.00,0.00,0.490,0.00,0.00,0.00,0.00,0.00,0.00,0.00,633,633,0,742,0,0,0,0,0.0
경기도,파주시,장단면,2030,0.00,0.00,0.00,0.0,0.000,0.00,0.00,0.00,0.00,0.00,0.00,0.00,0.000,0.00,0.00,0.00,0.00,0.00,0.000,0.00,0.00,0.00,0.00,0.00,0.00,0.00,0,0,0,0,0,0,0,0,0.0
경기도,파주시,진동면,2030,470.00,470.00,470.00,100.0,0.000,0.00,0.00,0.00,0.00,0.00,0.00,0.00,0.490,470.00,470.00,470.00,0.00,470.00,0.080,0.00,0.00,0.00,0.00,0.00,0.00,0.00,9,0,0,0,0,0,0,0,0.0
경기도,파주시,진서면,2030,0.00,0.00,0.00,0.0,0.000,0.00,0.00,0.00,0.00,0.00,0.00,0.00,0.000,0.00,0.00,0.00,0.00,0.00,0.000,0.00,0.00,0.00,0.00,0.00,0.00,0.00,0,0,0,0,0,0,0,0,0.0
경기도,파주시,금촌1동,2030,0.00,0.00,0.00,0.0,0.000,0.00,0.00,0.00,0.00,0.00,0.00,0.00,0.000,0.00,0.00,0.00,0.00,0.00,0.000,0.00,0.00,0.00,0.00,0.00,0.00,0.00,0,0,0,0,0,0,0,0,0.0
경기도,파주시,금촌2동,2030,0.00,0.00,0.00,0.0,0.000,0.00,0.00,0.00,0.00,0.00,0.00,0.00,0.000,0.00,0.00,0.00,0.00,0.00,0.000,0.00,0.00,0.00,0.00,0.00,0.00,0.00,0,0,0,0,0,0,0,0,0.0
경기도,파주시,금촌3동,2030,0.00,0.00,0.00,0.0,0.000,0.00,0.00,0.00,0.00,0.00,0.00,0.00,0.000,0.00,0.00,0.00,0.00,0.00,0.000,0.00,0.00,0.00,0.00,0.00,0.00,0.00,0,0,0,0,0,0,0,0,0.0
경기도,파주시,교하동,2030,"215,047.00","215,047.00","134,831.00",62.7,14.540,"25,873.00","25,873.00","25,873.00","2,388.00","17,576.00",349.00,"5,560.00",14.540,"104,989.00","104,989.00","43,027.00",0.00,"43,027.00",14.540,"84,185.00","84,185.00","65,931.00","6,013.00","55,867.00","1,279.00","2,772.00","1,462","1,462",0,"1,347",0,0,0,"134,831",100.0
경기도,파주시,운정1동,2030,0.00,0.00,0.00,0.0,0.000,0.00,0.00,0.00,0.00,0.00,0.00,0.00,0.000,0.00,0.00,0.00,0.00,0.00,0.000,0.00,0.00,0.00,0.00,0.00,0.00,0.00,0,0,0,0,0,0,0,0,0.0
경기도,파주시,운정2동,2030,0.00,0.00,0.00,0.0,0.000,0.00,0.00,0.00,0.00,0.00,0.00,0.00,0.000,0.00,0.00,0.00,0.00,0.00,0.000,0.00,0.00,0.00,0.00,0.00,0.00,0.00,0,0,0,0,0,0,0,0,0.0
경기도,파주시,운정3동,2030,0.00,833.00,833.00,100.0,0.000,0.00,0.00,0.00,0.00,0.00,0.00,0.00,0.000,0.00,833.00,833.00,0.00,833.00,0.000,0.00,0.00,0.00,0.00,0.00,0.00,0.00,0,15,0,0,0,0,0,0,0.0
경기도,이천시,소계,,"852,182.00","1,412,306.00","1,265,386.00",89.6,0.000,0.00,0.00,0.00,0.00,0.00,0.00,0.00,49.950,"852,182.00","852,482.00","705,562.00",0.00,"705,562.00",354.100,0.00,"559,824.00","559,824.00","20,415.00","459,164.00",0.00,"80,245.00",0,"19,411","9,359","22,758",0,0,0,"1,267,842",100.2
경기도,이천시,장호원읍,2020,"98,148.00","159,144.00","126,719.00",79.6,0.000,0.00,0.00,0.00,0.00,0.00,0.00,0.00,6.110,"98,148.00","98,148.00","65,723.00",0.00,"65,723.00",49.700,0.00,"60,996.00","60,996.00","3,110.00","52,896.00",0.00,"4,990.00",0,"1,912",208,"1,789",0,0,0,"125,920",99.4
경기도,이천시,부발읍,2020,"97,365.00","171,089.00","150,877.00",88.2,0.000,0.00,0.00,0.00,0.00,0.00,0.00,0.00,2.210,"97,365.00","97,365.00","77,153.00",0.00,"77,153.00",30.300,0.00,"73,724.00","73,724.00",735.00,"58,487.00",0.00,"14,502.00",0,"1,742","1,331","2,435",0,0,0,"150,200",99.6
경기도,이천시,신둔면,2020,"73,799.00","108,996.00","107,101.00",98.3,0.000,0.00,0.00,0.00,0.00,0.00,0.00,0.00,3.000,"73,799.00","73,799.00","71,904.00",0.00,"71,904.00",0.800,0.00,"35,197.00","35,197.00",582.00,"31,128.00",0.00,"3,487.00",0,"2,658","1,152","1,982",0,0,0,"107,201",100.1
경기도,이천시,백사면,2020,"57,779.00","96,732.00","94,589.00",97.8,0.000,0.00,0.00,0.00,0.00,0.00,0.00,0.00,6.700,"57,779.00","57,779.00","55,636.00",0.00,"55,636.00",29.200,0.00,"38,953.00","38,953.00",655.00,"36,146.00",0.00,"2,152.00",0,"1,665",848,"1,268",0,0,0,"93,420",98.8
경기도,이천시,호법면,2020,"101,194.00","151,596.00","133,915.00",88.3,0.000,0.00,0.00,0.00,0.00,0.00,0.00,0.00,2.820,"101,194.00","101,194.00","83,513.00",0.00,"83,513.00",33.000,0.00,"50,402.00","50,402.00","2,628.00","32,796.00",0.00,"14,978.00",0,"1,458",902,"1,612",0,0,0,"135,212",101.0
경기도,이천시,마장면,2020,"74,172.00","102,364.00","102,364.00",100.0,0.000,0.00,0.00,0.00,0.00,0.00,0.00,0.00,2.990,"74,172.00","74,172.00","74,172.00",0.00,"74,172.00",20.400,0.00,"28,192.00","28,192.00",795.00,"24,699.00",0.00,"2,698.00",0,"2,568",951,"1,594",0,0,0,"102,510",100.1
경기도,이천시,대월면,2020,"63,564.00","113,291.00","88,569.00",78.2,0.000,0.00,0.00,0.00,0.00,0.00,0.00,0.00,3.840,"63,564.00","63,564.00","38,842.00",0.00,"38,842.00",44.200,0.00,"49,727.00","49,727.00",618.00,"39,720.00",0.00,"9,389.00",0,890,496,699,0,0,0,"88,645",100.1
경기도,이천시,모가면,2020,"23,226.00","32,976.00","26,913.00",81.6,0.000,0.00,0.00,0.00,0.00,0.00,0.00,0.00,2.510,"23,226.00","23,226.00","17,163.00",0.00,"17,163.00",31.600,0.00,"9,750.00","9,750.00",353.00,"9,227.00",0.00,170.00,0,721,442,526,0,0,0,"27,623",102.6
경기도,이천시,설성면,2020,"57,209.00","75,833.00","52,268.00",68.9,0.000,0.00,0.00,0.00,0.00,0.00,0.00,0.00,2.930,"57,209.00","57,209.00","33,644.00",0.00,"33,644.00",45.700,0.00,"18,624.00","18,624.00","1,520.00","15,528.00",0.00,"1,576.00",0,842,188,120,0,0,0,"52,361",100.2
경기도,이천시,율면,2020,"80,365.00","132,452.00","115,384.00",87.1,0.000,0.00,0.00,0.00,0.00,0.00,0.00,0.00,2.290,"80,365.00","80,365.00","63,297.00",0.00,"63,297.00",34.700,0.00,"52,087.00","52,087.00","1,390.00","41,233.00",0.00,"9,464.00",0,912,52,287,0,0,0,"116,385",100.9
경기도,이천시,창전동,2020,"27,619.00","65,971.00","65,971.00",100.0,0.000,0.00,0.00,0.00,0.00,0.00,0.00,0.00,1.100,"27,619.00","27,619.00","27,619.00",0.00,"27,619.00",7.000,0.00,"38,352.00","38,352.00","1,596.00","34,338.00",0.00,"2,418.00",0,612,524,"3,351",0,0,0,"67,842",102.8
경기도,이천시,증포동,2020,"41,587.00","84,389.00","84,389.00",100.0,0.000,0.00,0.00,0.00,0.00,0.00,0.00,0.00,3.900,"41,587.00","41,887.00","41,887.00",0.00,"41,887.00",10.200,0.00,"42,502.00","42,502.00",922.00,"35,247.00",0.00,"6,333.00",0,"1,170",940,"2,081",0,0,0,"84,620",100.3
경기도,이천시,중리동,2020,"44,454.00","96,293.00","95,147.00",98.8,0.000,0.00,0.00,0.00,0.00,0.00,0.00,0.00,6.550,"44,454.00","44,454.00","43,308.00",0.00,"43,308.00",11.600,0.00,"51,839.00","51,839.00","4,804.00","39,448.00",0.00,"7,587.00",0,"1,651",802,"3,399",0,0,0,"94,623",99.4
경기도,이천시,관고동,2020,"11,701.00","21,180.00","21,180.00",100.0,0.000,0.00,0.00,0.00,0.00,0.00,0.00,0.00,3.000,"11,701.00","11,701.00","11,701.00",0.00,"11,701.00",5.700,0.00,"9,479.00","9,479.00",707.00,"8,271.00",0.00,501.00,0,610,523,"1,615",0,0,0,"21,280",100.5
경기도,안성시,소계,,"1,017,736.20","1,078,175.90","699,079.10",64.8,0.000,"235,858.20","246,342.40","234,250.00","20,952.40","140,210.70","25,247.90","47,839.00",34.090,"460,384.00","510,339.50","416,655.70",0.00,"416,655.70",0.000,"321,494.00","321,494.00","48,173.40","5,353.30","41,751.70",918.40,150.00,"3,377","4,906",989,"14,120","10,738",16,0,"581,645",83.2
경기도,안성시,공도읍,2020,"127,272.80","135,304.30","122,641.60",90.6,0.000,"27,872.80","27,872.80","27,535.80",358.80,"16,087.80","6,665.10","4,424.10",6.510,"81,400.00","89,431.50","89,431.50",0.00,"89,431.50",0.000,"18,000.00","18,000.00","5,674.30",48.00,"5,626.30",0.00,0.00,468,704,467,"2,227","1,203",3,0,"106,301",86.7
경기도,안성시,보개면,2020,"47,846.90","47,846.90","22,588.00",47.2,0.000,"9,956.90","9,956.90","9,956.90","1,487.00","4,570.10","1,243.30","2,656.50",1.270,"21,170.00","21,170.00","12,631.10",0.00,"12,631.10",0.000,"16,720.00","16,720.00",0.00,0.00,0.00,0.00,0.00,39,72,0,396,335,0,0,"20,835",92.2
경기도,안성시,금광면,2020,"25,941.80","25,941.80","11,027.00",42.5,0.000,"8,311.80","8,311.80","8,311.80",497.20,"6,091.20",970.00,753.40,0.550,"9,850.00","9,850.00","2,715.20",0.00,"2,715.20",0.000,"7,780.00","7,780.00",0.00,0.00,0.00,0.00,0.00,69,130,0,208,120,0,0,"9,520",86.3
경기도,안성시,서운면,2020,"5,280.30","24,777.00","24,777.00",100.0,0.000,"5,280.30","15,188.30","15,188.30","2,335.00","11,807.60",530.80,514.90,0.480,0.00,"9,588.70","9,588.70",0.00,"9,588.70",0.000,0.00,0.00,0.00,0.00,0.00,0.00,0.00,29,30,0,268,156,0,0,"11,501",46.4
경기도,안성시,미양면,2020,"50,318.80","50,318.80","28,414.00",56.5,0.000,"9,038.80","9,038.80","9,038.80","1,680.40","4,945.70","1,340.40","1,072.30",1.610,"21,740.00","21,740.00","16,030.20",0.00,"16,030.20",0.000,"19,540.00","19,540.00","3,345.00",365.00,"2,980.00",0.00,0.00,136,104,53,394,335,0,0,"23,729",83.5
경기도,안성시,대덕면,2020,"93,335.30","93,744.30","56,770.30",60.6,0.000,"22,675.30","23,084.30","23,084.30","1,062.00","19,166.60","1,432.00","1,423.70",2.580,"39,480.00","39,480.00","24,654.10",0.00,"24,654.10",0.000,"31,180.00","31,180.00","9,031.90","1,231.20","6,973.30",827.40,0.00,240,240,60,"1,059","1,178",0,0,"52,991",93.3
경기도,안성시,양성면,2020,"27,024.30","31,382.20","24,019.20",76.5,0.000,"9,414.30","9,414.30","9,414.30",600.10,"5,309.10","2,166.40","1,338.70",2.740,"7,210.00","11,567.90","11,567.90",0.00,"11,567.90",0.000,"10,400.00","10,400.00","3,037.00",0.00,"3,037.00",0.00,0.00,100,85,0,220,186,0,0,"16,893",70.3
경기도,안성시,원곡면,2020,"43,125.50","57,590.00","46,229.00",80.3,0.000,"9,325.50","9,325.50","9,325.50",549.70,"4,509.80","2,064.80","2,201.20",2.720,"16,300.00","30,764.50","30,764.50",0.00,"30,764.50",0.000,"17,500.00","17,500.00","6,139.00","1,638.00","4,501.00",0.00,0.00,172,350,48,717,359,0,0,"31,262",67.6
경기도,안성시,일죽면,2020,"119,242.00","119,242.00","75,490.00",63.3,0.000,"19,042.00","19,042.00","19,042.00",501.40,"13,214.00","1,663.90","3,662.70",4.610,"62,200.00","62,200.00","55,143.00",0.00,"55,143.00",0.000,"38,000.00","38,000.00","1,305.00",0.00,"1,305.00",0.00,0.00,444,"1,355",131,"1,796",675,0,0,"56,240",74.5
경기도,안성시,죽산면,2020,"102,791.20","102,791.20","59,392.00",57.8,0.000,"21,371.20","21,371.20","21,371.20","1,616.00","13,562.40","2,239.70","3,953.10",3.790,"43,680.00","43,680.00","35,792.70",0.00,"35,792.70",0.000,"37,740.00","37,740.00","2,228.10",60.00,"2,168.10",0.00,0.00,499,717,30,"1,212",836,2,0,"47,670",80.3
경기도,안성시,삼죽면,2020,"25,082.00","37,440.00","31,134.00",83.2,0.000,"7,502.00","7,502.00","7,502.00",580.90,"5,354.00","1,415.80",151.30,1.220,"10,920.00","23,278.00","23,278.00",0.00,"23,278.00",0.000,"6,660.00","6,660.00",354.00,0.00,354.00,0.00,0.00,257,230,26,387,330,0,0,"13,885",44.6
경기도,안성시,고삼면,2020,"5,812.80","5,916.00","5,916.00",100.0,0.000,"5,812.80","5,916.00","5,916.00",19.50,"2,743.70","2,968.10",184.70,0.000,0.00,0.00,0.00,0.00,0.00,0.000,0.00,0.00,0.00,0.00,0.00,0.00,0.00,104,0,0,3,212,0,0,"4,934",83.4
경기도,안성시,안성1동,2020,"120,087.90","120,151.90","55,689.00",46.3,0.000,"23,517.90","23,581.90","23,581.90","3,263.10","11,377.10",187.80,"8,753.90",1.700,"53,980.00","53,980.00","27,094.60",0.00,"27,094.60",0.000,"42,590.00","42,590.00","5,012.50",431.50,"4,499.00",31.00,51.00,278,222,65,"2,189","1,532",3,0,"56,724",101.9
경기도,안성시,안성2동,2020,"114,983.00","114,983.00","56,428.00",49.1,0.000,"31,645.00","31,645.00","20,023.60","2,919.40","9,526.50",159.40,"7,418.30",2.100,"45,224.00","45,224.00","29,579.30",0.00,"29,579.30",0.000,"38,114.00","38,114.00","6,825.10","1,119.10","5,635.00",27.00,44.00,239,289,43,"1,394","1,887",2,0,"52,538",93.1
경기도,안성시,안성3동,2020,"109,591.60","110,746.50","78,564.00",70.9,0.000,"25,091.60","25,091.60","24,957.60","3,481.90","11,945.10",200.40,"9,330.20",2.210,"47,230.00","48,384.90","48,384.90",0.00,"48,384.90",0.000,"37,270.00","37,270.00","5,221.50",460.50,"4,673.00",33.00,55.00,303,378,66,"1,650","1,394",6,0,"76,622",97.5
경기도,김포시,소계,,"110,803.70","914,552.62","913,443.24",99.9,25.920,"8,147.50","130,121.84","129,012.46","5,933.55","96,050.96","14,399.36","12,628.59",38.390,"27,009.30","320,865.85","320,865.85",0.00,"320,865.85",40.150,"75,646.90","463,564.93","463,564.93","60,591.08","368,849.85","25,031.78","9,092.22","2,996","8,138","11,142","26,567",0,13,0,"913,443",100.0
경기도,김포시,통진읍,2035,"29,781.40","152,016.96","152,016.96",100.0,8.370,"4,131.90","15,315.31","15,315.31","1,859.96","11,136.41","1,359.90",959.04,8.370,"6,119.20","61,841.25","61,841.25",0.00,"61,841.25",8.370,"19,530.30","74,860.40","74,860.40","8,676.27","57,826.85","7,430.41",926.87,425,"1,710","1,881","4,873",0,1,0,"152,016",100.0
경기도,김포시,고촌읍,2035,"7,594.50","80,360.18","80,360.18",100.0,1.490,"1,170.10","13,408.59","13,408.59",787.60,"10,706.98","1,368.06",545.95,1.300,293.30,"22,559.63","22,559.63",0.00,"22,559.63",1.300,"6,131.10","44,391.96","44,391.96","5,845.32","37,604.68",776.27,165.69,287,550,"1,222","3,506",0,0,0,"80,360",100.0
경기도,김포시,양촌읍,2035,"16,470.10","95,508.23","95,508.23",100.0,0.000,0.00,"19,281.96","19,281.96",490.72,"16,217.88","2,478.91",94.45,2.590,"2,220.40","27,053.55","27,053.55",0.00,"27,053.55",2.590,"14,249.70","49,172.72","49,172.72","4,279.89","39,206.97","4,894.81",791.05,408,665,"1,256","3,198",0,4,0,"95,508",100.0
경기도,김포시,대곶면,2035,0.00,"39,143.93","39,143.93",100.0,0.000,0.00,"30,657.09","30,657.09","2,151.08","23,533.49",32.24,"4,940.28",0.000,0.00,"8,251.59","8,251.59",0.00,"8,251.59",1.780,0.00,235.25,235.25,0.00,235.25,0.00,0.00,"1,043",201,10,0,0,0,0,"39,143",100.0
경기도,김포시,월곶면,2035,0.00,"37,486.95","37,486.95",100.0,0.000,0.00,"4,095.49","4,095.49",0.00,"2,054.21","1,564.36",476.92,0.000,0.00,"17,644.86","17,644.86",0.00,"17,644.86",0.000,0.00,"15,746.60","15,746.60","1,336.76","11,868.72","1,484.63","1,056.49",76,290,424,868,0,0,0,"37,486",100.0
경기도,김포시,하성면,2035,"4,747.90","51,516.83","51,516.83",100.0,1.800,128.80,"28,794.75","28,794.75",552.35,"15,133.17","7,595.89","5,513.34",1.800,"2,305.90","12,816.58","12,816.58",0.00,"12,816.58",1.800,"2,313.20","9,905.50","9,905.50",948.81,"8,288.43",183.95,484.31,460,271,307,"2,614",0,0,0,"51,516",100.0
경기도,김포시,김포본동,2035,"9,038.50","80,421.92","80,421.92",100.0,3.140,130.30,"9,790.06","9,790.06",91.84,"9,698.22",0.00,0.00,3.140,"1,120.90","22,732.03","22,732.03",0.00,"22,732.03",3.140,"7,787.30","47,899.83","47,899.83","5,962.64","35,799.57","4,315.26","1,822.36",143,632,"1,181","2,132",0,5,0,"80,421",100.0
경기도,김포시,장기본동,2035,"8,448.80","40,007.26","40,007.26",100.0,0.000,0.00,"1,002.34","1,002.34",0.00,903.73,0.00,98.61,4.600,"7,712.60","14,374.55","14,374.55",0.00,"14,374.55",4.600,736.20,"24,630.37","24,630.37","3,408.03","20,757.68",0.00,464.66,38,380,558,"1,173",0,0,0,"40,007",100.0
경기도,김포시,사우동,2035,"9,109.60","53,073.07","53,073.07",100.0,2.420,403.00,"4,181.11","4,181.11",0.00,"4,181.11",0.00,0.00,2.420,676.10,"18,180.50","18,180.50",0.00,"18,180.50",2.420,"8,030.50","30,711.46","30,711.46","4,417.13","22,288.73","3,478.82",526.78,80,463,731,"1,307",0,3,0,"53,073",100.0
경기도,김포시,풍무동,2035,"10,118.20","68,224.39","67,151.54",98.4,3.360,"1,395.70","1,395.70",322.85,0.00,322.85,0.00,0.00,3.360,265.00,"26,048.60","26,048.60",0.00,"26,048.60",3.360,"8,457.50","40,780.09","40,780.09","6,270.74","33,045.73",0.00,"1,463.62",3,614,887,"1,307",0,0,0,"67,151",100.0
경기도,김포시,장기동,2035,0.00,"78,650.10","78,650.10",100.0,0.000,0.00,779.68,779.68,0.00,779.68,0.00,0.00,0.000,0.00,"32,175.15","32,175.15",0.00,"32,175.15",0.000,0.00,"45,695.27","45,695.27","7,573.79","37,102.89",379.37,639.22,11,839,"1,021","1,307",0,0,0,"78,650",100.0
경기도,김포시,구래동,2035,"4,686.80","40,918.30","40,918.30",100.0,0.000,0.00,632.06,632.06,0.00,632.06,0.00,0.00,5.470,"1,499.00","16,181.75","16,181.75",0.00,"16,181.75",9.980,"3,187.80","24,104.49","24,104.49","4,189.82","19,914.67",0.00,0.00,12,397,421,"1,119",0,0,0,"40,918",100.0
경기도,김포시,마산동,2035,0.00,"35,074.21","35,074.21",100.0,0.000,0.00,0.00,0.00,0.00,0.00,0.00,0.00,0.000,0.00,"15,059.53","15,059.53",0.00,"15,059.53",0.000,0.00,"20,014.68","20,014.68","2,930.80","17,083.88",0.00,0.00,0,392,346,"1,395",0,0,0,"35,074",100.0
경기도,김포시,운양동,2035,"10,807.90","62,150.29","62,113.76",99.9,5.340,787.70,787.70,751.17,0.00,751.17,0.00,0.00,5.340,"4,796.90","25,946.28","25,946.28",0.00,"25,946.28",0.810,"5,223.30","35,416.31","35,416.31","4,751.08","27,825.80","2,088.26",751.17,10,734,897,"1,768",0,0,0,"62,113",100.0
경기도,화성시,소계,,"2,722,667.00","2,870,645.70","2,667,155.95",92.9,180.400,"711,844.00","820,732.50","763,005.00","11,988.53","736,287.39","4,198.51","10,530.57",83.590,"1,051,074.00","1,073,078.29","988,433.31","2,143.00","986,290.31",101.210,"959,749.00","976,834.91","915,717.64","113,442.19","797,191.83","4,028.26","1,055.36","2,525","23,192","20,197","11,214","43,435",6,737,"2,367,409",88.8
경기도,화성시,봉담읍,2035,"157,771.00","212,176.80","209,813.93",98.9,3.000,"6,300.00","57,081.00","57,081.00","5,937.00","49,656.00","1,240.00",248.00,3.300,"96,471.00","96,471.00","94,108.13",0.00,"94,108.13",7.120,"55,000.00","58,624.80","58,624.80","3,629.55","52,785.22","2,185.23",24.80,613,"2,112","1,425",818,"3,181",0,31,"185,000",88.2
경기도,화성시,우정읍,2035,"105,000.00","105,000.00","80,699.00",76.9,14.000,"2,000.00","2,000.00","1,212.89",47.00,848.00,0.00,317.89,8.100,"63,000.00","63,000.00","58,533.00",0.00,"58,533.00",8.100,"40,000.00","40,000.00","20,953.11",563.54,"20,071.68",0.00,317.89,26,"1,248",845,"1,351","2,007",0,11,"75,000",92.9
경기도,화성시,향남읍,2035,"252,861.00","253,862.32","248,743.04",98.0,2.000,"6,000.00","6,000.00","5,900.00",351.00,"3,914.00",166.00,"1,469.00",16.800,"106,861.00","106,861.00","101,841.72",0.00,"101,841.72",19.300,"140,000.00","141,001.32","141,001.32","17,225.72","122,256.87",811.81,706.92,138,"2,660","3,311","1,357","7,140",0,172,"248,743",100.0
경기도,화성시,남양읍,2035,"122,033.00","123,112.56","107,133.17",87.0,26.000,"18,000.00","18,000.00","17,385.61",471.61,"16,914.00",0.00,0.00,4.840,"54,033.00","54,033.00","38,668.00",0.00,"38,668.00",4.840,"50,000.00","51,079.56","51,079.56","3,183.98","47,895.58",0.00,0.00,29,846,"1,443",215,"2,604",0,27,"90,000",84.0
경기도,화성시,매송면,2035,"41,078.00","41,357.82","24,273.98",58.7,9.000,"7,500.00","7,500.00","6,635.37",257.20,"6,378.17",0.00,0.00,3.720,"4,500.00","4,779.82","4,779.82",0.00,"4,779.82",3.720,"29,078.00","29,078.00","12,858.79",496.51,"12,362.28",0.00,0.00,6,192,326,349,459,0,13,"22,300",91.9
경기도,화성시,비봉면,2035,"50,455.00","50,455.00","38,773.23",76.8,12.000,"24,684.00","24,684.00","14,074.16",210.45,"13,863.71",0.00,0.00,3.420,"4,500.00","4,500.00","3,780.22",0.00,"3,780.22",3.420,"21,271.00","21,271.00","20,918.85",249.56,"20,669.29",0.00,0.00,2,209,587,408,785,0,30,"25,000",64.5
경기도,화성시,마도면,2035,"188,315.33","189,591.04","179,061.16",94.4,16.000,"56,000.00","56,000.00","54,675.43",95.00,"54,580.43",0.00,0.00,3.390,"72,315.33","72,315.33","63,110.02",0.00,"63,110.02",3.390,"60,000.00","61,275.71","61,275.71","3,872.93","57,402.78",0.00,0.00,0,"1,318","1,020",407,"2,464",0,40,"176,000",98.3
경기도,화성시,송산면,2035,"78,653.00","78,653.00","59,115.45",75.2,21.000,"1,500.00","1,500.00",297.58,71.58,226.00,0.00,0.00,2.250,"42,153.00","42,153.00","25,628.03",0.00,"25,628.03",2.250,"35,000.00","35,000.00","33,189.84","1,877.58","31,312.26",0.00,0.00,8,411,893,478,"1,491",0,22,"58,835",99.5
경기도,화성시,서신면,2035,"112,402.67","121,830.41","120,987.10",99.3,19.000,"1,134.00","1,134.00",290.69,0.00,290.69,0.00,0.00,0.850,"61,268.67","68,488.47","68,488.47",0.00,"68,488.47",0.850,"50,000.00","52,207.94","52,207.94","4,996.17","47,206.02",0.00,5.75,224,"1,580","1,073",724,"2,973",0,63,"120,987",100.0
경기도,화성시,팔탄면,2035,"96,600.00","102,177.27","102,064.29",99.9,14.000,"3,600.00","3,600.00","3,487.02",113.27,"3,012.75",37.00,324.00,3.970,"63,000.00","66,608.34","66,608.34",0.00,"66,608.34",3.970,"30,000.00","31,968.93","31,968.93",500.67,"31,468.26",0.00,0.00,104,"1,474",860,925,816,0,36,"102,064",100.0
경기도,화성시,장안면,2035,"93,376.00","102,692.69","102,692.69",100.0,25.000,900.00,924.28,924.28,0.00,924.28,0.00,0.00,2.070,"42,476.00","49,624.63","49,624.63",0.00,"49,624.63",2.070,"50,000.00","52,143.78","52,143.78","2,862.39","49,200.88",80.51,0.00,44,"1,083","1,150",446,"1,369",0,30,"102,693",100.0
경기도,화성시,양감면,2035,"57,500.00","57,500.00","51,146.28",89.0,12.000,"2,500.00","2,500.00","1,724.80",26.54,"1,396.26",302.00,0.00,3.100,"30,000.00","30,000.00","26,588.21",0.00,"26,588.21",0.150,"25,000.00","25,000.00","22,833.27","1,677.10","21,156.17",0.00,0.00,33,774,587,580,411,0,80,"51,099",99.9
경기도,화성시,정남면,2035,"128,000.00","128,000.00","124,136.54",97.0,2.000,"10,000.00","10,000.00","8,507.30",189.38,"2,324.24",966.00,"5,027.68",14.430,"83,000.00","83,000.00","81,961.87",0.00,"81,961.87",10.580,"35,000.00","35,000.00","33,667.37","1,115.88","32,551.49",0.00,0.00,401,"1,912",547,"1,003",797,0,50,"124,137",100.0
경기도,화성시,새솔동,2035,0.00,0.00,0.00,0.0,0.000,0.00,0.00,0.00,0.00,0.00,0.00,0.00,0.000,0.00,0.00,0.00,0.00,0.00,0.000,0.00,0.00,0.00,0.00,0.00,0.00,0.00,0,0,0,0,0,0,0,0,0.0
경기도,화성시,진안동,2035,"90,050.00","90,050.00","83,772.39",93.0,1.000,"10,050.00","10,050.00","7,783.13",848.22,"5,354.91",447.00,"1,133.00",1.600,"45,000.00","45,000.00","42,720.43",0.00,"42,720.43",2.820,"35,000.00","35,000.00","33,268.83",968.71,"32,300.12",0.00,0.00,181,"1,054",819,371,"2,183",0,15,"83,773",100.0
경기도,화성시,병점1동,2035,"23,626.00","23,844.39","21,151.43",88.7,0.300,"3,000.00","3,000.00","1,878.04",488.68,"1,389.36",0.00,0.00,1.000,"12,000.00","12,000.00","10,429.00",0.00,"10,429.00",1.530,"8,626.00","8,844.39","8,844.39",487.70,"8,356.69",0.00,0.00,164,245,231,49,721,0,4,"21,152",100.0
경기도,화성시,병점2동,2035,"24,511.00","24,511.00","20,609.21",84.1,0.200,"2,311.00","2,311.00",151.50,91.80,39.70,6.00,14.00,0.700,"7,200.00","7,200.00","6,503.00",0.00,"6,503.00",1.410,"15,000.00","15,000.00","13,954.71","3,887.00","10,067.71",0.00,0.00,0,167,227,16,668,0,1,"17,571",85.3
경기도,화성시,반월동,2035,"43,667.00","45,865.75","42,203.71",92.0,0.700,"8,000.00","8,000.00","5,504.73","1,242.29","3,243.44",227.00,792.00,1.400,"15,667.00","17,865.75","17,865.75",0.00,"17,865.75",3.760,"20,000.00","20,000.00","18,833.23","2,372.66","16,460.57",0.00,0.00,107,480,455,318,846,0,4,"41,294",97.8
경기도,화성시,기배동,2035,"46,058.00","47,177.22","43,168.49",91.5,1.000,"8,365.00","9,484.22","9,484.22","1,547.51","5,924.20",807.51,"1,205.00",1.100,"21,049.00","21,049.00","18,205.69",0.00,"18,205.69",2.820,"16,644.00","16,644.00","15,478.58","2,525.22","12,122.79",830.57,0.00,152,536,304,343,913,0,18,"38,783",89.8
경기도,화성시,화산동,2035,"208,774.00","210,926.21","190,969.46",90.5,0.200,"140,000.00","140,000.00","120,043.25",0.00,"120,043.25",0.00,0.00,1.700,"42,000.00","43,548.95","43,548.95",0.00,"43,548.95",8.470,"26,774.00","27,377.26","27,377.26","4,872.55","22,384.57",120.14,0.00,293,"1,015",541,464,"1,229",0,9,"175,000",91.6
경기도,화성시,동탄1동,2035,"210,000.00","210,000.00","190,979.64",90.9,0.500,"120,000.00","120,000.00","110,000.00",0.00,"110,000.00",0.00,0.00,1.800,"40,000.00","40,000.00","31,319.54",0.00,"31,319.54",6.330,"50,000.00","50,000.00","49,660.10","3,719.18","45,940.92",0.00,0.00,0,818,"1,138",16,"2,966",5,46,"160,000",83.8
경기도,화성시,동탄2동,2035,"147,755.00","150,615.27","143,193.27",95.1,0.200,"100,000.00","100,964.00","100,964.00",0.00,"100,964.00",0.00,0.00,1.300,"25,399.00","25,399.00","17,977.00",0.00,"17,977.00",2.190,"22,356.00","24,252.27","24,252.27","6,180.00","18,072.27",0.00,0.00,0,494,440,0,"1,468",0,1,"120,000",83.8
경기도,화성시,동탄3동,2035,"141,000.00","141,000.00","128,963.17",91.5,0.100,"90,000.00","90,000.00","89,000.00",0.00,"89,000.00",0.00,0.00,1.300,"21,000.00","21,000.00","18,600.25",0.00,"18,600.25",2.120,"30,000.00","30,000.00","21,362.92","3,088.80","18,274.12",0.00,0.00,0,445,541,14,"1,416",0,0,"120,000",93.0
경기도,화성시,동탄4동,2035,"119,500.00","120,500.00","117,332.74",97.4,1.200,"90,000.00","91,000.00","91,000.00",0.00,"91,000.00",0.00,0.00,1.450,"9,500.00","9,500.00","8,862.24",0.00,"8,862.24",0.000,"20,000.00","20,000.00","17,470.50","3,088.79","14,381.71",0.00,0.00,0,194,325,1,"1,060",1,5,"100,000",85.2
경기도,화성시,동탄5동,2035,"92,538.00","117,538.00","113,963.63",97.0,0.000,0.00,"25,000.00","25,000.00",0.00,"25,000.00",0.00,0.00,0.000,"47,538.00","47,538.00","47,538.00","1,000.00","46,538.00",0.000,"45,000.00","45,000.00","41,425.63","20,000.00","21,425.63",0.00,0.00,0,"1,000",609,281,"1,800",0,17,"46,330",40.7
경기도,화성시,동탄6동,2035,"91,143.00","122,208.95","122,208.95",100.0,0.000,0.00,"30,000.00","30,000.00",0.00,"30,000.00",0.00,0.00,0.000,"41,143.00","41,143.00","41,143.00","1,143.00","40,000.00",0.000,"50,000.00","51,065.95","51,065.95","20,000.00","31,065.95",0.00,0.00,0,925,500,280,"1,668",0,12,"61,645",50.4
경기도,화성시,동탄7동,2035,0.00,0.00,0.00,0.0,0.000,0.00,0.00,0.00,0.00,0.00,0.00,0.00,0.000,0.00,0.00,0.00,0.00,0.00,0.000,0.00,0.00,0.00,0.00,0.00,0.00,0.00,0,0,0,0,0,0,0,0,0.0
경기도,화성시,동탄8동,2035,0.00,0.00,0.00,0.0,0.000,0.00,0.00,0.00,0.00,0.00,0.00,0.00,0.000,0.00,0.00,0.00,0.00,0.00,0.000,0.00,0.00,0.00,0.00,0.00,0.00,0.00,0,0,0,0,0,0,0,0,0.0
경기도,광주시,소계,,"1,609,965.00","1,609,965.00","1,609,965.00",100.0,0.000,"4,006.25","4,006.25","4,006.25",221.61,"3,702.27",2.23,80.14,71.340,"894,454.76","894,454.76","894,454.76",91.21,"894,363.55",34.000,"711,503.99","711,503.99","711,503.99","63,448.83","615,678.19","29,910.79","2,466.18",77,"20,800","16,938","15,662","15,700",2,"2,250","1,355,127",84.2
경기도,광주시,오포읍,2035,"333,110.45","333,110.45","333,110.45",100.0,0.000,0.00,0.00,0.00,0.00,0.00,0.00,0.00,17.050,"170,430.98","170,430.98","170,430.98",0.00,"170,430.98",10.000,"162,679.47","162,679.47","162,679.47","14,224.95","139,172.70","8,778.46",503.36,0,"4,647","4,491","4,032","3,522",0,448,"308,162",92.5
경기도,광주시,초월읍,2035,"253,566.57","253,566.57","253,566.57",100.0,0.000,784.53,784.53,784.53,38.70,743.60,2.23,0.00,8.140,"136,361.58","136,361.58","136,361.58",5.99,"136,355.59",3.000,"116,420.46","116,420.46","116,420.46","8,725.49","101,242.71","6,151.49",300.77,12,"3,471","3,187","2,472","2,754",0,384,"242,578",95.7
경기도,광주시,곤지암읍,2035,"224,159.77","224,159.77","224,159.77",100.0,0.000,"1,479.22","1,479.22","1,479.22",182.91,"1,216.17",0.00,80.14,16.830,"135,177.29","135,177.29","135,177.29",0.00,"135,177.29",6.000,"87,503.26","87,503.26","87,503.26","6,170.67","78,305.95","2,797.36",229.28,17,"3,424","2,323","1,772","1,920",1,491,"210,380",93.9
경기도,광주시,도척면,2035,"144,121.42","144,121.42","144,121.42",100.0,0.000,405.03,405.03,405.03,0.00,405.03,0.00,0.00,3.010,"93,832.41","93,832.41","93,832.41",62.43,"93,769.98",2.000,"49,883.98","49,883.98","49,883.98","2,038.95","45,398.79","2,329.55",116.69,20,"2,440","1,215","1,234","1,326",0,36,"136,571",94.8
경기도,광주시,퇴촌면,2035,"113,001.72","113,001.72","113,001.72",100.0,0.000,437.84,437.84,437.84,0.00,437.84,0.00,0.00,4.530,"76,793.10","76,793.10","76,793.10",0.00,"76,793.10",2.000,"35,770.78","35,770.78","35,770.78","1,946.65","31,701.64","2,088.42",34.07,6,"1,850",960,933,914,0,140,"104,200",92.2
경기도,광주시,남종면,2035,"46,675.95","46,675.95","46,675.95",100.0,0.000,0.00,0.00,0.00,0.00,0.00,0.00,0.00,3.340,"32,459.93","32,459.93","32,459.93",0.00,"32,459.93",1.000,"14,216.02","14,216.02","14,216.02","1,465.27","10,771.82","1,901.54",77.39,0,703,362,614,314,0,141,"47,712",102.2
경기도,광주시,남한산성면,2035,"60,453.16","60,453.16","60,453.16",100.0,0.000,0.00,0.00,0.00,0.00,0.00,0.00,0.00,5.350,"39,605.89","39,605.89","39,605.89",0.00,"39,605.89",1.000,"20,847.27","20,847.27","20,847.27","2,037.07","16,812.52","1,974.01",23.67,0,"1,010",565,939,297,0,144,"59,957",99.2
경기도,광주시,경안동,2035,"109,664.63","109,664.63","109,664.63",100.0,0.000,0.00,0.00,0.00,0.00,0.00,0.00,0.00,5.060,"49,559.93","49,559.93","49,559.93",0.00,"49,559.93",6.000,"60,104.70","60,104.70","60,104.70","12,566.15","46,108.49",601.76,828.30,0,"1,347","1,659","2,013","2,536",0,223,"106,030",96.7
경기도,광주시,송정동,2035,"142,751.85","142,751.85","142,751.85",100.0,0.000,899.63,899.63,899.63,0.00,899.63,0.00,0.00,8.030,"69,386.26","69,386.26","69,386.26",22.79,"69,363.47",3.000,"72,465.96","72,465.96","72,465.96","7,195.20","63,430.98","1,525.26",314.52,22,"1,908","2,176","1,653","2,117",1,243,"139,537",97.7
경기도,광주시,쌍령동,2035,0.00,0.00,0.00,0.0,0.000,0.00,0.00,0.00,0.00,0.00,0.00,0.00,0.000,0.00,0.00,0.00,0.00,0.00,0.000,0.00,0.00,0.00,0.00,0.00,0.00,0.00,0,0,0,0,0,0,0,0,0.0
경기도,광주시,탄벌동,2035,0.00,0.00,0.00,0.0,0.000,0.00,0.00,0.00,0.00,0.00,0.00,0.00,0.000,0.00,0.00,0.00,0.00,0.00,0.000,0.00,0.00,0.00,0.00,0.00,0.00,0.00,0,0,0,0,0,0,0,0,0.0
경기도,광주시,광남1동,2035,"124,948.66","124,948.66","124,948.66",100.0,0.000,0.00,0.00,0.00,0.00,0.00,0.00,0.00,0.000,"62,444.85","62,444.85","62,444.85",0.00,"62,444.85",0.000,"62,503.81","62,503.81","62,503.81","3,644.01","57,062.85","1,758.82",38.13,0,0,0,0,0,0,0,0,0.0
경기도,광주시,광남2동,2035,"57,510.82","57,510.82","57,510.82",100.0,0.000,0.00,0.00,0.00,0.00,0.00,0.00,0.00,0.000,"28,402.54","28,402.54","28,402.54",0.00,"28,402.54",0.000,"29,108.28","29,108.28","29,108.28","3,434.42","25,669.74",4.12,0.00,0,0,0,0,0,0,0,0,0.0
경기도,양주시,소계,,"490,751.84","990,110.07","905,353.80",91.4,0.000,0.00,"260,230.28","260,230.28","10,597.79","232,585.96",0.00,"17,046.53",81.510,"411,086.16","411,086.16","341,086.16",352.26,"340,733.90",81.510,"79,665.68","318,793.63","304,037.36","29,773.80","253,107.40","1,000.56","20,155.60","2,412","11,793","7,556","7,613","7,613",20,706,"905,353",100.0
경기도,양주시,백석읍,2035,"65,429.64","109,544.17","84,672.08",77.3,0.000,0.00,"44,114.53","44,114.53","1,207.73","38,822.17",0.00,"4,084.63",9.790,"40,637.14","40,637.14","20,637.14",0.00,"20,637.14",9.790,"24,792.50","24,792.50","19,920.41","1,860.85","17,632.97",11.48,415.11,741,808,553,509,509,5,63,"84,672",100.0
경기도,양주시,은현면,2035,"77,239.50","128,243.24","78,243.24",61.0,0.000,0.00,"46,968.97","46,968.97","5,312.13","35,717.21",0.00,"5,939.63",9.160,"67,922.19","67,922.19","17,922.19",0.00,"17,922.19",9.160,"9,317.31","13,352.08","13,352.08",485.32,"11,938.38",0.00,928.38,439,"1,026",423,465,465,1,81,"78,243",100.0
경기도,양주시,남면,2035,"31,350.68","72,663.06","72,663.06",100.0,0.000,0.00,"21,522.21","21,522.21","1,130.70","18,648.59",0.00,"1,742.92",3.890,"23,291.76","23,291.76","23,291.76",352.26,"22,939.50",3.890,"8,058.92","27,849.09","27,849.09","2,783.06","20,542.16",26.00,"4,497.87",167,884,611,362,362,2,73,"72,663",100.0
경기도,양주시,광적면,2035,"77,722.73","113,908.79","104,024.61",91.3,0.000,0.00,"36,186.06","36,186.06",298.20,"33,619.86",0.00,"2,268.00",8.300,"56,970.79","56,970.79","56,970.79",0.00,"56,970.79",8.300,"20,751.94","20,751.94","10,867.76",166.78,"10,251.97",0.00,449.01,518,"1,694",277,366,366,8,59,"104,024",100.0
경기도,양주시,장흥면,2035,"45,119.43","114,661.51","114,661.51",100.0,0.000,0.00,"23,159.36","23,159.36",0.00,"23,159.36",0.00,0.00,16.450,"44,919.73","44,919.73","44,919.73",0.00,"44,919.73",16.450,199.70,"46,582.42","46,582.42","3,988.50","37,749.26",0.00,"4,844.66",0,"1,676","1,361","1,345","1,345",0,144,"114,661",100.0
경기도,양주시,양주1동,2035,"19,187.77","61,094.02","61,094.02",100.0,0.000,0.00,"15,566.88","15,566.88",0.00,"15,566.88",0.00,0.00,5.340,"19,187.77","19,187.77","19,187.77",0.00,"19,187.77",5.340,0.00,"26,339.37","26,339.37","1,663.22","21,620.63",963.08,"2,092.44",0,746,701,773,773,0,67,"61,094",100.0
경기도,양주시,양주2동,2035,"42,543.29","88,442.83","88,442.83",100.0,0.000,0.00,"8,502.53","8,502.53",80.20,"8,422.33",0.00,0.00,6.170,"41,518.49","41,518.49","41,518.49",0.00,"41,518.49",6.170,"1,024.80","38,421.81","38,421.81","3,578.49","31,416.40",0.00,"3,426.92",37,"1,330",878,788,788,0,71,"88,442",100.0
경기도,양주시,회천1동,2035,"24,471.85","59,240.19","59,240.19",100.0,0.000,0.00,"17,686.14","17,686.14",821.98,"15,901.04",0.00,963.12,5.480,"18,986.87","18,986.87","18,986.87",0.00,"18,986.87",5.480,"5,484.98","22,567.18","22,567.18",742.12,"21,151.59",0.00,673.47,196,710,649,917,917,2,40,"59,240",100.0
경기도,양주시,회천2동,2035,"37,637.17","73,274.81","73,274.81",100.0,0.000,0.00,"14,108.13","14,108.13",563.60,"13,544.53",0.00,0.00,5.160,"32,413.54","32,413.54","32,413.54",0.00,"32,413.54",5.160,"5,223.63","26,753.14","26,753.14",911.49,"23,758.66",0.00,"2,082.99",164,"1,021",696,"1,489","1,489",2,67,"73,274",100.0
경기도,양주시,회천3동,2035,"14,710.11","31,568.04","31,568.04",100.0,0.000,0.00,"5,609.53","5,609.53",0.00,"5,609.53",0.00,0.00,1.100,"13,050.91","13,050.91","13,050.91",0.00,"13,050.91",1.100,"1,659.20","12,907.60","12,907.60","2,867.77","9,483.80",0.00,556.03,26,405,296,439,439,0,7,"31,568",100.0
경기도,양주시,회천4동,2035,"55,339.67","137,469.41","137,469.41",100.0,0.000,0.00,"26,805.94","26,805.94","1,183.25","23,574.46",0.00,"2,048.23",10.670,"52,186.97","52,186.97","52,186.97",0.00,"52,186.97",10.670,"3,152.70","58,476.50","58,476.50","10,726.20","47,561.58",0.00,188.72,124,"1,493","1,111",160,160,0,34,"137,469",100.0
경기도,포천시,소계,,"1,807,633.00","1,897,530.00","1,488,345.00",78.4,7.300,"309,837.00","371,340.00","371,117.00","15,648.00","262,750.00","69,591.00","23,128.00",78.060,"917,159.00","929,963.00","632,073.00",0.00,"632,073.00",78.060,"580,637.00","596,227.00","485,155.00","25,266.00","373,351.00","36,602.00","49,936.00","7,946","13,485","8,535","60,413","58,145",32,385,"1,354,822",91.0
경기도,포천시,소흘읍,2035,"296,802.00","308,272.00","203,236.00",65.9,2.300,"37,502.00","48,972.00","48,972.00","3,282.00","41,440.00","2,425.00","1,825.00",10.650,"174,335.00","174,335.00","83,874.00",0.00,"83,874.00",10.650,"84,965.00","84,965.00","70,390.00","5,448.00","58,304.00","4,089.00","2,549.00","1,048","1,796","1,365","14,545","14,545",8,57,"192,880",94.9
경기도,포천시,군내면,2035,"127,536.00","127,536.00","113,926.00",89.3,0.000,"28,378.00","28,378.00","28,378.00",355.00,"21,143.00","5,613.00","1,267.00",5.380,"50,066.00","50,066.00","37,111.00",0.00,"37,111.00",5.380,"49,092.00","49,092.00","48,437.00","3,813.00","40,644.00",338.00,"3,642.00",608,809,952,"2,377","2,027",0,29,"103,642",91.0
경기도,포천시,내촌면,2035,"189,099.00","201,869.00","111,178.00",55.1,0.000,"15,939.00","28,709.00","28,709.00",569.00,"24,194.00","2,569.00","1,377.00",6.630,"92,386.00","92,386.00","47,856.00",0.00,"47,856.00",6.630,"80,774.00","80,774.00","34,613.00",882.00,"29,672.00","1,499.00","2,560.00",615,"1,012",654,"2,200","1,959",0,57,"102,352",92.1
경기도,포천시,가산면,2035,"189,108.00","189,108.00","127,300.00",67.3,0.000,"46,951.00","46,951.00","46,951.00",868.00,"42,172.00","2,141.00","1,770.00",9.210,"87,670.00","87,670.00","38,909.00",0.00,"38,909.00",9.210,"54,487.00","54,487.00","41,440.00","1,983.00","27,863.00","3,955.00","7,639.00","1,005",816,639,"3,352","3,258",0,27,"108,444",85.2
경기도,포천시,신북면,2035,"129,799.00","158,625.00","132,943.00",83.8,0.000,"21,434.00","46,844.00","46,844.00","2,223.00","34,926.00","5,519.00","4,176.00",7.570,"85,222.00","85,222.00","59,540.00",0.00,"59,540.00",7.570,"23,143.00","26,559.00","26,559.00","1,454.00","19,359.00","3,308.00","2,438.00","1,003","1,268",446,"10,585","10,466",0,48,"124,776",93.9
경기도,포천시,창수면,2035,"42,761.00","42,761.00","42,100.00",98.5,0.300,"15,645.00","15,645.00","15,644.00",756.00,"9,024.00","5,639.00",225.00,2.100,"16,331.00","16,331.00","15,677.00",0.00,"15,677.00",2.100,"10,785.00","10,785.00","10,779.00",234.00,"9,288.00",154.00,"1,103.00",335,295,204,394,68,0,1,"32,475",77.1
경기도,포천시,영중면,2035,"104,697.00","124,001.00","120,447.00",97.1,3.200,"18,031.00","24,531.00","24,531.00","1,281.00","15,520.00","5,620.00","2,110.00",0.220,"49,712.00","62,516.00","62,516.00",0.00,"62,516.00",0.220,"36,954.00","36,954.00","33,400.00","1,795.00","19,181.00","6,722.00","5,702.00",525,"1,334",449,"1,969","1,657",5,32,"109,088",90.6
경기도,포천시,일동면,2035,"115,364.00","115,364.00","105,348.00",91.3,0.000,"7,365.00","7,365.00","7,365.00",468.00,"3,069.00","3,531.00",297.00,5.550,"67,519.00","67,519.00","62,754.00",0.00,"62,754.00",5.550,"40,480.00","40,480.00","35,229.00","1,389.00","27,484.00","3,684.00","2,672.00",158,"1,351",618,"4,798","4,429",0,37,"100,193",95.1
경기도,포천시,이동면,2035,"143,417.00","143,417.00","119,192.00",83.1,0.000,"2,705.00","2,705.00","2,705.00",72.00,773.00,760.00,"1,100.00",10.290,"75,280.00","75,280.00","63,922.00",0.00,"63,922.00",10.290,"65,432.00","65,432.00","52,565.00","2,452.00","31,093.00","4,846.00","14,174.00",58,"1,372",718,"3,269","3,246",0,38,"110,034",92.3
경기도,포천시,영북면,2035,"123,898.00","129,029.00","118,000.00",91.5,0.100,"41,795.00","46,926.00","46,926.00","2,208.00","28,164.00","13,705.00","2,849.00",5.590,"53,362.00","53,362.00","48,913.00",0.00,"48,913.00",5.590,"28,741.00","28,741.00","22,161.00","2,208.00","15,046.00","2,723.00","2,184.00","1,005","1,047",369,"3,576","3,576",1,13,"95,040",80.5
경기도,포천시,관인면,2035,"62,324.00","62,324.00","50,296.00",80.7,0.000,"10,531.00","10,531.00","10,531.00",18.00,"1,000.00","8,181.00","1,332.00",1.390,"20,356.00","20,356.00","16,393.00",0.00,"16,393.00",1.390,"31,437.00","31,437.00","23,372.00","1,650.00","17,259.00","3,350.00","1,113.00",225,351,405,"1,201","1,201",0,16,"50,296",100.0
경기도,포천시,화현면,2035,"41,953.00","41,953.00","21,155.00",50.4,0.000,"16,601.00","16,601.00","16,379.00",239.00,"10,229.00","5,634.00",277.00,2.400,"24,083.00","24,083.00","3,818.00",0.00,"3,818.00",2.400,"1,269.00","1,269.00",958.00,649.00,309.00,0.00,0.00,351,97,21,94,0,0,0,"17,743",83.9
경기도,포천시,포천동,2035,"134,757.00","141,772.00","121,812.00",85.9,1.400,"15,373.00","15,373.00","15,373.00","2,367.00","7,282.00","2,395.00","3,329.00",3.130,"69,236.00","69,236.00","49,276.00",0.00,"49,276.00",3.130,"50,148.00","57,163.00","57,163.00",164.00,"52,380.00","1,934.00","2,685.00",329,"1,052","1,125","11,123","10,828",10,22,"116,685",95.8
경기도,포천시,선단동,2035,"106,118.00","111,499.00","101,412.00",91.0,0.000,"31,587.00","31,809.00","31,809.00",942.00,"23,814.00","5,859.00","1,194.00",7.950,"51,601.00","51,601.00","41,514.00",0.00,"41,514.00",7.950,"22,930.00","28,089.00","28,089.00","1,145.00","25,469.00",0.00,"1,475.00",681,885,570,930,885,8,8,"91,174",89.9
경기도,여주시,소계,,"714,815.50","761,392.40","581,184.00",76.3,0.000,0.00,"6,143.00","6,143.00","6,143.00",0.00,0.00,0.00,11.890,"629,720.30","643,390.00","466,427.00","466,427.00",0.00,11.890,"85,095.20","111,859.40","108,614.00","8,490.00","87,748.00","3,318.00","9,058.00",127,"6,532","1,584","12,516",0,10,10,"402,888",69.3
경기도,여주시,가남읍,2020,"93,836.00","95,200.00","95,200.00",100.0,0.000,0.00,"1,364.00","1,364.00","1,364.00",0.00,0.00,0.00,1.640,"75,982.00","75,982.00","75,982.00","75,982.00",0.00,1.640,"17,854.00","17,854.00","17,854.00","2,056.00","14,088.00",300.00,"1,410.00",28,723,175,"1,118",0,0,0,"72,691",76.4
경기도,여주시,점동면,2020,"43,104.00","47,222.00","33,016.00",69.9,0.000,0.00,0.00,0.00,0.00,0.00,0.00,0.00,0.530,"42,836.00","42,836.00","28,630.00","28,630.00",0.00,0.530,268.00,"4,386.00","4,386.00",0.00,"4,386.00",0.00,0.00,0,261,63,657,0,0,0,"27,630",83.7
경기도,여주시,흥천면,2020,"62,616.40","62,616.40","33,980.00",54.3,0.000,0.00,0.00,0.00,0.00,0.00,0.00,0.00,0.780,"60,610.00","60,610.00","32,151.00","32,151.00",0.00,0.780,"2,006.40","2,006.40","1,829.00",53.00,"1,776.00",0.00,0.00,0,336,81,962,0,0,0,"31,151",91.7
경기도,여주시,금사면,2020,"58,671.00","58,826.00","40,160.00",68.3,0.000,0.00,155.00,155.00,155.00,0.00,0.00,0.00,0.710,"50,092.00","50,092.00","31,426.00","31,426.00",0.00,0.710,"8,579.00","8,579.00","8,579.00","1,294.00","5,087.00",725.00,"1,473.00",3,687,166,764,0,0,0,"30,581",76.1
경기도,여주시,능서면,2020,"68,116.00","68,188.00","58,535.00",85.8,0.000,0.00,72.00,72.00,72.00,0.00,0.00,0.00,0.650,"65,504.00","65,504.00","56,004.00","56,004.00",0.00,0.650,"2,612.00","2,612.00","2,459.00",382.00,"1,550.00",0.00,527.00,2,116,28,768,0,0,0,"20,954",35.8
경기도,여주시,대신면,2020,"75,923.00","75,923.00","50,245.00",66.2,0.000,0.00,0.00,0.00,0.00,0.00,0.00,0.00,1.070,"65,934.00","65,934.00","43,171.00","43,171.00",0.00,1.070,"9,989.00","9,989.00","7,074.00",713.00,"5,450.00",330.00,581.00,0,678,164,"1,396",0,0,0,"34,026",67.7
경기도,여주시,북내면,2020,"59,981.00","63,249.00","39,376.00",62.3,0.000,0.00,"3,268.00","3,268.00","3,268.00",0.00,0.00,0.00,0.400,"58,706.00","58,706.00","34,833.00","34,833.00",0.00,0.400,"1,275.00","1,275.00","1,275.00",0.00,226.00,150.00,899.00,66,837,203,470,0,0,0,"20,821",52.9
경기도,여주시,강천면,2020,"43,856.00","43,856.00","21,518.00",49.1,0.000,0.00,0.00,0.00,0.00,0.00,0.00,0.00,0.810,"42,914.00","42,914.00","20,576.00","20,576.00",0.00,0.810,942.00,942.00,942.00,0.00,192.00,750.00,0.00,0,97,24,575,0,0,0,"20,576",95.6
경기도,여주시,산북면,2020,"53,570.00","54,339.00","30,749.00",56.6,0.000,0.00,749.00,749.00,749.00,0.00,0.00,0.00,0.520,"46,311.00","46,311.00","22,721.00","22,721.00",0.00,0.520,"7,259.00","7,279.00","7,279.00",860.00,"5,660.00",115.00,644.00,15,479,116,619,0,0,0,"23,470",76.3
경기도,여주시,여흥동,2020,"44,765.00","59,614.00","46,046.00",77.2,0.000,0.00,112.00,112.00,112.00,0.00,0.00,0.00,2.760,"37,560.00","37,560.00","23,992.00","23,992.00",0.00,2.760,"7,205.00","21,942.00","21,942.00",658.00,"20,345.00",199.00,740.00,3,485,118,"1,354",0,2,2,"23,884",51.9
경기도,여주시,중앙동,2020,"69,858.90","78,929.00","78,929.00",100.0,0.000,0.00,268.00,268.00,268.00,0.00,0.00,0.00,1.370,"52,703.30","59,288.00","59,288.00","59,288.00",0.00,1.370,"17,155.60","19,373.00","19,373.00","1,566.00","15,571.00",474.00,"1,762.00",6,"1,157",280,"2,379",0,5,5,"59,556",75.5
경기도,여주시,오학동,2020,"40,518.20","53,430.00","53,430.00",100.0,0.000,0.00,155.00,155.00,155.00,0.00,0.00,0.00,0.650,"30,568.00","37,653.00","37,653.00","37,653.00",0.00,0.650,"9,950.20","15,622.00","15,622.00",908.00,"13,417.00",275.00,"1,022.00",4,676,166,"1,454",0,3,3,"37,548",70.3
경기도,군부,합계,,"2,464,849.00","2,507,937.00","1,905,167.30",76.0,669.000,"288,121.00","288,121.00","242,286.00","20,713.00","150,950.00","70,623.00",0.00,137.590,"1,769,177.00","1,799,871.00","1,440,677.00",0.00,"1,440,677.00",542.710,"407,551.00","419,945.00","222,204.30","18,168.00","188,529.00","11,385.00","4,122.30","10,525","37,466","10,546","121,112","74,118",53,46,"1,424,432",74.8
경기도,연천군,소계,,"728,166.00","756,492.00","580,057.00",76.7,669.000,"206,721.00","206,721.00","199,286.00","18,073.00","110,590.00","70,623.00",0.00,28.300,"372,625.00","398,967.00","300,970.00",0.00,"300,970.00",26.900,"148,820.00","150,804.00","79,801.00",260.00,"79,248.00",293.00,0.00,"10,525","8,054","7,464","86,178","72,489",21,2,"254,098",43.8
경기도,연천군,연천읍,2035,"147,124.00","147,124.00","111,724.00",75.9,82.800,"35,931.00","35,931.00","28,496.00","5,178.00","12,193.00","11,125.00",0.00,5.100,"71,103.00","71,103.00","61,942.00",0.00,"61,942.00",5.100,"40,090.00","40,090.00","21,286.00",0.00,"20,993.00",293.00,0.00,"1,220","1,285",828,"12,811","9,808",6,0,"75,834",67.9
경기도,연천군,전곡읍,2035,"173,078.00","173,078.00","118,814.00",68.6,49.200,"45,454.00","45,454.00","45,454.00","3,262.00","33,747.00","8,445.00",0.00,6.000,"92,094.00","92,094.00","52,160.00",0.00,"52,160.00",6.000,"35,530.00","35,530.00","21,200.00",0.00,"21,200.00",0.00,0.00,"2,763","1,546","2,052","16,586","11,538",9,0,"73,046",61.5
경기도,연천군,군남면,2035,"87,259.00","87,259.00","58,706.00",67.3,42.000,"21,758.00","21,758.00","21,758.00","1,789.00","13,376.00","6,593.00",0.00,5.000,"53,421.00","53,421.00","34,373.00",0.00,"34,373.00",3.600,"12,080.00","12,080.00","2,575.00",0.00,"2,575.00",0.00,0.00,"1,042",958,"1,156","6,554","5,817",0,1,"18,196",31.0
경기도,연천군,청산면,2035,"74,474.00","77,427.00","70,876.00",91.5,40.500,"24,874.00","24,874.00","24,874.00","1,544.00","16,656.00","6,674.00",0.00,3.200,"37,200.00","40,153.00","40,153.00",0.00,"40,153.00",3.200,"12,400.00","12,400.00","5,849.00",260.00,"5,589.00",0.00,0.00,"2,502",979,943,"6,617","4,964",0,0,"29,925",42.2
경기도,연천군,백학면,2035,"67,201.00","88,512.00","88,512.00",100.0,59.100,"23,417.00","23,417.00","23,417.00","2,067.00","11,358.00","9,992.00",0.00,2.300,"32,694.00","52,021.00","52,021.00",0.00,"52,021.00",2.300,"11,090.00","13,074.00","13,074.00",0.00,"13,074.00",0.00,0.00,"1,139","1,096","1,005","5,531","4,480",0,0,"15,499",17.5
경기도,연천군,미산면,2035,"35,319.00","35,319.00","27,156.00",76.9,39.900,"15,159.00","15,159.00","15,159.00",608.00,"5,344.00","9,207.00",0.00,1.400,"14,890.00","14,890.00","10,727.00",0.00,"10,727.00",1.400,"5,270.00","5,270.00","1,270.00",0.00,"1,270.00",0.00,0.00,375,341,449,"23,879","23,546",0,0,"10,305",37.9
경기도,연천군,왕징면,2035,"23,830.00","23,830.00","17,771.00",74.6,85.800,"10,524.00","10,524.00","10,524.00",903.00,"5,032.00","4,589.00",0.00,0.500,"6,506.00","6,506.00","5,337.00",0.00,"5,337.00",0.500,"6,800.00","6,800.00","1,910.00",0.00,"1,910.00",0.00,0.00,231,494,416,"1,826","1,588",0,0,"4,794",27.0
경기도,연천군,신서면,2035,"91,353.00","91,353.00","56,301.00",61.6,128.200,"15,556.00","15,556.00","15,556.00","1,955.00","6,710.00","6,891.00",0.00,3.800,"54,737.00","54,737.00","30,275.00",0.00,"30,275.00",3.800,"21,060.00","21,060.00","10,470.00",0.00,"10,470.00",0.00,0.00,808,854,489,"7,437","6,080",6,1,"19,558",34.7
경기도,연천군,중면,2035,"4,611.00","4,611.00","3,551.00",77.0,88.300,"1,771.00","1,771.00","1,771.00",254.00,449.00,"1,068.00",0.00,0.200,"1,840.00","1,840.00","1,780.00",0.00,"1,780.00",0.200,"1,000.00","1,000.00",0.00,0.00,0.00,0.00,0.00,56,26,68,"3,074","3,074",0,0,703,19.8
경기도,연천군,장남면,2035,"23,917.00","27,979.00","26,646.00",95.2,53.200,"12,277.00","12,277.00","12,277.00",513.00,"5,725.00","6,039.00",0.00,0.800,"8,140.00","12,202.00","12,202.00",0.00,"12,202.00",0.800,"3,500.00","3,500.00","2,167.00",0.00,"2,167.00",0.00,0.00,389,475,58,"1,863","1,594",0,0,"6,238",23.4
경기도,가평군,소계,,"727,092.00","738,520.00","558,512.30",75.6,0.000,0.00,0.00,0.00,0.00,0.00,0.00,0.00,48.940,"544,656.00","545,674.00","426,094.00",0.00,"426,094.00",455.460,"182,436.00","192,846.00","132,418.30","17,830.00","99,374.00","11,092.00","4,122.30",0,"10,439","3,082","13,895","1,629",0,0,"477,943",85.6
경기도,가평군,가평읍,2035,"183,827.00","183,827.00","175,510.00",95.5,0.000,0.00,0.00,0.00,0.00,0.00,0.00,0.00,12.940,"125,100.00","125,100.00","123,924.00",0.00,"123,924.00",80.120,"58,727.00","58,727.00","51,586.00","8,069.00","36,207.00","4,875.00","2,435.00",0,"3,020","1,448","5,924",755,0,0,"152,190",86.7
경기도,가평군,설악면,2035,"111,107.00","111,107.00","64,468.00",58.0,0.000,0.00,0.00,0.00,0.00,0.00,0.00,0.00,9.190,"84,979.00","84,979.00","54,230.00",0.00,"54,230.00",86.410,"26,128.00","26,128.00","10,238.00",463.00,"8,786.00",618.00,371.00,0,"2,394",222,"1,967",292,0,0,"63,629",98.7
경기도,가평군,청평면,2035,"155,894.00","155,894.00","126,805.00",81.3,0.000,0.00,0.00,0.00,0.00,0.00,0.00,0.00,10.400,"110,097.00","110,097.00","90,949.00",0.00,"90,949.00",169.100,"45,797.00","45,797.00","35,856.00","2,979.00","30,005.00","2,450.00",422.00,0,"1,736",798,"3,542",81,0,0,"122,671",96.7
경기도,가평군,상면,2035,"85,785.00","86,803.00","70,965.30",81.8,0.000,0.00,0.00,0.00,0.00,0.00,0.00,0.00,6.900,"62,439.00","63,457.00","63,457.00",0.00,"63,457.00",44.600,"23,346.00","23,346.00","7,508.30","1,476.00","5,313.00",533.00,186.30,0,"1,477",131,"1,293",153,0,0,"49,593",69.9
경기도,가평군,조종면,2035,"81,961.00","92,371.00","62,247.00",67.4,0.000,0.00,0.00,0.00,0.00,0.00,0.00,0.00,4.910,"71,519.00","71,519.00","41,395.00",0.00,"41,395.00",24.500,"10,442.00","20,852.00","20,852.00","3,658.00","15,005.00","1,683.00",506.00,0,"1,189",380,255,337,0,0,"57,853",92.9
경기도,가평군,북면,2035,"108,518.00","108,518.00","58,517.00",53.9,0.000,0.00,0.00,0.00,0.00,0.00,0.00,0.00,4.600,"90,522.00","90,522.00","52,139.00",0.00,"52,139.00",50.730,"17,996.00","17,996.00","6,378.00","1,185.00","4,058.00",933.00,202.00,0,623,103,914,11,0,0,"32,007",54.7
경기도,양평군,소계,,"1,009,591.00","1,012,925.00","766,598.00",75.7,0.000,"81,400.00","81,400.00","43,000.00","2,640.00","40,360.00",0.00,0.00,60.350,"851,896.00","855,230.00","713,613.00",0.00,"713,613.00",60.350,"76,295.00","76,295.00","9,985.00",78.00,"9,907.00",0.00,0.00,0,"18,973",0,"21,039",0,32,44,"692,391",90.3
경기도,양평군,양평읍,2030,"179,523.00","179,523.00","165,678.00",92.3,0.000,"18,200.00","18,200.00","18,200.00","1,000.00","17,200.00",0.00,0.00,10.910,"151,323.00","151,323.00","144,135.00",0.00,"144,135.00",10.910,"10,000.00","10,000.00","3,343.00",46.00,"3,297.00",0.00,0.00,0,"4,529",0,"3,364",0,14,5,"149,093",90.0
경기도,양평군,강상면,2030,"98,840.00","98,840.00","56,934.00",57.6,0.000,0.00,0.00,0.00,0.00,0.00,0.00,0.00,6.630,"91,740.00","91,740.00","56,934.00",0.00,"56,934.00",6.630,"7,100.00","7,100.00",0.00,0.00,0.00,0.00,0.00,0,"1,164",0,932,0,0,2,"56,864",99.9
경기도,양평군,강하면,2030,"96,071.00","96,071.00","79,415.00",82.7,0.000,0.00,0.00,0.00,0.00,0.00,0.00,0.00,4.300,"88,371.00","88,371.00","79,415.00",0.00,"79,415.00",4.300,"7,700.00","7,700.00",0.00,0.00,0.00,0.00,0.00,0,"1,797",0,"1,229",0,0,3,"69,890",88.0
경기도,양평군,양서면,2030,"109,769.00","109,769.00","82,751.00",75.4,0.000,"14,800.00","14,800.00","14,800.00",580.00,"14,220.00",0.00,0.00,4.140,"82,590.00","82,590.00","67,951.00",0.00,"67,951.00",4.140,"12,379.00","12,379.00",0.00,0.00,0.00,0.00,0.00,0,932,0,"2,525",0,10,1,"78,592",95.0
경기도,양평군,옥천면,2030,"67,940.00","67,940.00","49,409.00",72.7,0.000,"9,800.00","9,800.00","3,200.00",490.00,"2,710.00",0.00,0.00,2.980,"52,140.00","52,140.00","44,453.00",0.00,"44,453.00",2.980,"6,000.00","6,000.00","1,756.00",32.00,"1,724.00",0.00,0.00,0,"1,308",0,"1,232",0,3,3,"49,409",100.0
경기도,양평군,서종면,2030,"63,042.00","63,042.00","35,895.00",56.9,0.000,0.00,0.00,0.00,0.00,0.00,0.00,0.00,3.960,"57,842.00","57,842.00","35,895.00",0.00,"35,895.00",3.960,"5,200.00","5,200.00",0.00,0.00,0.00,0.00,0.00,0,"1,192",0,"1,657",0,0,3,"35,895",100.0
경기도,양평군,단월면,2030,"62,962.00","64,748.00","55,248.00",85.3,0.000,"5,500.00","5,500.00",0.00,0.00,0.00,0.00,0.00,4.860,"53,462.00","55,248.00","55,248.00",0.00,"55,248.00",4.860,"4,000.00","4,000.00",0.00,0.00,0.00,0.00,0.00,0,"1,187",0,"1,323",0,0,3,"43,468",78.7
경기도,양평군,청운면,2030,"57,684.00","57,684.00","37,279.00",64.6,0.000,"5,800.00","5,800.00",0.00,0.00,0.00,0.00,0.00,4.380,"48,384.00","48,384.00","37,279.00",0.00,"37,279.00",4.380,"3,500.00","3,500.00",0.00,0.00,0.00,0.00,0.00,0,"1,198",0,"1,906",0,0,0,"35,200",94.4
경기도,양평군,양동면,2030,"66,580.00","68,128.00","57,528.00",84.4,0.000,"7,600.00","7,600.00",0.00,0.00,0.00,0.00,0.00,4.460,"55,980.00","57,528.00","57,528.00",0.00,"57,528.00",4.460,"3,000.00","3,000.00",0.00,0.00,0.00,0.00,0.00,0,870,0,"1,283",0,0,5,"45,720",79.5
경기도,양평군,지평면,2030,"69,546.00","69,546.00","32,567.00",46.8,0.000,"5,700.00","5,700.00",0.00,0.00,0.00,0.00,0.00,4.220,"56,846.00","56,846.00","32,567.00",0.00,"32,567.00",4.220,"7,000.00","7,000.00",0.00,0.00,0.00,0.00,0.00,0,"1,460",0,"1,403",0,0,7,"32,567",100.0
경기도,양평군,용문면,2030,"88,998.00","88,998.00","74,839.00",84.1,0.000,"8,400.00","8,400.00","6,800.00",570.00,"6,230.00",0.00,0.00,7.630,"74,598.00","74,598.00","67,569.00",0.00,"67,569.00",7.630,"6,000.00","6,000.00",470.00,0.00,470.00,0.00,0.00,0,"2,336",0,"3,436",0,5,4,"69,014",92.2
경기도,양평군,개군면,2030,"48,636.00","48,636.00","39,055.00",80.3,0.000,"5,600.00","5,600.00",0.00,0.00,0.00,0.00,0.00,1.880,"38,620.00","38,620.00","34,639.00",0.00,"34,639.00",1.880,"4,416.00","4,416.00","4,416.00",0.00,"4,416.00",0.00,0.00,0,"1,000",0,749,0,0,8,"26,679",68.3
강원도,,합계,,"9,648,523.86","12,198,620.17","9,891,580.75",81.1,"1,600.412","1,765,444.26","2,506,678.73","2,138,877.82","166,317.04","1,655,391.44","80,522.32","236,647.02","1,096.237","4,985,365.30","5,652,348.58","4,444,022.54","387,441.00","4,056,581.54","2,217.270","2,897,714.30","4,039,592.86","3,308,680.39","270,862.34","2,044,375.19","128,552.35","864,890.51","48,521","80,982","51,672","242,476","169,070",661,"4,122","6,553,971",66.3
강원도,시부,합계,,"5,810,074.79","7,427,313.72","5,751,299.88",77.4,712.510,"1,419,507.26","2,160,673.73","1,873,983.83","133,365.16","1,518,063.78","31,506.89","191,048.00",889.370,"2,400,660.83","2,722,132.86","1,967,754.32","147,818.00","1,819,936.32",268.770,"1,989,906.70","2,544,507.13","1,909,561.73","178,898.78","1,189,981.25","88,725.82","451,955.88","39,564","34,529","29,868","137,922","120,624",389,"2,682","4,198,876",73.0
강원도,춘천시,소계,,"1,360,197.80","1,866,278.20","1,260,773.30",67.6,0.000,0.00,"429,747.00","429,747.00","42,464.60","382,563.50","4,718.90",0.00,66.150,"660,150.70","735,053.10","539,421.10",0.00,"539,421.10",66.150,"700,047.10","701,478.10","291,605.20","15,854.90","136,897.80","47,597.70","91,254.80","7,700","9,804","5,458","26,169","16,545",95,159,"1,137,884",90.3
강원도,춘천시,신북읍,2035,"161,709.90","173,166.00","162,245.10",93.7,0.000,0.00,"11,456.10","11,456.10","1,771.80","8,280.30","1,404.00",0.00,7.640,"87,235.90","87,235.90","79,138.60",0.00,"79,138.60",7.640,"74,474.00","74,474.00","71,650.40",0.00,"8,345.80","24,563.40","38,741.20",210,"1,399","1,285","1,698","1,247",0,14,"112,944",69.6
강원도,춘천시,동면,2035,"81,687.80","99,742.70","93,015.20",93.3,0.000,0.00,"14,776.20","14,776.20",503.60,"14,272.60",0.00,0.00,6.900,"47,203.80","50,482.50","50,482.50",0.00,"50,482.50",6.900,"34,484.00","34,484.00","27,756.50",530.40,"9,478.50","9,495.70","8,251.90",271,898,509,893,622,15,26,"88,518",95.2
강원도,춘천시,동산면,2035,"9,040.00","9,055.00","7,374.20",81.4,0.000,0.00,0.00,0.00,0.00,0.00,0.00,0.00,0.550,"9,040.00","9,040.00","7,359.20",0.00,"7,359.20",0.550,0.00,15.00,15.00,0.00,15.00,0.00,0.00,0,136,0,69,83,0,15,"7,038",95.4
강원도,춘천시,신동면,2035,"46,315.66","50,766.56","36,032.50",71.0,0.000,0.00,"4,450.90","4,450.90",266.20,"3,733.60",451.10,0.00,3.010,"33,343.66","33,343.66","24,353.10",0.00,"24,353.10",3.010,"12,972.00","12,972.00","7,228.50",0.00,634.00,"2,090.40","4,504.10",81,443,132,526,348,0,20,"31,811",88.3
강원도,춘천시,남면,2035,"13,513.00","13,513.00","11,627.60",86.0,0.000,0.00,0.00,0.00,0.00,0.00,0.00,0.00,1.180,"13,513.00","13,513.00","11,627.60",0.00,"11,627.60",1.180,0.00,0.00,0.00,0.00,0.00,0.00,0.00,0,213,0,176,0,0,10,"11,252",96.8
강원도,춘천시,서면,2035,"78,365.92","93,254.12","60,528.70",64.9,0.000,0.00,"14,888.20","14,888.20",105.90,"14,782.30",0.00,0.00,5.700,"46,754.92","46,754.92","29,843.20",0.00,"29,843.20",5.700,"31,611.00","31,611.00","15,797.30",0.00,457.00,"6,584.10","8,756.20",273,546,284,131,97,0,3,"52,610",86.9
강원도,춘천시,사북면,2035,"24,373.00","25,572.20","16,287.80",63.7,0.000,0.00,0.00,0.00,0.00,0.00,0.00,0.00,1.750,"24,373.00","24,373.00","15,088.60",0.00,"15,088.60",1.750,0.00,"1,199.20","1,199.20",0.00,"1,199.20",0.00,0.00,0,277,24,303,0,0,6,"14,052",86.3
강원도,춘천시,북산면,2035,0.00,0.00,0.00,0.0,0.000,0.00,0.00,0.00,0.00,0.00,0.00,0.00,0.000,0.00,0.00,0.00,0.00,0.00,0.000,0.00,0.00,0.00,0.00,0.00,0.00,0.00,0,0,0,0,0,0,0,0,0.0
강원도,춘천시,동내면,2035,"95,277.30","103,148.50","60,503.60",58.7,0.000,0.00,"7,871.20","7,871.20","1,162.60","6,658.30",50.30,0.00,6.720,"65,486.30","65,486.30","34,102.30",0.00,"34,102.30",6.720,"29,791.00","29,791.00","18,530.10","1,275.80","11,588.80","1,062.10","4,603.40",144,626,338,"1,568","1,733",6,9,"57,632",95.3
강원도,춘천시,남산면,2035,"60,439.42","64,265.92","42,972.60",66.9,0.000,0.00,"3,609.70","3,609.70",304.60,"2,876.50",428.60,0.00,5.500,"49,827.42","49,827.42","28,534.10",0.00,"28,534.10",5.500,"10,612.00","10,828.80","10,828.80",18.80,"3,677.40","1,019.00","6,113.60",66,522,199,229,216,0,8,"42,031",97.8
강원도,춘천시,교동,2035,"24,447.10","40,587.20","28,759.30",70.9,0.000,0.00,"12,392.90","12,392.90",815.30,"11,577.60",0.00,0.00,0.500,"11,027.80","14,775.00","14,775.00",0.00,"14,775.00",0.500,"13,419.30","13,419.30","1,591.40",0.00,"1,277.00",0.00,314.40,227,271,11,"1,490",244,0,0,"24,421",84.9
강원도,춘천시,조운동,2035,"22,413.40","33,163.10","19,446.60",58.6,0.000,0.00,"10,749.70","10,749.70","1,502.90","9,246.80",0.00,0.00,0.320,"10,849.20","10,849.20","7,669.50",0.00,"7,669.50",0.320,"11,564.20","11,564.20","1,027.40",0.00,745.00,0.00,282.40,76,210,136,"1,124",319,0,0,"19,192",98.7
강원도,춘천시,약사명동,2035,"36,440.30","57,387.20","36,329.00",63.3,0.000,0.00,"14,402.80","14,402.80","1,618.00","12,784.80",0.00,0.00,0.530,"12,365.10","18,909.20","18,909.20",0.00,"18,909.20",0.530,"24,075.20","24,075.20","3,017.00","1,089.00",825.00,0.00,"1,103.00",217,377,87,"1,029",395,2,0,"32,557",89.6
강원도,춘천시,근화동,2035,"78,571.90","120,482.60","57,363.80",47.6,0.000,0.00,"41,910.70","41,910.70","8,836.40","31,880.00","1,194.30",0.00,3.320,"30,431.40","30,431.40","10,941.20",0.00,"10,941.20",3.320,"48,140.50","48,140.50","4,511.90","1,000.00","2,035.90",250.20,"1,225.80",769,195,88,"1,094",972,5,2,"54,596",95.2
강원도,춘천시,소양동,2035,"49,217.10","75,034.50","45,929.10",61.2,0.000,0.00,"25,817.40","25,817.40","2,441.90","23,228.30",147.20,0.00,1.260,"19,909.60","19,909.60","15,623.00",0.00,"15,623.00",1.260,"29,307.50","29,307.50","4,488.70",0.00,"1,812.50",36.10,"2,640.10",473,287,64,"1,664",474,4,0,"42,710",93.0
강원도,춘천시,후평1동,2035,"42,244.20","102,344.40","62,153.80",60.7,0.000,0.00,"41,137.70","41,137.70","3,610.80","37,193.80",333.10,0.00,1.710,205.00,"19,167.50","19,167.50",0.00,"19,167.50",1.710,"42,039.20","42,039.20","1,848.60",0.00,"1,490.00",0.00,358.60,755,352,34,"2,330","1,557",11,1,"60,971",98.1
강원도,춘천시,후평2동,2035,"18,558.40","49,972.50","31,827.40",63.7,0.000,0.00,"18,243.60","18,243.60",767.20,"17,476.40",0.00,0.00,0.690,0.00,"13,170.50","13,170.50",0.00,"13,170.50",0.690,"18,558.40","18,558.40",413.30,0.00,98.50,0.00,314.80,334,242,15,"1,045",660,0,0,"30,809",96.8
강원도,춘천시,후평3동,2035,"28,448.30","61,853.30","39,751.80",64.3,0.000,0.00,"22,154.40","22,154.40","1,054.40","21,100.00",0.00,0.00,1.260,"2,333.10","13,583.70","13,583.70",0.00,"13,583.70",1.260,"26,115.20","26,115.20","4,013.70",0.00,"3,812.70",0.00,201.00,406,252,74,"1,581","1,092",0,0,"38,773",97.5
강원도,춘천시,효자1동,2035,"32,971.90","47,295.00","20,021.70",42.3,0.000,0.00,"14,323.10","14,323.10","1,656.90","12,666.20",0.00,0.00,0.690,"17,000.60","17,000.60","3,628.90",0.00,"3,628.90",0.690,"15,971.30","15,971.30","2,069.70",0.00,"1,076.00",0.00,993.70,252,71,47,482,326,2,5,"19,210",95.9
강원도,춘천시,효자2동,2035,"67,396.60","125,172.70","81,941.60",65.5,0.000,0.00,"43,778.00","43,778.00","5,985.70","37,750.60",41.70,0.00,1.190,"21,287.50","35,285.60","35,285.60",0.00,"35,285.60",1.190,"46,109.10","46,109.10","2,878.00",310.00,"1,229.80",0.00,"1,338.20",803,643,53,"1,569","1,255",7,5,"78,013",95.2
강원도,춘천시,효자3동,2035,"24,778.00","38,369.60","24,046.70",62.7,0.000,0.00,"13,591.60","13,591.60","1,078.50","12,513.10",0.00,0.00,0.890,"10,395.60","10,395.60","9,859.70",0.00,"9,859.70",0.890,"14,382.40","14,382.40",595.40,332.00,96.80,0.00,166.60,249,186,16,867,410,1,0,"22,644",94.2
강원도,춘천시,석사동,2035,"72,961.60","86,701.40","72,683.10",83.8,0.000,0.00,"12,813.10","12,813.10","1,740.50","11,072.60",0.00,0.00,3.140,"27,315.40","28,242.10","28,242.10",0.00,"28,242.10",3.140,"45,646.20","45,646.20","31,627.90","3,478.50","26,777.40",0.00,"1,372.00",235,509,581,"2,489","1,795",2,8,"71,508",98.4
강원도,춘천시,퇴계동,2035,"76,510.30","99,173.30","80,875.20",81.5,0.000,0.00,"19,639.00","19,639.00","1,488.00","17,870.30",280.70,0.00,2.940,"28,307.30","31,331.30","31,331.30",0.00,"31,331.30",2.940,"48,203.00","48,203.00","29,904.90","3,302.40","25,404.10",341.20,857.20,360,503,551,"1,366","1,063",9,18,"76,688",94.8
강원도,춘천시,강남동,2035,"85,645.40","115,029.30","81,181.20",70.6,0.000,0.00,"29,383.90","29,383.90","3,944.60","25,305.00",134.30,0.00,3.340,"27,616.60","27,616.60","24,449.40",0.00,"24,449.40",3.340,"58,028.80","58,028.80","27,347.90","3,256.20","18,521.00","1,386.00","4,184.70",539,417,502,"1,427",131,7,7,"79,240",97.6
강원도,춘천시,신사우동,2035,"128,871.30","181,228.10","87,875.70",48.5,0.000,0.00,"52,356.80","52,356.80","1,808.80","50,294.40",253.60,0.00,5.420,"64,328.50","64,328.50","12,255.30",0.00,"12,255.30",5.420,"64,542.80","64,542.80","23,263.60","1,261.80","16,300.40",769.50,"4,931.90",960,229,428,"1,019","1,506",24,2,"68,664",78.1
강원도,원주시,소계,,"1,344,527.00","1,598,482.00","1,220,687.00",76.4,84.740,"66,303.00","315,445.00","307,043.00","8,547.00","293,075.00",29.00,"5,392.00",73.600,"754,437.00","755,250.00","492,153.00","146,723.00","345,430.00",55.500,"523,787.00","527,787.00","421,491.00","91,861.00","290,151.00","23,598.00","15,881.00","10,164","7,409","7,361","55,966","55,193",66,369,"643,210",52.7
강원도,원주시,문막읍,2025,"124,174.00","357,871.00","332,418.00",92.9,1.000,0.00,"233,697.00","233,697.00",0.00,"233,697.00",0.00,0.00,6.500,"73,618.00","73,618.00","55,545.00","55,545.00",0.00,4.900,"50,556.00","50,556.00","43,176.00","28,980.00","3,229.00","9,049.00","1,918.00","1,913",0,0,"2,623","3,623",0,59,"28,140",8.5
강원도,원주시,소초면,2025,"28,860.00","32,860.00","26,020.00",79.2,4.200,"2,383.00","2,383.00","1,882.00",458.00,409.00,29.00,986.00,3.100,"25,835.00","25,835.00","19,496.00","19,496.00",0.00,0.100,642.00,"4,642.00","4,642.00",564.00,"4,000.00",0.00,78.00,0,0,0,195,0,0,0,"3,973",15.3
강원도,원주시,호저면,2025,"9,047.00","14,477.00","6,630.00",45.8,5.000,0.00,"5,430.00","5,430.00",0.00,"5,430.00",0.00,0.00,1.900,"9,047.00","9,047.00","1,200.00","1,200.00",0.00,0.000,0.00,0.00,0.00,0.00,0.00,0.00,0.00,0,0,0,205,0,0,0,0,0.0
강원도,원주시,지정면,2025,"29,709.00","29,709.00","10,572.00",35.6,5.000,0.00,0.00,0.00,0.00,0.00,0.00,0.00,1.900,"29,709.00","29,709.00","10,572.00","10,572.00",0.00,0.000,0.00,0.00,0.00,0.00,0.00,0.00,0.00,0,0,0,192,0,0,0,660,6.2
강원도,원주시,부론면,2025,"17,200.00","18,326.00","7,040.00",38.4,5.000,0.00,"1,126.00","1,126.00",0.00,"1,126.00",0.00,0.00,0.700,"17,200.00","17,200.00","5,914.00","5,914.00",0.00,0.000,0.00,0.00,0.00,0.00,0.00,0.00,0.00,0,0,0,208,0,0,0,"3,336",47.4
강원도,원주시,귀래면,2025,"29,551.00","29,551.00","6,919.00",23.4,5.000,0.00,0.00,0.00,0.00,0.00,0.00,0.00,4.000,"29,551.00","29,551.00","6,919.00","6,919.00",0.00,0.000,0.00,0.00,0.00,0.00,0.00,0.00,0.00,0,0,0,200,0,0,0,"5,076",73.4
강원도,원주시,흥업면,2025,"116,011.00","116,011.00","86,574.00",74.6,5.000,0.00,0.00,0.00,0.00,0.00,0.00,0.00,6.200,"75,705.00","75,705.00","46,269.00","46,269.00",0.00,3.500,"40,306.00","40,306.00","40,305.00","22,175.00","3,926.00","11,791.00","2,413.00","1,756",0,0,"3,948","3,948",0,92,"27,736",32.0
강원도,원주시,판부면,2025,"15,016.00","15,016.00",0.00,0.0,5.000,0.00,0.00,0.00,0.00,0.00,0.00,0.00,2.200,"15,016.00","15,016.00",0.00,0.00,0.00,0.000,0.00,0.00,0.00,0.00,0.00,0.00,0.00,22,0,0,102,24,0,0,"6,959",0.0
강원도,원주시,신림면,2025,"21,704.00","21,804.00","8,210.00",37.7,5.000,0.00,100.00,100.00,0.00,100.00,0.00,0.00,0.200,"14,161.00","14,161.00","3,264.00",0.00,"3,264.00",0.800,"7,543.00","7,543.00","4,846.00",100.00,"1,788.00","2,683.00",275.00,142,0,0,90,89,0,0,"9,769",119.0
강원도,원주시,중앙동,2025,"9,653.00","9,834.00","8,210.00",83.5,0.400,717.00,898.00,898.00,88.00,763.00,0.00,47.00,0.500,"4,420.00","4,420.00","3,043.00",8.00,"3,035.00",0.500,"4,516.00","4,516.00","4,269.00",446.00,"3,694.00",0.00,129.00,68,80,80,515,516,0,0,"6,061",73.8
강원도,원주시,원인동,2025,"19,036.00","19,036.00","15,350.00",80.6,0.800,"1,332.00","1,332.00","1,225.00",174.00,956.00,0.00,95.00,1.000,"8,756.00","8,756.00","5,667.00",17.00,"5,650.00",1.000,"8,948.00","8,948.00","8,458.00",883.00,"7,318.00",1.00,256.00,136,159,158,"1,000","1,023",0,0,"12,005",78.2
강원도,원주시,개운동,2025,"44,677.00","44,677.00","29,180.00",65.3,2.000,"3,127.00","3,127.00","1,756.00",409.00,"1,124.00",0.00,223.00,2.300,"20,551.00","20,551.00","7,570.00",41.00,"7,529.00",2.300,"20,999.00","20,999.00","19,854.00","2,074.00","17,175.00",4.00,601.00,320,374,372,"2,401","2,401",7,33,"28,175",96.6
강원도,원주시,명륜1동,2025,"30,883.00","38,011.00","21,560.00",56.7,1.300,"2,161.00","9,289.00","9,289.00",282.00,"8,853.00",0.00,154.00,1.600,"14,206.00","14,206.00","5,851.00",28.00,"5,823.00",1.600,"14,516.00","14,516.00","6,420.00","1,433.00","4,570.00",2.00,415.00,221,259,257,"1,963","1,659",0,0,"19,476",90.3
강원도,원주시,명륜2동,2025,"54,773.00","54,773.00","39,470.00",72.1,2.400,"3,834.00","3,834.00","3,526.00",501.00,"2,752.00",0.00,273.00,2.900,"25,195.00","25,195.00","11,602.00",50.00,"11,552.00",2.900,"25,744.00","25,744.00","24,342.00","2,543.00","21,057.00",5.00,737.00,392,459,456,"2,943","2,943",0,0,"34,542",87.5
강원도,원주시,단구동,2025,"148,269.00","148,269.00","109,154.00",73.6,11.500,"10,378.00","10,378.00","9,324.00","1,326.00","7,276.00",0.00,722.00,8.600,"74,134.00","74,134.00","36,173.00",133.00,"36,040.00",7.600,"63,757.00","63,757.00","63,657.00","6,723.00","55,671.00",13.00,"1,250.00","1,037","1,214","1,206","8,129","7,782",8,21,"91,323",83.7
강원도,원주시,일산동,2025,"27,394.00","28,137.00","26,500.00",94.2,1.200,"1,918.00","2,661.00","2,661.00",250.00,"2,275.00",0.00,136.00,1.400,"12,601.00","12,601.00","11,667.00",25.00,"11,642.00",1.400,"12,875.00","12,875.00","12,172.00","1,271.00","10,531.00",2.00,368.00,196,229,228,"1,372","1,472",0,0,"17,276",65.2
강원도,원주시,학성동,2025,"17,339.00","17,339.00","15,740.00",90.8,0.700,"1,213.00","1,213.00",651.00,158.00,407.00,0.00,86.00,0.900,"7,669.00","7,669.00","7,384.00",15.00,"7,369.00",0.900,"8,457.00","8,457.00","7,705.00",805.00,"6,666.00",1.00,233.00,124,145,144,"1,031",931,0,0,"10,935",69.5
강원도,원주시,단계동,2025,"79,408.00","79,408.00","65,357.00",82.3,3.500,"5,558.00","5,558.00","5,112.00",727.00,"3,989.00",0.00,396.00,4.200,"42,086.00","42,086.00","42,027.00",73.00,"41,954.00",4.200,"31,764.00","31,764.00","18,218.00","3,687.00","13,455.00",7.00,"1,069.00",569,666,661,"4,267","4,267",2,2,"50,078",76.6
강원도,원주시,우산동,2025,"46,777.00","47,514.00","33,170.00",69.8,2.100,"3,274.00","4,011.00","4,011.00",428.00,"3,350.00",0.00,233.00,2.400,"21,517.00","21,517.00","19,923.00",43.00,"19,880.00",2.400,"21,986.00","21,986.00","9,236.00","1,171.00","7,432.00",4.00,629.00,335,392,389,"2,414","2,514",11,65,"29,499",88.9
강원도,원주시,태장1동,2025,"33,834.00","33,834.00","25,500.00",75.4,1.500,"2,368.00","2,368.00","2,177.00",309.00,"1,700.00",0.00,168.00,1.700,"15,564.00","15,564.00","14,410.00",31.00,"14,379.00",1.700,"15,902.00","15,902.00","8,913.00","1,571.00","6,884.00",3.00,455.00,242,283,281,"1,918","1,818",15,43,"21,337",83.7
강원도,원주시,태장2동,2025,"77,631.00","77,631.00","57,150.00",73.6,3.500,"5,434.00","5,434.00","4,997.00",710.00,"3,900.00",0.00,387.00,4.100,"35,710.00","35,710.00","33,064.00",71.00,"32,993.00",4.100,"36,487.00","36,487.00","19,089.00","3,604.00","14,433.00",7.00,"1,045.00",556,651,647,"4,172","4,172",14,45,"48,958",85.7
강원도,원주시,봉산동,2025,"72,740.00","72,740.00","54,717.00",75.2,1.300,"3,831.00","3,831.00","1,913.00",272.00,"1,493.00",0.00,148.00,1.500,"54,279.00","54,279.00","39,599.00",27.00,"39,572.00",1.500,"14,630.00","14,630.00","13,205.00","1,379.00","11,424.00",2.00,400.00,213,249,247,"1,598","1,597",9,9,"18,740",34.2
강원도,원주시,행구동,2025,"25,691.00","26,441.00","19,417.00",73.4,1.100,"1,798.00","1,798.00","1,653.00",235.00,"1,290.00",0.00,128.00,1.300,"11,818.00","12,568.00","12,568.00",23.00,"12,545.00",1.300,"12,075.00","12,075.00","5,196.00","1,192.00","3,657.00",2.00,345.00,184,215,214,"1,380","1,380",0,0,"16,201",83.4
강원도,원주시,무실동,2025,"135,675.00","135,738.00","114,120.00",84.1,5.100,"7,914.00","7,914.00","7,279.00","1,035.00","5,680.00",0.00,564.00,6.000,"56,531.00","56,594.00","56,594.00",104.00,"56,490.00",6.000,"71,230.00","71,230.00","50,247.00","5,249.00","43,466.00",10.00,"1,522.00",810,948,942,"6,076","6,076",0,0,"71,302",62.5
강원도,원주시,반곡관설동,2025,"129,475.00","129,475.00","101,709.00",78.6,6.140,"9,063.00","9,063.00","8,336.00","1,185.00","6,505.00",0.00,646.00,6.500,"59,558.00","59,558.00","35,832.00",119.00,"35,713.00",6.800,"60,854.00","60,854.00","57,541.00","6,011.00","49,775.00",12.00,"1,743.00",928,"1,086","1,079","7,024","6,958",0,0,"81,653",80.3
강원도,강릉시,소계,,"1,349,217.60","1,424,650.10","1,140,106.20",80.0,597.800,"394,939.30","418,423.40","388,202.00","53,405.23","334,796.77",0.00,0.00,675.800,"449,723.70","497,933.60","347,706.60","1,095.00","346,611.60",30.150,"504,554.60","508,293.10","404,197.60","25,750.00","271,160.70","13,196.00","94,090.90","8,786","6,890","7,625","23,308","4,843",15,663,"1,080,177",94.7
강원도,강릉시,주문진읍,2030,"302,980.00","302,980.00","118,589.00",39.1,33.000,"96,526.00","96,526.00","75,407.00","10,362.00","65,045.00",0.00,0.00,35.000,"119,372.00","119,372.00","22,483.00",0.00,"22,483.00",5.200,"87,082.00","87,082.00","20,699.00",51.00,"11,180.00","1,064.00","8,404.00","1,559",411,509,"2,392",475,0,132,"115,048",97.0
강원도,강릉시,성산면,2030,"45,905.10","49,038.10","45,396.00",92.6,41.000,"5,084.50","5,084.50","2,690.00",112.23,"2,577.77",0.00,0.00,43.000,"23,088.00","26,221.00","26,221.00",566.00,"25,655.00",0.100,"17,732.60","17,732.60","16,485.00","1,977.00","6,661.00",330.00,"7,517.00",105,412,249,259,95,0,77,"45,905",101.1
강원도,강릉시,왕산면,2030,"14,354.30","15,610.00","14,560.00",93.3,175.000,"1,050.00","1,050.00",0.00,0.00,0.00,0.00,0.00,135.000,"13,304.30","14,560.00","14,560.00",0.00,"14,560.00",0.000,0.00,0.00,0.00,0.00,0.00,0.00,0.00,0,332,0,177,207,0,0,"13,304",91.4
강원도,강릉시,구정면,2030,"21,047.70","21,104.50","21,104.00",100.0,25.000,"1,279.50","1,279.50","1,279.00",0.00,"1,279.00",0.00,0.00,28.000,"7,403.80","7,459.30","7,459.30",0.00,"7,459.30",0.220,"12,364.40","12,365.70","12,365.70",275.00,"9,465.00",0.00,"2,625.70",29,163,213,389,6,0,29,"21,047",99.7
강원도,강릉시,강동면,2030,"32,784.50","36,515.00","25,495.00",69.8,67.000,"1,211.00","1,211.00",0.00,0.00,0.00,0.00,0.00,74.000,"13,238.80","13,238.80","3,429.80",0.00,"3,429.80",0.700,"18,334.70","22,065.20","22,065.20",982.00,"14,160.00",6.00,"6,917.20",0,302,260,374,299,2,47,"31,573",123.8
강원도,강릉시,옥계면,2030,"59,144.60","61,102.60","58,478.00",95.7,75.000,"1,353.00","1,353.00",0.00,0.00,0.00,0.00,0.00,94.000,"23,521.00","25,479.00","25,479.00",0.00,"25,479.00",2.200,"34,270.60","34,270.60","32,999.00","3,249.00","23,371.00",0.00,"6,379.00",0,404,813,749,635,1,82,"55,693",95.2
강원도,강릉시,사천면,2030,"72,542.50","72,544.40","46,577.00",64.2,43.000,"2,125.10","2,127.00","2,127.00",214.00,"1,913.00",0.00,0.00,38.000,"42,284.00","42,284.00","16,396.00",0.00,"16,396.00",0.500,"28,133.40","28,133.40","28,054.00","1,760.00","13,925.00",627.00,"11,742.00",79,278,514,804,79,0,17,"41,700",89.5
강원도,강릉시,연곡면,2030,"77,490.90","78,323.80","35,686.00",45.6,81.000,"5,791.10","6,624.00","6,624.00","2,512.00","4,112.00",0.00,0.00,131.000,"31,082.40","31,082.40","13,443.00",23.00,"13,420.00",1.900,"40,617.40","40,617.40","15,619.00",548.00,"9,160.00",33.00,"5,878.00",258,211,192,570,49,0,20,"30,390",85.2
강원도,강릉시,홍제동,2030,"58,904.60","61,798.60","61,797.00",100.0,5.000,"16,188.60","16,198.00","16,198.00","1,013.00","15,185.00",0.00,0.00,0.400,"9,475.40","12,360.00","12,360.00",44.00,"12,316.00",0.940,"33,240.60","33,240.60","33,239.00","1,486.00","21,017.00","2,791.00","7,945.00",448,174,584,"1,402",5,1,27,"58,904",95.3
강원도,강릉시,중앙동,2030,"33,371.50","33,425.10","33,423.00",100.0,1.100,"26,078.40","26,132.00","26,132.00","4,518.00","21,614.00",0.00,0.00,15.800,"2,161.60","2,161.60","2,160.00",0.00,"2,160.00",1.430,"5,131.50","5,131.50","5,131.00",152.00,"2,063.00",0.00,"2,916.00",830,45,53,667,8,2,8,"33,371",99.8
강원도,강릉시,옥천동,2030,"26,464.50","26,675.90","26,674.00",100.0,0.500,"23,648.00","23,673.00","23,673.00","3,038.00","20,635.00",0.00,0.00,13.000,462.60,649.00,649.00,0.00,649.00,0.470,"2,353.90","2,353.90","2,352.00",0.00,"1,144.00",0.00,"1,208.00",714,12,34,402,25,0,1,"26,464",99.2
강원도,강릉시,교1동,2030,"70,249.40","71,302.00","71,302.00",100.0,2.100,"23,302.30","23,552.00","23,552.00",636.00,"22,916.00",0.00,0.00,15.400,"20,621.80","21,421.00","21,421.00",0.00,"21,421.00",1.000,"26,325.30","26,329.00","26,329.00","3,333.00","20,514.00","1,896.00",586.00,578,471,545,"2,159",47,0,2,"70,249",98.5
강원도,강릉시,교2동,2030,"40,415.90","46,868.30","46,748.00",99.7,1.500,"25,571.50","29,382.00","29,382.00","2,092.00","27,290.00",0.00,0.00,2.300,"4,014.10","6,656.00","6,656.00",0.00,"6,656.00",0.610,"10,830.30","10,830.30","10,710.00","1,601.00","5,454.00","1,577.00","2,078.00",673,92,187,828,65,0,2,"40,415",86.5
강원도,강릉시,포남1동,2030,"55,846.30","56,616.10","56,610.00",100.0,0.900,"34,162.40","34,725.00","34,725.00","4,331.00","30,394.00",0.00,0.00,1.300,"16,245.80","16,453.00","16,453.00",0.00,"16,453.00",0.730,"5,438.10","5,438.10","5,432.00","1,667.00","3,481.00",43.00,241.00,621,372,87,"1,794",478,3,9,"55,846",98.7
강원도,강릉시,포남2동,2030,"44,675.60","47,746.00","47,727.00",100.0,1.500,"11,230.00","13,369.00","13,369.00",985.00,"12,384.00",0.00,0.00,2.300,"12,716.60","13,648.00","13,648.00",0.00,"13,648.00",1.500,"20,729.00","20,729.00","20,710.00","1,000.00","17,990.00",842.00,878.00,231,268,410,"1,384",8,0,8,"44,675",93.6
강원도,강릉시,초당동,2030,"37,659.50","38,932.00","35,733.00",91.8,1.400,"15,926.40","15,926.40","12,833.00","3,723.00","9,110.00",0.00,0.00,2.700,"10,306.50","11,579.00","11,579.00",0.00,"11,579.00",3.080,"11,426.60","11,426.60","11,321.00",657.00,"9,917.00",165.00,582.00,347,198,250,741,86,1,30,"37,659",105.4
강원도,강릉시,송정동,2030,"40,813.90","43,379.00","43,379.00",100.0,3.100,"19,928.30","20,395.00","20,395.00","2,014.00","18,381.00",0.00,0.00,1.400,"12,206.60","14,302.00","14,302.00",28.00,"14,274.00",0.890,"8,679.00","8,682.00","8,682.00",750.00,"5,860.00",44.00,"2,028.00",411,175,142,835,96,0,18,"40,813",94.1
강원도,강릉시,내곡동,2030,"53,211.90","60,442.90","60,442.90",100.0,3.200,"14,625.90","14,626.00","14,626.00","3,068.00","11,558.00",0.00,0.00,2.400,"17,371.90","24,602.80","24,602.80",0.00,"24,602.80",1.890,"21,214.10","21,214.10","21,214.10",41.00,"16,561.10",325.00,"4,287.00",375,555,378,"1,428",228,4,56,"52,795",87.3
강원도,강릉시,강남동,2030,"68,533.70","80,071.30","80,071.30",100.0,13.500,"34,258.60","34,445.00","34,445.00","4,649.00","29,796.00",0.00,0.00,14.600,"12,958.50","24,309.70","24,309.70",0.00,"24,309.70",1.750,"21,316.60","21,316.60","21,316.60",885.00,"11,467.60",122.00,"8,842.00",845,671,446,"2,182","1,538",0,13,"68,002",84.9
강원도,강릉시,성덕동,2030,"90,432.90","94,723.50","94,714.00",100.0,7.600,"25,325.40","28,389.00","28,389.00","6,120.00","22,269.00",0.00,0.00,8.700,"28,291.00","29,518.00","29,518.00",434.00,"29,084.00",2.560,"36,816.50","36,816.50","36,807.00",303.00,"29,128.00","2,453.00","4,923.00",478,613,710,"1,851",313,0,28,"90,433",95.5
강원도,강릉시,경포동,2030,"102,388.30","125,451.00","115,600.00",92.1,16.400,"10,273.30","22,356.00","22,356.00","4,018.00","18,338.00",0.00,0.00,17.500,"29,597.00","40,577.00","40,577.00",0.00,"40,577.00",2.480,"62,518.00","62,518.00","52,667.00","5,033.00","38,642.00",878.00,"8,114.00",205,731,"1,049","1,921",101,1,57,"105,891",91.6
강원도,동해시,소계,,"572,210.00","845,386.22","639,428.88",75.6,10.020,"235,685.00","251,946.44","157,032.94",329.80,"155,280.45","1,422.69",0.00,32.400,"292,215.00","319,966.27","208,922.43",0.00,"208,922.43",32.410,"44,310.00","273,473.51","273,473.51","2,227.67","210,741.95","3,160.92","57,342.97","4,350","3,471","3,797","1,840","14,152",18,616,0,0.0
강원도,동해시,천곡동,2030,"86,999.00","146,585.19","122,398.50",83.5,0.080,"38,670.00","38,670.00","14,483.31",259.80,"13,819.13",404.38,0.00,4.080,"33,053.00","55,272.93","55,272.93",0.00,"55,272.93",4.080,"15,276.00","52,642.26","52,642.26",0.00,"51,573.66",0.00,"1,068.60",700,"1,161",633,401,"2,678",0,29,0,0.0
강원도,동해시,송정동,2030,"71,127.60","91,345.22","69,523.00",76.1,0.180,"25,614.00","25,614.00","18,130.09",0.00,"18,128.11",1.98,0.00,4.240,"37,846.60","37,846.60","23,508.29",0.00,"23,508.29",4.250,"7,667.00","27,884.62","27,884.62",0.00,"21,655.90",146.73,"6,081.99",504,61,269,340,"1,271",0,44,0,0.0
강원도,동해시,북삼동,2030,"93,474.40","128,672.15","92,955.43",72.2,0.180,"38,420.00","38,420.00","26,464.74",0.00,"26,297.39",167.35,0.00,4.200,"55,054.40","55,054.40","31,292.94",0.00,"31,292.94",4.200,0.00,"35,197.75","35,197.75",0.00,"22,840.82",878.04,"11,478.89",760,646,538,156,"1,600",0,108,0,0.0
강원도,동해시,부곡동,2030,"27,414.00","31,164.64","19,133.00",61.4,0.090,"14,375.00","14,375.00","11,463.38",0.00,"11,463.38",0.00,0.00,0.910,"10,904.00","10,904.00","1,783.98",0.00,"1,783.98",0.910,"2,135.00","5,885.64","5,885.64",0.00,"3,514.49",160.81,"2,210.34",260,8,101,42,849,1,11,0,0.0
강원도,동해시,동호동,2030,"32,501.90","37,787.89","13,803.00",36.5,0.090,"14,934.00","14,934.00","8,242.48",0.00,"8,242.48",0.00,0.00,0.710,"17,567.90","17,567.90",274.53,0.00,274.53,0.710,0.00,"5,285.99","5,285.99",0.00,"2,665.56",22.66,"2,597.77",162,11,78,24,193,0,14,0,0.0
강원도,동해시,발한동,2030,"57,948.10","68,335.67","31,649.17",46.3,0.180,"34,847.00","34,847.00","16,646.59",0.00,"16,646.59",0.00,0.00,1.100,"23,101.10","23,101.10","4,615.01",0.00,"4,615.01",1.100,0.00,"10,387.57","10,387.57",0.00,"5,755.54",0.00,"4,632.03",437,39,113,47,"1,501",2,7,0,0.0
강원도,동해시,묵호동,2030,"28,516.00","41,390.55","41,390.55",100.0,0.040,"5,331.00","12,859.79","12,859.79",70.00,"12,698.65",91.14,0.00,1.770,"12,928.00","16,955.07","16,955.07",0.00,"16,955.07",1.770,"10,257.00","11,575.69","11,575.69",0.00,"7,808.14",0.00,"3,767.55",377,201,131,58,994,1,51,0,0.0
강원도,동해시,북평동,2030,"117,873.00","182,974.49","141,650.93",77.4,1.110,"44,516.00","44,516.00","24,503.11",0.00,"23,754.75",748.36,0.00,4.980,"65,523.00","65,523.00","44,212.33",0.00,"44,212.33",4.980,"7,834.00","72,935.49","72,935.49","2,169.49","55,853.65","1,620.03","13,292.32",493,846,"1,107",77,"3,482",3,149,0,0.0
강원도,동해시,망상동,2030,"13,572.00","52,020.16","52,020.16",100.0,4.050,"1,967.00","10,699.65","10,699.65",0.00,"10,699.65",0.00,0.00,5.540,"11,287.00","12,791.27","12,791.27",0.00,"12,791.27",5.540,318.00,"28,529.24","28,529.24",58.18,"25,968.45",284.71,"2,217.90",261,181,495,24,865,0,55,0,0.0
강원도,동해시,삼화동,2030,"42,784.00","65,110.26","54,905.14",84.3,4.020,"17,011.00","17,011.00","13,539.80",0.00,"13,530.32",9.48,0.00,4.870,"24,950.00","24,950.00","18,216.08",0.00,"18,216.08",4.870,823.00,"23,149.26","23,149.26",0.00,"13,105.74",47.94,"9,995.58",396,317,332,671,719,11,148,0,0.0
강원도,태백시,소계,,"473,032.00","473,032.00","336,870.00",71.2,9.590,"405,500.00","405,500.00","303,577.00","5,890.00","188,008.00","16,636.00","93,043.00",4.920,"51,718.00","51,718.00","32,160.00",0.00,"32,160.00",4.600,"15,814.00","15,814.00","1,133.00",0.00,"1,133.00",0.00,0.00,"1,607","1,360","1,199","4,060","7,178",133,462,"296,836",88.1
강원도,태백시,황지동,2025,"466,651.00","466,651.00","330,489.00",70.8,9.590,"405,500.00","405,500.00","303,577.00","5,890.00","188,008.00","16,636.00","93,043.00",4.600,"45,337.00","45,337.00","25,779.00",0.00,"25,779.00",4.600,"15,814.00","15,814.00","1,133.00",0.00,"1,133.00",0.00,0.00,"1,607","1,202","1,199","3,951","7,178",133,462,"296,836",89.8
강원도,태백시,황연동,2025,0.00,0.00,0.00,0.0,0.000,0.00,0.00,0.00,0.00,0.00,0.00,0.00,0.000,0.00,0.00,0.00,0.00,0.00,0.000,0.00,0.00,0.00,0.00,0.00,0.00,0.00,0,0,0,0,0,0,0,0,0.0
강원도,태백시,삼수동,2025,"4,139.00","4,139.00","4,139.00",100.0,0.000,0.00,0.00,0.00,0.00,0.00,0.00,0.00,0.160,"4,139.00","4,139.00","4,139.00",0.00,"4,139.00",0.000,0.00,0.00,0.00,0.00,0.00,0.00,0.00,0,85,0,65,0,0,0,0,0.0
강원도,태백시,상장동,2025,0.00,0.00,0.00,0.0,0.000,0.00,0.00,0.00,0.00,0.00,0.00,0.00,0.000,0.00,0.00,0.00,0.00,0.00,0.000,0.00,0.00,0.00,0.00,0.00,0.00,0.00,0,0,0,0,0,0,0,0,0.0
강원도,태백시,문곡소도동,2025,"2,242.00","2,242.00","2,242.00",100.0,0.000,0.00,0.00,0.00,0.00,0.00,0.00,0.00,0.160,"2,242.00","2,242.00","2,242.00",0.00,"2,242.00",0.000,0.00,0.00,0.00,0.00,0.00,0.00,0.00,0,73,0,44,0,0,0,0,0.0
강원도,태백시,장성동,2025,0.00,0.00,0.00,0.0,0.000,0.00,0.00,0.00,0.00,0.00,0.00,0.00,0.000,0.00,0.00,0.00,0.00,0.00,0.000,0.00,0.00,0.00,0.00,0.00,0.00,0.00,0,0,0,0,0,0,0,0,0.0
강원도,태백시,구문소동,2025,0.00,0.00,0.00,0.0,0.000,0.00,0.00,0.00,0.00,0.00,0.00,0.00,0.000,0.00,0.00,0.00,0.00,0.00,0.000,0.00,0.00,0.00,0.00,0.00,0.00,0.00,0,0,0,0,0,0,0,0,0.0
강원도,태백시,철암동,2025,0.00,0.00,0.00,0.0,0.000,0.00,0.00,0.00,0.00,0.00,0.00,0.00,0.000,0.00,0.00,0.00,0.00,0.00,0.000,0.00,0.00,0.00,0.00,0.00,0.00,0.00,0,0,0,0,0,0,0,0,0.0
강원도,속초시,소계,,"165,938.00","464,699.00","464,699.00",100.0,3.800,"129,605.00","129,809.00","129,809.00",0.00,"69,751.00","8,409.00","51,649.00",10.230,"36,333.00","173,389.00","173,389.00",0.00,"173,389.00",10.230,0.00,"161,501.00","161,501.00","23,009.00","138,492.00",0.00,0.00,"2,255","4,453","3,451","13,399","13,998",18,148,"427,201",91.9
강원도,속초시,영랑동,2035,"165,938.00","464,699.00","464,699.00",100.0,3.800,"129,605.00","129,809.00","129,809.00",0.00,"69,751.00","8,409.00","51,649.00",10.230,"36,333.00","173,389.00","173,389.00",0.00,"173,389.00",10.230,0.00,"161,501.00","161,501.00","23,009.00","138,492.00",0.00,0.00,"2,255","4,453","3,451","13,399","13,998",18,148,"427,201",91.9
강원도,속초시,동명동,2035,0.00,0.00,0.00,0.0,0.000,0.00,0.00,0.00,0.00,0.00,0.00,0.00,0.000,0.00,0.00,0.00,0.00,0.00,0.000,0.00,0.00,0.00,0.00,0.00,0.00,0.00,0,0,0,0,0,0,0,0,0.0
강원도,속초시,금호동,2035,0.00,0.00,0.00,0.0,0.000,0.00,0.00,0.00,0.00,0.00,0.00,0.00,0.000,0.00,0.00,0.00,0.00,0.00,0.000,0.00,0.00,0.00,0.00,0.00,0.00,0.00,0,0,0,0,0,0,0,0,0.0
강원도,속초시,교동,2035,0.00,0.00,0.00,0.0,0.000,0.00,0.00,0.00,0.00,0.00,0.00,0.00,0.000,0.00,0.00,0.00,0.00,0.00,0.000,0.00,0.00,0.00,0.00,0.00,0.00,0.00,0,0,0,0,0,0,0,0,0.0
강원도,속초시,노학동,2035,0.00,0.00,0.00,0.0,0.000,0.00,0.00,0.00,0.00,0.00,0.00,0.00,0.000,0.00,0.00,0.00,0.00,0.00,0.000,0.00,0.00,0.00,0.00,0.00,0.00,0.00,0,0,0,0,0,0,0,0,0.0
강원도,속초시,조양동,2035,0.00,0.00,0.00,0.0,0.000,0.00,0.00,0.00,0.00,0.00,0.00,0.00,0.000,0.00,0.00,0.00,0.00,0.00,0.000,0.00,0.00,0.00,0.00,0.00,0.00,0.00,0,0,0,0,0,0,0,0,0.0
강원도,속초시,청호동,2035,0.00,0.00,0.00,0.0,0.000,0.00,0.00,0.00,0.00,0.00,0.00,0.00,0.000,0.00,0.00,0.00,0.00,0.00,0.000,0.00,0.00,0.00,0.00,0.00,0.00,0.00,0,0,0,0,0,0,0,0,0.0
강원도,속초시,대포동,2035,0.00,0.00,0.00,0.0,0.000,0.00,0.00,0.00,0.00,0.00,0.00,0.00,0.000,0.00,0.00,0.00,0.00,0.00,0.000,0.00,0.00,0.00,0.00,0.00,0.00,0.00,0,0,0,0,0,0,0,0,0.0
강원도,삼척시,소계,,"544,952.39","754,786.20","688,735.50",91.2,6.560,"187,474.96","209,802.89","158,572.89","22,728.53","94,589.06",291.30,"40,964.00",26.270,"156,083.43","188,822.89","174,002.19",0.00,"174,002.19",69.730,"201,394.00","356,160.42","356,160.42","20,196.21","141,404.80","1,173.20","193,386.21","4,702","1,142",977,"13,180","8,715",44,265,"613,568",89.1
강원도,삼척시,도계읍,2020,"84,300.00","85,215.00","85,169.00",99.9,1.600,"27,815.00","27,815.00","27,769.00","3,417.00","16,253.70",136.30,"7,962.00",1.280,"25,103.00","26,000.00","26,000.00",0.00,"26,000.00",11.020,"31,382.00","31,400.00","31,400.00","1,282.80","22,984.30",266.20,"6,866.70","1,135",0,0,374,0,30,26,"85,169",100.0
강원도,삼척시,원덕읍,2020,"40,296.00","66,798.00","66,798.00",100.0,0.230,"8,162.00","13,766.00","13,766.00",497.00,"11,721.00",0.00,"1,548.00",1.030,"10,601.00","28,853.00","28,853.00",0.00,"28,853.00",6.150,"21,533.00","24,179.00","24,179.00","3,329.10","7,113.20",0.00,"13,736.70",0,489,323,"1,599","1,165",0,51,"66,798",100.0
강원도,삼척시,근덕면,2020,"105,538.00","170,523.23","170,523.23",100.0,0.150,"12,783.00","17,730.70","17,730.70","2,856.53","14,874.17",0.00,0.00,2.540,"38,118.00","50,302.63","50,302.63",0.00,"50,302.63",3.080,"54,637.00","102,489.90","102,489.90","5,136.82","29,093.27",0.00,"68,259.81",0,653,654,"2,145",0,0,31,"95,628",56.1
강원도,삼척시,하장면,2020,"2,456.00","33,068.00","33,068.00",100.0,0.000,0.00,0.00,0.00,0.00,0.00,0.00,0.00,0.150,"2,456.00","2,456.00","2,456.00",0.00,"2,456.00",0.000,0.00,"30,612.00","30,612.00",0.00,"4,087.00",355.00,"26,170.00",65,0,0,177,82,0,0,"33,068",100.0
강원도,삼척시,노곡면,2020,0.00,"19,301.00","19,301.00",100.0,0.000,0.00,0.00,0.00,0.00,0.00,0.00,0.00,0.000,0.00,0.00,0.00,0.00,0.00,0.000,0.00,"19,301.00","19,301.00",0.00,449.00,0.00,"18,852.00",5,0,0,61,0,0,0,"19,301",100.0
강원도,삼척시,미로면,2020,"10,177.40","27,376.00","27,376.00",100.0,0.010,"4,742.40","15,808.00","15,808.00",124.00,"5,403.00",16.00,"10,265.00",0.290,"5,435.00","6,055.00","6,055.00",0.00,"6,055.00",0.000,0.00,"5,513.00","5,513.00",0.00,"2,775.00",0.00,"2,738.00",172,0,0,191,0,0,0,"27,376",100.0
강원도,삼척시,가곡면,2020,"2,589.00","26,516.00","26,516.00",100.0,0.080,73.00,73.00,73.00,0.00,73.00,0.00,0.00,0.180,"2,516.00","2,516.00","2,516.00",0.00,"2,516.00",0.000,0.00,"23,927.00","23,927.00","1,027.00","2,896.00",264.00,"19,740.00",93,0,0,86,0,0,0,"26,516",100.0
강원도,삼척시,신기면,2020,"4,824.00","18,566.00","18,566.00",100.0,0.030,"2,411.00","2,411.00","2,411.00",418.00,378.00,0.00,"1,615.00",0.070,"2,413.00","2,413.00","2,413.00",0.00,"2,413.00",0.000,0.00,"13,742.00","13,742.00",517.00,"5,080.00",0.00,"8,145.00",71,0,0,250,0,0,0,"18,566",100.0
강원도,삼척시,남양동,2020,"291,332.00","295,178.57","229,173.87",77.6,0.140,"131,184.00","131,184.00","80,000.00","15,416.00","44,871.00",139.00,"19,574.00",6.280,"66,306.00","66,306.00","51,485.30",0.00,"51,485.30",49.480,"93,842.00","97,688.57","97,688.57","7,412.05","61,110.52",288.00,"28,878.00","3,161",0,0,"8,297","7,468",14,157,"229,173",100.0
강원도,삼척시,교동,2020,"2,362.41","7,471.54","7,471.54",100.0,1.540,224.33,747.75,747.75,0.00,747.75,0.00,0.00,4.500,"2,138.08","2,672.60","2,672.60",0.00,"2,672.60",0.000,0.00,"4,051.19","4,051.19","1,491.44","2,559.75",0.00,0.00,0,0,0,0,0,0,0,"7,471",100.0
강원도,삼척시,정라동,2020,403.27,"1,116.98","1,116.98",100.0,1.660,80.23,267.44,267.44,0.00,267.44,0.00,0.00,5.500,323.04,403.80,403.80,0.00,403.80,0.000,0.00,445.74,445.74,0.00,445.74,0.00,0.00,0,0,0,0,0,0,0,849,76.0
강원도,삼척시,성내동,2020,674.31,"3,655.88","3,655.88",100.0,1.120,0.00,0.00,0.00,0.00,0.00,0.00,0.00,4.450,674.31,844.86,844.86,0.00,844.86,0.000,0.00,"2,811.02","2,811.02",0.00,"2,811.02",0.00,0.00,0,0,0,0,0,0,0,"3,653",99.9
강원도,군부,합계,,"3,838,449.07","4,771,306.45","4,140,280.87",86.8,887.902,"345,937.00","346,005.00","264,893.99","32,951.88","137,327.66","49,015.43","45,599.02",206.867,"2,584,704.47","2,930,215.72","2,476,268.22","239,623.00","2,236,645.22","1,948.500","907,807.60","1,495,085.73","1,399,118.66","91,963.56","854,393.94","39,826.53","412,934.63","8,957","46,453","21,804","104,554","48,446",272,"1,440","2,355,095",56.9
강원도,홍천군,소계,,"479,693.00","479,693.00","429,587.00",89.6,0.000,0.00,0.00,0.00,0.00,0.00,0.00,0.00,16.800,"350,743.00","350,743.00","301,196.00",0.00,"301,196.00","1,819.200","128,950.00","128,950.00","128,391.00",914.00,"103,634.00","1,004.00","22,839.00",0,"6,018","2,567","7,624","7,645",0,39,"388,872",90.5
강원도,홍천군,홍천읍,2035,"237,480.00","237,480.00","229,568.00",96.7,0.000,0.00,0.00,0.00,0.00,0.00,0.00,0.00,7.610,"144,837.00","144,837.00","136,925.00",0.00,"136,925.00",107.300,"92,643.00","92,643.00","92,643.00",710.00,"76,909.00",672.00,"14,352.00",0,"2,739","1,853","3,382","3,845",0,26,"228,752",99.6
강원도,홍천군,화촌면,2035,"27,823.00","27,823.00","27,823.00",100.0,0.000,0.00,0.00,0.00,0.00,0.00,0.00,0.00,1.160,"24,303.00","24,303.00","24,303.00",0.00,"24,303.00",211.400,"3,520.00","3,520.00","3,520.00",0.00,"3,520.00",0.00,0.00,0,487,71,710,176,0,0,"24,303",87.3
강원도,홍천군,두촌면,2035,"12,417.00","12,417.00","8,628.00",69.5,0.000,0.00,0.00,0.00,0.00,0.00,0.00,0.00,0.260,"10,017.00","10,017.00","6,228.00",0.00,"6,228.00",140.500,"2,400.00","2,400.00","2,400.00",0.00,"2,400.00",0.00,0.00,0,125,48,251,120,0,0,"6,228",72.2
강원도,홍천군,내촌면,2035,"9,423.00","9,423.00","9,423.00",100.0,0.000,0.00,0.00,0.00,0.00,0.00,0.00,0.00,0.420,"5,332.00","5,332.00","5,332.00",0.00,"5,332.00",146.600,"4,091.00","4,091.00","4,091.00",0.00,"4,091.00",0.00,0.00,0,107,82,218,205,0,0,"5,332",56.6
강원도,홍천군,서석면,2035,"20,799.00","20,799.00","20,799.00",100.0,0.000,0.00,0.00,0.00,0.00,0.00,0.00,0.00,0.540,"12,511.00","12,511.00","12,511.00",0.00,"12,511.00",225.300,"8,288.00","8,288.00","8,288.00",53.00,"5,472.00",57.00,"2,706.00",0,250,166,350,"2,736",0,0,"12,511",60.2
강원도,홍천군,동면,2035,"26,013.00","26,013.00","25,301.00",97.3,0.000,0.00,0.00,0.00,0.00,0.00,0.00,0.00,1.010,"21,716.00","21,716.00","21,004.00",0.00,"21,004.00",149.700,"4,297.00","4,297.00","4,297.00",0.00,"4,297.00",0.00,0.00,0,420,86,452,215,0,0,"21,004",83.0
강원도,홍천군,남면,2035,"54,163.00","54,163.00","34,161.00",63.1,0.000,0.00,0.00,0.00,0.00,0.00,0.00,0.00,1.200,"43,794.00","43,794.00","24,351.00",0.00,"24,351.00",120.300,"10,369.00","10,369.00","9,810.00",151.00,"3,603.00",275.00,"5,781.00",0,487,196,779,180,0,10,"24,351",71.3
강원도,홍천군,서면,2035,"32,866.00","32,866.00","26,243.00",79.8,0.000,0.00,0.00,0.00,0.00,0.00,0.00,0.00,1.080,"32,028.00","32,028.00","25,405.00",0.00,"25,405.00",123.400,838.00,838.00,838.00,0.00,838.00,0.00,0.00,0,498,17,585,42,0,0,"24,858",94.7
강원도,홍천군,북방면,2035,"42,884.00","42,884.00","34,776.00",81.1,0.000,0.00,0.00,0.00,0.00,0.00,0.00,0.00,2.910,"41,148.00","41,148.00","33,040.00",0.00,"33,040.00",146.400,"1,736.00","1,736.00","1,736.00",0.00,"1,736.00",0.00,0.00,0,663,33,520,87,0,3,"29,436",84.6
강원도,홍천군,내면,2035,"15,825.00","15,825.00","12,865.00",81.3,0.000,0.00,0.00,0.00,0.00,0.00,0.00,0.00,0.610,"15,057.00","15,057.00","12,097.00",0.00,"12,097.00",448.300,768.00,768.00,768.00,0.00,768.00,0.00,0.00,0,242,15,377,39,0,0,"12,097",94.0
강원도,횡성군,소계,,"299,814.00","301,612.00","277,238.00",91.9,9.402,"98,525.00","98,525.00","94,087.00","11,319.00","51,715.00","21,699.00","9,354.00",9.402,"136,373.00","138,171.00","131,744.00","1,620.00","130,124.00",0.000,"64,916.00","64,916.00","51,407.00","5,064.00","42,058.00","3,465.00",820.00,"2,196","1,336",857,"10,348","7,651",17,138,"261,028",94.2
강원도,횡성군,횡성읍,2030,"127,211.00","127,211.00","121,352.00",95.4,4.004,"31,646.00","31,646.00","31,646.00","5,091.00","21,952.00","3,751.00",852.00,4.004,"62,105.00","62,105.00","62,105.00",0.00,"62,105.00",0.000,"33,460.00","33,460.00","27,601.00","2,692.00","23,558.00","1,351.00",0.00,"1,035",275,460,"6,656","6,111",12,55,"106,802",88.0
강원도,횡성군,우천면,2030,"50,375.00","50,375.00","46,936.00",93.2,1.544,"27,560.00","27,560.00","27,560.00","2,014.00","8,950.00","10,054.00","6,542.00",1.544,"18,665.00","18,665.00","18,665.00",0.00,"18,665.00",0.000,"4,150.00","4,150.00",711.00,711.00,0.00,0.00,0.00,311,429,12,800,88,0,50,"46,936",100.0
강원도,횡성군,안흥면,2030,"17,075.00","17,075.00","16,449.00",96.3,0.599,"10,217.00","10,217.00","9,693.00",945.00,"3,951.00","3,752.00","1,045.00",0.599,"5,321.00","5,321.00","5,321.00",0.00,"5,321.00",0.000,"1,537.00","1,537.00","1,435.00",683.00,752.00,0.00,0.00,89,63,24,446,48,0,0,"16,449",100.0
강원도,횡성군,둔내면,2030,"40,897.00","42,695.00","42,179.00",98.8,1.469,"11,335.00","11,335.00","11,335.00","2,957.00","8,031.00",347.00,0.00,1.469,"13,588.00","15,386.00","15,386.00","1,620.00","13,766.00",0.000,"15,974.00","15,974.00","15,458.00",644.00,"14,814.00",0.00,0.00,256,94,258,"1,161",722,5,33,"40,519",96.1
강원도,횡성군,갑천면,2030,"11,515.00","11,515.00","8,652.00",75.1,0.455,"3,873.00","3,873.00","3,873.00",0.00,"1,247.00","2,014.00",612.00,0.455,"6,716.00","6,716.00","4,469.00",0.00,"4,469.00",0.000,926.00,926.00,310.00,157.00,153.00,0.00,0.00,75,64,5,197,126,0,0,"8,652",100.0
강원도,횡성군,청일면,2030,"15,334.00","15,334.00","14,700.00",95.9,0.419,0.00,0.00,0.00,0.00,0.00,0.00,0.00,0.419,"9,210.00","9,210.00","8,808.00",0.00,"8,808.00",0.000,"6,124.00","6,124.00","5,892.00",177.00,"2,781.00","2,114.00",820.00,147,70,98,223,211,0,0,"14,700",100.0
강원도,횡성군,공근면,2030,"21,421.00","21,421.00","14,762.00",68.9,0.490,"6,434.00","6,434.00","2,520.00",208.00,"2,312.00",0.00,0.00,0.490,"12,242.00","12,242.00","12,242.00",0.00,"12,242.00",0.000,"2,745.00","2,745.00",0.00,0.00,0.00,0.00,0.00,204,195,0,344,205,0,0,"14,762",100.0
강원도,횡성군,서원면,2030,"8,630.00","8,630.00","8,384.00",97.1,0.204,"3,636.00","3,636.00","3,636.00",86.00,"1,686.00","1,671.00",193.00,0.204,"4,994.00","4,994.00","4,748.00",0.00,"4,748.00",0.000,0.00,0.00,0.00,0.00,0.00,0.00,0.00,79,121,0,173,139,0,0,"8,384",100.0
강원도,횡성군,강림면,2030,"7,356.00","7,356.00","3,824.00",52.0,0.218,"3,824.00","3,824.00","3,824.00",18.00,"3,586.00",110.00,110.00,0.218,"3,532.00","3,532.00",0.00,0.00,0.00,0.000,0.00,0.00,0.00,0.00,0.00,0.00,0.00,0,25,0,348,1,0,0,"3,824",100.0
강원도,영월군,소계,,"198,650.57","380,340.32","363,415.32",95.6,0.000,0.00,0.00,0.00,0.00,0.00,0.00,0.00,17.570,"198,650.57","216,133.87","199,208.87",0.00,"199,208.87",0.000,0.00,"164,206.45","164,206.45","17,547.47","95,149.57","15,694.62","35,814.79",0,"7,175",0,"8,390",0,0,217,0,0.0
강원도,영월군,영월읍,2020,"83,157.69","168,422.75","157,752.75",93.7,0.000,0.00,0.00,0.00,0.00,0.00,0.00,0.00,6.720,"83,157.69","83,157.69","72,487.69",0.00,"72,487.69",0.000,0.00,"85,265.06","85,265.06","14,094.57","60,769.83","3,246.80","7,153.86",0,"3,173",0,"3,778",0,0,81,0,0.0
강원도,영월군,상동읍,2020,"13,645.72","23,110.76","22,842.76",98.8,0.000,0.00,0.00,0.00,0.00,0.00,0.00,0.00,1.020,"13,645.72","13,645.72","13,377.72",0.00,"13,377.72",0.000,0.00,"9,465.04","9,465.04",278.90,"6,621.82","1,225.02","1,339.30",0,484,0,420,0,0,29,0,0.0
강원도,영월군,중동면,2020,"9,702.82","13,193.82","12,284.82",93.1,0.000,0.00,0.00,0.00,0.00,0.00,0.00,0.00,0.750,"9,702.82","9,702.82","8,793.82",0.00,"8,793.82",0.000,0.00,"3,491.00","3,491.00",48.30,"2,318.50",974.80,149.40,0,748,0,337,0,0,36,0,0.0
강원도,영월군,김삿갓면,2020,"5,428.30","12,438.30","12,438.30",100.0,0.000,0.00,0.00,0.00,0.00,0.00,0.00,0.00,0.890,"5,428.30","10,985.60","10,985.60",0.00,"10,985.60",0.000,0.00,"1,452.70","1,452.70",0.00,824.20,385.40,243.10,0,842,0,219,0,0,71,0,0.0
강원도,영월군,북면,2020,"10,795.10","14,173.90","14,173.90",100.0,0.000,0.00,0.00,0.00,0.00,0.00,0.00,0.00,0.870,"10,795.10","10,795.10","10,795.10",0.00,"10,795.10",0.000,0.00,"3,378.80","3,378.80",0.00,"2,582.90",505.00,290.90,0,117,0,517,0,0,0,0,0.0
강원도,영월군,남면,2020,"9,812.42","17,410.12","17,099.12",98.2,0.000,0.00,0.00,0.00,0.00,0.00,0.00,0.00,0.820,"9,812.42","9,812.42","9,501.42",0.00,"9,501.42",0.000,0.00,"7,597.70","7,597.70",356.90,"3,457.20","2,110.20","1,673.40",0,407,0,442,0,0,0,0,0.0
강원도,영월군,한반도면,2020,"24,093.10","46,588.98","41,821.98",89.8,0.000,0.00,0.00,0.00,0.00,0.00,0.00,0.00,1.960,"24,093.10","24,093.10","19,326.10",0.00,"19,326.10",0.000,0.00,"22,495.88","22,495.88","1,312.20","9,198.52","2,544.20","9,440.96",0,467,0,"1,047",0,0,0,0,0.0
강원도,영월군,주천면,2020,"38,006.35","68,597.05","68,597.05",100.0,0.000,0.00,0.00,0.00,0.00,0.00,0.00,0.00,2.510,"38,006.35","39,665.35","39,665.35",0.00,"39,665.35",0.000,0.00,"28,931.70","28,931.70","1,456.60","9,016.70","4,421.90","14,036.50",0,643,0,"1,277",0,0,0,0,0.0
강원도,영월군,무릉도원면,2020,"4,009.07","16,404.64","16,404.64",100.0,0.000,0.00,0.00,0.00,0.00,0.00,0.00,0.00,2.030,"4,009.07","14,276.07","14,276.07",0.00,"14,276.07",0.000,0.00,"2,128.57","2,128.57",0.00,359.90,281.30,"1,487.37",0,294,0,353,0,0,0,0,0.0
강원도,평창군,소계,,"463,664.00","480,034.00","405,892.00",84.6,1.700,"48,983.00","48,983.00","48,983.00","5,551.00","27,686.00","11,443.00","4,303.00",5.700,"386,775.00","403,145.00","336,589.00",0.00,"336,589.00",0.000,"27,906.00","27,906.00","20,320.00",817.00,"17,908.00",0.00,"1,595.00",672,"4,348","4,577","8,792","3,084",48,0,"295,258",72.7
강원도,평창군,평창읍,2030,"114,459.00","114,459.00","65,208.00",57.0,0.600,"25,041.00","25,041.00","25,041.00","3,492.00","16,873.00","2,630.00","2,046.00",1.500,"86,207.00","86,207.00","38,935.00",0.00,"38,935.00",0.000,"3,211.00","3,211.00","1,232.00",0.00,"1,232.00",0.00,0.00,343,540,883,"1,692",588,11,0,"38,245",58.7
강원도,평창군,미탄면,2030,"9,934.00","9,934.00","8,905.00",89.6,0.000,0.00,0.00,0.00,0.00,0.00,0.00,0.00,0.200,"9,934.00","9,934.00","8,905.00",0.00,"8,905.00",0.000,0.00,0.00,0.00,0.00,0.00,0.00,0.00,0,120,67,320,44,0,0,"4,942",55.5
강원도,평창군,방림면,2030,"16,135.00","20,017.00","20,017.00",100.0,0.000,0.00,0.00,0.00,0.00,0.00,0.00,0.00,0.000,"16,135.00","20,017.00","20,017.00",0.00,"20,017.00",0.000,0.00,0.00,0.00,0.00,0.00,0.00,0.00,0,326,220,561,146,0,0,"16,135",80.6
강원도,평창군,대화면,2030,"64,414.00","65,039.00","65,039.00",100.0,0.000,0.00,0.00,0.00,0.00,0.00,0.00,0.00,1.000,"61,566.00","62,191.00","62,191.00",0.00,"62,191.00",0.000,"2,848.00","2,848.00","2,848.00",0.00,"2,848.00",0.00,0.00,0,873,844,"1,061",562,0,0,"58,885",90.5
강원도,평창군,봉평면,2030,"75,183.00","77,020.00","75,952.00",98.6,0.300,"10,344.00","10,344.00","10,344.00",49.00,"5,747.00","3,747.00",801.00,0.700,"59,209.00","61,046.00","61,046.00",0.00,"61,046.00",0.000,"5,630.00","5,630.00","4,562.00",0.00,"4,562.00",0.00,0.00,142,685,796,"1,346",530,20,0,"57,470",75.7
강원도,평창군,용평면,2030,"28,440.00","28,440.00","9,530.00",33.5,0.000,0.00,0.00,0.00,0.00,0.00,0.00,0.00,0.000,"27,785.00","27,785.00","9,530.00",0.00,"9,530.00",0.000,655.00,655.00,0.00,0.00,0.00,0.00,0.00,0,130,130,416,86,4,0,"9,540",100.1
강원도,평창군,진부면,2030,"95,575.00","99,259.00","96,611.00",97.3,0.800,"13,598.00","13,598.00","13,598.00","2,010.00","5,066.00","5,066.00","1,456.00",1.100,"68,446.00","72,130.00","72,130.00",0.00,"72,130.00",0.000,"13,531.00","13,531.00","10,883.00",817.00,"8,471.00",0.00,"1,595.00",187,934,"1,037","1,767",691,0,0,"60,129",62.2
강원도,평창군,대관령면,2030,"59,524.00","65,866.00","64,630.00",98.1,0.000,0.00,0.00,0.00,0.00,0.00,0.00,0.00,1.200,"57,493.00","63,835.00","63,835.00",0.00,"63,835.00",0.000,"2,031.00","2,031.00",795.00,0.00,795.00,0.00,0.00,0,740,600,"1,629",437,13,0,"49,912",77.2
강원도,정선군,소계,,"462,013.00","518,375.00","438,534.00",84.6,0.000,"32,889.00","32,889.00","32,889.00",0.00,"32,889.00",0.00,0.00,13.410,"219,374.00","238,425.00","199,195.00",0.00,"199,195.00",15.500,"209,750.00","247,061.00","206,450.00",0.00,"205,326.00",522.00,602.00,"1,706","3,104","3,027","32,635","7,030",142,262,0,0.0
강원도,정선군,정선읍,2030,"109,798.00","109,798.00","86,995.00",79.2,0.000,"6,918.00","6,918.00","6,918.00",0.00,"6,918.00",0.00,0.00,3.290,"64,799.00","64,799.00","45,296.00",0.00,"45,296.00",4.100,"38,081.00","38,081.00","34,781.00",0.00,"34,636.00",145.00,0.00,438,740,742,"7,680","1,200",22,20,0,0.0
강원도,정선군,고한읍,2030,"68,498.00","68,498.00","68,498.00",100.0,0.000,"7,214.00","7,214.00","7,214.00",0.00,"7,214.00",0.00,0.00,1.400,"31,259.00","31,259.00","31,259.00",0.00,"31,259.00",1.400,"30,025.00","30,025.00","30,025.00",0.00,"30,025.00",0.00,0.00,366,270,273,"4,900","1,000",35,51,0,0.0
강원도,정선군,사북읍,2030,"65,864.00","65,864.00","65,864.00",100.0,0.000,"7,214.00","7,214.00","7,214.00",0.00,"7,214.00",0.00,0.00,0.900,"28,625.00","28,625.00","28,625.00",0.00,"28,625.00",0.900,"30,025.00","30,025.00","30,025.00",0.00,"30,025.00",0.00,0.00,420,320,340,"4,700",980,35,50,0,0.0
강원도,정선군,신동읍,2030,"90,950.00","96,450.00","96,450.00",100.0,0.000,"11,543.00","11,543.00","11,543.00",0.00,"11,543.00",0.00,0.00,2.260,"39,596.00","45,096.00","45,096.00",0.00,"45,096.00",2.100,"39,811.00","39,811.00","39,811.00",0.00,"39,434.00",377.00,0.00,190,850,587,"3,300",760,50,81,0,0.0
강원도,정선군,남면,2030,"8,686.00","14,181.00","14,181.00",100.0,0.000,0.00,0.00,0.00,0.00,0.00,0.00,0.00,1.100,"5,081.00","8,104.00","8,104.00",0.00,"8,104.00",0.000,"3,605.00","6,077.00","6,077.00",0.00,"5,957.00",0.00,120.00,0,230,431,"2,720",600,0,0,0,0.0
강원도,정선군,북평면,2030,"61,890.00","61,890.00","8,686.00",14.0,0.000,0.00,0.00,0.00,0.00,0.00,0.00,0.00,1.560,"24,248.00","24,248.00","5,081.00",0.00,"5,081.00",3.400,"37,642.00","37,642.00","3,605.00",0.00,"3,245.00",0.00,360.00,0,306,300,"2,880",700,0,0,0,0.0
강원도,정선군,임계면,2030,"20,178.00","23,452.00","22,892.00",97.6,0.000,0.00,0.00,0.00,0.00,0.00,0.00,0.00,0.540,"9,573.00","9,573.00","9,013.00",0.00,"9,013.00",1.400,"10,605.00","13,879.00","13,879.00",0.00,"13,879.00",0.00,0.00,0,180,143,"2,300",690,0,40,0,0.0
강원도,정선군,화암면,2030,"13,257.00","54,790.00","54,790.00",100.0,0.000,0.00,0.00,0.00,0.00,0.00,0.00,0.00,0.460,"7,180.00","17,148.00","17,148.00",0.00,"17,148.00",1.100,"6,077.00","37,642.00","37,642.00",0.00,"37,642.00",0.00,0.00,0,60,67,"1,135",450,0,0,0,0.0
강원도,정선군,여량면,2030,"22,892.00","23,452.00","20,178.00",86.0,0.000,0.00,0.00,0.00,0.00,0.00,0.00,0.00,1.900,"9,013.00","9,573.00","9,573.00",0.00,"9,573.00",1.100,"13,879.00","13,879.00","10,605.00",0.00,"10,483.00",0.00,122.00,292,148,144,"3,020",650,0,20,0,0.0
강원도,철원군,소계,,"317,961.00","513,573.66","417,584.84",81.3,870.900,"100,375.00","100,375.00","34,060.99","5,464.88","18,113.66","1,473.43","9,009.02",70.100,"110,772.00","238,484.98","231,391.98",0.00,"231,391.98",68.100,"106,814.00","174,713.68","152,131.87","23,440.76","92,820.80",688.01,"35,182.30","1,119","5,283","1,913","3,381","4,049",37,239,"417,584",100.0
강원도,철원군,철원읍,2030,"44,080.00","44,080.00","5,155.00",11.7,99.000,"14,751.00","14,751.00",0.00,0.00,0.00,0.00,0.00,12.000,"12,248.00","12,248.00","5,155.00",0.00,"5,155.00",12.000,"17,081.00","17,081.00",0.00,0.00,0.00,0.00,0.00,0,80,0,375,0,15,18,"5,155",100.0
강원도,철원군,김화읍,2030,"72,409.00","105,792.46","95,308.46",90.1,79.500,"24,990.00","24,990.00","18,522.81","2,917.74","8,932.15",422.11,"6,250.81",10.000,"22,179.00","55,562.46","55,562.46",0.00,"55,562.46",10.000,"25,240.00","25,240.00","21,223.19","3,784.04","11,603.27",42.77,"5,793.11",259,"1,157",367,576,863,9,49,"95,308",100.0
강원도,철원군,갈말읍,2030,"72,883.00","117,115.16","112,736.34",96.3,161.200,"19,917.00","19,917.00","15,538.18","2,547.14","9,181.51","1,051.32","2,758.21",14.000,"33,359.00","69,770.83","69,770.83",0.00,"69,770.83",12.000,"19,607.00","27,427.33","27,427.33","1,680.64","22,460.73",121.24,"3,164.72",218,"1,564",535,930,514,5,67,"112,736",100.0
강원도,철원군,동송읍,2030,"100,497.00","203,985.30","166,090.30",81.4,128.300,"37,895.00","37,895.00",0.00,0.00,0.00,0.00,0.00,16.000,"29,427.00","76,401.50","76,401.50",0.00,"76,401.50",16.000,"33,175.00","89,688.80","89,688.80","16,871.00","52,240.90",524.00,"20,052.90",642,"1,689",836,808,"2,439",0,60,"166,090",100.0
강원도,철원군,서면,2030,"14,427.00","16,214.77","14,278.77",88.1,68.400,"1,936.00","1,936.00",0.00,0.00,0.00,0.00,0.00,12.000,"6,364.00","7,342.89","7,342.89",0.00,"7,342.89",12.000,"6,127.00","6,935.88","6,935.88",990.38,"3,275.60",0.00,"2,669.90",0,253,90,183,113,0,20,"14,278",100.0
강원도,철원군,근남면,2030,"11,192.00","23,468.97","22,582.97",96.2,128.700,886.00,886.00,0.00,0.00,0.00,0.00,0.00,6.000,"6,206.00","15,726.30","15,726.30",0.00,"15,726.30",6.000,"4,100.00","6,856.67","6,856.67",114.70,"3,240.30",0.00,"3,501.67",0,513,85,450,120,8,24,"22,582",100.0
강원도,철원군,근북면,2030,"2,473.00","2,917.00","1,433.00",49.1,205.800,0.00,0.00,0.00,0.00,0.00,0.00,0.00,0.100,989.00,"1,433.00","1,433.00",0.00,"1,433.00",0.100,"1,484.00","1,484.00",0.00,0.00,0.00,0.00,0.00,0,27,0,59,0,0,1,"1,433",100.0
강원도,철원군,근동면,2030,0.00,0.00,0.00,0.0,0.000,0.00,0.00,0.00,0.00,0.00,0.00,0.00,0.000,0.00,0.00,0.00,0.00,0.00,0.000,0.00,0.00,0.00,0.00,0.00,0.00,0.00,0,0,0,0,0,0,0,0,0.0
강원도,철원군,원동면,2030,0.00,0.00,0.00,0.0,0.000,0.00,0.00,0.00,0.00,0.00,0.00,0.00,0.000,0.00,0.00,0.00,0.00,0.00,0.000,0.00,0.00,0.00,0.00,0.00,0.00,0.00,0,0,0,0,0,0,0,0,0.0
강원도,철원군,원남면,2030,0.00,0.00,0.00,0.0,0.000,0.00,0.00,0.00,0.00,0.00,0.00,0.00,0.000,0.00,0.00,0.00,0.00,0.00,0.000,0.00,0.00,0.00,0.00,0.00,0.00,0.00,0,0,0,0,0,0,0,0,0.0
강원도,철원군,임남면,2030,0.00,0.00,0.00,0.0,0.000,0.00,0.00,0.00,0.00,0.00,0.00,0.00,0.000,0.00,0.00,0.00,0.00,0.00,0.000,0.00,0.00,0.00,0.00,0.00,0.00,0.00,0,0,0,0,0,0,0,0,0.0
강원도,화천군,소계,,"275,856.00","379,450.00","252,242.10",66.5,0.000,0.00,0.00,0.00,0.00,0.00,0.00,0.00,23.500,"275,856.00","275,856.00","148,648.10",0.00,"148,648.10",0.000,0.00,"103,594.00","103,594.00","9,554.00","48,478.00","11,211.00","34,351.00",0,"3,985","1,967","1,340","1,069",0,127,"171,673",68.1
강원도,화천군,화천읍,2025,"77,692.00","111,678.00","102,736.70",92.0,0.000,0.00,0.00,0.00,0.00,0.00,0.00,0.00,7.500,"77,692.00","77,692.00","68,750.70",0.00,"68,750.70",0.000,0.00,"33,986.00","33,986.00","4,664.00","23,320.00","2,309.00","3,693.00",0,"1,569",784,"1,208",604,0,26,"76,658",74.6
강원도,화천군,간동면,2025,"37,402.00","50,476.00","28,032.10",55.5,0.000,0.00,0.00,0.00,0.00,0.00,0.00,0.00,1.500,"37,402.00","37,402.00","14,958.10",0.00,"14,958.10",0.000,0.00,"13,074.00","13,074.00",233.00,"7,192.00","1,200.00","4,449.00",0,511,255,0,100,0,0,"15,156",54.1
강원도,화천군,하남면,2025,"24,933.00","32,657.00","14,016.10",42.9,0.000,0.00,0.00,0.00,0.00,0.00,0.00,0.00,1.900,"24,933.00","24,933.00","6,292.10",0.00,"6,292.10",0.000,0.00,"7,724.00","7,724.00","1,183.00","1,051.00","2,338.00","3,152.00",0,149,75,0,150,0,0,"7,526",53.7
강원도,화천군,상서면,2025,"53,223.00","74,339.00","53,728.60",72.3,0.000,0.00,0.00,0.00,0.00,0.00,0.00,0.00,4.800,"53,223.00","53,223.00","32,612.60",0.00,"32,612.60",0.000,0.00,"21,116.00","21,116.00",784.00,"7,392.00","1,748.00","11,192.00",0,863,433,2,150,0,47,"37,293",69.4
강원도,화천군,사내면,2025,"82,606.00","110,300.00","53,728.60",48.7,0.000,0.00,0.00,0.00,0.00,0.00,0.00,0.00,7.800,"82,606.00","82,606.00","26,034.60",0.00,"26,034.60",0.000,0.00,"27,694.00","27,694.00","2,690.00","9,523.00","3,616.00","11,865.00",0,893,420,130,65,0,54,"35,040",65.2
강원도,양구군,소계,,"499,095.50","515,292.20","509,980.64",99.0,0.000,0.00,0.00,0.00,0.00,0.00,0.00,0.00,16.600,"256,948.90","273,145.60","267,834.30",0.00,"267,834.30",16.600,"242,146.60","242,146.60","242,146.34","10,489.74","84,000.70","7,065.90","140,590.00",0,"4,981","1,462","3,715","1,779",6,33,"457,190",89.6
강원도,양구군,양구읍,2030,"190,109.20","191,333.80","191,333.80",100.0,0.000,0.00,0.00,0.00,0.00,0.00,0.00,0.00,6.900,"101,756.40","102,981.00","102,981.00",0.00,"102,981.00",6.900,"88,352.80","88,352.80","88,352.80","7,431.50","49,719.80","3,689.30","27,512.20",0,"2,110",920,"1,467","1,206",6,20,"182,228",95.2
강원도,양구군,남면,2030,"152,055.00","153,668.20","153,668.20",100.0,0.000,0.00,0.00,0.00,0.00,0.00,0.00,0.00,5.700,"73,850.80","75,464.00","75,464.00",0.00,"75,464.00",5.700,"78,204.20","78,204.20","78,204.20","1,201.90","16,284.30","2,681.20","58,036.80",0,"1,399",247,"1,124",421,0,13,"142,408",92.7
강원도,양구군,동면,2030,"89,139.80","89,400.70","89,400.44",100.0,0.000,0.00,0.00,0.00,0.00,0.00,0.00,0.00,2.100,"50,219.10","50,480.00","50,480.00",0.00,"50,480.00",2.100,"38,920.70","38,920.70","38,920.44","1,393.64","8,309.50",329.20,"28,888.10",0,879,126,617,98,0,0,"70,130",78.4
강원도,양구군,방산면,2030,"32,879.40","45,977.40","45,977.40",100.0,0.000,0.00,0.00,0.00,0.00,0.00,0.00,0.00,1.100,"11,233.00","24,331.00","24,331.00",0.00,"24,331.00",1.100,"21,646.40","21,646.40","21,646.40",253.40,"4,460.30",232.40,"16,700.30",0,361,68,280,33,0,0,"32,879",71.5
강원도,양구군,해안면,2030,"34,912.10","34,912.10","29,600.80",84.8,0.000,0.00,0.00,0.00,0.00,0.00,0.00,0.00,0.800,"19,889.60","19,889.60","14,578.30",0.00,"14,578.30",0.800,"15,022.50","15,022.50","15,022.50",209.30,"5,226.80",133.80,"9,452.60",0,232,101,227,21,0,0,"29,545",99.8
강원도,인제군,소계,,"326,025.00","326,111.00","269,725.70",82.7,0.000,0.00,0.00,0.00,0.00,0.00,0.00,0.00,16.200,"224,931.00","224,931.00","171,237.70",0.00,"171,237.70",14.600,"101,094.00","101,180.00","98,488.00",0.00,"76,218.00",0.00,"22,270.00",0,"2,246","1,247","5,287","4,939",0,118,"89,384",33.1
강원도,인제군,인제읍,2030,"80,139.00","80,139.00","74,647.00",93.1,0.000,0.00,0.00,0.00,0.00,0.00,0.00,0.00,2.700,"48,564.00","48,564.00","44,973.00",0.00,"44,973.00",2.700,"31,575.00","31,575.00","29,674.00",0.00,"28,764.00",0.00,910.00,0,797,494,"1,542","1,497",0,17,"22,659",30.4
강원도,인제군,남면,2030,"45,169.00","45,169.00","28,252.20",62.5,0.000,0.00,0.00,0.00,0.00,0.00,0.00,0.00,1.700,"30,424.00","30,424.00","13,508.20",0.00,"13,508.20",1.700,"14,745.00","14,745.00","14,744.00",0.00,"9,564.00",0.00,"5,180.00",0,224,163,540,737,0,24,"9,568",33.9
강원도,인제군,북면,2030,"97,425.00","97,469.00","77,052.50",79.1,0.000,0.00,0.00,0.00,0.00,0.00,0.00,0.00,4.900,"76,375.00","76,375.00","55,958.50",0.00,"55,958.50",3.500,"21,050.00","21,094.00","21,094.00",0.00,"19,774.00",0.00,"1,320.00",0,555,344,"1,851","1,055",0,14,"31,944",41.5
강원도,인제군,기린면,2030,"42,147.00","42,147.00","35,125.00",83.3,0.000,0.00,0.00,0.00,0.00,0.00,0.00,0.00,2.300,"27,731.00","27,731.00","21,201.00",0.00,"21,201.00",2.200,"14,416.00","14,416.00","13,924.00",0.00,"9,034.00",0.00,"4,890.00",0,333,117,613,698,0,26,"12,587",35.8
강원도,인제군,서화면,2030,"37,154.00","37,154.00","35,501.00",95.6,0.000,0.00,0.00,0.00,0.00,0.00,0.00,0.00,2.400,"21,846.00","21,846.00","20,491.00",0.00,"20,491.00",2.300,"15,308.00","15,308.00","15,010.00",0.00,"6,770.00",0.00,"8,240.00",0,244,95,523,750,0,22,"12,626",35.6
강원도,인제군,상남면,2030,"23,991.00","24,033.00","19,148.00",79.7,0.000,0.00,0.00,0.00,0.00,0.00,0.00,0.00,2.200,"19,991.00","19,991.00","15,106.00",0.00,"15,106.00",2.200,"4,000.00","4,042.00","4,042.00",0.00,"2,312.00",0.00,"1,730.00",0,93,34,218,202,0,15,0,0.0
강원도,고성군,소계,,"423,362.00","442,076.00","341,332.00",77.2,5.900,"65,165.00","65,233.00","54,874.00","10,617.00","6,924.00","14,400.00","22,933.00",15.920,"331,966.00","350,400.00","268,443.00","238,003.00","30,440.00",14.500,"26,231.00","26,443.00","18,015.00","7,177.00","1,854.00",0.00,"8,984.00","3,264","5,250",543,"10,210","6,945",22,11,0,0.0
강원도,고성군,간성읍,2030,"82,440.00","82,440.00","59,492.00",72.2,0.900,"20,419.00","20,419.00","19,743.00","1,657.00","4,313.00","2,930.00","10,843.00",2.090,"59,423.00","59,423.00","39,503.00","39,503.00",0.00,2.000,"2,598.00","2,598.00",246.00,0.00,12.00,0.00,234.00,770,772,136,"2,259","1,366",0,0,0,0.0
강원도,고성군,거진읍,2030,"95,846.00","102,314.00","92,631.00",90.5,1.800,"19,110.00","19,110.00","9,427.00",533.00,0.00,"5,169.00","3,725.00",3.550,"62,364.00","68,620.00","68,620.00","50,862.00","17,758.00",3.500,"14,372.00","14,584.00","14,584.00","4,380.00","1,842.00",0.00,"8,362.00",342,735,126,"2,440","1,620",1,0,0,0.0
강원도,고성군,현내면,2030,"46,049.00","58,241.00","56,949.00",97.8,0.600,"6,934.00","6,948.00","6,948.00","2,585.00",911.00,"2,017.00","1,435.00",1.800,"37,823.00","50,001.00","50,001.00","37,319.00","12,682.00",1.100,"1,292.00","1,292.00",0.00,0.00,0.00,0.00,0.00,725,897,64,"1,207",781,7,0,0,0.0
강원도,고성군,죽왕면,2030,"80,068.00","80,068.00","64,490.00",80.5,1.200,"11,406.00","11,406.00","11,406.00","3,033.00",852.00,"2,100.00","5,421.00",2.050,"64,664.00","64,664.00","50,833.00","50,833.00",0.00,1.800,"3,998.00","3,998.00","2,251.00","2,131.00",0.00,0.00,120.00,773,808,73,"1,149",831,0,0,0,0.0
강원도,고성군,토성면,2030,"118,959.00","119,013.00","67,770.00",56.9,1.400,"7,296.00","7,350.00","7,350.00","2,809.00",848.00,"2,184.00","1,509.00",6.430,"107,692.00","107,692.00","59,486.00","59,486.00",0.00,6.100,"3,971.00","3,971.00",934.00,666.00,0.00,0.00,268.00,654,"2,038",144,"3,155","2,347",14,11,0,0.0
강원도,고성군,수동면,2030,0.00,0.00,0.00,0.0,0.000,0.00,0.00,0.00,0.00,0.00,0.00,0.00,0.000,0.00,0.00,0.00,0.00,0.00,0.000,0.00,0.00,0.00,0.00,0.00,0.00,0.00,0,0,0,0,0,0,0,0,0.0
강원도,양양군,소계,,"92,315.00","434,749.27","434,749.27",100.0,0.000,0.00,0.00,0.00,0.00,0.00,0.00,0.00,1.665,"92,315.00","220,780.27","220,780.27",0.00,"220,780.27",0.000,0.00,"213,969.00","213,969.00","16,959.59","86,946.87",176.00,"109,886.54",0,"2,727","3,644","12,832","4,255",0,256,"274,106",63.0
강원도,양양군,양양읍,2030,"43,263.00","203,035.56","203,035.56",100.0,0.000,0.00,0.00,0.00,0.00,0.00,0.00,0.00,0.570,"43,263.00","105,566.56","105,566.56",0.00,"105,566.56",0.000,0.00,"97,469.00","97,469.00","9,024.06","50,453.54",0.00,"37,991.40",0,"1,310","1,722","7,758","2,163",0,89,"114,059",56.2
강원도,양양군,서면,2030,"5,490.00","20,031.49","20,031.49",100.0,0.000,0.00,0.00,0.00,0.00,0.00,0.00,0.00,0.095,"5,490.00","8,013.96","8,013.96",0.00,"8,013.96",0.000,0.00,"12,017.53","12,017.53",581.35,"4,423.53",0.00,"7,012.65",0,195,130,442,278,0,29,"17,091",85.3
강원도,양양군,손양면,2030,0.00,"13,446.55","13,446.55",100.0,0.000,0.00,0.00,0.00,0.00,0.00,0.00,0.00,0.000,0.00,"9,170.99","9,170.99",0.00,"9,170.99",0.000,0.00,"4,275.56","4,275.56",353.82,727.59,176.00,"3,018.15",0,22,34,223,72,0,5,"3,958",29.4
강원도,양양군,현북면,2030,"12,202.00","62,710.59","62,710.59",100.0,0.000,0.00,0.00,0.00,0.00,0.00,0.00,0.00,0.370,"12,202.00","31,131.05","31,131.05",0.00,"31,131.05",0.000,0.00,"31,579.54","31,579.54","2,960.30","10,592.32",0.00,"18,026.92",0,409,600,"1,333",565,0,49,"38,205",60.9
강원도,양양군,현남면,2030,"24,759.00","60,880.05","60,880.05",100.0,0.000,0.00,0.00,0.00,0.00,0.00,0.00,0.00,0.400,"24,759.00","30,708.29","30,708.29",0.00,"30,708.29",0.000,0.00,"30,171.76","30,171.76","1,473.25","10,822.66",0.00,"17,875.85",0,375,548,"1,595",468,0,43,"43,739",71.8
강원도,양양군,강현면,2030,"6,601.00","74,645.03","74,645.03",100.0,0.000,0.00,0.00,0.00,0.00,0.00,0.00,0.00,0.230,"6,601.00","36,189.42","36,189.42",0.00,"36,189.42",0.000,0.00,"38,455.61","38,455.61","2,566.81","9,927.23",0.00,"25,961.57",0,416,610,"1,481",709,0,41,"57,054",76.4
충청북도,,합계,,"7,574,276.88","8,604,279.90","7,430,752.54",86.4,60.615,"780,830.00","1,093,560.00","1,089,654.00","130,811.00","917,952.00","4,923.00","35,968.00",255.380,"4,508,446.05","4,812,109.77","3,835,431.42","126,527.00","3,708,904.42",840.980,"2,285,000.83","2,698,610.13","2,505,667.12","368,289.83","1,553,270.38","107,492.99","476,613.92","25,572","75,311","29,292","164,272","63,771",491,"1,782","6,353,550",85.5
충청북도,시부,합계,,"4,527,786.82","5,060,951.54","4,287,147.91",84.7,0.000,"713,576.00","997,346.00","997,131.00","127,568.00","860,599.00","2,349.00","6,615.00",110.310,"2,590,402.99","2,687,805.71","1,970,977.08","1,306.00","1,969,671.08",159.820,"1,223,807.83","1,375,799.83","1,319,039.83","181,207.83","962,744.09","23,625.99","151,461.92","12,953","29,752","16,802","102,652","52,959",395,948,"4,038,762",94.2
충청북도,청주시,소계,,"2,665,666.00","2,678,425.00","2,166,929.00",80.9,0.000,"713,576.00","713,955.00","713,740.00","126,740.00","578,036.00","2,349.00","6,615.00",0.000,"1,327,178.00","1,339,001.00","827,720.00","1,306.00","826,414.00",0.000,"624,912.00","625,469.00","625,469.00","135,590.00","452,450.00",170.00,"37,259.00","10,275","15,400","10,429","46,325","52,959",267,460,"1,947,375",89.9
충청북도,청주시,낭성면,2035,"9,610.00","9,610.00","5,823.00",60.6,0.000,0.00,0.00,0.00,0.00,0.00,0.00,0.00,0.000,"9,610.00","9,610.00","5,823.00",0.00,"5,823.00",0.000,0.00,0.00,0.00,0.00,0.00,0.00,0.00,0,138,0,168,0,0,6,"5,853",100.5
충청북도,청주시,미원면,2035,"48,984.00","48,984.00","35,297.00",72.1,0.000,0.00,0.00,0.00,0.00,0.00,0.00,0.00,0.000,"38,698.00","38,698.00","25,011.00",0.00,"25,011.00",0.000,"10,286.00","10,286.00","10,286.00",578.00,"2,628.00",0.00,"7,080.00",0,417,172,"1,160",89,0,16,"28,480",80.7
충청북도,청주시,가덕면,2035,"104,905.00","104,905.00","75,719.00",72.2,0.000,0.00,0.00,0.00,0.00,0.00,0.00,0.00,0.000,"81,759.00","81,759.00","52,573.00",0.00,"52,573.00",0.000,"23,146.00","23,146.00","23,146.00",775.00,"13,810.00",0.00,"8,561.00",0,"1,335",386,"1,216",819,0,6,"71,622",94.6
충청북도,청주시,남일면,2035,"45,042.00","45,042.00","44,469.00",98.7,0.000,0.00,0.00,0.00,0.00,0.00,0.00,0.00,0.000,"24,128.00","24,128.00","23,555.00",0.00,"23,555.00",0.000,"20,914.00","20,914.00","20,914.00",82.00,"16,921.00",0.00,"3,911.00",0,2,349,901,745,0,23,"23,043",51.8
충청북도,청주시,문의면,2035,"85,552.00","85,552.00","66,046.00",77.2,0.000,0.00,0.00,0.00,0.00,0.00,0.00,0.00,0.000,"78,728.00","78,728.00","59,222.00",0.00,"59,222.00",0.000,"6,824.00","6,824.00","6,824.00",892.00,"5,932.00",0.00,0.00,0,985,114,"1,923",410,0,6,"28,752",43.5
충청북도,청주시,중앙동,2035,"94,008.00","94,008.00","91,541.00",97.4,0.000,"34,047.00","34,047.00","34,047.00","6,744.00","25,814.00",410.00,"1,079.00",0.000,"34,222.00","34,222.00","31,755.00",101.00,"31,654.00",0.000,"25,739.00","25,739.00","25,739.00","2,197.00","23,462.00",22.00,58.00,568,738,426,458,"2,689",15,0,"91,541",100.0
충청북도,청주시,성안동,2035,"104,018.00","104,018.00","77,703.00",74.7,0.000,"33,645.00","33,645.00","33,645.00","4,848.00","27,586.00",327.00,884.00,0.000,"43,802.00","43,802.00","17,487.00",72.00,"17,415.00",0.000,"26,571.00","26,571.00","26,571.00","1,434.00","25,073.00",17.00,47.00,561,292,443,0,"2,750",15,9,"77,703",100.0
충청북도,청주시,탑대성동,2035,"47,495.00","47,495.00","44,211.00",93.1,0.000,"18,008.00","18,008.00","18,008.00","1,028.00","16,798.00",49.00,133.00,0.000,"13,903.00","13,903.00","10,619.00",15.00,"10,604.00",0.000,"15,584.00","15,584.00","15,584.00",306.00,"15,268.00",0.00,10.00,300,177,260,425,"1,565",6,0,"44,211",100.0
충청북도,청주시,영운동,2035,"59,101.00","59,101.00","51,126.00",86.5,0.000,"20,862.00","20,862.00","20,862.00","1,255.00","19,387.00",59.00,161.00,0.000,"20,233.00","20,233.00","12,258.00",19.00,"12,239.00",0.000,"18,006.00","18,006.00","18,006.00",373.00,"17,621.00",0.00,12.00,348,205,300,0,"1,809",10,8,"51,126",100.0
충청북도,청주시,금천동,2035,"84,016.00","84,016.00","65,740.00",78.2,0.000,"27,134.00","27,134.00","27,134.00","2,352.00","24,582.00",54.00,146.00,0.000,"33,829.00","33,829.00","15,553.00",35.00,"15,518.00",0.000,"23,053.00","23,053.00","23,053.00",700.00,"22,342.00",0.00,11.00,453,259,384,402,"2,326",12,0,"65,740",100.0
충청북도,청주시,용담·명암·산성동,2035,"26,944.00","27,042.00","25,525.00",94.4,0.000,"11,931.00","12,029.00","12,029.00",513.00,"11,411.00",28.00,77.00,0.000,"6,988.00","6,988.00","5,471.00",8.00,"5,463.00",0.000,"8,025.00","8,025.00","8,025.00",153.00,"7,866.00",0.00,6.00,155,91,134,"1,392",806,6,36,"20,926",82.0
충청북도,청주시,용암1동,2035,"24,795.00","24,795.00","21,979.00",88.6,0.000,"13,308.00","13,308.00","13,308.00",727.00,"12,581.00",0.00,0.00,0.000,"6,288.00","6,288.00","3,472.00",11.00,"3,461.00",0.000,"5,199.00","5,199.00","5,199.00",216.00,"4,983.00",0.00,0.00,103,58,87,"2,244",527,5,40,"21,819",99.3
충청북도,청주시,용암2동,2035,"66,715.00","66,715.00","48,824.00",73.2,0.000,"25,788.00","25,788.00","25,788.00","3,732.00","21,328.00",197.00,531.00,0.000,"26,895.00","26,895.00","9,004.00",56.00,"8,948.00",0.000,"14,032.00","14,032.00","14,032.00","1,111.00","12,883.00",10.00,28.00,311,150,234,"1,481","1,475",9,41,"43,796",89.7
충청북도,청주시,남이면,2035,"46,682.00","55,425.00","55,425.00",100.0,0.000,0.00,0.00,0.00,0.00,0.00,0.00,0.00,0.000,"40,329.00","49,072.00","49,072.00",0.00,"49,072.00",0.000,"6,353.00","6,353.00","6,353.00",226.00,"5,159.00",0.00,968.00,0,"1,175",107,"1,524",0,0,23,"43,785",79.0
충청북도,청주시,현도면,2035,"10,688.00","10,688.00","2,301.00",21.5,0.000,0.00,0.00,0.00,0.00,0.00,0.00,0.00,0.000,"10,688.00","10,688.00","2,301.00",0.00,"2,301.00",0.000,0.00,0.00,0.00,0.00,0.00,0.00,0.00,0,38,0,57,24,0,8,0,0.0
충청북도,청주시,사직1동,2035,"93,307.00","93,307.00","72,007.00",77.2,0.000,"31,685.00","31,685.00","31,685.00","5,933.00","25,659.00",25.00,68.00,0.000,"37,536.00","37,536.00","16,236.00",38.00,"16,198.00",0.000,"24,086.00","24,086.00","24,086.00",760.00,"23,321.00",0.00,5.00,471,271,402,0,"2,429",10,2,"72,007",100.0
충청북도,청주시,사직2동,2035,"52,067.00","52,067.00","40,503.00",77.8,0.000,"18,456.00","18,456.00","18,456.00","4,397.00","13,939.00",32.00,88.00,0.000,"20,391.00","20,391.00","8,827.00",27.00,"8,800.00",0.000,"13,220.00","13,220.00","13,220.00",545.00,"12,669.00",0.00,6.00,265,147,221,0,"1,343",6,0,"40,503",100.0
충청북도,청주시,사창동,2035,"79,108.00","79,108.00","62,956.00",79.6,0.000,"25,631.00","25,631.00","25,631.00","1,473.00","24,136.00",6.00,16.00,0.000,"31,284.00","31,284.00","15,132.00",22.00,"15,110.00",0.000,"22,193.00","22,193.00","22,193.00",438.00,"21,754.00",0.00,1.00,433,252,370,75,"2,221",9,0,"62,956",100.0
충청북도,청주시,모충동,2035,"107,763.00","107,763.00","89,503.00",83.1,0.000,"40,610.00","40,610.00","40,610.00","9,807.00","30,744.00",16.00,43.00,0.000,"37,742.00","37,742.00","19,482.00",74.00,"19,408.00",0.000,"29,411.00","29,411.00","29,411.00","1,465.00","27,943.00",0.00,3.00,596,325,492,480,"2,198",12,5,"89,503",100.0
충청북도,청주시,산남동,2035,"37,502.00","37,502.00","32,839.00",87.6,0.000,"13,860.00","13,860.00","13,860.00","1,886.00","11,939.00",9.00,26.00,0.000,"12,228.00","12,228.00","7,565.00",28.00,"7,537.00",0.000,"11,414.00","11,414.00","11,414.00",561.00,"10,851.00",0.00,2.00,232,126,190,"1,915","1,162",5,12,"32,839",100.0
충청북도,청주시,분평동,2035,"79,729.00","79,729.00","46,011.00",57.7,0.000,"25,013.00","25,013.00","24,913.00","1,525.00","23,388.00",0.00,0.00,0.000,"42,093.00","42,093.00","8,475.00",23.00,"8,452.00",0.000,"12,623.00","12,623.00","12,623.00",454.00,"12,169.00",0.00,0.00,252,141,211,827,"1,012",5,19,"37,867",82.3
충청북도,청주시,수곡1동,2035,"89,970.00","89,985.00","76,143.00",84.6,0.000,"36,848.00","36,848.00","36,733.00","12,005.00","24,629.00",27.00,72.00,0.000,"29,345.00","29,345.00","15,618.00",70.00,"15,548.00",0.000,"23,777.00","23,792.00","23,792.00","1,387.00","22,400.00",0.00,5.00,494,261,396,799,"1,945",10,0,"76,128",100.0
충청북도,청주시,수곡2동,2035,"4,189.00","4,243.00","4,243.00",100.0,0.000,"2,310.00","2,310.00","2,310.00","1,368.00",942.00,0.00,0.00,0.000,616.00,670.00,670.00,21.00,649.00,0.000,"1,263.00","1,263.00","1,263.00",407.00,856.00,0.00,0.00,39,10,21,464,148,1,0,"4,189",98.7
충청북도,청주시,성화·개신·죽림동,2035,"69,379.00","69,379.00","52,138.00",75.1,0.000,"24,112.00","24,112.00","24,112.00","5,522.00","18,506.00",23.00,61.00,0.000,"28,164.00","28,164.00","10,923.00",84.00,"10,839.00",0.000,"17,103.00","17,103.00","17,103.00","1,643.00","15,456.00",0.00,4.00,378,180,285,"1,720","1,788",7,16,"45,750",87.7
충청북도,청주시,오송읍,2035,"30,939.00","30,939.00","27,956.00",90.4,0.000,0.00,0.00,0.00,0.00,0.00,0.00,0.00,0.000,"23,377.00","23,377.00","20,394.00",0.00,"20,394.00",0.000,"7,562.00","7,562.00","7,562.00",337.00,"5,546.00",0.00,"1,679.00",0,340,126,"1,591",0,0,19,"23,007",82.3
충청북도,청주시,강내면,2035,"60,776.00","60,776.00","50,069.00",82.4,0.000,0.00,0.00,0.00,0.00,0.00,0.00,0.00,0.000,"46,086.00","46,086.00","35,379.00",0.00,"35,379.00",0.000,"14,690.00","14,690.00","14,690.00",857.00,"9,462.00",0.00,"4,371.00",0,644,245,"2,630",0,0,17,"43,613",87.1
충청북도,청주시,옥산면,2035,"43,707.00","43,707.00","35,130.00",80.4,0.000,396.00,396.00,396.00,396.00,0.00,0.00,0.00,0.000,"36,467.00","36,467.00","27,890.00",0.00,"27,890.00",0.000,"6,844.00","6,844.00","6,844.00",594.00,"4,904.00",0.00,"1,346.00",0,465,114,911,318,0,14,"28,286",80.5
충청북도,청주시,운천·신봉동,2035,"54,143.00","54,143.00","46,260.00",85.4,0.000,"23,929.00","23,929.00","23,929.00","9,644.00","14,061.00",60.00,164.00,0.000,"16,645.00","16,645.00","8,762.00",51.00,"8,711.00",0.000,"13,569.00","13,569.00","13,569.00","1,015.00","12,542.00",0.00,12.00,291,146,226,569,"1,407",8,0,"39,071",84.5
충청북도,청주시,복대1동,2035,"72,491.00","72,491.00","57,997.00",80.0,0.000,"27,586.00","27,586.00","27,586.00","1,695.00","25,886.00",0.00,5.00,0.000,"26,767.00","26,767.00","12,273.00",25.00,"12,248.00",0.000,"18,138.00","18,138.00","18,138.00",504.00,"17,634.00",0.00,0.00,352,205,302,742,"1,823",10,7,"57,997",100.0
충청북도,청주시,복대2동,2035,"32,219.00","32,219.00","26,033.00",80.8,0.000,"13,256.00","13,256.00","13,256.00","3,237.00","10,019.00",0.00,0.00,0.000,"11,057.00","11,057.00","4,871.00",49.00,"4,822.00",0.000,"7,906.00","7,906.00","7,906.00",963.00,"6,943.00",0.00,0.00,181,81,132,642,837,6,0,"26,033",100.0
충청북도,청주시,가경동,2035,"7,824.00","7,824.00","5,437.00",69.5,0.000,"4,025.00","4,025.00","4,025.00",922.00,"3,103.00",0.00,0.00,0.000,"2,862.00","2,862.00",475.00,14.00,461.00,0.000,937.00,937.00,937.00,274.00,663.00,0.00,0.00,27,8,16,"2,335",108,4,17,"5,437",100.0
충청북도,청주시,봉명1동,2035,"61,566.00","61,566.00","59,624.00",96.8,0.000,"24,382.00","24,382.00","24,382.00","1,811.00","22,512.00",16.00,43.00,0.000,"16,181.00","16,181.00","14,239.00",27.00,"14,212.00",0.000,"21,003.00","21,003.00","21,003.00",539.00,"20,461.00",0.00,3.00,407,237,350,0,"2,110",11,0,"59,624",100.0
충청북도,청주시,봉명2·송정동,2035,"23,960.00","23,960.00","23,960.00",100.0,0.000,"11,223.00","11,223.00","11,223.00","3,671.00","7,524.00",8.00,20.00,0.000,"4,805.00","4,805.00","4,805.00",55.00,"4,750.00",0.000,"7,932.00","7,932.00","7,932.00","1,093.00","6,838.00",0.00,1.00,188,80,132,"1,552",848,5,0,"23,960",100.0
충청북도,청주시,강서1동,2035,"98,465.00","98,465.00","61,047.00",62.0,0.000,"33,628.00","33,628.00","33,628.00","6,590.00","26,496.00",146.00,396.00,0.000,"47,898.00","47,898.00","10,480.00",99.00,"10,381.00",0.000,"16,939.00","16,939.00","16,939.00","1,964.00","14,946.00",0.00,29.00,393,175,282,"1,604","1,805",9,9,"50,241",82.3
충청북도,청주시,강서2동,2035,"64,080.00","64,080.00","39,247.00",61.2,0.000,"25,773.00","25,773.00","25,773.00","17,256.00","8,394.00",33.00,90.00,0.000,"30,083.00","30,083.00","5,250.00",36.00,"5,214.00",0.000,"8,224.00","8,224.00","8,224.00",711.00,"7,507.00",0.00,6.00,180,87,137,191,858,3,12,"24,300",61.9
충청북도,청주시,내수읍,2035,"74,071.00","77,378.00","77,378.00",100.0,0.000,0.00,281.00,281.00,0.00,0.00,0.00,281.00,0.000,"55,375.00","58,401.00","58,401.00",0.00,"58,401.00",0.000,"18,696.00","18,696.00","18,696.00","1,892.00","11,619.00",0.00,"5,185.00",0,"1,043",314,"3,792",0,0,35,"64,039",82.8
충청북도,청주시,오창읍,2035,"74,131.00","74,249.00","69,645.00",93.8,0.000,0.00,0.00,0.00,0.00,0.00,0.00,0.00,0.000,"64,226.00","64,226.00","59,622.00",0.00,"59,622.00",0.000,"9,905.00","10,023.00","10,023.00",479.00,"5,676.00",78.00,"3,790.00",0,994,165,"1,429","1,062",0,8,"57,220",82.2
충청북도,청주시,북이면,2035,"57,984.00","57,984.00","24,205.00",41.7,0.000,0.00,0.00,0.00,0.00,0.00,0.00,0.00,0.000,"57,204.00","57,204.00","23,425.00",0.00,"23,425.00",0.000,780.00,780.00,780.00,0.00,780.00,0.00,0.00,0,285,13,469,0,0,5,"5,528",22.8
충청북도,청주시,우암동,2035,"116,305.00","116,305.00","112,645.00",96.9,0.000,"36,554.00","36,554.00","36,554.00","5,412.00","30,870.00",73.00,199.00,0.000,"50,069.00","50,069.00","46,409.00",81.00,"46,328.00",0.000,"29,682.00","29,682.00","29,682.00","28,057.00","1,611.00",4.00,10.00,610,"1,329",495,"3,531","3,036",16,1,"112,645",100.0
충청북도,청주시,내덕1동,2035,"90,527.00","90,527.00","89,711.00",99.1,0.000,"36,174.00","36,174.00","36,174.00","4,230.00","30,840.00",298.00,806.00,0.000,"26,449.00","26,449.00","25,633.00",63.00,"25,570.00",0.000,"27,904.00","27,904.00","27,904.00","26,585.00","1,259.00",16.00,44.00,577,614,465,"1,276","2,867",16,4,"89,711",100.0
충청북도,청주시,내덕2동,2035,"84,973.00","85,186.00","84,370.00",99.0,0.000,"32,933.00","32,933.00","32,933.00","3,842.00","28,611.00",130.00,350.00,0.000,"25,218.00","25,218.00","24,402.00",58.00,"24,344.00",0.000,"26,822.00","27,035.00","27,035.00","25,867.00","1,143.00",7.00,18.00,543,579,447,"1,353","2,734",15,0,"84,157",99.7
충청북도,청주시,율량·사천동,2035,"84,187.00","84,398.00","65,076.00",77.1,0.000,"30,867.00","30,867.00","30,867.00","2,367.00","27,336.00",314.00,850.00,0.000,"32,965.00","32,965.00","13,643.00",36.00,"13,607.00",0.000,"20,355.00","20,566.00","20,566.00","19,590.00",915.00,16.00,45.00,419,227,345,"1,967","2,091",14,22,"53,383",82.0
충청북도,청주시,오근장동,2035,"61,749.00","61,749.00","23,067.00",37.4,0.000,"9,602.00","9,602.00","9,602.00",552.00,"9,015.00",9.00,26.00,0.000,"43,945.00","43,945.00","5,263.00",8.00,"5,255.00",0.000,"8,202.00","8,202.00","8,202.00","7,566.00",634.00,0.00,2.00,148,88,139,110,775,7,14,"18,984",82.3
충청북도,충주시,소계,,"1,360,470.82","1,369,692.54","1,260,533.91",92.0,0.000,0.00,0.00,0.00,0.00,0.00,0.00,0.00,69.410,"820,904.99","830,126.71","720,968.08",0.00,"720,968.08",156.350,"539,565.83","539,565.83","539,565.83","45,575.83","356,373.09","23,413.99","114,202.92",0,"12,466","6,373","50,384",0,110,434,"1,250,694",99.2
충청북도,충주시,주덕읍,2035,"81,751.51","81,751.51","81,358.50",99.5,0.000,0.00,0.00,0.00,0.00,0.00,0.00,0.00,5.450,"55,749.00","55,749.00","55,355.99",0.00,"55,355.99",14.600,"26,002.51","26,002.51","26,002.51","2,168.26","11,511.72","4,297.46","8,025.07",0,599,0,"1,957",0,0,0,"81,354",100.0
충청북도,충주시,살미면,2035,"20,033.70","20,033.70","17,441.72",87.1,0.000,0.00,0.00,0.00,0.00,0.00,0.00,0.00,1.470,"20,033.70","20,033.70","17,441.72",0.00,"17,441.72",0.000,0.00,0.00,0.00,0.00,0.00,0.00,0.00,0,449,0,"1,019",0,0,0,"17,441",100.0
충청북도,충주시,수안보면,2035,"86,201.31","86,201.31","83,893.31",97.3,0.000,0.00,0.00,0.00,0.00,0.00,0.00,0.00,3.210,"56,414.80","56,414.80","54,106.80",0.00,"54,106.80",14.660,"29,786.51","29,786.51","29,786.51","1,214.30","9,494.81","6,396.95","12,680.45",0,572,0,"1,899",0,5,0,"71,897",85.7
충청북도,충주시,대소원면,2035,"54,089.60","54,098.60","54,098.60",100.0,0.000,0.00,0.00,0.00,0.00,0.00,0.00,0.00,5.750,"31,217.30","31,226.30","31,226.30",0.00,"31,226.30",15.350,"22,872.30","22,872.30","22,872.30","2,326.97","12,857.91","2,737.97","4,949.45",0,620,0,"2,441",0,0,0,"53,192",98.3
충청북도,충주시,신니면,2035,"58,506.96","58,506.96","32,793.85",56.1,0.000,0.00,0.00,0.00,0.00,0.00,0.00,0.00,4.550,"46,068.70","46,068.70","20,355.59",0.00,"20,355.59",7.830,"12,438.26","12,438.26","12,438.26",922.50,"4,245.53","3,566.57","3,703.66",0,624,0,"1,046",0,0,0,"32,793",100.0
충청북도,충주시,노은면,2035,"22,188.90","22,188.90","9,061.95",40.8,0.000,0.00,0.00,0.00,0.00,0.00,0.00,0.00,1.490,"22,188.90","22,188.90","9,061.95",0.00,"9,061.95",0.000,0.00,0.00,0.00,0.00,0.00,0.00,0.00,0,188,0,654,0,0,0,"9,061",100.0
충청북도,충주시,앙성면,2035,"68,045.70","68,045.70","53,872.51",79.2,0.000,0.00,0.00,0.00,0.00,0.00,0.00,0.00,3.390,"49,551.90","49,551.90","35,378.71",0.00,"35,378.71",24.500,"18,493.80","18,493.80","18,493.80","2,291.74","8,007.44","4,954.53","3,240.09",0,438,0,"1,191",0,0,0,"59,218",109.9
충청북도,충주시,중앙탑면,2035,"28,806.90","28,806.90","19,296.81",67.0,0.000,0.00,0.00,0.00,0.00,0.00,0.00,0.00,2.760,"28,806.90","28,806.90","19,296.81",0.00,"19,296.81",0.000,0.00,0.00,0.00,0.00,0.00,0.00,0.00,0,354,0,"1,487",0,0,0,"19,296",100.0
충청북도,충주시,금가면,2035,"25,902.50","25,902.50","23,997.37",92.6,0.000,0.00,0.00,0.00,0.00,0.00,0.00,0.00,2.090,"25,902.50","25,902.50","23,997.37",0.00,"23,997.37",0.000,0.00,0.00,0.00,0.00,0.00,0.00,0.00,0,305,0,"1,064",0,0,0,"23,997",100.0
충청북도,충주시,동량면,2035,"45,244.80","45,244.80","30,303.83",67.0,0.000,0.00,0.00,0.00,0.00,0.00,0.00,0.00,6.240,"45,244.80","45,244.80","30,303.83",0.00,"30,303.83",18.920,0.00,0.00,0.00,0.00,0.00,0.00,0.00,0,"1,219",0,"1,316",0,0,0,"28,004",92.4
충청북도,충주시,산척면,2035,"14,903.80","17,715.72","17,715.72",100.0,0.000,0.00,0.00,0.00,0.00,0.00,0.00,0.00,1.180,"14,903.80","17,715.72","17,715.72",0.00,"17,715.72",0.000,0.00,0.00,0.00,0.00,0.00,0.00,0.00,0,91,0,703,0,0,0,"19,037",107.5
충청북도,충주시,엄정면,2035,"13,434.05","13,434.05","13,434.05",100.0,0.000,0.00,0.00,0.00,0.00,0.00,0.00,0.00,1.260,"13,434.05","13,434.05","13,434.05",0.00,"13,434.05",0.000,0.00,0.00,0.00,0.00,0.00,0.00,0.00,0,278,0,"1,060",0,0,0,"13,434",100.0
충청북도,충주시,소태면,2035,"22,989.80","22,989.80","16,687.71",72.6,0.000,0.00,0.00,0.00,0.00,0.00,0.00,0.00,2.220,"22,989.80","22,989.80","16,687.71",0.00,"16,687.71",0.000,0.00,0.00,0.00,0.00,0.00,0.00,0.00,0,412,0,611,0,0,0,"16,687",100.0
충청북도,충주시,성내·충인동,2035,"35,388.43","35,388.43","35,388.43",100.0,0.000,0.00,0.00,0.00,0.00,0.00,0.00,0.00,0.500,"13,740.76","13,740.76","13,740.76",0.00,"13,740.76",16.390,"21,647.67","21,647.67","21,647.67",380.80,"6,192.76",0.00,"15,074.11",0,147,134,"2,438",0,105,434,"35,388",100.0
충청북도,충주시,교현·안림동,2035,"162,852.08","162,954.08","162,954.08",100.0,0.000,0.00,0.00,0.00,0.00,0.00,0.00,0.00,3.910,"83,371.37","83,473.37","83,473.37",0.00,"83,473.37",13.250,"79,480.71","79,480.71","79,480.71","4,478.62","58,307.39",0.00,"16,694.70",0,557,506,"4,927",0,0,0,"162,953",100.0
충청북도,충주시,교현2동,2035,0.00,0.00,0.00,0.0,0.000,0.00,0.00,0.00,0.00,0.00,0.00,0.00,0.900,0.00,0.00,0.00,0.00,0.00,0.000,0.00,0.00,0.00,0.00,0.00,0.00,0.00,0,278,253,"2,536",0,0,0,0,0.0
충청북도,충주시,용산동,2035,"41,144.28","41,144.28","41,144.28",100.0,0.000,0.00,0.00,0.00,0.00,0.00,0.00,0.00,0.990,"16,660.54","16,660.54","16,660.54",0.00,"16,660.54",0.000,"24,483.74","24,483.74","24,483.74","2,936.36","14,793.20",0.00,"6,754.18",0,522,474,"2,863",0,0,0,"41,144",100.0
충청북도,충주시,지현동,2035,"31,425.00","31,425.00","31,425.00",100.0,0.000,0.00,0.00,0.00,0.00,0.00,0.00,0.00,0.530,"12,007.74","12,007.74","12,007.74",0.00,"12,007.74",0.000,"19,417.26","19,417.26","19,417.26",999.46,"13,925.07",4.03,"4,488.70",0,186,169,"2,235",0,0,0,"31,425",100.0
충청북도,충주시,문화동,2035,"52,385.58","52,385.58","52,385.58",100.0,0.000,0.00,0.00,0.00,0.00,0.00,0.00,0.00,0.980,"23,410.38","23,410.38","23,410.38",0.00,"23,410.38",0.000,"28,975.20","28,975.20","28,975.20","1,299.43","20,507.82",0.80,"7,167.15",0,344,313,"3,762",0,0,0,"52,385",100.0
충청북도,충주시,호암·직동,2035,"41,763.84","47,253.64","47,253.64",100.0,0.000,0.00,0.00,0.00,0.00,0.00,0.00,0.00,1.630,"18,092.90","23,582.70","23,582.70",0.00,"23,582.70",0.000,"23,670.94","23,670.94","23,670.94","2,008.01","20,470.72",0.00,"1,192.21",0,532,484,"1,423",0,0,0,"47,252",100.0
충청북도,충주시,달천동,2035,"97,685.18","97,685.18","79,491.07",81.4,0.000,0.00,0.00,0.00,0.00,0.00,0.00,0.00,5.290,"63,543.90","63,543.90","45,349.79",0.00,"45,349.79",9.010,"34,141.28","34,141.28","34,141.28","4,319.37","26,678.77",0.00,"3,143.14",0,472,650,"2,408",0,0,0,"78,372",98.6
충청북도,충주시,봉방동,2035,"66,945.23","66,945.23","66,945.23",100.0,0.000,0.00,0.00,0.00,0.00,0.00,0.00,0.00,1.400,"31,355.48","31,355.48","31,355.48",0.00,"31,355.48",0.000,"35,589.75","35,589.75","35,589.75","3,071.63","23,828.96",0.00,"8,689.16",0,753,"1,095","3,487",0,0,0,"66,945",100.0
충청북도,충주시,칠금·금릉동,2035,"89,172.01","89,810.01","89,810.01",100.0,0.000,0.00,0.00,0.00,0.00,0.00,0.00,0.00,3.210,"38,373.28","39,011.28","39,011.28",0.00,"39,011.28",0.000,"50,798.73","50,798.73","50,798.73","4,233.66","43,130.25","1,333.45","2,101.37",0,296,269,"3,149",0,0,0,"89,810",100.0
충청북도,충주시,연수동,2035,"87,261.15","87,261.15","87,261.15",100.0,0.000,0.00,0.00,0.00,0.00,0.00,0.00,0.00,2.380,"39,917.22","39,917.22","39,917.22",0.00,"39,917.22",8.450,"47,343.93","47,343.93","47,343.93","5,860.33","39,561.59",0.00,"1,922.01",0,"1,708","1,552","3,714",0,0,0,"87,261",100.0
충청북도,충주시,목행용탄동,2035,"112,348.51","112,519.51","112,519.51",100.0,0.000,0.00,0.00,0.00,0.00,0.00,0.00,0.00,6.630,"47,925.27","48,096.27","48,096.27",0.00,"48,096.27",13.390,"64,423.24","64,423.24","64,423.24","7,064.39","42,859.15",122.23,"14,377.47",0,522,474,994,0,0,0,"112,348",99.8
충청북도,제천시,소계,,"501,650.00","1,012,834.00","859,685.00",84.9,0.000,0.00,"283,391.00","283,391.00",828.00,"282,563.00",0.00,0.00,40.900,"442,320.00","518,678.00","422,289.00",0.00,"422,289.00",3.470,"59,330.00","210,765.00","154,005.00",42.00,"153,921.00",42.00,0.00,"2,678","1,886",0,"5,943",0,18,54,"840,693",97.8
충청북도,제천시,봉양읍,2035,"72,730.00","73,558.00","44,490.00",60.5,0.000,0.00,828.00,828.00,828.00,0.00,0.00,0.00,3.150,"50,700.00","50,700.00","42,399.00",0.00,"42,399.00",3.470,"22,030.00","22,030.00","1,263.00",0.00,"1,263.00",0.00,0.00,0,782,0,953,0,0,8,"34,763",78.1
충청북도,제천시,금성면,2035,0.00,"22,068.00","22,068.00",100.0,0.000,0.00,0.00,0.00,0.00,0.00,0.00,0.00,2.330,0.00,"21,836.00","21,836.00",0.00,"21,836.00",0.000,0.00,232.00,232.00,0.00,232.00,0.00,0.00,467,0,0,575,0,0,0,"22,068",100.0
충청북도,제천시,청풍면,2035,"2,800.00","13,978.00","13,978.00",100.0,0.000,0.00,0.00,0.00,0.00,0.00,0.00,0.00,1.000,"2,800.00","11,216.00","11,216.00",0.00,"11,216.00",0.000,0.00,"2,762.00","2,762.00",0.00,"2,762.00",0.00,0.00,212,0,0,295,0,0,0,"13,838",99.0
충청북도,제천시,수산면,2035,0.00,"28,981.00","28,981.00",100.0,0.000,0.00,0.00,0.00,0.00,0.00,0.00,0.00,2.230,0.00,"28,885.00","28,885.00",0.00,"28,885.00",0.000,0.00,96.00,96.00,0.00,96.00,0.00,0.00,566,1,0,645,0,0,9,"26,678",92.1
충청북도,제천시,덕산면,2035,"56,910.00","56,974.00","30,452.00",53.4,0.000,0.00,0.00,0.00,0.00,0.00,0.00,0.00,3.920,"30,340.00","30,404.00","30,404.00",0.00,"30,404.00",0.000,"26,570.00","26,570.00",48.00,0.00,48.00,0.00,0.00,769,0,0,852,0,0,17,"30,452",100.0
충청북도,제천시,한수면,2035,"15,470.00","16,925.00","16,925.00",100.0,0.000,0.00,0.00,0.00,0.00,0.00,0.00,0.00,0.420,"15,470.00","16,027.00","16,027.00",0.00,"16,027.00",0.000,0.00,898.00,898.00,0.00,898.00,0.00,0.00,267,0,0,283,0,0,0,"15,902",94.0
충청북도,제천시,백운면,2035,0.00,"17,280.00","17,280.00",100.0,0.000,0.00,0.00,0.00,0.00,0.00,0.00,0.00,2.780,0.00,"16,600.00","16,600.00",0.00,"16,600.00",0.000,0.00,680.00,680.00,0.00,680.00,0.00,0.00,397,0,0,605,0,0,8,"16,606",96.1
충청북도,제천시,송학면,2035,"70,420.00","70,420.00","60,577.00",86.0,0.000,0.00,0.00,0.00,0.00,0.00,0.00,0.00,4.250,"59,690.00","59,690.00","59,318.00",0.00,"59,318.00",0.000,"10,730.00","10,730.00","1,259.00",0.00,"1,259.00",0.00,0.00,0,"1,069",0,"1,574",0,0,12,"59,230",97.8
충청북도,제천시,교동,2035,"35,320.00","92,583.00","75,417.00",81.5,0.000,0.00,"41,063.00","41,063.00",0.00,"41,063.00",0.00,0.00,3.000,"35,320.00","35,320.00","18,154.00",0.00,"18,154.00",0.000,0.00,"16,200.00","16,200.00",0.00,"16,200.00",0.00,0.00,0,0,0,1,0,1,0,"74,976",99.4
충청북도,제천시,의림지동,2035,"30,500.00","78,286.00","69,794.00",89.2,0.000,0.00,"31,500.00","31,500.00",0.00,"31,500.00",0.00,0.00,1.100,"30,500.00","30,500.00","22,008.00",0.00,"22,008.00",0.000,0.00,"16,286.00","16,286.00",0.00,"16,244.00",42.00,0.00,0,15,0,16,0,1,0,"68,186",97.7
충청북도,제천시,중앙동,2035,"31,480.00","80,391.00","70,815.00",88.1,0.000,0.00,"32,000.00","32,000.00",0.00,"32,000.00",0.00,0.00,1.000,"31,480.00","31,480.00","21,904.00",0.00,"21,904.00",0.000,0.00,"16,911.00","16,911.00",0.00,"16,911.00",0.00,0.00,0,0,0,14,0,0,0,"70,236",99.2
충청북도,제천시,남현동,2035,"30,000.00","75,718.00","59,829.00",79.0,0.000,0.00,"29,500.00","29,500.00",0.00,"29,500.00",0.00,0.00,1.900,"30,000.00","30,000.00","14,111.00",0.00,"14,111.00",0.000,0.00,"16,218.00","16,218.00",0.00,"16,218.00",0.00,0.00,0,0,0,1,0,1,0,"59,829",100.0
충청북도,제천시,영서동,2035,"30,500.00","76,722.00","66,953.00",87.3,0.000,0.00,"30,000.00","30,000.00",0.00,"30,000.00",0.00,0.00,1.700,"30,500.00","30,500.00","20,731.00",0.00,"20,731.00",0.000,0.00,"16,222.00","16,222.00",0.00,"16,222.00",0.00,0.00,0,7,0,21,0,2,0,"65,498",97.8
충청북도,제천시,용두동,2035,"34,520.00","83,284.00","75,962.00",91.2,0.000,0.00,"32,500.00","32,500.00",0.00,"32,500.00",0.00,0.00,2.800,"34,520.00","34,520.00","27,198.00",0.00,"27,198.00",0.000,0.00,"16,264.00","16,264.00",42.00,"16,222.00",0.00,0.00,0,0,0,39,0,8,0,"76,562",100.8
충청북도,제천시,신백동,2035,"31,680.00","82,402.00","75,483.00",91.6,0.000,0.00,"34,500.00","34,500.00",0.00,"34,500.00",0.00,0.00,3.400,"31,680.00","31,680.00","24,761.00",0.00,"24,761.00",0.000,0.00,"16,222.00","16,222.00",0.00,"16,222.00",0.00,0.00,0,11,0,66,0,5,0,"74,733",99.0
충청북도,제천시,청전동,2035,"24,000.00","62,722.00","60,777.00",96.9,0.000,0.00,"22,500.00","22,500.00",0.00,"22,500.00",0.00,0.00,2.700,"24,000.00","24,000.00","22,055.00",0.00,"22,055.00",0.000,0.00,"16,222.00","16,222.00",0.00,"16,222.00",0.00,0.00,0,1,0,2,0,0,0,"60,717",99.9
충청북도,제천시,화산동,2035,"35,320.00","80,542.00","69,904.00",86.8,0.000,0.00,"29,000.00","29,000.00",0.00,"29,000.00",0.00,0.00,3.220,"35,320.00","35,320.00","24,682.00",0.00,"24,682.00",0.000,0.00,"16,222.00","16,222.00",0.00,"16,222.00",0.00,0.00,0,0,0,1,0,0,0,"70,419",100.7
충청북도,군부,합계,,"3,046,490.06","3,543,328.36","3,143,604.63",88.7,60.615,"67,254.00","96,214.00","92,523.00","3,243.00","57,353.00","2,574.00","29,353.00",145.070,"1,918,043.06","2,124,304.06","1,864,454.34","125,221.00","1,739,233.34",681.160,"1,061,193.00","1,322,810.30","1,186,627.29","187,082.00","590,526.29","83,867.00","325,152.00","12,619","45,559","12,490","61,620","10,812",96,834,"2,314,787",73.6
충청북도,보은군,소계,,"558,166.00","601,874.00","521,544.00",86.7,0.000,0.00,0.00,0.00,0.00,0.00,0.00,0.00,18.610,"359,651.00","403,359.00","355,546.00",0.00,"355,546.00",584.250,"198,515.00","198,515.00","165,998.00","12,789.00","68,553.00","7,464.00","77,192.00",0,"10,715","4,450","8,809",0,0,303,"417,996",80.1
충청북도,보은군,보은읍,2035,"194,366.00","235,202.00","225,133.00",95.7,0.000,0.00,0.00,0.00,0.00,0.00,0.00,0.00,6.040,"108,978.00","149,814.00","149,814.00",0.00,"149,814.00",62.320,"85,388.00","85,388.00","75,319.00","6,384.00","32,901.00","4,815.00","31,219.00",0,"4,197","1,837","3,807",0,0,49,"160,655",71.4
충청북도,보은군,속리산면,2035,"54,378.00","54,378.00","51,268.00",94.3,0.000,0.00,0.00,0.00,0.00,0.00,0.00,0.00,2.110,"41,956.00","41,956.00","41,512.00",0.00,"41,512.00",92.240,"12,422.00","12,422.00","9,756.00",305.00,"4,752.00",0.00,"4,699.00",0,995,505,895,0,0,60,"41,641",81.2
충청북도,보은군,장안면,2035,"36,130.00","36,130.00","32,953.00",91.2,0.000,0.00,0.00,0.00,0.00,0.00,0.00,0.00,1.330,"21,071.00","21,071.00","17,894.00",0.00,"17,894.00",29.860,"15,059.00","15,059.00","15,059.00",521.00,"3,621.00",709.00,"10,208.00",0,806,332,428,0,0,29,"30,623",92.9
충청북도,보은군,마로면,2035,"55,119.00","55,119.00","44,301.00",80.4,0.000,0.00,0.00,0.00,0.00,0.00,0.00,0.00,3.220,"41,064.00","41,064.00","36,958.00",0.00,"36,958.00",68.460,"14,055.00","14,055.00","7,343.00",739.00,"2,487.00",0.00,"4,117.00",0,"1,117",272,"1,275",0,0,45,"44,125",99.6
충청북도,보은군,탄부면,2035,"52,679.00","52,679.00","45,049.00",85.5,0.000,0.00,0.00,0.00,0.00,0.00,0.00,0.00,0.570,"44,843.00","44,843.00","37,213.00",0.00,"37,213.00",31.610,"7,836.00","7,836.00","7,836.00","1,477.00","2,584.00",0.00,"3,775.00",0,781,140,94,0,0,17,"37,877",84.1
충청북도,보은군,삼승면,2035,"61,560.00","61,560.00","57,530.00",93.5,0.000,0.00,0.00,0.00,0.00,0.00,0.00,0.00,1.220,"31,264.00","31,264.00","31,264.00",0.00,"31,264.00",28.290,"30,296.00","30,296.00","26,266.00","2,496.00","11,988.00","1,940.00","9,842.00",0,"1,366",534,825,0,0,45,"57,473",99.9
충청북도,보은군,수한면,2035,"8,252.00","11,124.00","11,124.00",100.0,0.000,0.00,0.00,0.00,0.00,0.00,0.00,0.00,0.830,"5,701.00","8,573.00","8,573.00",0.00,"8,573.00",48.740,"2,551.00","2,551.00","2,551.00",126.00,"1,029.00",0.00,"1,396.00",0,205,80,110,0,0,16,"6,949",62.5
충청북도,보은군,회남면,2035,"10,992.00","10,992.00","4,442.00",40.4,0.000,0.00,0.00,0.00,0.00,0.00,0.00,0.00,0.290,"10,992.00","10,992.00","4,442.00",0.00,"4,442.00",46.540,0.00,0.00,0.00,0.00,0.00,0.00,0.00,0,130,0,140,0,0,0,0,0.0
충청북도,보은군,회인면,2035,"40,910.00","40,910.00","20,002.00",48.9,0.000,0.00,0.00,0.00,0.00,0.00,0.00,0.00,1.350,"22,083.00","22,083.00","10,215.00",0.00,"10,215.00",54.030,"18,827.00","18,827.00","9,787.00",408.00,"3,925.00",0.00,"5,454.00",0,465,349,690,0,0,17,"15,749",78.7
충청북도,보은군,내북면,2035,"19,594.00","19,594.00","14,321.00",73.1,0.000,0.00,0.00,0.00,0.00,0.00,0.00,0.00,0.570,"13,584.00","13,584.00","8,311.00",0.00,"8,311.00",63.470,"6,010.00","6,010.00","6,010.00",333.00,"2,571.00",0.00,"3,106.00",0,428,173,381,0,0,16,"13,955",97.4
충청북도,보은군,산외면,2035,"24,186.00","24,186.00","15,421.00",63.8,0.000,0.00,0.00,0.00,0.00,0.00,0.00,0.00,1.080,"18,115.00","18,115.00","9,350.00",0.00,"9,350.00",58.690,"6,071.00","6,071.00","6,071.00",0.00,"2,695.00",0.00,"3,376.00",0,225,228,164,0,0,9,"8,949",58.0
충청북도,옥천군,소계,,"684,959.00","693,368.00","659,367.00",95.1,33.400,"21,343.00","21,343.00","21,343.00",753.00,"19,393.00",428.00,769.00,16.860,"357,018.00","365,427.00","331,428.00",0.00,"331,428.00",31.800,"306,598.00","306,598.00","306,596.00","24,076.00","149,496.00","67,675.00","65,349.00",0,"3,604","1,493","10,437",0,49,154,"158,056",24.0
충청북도,옥천군,옥천읍,2035,"235,580.00","239,497.00","239,497.00",100.0,33.400,"21,343.00","21,343.00","21,343.00",753.00,"19,393.00",428.00,769.00,11.500,"101,991.00","105,908.00","105,908.00",0.00,"105,908.00",12.500,"112,246.00","112,246.00","112,246.00","8,825.00","59,527.00","13,723.00","30,171.00",0,"1,546",797,"3,564",0,49,97,"58,047",24.2
충청북도,옥천군,동이면,2035,"58,194.00","59,445.00","59,445.00",100.0,0.000,0.00,0.00,0.00,0.00,0.00,0.00,0.00,0.820,"32,048.00","33,299.00","33,299.00",0.00,"33,299.00",1.700,"26,146.00","26,146.00","26,146.00","1,296.00","14,662.00","7,305.00","2,883.00",0,291,81,"1,168",0,0,0,"14,741",24.8
충청북도,옥천군,안남면,2035,"26,197.00","26,197.00","23,440.00",89.5,0.000,0.00,0.00,0.00,0.00,0.00,0.00,0.00,0.350,"14,451.00","14,451.00","11,695.00",0.00,"11,695.00",0.800,"11,746.00","11,746.00","11,745.00",889.00,"3,581.00","3,156.00","4,119.00",0,165,49,231,0,0,0,"4,545",19.4
충청북도,옥천군,안내면,2035,"38,182.00","38,182.00","35,863.00",93.9,0.000,0.00,0.00,0.00,0.00,0.00,0.00,0.00,0.420,"21,453.00","21,453.00","19,135.00",0.00,"19,135.00",1.000,"16,729.00","16,729.00","16,728.00","1,106.00","5,757.00","5,797.00","4,068.00",0,232,60,557,0,0,0,"8,169",22.8
충청북도,옥천군,청성면,2035,"34,960.00","34,960.00","20,649.00",59.1,0.000,0.00,0.00,0.00,0.00,0.00,0.00,0.00,0.230,"21,291.00","21,291.00","6,980.00",0.00,"6,980.00",1.300,"13,669.00","13,669.00","13,669.00",949.00,"6,865.00","3,791.00","2,064.00",0,48,48,328,0,0,0,"4,003",19.4
충청북도,옥천군,청산면,2035,"65,599.00","65,599.00","65,599.00",100.0,0.000,0.00,0.00,0.00,0.00,0.00,0.00,0.00,1.110,"41,864.00","41,864.00","41,864.00",0.00,"41,864.00",1.700,"23,735.00","23,735.00","23,735.00","1,623.00","9,431.00","6,826.00","5,855.00",0,128,30,"1,611",0,0,0,"14,554",22.2
충청북도,옥천군,이원면,2035,"107,643.00","107,643.00","103,636.00",96.3,0.000,0.00,0.00,0.00,0.00,0.00,0.00,0.00,1.830,"59,866.00","59,866.00","55,859.00",0.00,"55,859.00",8.800,"47,777.00","47,777.00","47,777.00","3,260.00","22,376.00","13,133.00","9,008.00",0,697,220,"1,237",0,0,57,"26,012",25.1
충청북도,옥천군,군서면,2035,"58,426.00","58,426.00","47,819.00",81.8,0.000,0.00,0.00,0.00,0.00,0.00,0.00,0.00,0.390,"33,348.00","33,348.00","22,741.00",0.00,"22,741.00",1.000,"25,078.00","25,078.00","25,078.00","3,138.00","9,308.00","7,813.00","4,819.00",0,80,33,637,0,0,0,"9,383",19.6
충청북도,옥천군,군북면,2035,"60,178.00","63,419.00","63,419.00",100.0,0.000,0.00,0.00,0.00,0.00,0.00,0.00,0.00,0.210,"30,706.00","33,947.00","33,947.00",0.00,"33,947.00",3.000,"29,472.00","29,472.00","29,472.00","2,990.00","17,989.00","6,131.00","2,362.00",0,417,175,"1,104",0,0,0,"18,602",29.3
충청북도,영동군,소계,,"273,674.50","443,369.50","404,394.50",91.2,0.000,0.00,256.00,256.00,256.00,0.00,0.00,0.00,14.480,"273,674.50","273,674.50","234,699.50",0.00,"234,699.50",0.000,0.00,"169,439.00","169,439.00","13,576.00","54,923.00",0.00,"100,940.00",0,"8,673",0,"8,522",0,1,72,"389,257",96.3
충청북도,영동군,영동읍,2035,"79,011.00","146,398.00","146,175.70",99.8,0.000,0.00,256.00,256.00,256.00,0.00,0.00,0.00,5.380,"79,011.00","79,011.00","78,788.70",0.00,"78,788.70",0.000,0.00,"67,131.00","67,131.00","6,026.00","37,557.00",0.00,"23,548.00",0,"2,990",0,"2,361",0,1,51,"141,637",96.9
충청북도,영동군,용산면,2035,"15,775.30","26,130.30","25,380.30",97.1,0.000,0.00,0.00,0.00,0.00,0.00,0.00,0.00,0.600,"15,775.30","15,775.30","15,025.30",0.00,"15,025.30",0.000,0.00,"10,355.00","10,355.00",895.00,"1,610.00",0.00,"7,850.00",0,591,0,599,0,0,0,"24,084",94.9
충청북도,영동군,황간면,2035,"28,949.00","44,308.00","40,820.00",92.1,0.000,0.00,0.00,0.00,0.00,0.00,0.00,0.00,2.400,"28,949.00","28,949.00","25,461.00",0.00,"25,461.00",0.000,0.00,"15,359.00","15,359.00","1,921.00","3,866.00",0.00,"9,572.00",0,728,0,874,0,0,21,"40,820",100.0
충청북도,영동군,추풍령면,2035,"13,730.00","31,412.00","31,274.00",99.6,0.000,0.00,0.00,0.00,0.00,0.00,0.00,0.00,0.700,"13,730.00","13,730.00","13,592.00",0.00,"13,592.00",0.000,0.00,"17,682.00","17,682.00",900.00,"1,766.00",0.00,"15,016.00",0,577,0,524,0,0,0,"31,274",100.0
충청북도,영동군,매곡면,2035,"16,013.00","20,545.00","9,180.90",44.7,0.000,0.00,0.00,0.00,0.00,0.00,0.00,0.00,0.500,"16,013.00","16,013.00","4,648.90",0.00,"4,648.90",0.000,0.00,"4,532.00","4,532.00",465.00,368.00,0.00,"3,699.00",0,213,0,229,0,0,0,"9,181",100.0
충청북도,영동군,상촌면,2035,"16,072.00","21,675.00","18,117.10",83.6,0.000,0.00,0.00,0.00,0.00,0.00,0.00,0.00,0.700,"16,072.00","16,072.00","12,514.10",0.00,"12,514.10",0.000,0.00,"5,603.00","5,603.00",438.00,347.00,0.00,"4,818.00",0,444,0,499,0,0,0,"14,098",77.8
충청북도,영동군,양강면,2035,"21,842.00","33,379.00","26,454.80",79.3,0.000,0.00,0.00,0.00,0.00,0.00,0.00,0.00,0.900,"21,842.00","21,842.00","14,917.80",0.00,"14,917.80",0.000,0.00,"11,537.00","11,537.00",197.00,"1,263.00",0.00,"10,077.00",0,544,0,478,0,0,0,"26,455",100.0
충청북도,영동군,용화면,2035,"5,514.20","8,848.20","8,848.20",100.0,0.000,0.00,0.00,0.00,0.00,0.00,0.00,0.00,0.200,"5,514.20","5,514.20","5,514.20",0.00,"5,514.20",0.000,0.00,"3,334.00","3,334.00",0.00,190.00,0.00,"3,144.00",0,207,0,229,0,0,0,"8,848",100.0
충청북도,영동군,학산면,2035,"28,688.00","41,893.00","39,598.50",94.5,0.000,0.00,0.00,0.00,0.00,0.00,0.00,0.00,1.100,"28,688.00","28,688.00","26,393.50",0.00,"26,393.50",0.000,0.00,"13,205.00","13,205.00",533.00,"2,801.00",0.00,"9,871.00",0,987,0,"1,053",0,0,0,"39,483",99.7
충청북도,영동군,양산면,2035,"20,051.00","29,950.00","27,359.60",91.4,0.000,0.00,0.00,0.00,0.00,0.00,0.00,0.00,0.900,"20,051.00","20,051.00","17,460.60",0.00,"17,460.60",0.000,0.00,"9,899.00","9,899.00",940.00,"2,451.00",0.00,"6,508.00",0,716,0,699,0,0,0,"22,192",81.1
충청북도,영동군,심천면,2035,"28,029.00","38,831.00","31,185.40",80.3,0.000,0.00,0.00,0.00,0.00,0.00,0.00,0.00,1.100,"28,029.00","28,029.00","20,383.40",0.00,"20,383.40",0.000,0.00,"10,802.00","10,802.00","1,261.00","2,704.00",0.00,"6,837.00",0,676,0,977,0,0,0,"31,185",100.0
충청북도,증평군,소계,,"357,402.00","357,402.00","337,933.00",94.6,0.000,"23,226.00","23,226.00","23,226.00",683.00,"9,702.00",0.00,"12,841.00",37.060,"198,268.00","198,268.00","178,799.00",0.00,"178,799.00",17.950,"135,908.00","135,908.00","135,908.00","18,364.00","84,393.00",0.00,"33,151.00","6,686","6,812",0,"4,077",0,3,0,"318,533",94.3
충청북도,증평군,증평읍,2035,"299,882.00","299,882.00","291,312.00",97.1,0.000,"14,365.00","14,365.00","14,365.00",577.00,"6,145.00",0.00,"7,643.00",28.440,"161,297.00","161,297.00","152,727.00",0.00,"152,727.00",15.230,"124,220.00","124,220.00","124,220.00","16,610.00","77,500.00",0.00,"30,110.00","5,975","5,975",0,"3,903",0,2,0,"281,514",96.6
충청북도,증평군,도안면,2035,"57,520.00","57,520.00","46,621.00",81.1,0.000,"8,861.00","8,861.00","8,861.00",106.00,"3,557.00",0.00,"5,198.00",8.620,"36,971.00","36,971.00","26,072.00",0.00,"26,072.00",2.720,"11,688.00","11,688.00","11,688.00","1,754.00","6,893.00",0.00,"3,041.00",711,837,0,174,0,1,0,"37,019",79.4
충청북도,진천군,소계,,"291,978.73","312,804.73","243,501.18",77.8,0.410,"22,685.00","22,685.00","18,994.00",158.00,"3,988.00","1,765.00","13,083.00",16.260,"204,061.73","224,887.73","205,662.18",447.00,"205,215.18",16.260,"65,232.00","65,232.00","18,845.00",609.00,"15,885.00",0.00,"2,351.00","3,213","3,298",474,"6,817","7,810",12,0,"144,450",59.3
충청북도,진천군,진천읍,2025,"138,420.60","156,430.55","129,087.55",82.5,0.080,"17,983.00","17,983.00","14,292.00",0.00,0.00,"1,665.00","12,627.00",10.040,"91,615.60","109,625.55","109,625.55",146.00,"109,479.55",10.040,"28,822.00","28,822.00","5,170.00",0.00,"5,170.00",0.00,0.00,"1,912","1,759",104,"4,783","3,702",12,0,"83,508",64.7
충청북도,진천군,덕산읍,2025,0.00,0.00,0.00,0.0,0.000,0.00,0.00,0.00,0.00,0.00,0.00,0.00,0.000,0.00,0.00,0.00,0.00,0.00,0.000,0.00,0.00,0.00,0.00,0.00,0.00,0.00,0,0,0,0,0,0,0,0,0.0
충청북도,진천군,초평면,2025,"35,308.05","38,124.10","38,124.10",100.0,0.000,0.00,0.00,0.00,0.00,0.00,0.00,0.00,0.510,"33,626.05","36,442.10","36,442.10",0.00,"36,442.10",0.510,"1,682.00","1,682.00","1,682.00",0.00,990.00,0.00,692.00,358,575,34,349,890,0,0,"14,396",37.8
충청북도,진천군,문백면,2025,"14,466.20","14,466.20","9,750.15",67.4,0.000,0.00,0.00,0.00,0.00,0.00,0.00,0.00,0.290,"8,598.20","8,598.20","8,598.15",0.00,"8,598.15",0.290,"5,868.00","5,868.00","1,152.00",62.00,528.00,0.00,562.00,215,139,118,237,932,0,0,0,0.0
충청북도,진천군,백곡면,2025,0.00,0.00,0.00,0.0,0.000,0.00,0.00,0.00,0.00,0.00,0.00,0.00,0.000,0.00,0.00,0.00,0.00,0.00,0.000,0.00,0.00,0.00,0.00,0.00,0.00,0.00,0,0,0,0,0,0,0,0,0.0
충청북도,진천군,이월면,2025,"52,619.88","52,619.88","33,844.38",64.3,0.000,0.00,0.00,0.00,0.00,0.00,0.00,0.00,1.630,"42,300.88","42,300.88","30,133.38",0.00,"30,133.38",1.630,"10,319.00","10,319.00","3,711.00",0.00,"2,614.00",0.00,"1,097.00",406,489,75,958,"1,024",0,0,"25,552",75.5
충청북도,진천군,광혜원면,2025,"51,164.00","51,164.00","32,695.00",63.9,0.330,"4,702.00","4,702.00","4,702.00",158.00,"3,988.00",100.00,456.00,3.790,"27,921.00","27,921.00","20,863.00",301.00,"20,562.00",3.790,"18,541.00","18,541.00","7,130.00",547.00,"6,583.00",0.00,0.00,322,336,143,490,"1,262",0,0,"20,994",64.2
충청북도,괴산군,소계,,"69,981.00","279,799.00","267,356.00",95.6,26.805,0.00,0.00,0.00,0.00,0.00,0.00,0.00,11.600,"63,376.00","181,016.00","168,573.00",0.00,"168,573.00",11.600,"6,605.00","98,783.00","98,783.00","47,192.00","6,118.00","8,100.00","37,373.00",0,"6,315",0,"6,164",0,27,0,"246,038",92.0
충청북도,괴산군,괴산읍,2035,"9,102.00","84,109.00","84,109.00",100.0,14.680,0.00,0.00,0.00,0.00,0.00,0.00,0.00,7.600,"2,497.00","50,991.00","50,991.00",0.00,"50,991.00",7.600,"6,605.00","33,118.00","33,118.00","17,784.00","3,461.00","2,524.00","9,349.00",0,"2,948",0,"3,074",0,14,0,"84,109",100.0
충청북도,괴산군,감물면,2035,"1,415.00","25,476.00","25,476.00",100.0,1.200,0.00,0.00,0.00,0.00,0.00,0.00,0.00,0.400,"1,415.00","20,912.00","20,912.00",0.00,"20,912.00",0.400,0.00,"4,564.00","4,564.00","1,692.00",7.00,7.00,"2,858.00",0,445,0,225,0,0,0,"25,476",100.0
충청북도,괴산군,장연면,2035,"11,477.00","12,958.00","7,128.00",55.0,1.210,0.00,0.00,0.00,0.00,0.00,0.00,0.00,0.300,"11,477.00","11,477.00","5,647.00",0.00,"5,647.00",0.300,0.00,"1,481.00","1,481.00",655.00,0.00,128.00,698.00,0,211,0,145,0,0,0,"7,128",100.0
충청북도,괴산군,연풍면,2035,0.00,"21,915.00","21,915.00",100.0,1.400,0.00,0.00,0.00,0.00,0.00,0.00,0.00,0.500,0.00,"13,340.00","13,340.00",0.00,"13,340.00",0.500,0.00,"8,575.00","8,575.00","5,215.00",0.00,0.00,"3,360.00",0,252,0,476,0,0,0,"21,915",100.0
충청북도,괴산군,칠성면,2035,"13,873.00","26,027.00","26,027.00",100.0,1.763,0.00,0.00,0.00,0.00,0.00,0.00,0.00,0.900,"13,873.00","16,474.00","16,474.00",0.00,"16,474.00",0.900,0.00,"9,553.00","9,553.00","3,320.00",0.00,181.00,"6,052.00",0,291,0,493,0,0,0,"20,294",78.0
충청북도,괴산군,문광면,2035,"4,750.00","5,315.00","4,456.00",83.8,1.320,0.00,0.00,0.00,0.00,0.00,0.00,0.00,0.100,"4,750.00","4,750.00","3,891.00",0.00,"3,891.00",0.100,0.00,565.00,565.00,565.00,0.00,0.00,0.00,0,381,0,173,0,0,0,"4,456",100.0
충청북도,괴산군,청천면,2035,"4,031.00","29,380.00","29,380.00",100.0,1.527,0.00,0.00,0.00,0.00,0.00,0.00,0.00,0.600,"4,031.00","17,622.00","17,622.00",0.00,"17,622.00",0.600,0.00,"11,758.00","11,758.00","5,572.00","1,660.00","1,660.00","2,866.00",0,618,0,372,0,11,0,"29,380",100.0
충청북도,괴산군,청안면,2035,"5,944.00","21,653.00","21,653.00",100.0,1.605,0.00,0.00,0.00,0.00,0.00,0.00,0.00,0.500,"5,944.00","11,686.00","11,686.00",0.00,"11,686.00",0.500,0.00,"9,967.00","9,967.00","4,964.00",0.00,"1,598.00","3,405.00",0,603,0,379,0,0,0,"21,653",100.0
충청북도,괴산군,사리면,2035,"7,180.00","25,275.00","25,275.00",100.0,0.300,0.00,0.00,0.00,0.00,0.00,0.00,0.00,0.300,"7,180.00","17,385.00","17,385.00",0.00,"17,385.00",0.300,0.00,"7,890.00","7,890.00","4,870.00",0.00,"1,012.00","2,008.00",0,199,0,260,0,2,0,"9,690",38.3
충청북도,괴산군,소수면,2035,0.00,"6,256.00","6,256.00",100.0,0.230,0.00,0.00,0.00,0.00,0.00,0.00,0.00,0.200,0.00,"4,170.00","4,170.00",0.00,"4,170.00",0.200,0.00,"2,086.00","2,086.00",105.00,447.00,447.00,"1,087.00",0,154,0,183,0,0,0,"6,256",100.0
충청북도,괴산군,불정면,2035,"12,209.00","21,435.00","15,681.00",73.2,1.570,0.00,0.00,0.00,0.00,0.00,0.00,0.00,0.200,"12,209.00","12,209.00","6,455.00",0.00,"6,455.00",0.200,0.00,"9,226.00","9,226.00","2,450.00",543.00,543.00,"5,690.00",0,213,0,384,0,0,0,"15,681",100.0
충청북도,음성군,소계,,"592,428.83","594,318.13","511,345.95",86.0,0.000,0.00,"1,889.00","1,889.00",0.00,"1,889.00",0.00,0.00,19.300,"323,639.83","323,639.83","264,501.66",0.00,"264,501.66",19.300,"268,789.00","268,789.30","244,955.29","37,408.00","207,547.29",0.00,0.00,0,"6,142","6,073","9,583","3,002",4,305,"511,345",100.0
충청북도,음성군,음성읍,2035,"139,249.00","139,417.00","128,454.00",92.1,0.000,0.00,168.00,168.00,0.00,168.00,0.00,0.00,2.780,"78,247.00","78,247.00","69,343.00",0.00,"69,343.00",2.780,"61,002.00","61,002.00","58,943.00","8,258.00","50,685.00",0.00,0.00,0,"1,194","1,294","2,326",0,1,88,"128,454",100.0
충청북도,음성군,금왕읍,2035,"121,148.00","122,630.00","92,832.00",75.7,0.000,0.00,"1,482.00","1,482.00",0.00,"1,482.00",0.00,0.00,4.910,"72,578.00","72,578.00","42,780.00",0.00,"42,780.00",4.910,"48,570.00","48,570.00","48,570.00","7,447.00","41,123.00",0.00,0.00,0,"1,233","1,335","1,455",0,2,37,"92,831",100.0
충청북도,음성군,소이면,2035,"6,290.00","6,290.10","6,290.10",100.0,0.000,0.00,0.00,0.00,0.00,0.00,0.00,0.00,0.140,"3,082.00","3,082.00","3,082.00",0.00,"3,082.00",0.140,"3,208.00","3,208.10","3,208.10",0.00,"3,208.10",0.00,0.00,0,88,124,146,0,0,0,"6,290",100.0
충청북도,음성군,원남면,2035,"5,173.00","5,173.20","5,173.20",100.0,0.000,0.00,0.00,0.00,0.00,0.00,0.00,0.00,0.140,"3,177.00","3,177.00","3,177.00",0.00,"3,177.00",0.140,"1,996.00","1,996.20","1,996.20",0.00,"1,996.20",0.00,0.00,0,93,62,114,0,0,0,"5,173",100.0
충청북도,음성군,맹동면,2035,"84,621.00","84,621.00","83,737.00",99.0,0.000,0.00,0.00,0.00,0.00,0.00,0.00,0.00,3.920,"33,389.00","33,389.00","32,505.00",0.00,"32,505.00",3.920,"51,232.00","51,232.00","51,232.00","5,001.00","46,231.00",0.00,0.00,0,949,884,"2,141","3,002",0,22,"83,737",100.0
충청북도,음성군,대소면,2035,"78,745.83","78,745.83","68,048.83",86.4,0.000,0.00,0.00,0.00,0.00,0.00,0.00,0.00,2.950,"46,738.83","46,738.83","46,738.83",0.00,"46,738.83",2.950,"32,007.00","32,007.00","21,310.00","2,034.00","19,276.00",0.00,0.00,0,"1,158",827,"1,484",0,0,58,"68,048",100.0
충청북도,음성군,삼성면,2035,"59,237.00","59,476.00","49,417.99",83.1,0.000,0.00,239.00,239.00,0.00,239.00,0.00,0.00,1.270,"34,973.00","34,973.00","34,973.00",0.00,"34,973.00",1.270,"24,264.00","24,264.00","14,205.99","1,356.00","12,849.99",0.00,0.00,0,509,551,889,0,1,56,"49,419",100.0
충청북도,음성군,생극면,2035,"40,230.00","40,230.00","29,077.00",72.3,0.000,0.00,0.00,0.00,0.00,0.00,0.00,0.00,1.100,"22,760.00","22,760.00","12,627.00",0.00,"12,627.00",1.100,"17,470.00","17,470.00","16,450.00","6,767.00","9,683.00",0.00,0.00,0,315,342,386,0,0,18,"29,077",100.0
충청북도,음성군,감곡면,2035,"57,735.00","57,735.00","48,315.83",83.7,0.000,0.00,0.00,0.00,0.00,0.00,0.00,0.00,2.090,"28,695.00","28,695.00","19,275.83",0.00,"19,275.83",2.090,"29,040.00","29,040.00","29,040.00","6,545.00","22,495.00",0.00,0.00,0,603,654,642,0,0,26,"48,315",100.0
충청북도,단양군,소계,,"217,900.00","260,393.00","198,163.00",76.1,0.000,0.00,"26,815.00","26,815.00","1,393.00","22,381.00",381.00,"2,660.00",10.900,"138,354.00","154,032.00","125,245.00","124,774.00",471.00,0.000,"79,546.00","79,546.00","46,103.00","33,068.00","3,611.00",628.00,"8,796.00","2,720",0,0,"7,211",0,0,0,"129,112",65.2
충청북도,단양군,단양읍,2025,"114,906.00","129,805.00","85,660.00",66.0,0.000,0.00,"14,899.00","14,899.00","1,219.00","13,063.00",144.00,473.00,3.100,"62,228.00","62,228.00","47,593.00","47,542.00",51.00,0.000,"52,678.00","52,678.00","23,168.00","15,401.00","2,101.00",160.00,"5,506.00","1,206",0,0,"2,879",0,0,0,"73,373",85.7
충청북도,단양군,매포읍,2025,"69,914.00","81,830.00","66,927.00",81.8,0.000,0.00,"11,916.00","11,916.00",174.00,"9,318.00",237.00,"2,187.00",4.100,"43,046.00","43,046.00","32,076.00","31,656.00",420.00,0.000,"26,868.00","26,868.00","22,935.00","17,667.00","1,510.00",468.00,"3,290.00","1,062",0,0,"2,001",0,0,0,"55,739",83.3
충청북도,단양군,대강면,2025,"7,170.00","7,170.00","4,610.00",64.3,0.000,0.00,0.00,0.00,0.00,0.00,0.00,0.00,0.500,"7,170.00","7,170.00","4,610.00","4,610.00",0.00,0.000,0.00,0.00,0.00,0.00,0.00,0.00,0.00,111,0,0,321,0,0,0,0,0.0
충청북도,단양군,가곡면,2025,"2,324.00","12,577.00","12,577.00",100.0,0.000,0.00,0.00,0.00,0.00,0.00,0.00,0.00,0.700,"2,324.00","12,577.00","12,577.00","12,577.00",0.00,0.000,0.00,0.00,0.00,0.00,0.00,0.00,0.00,34,0,0,400,0,0,0,0,0.0
충청북도,단양군,영춘면,2025,"7,747.00","9,278.00","9,278.00",100.0,0.000,0.00,0.00,0.00,0.00,0.00,0.00,0.00,0.900,"7,747.00","9,278.00","9,278.00","9,278.00",0.00,0.000,0.00,0.00,0.00,0.00,0.00,0.00,0.00,92,0,0,498,0,0,0,0,0.0
충청북도,단양군,어상천면,2025,"2,394.00","5,768.00","5,768.00",100.0,0.000,0.00,0.00,0.00,0.00,0.00,0.00,0.00,0.700,"2,394.00","5,768.00","5,768.00","5,768.00",0.00,0.000,0.00,0.00,0.00,0.00,0.00,0.00,0.00,59,0,0,401,0,0,0,0,0.0
충청북도,단양군,적성면,2025,"3,983.00","3,983.00","3,361.00",84.4,0.000,0.00,0.00,0.00,0.00,0.00,0.00,0.00,0.300,"3,983.00","3,983.00","3,361.00","3,361.00",0.00,0.000,0.00,0.00,0.00,0.00,0.00,0.00,0.00,74,0,0,130,0,0,0,0,0.0
충청북도,단양군,단성면,2025,"9,462.00","9,982.00","9,982.00",100.0,0.000,0.00,0.00,0.00,0.00,0.00,0.00,0.00,0.600,"9,462.00","9,982.00","9,982.00","9,982.00",0.00,0.000,0.00,0.00,0.00,0.00,0.00,0.00,0.00,82,0,0,581,0,0,0,0,0.0
충청남도,,합계,,"10,508,272.63","11,844,884.88","8,704,035.34",73.5,"27,927.278","2,076,573.60","2,265,006.27","1,293,194.86","173,507.06","597,631.56","174,362.42","347,693.82",428.228,"5,432,296.72","5,865,819.78","4,555,783.31","12,696.20","4,543,087.11",268.458,"2,999,402.31","3,714,058.83","2,855,057.17","461,445.06","1,960,243.07","78,862.24","354,506.80","57,517","90,147","53,599","352,282","28,878",574,"1,293","6,774,445",77.8
충청남도,시부,합계,,"6,918,786.70","8,017,037.85","6,180,285.59",77.1,123.988,"1,208,281.00","1,333,851.27","731,225.56","104,494.56","309,152.36","142,820.42","174,758.22",285.778,"3,436,698.79","3,779,228.65","3,077,574.96","12,695.20","3,064,879.76",187.408,"2,273,806.91","2,903,957.93","2,371,485.07","387,930.14","1,683,002.33","20,529.04","280,023.56","42,801","63,026","43,661","282,887","19,942",272,"1,022","4,829,887",78.1
충청남도,천안시,소계,,"1,688,592.00","1,804,840.00","1,517,412.00",84.1,0.000,"692,685.00","692,685.00","454,413.00","27,093.00","146,166.00","138,745.00","142,409.00",82.500,"772,690.00","846,713.00","798,548.00",133.00,"798,415.00",0.000,"223,217.00","265,442.00","264,451.00","41,133.00","218,989.00","4,026.00",303.00,"9,061","15,922","5,271","207,510",0,141,406,"1,429,941",94.2
충청남도,천안시,목천읍,2030,"73,376.00","111,126.00","110,077.00",99.1,0.000,"20,716.00","20,716.00","19,667.00",729.00,"6,138.00","3,736.00","9,064.00",3.830,"51,588.00","89,338.00","89,338.00",0.00,"89,338.00",0.000,"1,072.00","1,072.00","1,072.00",0.00,572.00,500.00,0.00,767,"1,347",446,"2,599",0,0,0,"86,578",78.7
충청남도,천안시,풍세면,2030,"62,777.00","66,265.00","61,267.00",92.5,0.000,"13,238.00","13,238.00","8,240.00","1,061.00","1,377.00","2,680.00","3,122.00",1.700,"49,008.00","52,496.00","52,496.00",0.00,"52,496.00",0.000,531.00,531.00,531.00,0.00,131.00,400.00,0.00,287,505,167,"1,913",0,0,14,"61,267",100.0
충청남도,천안시,광덕면,2030,"17,114.00","18,162.00","15,162.00",83.5,0.000,"8,326.00","8,326.00","5,326.00",156.00,"1,809.00","2,144.00","1,217.00",1.400,"8,207.00","9,255.00","9,255.00",0.00,"9,255.00",0.000,581.00,581.00,581.00,0.00,515.00,66.00,0.00,42,74,24,286,0,0,0,"15,162",100.0
충청남도,천안시,북면,2030,"18,577.00","21,077.00","20,199.00",95.8,0.000,"3,192.00","3,192.00","2,658.00",0.00,970.00,468.00,"1,220.00",1.050,"15,041.00","17,541.00","17,541.00",0.00,"17,541.00",0.000,344.00,344.00,0.00,0.00,0.00,0.00,0.00,143,252,83,708,0,0,0,"17,699",87.6
충청남도,천안시,성남면,2030,"20,654.00","20,693.00","18,445.00",89.1,0.000,"2,500.00","2,500.00",300.00,300.00,0.00,0.00,0.00,2.060,"17,654.00","17,693.00","17,693.00",0.00,"17,693.00",0.000,500.00,500.00,452.00,408.00,44.00,0.00,0.00,138,243,80,621,0,0,10,"12,854",69.7
충청남도,천안시,수신면,2030,"40,125.00","57,554.00","57,174.00",99.3,0.000,"13,141.00","13,141.00","12,915.00",197.00,"2,442.00","5,545.00","4,731.00",1.670,"26,459.00","43,888.00","43,888.00",0.00,"43,888.00",0.000,525.00,525.00,371.00,165.00,206.00,0.00,0.00,349,614,203,"1,633",0,0,1,"39,745",69.5
충청남도,천안시,병천면,2030,"44,450.00","47,522.00","45,454.00",95.6,0.000,"11,202.00","11,202.00","9,441.00","1,666.00","2,725.00","2,371.00","2,679.00",2.630,"32,441.00","35,513.00","35,513.00",0.00,"35,513.00",0.000,807.00,807.00,500.00,0.00,300.00,200.00,0.00,286,502,166,"1,102",0,0,16,"42,382",93.2
충청남도,천안시,동면,2030,"17,266.00","17,266.00","12,010.00",69.6,0.000,210.00,210.00,134.00,0.00,104.00,0.00,30.00,1.400,"16,156.00","16,156.00","11,114.00",0.00,"11,114.00",0.000,900.00,900.00,762.00,0.00,762.00,0.00,0.00,100,176,58,337,0,0,0,"4,896",40.8
충청남도,천안시,중앙동,2030,"1,092,997.00","1,135,222.00","914,351.00",80.5,0.000,"481,691.00","481,691.00","290,857.00","15,322.00","90,483.00","97,558.00","87,494.00",45.400,"407,097.00","407,097.00","377,060.00",133.00,"376,927.00",0.000,"204,209.00","246,434.00","246,434.00","39,945.00","206,186.00",0.00,303.00,"5,819","10,225","3,386","188,984",0,101,251,"914,351",100.0
충청남도,천안시,문성동,2030,0.00,0.00,0.00,0.0,0.000,0.00,0.00,0.00,0.00,0.00,0.00,0.00,0.000,0.00,0.00,0.00,0.00,0.00,0.000,0.00,0.00,0.00,0.00,0.00,0.00,0.00,0,0,0,0,0,0,0,0,0.0
충청남도,천안시,원성1동,2030,0.00,0.00,0.00,0.0,0.000,0.00,0.00,0.00,0.00,0.00,0.00,0.00,0.000,0.00,0.00,0.00,0.00,0.00,0.000,0.00,0.00,0.00,0.00,0.00,0.00,0.00,0,0,0,0,0,0,0,0,0.0
충청남도,천안시,원성2동,2030,0.00,0.00,0.00,0.0,0.000,0.00,0.00,0.00,0.00,0.00,0.00,0.00,0.000,0.00,0.00,0.00,0.00,0.00,0.000,0.00,0.00,0.00,0.00,0.00,0.00,0.00,0,0,0,0,0,0,0,0,0.0
충청남도,천안시,봉명동,2030,0.00,0.00,0.00,0.0,0.000,0.00,0.00,0.00,0.00,0.00,0.00,0.00,0.000,0.00,0.00,0.00,0.00,0.00,0.000,0.00,0.00,0.00,0.00,0.00,0.00,0.00,0,0,0,0,0,0,0,0,0.0
충청남도,천안시,일봉동,2030,0.00,0.00,0.00,0.0,0.000,0.00,0.00,0.00,0.00,0.00,0.00,0.00,0.000,0.00,0.00,0.00,0.00,0.00,0.000,0.00,0.00,0.00,0.00,0.00,0.00,0.00,0,0,0,0,0,0,0,0,0.0
충청남도,천안시,신방동,2030,0.00,0.00,0.00,0.0,0.000,0.00,0.00,0.00,0.00,0.00,0.00,0.00,0.000,0.00,0.00,0.00,0.00,0.00,0.000,0.00,0.00,0.00,0.00,0.00,0.00,0.00,0,0,0,0,0,0,0,0,0.0
충청남도,천안시,청룡동,2030,0.00,0.00,0.00,0.0,0.000,0.00,0.00,0.00,0.00,0.00,0.00,0.00,0.000,0.00,0.00,0.00,0.00,0.00,0.000,0.00,0.00,0.00,0.00,0.00,0.00,0.00,0,0,0,0,0,0,0,0,0.0
충청남도,천안시,신안동,2030,0.00,0.00,0.00,0.0,0.000,0.00,0.00,0.00,0.00,0.00,0.00,0.00,0.000,0.00,0.00,0.00,0.00,0.00,0.000,0.00,0.00,0.00,0.00,0.00,0.00,0.00,0,0,0,0,0,0,0,0,0.0
충청남도,천안시,성환읍,2030,"162,802.00","171,499.00","164,660.00",96.0,0.000,"82,201.00","82,201.00","75,362.00","5,367.00","28,040.00","18,758.00","23,197.00",7.660,"71,437.00","80,134.00","80,134.00",0.00,"80,134.00",0.000,"9,164.00","9,164.00","9,164.00",344.00,"7,460.00","1,360.00",0.00,479,841,278,"4,674",0,16,53,"136,394",82.8
충청남도,천안시,성거읍,2030,"49,656.00","49,656.00","36,817.00",74.1,0.000,"17,513.00","17,513.00","9,792.00",785.00,"3,717.00","1,234.00","4,056.00",5.030,"30,403.00","30,403.00","25,285.00",0.00,"25,285.00",0.000,"1,740.00","1,740.00","1,740.00",165.00,"1,075.00",500.00,0.00,194,341,113,"1,719",0,0,0,"36,817",100.0
충청남도,천안시,직산읍,2030,"51,540.00","51,540.00","35,245.00",68.4,0.000,"23,760.00","23,760.00","13,996.00","1,298.00","6,241.00","3,108.00","3,349.00",5.910,"26,355.00","26,355.00","19,824.00",0.00,"19,824.00",0.000,"1,425.00","1,425.00","1,425.00",27.00,898.00,500.00,0.00,239,419,139,"1,583",0,0,0,"35,245",100.0
충청남도,천안시,입장면,2030,"37,258.00","37,258.00","26,551.00",71.3,0.000,"14,995.00","14,995.00","5,725.00",212.00,"2,120.00","1,143.00","2,250.00",2.760,"20,844.00","20,844.00","19,407.00",0.00,"19,407.00",0.000,"1,419.00","1,419.00","1,419.00",79.00,840.00,500.00,0.00,218,383,128,"1,351",0,24,61,"26,551",100.0
충청남도,천안시,성정1동,2030,0.00,0.00,0.00,0.0,0.000,0.00,0.00,0.00,0.00,0.00,0.00,0.00,0.000,0.00,0.00,0.00,0.00,0.00,0.000,0.00,0.00,0.00,0.00,0.00,0.00,0.00,0,0,0,0,0,0,0,0,0.0
충청남도,천안시,성정2동,2030,0.00,0.00,0.00,0.0,0.000,0.00,0.00,0.00,0.00,0.00,0.00,0.00,0.000,0.00,0.00,0.00,0.00,0.00,0.000,0.00,0.00,0.00,0.00,0.00,0.00,0.00,0,0,0,0,0,0,0,0,0.0
충청남도,천안시,쌍용1동,2030,0.00,0.00,0.00,0.0,0.000,0.00,0.00,0.00,0.00,0.00,0.00,0.00,0.000,0.00,0.00,0.00,0.00,0.00,0.000,0.00,0.00,0.00,0.00,0.00,0.00,0.00,0,0,0,0,0,0,0,0,0.0
충청남도,천안시,쌍용2동,2030,0.00,0.00,0.00,0.0,0.000,0.00,0.00,0.00,0.00,0.00,0.00,0.00,0.000,0.00,0.00,0.00,0.00,0.00,0.000,0.00,0.00,0.00,0.00,0.00,0.00,0.00,0,0,0,0,0,0,0,0,0.0
충청남도,천안시,쌍용3동,2030,0.00,0.00,0.00,0.0,0.000,0.00,0.00,0.00,0.00,0.00,0.00,0.00,0.000,0.00,0.00,0.00,0.00,0.00,0.000,0.00,0.00,0.00,0.00,0.00,0.00,0.00,0,0,0,0,0,0,0,0,0.0
충청남도,천안시,백석동,2030,0.00,0.00,0.00,0.0,0.000,0.00,0.00,0.00,0.00,0.00,0.00,0.00,0.000,0.00,0.00,0.00,0.00,0.00,0.000,0.00,0.00,0.00,0.00,0.00,0.00,0.00,0,0,0,0,0,0,0,0,0.0
충청남도,천안시,불당동,2030,0.00,0.00,0.00,0.0,0.000,0.00,0.00,0.00,0.00,0.00,0.00,0.00,0.000,0.00,0.00,0.00,0.00,0.00,0.000,0.00,0.00,0.00,0.00,0.00,0.00,0.00,0,0,0,0,0,0,0,0,0.0
충청남도,천안시,부성1동,2030,0.00,0.00,0.00,0.0,0.000,0.00,0.00,0.00,0.00,0.00,0.00,0.00,0.000,0.00,0.00,0.00,0.00,0.00,0.000,0.00,0.00,0.00,0.00,0.00,0.00,0.00,0,0,0,0,0,0,0,0,0.0
충청남도,천안시,부성2동,2030,0.00,0.00,0.00,0.0,0.000,0.00,0.00,0.00,0.00,0.00,0.00,0.00,0.000,0.00,0.00,0.00,0.00,0.00,0.000,0.00,0.00,0.00,0.00,0.00,0.00,0.00,0,0,0,0,0,0,0,0,0.0
충청남도,공주시,소계,,"497,885.50","819,432.63","620,595.11",75.7,28.300,"117,899.00","120,499.20","6,208.80","3,108.90","2,889.60",45.00,165.30,54.020,"293,860.00","411,582.28","327,484.68","5,506.30","321,978.38",70.000,"86,126.50","287,351.15","286,901.63","24,079.17","218,479.45","8,205.04","36,137.97",103,"7,591","6,002","2,637","11,485",20,178,"320,885",51.7
충청남도,공주시,유구읍,2035,"60,260.00","86,949.42","73,946.32",85.0,3.130,"4,353.00","4,353.00",0.00,0.00,0.00,0.00,0.00,2.000,"45,907.00","45,907.00","37,256.90",0.00,"37,256.90",2.000,"10,000.00","36,689.42","36,689.42","4,851.30","26,976.70","2,737.81","2,123.61",0,953,815,639,"1,708",0,0,"35,347",47.8
충청남도,공주시,이인면,2035,"3,150.00","3,482.80","2,135.10",61.3,1.200,"1,000.00","1,000.00",0.00,0.00,0.00,0.00,0.00,1.000,"1,150.00","1,482.80","1,482.80",0.00,"1,482.80",2.000,"1,000.00","1,000.00",652.30,0.00,598.90,0.00,53.40,0,43,16,0,0,0,0,"1,250",58.5
충청남도,공주시,탄천면,2035,"6,672.00","10,653.19","10,153.19",95.3,0.500,500.00,500.00,0.00,0.00,0.00,0.00,0.00,1.500,"5,672.00","8,231.80","8,231.80",0.00,"8,231.80",1.000,500.00,"1,921.39","1,921.39",0.00,920.70,33.90,966.79,0,204,17,106,163,0,0,"2,540",25.0
충청남도,공주시,계룡면,2035,"10,255.00","39,724.34","39,724.34",100.0,0.000,0.00,0.00,0.00,0.00,0.00,0.00,0.00,2.000,"10,125.00","28,138.40","28,138.40",0.00,"28,138.40",1.000,130.00,"11,585.94","11,585.94",203.70,"8,552.40",406.18,"2,423.66",0,715,245,19,135,0,0,"4,451",11.2
충청남도,공주시,반포면,2035,"10,471.00","74,268.82","73,668.82",99.2,0.600,600.00,600.00,0.00,0.00,0.00,0.00,0.00,2.000,"9,841.00","40,155.60","40,155.60",0.00,"40,155.60",2.000,30.00,"33,513.22","33,513.22","3,401.90","23,203.50",387.96,"6,519.86",0,985,683,201,759,0,0,"24,656",33.5
충청남도,공주시,의당면,2035,"3,850.00","30,456.28","29,956.28",98.4,0.500,500.00,500.00,0.00,0.00,0.00,0.00,0.00,1.000,"2,850.00","20,529.00","20,529.00",0.00,"20,529.00",1.000,500.00,"9,427.28","9,427.28",640.50,"8,174.40",156.15,456.23,0,438,160,90,216,0,0,985,3.3
충청남도,공주시,정안면,2035,"8,770.00","18,681.26","16,681.26",89.3,6.200,"2,000.00","2,000.00",0.00,0.00,0.00,0.00,0.00,1.500,"6,412.50","12,055.90","12,055.90",0.00,"12,055.90",2.000,357.50,"4,625.36","4,625.36",102.20,"1,571.20",858.30,"2,093.66",0,307,36,33,43,0,0,"2,450",14.7
충청남도,공주시,우성면,2035,"2,557.50","11,340.91","11,340.91",100.0,1.200,"1,000.00","3,600.20","3,600.20",561.60,"2,834.10",39.20,165.30,1.000,"1,057.50","5,073.20","5,073.20",0.00,"5,073.20",1.000,500.00,"2,667.51","2,667.51",515.70,"2,065.56",86.25,0.00,64,125,53,0,119,0,0,"1,005",8.9
충청남도,공주시,사곡면,2035,"4,673.50","17,388.40","16,388.40",94.2,1.300,"1,000.00","1,000.00",0.00,0.00,0.00,0.00,0.00,1.520,"3,173.50","12,451.10","12,451.10",0.00,"12,451.10",1.000,500.00,"3,937.30","3,937.30",395.50,292.00,"1,771.70","1,478.10",0,298,6,96,149,0,0,"2,130",13.0
충청남도,공주시,신풍면,2035,"5,358.00","12,807.59","12,661.09",98.9,0.300,146.50,146.50,0.00,0.00,0.00,0.00,0.00,1.000,"4,711.50","6,122.68","6,122.68",0.00,"6,122.68",1.000,500.00,"6,538.41","6,538.41",714.10,"2,252.30","1,191.91","2,380.10",0,173,56,0,103,0,0,"1,519",12.0
충청남도,공주시,중학동,2035,"27,800.00","56,042.66","52,738.96",94.1,2.000,"1,000.00","1,000.00",0.00,0.00,0.00,0.00,0.00,1.000,"26,800.00","26,800.00","24,496.30",611.60,"23,884.70",0.000,0.00,"28,242.66","28,242.66","1,147.30","20,753.76",5.87,"6,335.73",0,633,641,492,"1,757",10,34,0,0.0
충청남도,공주시,웅진동,2035,"35,000.00","89,058.28","88,396.38",99.3,2.000,"1,000.00","1,000.00",338.10,325.50,6.80,5.80,0.00,1.000,"34,000.00","42,126.90","42,126.90",0.00,"42,126.90",0.000,0.00,"45,931.38","45,931.38","2,557.92","38,195.79",134.97,"5,042.70",8,943,"1,015",265,"2,319",1,36,0,0.0
충청남도,공주시,금학동,2035,"65,860.00","79,809.96","30,909.96",38.7,2.000,"48,900.00","48,900.00",0.00,0.00,0.00,0.00,0.00,10.000,"11,960.00","15,183.40","15,183.40",0.00,"15,183.40",14.000,"5,000.00","15,726.56","15,726.56",692.80,"13,089.61",0.00,"1,944.15",0,262,357,69,448,1,42,"84,109",272.1
충청남도,공주시,옥룡동,2035,"58,709.00","59,022.15","42,518.65",72.0,2.800,"1,500.00","1,500.00",0.00,0.00,0.00,0.00,0.00,2.000,"35,100.00","35,100.00","20,096.50","4,894.70","15,201.80",10.000,"22,109.00","22,422.15","22,422.15","3,238.30","16,327.94",0.00,"2,855.91",0,421,479,460,952,2,15,0,0.0
충청남도,공주시,신관동,2035,"187,399.50","187,399.50","78,028.38",41.6,3.370,"53,399.50","53,399.50","2,270.50","2,221.80",48.70,0.00,0.00,23.500,"94,000.00","94,000.00","35,859.70",0.00,"35,859.70",22.000,"40,000.00","40,000.00","39,898.18","3,216.35","36,531.49",7.04,143.30,31,670,888,96,"1,635",6,26,"160,443",205.6
충청남도,공주시,월송동,2035,"7,100.00","42,347.07","41,347.07",97.6,1.200,"1,000.00","1,000.00",0.00,0.00,0.00,0.00,0.00,2.000,"1,100.00","18,224.50","18,224.50",0.00,"18,224.50",10.000,"5,000.00","23,122.57","23,122.57","2,401.60","18,973.20",427.00,"1,320.77",0,421,535,71,979,0,25,0,0.0
충청남도,보령시,소계,,"846,380.00","976,349.88","669,524.08",68.6,0.000,"29,447.00","73,529.37","68,064.06","25,878.83","42,185.23",0.00,0.00,23.200,"330,659.00","373,062.04","274,167.68","6,912.90","267,254.78",17.000,"486,274.00","529,758.47","327,292.34","35,136.97","177,070.08",0.00,"115,085.29","12,369","8,106","4,979","11,637",0,69,0,"402,153",60.1
충청남도,보령시,웅천읍,2025,"81,991.00","96,854.12","83,529.78",86.2,0.000,0.00,"11,425.49","11,425.49","7,046.01","4,379.48",0.00,0.00,2.500,"41,403.00","44,840.63","44,840.63",424.67,"44,415.96",2.700,"40,588.00","40,588.00","27,263.66","4,701.72","11,585.21",0.00,"10,976.73","1,325","1,329",325,"1,463",0,26,0,"47,309",56.6
충청남도,보령시,주포면,2025,"48,483.00","53,871.73","18,482.11",34.3,0.000,0.00,"5,388.73","5,388.73","2,764.06","2,624.67",0.00,0.00,0.200,"2,510.00","2,510.00","1,036.33",0.00,"1,036.33",0.000,"45,973.00","45,973.00","12,057.05","1,036.01","4,445.95",0.00,"6,575.09",59,24,35,65,0,0,0,"2,260",12.2
충청남도,보령시,오천면,2025,"31,999.00","31,999.00","18,461.12",57.7,0.000,0.00,0.00,0.00,0.00,0.00,0.00,0.00,1.400,"31,193.00","31,193.00","18,461.12",0.00,"18,461.12",0.000,806.00,806.00,0.00,0.00,0.00,0.00,0.00,225,535,90,988,0,0,0,"6,288",34.1
충청남도,보령시,천북면,2025,"4,934.00","4,934.00","4,604.49",93.3,0.000,0.00,0.00,0.00,0.00,0.00,0.00,0.00,0.300,"4,934.00","4,934.00","4,604.49",0.00,"4,604.49",0.000,0.00,0.00,0.00,0.00,0.00,0.00,0.00,20,17,3,27,0,0,0,0,0.0
충청남도,보령시,청소면,2025,"7,407.00","14,813.98","7,406.98",50.0,0.000,0.00,"2,053.67","2,053.67",0.00,"2,053.67",0.00,0.00,0.400,"7,407.00","7,407.00",0.00,0.00,0.00,0.000,0.00,"5,353.31","5,353.31",0.00,"4,049.47",0.00,"1,303.84",199,103,96,276,0,0,0,"6,162",83.2
충청남도,보령시,청라면,2025,"12,050.00","12,924.55",874.55,6.8,0.000,0.00,242.47,242.47,0.00,242.47,0.00,0.00,0.600,"12,050.00","12,050.00",0.00,0.00,0.00,0.000,0.00,632.08,632.08,0.00,478.14,0.00,153.94,76,70,6,120,0,0,0,0,0.0
충청남도,보령시,남포면,2025,"24,431.00","42,118.64","24,431.02",58.0,0.000,0.00,"1,076.29","1,076.29",403.22,673.07,0.00,0.00,0.500,"19,621.00","19,621.00","1,933.38",0.00,"1,933.38",0.000,"4,810.00","21,421.35","21,421.35","1,700.28","11,414.55",0.00,"8,306.52",288,105,138,409,0,0,0,"7,654",31.3
충청남도,보령시,주산면,2025,"5,610.00","5,610.00","5,610.00",100.0,0.000,0.00,0.00,0.00,0.00,0.00,0.00,0.00,0.200,"5,610.00","5,610.00","5,610.00","5,610.00",0.00,0.000,0.00,0.00,0.00,0.00,0.00,0.00,0.00,124,87,37,178,0,0,0,"4,281",76.3
충청남도,보령시,미산면,2025,"29,317.00","34,574.28","30,340.28",87.8,0.000,0.00,0.00,0.00,0.00,0.00,0.00,0.00,2.600,"25,026.00","30,283.28","30,283.28",15.93,"30,267.35",0.000,"4,291.00","4,291.00",57.00,46.77,10.23,0.00,0.00,78,45,18,231,0,0,0,"8,495",28.0
충청남도,보령시,성주면,2025,"24,625.00","31,746.30","20,689.30",65.2,0.000,0.00,0.00,0.00,0.00,0.00,0.00,0.00,2.100,"13,568.00","20,689.30","20,689.30",351.98,"20,337.32",2.000,"11,057.00","11,057.00",0.00,0.00,0.00,0.00,0.00,19,62,0,515,0,0,0,0,0.0
충청남도,보령시,주교면,2025,"57,717.00","70,662.96","57,716.13",81.7,0.000,0.00,"12,945.96","12,945.96","3,846.68","9,099.28",0.00,0.00,0.200,"11,331.00","11,331.00","8,217.28",12.51,"8,204.77",0.100,"46,386.00","46,386.00","36,552.89","2,567.53","11,685.61",0.00,"22,299.75",103,55,48,206,0,0,0,0,0.0
충청남도,보령시,대천1동,2025,"120,935.00","125,828.11","49,870.02",39.6,0.000,"1,364.00","6,257.11","6,257.11","2,003.41","4,253.70",0.00,0.00,1.700,"34,090.00","34,090.00","22,258.25",0.00,"22,258.25",1.500,"85,481.00","85,481.00","21,354.66","2,147.97","12,150.51",0.00,"7,056.18","4,904","3,430","1,471","1,574",0,15,0,"41,599",83.4
충청남도,보령시,대천2동,2025,"103,117.00","128,770.22","103,116.11",80.1,0.000,"3,186.00","6,899.33","6,899.33","1,162.17","5,737.16",0.00,0.00,1.800,"17,045.00","38,984.89","38,984.89",0.00,"38,984.89",1.600,"82,886.00","82,886.00","57,231.89","4,244.83","33,837.10",0.00,"19,149.96","1,556",467,"1,089","1,549",0,14,0,"78,370",76.0
충청남도,보령시,대천3동,2025,"100,956.00","107,946.26","74,225.53",68.8,0.000,"5,976.00","8,319.32","8,319.32","3,221.02","5,098.30",0.00,0.00,2.800,"21,861.00","26,507.94","26,507.94",96.73,"26,411.21",2.500,"73,119.00","73,119.00","39,398.27","5,094.42","26,609.75",0.00,"7,694.10",803,428,402,"1,707",0,4,0,"73,923",99.6
충청남도,보령시,대천4동,2025,"86,208.00","86,208.00","66,207.49",76.8,0.000,"7,446.00","7,446.00","5,553.68","2,066.99","3,486.69",0.00,0.00,3.500,"32,361.00","32,361.00","20,047.36",10.58,"20,036.78",3.500,"46,401.00","46,401.00","40,606.45","6,118.92","19,983.81",0.00,"14,503.72","1,578",944,614,690,0,10,0,"51,293",77.5
충청남도,보령시,대천5동,2025,"106,600.00","127,487.73","103,959.17",81.5,0.000,"11,475.00","11,475.00","7,902.01","3,365.27","4,536.74",0.00,0.00,2.400,"50,649.00","50,649.00","30,693.43",390.50,"30,302.93",3.100,"44,476.00","65,363.73","65,363.73","7,478.52","40,819.75",0.00,"17,065.46","1,012",405,607,"1,639",0,0,0,"74,519",71.7
충청남도,아산시,소계,,"1,290,298.00","1,309,850.00","1,176,554.00",89.8,1.000,"13,800.00","13,800.00","13,800.00",0.00,"13,800.00",0.00,0.00,34.870,"735,413.00","742,944.00","632,868.00",0.00,"632,868.00",27.010,"541,085.00","553,106.00","529,886.00","111,220.00","359,406.00",0.00,"59,260.00",0,"13,286","11,543","19,502",0,4,164,"873,223",74.2
충청남도,아산시,염치읍,2030,"28,014.00","28,014.00","19,664.00",70.2,0.000,0.00,0.00,0.00,0.00,0.00,0.00,0.00,1.270,"22,374.00","22,374.00","17,004.00",0.00,"17,004.00",0.280,"5,640.00","5,640.00","2,660.00","1,310.00","1,350.00",0.00,0.00,0,314,64,298,0,0,0,"19,664",100.0
충청남도,아산시,배방읍,2030,"222,560.00","226,260.00","226,260.00",100.0,0.000,0.00,0.00,0.00,0.00,0.00,0.00,0.00,9.140,"111,600.00","114,850.00","114,850.00",0.00,"114,850.00",5.540,"110,960.00","111,410.00","111,410.00","17,570.00","92,950.00",0.00,890.00,0,"1,809","1,825","3,100",0,0,31,"97,137",42.9
충청남도,아산시,송악면,2030,"80,560.00","80,560.00","62,933.00",78.1,0.000,0.00,0.00,0.00,0.00,0.00,0.00,0.00,1.050,"71,550.00","71,550.00","53,923.00",0.00,"53,923.00",0.450,"9,010.00","9,010.00","9,010.00","4,070.00","4,940.00",0.00,0.00,0,473,79,156,0,0,13,"11,409",18.1
충청남도,아산시,탕정면,2030,"120,413.00","121,984.00","91,493.00",75.0,0.000,0.00,0.00,0.00,0.00,0.00,0.00,0.00,3.230,"76,273.00","76,273.00","45,782.00",0.00,"45,782.00",2.200,"44,140.00","45,711.00","45,711.00","6,750.00","28,571.00",0.00,"10,390.00",0,639,639,879,0,0,18,"56,821",62.1
충청남도,아산시,음봉면,2030,"11,040.00","15,321.00","15,321.00",100.0,0.000,0.00,0.00,0.00,0.00,0.00,0.00,0.00,1.700,"11,040.00","15,321.00","15,321.00",0.00,"15,321.00",0.000,0.00,0.00,0.00,0.00,0.00,0.00,0.00,0,200,0,329,0,0,1,0,0.0
충청남도,아산시,둔포면,2030,"74,837.00","74,837.00","71,437.00",95.5,0.000,0.00,0.00,0.00,0.00,0.00,0.00,0.00,1.430,"43,007.00","43,007.00","41,087.00",0.00,"41,087.00",1.590,"31,830.00","31,830.00","30,350.00","12,940.00","11,900.00",0.00,"5,510.00",0,"1,503","1,110","1,402",0,0,12,"60,469",84.6
충청남도,아산시,영인면,2030,"29,070.00","29,070.00","10,220.00",35.2,0.000,0.00,0.00,0.00,0.00,0.00,0.00,0.00,0.510,"21,120.00","21,120.00","9,720.00",0.00,"9,720.00",0.390,"7,950.00","7,950.00",500.00,0.00,500.00,0.00,0.00,0,222,11,362,0,0,0,0,0.0
충청남도,아산시,인주면,2030,"60,377.00","60,377.00","27,090.00",44.9,0.000,0.00,0.00,0.00,0.00,0.00,0.00,0.00,0.090,"33,287.00","33,287.00",0.00,0.00,0.00,1.350,"27,090.00","27,090.00","27,090.00","7,760.00","12,290.00",0.00,"7,040.00",0,0,751,25,0,0,14,"20,044",74.0
충청남도,아산시,선장면,2030,"43,297.00","43,297.00","33,822.00",78.1,0.000,0.00,0.00,0.00,0.00,0.00,0.00,0.00,0.810,"28,569.00","28,569.00","21,774.00",0.00,"21,774.00",0.730,"14,728.00","14,728.00","12,048.00","7,550.00","4,498.00",0.00,0.00,0,371,206,59,0,0,6,"33,822",100.0
충청남도,아산시,도고면,2030,"91,675.00","101,675.00","101,337.00",99.7,0.000,0.00,0.00,0.00,0.00,0.00,0.00,0.00,1.340,"36,659.00","36,659.00","36,321.00",0.00,"36,321.00",2.750,"55,016.00","65,016.00","65,016.00","12,420.00","33,736.00",0.00,"18,860.00",0,641,"1,147","1,196",0,0,20,"101,337",100.0
충청남도,아산시,신창면,2030,"68,823.00","68,823.00","60,193.00",87.5,0.000,0.00,0.00,0.00,0.00,0.00,0.00,0.00,3.080,"40,973.00","40,973.00","40,973.00",0.00,"40,973.00",1.390,"27,850.00","27,850.00","19,220.00","7,270.00","11,950.00",0.00,0.00,0,"1,023",375,"1,349",0,0,9,"55,294",91.9
충청남도,아산시,온양1동,2030,"459,632.00","459,632.00","456,784.00",99.4,1.000,"13,800.00","13,800.00","13,800.00",0.00,"13,800.00",0.00,0.00,1.360,"238,961.00","238,961.00","236,113.00",0.00,"236,113.00",10.340,"206,871.00","206,871.00","206,871.00","33,580.00","156,721.00",0.00,"16,570.00",0,"6,091","5,336","10,347",0,4,40,"417,226",91.3
충청남도,아산시,온양2동,2030,0.00,0.00,0.00,0.0,0.000,0.00,0.00,0.00,0.00,0.00,0.00,0.00,0.770,0.00,0.00,0.00,0.00,0.00,0.000,0.00,0.00,0.00,0.00,0.00,0.00,0.00,0,0,0,0,0,0,0,0,0.0
충청남도,아산시,온양3동,2030,0.00,0.00,0.00,0.0,0.000,0.00,0.00,0.00,0.00,0.00,0.00,0.00,1.960,0.00,0.00,0.00,0.00,0.00,0.000,0.00,0.00,0.00,0.00,0.00,0.00,0.00,0,0,0,0,0,0,0,0,0.0
충청남도,아산시,온양4동,2030,0.00,0.00,0.00,0.0,0.000,0.00,0.00,0.00,0.00,0.00,0.00,0.00,2.240,0.00,0.00,0.00,0.00,0.00,0.000,0.00,0.00,0.00,0.00,0.00,0.00,0.00,0,0,0,0,0,0,0,0,0.0
충청남도,아산시,온양5동,2030,0.00,0.00,0.00,0.0,0.000,0.00,0.00,0.00,0.00,0.00,0.00,0.00,3.280,0.00,0.00,0.00,0.00,0.00,0.000,0.00,0.00,0.00,0.00,0.00,0.00,0.00,0,0,0,0,0,0,0,0,0.0
충청남도,아산시,온양6동,2030,0.00,0.00,0.00,0.0,0.000,0.00,0.00,0.00,0.00,0.00,0.00,0.00,1.610,0.00,0.00,0.00,0.00,0.00,0.000,0.00,0.00,0.00,0.00,0.00,0.00,0.00,0,0,0,0,0,0,0,0,0.0
충청남도,서산시,소계,,"1,180,641.00","1,470,097.00","829,047.00",56.4,15.528,"254,016.00","254,016.00","45,030.00",186.00,"34,564.00","2,199.00","8,081.00",15.528,"465,943.00","513,578.00","361,402.00",0.00,"361,402.00",15.528,"460,682.00","702,503.00","422,615.00","139,933.00","251,342.50","4,913.00","26,426.50",0,"5,072","4,896","11,810","3,291",3,114,"703,299",84.8
충청남도,서산시,대산읍,2020,"244,557.00","244,557.00","36,900.00",15.1,1.869,"18,379.00","18,379.00",0.00,0.00,0.00,0.00,0.00,1.869,"91,592.00","91,592.00","18,387.00",0.00,"18,387.00",1.869,"134,586.00","134,586.00","18,513.00","1,219.00","12,589.00",18.00,"4,687.00",0,142,142,348,190,0,0,"27,675",75.0
충청남도,서산시,인지면,2020,"37,480.00","42,821.00","35,263.00",82.3,1.620,"7,558.00","7,558.00",0.00,0.00,0.00,0.00,0.00,1.620,"28,996.00","31,276.00","31,276.00",0.00,"31,276.00",1.620,926.00,"3,987.00","3,987.00",0.00,226.00,61.00,"3,700.00",0,303,304,744,0,0,23,"31,737",90.0
충청남도,서산시,부석면,2020,"16,684.00","21,061.00","13,700.00",65.0,0.227,"4,583.00","4,583.00",0.00,0.00,0.00,0.00,0.00,0.227,"7,518.00","11,895.00","11,895.00",0.00,"11,895.00",0.227,"4,583.00","4,583.00","1,805.00",588.00,699.00,201.00,317.00,0,86,87,370,0,0,0,"10,275",75.0
충청남도,서산시,팔봉면,2020,"7,026.00","8,090.00","6,854.00",84.7,0.219,"1,048.00","1,048.00",0.00,0.00,0.00,0.00,0.00,0.219,"5,790.00","6,854.00","6,854.00",0.00,"6,854.00",0.219,188.00,188.00,0.00,0.00,0.00,0.00,0.00,0,202,32,167,0,0,0,"6,624",96.6
충청남도,서산시,지곡면,2020,"6,002.00","9,652.00","6,600.00",68.4,0.161,"3,052.00","3,052.00",0.00,0.00,0.00,0.00,0.00,0.161,"2,570.00","4,552.00","4,552.00",0.00,"4,552.00",0.161,380.00,"2,048.00","2,048.00",37.00,512.50,0.00,"1,498.50",0,73,73,140,7,0,0,"5,280",80.0
충청남도,서산시,성연면,2020,"19,546.00","22,249.00","12,100.00",54.4,0.311,"4,644.00","4,644.00",0.00,0.00,0.00,0.00,0.00,0.311,"13,077.00","13,077.00","7,572.00",0.00,"7,572.00",0.311,"1,825.00","4,528.00","4,528.00","1,830.00","1,390.00",0.00,"1,308.00",0,86,87,175,0,0,0,"9,075",75.0
충청남도,서산시,음암면,2020,"27,161.00","27,161.00","14,249.00",52.5,0.230,"5,900.00","5,900.00",0.00,0.00,0.00,0.00,0.00,0.230,"12,677.00","12,677.00","8,445.00",0.00,"8,445.00",0.230,"8,584.00","8,584.00","5,804.00",55.00,"3,359.00",0.00,"2,390.00",0,23,14,197,33,0,0,"10,500",73.7
충청남도,서산시,운산면,2020,"48,405.00","48,405.00","16,300.00",33.7,0.356,"9,240.00","9,240.00",0.00,0.00,0.00,0.00,0.00,0.356,"21,225.00","21,225.00","6,867.00",0.00,"6,867.00",0.356,"17,940.00","17,940.00","9,433.00","2,820.00","4,608.00",611.00,"1,394.00",0,76,77,275,2,0,0,"12,225",75.0
충청남도,서산시,해미면,2020,"95,393.00","139,197.00","102,663.00",73.8,1.617,"36,534.00","36,534.00",0.00,0.00,0.00,0.00,0.00,1.617,"58,103.00","86,753.00","86,753.00",0.00,"86,753.00",1.617,756.00,"15,910.00","15,910.00",0.00,756.00,"4,022.00","11,132.00",0,437,437,529,0,0,38,"92,397",90.0
충청남도,서산시,고북면,2020,"165,789.00","175,071.00","15,146.00",8.7,0.833,"10,363.00","10,363.00",0.00,0.00,0.00,0.00,0.00,0.833,"5,864.00","15,146.00","15,146.00",0.00,"15,146.00",0.833,"149,562.00","149,562.00",0.00,0.00,0.00,0.00,0.00,0,189,188,441,0,0,0,"13,631",90.0
충청남도,서산시,부춘동,2020,"102,519.00","146,291.00","113,278.00",77.4,1.617,"30,543.00","30,543.00","9,006.00",37.00,"6,914.00",439.00,"1,616.00",1.617,"43,706.00","43,706.00","32,230.00",0.00,"32,230.00",1.617,"28,270.00","72,042.00","72,042.00","26,504.00","45,538.00",0.00,0.00,0,691,691,"1,679",614,2,12,"96,286",85.0
충청남도,서산시,동문1동,2020,"102,519.00","146,291.00","113,278.00",77.4,1.617,"30,543.00","30,543.00","9,006.00",37.00,"6,914.00",439.00,"1,616.00",1.617,"43,706.00","43,706.00","32,230.00",0.00,"32,230.00",1.617,"28,270.00","72,042.00","72,042.00","26,504.00","45,538.00",0.00,0.00,0,691,691,"1,683",611,0,0,"96,286",85.0
충청남도,서산시,동문2동,2020,"102,519.00","146,291.00","113,278.00",77.4,1.617,"30,543.00","30,543.00","9,006.00",37.00,"6,914.00",439.00,"1,616.00",1.617,"43,706.00","43,706.00","32,230.00",0.00,"32,230.00",1.617,"28,270.00","72,042.00","72,042.00","26,504.00","45,538.00",0.00,0.00,0,691,691,"1,683",611,0,0,"96,286",85.0
충청남도,서산시,수석동,2020,"102,519.00","146,291.00","113,278.00",77.4,1.617,"30,543.00","30,543.00","9,006.00",37.00,"6,914.00",439.00,"1,616.00",1.617,"43,706.00","43,706.00","32,230.00",0.00,"32,230.00",1.617,"28,270.00","72,042.00","72,042.00","26,504.00","45,538.00",0.00,0.00,0,691,691,"1,688",611,1,15,"96,286",85.0
충청남도,서산시,석남동,2020,"102,522.00","146,669.00","116,160.00",79.2,1.617,"30,543.00","30,543.00","9,006.00",38.00,"6,908.00",443.00,"1,617.00",1.617,"43,707.00","43,707.00","34,735.00",0.00,"34,735.00",1.617,"28,272.00","72,419.00","72,419.00","27,368.00","45,051.00",0.00,0.00,0,691,691,"1,691",612,0,26,"98,736",85.0
충청남도,논산시,소계,,"693,000.40","810,588.54","643,994.40",79.4,24.470,0.00,"77,594.70","77,594.70","39,196.83","36,283.53","1,812.42",301.92,30.460,"501,339.99","514,705.53","357,236.60",28.00,"357,208.60",11.970,"191,660.41","218,288.31","209,163.10",0.00,"199,418.30",0.00,"9,744.80","15,784","7,192","4,176","15,291",0,0,0,"574,179",89.2
충청남도,논산시,강경읍,2030,"68,838.12","76,556.82","60,784.00",79.4,1.880,0.00,"7,718.70","7,718.70","7,358.63",2.53,306.47,51.07,4.370,"43,101.71","43,101.71","28,617.70",0.00,"28,617.70",1.000,"25,736.41","25,736.41","24,447.60",0.00,"24,447.60",0.00,0.00,"1,501",572,488,"1,538",0,0,0,"56,172",92.4
충청남도,논산시,연무읍,2030,"98,164.00","120,765.00","111,670.00",92.5,2.900,0.00,"22,601.00","22,601.00","22,601.00",0.00,0.00,0.00,6.000,"69,970.00","69,970.00","62,379.00",0.00,"62,379.00",1.670,"28,194.00","28,194.00","26,690.00",0.00,"26,690.00",0.00,0.00,"3,722","1,247",533,"2,330",0,0,0,"111,670",100.0
충청남도,논산시,성동면,2030,"11,041.33","14,777.33","5,189.00",35.1,0.620,0.00,164.00,164.00,164.00,0.00,0.00,0.00,0.360,"11,041.33","11,041.33","1,453.00",0.00,"1,453.00",0.290,0.00,"3,572.00","3,572.00",0.00,"3,572.00",0.00,0.00,140,29,71,126,0,0,0,"5,954",114.7
충청남도,논산시,광석면,2030,"11,600.80","18,461.00","18,461.00",100.0,0.650,0.00,428.20,428.20,428.20,0.00,0.00,0.00,1.080,"11,600.80","17,769.60","17,769.60",0.00,"17,769.60",0.300,0.00,263.20,263.20,0.00,263.20,0.00,0.00,64,355,5,636,0,0,0,"6,256",33.9
충청남도,논산시,노성면,2030,"4,311.22","13,800.00","13,800.00",100.0,0.240,0.00,283.00,283.00,283.00,0.00,0.00,0.00,0.140,"4,311.22","10,428.00","10,428.00",0.00,"10,428.00",0.110,0.00,"3,089.00","3,089.00",0.00,"1,246.00",0.00,"1,843.00",91,208,61,49,0,0,0,"2,325",16.8
충청남도,논산시,상월면,2030,0.00,0.00,0.00,0.0,0.000,0.00,0.00,0.00,0.00,0.00,0.00,0.00,0.000,0.00,0.00,0.00,0.00,0.00,0.000,0.00,0.00,0.00,0.00,0.00,0.00,0.00,0,0,0,0,0,0,0,0,0.0
충청남도,논산시,부적면,2030,"16,109.48","21,597.48","20,416.00",94.5,0.900,0.00,482.00,482.00,351.00,131.00,0.00,0.00,0.350,"16,109.48","16,109.48","14,928.00",28.00,"14,900.00",0.420,0.00,"5,006.00","5,006.00",0.00,"3,100.00",0.00,"1,906.00",232,298,100,184,0,0,0,"8,687",42.5
충청남도,논산시,연산면,2030,"30,584.00","40,568.00","40,568.00",100.0,1.900,0.00,"7,999.00","7,999.00","7,999.00",0.00,0.00,0.00,1.440,"19,284.00","19,284.00","19,284.00",0.00,"19,284.00",0.470,"11,300.00","13,285.00","13,285.00",0.00,"13,285.00",0.00,0.00,"1,352",385,265,617,0,0,0,"40,568",100.0
충청남도,논산시,벌곡면,2030,"24,155.99","30,907.99","17,227.00",55.7,1.350,0.00,0.00,0.00,0.00,0.00,0.00,0.00,1.500,"24,155.99","24,155.99","10,475.00",0.00,"10,475.00",0.630,0.00,"6,752.00","6,752.00",0.00,"4,071.00",0.00,"2,681.00",417,209,135,275,0,0,0,"13,027",75.6
충청남도,논산시,양촌면,2030,"27,628.00","28,877.00","25,147.00",87.1,1.550,0.00,0.00,0.00,0.00,0.00,0.00,0.00,1.130,"27,628.00","27,628.00","23,898.00",0.00,"23,898.00",0.720,0.00,"1,249.00","1,249.00",0.00,0.00,0.00,"1,249.00",391,477,24,877,0,0,0,"14,899",59.2
충청남도,논산시,가야곡면,2030,"14,513.34","17,748.00","17,748.00",100.0,0.810,0.00,0.00,0.00,0.00,0.00,0.00,0.00,0.470,"14,513.34","15,593.30","15,593.30",0.00,"15,593.30",0.380,0.00,"2,154.70","2,154.70",0.00,511.70,0.00,"1,643.00",147,311,43,564,0,0,0,"7,826",44.1
충청남도,논산시,은진면,2030,"35,016.32","37,150.32","7,089.00",19.1,1.960,0.00,0.00,0.00,0.00,0.00,0.00,0.00,1.150,"35,016.32","35,016.32","4,955.00",0.00,"4,955.00",0.920,0.00,"2,134.00","2,134.00",0.00,"1,711.20",0.00,422.80,317,99,42,100,0,0,0,"18,884",266.4
충청남도,논산시,채운면,2030,"12,872.00","13,295.00","13,295.00",100.0,0.420,0.00,0.00,0.00,0.00,0.00,0.00,0.00,0.470,"12,872.00","12,872.00","12,872.00",0.00,"12,872.00",0.190,0.00,423.00,423.00,0.00,423.00,0.00,0.00,35,311,8,438,0,0,0,"11,966",90.0
충청남도,논산시,취암동,2030,"236,716.00","263,259.00","203,020.40",77.1,6.500,0.00,"26,543.00","26,543.00",8.40,"25,305.00","1,054.20",175.40,8.400,"148,215.00","148,215.00","92,408.80",0.00,"92,408.80",3.400,"88,501.00","88,501.00","84,068.60",0.00,"84,068.60",0.00,0.00,"5,163","1,848","1,681","5,290",0,0,0,"193,162",95.1
충청남도,논산시,부창동,2030,"101,449.80","112,825.60","89,580.00",79.4,2.790,0.00,"11,375.80","11,375.80",3.60,"10,845.00",451.75,75.45,3.600,"63,520.80","63,520.80","42,175.20",0.00,"42,175.20",1.470,"37,929.00","37,929.00","36,029.00",0.00,"36,029.00",0.00,0.00,"2,212",843,720,"2,267",0,0,0,"82,783",92.4
충청남도,계룡시,소계,,"179,421.80","179,723.80","174,586.00",97.1,15.890,"8,212.00","8,212.00","8,212.00","1,137.00","5,696.00",19.00,"1,360.00",6.900,"79,093.80","79,395.80","74,258.00",0.00,"74,258.00",6.900,"92,116.00","92,116.00","92,116.00","8,961.00","73,294.00","3,385.00","6,476.00",231,"1,760","2,583","1,701","5,166",0,43,"173,922",99.6
충청남도,계룡시,두마면,2030,"46,151.00","46,453.00","46,453.00",100.0,2.030,"1,050.00","1,050.00","1,050.00",0.00,914.00,0.00,136.00,3.200,"18,930.00","19,232.00","19,232.00",0.00,"19,232.00",3.200,"26,171.00","26,171.00","26,171.00","2,596.00","18,336.00","1,855.00","3,384.00",59,451,662,302,"1,324",0,21,"46,151",99.3
충청남도,계룡시,엄사면,2030,"63,807.80","63,807.80","58,680.00",92.0,11.000,"5,683.00","5,683.00","5,683.00","1,137.00","4,233.00",19.00,294.00,1.900,"29,183.80","29,183.80","24,056.00",0.00,"24,056.00",1.900,"28,941.00","28,941.00","28,941.00","3,212.00","24,183.00",332.00,"1,214.00",84,639,938,847,"1,876",0,6,"58,680",100.0
충청남도,계룡시,신도안면,2030,"19,357.00","19,357.00","19,347.00",99.9,2.860,"1,479.00","1,479.00","1,479.00",0.00,549.00,0.00,930.00,0.600,"9,189.00","9,189.00","9,179.00",0.00,"9,179.00",0.600,"8,689.00","8,689.00","8,689.00",860.00,"7,688.00",0.00,141.00,16,120,176,189,352,0,4,"18,985",98.1
충청남도,계룡시,금암동,2030,"50,106.00","50,106.00","50,106.00",100.0,0.000,0.00,0.00,0.00,0.00,0.00,0.00,0.00,1.200,"21,791.00","21,791.00","21,791.00",0.00,"21,791.00",1.200,"28,315.00","28,315.00","28,315.00","2,293.00","23,087.00","1,198.00","1,737.00",72,550,807,363,"1,614",0,12,"50,106",100.0
충청남도,당진시,소계,,"542,568.00","646,156.00","548,573.00",84.9,38.800,"92,222.00","93,515.00","57,903.00","7,894.00","27,568.00",0.00,"22,441.00",38.300,"257,700.00","297,248.00","251,610.00",115.00,"251,495.00",39.000,"192,646.00","255,393.00","239,060.00","27,467.00","185,003.00",0.00,"26,590.00","5,253","4,097","4,211","12,799",0,35,117,"352,285",64.2
충청남도,당진시,합덕읍,2035,"127,622.00","144,237.00","113,215.00",78.5,1.600,"34,815.00","34,815.00","3,793.00",252.00,"2,409.00",0.00,"1,132.00",8.200,"52,732.00","56,481.00","56,481.00",0.00,"56,481.00",8.000,"40,075.00","52,941.00","52,941.00","5,302.00","35,859.00",0.00,"11,780.00",662,"1,086",823,"2,314",0,27,34,"73,000",64.5
충청남도,당진시,송악읍,2035,"151,196.00","172,382.00","126,744.00",73.5,10.100,"5,527.00","6,820.00","6,820.00",75.00,"5,474.00",0.00,"1,271.00",14.500,"73,294.00","73,294.00","27,656.00",0.00,"27,656.00",15.000,"72,375.00","92,268.00","92,268.00","14,455.00","74,417.00",0.00,"3,396.00","1,020",487,"1,777","2,519",0,0,33,"101,919",80.4
충청남도,당진시,고대면,2035,0.00,0.00,0.00,0.0,0.000,0.00,0.00,0.00,0.00,0.00,0.00,0.00,0.000,0.00,0.00,0.00,0.00,0.00,0.000,0.00,0.00,0.00,0.00,0.00,0.00,0.00,0,0,0,0,0,0,0,0,0.0
충청남도,당진시,석문면,2035,0.00,"6,453.00","6,453.00",100.0,0.000,0.00,0.00,0.00,0.00,0.00,0.00,0.00,0.000,0.00,"2,271.00","2,271.00",0.00,"2,271.00",0.000,0.00,"4,182.00","4,182.00",648.00,"2,339.00",0.00,"1,195.00",0,32,59,0,0,0,0,0,0.0
충청남도,당진시,대호지면,2035,0.00,0.00,0.00,0.0,0.000,0.00,0.00,0.00,0.00,0.00,0.00,0.00,0.000,0.00,0.00,0.00,0.00,0.00,0.000,0.00,0.00,0.00,0.00,0.00,0.00,0.00,0,0,0,0,0,0,0,0,0.0
충청남도,당진시,정미면,2035,0.00,"7,633.00","7,633.00",100.0,0.000,0.00,0.00,0.00,0.00,0.00,0.00,0.00,0.000,0.00,"5,858.00","5,858.00",0.00,"5,858.00",0.000,0.00,"1,775.00","1,775.00",0.00,"1,775.00",0.00,0.00,0,88,0,0,0,0,0,"3,067",40.2
충청남도,당진시,면천면,2035,0.00,"5,152.00","5,152.00",100.0,0.000,0.00,0.00,0.00,0.00,0.00,0.00,0.00,0.000,0.00,"5,152.00","5,152.00",0.00,"5,152.00",0.000,0.00,0.00,0.00,0.00,0.00,0.00,0.00,0,73,0,0,0,0,0,"16,443",319.2
충청남도,당진시,순성면,2035,0.00,"24,668.00","24,668.00",100.0,0.000,0.00,0.00,0.00,0.00,0.00,0.00,0.00,0.000,0.00,"15,729.00","15,729.00",0.00,"15,729.00",0.000,0.00,"8,939.00","8,939.00","2,575.00","2,347.00",0.00,"4,017.00",0,107,98,0,0,0,0,0,0.0
충청남도,당진시,우강면,2035,0.00,0.00,0.00,0.0,0.000,0.00,0.00,0.00,0.00,0.00,0.00,0.00,0.000,0.00,0.00,0.00,0.00,0.00,0.000,0.00,0.00,0.00,0.00,0.00,0.00,0.00,0,0,0,0,0,0,0,0,0.0
충청남도,당진시,신평면,2035,"48,865.00","70,746.00","66,156.00",93.5,0.600,"4,590.00","4,590.00",0.00,0.00,0.00,0.00,0.00,2.500,"27,023.00","33,812.00","33,812.00",0.00,"33,812.00",3.000,"17,252.00","32,344.00","32,344.00",548.00,"28,120.00",0.00,"3,676.00",42,729,573,588,0,0,16,"17,856",27.0
충청남도,당진시,송산면,2035,0.00,0.00,0.00,0.0,0.000,0.00,0.00,0.00,0.00,0.00,0.00,0.00,0.000,0.00,0.00,0.00,0.00,0.00,0.000,0.00,0.00,0.00,0.00,0.00,0.00,0.00,0,0,0,0,0,0,0,0,0.0
충청남도,당진시,당진1동,2035,0.00,0.00,0.00,0.0,0.000,0.00,0.00,0.00,0.00,0.00,0.00,0.00,0.000,0.00,0.00,0.00,0.00,0.00,0.000,0.00,0.00,0.00,0.00,0.00,0.00,0.00,0,0,0,0,0,0,0,0,0.0
충청남도,당진시,당진2동,2035,0.00,0.00,0.00,0.0,0.000,0.00,0.00,0.00,0.00,0.00,0.00,0.00,0.000,0.00,0.00,0.00,0.00,0.00,0.000,0.00,0.00,0.00,0.00,0.00,0.00,0.00,0,0,0,0,0,0,0,0,0.0
충청남도,당진시,당진3동,2035,"214,885.00","214,885.00","198,552.00",92.4,26.500,"47,290.00","47,290.00","47,290.00","7,567.00","19,685.00",0.00,"20,038.00",13.100,"104,651.00","104,651.00","104,651.00",115.00,"104,536.00",13.000,"62,944.00","62,944.00","46,611.00","3,939.00","40,146.00",0.00,"2,526.00","3,529","1,495",881,"7,378",0,8,34,"140,000",70.5
충청남도,군부,합계,,"3,589,485.93","3,827,847.03","2,523,749.75",65.9,"27,803.290","868,292.60","931,155.00","561,969.30","69,012.50","288,479.20","31,542.00","172,935.60",142.450,"1,995,597.93","2,086,591.13","1,478,208.35",1.00,"1,478,207.35",81.050,"725,595.40","810,100.90","483,572.10","73,514.92","277,240.74","58,333.20","74,483.24","14,716","27,121","9,938","69,395","8,936",302,271,"1,944,558",77.1
충청남도,금산군,소계,,"673,088.00","679,400.00","415,055.00",61.1,5.590,"268,963.00","268,963.00","69,167.00","21,923.00","17,741.00","2,222.00","27,281.00",10.820,"365,626.00","371,938.00","342,154.00",0.00,"342,154.00",10.600,"38,499.00","38,499.00","3,734.00",0.00,"2,959.00",0.00,775.00,0,"3,895","1,674","12,771",185,42,37,"331,186",79.8
충청남도,금산군,금산읍,2030,"396,368.00","402,680.00","190,754.00",47.4,5.590,"268,963.00","268,963.00","69,167.00","21,923.00","17,741.00","2,222.00","27,281.00",3.500,"111,613.00","117,925.00","117,925.00",0.00,"117,925.00",3.300,"15,792.00","15,792.00","3,662.00",0.00,"2,887.00",0.00,775.00,0,"1,220","1,670","5,347",183,42,37,"115,275",60.4
충청남도,금산군,금성면,2030,"28,343.00","28,343.00","27,161.00",95.8,0.000,0.00,0.00,0.00,0.00,0.00,0.00,0.00,1.120,"28,343.00","28,343.00","27,161.00",0.00,"27,161.00",1.120,0.00,0.00,0.00,0.00,0.00,0.00,0.00,0,174,0,476,0,0,0,"27,161",100.0
충청남도,금산군,제원면,2030,"24,879.00","24,879.00","23,434.00",94.2,0.000,0.00,0.00,0.00,0.00,0.00,0.00,0.00,0.420,"24,879.00","24,879.00","23,434.00",0.00,"23,434.00",0.400,0.00,0.00,0.00,0.00,0.00,0.00,0.00,0,194,0,719,0,0,0,"23,434",100.0
충청남도,금산군,부리면,2030,"29,372.00","29,372.00","28,758.00",97.9,0.000,0.00,0.00,0.00,0.00,0.00,0.00,0.00,0.860,"29,300.00","29,300.00","28,686.00",0.00,"28,686.00",0.860,72.00,72.00,72.00,0.00,72.00,0.00,0.00,0,402,4,851,2,0,0,"28,758",100.0
충청남도,금산군,군북면,2030,"33,505.00","33,505.00","30,999.00",92.5,0.000,0.00,0.00,0.00,0.00,0.00,0.00,0.00,0.710,"33,505.00","33,505.00","30,999.00",0.00,"30,999.00",0.710,0.00,0.00,0.00,0.00,0.00,0.00,0.00,0,688,0,"1,163",0,0,0,"30,999",100.0
충청남도,금산군,남일면,2030,"21,087.00","21,087.00","16,161.00",76.6,0.000,0.00,0.00,0.00,0.00,0.00,0.00,0.00,0.440,"21,087.00","21,087.00","16,161.00",0.00,"16,161.00",0.440,0.00,0.00,0.00,0.00,0.00,0.00,0.00,0,166,0,"1,105",0,0,0,"16,161",100.0
충청남도,금산군,남이면,2030,"9,195.00","9,195.00","6,763.00",73.6,0.000,0.00,0.00,0.00,0.00,0.00,0.00,0.00,0.220,"9,195.00","9,195.00","6,763.00",0.00,"6,763.00",0.220,0.00,0.00,0.00,0.00,0.00,0.00,0.00,0,116,0,227,0,0,0,"6,763",100.0
충청남도,금산군,진산면,2030,"21,356.00","21,356.00","21,356.00",100.0,0.000,0.00,0.00,0.00,0.00,0.00,0.00,0.00,0.430,"21,356.00","21,356.00","21,356.00",0.00,"21,356.00",0.430,0.00,0.00,0.00,0.00,0.00,0.00,0.00,0,149,0,439,0,0,0,"21,356",100.0
충청남도,금산군,복수면,2030,"29,305.00","29,305.00","12,626.00",43.1,0.000,0.00,0.00,0.00,0.00,0.00,0.00,0.00,0.620,"29,305.00","29,305.00","12,626.00",0.00,"12,626.00",0.620,0.00,0.00,0.00,0.00,0.00,0.00,0.00,0,220,0,511,0,0,0,"12,626",100.0
충청남도,금산군,추부면,2030,"79,678.00","79,678.00","57,043.00",71.6,0.000,0.00,0.00,0.00,0.00,0.00,0.00,0.00,2.500,"57,043.00","57,043.00","57,043.00",0.00,"57,043.00",2.500,"22,635.00","22,635.00",0.00,0.00,0.00,0.00,0.00,0,566,0,"1,933",0,0,0,"48,653",85.3
충청남도,부여군,소계,,"707,304.60","832,630.70","622,156.40",74.7,15.700,"214,539.60","276,622.00","276,619.30","28,419.50","157,245.20",0.00,"90,954.60",20.200,"349,255.00","412,498.20","304,100.40",0.00,"304,100.40",20.200,"143,510.00","143,510.50","41,436.70","23,342.00","4,950.30",235.70,"12,908.70","7,818","6,373","1,111","13,549",0,8,22,"377,030",60.6
충청남도,부여군,부여읍,2020,"221,929.00","247,541.40","165,370.70",66.8,7.100,"99,296.00","124,908.40","124,908.40","10,430.10","75,114.00",0.00,"39,364.30",4.400,"66,255.00","66,255.00","37,229.00",0.00,"37,229.00",4.400,"56,378.00","56,378.00","3,233.30","2,803.70",0.00,0.00,429.60,"2,810","2,184",137,"7,465",0,8,22,"129,167",78.1
충청남도,부여군,규암면,2020,"119,824.00","119,824.40","98,470.70",82.2,2.600,"40,493.00","40,493.40","40,493.40","2,881.60","23,901.00",0.00,"13,710.80",6.700,"61,376.00","61,376.00","42,836.20",0.00,"42,836.20",6.700,"17,955.00","17,955.00","15,141.10","10,288.20","2,916.90",0.00,"1,936.00","1,110",978,0,"1,015",0,0,0,"84,274",85.6
충청남도,부여군,은산면,2020,"53,893.00","72,732.80","46,771.20",64.3,0.900,"12,445.00","31,284.80","31,284.80",739.60,"22,693.60",0.00,"7,851.60",1.100,"33,534.00","33,534.00","14,694.00",0.00,"14,694.00",1.100,"7,914.00","7,914.00",792.40,173.70,0.00,0.00,618.70,552,335,15,998,0,0,0,"26,150",55.9
충청남도,부여군,외산면,2020,"22,993.00","30,722.70","28,014.40",91.2,0.600,"1,442.00","9,171.70","9,171.70",0.00,"8,718.10",0.00,453.60,0.400,"15,820.00","15,820.00","13,496.00",0.00,"13,496.00",0.400,"5,731.00","5,731.00","5,346.70","2,302.70",0.00,0.00,"3,044.00",640,358,0,725,0,0,0,"22,402",80.0
충청남도,부여군,내산면,2020,"12,721.00","24,711.00","23,811.50",96.4,0.000,725.00,"10,625.00","10,625.00",0.00,"10,557.80",0.00,67.20,0.100,"8,016.00","10,106.00","10,106.00",0.00,"10,106.00",0.100,"3,980.00","3,980.00","3,080.50","1,172.00",493.10,235.70,"1,179.70",333,236,0,452,0,0,0,"13,021",54.7
충청남도,부여군,구룡면,2020,"14,185.00","19,315.40","16,632.40",86.1,0.400,"5,732.00","5,732.00","5,732.00",212.60,"3,196.70",0.00,"2,322.70",0.400,"5,770.00","10,900.40","10,900.40",0.00,"10,900.40",0.400,"2,683.00","2,683.00",0.00,0.00,0.00,0.00,0.00,117,109,6,81,0,0,0,"11,478",69.0
충청남도,부여군,홍산면,2020,"35,639.00","35,639.00","28,012.00",78.6,0.900,"17,800.00","17,800.00","17,800.00","1,791.60","8,463.70",0.00,"7,544.70",0.800,"10,212.00","10,212.00","10,212.00",0.00,"10,212.00",0.800,"7,627.00","7,627.00",0.00,0.00,0.00,0.00,0.00,324,44,2,307,0,0,0,"8,900",31.8
충청남도,부여군,옥산면,2020,"6,089.00","6,089.20","4,788.90",78.6,0.000,233.00,233.00,232.70,198.10,0.00,0.00,34.60,0.200,"3,526.00","3,526.00","2,226.00",0.00,"2,226.00",0.200,"2,330.00","2,330.20","2,330.20","1,725.00",0.00,0.00,605.20,80,48,0,15,0,0,0,"3,831",80.0
충청남도,부여군,남면,2020,"29,446.40","40,481.40","35,723.00",88.2,0.400,"4,468.40","4,468.40","4,468.00","1,350.10",263.50,0.00,"2,854.40",0.700,"20,220.00","31,255.00","31,255.00",0.00,"31,255.00",0.700,"4,758.00","4,758.00",0.00,0.00,0.00,0.00,0.00,39,540,491,54,0,0,0,"4,468",12.5
충청남도,부여군,충화면,2020,"14,039.00","14,039.00","11,291.00",80.4,0.200,"3,300.00","3,300.00","3,299.60","1,531.40",88.00,0.00,"1,680.20",0.400,"7,631.00","7,631.00","6,270.00",0.00,"6,270.00",0.400,"3,108.00","3,108.00","1,721.40",569.50,206.40,0.00,945.50,90,63,0,62,0,0,0,"4,310",38.2
충청남도,부여군,양화면,2020,"19,903.20","19,903.50","13,818.50",69.4,0.100,"2,541.20","2,541.20","2,541.20",597.80,77.50,0.00,"1,865.90",0.300,"14,296.00","14,296.00","8,211.00",0.00,"8,211.00",0.300,"3,066.00","3,066.30","3,066.30",337.50,684.20,0.00,"2,044.60",221,67,8,356,0,0,0,"7,449",53.9
충청남도,부여군,임천면,2020,"12,093.00","22,216.00","20,856.00",93.9,0.200,"5,348.00","5,348.00","5,348.00","1,459.20","1,358.20",0.00,"2,530.60",0.800,"5,320.00","15,443.00","15,443.00",0.00,"15,443.00",0.800,"1,425.00","1,425.00",65.00,65.00,0.00,0.00,0.00,142,338,373,55,0,0,0,"5,347",25.6
충청남도,부여군,장암면,2020,"27,373.00","55,076.80","50,839.90",92.3,0.300,"5,179.00","5,179.00","5,177.90","2,643.10",924.60,0.00,"1,610.20",0.900,"16,319.00","44,022.80","44,022.80",0.00,"44,022.80",0.900,"5,875.00","5,875.00","1,639.20","1,202.20",221.60,0.00,215.40,185,672,0,698,0,0,0,"5,850",11.5
충청남도,부여군,세도면,2020,"66,143.00","66,143.00","29,140.90",44.1,1.100,"9,397.00","9,397.00","9,396.70","2,646.20",551.80,0.00,"6,198.70",1.500,"50,012.00","50,012.00","19,090.00",0.00,"19,090.00",1.500,"6,734.00","6,734.00",654.20,378.10,0.00,0.00,276.10,547,65,26,614,0,0,0,"14,618",50.2
충청남도,부여군,석성면,2020,"23,725.00","25,668.00","20,431.60",79.6,0.300,"2,985.00","2,985.00","2,984.80",849.40,768.20,0.00,"1,367.20",1.000,"14,305.00","16,248.00","16,248.00",0.00,"16,248.00",1.000,"6,435.00","6,435.00","1,198.80",715.10,428.10,0.00,55.60,85,162,42,96,0,0,0,"19,899",97.4
충청남도,부여군,초촌면,2020,"27,309.00","32,527.10","28,183.70",86.6,0.600,"3,155.00","3,155.10","3,155.10","1,088.70",568.50,0.00,"1,497.90",0.500,"16,643.00","21,861.00","21,861.00",0.00,"21,861.00",0.500,"7,511.00","7,511.00","3,167.60","1,609.30",0.00,0.00,"1,558.30",543,174,11,556,0,0,0,"15,866",56.3
충청남도,서천군,소계,,"385,732.00","398,117.00","292,132.00",73.4,0.600,"36,050.00","36,050.00","30,303.00","6,641.00","11,665.00","11,997.00",0.00,9.700,"200,911.00","213,296.00","170,324.00",1.00,"170,323.00",10.450,"148,771.00","148,771.00","91,505.00","7,320.00","28,139.00","55,346.00",700.00,194,"2,933","4,184","10,354","4,827",8,47,"271,381",92.9
충청남도,서천군,장항읍,2035,"116,678.00","119,016.00","117,006.00",98.3,0.000,0.00,0.00,0.00,0.00,0.00,0.00,0.00,3.780,"56,231.00","58,569.00","58,569.00",1.00,"58,568.00",3.330,"60,447.00","60,447.00","58,437.00","6,047.00","20,990.00","31,100.00",300.00,0,774,"1,270","3,989","1,994",0,17,"112,808",96.4
충청남도,서천군,서천읍,2035,"97,584.00","97,584.00","70,297.00",72.0,0.600,"36,050.00","36,050.00","30,303.00","6,641.00","11,665.00","11,997.00",0.00,1.490,"45,780.00","45,780.00","38,234.00",0.00,"38,234.00",1.140,"15,754.00","15,754.00","1,760.00",0.00,"1,360.00",0.00,400.00,194,684,"1,121","2,610","1,305",8,30,"67,817",96.5
충청남도,서천군,마서면,2035,"33,100.00","33,100.00","11,593.00",35.0,0.000,0.00,0.00,0.00,0.00,0.00,0.00,0.00,0.430,"27,100.00","27,100.00","7,095.00",0.00,"7,095.00",0.430,"6,000.00","6,000.00","4,498.00",871.00,479.00,"3,148.00",0.00,0,180,295,351,175,0,0,"11,593",100.0
충청남도,서천군,화양면,2035,"26,756.00","26,756.00","14,254.00",53.3,0.000,0.00,0.00,0.00,0.00,0.00,0.00,0.00,0.070,"13,436.00","13,436.00","10,136.00",0.00,"10,136.00",0.480,"13,320.00","13,320.00","4,118.00",0.00,"1,076.00","3,042.00",0.00,0,233,67,532,35,0,0,"5,854",41.1
충청남도,서천군,기산면,2035,"12,050.00","12,050.00","10,158.00",84.3,0.000,0.00,0.00,0.00,0.00,0.00,0.00,0.00,0.440,"8,500.00","8,500.00","7,188.00",0.00,"7,188.00",0.440,"3,550.00","3,550.00","2,970.00",0.00,77.00,"2,893.00",0.00,0,67,109,182,91,0,0,"10,158",100.0
충청남도,서천군,한산면,2035,"17,074.00","26,349.00","22,936.00",87.0,0.000,0.00,0.00,0.00,0.00,0.00,0.00,0.00,1.200,"10,264.00","19,539.00","19,539.00",0.00,"19,539.00",1.200,"6,810.00","6,810.00","3,397.00",0.00,47.00,"3,350.00",0.00,0,164,268,776,388,0,0,"22,936",100.0
충청남도,서천군,마산면,2035,"2,150.00","2,150.00",0.00,0.0,0.000,0.00,0.00,0.00,0.00,0.00,0.00,0.00,0.000,0.00,0.00,0.00,0.00,0.00,0.170,"2,150.00","2,150.00",0.00,0.00,0.00,0.00,0.00,0,0,0,0,0,0,0,0,0.0
충청남도,서천군,시초면,2035,"3,550.00","3,550.00",0.00,0.0,0.000,0.00,0.00,0.00,0.00,0.00,0.00,0.00,0.000,0.00,0.00,0.00,0.00,0.00,0.270,"3,550.00","3,550.00",0.00,0.00,0.00,0.00,0.00,0,0,0,0,0,0,0,0,0.0
충청남도,서천군,문산면,2035,"2,550.00","2,550.00",0.00,0.0,0.000,0.00,0.00,0.00,0.00,0.00,0.00,0.00,0.000,0.00,0.00,0.00,0.00,0.00,0.180,"2,550.00","2,550.00",0.00,0.00,0.00,0.00,0.00,0,0,0,0,0,0,0,0,0.0
충청남도,서천군,판교면,2035,"14,370.00","15,142.00","10,118.00",66.8,0.000,0.00,0.00,0.00,0.00,0.00,0.00,0.00,0.360,"4,800.00","5,572.00","5,572.00",0.00,"5,572.00",0.360,"9,570.00","9,570.00","4,546.00",350.00,"1,313.00","2,883.00",0.00,0,189,309,429,214,0,0,"10,118",100.0
충청남도,서천군,종천면,2035,"7,120.00","7,120.00",0.00,0.0,0.000,0.00,0.00,0.00,0.00,0.00,0.00,0.00,0.000,0.00,0.00,0.00,0.00,0.00,0.520,"7,120.00","7,120.00",0.00,0.00,0.00,0.00,0.00,0,0,0,0,0,0,0,0,0.0
충청남도,서천군,비인면,2035,"30,700.00","30,700.00","22,275.00",72.6,0.000,0.00,0.00,0.00,0.00,0.00,0.00,0.00,1.240,"21,700.00","21,700.00","18,326.00",0.00,"18,326.00",1.240,"9,000.00","9,000.00","3,949.00",0.00,555.00,"3,394.00",0.00,0,502,516,909,337,0,0,"22,087",99.2
충청남도,서천군,서면,2035,"22,050.00","22,050.00","13,495.00",61.2,0.000,0.00,0.00,0.00,0.00,0.00,0.00,0.00,0.690,"13,100.00","13,100.00","5,665.00",0.00,"5,665.00",0.690,"8,950.00","8,950.00","7,830.00",52.00,"2,242.00","5,536.00",0.00,0,140,229,576,288,0,0,"8,010",59.4
충청남도,청양군,소계,,"370,166.33","370,166.33","335,466.82",90.6,0.000,0.00,0.00,0.00,0.00,0.00,0.00,0.00,12.900,"209,417.93","209,417.93","176,304.42",0.00,"176,304.42",12.900,"160,748.40","160,748.40","159,162.40","10,875.92","86,291.44","1,895.50","60,099.54",0,"6,740","2,877","8,039",0,0,163,"335,464",100.0
충청남도,청양군,청양읍,2020,"139,578.21","139,578.21","131,900.21",94.5,0.000,0.00,0.00,0.00,0.00,0.00,0.00,0.00,3.330,"71,402.00","71,402.00","65,310.00",0.00,"65,310.00",3.330,"68,176.21","68,176.21","66,590.21","7,014.10","44,449.81",571.20,"14,555.10",0,"2,612","1,482","4,795",0,0,126,"131,900",100.0
충청남도,청양군,운곡면,2020,"10,433.13","10,433.13","4,721.13",45.3,0.000,0.00,0.00,0.00,0.00,0.00,0.00,0.00,0.957,"10,433.13","10,433.13","4,721.13",0.00,"4,721.13",0.957,0.00,0.00,0.00,0.00,0.00,0.00,0.00,0,189,0,192,0,0,0,"4,721",100.0
충청남도,청양군,대치면,2020,"23,168.81","23,168.81","23,168.81",100.0,0.000,0.00,0.00,0.00,0.00,0.00,0.00,0.00,0.493,"14,394.41","14,394.41","14,394.41",0.00,"14,394.41",0.493,"8,774.40","8,774.40","8,774.40",120.90,"5,820.60",0.00,"2,832.90",0,576,194,208,0,0,0,"23,169",100.0
충청남도,청양군,정산면,2020,"50,953.38","50,953.38","48,080.38",94.4,0.000,0.00,0.00,0.00,0.00,0.00,0.00,0.00,1.710,"25,335.64","25,335.64","22,462.64",0.00,"22,462.64",1.710,"25,617.74","25,617.74","25,617.74","1,498.92","13,332.02",400.00,"10,386.80",0,899,444,767,0,0,37,"48,080",100.0
충청남도,청양군,목면,2020,"21,608.96","21,608.96","21,480.45",99.4,0.000,0.00,0.00,0.00,0.00,0.00,0.00,0.00,0.841,"12,023.36","12,023.36","11,894.85",0.00,"11,894.85",0.841,"9,585.60","9,585.60","9,585.60",116.70,"4,218.70",81.70,"5,168.50",0,476,141,257,0,0,0,"21,480",100.0
충청남도,청양군,청남면,2020,"20,061.36","20,061.36","14,568.36",72.6,0.000,0.00,0.00,0.00,0.00,0.00,0.00,0.00,1.135,"11,332.66","11,332.66","5,839.66",0.00,"5,839.66",1.135,"8,728.70","8,728.70","8,728.70",644.40,"3,612.30",29.40,"4,442.60",0,234,120,389,0,0,0,"14,568",100.0
충청남도,청양군,장평면,2020,"29,017.68","29,017.68","24,389.68",84.1,0.000,0.00,0.00,0.00,0.00,0.00,0.00,0.00,1.279,"20,226.03","20,226.03","15,598.03",0.00,"15,598.03",1.279,"8,791.65","8,791.65","8,791.65",500.20,"6,205.41",533.00,"1,553.04",0,310,207,428,0,0,0,"24,389",100.0
충청남도,청양군,남양면,2020,"15,166.20","15,166.20","15,166.20",100.0,0.000,0.00,0.00,0.00,0.00,0.00,0.00,0.00,0.235,"8,091.30","8,091.30","8,091.30",0.00,"8,091.30",0.235,"7,074.90","7,074.90","7,074.90",278.50,"2,807.70",109.60,"3,879.10",0,324,94,181,0,0,0,"15,166",100.0
충청남도,청양군,화성면,2020,"15,066.20","15,066.20","14,720.20",97.7,0.000,0.00,0.00,0.00,0.00,0.00,0.00,0.00,0.661,"8,135.90","8,135.90","7,789.90",0.00,"7,789.90",0.661,"6,930.30","6,930.30","6,930.30",55.30,"3,039.40",170.60,"3,665.00",0,312,101,282,0,0,0,"14,720",100.0
충청남도,청양군,비봉면,2020,"45,112.40","45,112.40","37,271.40",82.6,0.000,0.00,0.00,0.00,0.00,0.00,0.00,0.00,2.259,"28,043.50","28,043.50","20,202.50",0.00,"20,202.50",2.259,"17,068.90","17,068.90","17,068.90",646.90,"2,805.50",0.00,"13,616.50",0,808,94,540,0,0,0,"37,271",100.0
충청남도,홍성군,소계,,"407,764.00","492,269.00","410,380.00",83.4,"27,750.000","27,750.00","27,750.00","27,750.00","2,155.00","14,262.00",0.00,"11,333.00",5.690,"313,438.00","313,438.00","231,549.00",0.00,"231,549.00",9.700,"66,576.00","151,081.00","151,081.00",0.00,"151,081.00",0.00,0.00,"3,444","5,022",0,"8,657",0,138,0,"305,347",74.4
충청남도,홍성군,홍성읍,2035,"208,366.00","246,615.00","221,471.00",89.8,"14,441.000","14,441.00","14,441.00","14,441.00","1,051.00","10,837.00",0.00,"2,553.00",0.300,"132,296.00","132,296.00","107,152.00",0.00,"107,152.00",6.800,"61,629.00","99,878.00","99,878.00",0.00,"99,878.00",0.00,0.00,"2,167","2,855",0,"4,076",0,119,0,"162,944",73.6
충청남도,홍성군,광천읍,2035,"72,347.00","112,021.00","106,758.00",95.3,"13,309.000","13,309.00","13,309.00","13,309.00","1,104.00","3,425.00",0.00,"8,780.00",0.200,"54,091.00","54,091.00","48,828.00",0.00,"48,828.00",2.900,"4,947.00","44,621.00","44,621.00",0.00,"44,621.00",0.00,0.00,"1,277","1,578",0,"2,666",0,19,0,"72,084",67.5
충청남도,홍성군,홍북읍,2035,"18,555.00","25,137.00","15,590.00",62.0,0.000,0.00,0.00,0.00,0.00,0.00,0.00,0.00,0.590,"18,555.00","18,555.00","9,008.00",0.00,"9,008.00",0.000,0.00,"6,582.00","6,582.00",0.00,"6,582.00",0.00,0.00,0,589,0,311,0,0,0,"6,758",43.3
충청남도,홍성군,금마면,2035,"21,724.00","21,724.00","6,579.00",30.3,0.000,0.00,0.00,0.00,0.00,0.00,0.00,0.00,0.300,"21,724.00","21,724.00","6,579.00",0.00,"6,579.00",0.000,0.00,0.00,0.00,0.00,0.00,0.00,0.00,0,0,0,120,0,0,0,"6,579",100.0
충청남도,홍성군,홍동면,2035,"7,864.00","7,864.00","4,119.00",52.4,0.000,0.00,0.00,0.00,0.00,0.00,0.00,0.00,0.100,"7,864.00","7,864.00","4,119.00",0.00,"4,119.00",0.000,0.00,0.00,0.00,0.00,0.00,0.00,0.00,0,0,0,85,0,0,0,"4,119",100.0
충청남도,홍성군,장곡면,2035,"12,457.00","12,457.00","6,894.00",55.3,0.000,0.00,0.00,0.00,0.00,0.00,0.00,0.00,0.500,"12,457.00","12,457.00","6,894.00",0.00,"6,894.00",0.000,0.00,0.00,0.00,0.00,0.00,0.00,0.00,0,0,0,206,0,0,0,"6,894",100.0
충청남도,홍성군,은하면,2035,"5,140.00","5,140.00","1,243.00",24.2,0.000,0.00,0.00,0.00,0.00,0.00,0.00,0.00,0.100,"5,140.00","5,140.00","1,243.00",0.00,"1,243.00",0.000,0.00,0.00,0.00,0.00,0.00,0.00,0.00,0,0,0,58,0,0,0,"1,243",100.0
충청남도,홍성군,결성면,2035,"8,223.00","8,223.00","8,223.00",100.0,0.000,0.00,0.00,0.00,0.00,0.00,0.00,0.00,0.800,"8,223.00","8,223.00","8,223.00",0.00,"8,223.00",0.000,0.00,0.00,0.00,0.00,0.00,0.00,0.00,0,0,0,242,0,0,0,"8,223",100.0
충청남도,홍성군,서부면,2035,"13,498.00","13,498.00","13,498.00",100.0,0.000,0.00,0.00,0.00,0.00,0.00,0.00,0.00,1.200,"13,498.00","13,498.00","13,498.00",0.00,"13,498.00",0.000,0.00,0.00,0.00,0.00,0.00,0.00,0.00,0,0,0,346,0,0,0,"13,498",100.0
충청남도,홍성군,갈산면,2035,"23,365.00","23,365.00","9,780.00",41.9,0.000,0.00,0.00,0.00,0.00,0.00,0.00,0.00,0.800,"23,365.00","23,365.00","9,780.00",0.00,"9,780.00",0.000,0.00,0.00,0.00,0.00,0.00,0.00,0.00,0,0,0,307,0,0,0,"6,780",69.3
충청남도,홍성군,구항면,2035,"16,225.00","16,225.00","16,225.00",100.0,0.000,0.00,0.00,0.00,0.00,0.00,0.00,0.00,0.800,"16,225.00","16,225.00","16,225.00",0.00,"16,225.00",0.000,0.00,0.00,0.00,0.00,0.00,0.00,0.00,0,0,0,240,0,0,0,"16,225",100.0
충청남도,예산군,소계,,"455,807.00","456,587.00","197,142.00",43.2,15.400,"110,101.00","110,881.00","106,313.00","3,577.00","58,959.00","12,764.00","31,013.00",66.940,"302,381.00","302,381.00","85,340.00",0.00,"85,340.00",3.000,"43,325.00","43,325.00","5,489.00","1,588.00","3,045.00",856.00,0.00,380,"1,618",92,"3,390","3,924",104,0,"155,934",79.1
충청남도,예산군,예산읍,2020,"154,251.00","154,703.00","69,798.00",45.1,10.600,"60,583.00","61,035.00","61,035.00",762.00,"36,906.00","6,573.00","16,794.00",11.300,"88,660.00","88,660.00","6,945.00",0.00,"6,945.00",1.000,"5,008.00","5,008.00","1,818.00",0.00,"1,315.00",503.00,0.00,200,34,34,0,"2,679",94,0,"62,799",90.0
충청남도,예산군,삽교읍,2020,"120,090.00","120,418.00","24,806.00",20.6,2.100,"20,565.00","20,893.00","20,893.00","1,090.00","4,312.00","5,400.00","10,091.00",45.300,"63,846.00","63,846.00","2,880.00",0.00,"2,880.00",1.000,"35,679.00","35,679.00","1,033.00",0.00,680.00,353.00,0.00,150,28,28,932,466,2,0,"11,957",48.2
충청남도,예산군,대술면,2020,"5,501.00","5,501.00",0.00,0.0,0.000,0.00,0.00,0.00,0.00,0.00,0.00,0.00,0.300,"5,501.00","5,501.00",0.00,0.00,0.00,0.000,0.00,0.00,0.00,0.00,0.00,0.00,0.00,0,0,0,0,0,0,0,0,0.0
충청남도,예산군,신양면,2020,"18,396.00","18,396.00","18,362.00",99.8,0.000,0.00,0.00,0.00,0.00,0.00,0.00,0.00,0.820,"18,396.00","18,396.00","18,362.00",0.00,"18,362.00",0.000,0.00,0.00,0.00,0.00,0.00,0.00,0.00,0,172,0,304,80,0,0,"18,362",100.0
충청남도,예산군,광시면,2020,"18,006.00","18,006.00","16,448.00",91.3,0.000,0.00,0.00,0.00,0.00,0.00,0.00,0.00,2.200,"18,006.00","18,006.00","16,448.00",0.00,"16,448.00",0.000,0.00,0.00,0.00,0.00,0.00,0.00,0.00,0,718,0,289,96,0,0,"10,848",66.0
충청남도,예산군,대흥면,2020,"7,915.00","7,915.00","1,406.00",17.8,0.000,0.00,0.00,0.00,0.00,0.00,0.00,0.00,0.600,"7,915.00","7,915.00","1,406.00",0.00,"1,406.00",0.000,0.00,0.00,0.00,0.00,0.00,0.00,0.00,0,109,0,67,33,0,0,"1,406",100.0
충청남도,예산군,응봉면,2020,"8,282.00","8,282.00",274.00,3.3,0.000,0.00,0.00,0.00,0.00,0.00,0.00,0.00,0.600,"8,282.00","8,282.00",274.00,0.00,274.00,0.000,0.00,0.00,0.00,0.00,0.00,0.00,0.00,0,8,0,13,7,0,0,274,100.0
충청남도,예산군,덕산면,2020,"85,566.00","85,566.00","38,760.00",45.3,2.700,"28,953.00","28,953.00","24,385.00","1,725.00","17,741.00",791.00,"4,128.00",4.300,"53,975.00","53,975.00","11,737.00",0.00,"11,737.00",1.000,"2,638.00","2,638.00","2,638.00","1,588.00","1,050.00",0.00,0.00,30,100,30,"1,046",523,8,0,"23,000",59.3
충청남도,예산군,봉산면,2020,0.00,0.00,0.00,0.0,0.000,0.00,0.00,0.00,0.00,0.00,0.00,0.00,0.000,0.00,0.00,0.00,0.00,0.00,0.000,0.00,0.00,0.00,0.00,0.00,0.00,0.00,0,0,0,0,0,0,0,0,0.0
충청남도,예산군,고덕면,2020,"13,080.00","13,080.00","13,080.00",100.0,0.000,0.00,0.00,0.00,0.00,0.00,0.00,0.00,0.420,"13,080.00","13,080.00","13,080.00",0.00,"13,080.00",0.000,0.00,0.00,0.00,0.00,0.00,0.00,0.00,0,204,0,370,0,0,0,"13,080",100.0
충청남도,예산군,신암면,2020,"12,762.00","12,762.00","2,250.00",17.6,0.000,0.00,0.00,0.00,0.00,0.00,0.00,0.00,0.100,"12,762.00","12,762.00","2,250.00",0.00,"2,250.00",0.000,0.00,0.00,0.00,0.00,0.00,0.00,0.00,0,64,0,81,40,0,0,"2,250",100.0
충청남도,예산군,오가면,2020,"11,958.00","11,958.00","11,958.00",100.0,0.000,0.00,0.00,0.00,0.00,0.00,0.00,0.00,1.000,"11,958.00","11,958.00","11,958.00",0.00,"11,958.00",0.000,0.00,0.00,0.00,0.00,0.00,0.00,0.00,0,181,0,288,0,0,0,"11,958",100.0
충청남도,태안군,소계,,"589,624.00","598,677.00","251,417.53",42.0,16.000,"210,889.00","210,889.00","51,817.00","6,297.00","28,607.00","4,559.00","12,354.00",16.200,"254,569.00","263,622.00","168,436.53",0.00,"168,436.53",14.200,"124,166.00","124,166.00","31,164.00","30,389.00",775.00,0.00,0.00,"2,880",540,0,"12,635",0,2,2,"168,216",66.9
충청남도,태안군,태안읍,2030,"202,789.00","202,789.00","113,648.80",56.0,4.700,"95,515.00","95,515.00","30,133.00","3,111.00","20,566.00",710.00,"5,746.00",3.200,"62,305.00","62,305.00","60,993.80",0.00,"60,993.80",2.500,"44,969.00","44,969.00","22,522.00","21,747.00",775.00,0.00,0.00,"1,660",160,0,"7,164",0,1,1,"87,810",77.3
충청남도,태안군,안면읍,2030,"90,160.00","90,160.00","48,969.73",54.3,2.900,"26,880.00","26,880.00","7,138.00","1,745.00","2,777.00",490.00,"2,126.00",3.000,"47,246.00","47,246.00","38,615.73",0.00,"38,615.73",2.200,"16,034.00","16,034.00","3,216.00","3,216.00",0.00,0.00,0.00,454,0,0,"2,732",0,1,1,"24,371",49.8
충청남도,태안군,고남면,2030,"32,705.00","41,758.00","23,068.00",55.2,1.000,"12,420.00","12,420.00","2,453.00",253.00,"1,100.00",420.00,680.00,1.200,"11,562.00","20,615.00","20,615.00",0.00,"20,615.00",1.200,"8,723.00","8,723.00",0.00,0.00,0.00,0.00,0.00,138,59,0,510,0,0,0,"15,619",67.7
충청남도,태안군,남면,2030,"39,599.00","39,599.00","7,720.00",19.5,1.000,"10,324.00","10,324.00","1,983.00",183.00,486.00,532.00,782.00,1.400,"18,543.00","18,543.00","5,737.00",0.00,"5,737.00",1.400,"10,732.00","10,732.00",0.00,0.00,0.00,0.00,0.00,60,0,0,594,0,0,0,"3,466",44.9
충청남도,태안군,근흥면,2030,"72,125.00","72,125.00","19,041.00",26.4,2.200,"18,230.00","18,230.00","3,524.00",247.00,"1,231.00",632.00,"1,414.00",2.000,"38,572.00","38,572.00","10,091.00",0.00,"10,091.00",2.000,"15,323.00","15,323.00","5,426.00","5,426.00",0.00,0.00,0.00,228,0,0,361,0,0,0,"14,996",78.8
충청남도,태안군,소원면,2030,"61,362.00","61,362.00","19,554.50",31.9,1.800,"18,260.00","18,260.00","3,341.00",326.00,"1,423.00",852.00,740.00,2.400,"29,781.00","29,781.00","16,213.50",0.00,"16,213.50",1.900,"13,321.00","13,321.00",0.00,0.00,0.00,0.00,0.00,162,321,0,855,0,0,0,"15,128",77.4
충청남도,태안군,원북면,2030,"68,002.00","68,002.00","19,415.50",28.6,1.600,"19,420.00","19,420.00","3,245.00",432.00,"1,024.00",923.00,866.00,2.000,"34,250.00","34,250.00","16,170.50",0.00,"16,170.50",2.000,"14,332.00","14,332.00",0.00,0.00,0.00,0.00,0.00,178,0,0,419,0,0,0,"6,826",35.2
충청남도,태안군,이원면,2030,"22,882.00","22,882.00",0.00,0.0,0.800,"9,840.00","9,840.00",0.00,0.00,0.00,0.00,0.00,1.000,"12,310.00","12,310.00",0.00,0.00,0.00,1.000,732.00,732.00,0.00,0.00,0.00,0.00,0.00,0,0,0,0,0,0,0,0,0.0
전라북도,,합계,,"10,836,033.20","12,266,333.66","9,957,499.91",81.2,153.258,"1,777,576.00","2,026,161.00","1,286,566.67","286,341.57","717,822.10","23,702.00","258,701.00",343.082,"6,274,497.30","6,907,001.82","5,738,117.62","592,543.59","5,145,574.03","1,076.068","2,783,959.90","3,333,170.84","2,932,815.62","482,260.89","1,886,171.18","88,530.97","475,852.58","43,751","95,741","72,833","432,984","92,999",492,"1,503","8,214,421",82.5
전라북도,시부,합계,,"7,469,842.40","8,141,532.35","6,459,384.90",79.3,122.358,"1,616,054.00","1,857,035.00","1,210,024.67","238,538.57","699,511.10","20,851.00","251,124.00",180.070,"3,803,406.40","4,021,106.51","3,286,838.21","592,543.59","2,694,294.62",160.470,"2,050,382.00","2,263,390.84","1,962,522.02","356,279.09","1,352,928.98","45,793.07","207,520.88","34,924","43,335","30,039","337,586","33,734",472,826,"5,451,134",84.4
전라북도,전주시,소계,,"1,942,471.00","2,097,361.00","1,838,102.30",87.6,73.228,"597,559.00","597,559.00","386,597.90","54,340.00","143,045.90","17,511.00","171,701.00",54.700,"798,372.00","909,631.00","908,652.10","28,084.00","880,568.10",61.030,"546,540.00","590,171.00","542,852.30","47,877.00","466,605.30","3,270.00","25,100.00","7,976","7,159","8,048","263,694",0,286,0,"1,708,402",92.9
전라북도,전주시,중앙동,2035,"25,638.00","32,918.00","29,330.00",89.1,0.930,"9,268.00","9,268.00","5,680.00",864.00,"1,861.00",278.00,"2,677.00",0.200,"8,937.00","15,797.00","15,797.00",445.00,"15,352.00",0.230,"7,433.00","7,853.00","7,853.00",760.00,"6,643.00",52.00,398.00,133,108,121,"4,182",0,4,0,"25,321",86.3
전라북도,전주시,풍남동,2035,"14,368.00","15,394.00","13,300.00",86.4,1.080,"4,629.00","4,629.00","2,535.00",431.00,629.00,138.00,"1,337.00",0.500,"6,027.00","6,600.00","6,600.00",222.00,"6,378.00",0.500,"3,712.00","4,165.00","4,165.00",379.00,"3,561.00",26.00,199.00,66,54,60,"2,088",0,2,0,"12,647",95.1
전라북도,전주시,노송동,2035,"104,388.00","122,676.00","109,305.00",89.1,1.080,"34,351.00","34,351.00","20,980.00","3,203.00","6,824.00","1,030.00","9,923.00",0.500,"42,487.00","59,137.00","59,137.00","1,652.00","57,485.00",0.500,"27,550.00","29,188.00","29,188.00","2,817.00","24,701.00",193.00,"1,477.00",450,452,500,"15,706",0,17,0,"93,849",85.9
전라북도,전주시,완산동,2035,"11,091.00","11,091.00","9,930.00",89.5,0.300,"3,596.00","3,596.00","2,435.00",335.00,955.00,107.00,"1,038.00",0.300,"4,682.00","4,682.00","4,682.00",173.00,"4,509.00",0.400,"2,813.00","2,813.00","2,813.00",294.00,"2,345.00",20.00,154.00,51,42,47,"1,622",0,1,0,"9,824",98.9
전라북도,전주시,동서학동,2035,"37,323.00","37,323.00","33,423.00",89.6,4.170,"12,099.00","12,099.00","8,199.00","1,128.00","3,213.00",363.00,"3,495.00",5.000,"15,754.00","15,754.00","15,754.00",582.00,"15,172.00",6.000,"9,470.00","9,470.00","9,470.00",992.00,"7,890.00",68.00,520.00,174,141,158,"5,461",0,6,0,"33,056",98.9
전라북도,전주시,서서학동,2035,"68,611.00","68,611.00","61,441.00",89.5,1.970,"22,242.00","22,242.00","15,072.00","2,073.00","5,907.00",667.00,"6,425.00",0.400,"28,960.00","28,960.00","28,960.00","1,070.00","27,890.00",0.600,"17,409.00","17,409.00","17,409.00","1,824.00","14,504.00",125.00,956.00,321,260,291,"10,040",0,11,0,"60,765",98.9
전라북도,전주시,중화산1동,2035,"34,135.00","34,135.00","30,567.00",89.5,0.220,"11,066.00","11,066.00","7,499.00","1,031.00","2,939.00",332.00,"3,197.00",0.400,"14,409.00","14,409.00","14,408.00",532.00,"13,876.00",0.600,"8,660.00","8,660.00","8,660.00",907.00,"7,216.00",62.00,475.00,159,129,145,"4,994",0,5,0,"30,233",98.9
전라북도,전주시,중화산2동,2035,"55,739.00","55,739.00","49,914.00",89.5,0.720,"18,069.00","18,069.00","12,245.00","1,684.00","4,799.00",542.00,"5,220.00",0.400,"23,528.00","23,528.00","23,527.00",869.00,"22,658.00",0.600,"14,142.00","14,142.00","14,142.00","1,481.00","11,783.00",101.00,777.00,260,211,236,"8,156",0,9,0,"49,367",98.9
전라북도,전주시,서신동,2035,"62,543.00","62,543.00","56,008.00",89.6,0.390,"20,275.00","20,275.00","13,740.00","1,890.00","5,385.00",608.00,"5,857.00",1.000,"26,399.00","26,399.00","26,399.00",975.00,"25,424.00",1.000,"15,869.00","15,869.00","15,869.00","1,662.00","13,221.00",114.00,872.00,292,237,265,"8,151",0,10,0,"55,392",98.9
전라북도,전주시,평화1동,2035,"36,632.00","36,632.00","32,803.00",89.5,0.490,"11,876.00","11,876.00","8,047.00","1,107.00","3,154.00",356.00,"3,430.00",0.500,"15,463.00","15,463.00","15,463.00",571.00,"14,892.00",0.500,"9,293.00","9,293.00","9,293.00",973.00,"7,744.00",66.00,510.00,171,138,155,"5,360",0,6,0,"32,445",98.9
전라북도,전주시,평화2동,2035,"36,632.00","36,632.00","32,803.00",89.5,5.240,"11,876.00","11,876.00","8,047.00","1,107.00","3,154.00",356.00,"3,430.00",5.000,"15,463.00","15,463.00","15,463.00",571.00,"14,892.00",5.000,"9,293.00","9,293.00","9,293.00",973.00,"7,744.00",66.00,510.00,171,138,155,"5,360",0,6,0,"32,445",98.9
전라북도,전주시,삼천1동,2035,"36,632.00","36,632.00","32,803.00",89.5,0.270,"11,876.00","11,876.00","8,047.00","1,107.00","3,154.00",356.00,"3,430.00",0.500,"15,463.00","15,463.00","15,463.00",571.00,"14,892.00",0.500,"9,293.00","9,293.00","9,293.00",973.00,"7,744.00",66.00,510.00,171,138,155,"5,360",0,6,0,"32,445",98.9
전라북도,전주시,삼천2동,2035,"36,632.00","36,632.00","32,803.00",89.5,0.350,"11,876.00","11,876.00","8,047.00","1,107.00","3,154.00",356.00,"3,430.00",0.300,"15,463.00","15,463.00","15,463.00",571.00,"14,892.00",0.300,"9,293.00","9,293.00","9,293.00",973.00,"7,744.00",66.00,510.00,171,138,155,"5,360",0,6,0,"32,445",98.9
전라북도,전주시,삼천3동,2035,"8,515.00","8,515.00","7,622.00",89.5,10.100,"2,761.00","2,761.00","1,869.00",257.00,733.00,82.00,797.00,4.000,"3,595.00","3,595.00","3,594.00",132.00,"3,462.00",6.000,"2,159.00","2,159.00","2,159.00",226.00,"1,800.00",15.00,118.00,39,32,36,"1,246",0,1,0,"7,544",99.0
전라북도,전주시,효자1동,2035,"34,135.00","34,135.00","30,567.00",89.5,0.260,"11,066.00","11,066.00","7,499.00","1,031.00","2,939.00",332.00,"3,197.00",0.200,"14,409.00","14,409.00","14,408.00",532.00,"13,876.00",0.300,"8,660.00","8,660.00","8,660.00",907.00,"7,216.00",62.00,475.00,159,129,145,"4,994",0,5,0,"30,233",98.9
전라북도,전주시,효자2동,2035,"34,135.00","34,135.00","30,567.00",89.5,0.340,"11,066.00","11,066.00","7,499.00","1,031.00","2,939.00",332.00,"3,197.00",0.200,"14,409.00","14,409.00","14,408.00",532.00,"13,876.00",0.300,"8,660.00","8,660.00","8,660.00",907.00,"7,216.00",62.00,475.00,159,129,145,"4,994",0,5,0,"30,233",98.9
전라북도,전주시,효자3동,2035,"20,591.00","20,591.00","18,438.00",89.5,0.430,"6,675.00","6,675.00","4,523.00",622.00,"1,773.00",200.00,"1,928.00",0.500,"8,692.00","8,692.00","8,691.00",321.00,"8,370.00",0.500,"5,224.00","5,224.00","5,224.00",547.00,"4,353.00",37.00,287.00,96,78,87,"3,012",0,3,0,"18,237",98.9
전라북도,전주시,효자4동,2035,"149,619.00","149,619.00","105,584.00",70.6,4.670,"25,902.00","25,902.00","25,902.00","3,563.00","10,151.00","1,147.00","11,041.00",2.023,"49,762.00","49,762.00","49,762.00","1,838.00","47,924.00",2.023,"73,955.00","73,955.00","29,920.00","3,134.00","24,928.00",215.00,"1,643.00",552,447,501,"17,252",0,19,0,"98,000",92.8
전라북도,전주시,효자5동,2035,"155,427.00","155,427.00","155,427.00",100.0,0.000,"38,133.00","38,133.00","38,133.00","5,246.00","14,945.00","1,688.00","16,254.00",2.977,"73,259.00","73,259.00","73,259.00","2,707.00","70,552.00",2.977,"44,035.00","44,035.00","44,035.00","4,614.00","36,685.00",316.00,"2,420.00",812,658,737,"25,397",0,29,0,"150,000",96.5
전라북도,전주시,진북동,2035,"20,349.00","27,129.00","21,378.00",78.8,0.710,"6,824.00","6,824.00","3,523.00",636.00,712.00,204.00,"1,971.00",0.500,"8,535.00","15,315.00","15,315.00",328.00,"14,987.00",0.500,"4,990.00","4,990.00","2,540.00",559.00,"1,650.00",38.00,293.00,95,82,92,"3,180",0,3,0,"18,645",87.2
전라북도,전주시,인후1동,2035,"31,541.00","36,721.00","33,220.00",90.5,0.290,"10,549.00","10,549.00","7,048.00",983.00,"2,702.00",316.00,"3,047.00",0.500,"13,736.00","18,816.00","18,816.00",507.00,"18,309.00",0.500,"7,256.00","7,356.00","7,356.00",865.00,"5,979.00",59.00,453.00,149,126,141,"4,861",0,5,0,"28,822",86.8
전라북도,전주시,인후2동,2035,"85,136.00","93,136.00","83,597.00",89.8,0.320,"29,285.00","29,285.00","19,746.00","2,730.00","7,678.00",878.00,"8,460.00",0.500,"35,530.00","39,830.00","39,830.00","1,408.00","38,422.00",0.500,"20,321.00","24,021.00","24,021.00","2,401.00","20,197.00",164.00,"1,259.00",419,345,341,"13,319",0,15,0,"80,008",95.7
전라북도,전주시,인후3동,2035,"57,425.00","57,625.00","54,424.00",94.4,0.680,"18,616.00","18,616.00","15,415.00","1,635.00","4,844.00",558.00,"8,378.00",0.500,"24,239.00","24,339.00","24,339.00",895.00,"23,444.00",0.500,"14,570.00","14,670.00","14,670.00","1,526.00","12,240.00",104.00,800.00,265,220,247,"8,502",0,9,0,"50,859",93.4
전라북도,전주시,덕진동,2035,"35,476.00","47,775.00","40,660.00",85.1,1.780,"12,765.00","12,765.00","5,650.00","1,190.00",390.00,383.00,"3,687.00",1.500,"16,621.00","22,020.00","22,020.00",614.00,"21,406.00",1.500,"6,090.00","12,990.00","12,990.00","1,046.00","11,324.00",71.00,549.00,134,199,217,"5,861",0,6,0,"34,874",85.8
전라북도,전주시,금암1동,2035,"38,236.00","52,906.00","47,634.00",90.0,0.250,"12,785.00","12,785.00","7,513.00","1,192.00","2,245.00",383.00,"3,693.00",0.400,"16,046.00","28,966.00","28,966.00",615.00,"28,351.00",0.600,"9,405.00","11,155.00","11,155.00","1,048.00","9,487.00",71.00,549.00,179,154,172,"5,870",0,6,0,"34,928",73.3
전라북도,전주시,금암2동,2035,"20,467.00","43,316.00","39,452.00",91.1,0.250,"8,414.00","8,414.00","4,550.00",784.00,"1,084.00",252.00,"2,430.00",0.400,"10,955.00","26,284.00","26,284.00",404.00,"25,880.00",0.600,"1,098.00","8,618.00","8,618.00",690.00,"7,520.00",47.00,361.00,116,103,115,"3,897",0,4,0,"22,987",58.3
전라북도,전주시,팔복동,2035,"194,682.00","215,281.00","184,643.00",85.8,1.380,"63,110.00","63,110.00","32,472.00","5,884.00","6,463.00","1,893.00","18,232.00",3.000,"82,174.00","92,473.00","92,473.00","3,036.00","89,437.00",3.000,"49,398.00","59,698.00","59,698.00","5,175.00","51,455.00",354.00,"2,714.00",641,"1,008","1,107","28,587",0,32,0,"172,418",93.4
전라북도,전주시,우아1동,2035,"74,279.00","74,279.00","66,519.00",89.6,0.440,"24,079.00","24,079.00","16,319.00","2,245.00","6,396.00",722.00,"6,956.00",0.500,"31,353.00","31,353.00","31,353.00","1,158.00","30,195.00",0.500,"18,847.00","18,847.00","18,847.00","1,974.00","15,703.00",135.00,"1,035.00",347,281,315,"10,869",0,12,0,"65,786",98.9
전라북도,전주시,우아2동,2035,"57,122.00","66,142.00","58,529.00",88.5,10.410,"19,957.00","19,957.00","12,344.00","1,860.00","4,121.00",598.00,"5,765.00",6.000,"23,765.00","29,385.00","29,385.00",960.00,"28,425.00",6.000,"13,400.00","16,800.00","16,800.00","1,636.00","14,194.00",112.00,858.00,288,233,261,"9,007",0,10,0,"54,523",93.2
전라북도,전주시,호성동,2035,"69,713.00","69,713.00","62,429.00",89.6,2.140,"22,599.00","22,599.00","15,315.00","2,107.00","6,002.00",678.00,"6,528.00",2.500,"29,426.00","29,426.00","29,426.00","1,087.00","28,339.00",2.500,"17,688.00","17,688.00","17,688.00","1,853.00","14,737.00",127.00,971.00,326,264,296,"10,201",0,11,0,"61,742",98.9
전라북도,전주시,송천1동,2035,"46,803.00","57,223.00","49,024.00",85.7,1.790,"16,132.00","16,132.00","7,933.00","1,504.00","1,285.00",484.00,"4,660.00",1.500,"21,005.00","25,465.00","25,465.00",776.00,"24,689.00",1.500,"9,666.00","15,626.00","15,626.00","1,323.00","13,520.00",90.00,693.00,182,238,261,"7,381",0,8,0,"44,074",89.9
전라북도,전주시,송천2동,2035,"74,576.00","77,355.00","69,419.00",89.7,2.140,"24,626.00","24,626.00","16,690.00","2,296.00","6,541.00",739.00,"7,114.00",4.000,"32,065.00","33,454.00","33,454.00","1,184.00","32,270.00",6.000,"17,885.00","19,275.00","19,275.00","2,019.00","16,059.00",138.00,"1,059.00",355,188,322,"11,116",0,12,0,"67,279",96.9
전라북도,전주시,조촌동,2035,"15,780.00","31,280.00","29,629.00",94.7,7.780,"5,116.00","5,116.00","3,465.00",477.00,"1,358.00",153.00,"1,477.00",8.000,"6,661.00","22,161.00","22,161.00",246.00,"21,915.00",8.000,"4,003.00","4,003.00","4,003.00",419.00,"3,336.00",28.00,220.00,73,59,67,"2,308",0,2,0,"13,976",47.2
전라북도,전주시,여의동,2035,"97,000.00","97,000.00","94,842.70",97.8,5.563,"13,000.00","13,000.00","12,616.90",0.00,"12,616.90",0.00,0.00,0.000,"40,000.00","40,000.00","39,059.20",0.00,"39,059.20",0.000,"44,000.00","44,000.00","43,166.60",0.00,"43,166.60",0.00,0.00,0,0,0,0,0,0,0,"93,000",98.1
전라북도,전주시,혁신동,2035,"61,100.00","61,100.00","30,067.60",49.2,4.295,"31,000.00","31,000.00",0.00,0.00,0.00,0.00,0.00,0.000,"9,100.00","9,100.00","9,067.90",0.00,"9,067.90",0.000,"21,000.00","21,000.00","20,999.70",0.00,"20,999.70",0.00,0.00,0,0,0,0,0,0,0,"30,000",99.8
전라북도,군산시,소계,,"1,759,369.00","1,947,556.75","1,309,645.90",67.2,14.530,"371,072.00","371,072.00","128,804.77","85,987.77","25,886.00",673.00,"16,258.00",37.480,"803,351.00","842,130.91","592,503.41","541,223.59","51,279.82",37.480,"584,946.00","734,353.84","588,337.72","239,261.09","297,557.68","7,358.07","44,160.88","10,913","6,783","6,582","11,542","11,544",71,282,"1,274,389",97.3
전라북도,군산시,옥구읍,2035,"24,582.01","39,790.91","34,586.14",86.9,0.000,"4,562.00","4,562.00","2,495.01","2,494.01",0.00,0.00,1.00,0.780,"9,932.01","25,140.91","25,140.91","9,879.34","15,261.57",0.780,"10,088.00","10,088.00","6,950.22",346.55,"4,913.65",722.72,967.30,524,0,0,899,899,0,4,"34,474",99.7
전라북도,군산시,옥산면,2035,"6,852.69","13,738.69","13,385.62",97.4,0.000,0.00,0.00,0.00,0.00,0.00,0.00,0.00,0.090,"1,494.69","8,380.69","8,380.69","1,494.69","6,886.00",0.090,"5,358.00","5,358.00","5,004.93",163.28,"3,528.49",325.88,987.28,165,0,0,84,84,0,0,"12,793",95.6
전라북도,군산시,회현면,2035,"17,957.74","17,957.74","17,738.76",98.8,0.000,0.00,0.00,0.00,0.00,0.00,0.00,0.00,2.050,"13,752.74","13,752.74","13,752.74","13,669.93",82.81,2.050,"4,205.00","4,205.00","3,986.02",260.43,"3,045.58",287.30,392.71,504,0,0,"1,003","1,003",0,6,"17,817",100.4
전라북도,군산시,임피면,2035,"53,612.41","55,068.41","51,097.88",92.8,0.000,"1,174.00","1,174.00","1,174.00",709.00,147.00,0.00,318.00,0.750,"25,781.41","27,237.41","27,237.41","25,750.29","1,487.12",0.750,"26,657.00","26,657.00","22,686.47","7,691.98","9,378.79","1,378.61","4,237.09","1,380",0,0,"2,272","2,272",0,35,"51,557",100.9
전라북도,군산시,서수면,2035,"26,453.78","26,453.78","21,561.83",81.5,0.000,835.00,835.00,835.00,366.00,0.00,0.00,469.00,1.810,"12,534.78","12,534.78","12,534.78","12,534.78",0.00,1.810,"13,084.00","13,084.00","8,192.05",779.90,"3,401.72",620.75,"3,389.68",645,0,0,"1,083","1,083",0,13,"22,241",103.1
전라북도,군산시,대야면,2035,"55,740.06","55,795.06","45,606.56",81.7,0.000,592.00,592.00,592.00,418.00,76.00,0.00,98.00,1.870,"33,145.06","33,200.06","33,200.06","33,120.00",80.06,1.870,"22,003.00","22,003.00","11,814.50",437.49,"2,836.68",908.74,"7,631.59",663,2,2,"1,681","1,681",0,17,"26,057",57.1
전라북도,군산시,개정면,2035,"37,827.10","37,827.10","25,849.46",68.3,0.000,0.00,0.00,0.00,0.00,0.00,0.00,0.00,1.220,"14,190.10","14,190.10","14,190.10","14,190.10",0.00,1.220,"23,637.00","23,637.00","11,659.36",790.24,317.72,726.85,"9,824.55",787,0,0,"1,460","1,460",0,16,"27,592",106.7
전라북도,군산시,성산면,2035,"8,281.49","8,982.95","8,982.95",100.0,0.000,0.00,0.00,0.00,0.00,0.00,0.00,0.00,0.000,"1,763.49","1,763.49","1,763.49","1,763.49",0.00,0.000,"6,518.00","7,219.46","7,219.46",323.81,"6,087.50",493.98,314.17,278,0,0,226,226,0,5,"8,045",89.6
전라북도,군산시,나포면,2035,"7,373.13","7,373.13","7,093.71",96.2,0.000,0.00,0.00,0.00,0.00,0.00,0.00,0.00,0.620,"2,884.13","2,884.13","2,884.13","2,884.13",0.00,0.620,"4,489.00","4,489.00","4,209.58",491.92,"2,949.47",269.38,498.81,137,0,0,253,253,0,3,"7,194",101.4
전라북도,군산시,옥도면,2035,0.00,0.00,0.00,0.0,0.000,0.00,0.00,0.00,0.00,0.00,0.00,0.00,0.000,0.00,0.00,0.00,0.00,0.00,0.000,0.00,0.00,0.00,0.00,0.00,0.00,0.00,0,0,0,0,0,0,0,0,0.0
전라북도,군산시,옥서면,2035,"30,845.16","36,009.80","34,761.60",96.5,0.000,0.00,0.00,0.00,0.00,0.00,0.00,0.00,1.190,"15,840.16","21,004.80","21,004.80","20,612.34",392.46,1.190,"15,005.00","15,005.00","13,756.80","1,302.13","9,736.72",928.72,"1,789.23",814,0,0,"1,366","1,366",0,0,"29,887",86.0
전라북도,군산시,해신동,2035,"5,974.00","18,671.86","18,671.86",100.0,0.200,0.00,0.00,0.00,0.00,0.00,0.00,0.00,0.500,"3,453.00","9,082.86","9,082.86","2,260.48","6,822.38",0.500,"2,521.00","9,589.00","9,589.00","1,390.32","8,116.01",4.13,78.54,28,37,36,6,6,0,1,"10,819",57.9
전라북도,군산시,월명동,2035,"5,757.00","23,551.14","20,327.54",86.3,1.050,0.00,0.00,0.00,0.00,0.00,0.00,0.00,0.090,"3,328.00","3,328.00",104.40,104.40,0.00,0.090,"2,429.00","20,223.14","20,223.14","1,340.02","18,803.89",3.44,75.79,27,36,35,6,6,0,1,"1,777",8.7
전라북도,군산시,신풍동,2035,"24,569.96","38,787.41","38,787.41",100.0,1.040,0.00,0.00,0.00,0.00,0.00,0.00,0.00,0.160,"21,991.96","21,991.96","21,991.96","21,489.85",502.11,0.160,"2,578.00","16,795.45","16,795.45","1,422.01","15,288.70",4.13,80.61,29,38,37,6,6,0,1,"23,768",61.3
전라북도,군산시,삼학동,2035,"132,834.46","132,882.46","13,028.61",9.8,0.030,"126,825.00","126,825.00","7,260.94",313.94,"1,216.00",0.00,"5,731.00",0.530,"4,922.46","4,970.46","4,970.46","4,922.46",48.00,0.530,"1,087.00","1,087.00",797.21,599.39,162.68,1.38,33.76,12,18,18,3,3,0,0,"132,592","1,017.7"
전라북도,군산시,중앙동,2035,"29,501.83","29,501.83","19,584.48",66.4,0.390,"22,401.00","22,401.00","13,563.04","6,629.04","5,071.00",0.00,"1,863.00",0.270,"5,725.83","5,725.83","5,166.83","4,947.23",219.60,0.270,"1,375.00","1,375.00",854.61,594.38,234.05,1.38,24.80,9,41,20,171,171,0,0,"29,253",149.4
전라북도,군산시,흥남동,2035,"60,536.78","60,536.78","33,385.02",55.1,0.600,"43,159.00","43,159.00","16,860.74","7,313.74","5,902.00",0.00,"3,645.00",0.390,"14,633.78","14,633.78","14,633.78","14,633.78",0.00,0.390,"2,744.00","2,744.00","1,890.50","1,513.64",287.30,4.13,85.43,30,41,40,6,6,0,1,"59,683",178.8
전라북도,군산시,조촌동,2035,"106,137.38","110,468.89","97,706.94",88.4,1.170,"58,740.00","58,740.00","49,218.43","40,242.43","7,389.00",132.00,"1,455.00",1.940,"35,018.38","39,349.89","39,349.89","35,019.57","4,330.32",1.940,"12,379.00","12,379.00","9,138.62","6,826.89","1,906.62",19.29,385.82,137,184,179,29,29,2,5,"102,287",104.7
전라북도,군산시,경암동,2035,"19,196.85","38,642.20","38,642.20",100.0,0.000,0.00,0.00,0.00,0.00,0.00,0.00,0.00,1.220,"16,244.85","16,244.85","16,244.85","16,244.85",0.00,1.220,"2,952.00","22,397.35","22,397.35","21,990.87",309.34,4.82,92.32,33,44,43,7,7,0,1,"18,279",47.3
전라북도,군산시,구암동,2035,"30,376.00","30,376.00","20,041.71",66.0,1.640,"10,379.00","10,379.00","9,453.57","8,497.57",907.00,49.00,0.00,0.130,"11,559.00","11,559.00","4,774.71","4,504.93",269.78,0.130,"8,438.00","8,438.00","5,813.43","4,653.23",883.93,13.09,263.18,93,125,122,20,20,1,3,"20,967",104.6
전라북도,군산시,개정동,2035,"29,136.00","29,136.00","20,026.33",68.7,0.300,"19,479.00","19,479.00","13,019.04","9,847.04",865.00,323.00,"1,984.00",0.050,"5,582.00","5,582.00","4,199.79","3,661.79",538.00,0.050,"4,075.00","4,075.00","2,807.50","2,247.38",427.15,6.20,126.77,45,60,59,9,9,1,2,"25,948",129.6
전라북도,군산시,수송동,2035,"136,100.00","150,528.07","125,294.35",83.2,0.000,0.00,0.00,0.00,0.00,0.00,0.00,0.00,4.740,"78,670.00","78,670.00","53,436.28","49,761.88","3,674.40",4.740,"57,430.00","71,858.07","71,858.07","31,672.80","38,307.17",88.19,"1,789.91",635,874,855,132,133,9,23,"94,356",75.3
전라북도,군산시,나운1동,2035,"43,628.31","76,191.59","76,191.59",100.0,0.000,0.00,0.00,0.00,0.00,0.00,0.00,0.00,1.190,"36,850.31","36,850.31","36,850.31","36,620.46",229.85,1.190,"6,778.00","39,341.28","39,341.28","3,738.29","35,381.15",10.33,211.51,75,100,98,16,16,1,3,"41,520",54.5
전라북도,군산시,나운2동,2035,"33,418.00","37,733.00","20,232.00",53.6,0.820,0.00,0.00,0.00,0.00,0.00,0.00,0.00,0.000,"17,552.00","17,552.00",51.00,0.00,51.00,0.000,"15,866.00","20,181.00","20,181.00","8,872.46","10,789.76",24.11,494.67,176,235,229,37,37,2,6,"10,931",54.0
전라북도,군산시,나운3동,2035,"62,500.00","62,500.00","32,949.40",52.7,1.910,0.00,0.00,0.00,0.00,0.00,0.00,0.00,0.750,"31,907.00","31,907.00","13,514.11","11,865.57","1,648.54",0.750,"30,593.00","30,593.00","19,435.29","15,230.57","3,204.35",46.85,953.52,339,454,441,71,71,5,12,"32,976",100.1
전라북도,군산시,소룡동,2035,"414,908.00","453,783.09","375,160.44",82.7,5.380,"42,887.00","42,887.00","8,149.00","7,750.00",230.00,169.00,0.00,11.190,"202,381.00","202,381.00","158,496.35","150,180.09","8,316.26",11.190,"169,640.00","208,515.09","208,515.09","99,771.51","103,196.08",260.43,"5,287.07","1,877","2,515","2,446",391,392,27,68,"283,195",75.5
전라북도,군산시,미성동,2035,"355,268.86","355,268.86","98,951.51",27.9,0.000,"40,039.00","40,039.00","6,184.00","1,407.00","4,083.00",0.00,694.00,3.950,"182,212.86","182,212.86","49,546.72","49,107.16",439.56,3.950,"133,017.00","133,017.00","43,220.79","24,809.60","14,063.18",203.24,"4,144.77","1,471","1,979","1,922",305,305,23,56,"148,381",150.0
전라북도,익산시,소계,,"1,418,551.00","1,418,555.00","1,323,970.00",93.3,12.600,"451,281.00","451,285.00","451,281.00","32,782.00","363,778.00","1,678.00","53,043.00",29.170,"598,305.00","598,305.00","515,874.00",853.00,"515,021.00",26.660,"368,965.00","368,965.00","356,815.00","29,741.00","252,273.00","1,802.00","72,999.00","10,656","9,141","7,972","18,668",0,43,179,"997,094",75.3
전라북도,익산시,함열읍,2020,"125,473.00","125,473.00","101,177.00",80.6,0.940,"16,441.00","16,441.00","16,441.00",30.00,"15,006.00",306.00,"1,099.00",1.870,"53,920.00","53,920.00","38,050.00",0.00,"38,050.00",1.870,"55,112.00","55,112.00","46,686.00","1,950.00","38,666.00",43.00,"6,027.00",261,"1,302","1,972",412,0,12,45,"60,706",60.0
전라북도,익산시,오산면,2020,"47,202.00","47,202.00","40,623.00",86.1,0.490,"19,232.00","19,232.00","19,232.00",673.00,"13,587.00",0.00,"4,972.00",1.000,"17,539.00","17,539.00","10,960.00",0.00,"10,960.00",1.000,"10,431.00","10,431.00","10,431.00",0.00,"9,050.00",0.00,"1,381.00",291,159,581,186,0,0,0,"21,133",52.0
전라북도,익산시,황등면,2020,"77,107.00","77,107.00","74,501.00",96.6,0.960,"18,920.00","18,920.00","18,920.00",53.00,"15,631.00",134.00,"3,102.00",1.910,"36,657.00","36,657.00","36,657.00",0.00,"36,657.00",1.910,"21,530.00","21,530.00","18,924.00",994.00,"11,912.00",0.00,"6,018.00",669,"1,451",429,"1,854",0,4,28,"44,700",60.0
전라북도,익산시,함라면,2020,"12,468.00","12,468.00","12,468.00",100.0,0.140,856.00,856.00,856.00,0.00,676.00,0.00,180.00,0.290,"5,161.00","5,161.00","5,161.00",0.00,"5,161.00",0.290,"6,451.00","6,451.00","6,451.00","1,152.00","3,750.00","1,140.00",409.00,35,103,148,15,0,0,0,"1,870",15.0
전라북도,익산시,웅포면,2020,"11,333.00","11,333.00","11,333.00",100.0,0.100,"2,470.00","2,470.00","2,470.00",0.00,"1,538.00",0.00,932.00,0.210,"4,937.00","4,937.00","4,937.00",0.00,"4,937.00",0.210,"3,926.00","3,926.00","3,926.00",462.00,"2,950.00",0.00,514.00,167,107,200,6,0,0,0,"1,699",15.0
전라북도,익산시,성당면,2020,"25,838.00","25,838.00","21,547.00",83.4,0.110,"15,787.00","15,787.00","15,787.00",434.00,"7,289.00",0.00,"8,064.00",0.820,"10,051.00","10,051.00","5,760.00",0.00,"5,760.00",0.620,0.00,0.00,0.00,0.00,0.00,0.00,0.00,373,2,0,161,0,0,0,"12,928",60.0
전라북도,익산시,용안면,2020,"44,124.00","44,124.00","42,042.00",95.3,0.380,"4,987.00","4,987.00","4,987.00",27.00,"2,776.00",248.00,"1,936.00",0.750,"24,282.00","24,282.00","22,200.00",0.00,"22,200.00",0.750,"14,855.00","14,855.00","14,855.00",402.00,"11,750.00",0.00,"2,703.00",126,508,506,306,0,2,17,"25,225",60.0
전라북도,익산시,낭산면,2020,"26,771.00","26,771.00","21,285.00",79.5,0.150,"14,507.00","14,507.00","14,507.00",27.00,"9,503.00",0.00,"4,977.00",0.300,"12,264.00","12,264.00","6,778.00",0.00,"6,778.00",0.300,0.00,0.00,0.00,0.00,0.00,0.00,0.00,429,31,0,219,0,0,0,"12,771",60.0
전라북도,익산시,망성면,2020,"23,924.00","23,924.00","20,662.00",86.4,0.100,"11,962.00","11,962.00","11,962.00",0.00,"7,077.00",483.00,"4,402.00",0.200,"11,962.00","11,962.00","8,700.00",0.00,"8,700.00",0.200,0.00,0.00,0.00,0.00,0.00,0.00,0.00,329,0,0,265,0,0,0,"12,397",60.0
전라북도,익산시,여산면,2020,"44,324.00","44,324.00","43,328.00",97.8,0.240,0.00,0.00,0.00,0.00,0.00,0.00,0.00,0.470,"32,196.00","32,196.00","31,200.00",0.00,"31,200.00",0.470,"12,128.00","12,128.00","12,128.00",501.00,"9,100.00",171.00,"2,356.00",0,0,312,0,0,0,9,"6,499",15.0
전라북도,익산시,금마면,2020,"38,420.00","38,420.00","33,970.00",88.4,0.560,"5,695.00","5,695.00","5,695.00",11.00,"3,848.00",10.00,"1,826.00",1.120,"24,770.00","24,770.00","20,320.00",0.00,"20,320.00",1.120,"7,955.00","7,955.00","7,955.00",902.00,"4,210.00",0.00,"2,843.00",0,523,297,59,0,8,23,"20,382",60.0
전라북도,익산시,왕궁면,2020,"59,340.00","59,340.00","44,628.00",75.2,0.490,"27,033.00","27,033.00","27,033.00","1,348.00","11,117.00",405.00,"14,163.00",2.450,"29,618.00","29,618.00","14,906.00",0.00,"14,906.00",1.470,"2,689.00","2,689.00","2,689.00",223.00,"1,890.00",0.00,576.00,359,61,53,422,0,0,0,"26,776",60.0
전라북도,익산시,춘포면,2020,"60,477.00","60,477.00","47,829.00",79.1,0.670,"8,087.00","8,087.00","8,087.00",235.00,"6,038.00",0.00,"1,814.00",3.330,"37,140.00","37,140.00","24,492.00",0.00,"24,492.00",2.000,"15,250.00","15,250.00","15,250.00","1,670.00","11,269.00",0.00,"2,311.00",0,324,909,"1,093",0,4,15,"28,697",60.0
전라북도,익산시,삼기면,2020,"20,703.00","20,703.00","20,602.00",99.5,0.180,"6,308.00","6,308.00","6,308.00",0.00,"4,947.00",0.00,"1,361.00",0.370,"8,021.00","8,021.00","7,920.00",0.00,"7,920.00",0.370,"6,374.00","6,374.00","6,374.00",0.00,"5,620.00",0.00,754.00,39,139,193,4,0,0,0,"3,090",15.0
전라북도,익산시,용동면,2020,"14,259.00","14,259.00","8,714.00",61.1,0.010,"7,383.00","7,383.00","7,383.00",0.00,"5,406.00",0.00,"1,977.00",0.030,"6,107.00","6,107.00",562.00,0.00,562.00,0.030,769.00,769.00,769.00,11.00,720.00,0.00,38.00,286,12,32,1,0,0,0,"1,307",15.0
전라북도,익산시,중앙동,2020,"31,483.00","31,483.00","31,181.00",99.0,0.280,"11,669.00","11,669.00","11,669.00","1,198.00","10,377.00",4.00,90.00,1.070,"11,351.00","11,351.00","11,095.00",34.00,"11,061.00",0.560,"8,463.00","8,463.00","8,417.00",859.00,"5,657.00",18.00,"1,883.00",28,0,369,547,0,0,35,"28,686",92.0
전라북도,익산시,평화동,2020,"18,988.00","18,988.00","18,807.00",99.0,0.170,"7,038.00","7,038.00","7,038.00",723.00,"6,259.00",2.00,54.00,0.340,"6,846.00","6,846.00","6,692.00",21.00,"6,671.00",0.330,"5,104.00","5,104.00","5,077.00",518.00,"3,412.00",11.00,"1,136.00",0,67,85,330,0,3,0,"17,302",92.0
전라북도,익산시,인화동,2020,"68,542.00","68,542.00","67,885.00",99.0,0.610,"25,404.00","25,404.00","25,404.00","2,609.00","22,592.00",8.00,195.00,1.210,"24,713.00","24,713.00","24,154.00",74.00,"24,080.00",1.220,"18,425.00","18,425.00","18,327.00","1,871.00","12,317.00",39.00,"4,100.00",125,232,304,"1,190",0,0,0,"62,454",92.0
전라북도,익산시,동산동,2020,"57,933.00","57,934.00","57,380.00",99.0,0.520,"21,472.00","21,473.00","21,473.00","2,205.00","19,096.00",7.00,165.00,1.030,"20,888.00","20,888.00","20,416.00",63.00,"20,353.00",1.030,"15,573.00","15,573.00","15,491.00","1,581.00","10,411.00",33.00,"3,466.00",787,456,99,"1,006",0,2,0,"52,789",92.0
전라북도,익산시,마동,2020,"46,249.00","46,249.00","45,806.00",99.0,0.410,"17,142.00","17,142.00","17,142.00","1,760.00","15,245.00",5.00,132.00,0.810,"16,675.00","16,675.00","16,298.00",50.00,"16,248.00",0.820,"12,432.00","12,432.00","12,366.00","1,262.00","8,311.00",26.00,"2,767.00",711,198,45,803,0,0,0,"42,141",92.0
전라북도,익산시,남중동,2020,"66,698.00","66,698.00","66,060.00",99.0,0.600,"24,721.00","24,721.00","24,721.00","2,538.00","21,985.00",8.00,190.00,1.190,"24,048.00","24,048.00","23,505.00",72.00,"23,433.00",1.190,"17,929.00","17,929.00","17,834.00","1,820.00","11,986.00",38.00,"3,990.00","1,457",136,80,"1,158",0,0,0,"60,775",92.0
전라북도,익산시,모현동,2020,"81,606.00","81,607.00","80,825.00",99.0,0.730,"30,246.00","30,247.00","30,247.00","3,106.00","26,899.00",10.00,232.00,1.450,"29,424.00","29,424.00","28,758.00",88.00,"28,670.00",1.450,"21,936.00","21,936.00","21,820.00","2,227.00","14,665.00",46.00,"4,882.00","1,134",562,303,"1,417",0,2,0,"74,359",92.0
전라북도,익산시,송학동,2020,"28,633.00","28,633.00","28,357.00",99.0,0.250,"10,612.00","10,612.00","10,612.00","1,090.00","9,438.00",3.00,81.00,0.500,"10,324.00","10,324.00","10,090.00",31.00,"10,059.00",0.510,"7,697.00","7,697.00","7,655.00",781.00,"5,145.00",16.00,"1,713.00",122,60,148,497,0,1,0,"26,088",92.0
전라북도,익산시,영등1동,2020,"66,739.00","66,739.00","66,101.00",99.0,0.600,"24,736.00","24,736.00","24,736.00","2,540.00","21,998.00",8.00,190.00,1.190,"24,063.00","24,063.00","23,519.00",72.00,"23,447.00",1.190,"17,940.00","17,940.00","17,846.00","1,822.00","11,993.00",38.00,"3,993.00",633,223,256,"1,159",0,0,0,"60,812",92.0
전라북도,익산시,영등2동,2020,"32,469.00","32,470.00","32,158.00",99.0,0.290,"12,034.00","12,035.00","12,035.00","1,236.00","10,703.00",4.00,92.00,0.060,"11,707.00","11,707.00","11,442.00",35.00,"11,407.00",0.570,"8,728.00","8,728.00","8,681.00",886.00,"5,835.00",18.00,"1,942.00",872,668,21,564,0,1,0,"29,585",92.0
전라북도,익산시,어양동,2020,"42,533.00","42,534.00","42,127.00",99.0,0.380,"15,764.00","15,765.00","15,765.00","1,619.00","14,020.00",5.00,121.00,0.750,"15,336.00","15,336.00","14,989.00",46.00,"14,943.00",0.750,"11,433.00","11,433.00","11,373.00","1,161.00","7,643.00",24.00,"2,545.00",178,259,90,739,0,1,0,"38,756",92.0
전라북도,익산시,신동,2020,"64,131.00","64,131.00","63,518.00",99.0,0.570,"23,769.00","23,769.00","23,769.00","2,441.00","21,139.00",7.00,182.00,1.130,"23,123.00","23,123.00","22,601.00",70.00,"22,531.00",1.140,"17,239.00","17,239.00","17,148.00","1,750.00","11,524.00",37.00,"3,837.00",336,329,91,"1,113",0,3,5,"58,436",92.0
전라북도,익산시,팔봉동,2020,"92,055.00","92,055.00","91,173.00",99.0,0.820,"34,119.00","34,119.00","34,119.00","3,503.00","30,343.00",11.00,262.00,1.630,"33,191.00","33,191.00","32,441.00",100.00,"32,341.00",1.640,"24,745.00","24,745.00","24,613.00","2,512.00","16,542.00",52.00,"5,507.00",800,"1,229",446,"1,598",0,0,2,"83,879",92.0
전라북도,익산시,삼성동,2020,"88,729.00","88,729.00","87,883.00",99.0,0.850,"32,887.00","32,887.00","32,883.00","3,376.00","29,245.00",10.00,252.00,1.690,"31,991.00","31,991.00","31,271.00",97.00,"31,174.00",1.650,"23,851.00","23,851.00","23,729.00","2,424.00","15,945.00",52.00,"5,308.00",109,0,3,"1,544",0,0,0,"80,852",92.0
전라북도,정읍시,소계,,"819,749.00","962,655.00","756,419.00",78.6,0.000,0.00,"128,850.00","128,850.00","19,792.00","98,936.00",0.00,"10,122.00",20.520,"655,060.00","662,950.00","457,938.00",495.00,"457,443.00",0.000,"164,689.00","170,855.00","169,631.00","16,248.00","145,755.00",0.00,"7,628.00","4,621","9,767","4,592","13,508","10,250",27,141,"658,189",87.0
전라북도,정읍시,신태인읍,2035,"77,238.00","98,967.00","76,775.00",77.6,0.000,0.00,"19,473.00","19,473.00","2,135.00","15,610.00",0.00,"1,728.00",2.030,"63,235.00","63,235.00","41,043.00",0.00,"41,043.00",0.000,"14,003.00","16,259.00","16,259.00","2,331.00","11,672.00",0.00,"2,256.00",633,"1,082",459,"1,478",813,0,2,"74,974",97.7
전라북도,정읍시,북면,2035,"79,858.00","79,858.00","36,440.00",45.6,0.000,0.00,0.00,0.00,0.00,0.00,0.00,0.00,3.420,"79,842.00","79,842.00","36,424.00",0.00,"36,424.00",0.000,16.00,16.00,16.00,0.00,16.00,0.00,0.00,0,875,1,95,0,0,0,"31,040",85.2
전라북도,정읍시,입암면,2035,"36,756.00","36,756.00","36,756.00",100.0,0.000,0.00,0.00,0.00,0.00,0.00,0.00,0.00,0.630,"36,489.00","36,489.00","36,489.00",0.00,"36,489.00",0.000,267.00,267.00,267.00,0.00,267.00,0.00,0.00,0,207,8,67,16,0,0,"8,906",24.2
전라북도,정읍시,소성면,2035,"9,110.00","11,740.00","11,740.00",100.0,0.000,0.00,191.00,191.00,0.00,191.00,0.00,0.00,0.000,"7,134.00","9,547.00","9,547.00",0.00,"9,547.00",0.000,"1,976.00","2,002.00","2,002.00",260.00,"1,716.00",0.00,26.00,6,92,35,59,161,0,5,"9,327",79.4
전라북도,정읍시,고부면,2035,0.00,153.00,153.00,100.0,0.000,0.00,0.00,0.00,0.00,0.00,0.00,0.00,0.000,0.00,153.00,153.00,0.00,153.00,0.000,0.00,0.00,0.00,0.00,0.00,0.00,0.00,0,90,0,263,0,0,0,0,0.0
전라북도,정읍시,영원면,2035,0.00,0.00,0.00,0.0,0.000,0.00,0.00,0.00,0.00,0.00,0.00,0.00,0.000,0.00,0.00,0.00,0.00,0.00,0.000,0.00,0.00,0.00,0.00,0.00,0.00,0.00,0,0,0,84,0,0,0,0,0.0
전라북도,정읍시,덕천면,2035,"60,584.00","60,584.00","9,144.00",15.1,0.000,0.00,0.00,0.00,0.00,0.00,0.00,0.00,1.750,"60,584.00","60,584.00","9,144.00",0.00,"9,144.00",0.000,0.00,0.00,0.00,0.00,0.00,0.00,0.00,0,0,0,0,0,0,0,"9,144",100.0
전라북도,정읍시,이평면,2035,0.00,0.00,0.00,0.0,0.000,0.00,0.00,0.00,0.00,0.00,0.00,0.00,0.000,0.00,0.00,0.00,0.00,0.00,0.000,0.00,0.00,0.00,0.00,0.00,0.00,0.00,0,0,0,30,0,0,0,0,0.0
전라북도,정읍시,정우면,2035,"30,842.00","30,931.00","12,600.00",40.7,0.000,0.00,37.00,37.00,0.00,16.00,0.00,21.00,0.510,"30,842.00","30,842.00","12,511.00",0.00,"12,511.00",0.000,0.00,52.00,52.00,0.00,0.00,0.00,52.00,0,319,0,21,0,0,0,"9,430",74.8
전라북도,정읍시,태인면,2035,"45,756.00","46,336.00","24,236.00",52.3,0.000,0.00,0.00,0.00,0.00,0.00,0.00,0.00,1.240,"34,341.00","34,341.00","12,241.00",72.00,"12,169.00",0.000,"11,415.00","11,995.00","11,995.00","2,787.00","8,625.00",0.00,583.00,0,0,0,0,0,0,0,"24,236",100.0
전라북도,정읍시,감곡면,2035,"5,780.00","5,780.00","5,780.00",100.0,0.000,0.00,0.00,0.00,0.00,0.00,0.00,0.00,0.120,"5,780.00","5,780.00","5,780.00",0.00,"5,780.00",0.000,0.00,0.00,0.00,0.00,0.00,0.00,0.00,2,0,9,170,8,0,0,0,0.0
전라북도,정읍시,옹동면,2035,"15,037.00","15,037.00","9,227.00",61.4,0.000,0.00,0.00,0.00,0.00,0.00,0.00,0.00,0.220,"15,037.00","15,037.00","9,227.00",0.00,"9,227.00",0.000,0.00,0.00,0.00,0.00,0.00,0.00,0.00,0,0,0,26,0,0,0,"9,227",100.0
전라북도,정읍시,칠보면,2035,"15,139.00","17,433.00","17,433.00",100.0,0.000,0.00,0.00,0.00,0.00,0.00,0.00,0.00,0.420,"13,244.00","15,538.00","15,538.00",0.00,"15,538.00",0.000,"1,895.00","1,895.00","1,895.00",0.00,"1,895.00",0.00,0.00,0,158,65,63,16,0,5,"9,369",53.7
전라북도,정읍시,산내면,2035,"49,891.00","50,091.00","10,561.00",21.1,0.000,0.00,32.00,32.00,0.00,32.00,0.00,0.00,1.990,"49,891.00","49,891.00","10,361.00",0.00,"10,361.00",0.000,0.00,168.00,168.00,0.00,168.00,0.00,0.00,0,0,0,296,0,0,0,"7,431",70.4
전라북도,정읍시,산외면,2035,"10,650.00","11,890.00","11,890.00",100.0,0.000,0.00,0.00,0.00,0.00,0.00,0.00,0.00,0.350,"10,650.00","11,890.00","11,890.00",0.00,"11,890.00",0.000,0.00,0.00,0.00,0.00,0.00,0.00,0.00,0,0,0,87,0,0,0,0,0.0
전라북도,정읍시,수성동,2035,"89,057.00","99,394.00","97,051.00",97.6,0.000,0.00,"10,337.00","10,337.00","2,148.00","7,356.00",0.00,833.00,1.500,"47,557.00","47,557.00","46,438.00",0.00,"46,438.00",0.000,"41,500.00","41,500.00","40,276.00","4,852.00","35,348.00",0.00,76.00,"3,980","6,944","4,015","9,500","9,236",27,129,"96,870",99.8
전라북도,정읍시,장명동,2035,"8,729.00","17,450.00","17,450.00",100.0,0.000,0.00,"8,688.00","8,688.00","1,063.00","7,324.00",0.00,301.00,1.260,"6,217.00","6,217.00","6,217.00",0.00,"6,217.00",0.000,"2,512.00","2,545.00","2,545.00",141.00,"2,371.00",0.00,33.00,0,0,0,0,0,0,0,"17,450",100.0
전라북도,정읍시,내장상동,2035,"65,379.00","90,880.00","89,808.00",98.8,0.000,0.00,"25,494.00","25,494.00","2,852.00","20,470.00",0.00,"2,172.00",1.670,"44,744.00","44,744.00","43,672.00",42.00,"43,630.00",0.000,"20,635.00","20,642.00","20,642.00",807.00,"18,278.00",0.00,"1,557.00",0,0,0,84,0,0,0,"89,330",99.5
전라북도,정읍시,시기동,2035,"53,300.00","79,203.00","79,203.00",100.0,0.000,0.00,"25,844.00","25,844.00","3,292.00","21,644.00",0.00,908.00,0.000,"32,683.00","32,683.00","32,683.00",0.00,"32,683.00",0.000,"20,617.00","20,676.00","20,676.00",207.00,"20,410.00",0.00,59.00,0,0,0,261,0,0,0,"79,203",100.0
전라북도,정읍시,초산동,2035,0.00,0.00,0.00,0.0,0.000,0.00,0.00,0.00,0.00,0.00,0.00,0.00,0.410,0.00,0.00,0.00,0.00,0.00,0.000,0.00,0.00,0.00,0.00,0.00,0.00,0.00,0,0,0,130,0,0,0,0,0.0
전라북도,정읍시,연지동,2035,"39,743.00","60,367.00","60,367.00",100.0,0.000,0.00,"20,041.00","20,041.00","4,026.00","14,503.00",0.00,"1,512.00",0.190,"28,404.00","28,404.00","28,404.00",381.00,"28,023.00",0.000,"11,339.00","11,922.00","11,922.00",868.00,"10,470.00",0.00,584.00,0,0,0,210,0,0,0,"60,367",100.0
전라북도,정읍시,농소동,2035,"58,134.00","73,405.00","73,405.00",100.0,0.000,0.00,"12,359.00","12,359.00","3,415.00","7,288.00",0.00,"1,656.00",1.410,"50,512.00","52,302.00","52,302.00",0.00,"52,302.00",0.000,"7,622.00","8,744.00","8,744.00",883.00,"6,739.00",0.00,"1,122.00",0,0,0,300,0,0,0,"52,055",70.9
전라북도,정읍시,상교동,2035,"68,766.00","76,400.00","76,400.00",100.0,0.000,0.00,"6,354.00","6,354.00",861.00,"4,502.00",0.00,991.00,1.400,"37,874.00","37,874.00","37,874.00",0.00,"37,874.00",0.000,"30,892.00","32,172.00","32,172.00","3,112.00","27,780.00",0.00,"1,280.00",0,0,0,284,0,0,0,"69,830",91.4
전라북도,남원시,소계,,"712,364.00","838,228.70","645,607.70",77.0,22.000,"30,085.00","142,212.00","112,127.00","45,636.80","66,490.20",0.00,0.00,14.800,"537,730.00","551,467.70","390,263.70",0.00,"390,263.70",11.900,"144,549.00","144,549.00","143,217.00","18,815.00","115,262.00","3,583.00","5,557.00",758,"2,968","1,434","19,202",0,43,194,"395,704",61.3
전라북도,남원시,운봉읍,2030,"58,244.00","58,244.00","41,463.00",71.2,0.900,"10,294.00","10,294.00",0.00,0.00,0.00,0.00,0.00,1.100,"31,865.00","31,865.00","25,378.00",0.00,"25,378.00",1.100,"16,085.00","16,085.00","16,085.00","2,158.00","11,491.00",930.00,"1,506.00",0,516,422,"1,664",0,0,9,"33,015",79.6
전라북도,남원시,주천면,2025,"3,985.00","3,985.00","3,985.00",100.0,0.000,0.00,0.00,0.00,0.00,0.00,0.00,0.00,0.000,"3,985.00","3,985.00","3,985.00",0.00,"3,985.00",0.000,0.00,0.00,0.00,0.00,0.00,0.00,0.00,0,0,0,53,0,0,0,"2,653",66.6
전라북도,남원시,수지면,2025,"9,965.00","9,965.00","8,832.00",88.6,0.000,0.00,0.00,0.00,0.00,0.00,0.00,0.00,0.200,"9,965.00","9,965.00","8,832.00",0.00,"8,832.00",0.000,0.00,0.00,0.00,0.00,0.00,0.00,0.00,0,0,0,353,0,0,0,0,0.0
전라북도,남원시,송동면,2025,"14,291.00","14,291.00","14,286.00",100.0,0.000,0.00,0.00,0.00,0.00,0.00,0.00,0.00,0.300,"14,291.00","14,291.00","14,286.00",0.00,"14,286.00",0.000,0.00,0.00,0.00,0.00,0.00,0.00,0.00,0,0,0,477,0,0,0,"6,486",45.4
전라북도,남원시,주생면,2035,"439,724.00","551,851.00","422,070.00",76.5,0.000,0.00,"112,127.00","112,127.00","45,636.80","66,490.20",0.00,0.00,9.900,"334,609.00","334,609.00","206,060.00",0.00,"206,060.00",9.900,"105,115.00","105,115.00","103,883.00","14,481.00","87,143.00",209.00,"2,050.00",758,"1,843",628,"10,671",0,43,169,"293,604",69.6
전라북도,남원시,금지면,2020,"18,307.00","18,307.00","15,288.00",83.5,0.000,0.00,0.00,0.00,0.00,0.00,0.00,0.00,0.600,"18,307.00","18,307.00","15,288.00",0.00,"15,288.00",0.000,0.00,0.00,0.00,0.00,0.00,0.00,0.00,0,0,0,857,0,0,0,"2,019",13.2
전라북도,남원시,대강면,2020,"7,377.00","7,377.00","7,377.00",100.0,0.000,0.00,0.00,0.00,0.00,0.00,0.00,0.00,0.200,"7,377.00","7,377.00","7,377.00",0.00,"7,377.00",0.000,0.00,0.00,0.00,0.00,0.00,0.00,0.00,0,0,0,297,0,0,0,0,0.0
전라북도,남원시,대산면,2025,"1,668.00","1,668.00","1,668.00",100.0,0.000,0.00,0.00,0.00,0.00,0.00,0.00,0.00,0.000,"1,668.00","1,668.00","1,668.00",0.00,"1,668.00",0.000,0.00,0.00,0.00,0.00,0.00,0.00,0.00,0,0,0,47,0,0,0,0,0.0
전라북도,남원시,사매면,2025,"7,946.00","7,946.00","4,506.00",56.7,0.000,0.00,0.00,0.00,0.00,0.00,0.00,0.00,0.200,"7,946.00","7,946.00","4,506.00",0.00,"4,506.00",0.000,0.00,0.00,0.00,0.00,0.00,0.00,0.00,0,0,0,317,0,0,0,0,0.0
전라북도,남원시,덕과면,2015,"4,877.00","4,877.00","3,069.00",62.9,0.000,0.00,0.00,0.00,0.00,0.00,0.00,0.00,0.100,"4,877.00","4,877.00","3,069.00",0.00,"3,069.00",0.000,0.00,0.00,0.00,0.00,0.00,0.00,0.00,0,0,0,115,0,0,0,0,0.0
전라북도,남원시,보절면,2020,"20,987.00","20,987.00","20,197.00",96.2,0.000,0.00,0.00,0.00,0.00,0.00,0.00,0.00,0.400,"20,987.00","20,987.00","20,197.00",0.00,"20,197.00",0.000,0.00,0.00,0.00,0.00,0.00,0.00,0.00,0,0,0,437,0,0,0,"2,319",11.5
전라북도,남원시,산동면,2025,"17,238.00","17,238.40","17,238.40",100.0,0.000,0.00,0.00,0.00,0.00,0.00,0.00,0.00,0.300,"17,238.00","17,238.40","17,238.40",0.00,"17,238.40",0.000,0.00,0.00,0.00,0.00,0.00,0.00,0.00,0,0,0,593,0,0,0,"9,555",55.4
전라북도,남원시,이백면,2025,412.00,412.00,412.00,100.0,0.000,0.00,0.00,0.00,0.00,0.00,0.00,0.00,0.000,412.00,412.00,412.00,0.00,412.00,0.000,0.00,0.00,0.00,0.00,0.00,0.00,0.00,0,0,0,17,0,0,0,0,0.0
전라북도,남원시,아영면,2025,"9,327.00","9,327.00","9,327.00",100.0,0.000,0.00,0.00,0.00,0.00,0.00,0.00,0.00,0.200,"9,327.00","9,327.00","9,327.00",0.00,"9,327.00",0.000,0.00,0.00,0.00,0.00,0.00,0.00,0.00,0,0,0,279,0,0,0,0,0.0
전라북도,남원시,산내면,2030,"17,417.00","17,417.30","17,417.30",100.0,0.000,0.00,0.00,0.00,0.00,0.00,0.00,0.00,0.400,"17,417.00","17,417.30","17,417.30",0.00,"17,417.30",0.000,0.00,0.00,0.00,0.00,0.00,0.00,0.00,0,0,0,517,0,0,0,"6,673",38.3
전라북도,남원시,인월면,2025,"66,361.00","66,361.00","44,735.00",67.4,1.200,"5,553.00","5,553.00",0.00,0.00,0.00,0.00,0.00,0.900,"37,459.00","37,459.00","21,486.00",0.00,"21,486.00",0.900,"23,349.00","23,349.00","23,249.00","2,176.00","16,628.00","2,444.00","2,001.00",0,470,384,"1,346",0,0,16,"35,211",78.7
전라북도,남원시,동충동,2015,"2,034.00","3,984.00","1,950.00",48.9,2.800,"2,034.00","2,034.00",0.00,0.00,0.00,0.00,0.00,0.000,0.00,"1,950.00","1,950.00",0.00,"1,950.00",0.000,0.00,0.00,0.00,0.00,0.00,0.00,0.00,0,0,0,0,0,0,0,0,0.0
전라북도,남원시,죽항동,2015,"2,041.00","6,210.00","4,169.00",67.1,2.800,"2,041.00","2,041.00",0.00,0.00,0.00,0.00,0.00,0.000,0.00,"4,169.00","4,169.00",0.00,"4,169.00",0.000,0.00,0.00,0.00,0.00,0.00,0.00,0.00,0,72,0,662,0,0,0,"2,169",52.0
전라북도,남원시,노암동,2025,"2,036.00","2,036.00",0.00,0.0,2.800,"2,036.00","2,036.00",0.00,0.00,0.00,0.00,0.00,0.000,0.00,0.00,0.00,0.00,0.00,0.000,0.00,0.00,0.00,0.00,0.00,0.00,0.00,0,0,0,0,0,0,0,0,0.0
전라북도,남원시,금동,2015,"2,981.00","7,734.00","4,753.00",61.5,2.800,"2,981.00","2,981.00",0.00,0.00,0.00,0.00,0.00,0.000,0.00,"4,753.00","4,753.00",0.00,"4,753.00",0.000,0.00,0.00,0.00,0.00,0.00,0.00,0.00,0,67,0,500,0,0,0,"2,000",42.1
전라북도,남원시,왕정동,2015,"2,156.00","2,676.00",520.00,19.4,2.900,"2,156.00","2,156.00",0.00,0.00,0.00,0.00,0.00,0.000,0.00,520.00,520.00,0.00,520.00,0.000,0.00,0.00,0.00,0.00,0.00,0.00,0.00,0,0,0,0,0,0,0,0,0.0
전라북도,남원시,향교동,2025,"1,665.00","2,990.00","1,325.00",44.3,2.900,"1,665.00","1,665.00",0.00,0.00,0.00,0.00,0.00,0.000,0.00,"1,325.00","1,325.00",0.00,"1,325.00",0.000,0.00,0.00,0.00,0.00,0.00,0.00,0.00,0,0,0,0,0,0,0,0,0.0
전라북도,남원시,도통동,2015,"1,325.00","2,345.00","1,020.00",43.5,2.900,"1,325.00","1,325.00",0.00,0.00,0.00,0.00,0.00,0.000,0.00,"1,020.00","1,020.00",0.00,"1,020.00",0.000,0.00,0.00,0.00,0.00,0.00,0.00,0.00,0,0,0,0,0,0,0,0,0.0
전라북도,김제시,소계,,"817,338.40","877,175.90","585,640.00",66.8,0.000,"166,057.00","166,057.00","2,364.00",0.00,"1,375.00",989.00,0.00,23.400,"410,588.40","456,621.90","421,607.00","21,888.00","399,719.00",23.400,"240,693.00","254,497.00","161,669.00","4,337.00","75,476.00","29,780.00","52,076.00",0,"7,517","1,411","10,972","11,940",2,30,"417,356",71.3
전라북도,김제시,만경읍,2035,"46,614.60","50,554.60","29,997.00",59.3,0.000,"13,648.00","13,648.00",0.00,0.00,0.00,0.00,0.00,2.270,"25,812.60","25,812.60","18,903.00",390.00,"18,513.00",2.270,"7,154.00","11,094.00","11,094.00",0.00,"4,667.00","3,223.00","3,204.00",0,403,95,630,665,0,0,"26,592",88.6
전라북도,김제시,죽산면,2035,"19,424.90","33,952.00","24,913.00",73.4,0.000,"9,039.00","9,039.00",0.00,0.00,0.00,0.00,0.00,0.840,"7,882.90","15,118.00","15,118.00","1,130.00","13,988.00",0.840,"2,503.00","9,795.00","9,795.00",0.00,"2,043.00","7,752.00",0.00,0,316,47,465,441,0,0,"16,469",66.1
전라북도,김제시,백산면,2035,"4,138.80","5,700.00","5,700.00",100.0,0.000,0.00,0.00,0.00,0.00,0.00,0.00,0.00,0.390,"4,138.80","5,700.00","5,700.00",0.00,"5,700.00",0.390,0.00,0.00,0.00,0.00,0.00,0.00,0.00,0,49,0,173,98,0,0,"4,324",75.9
전라북도,김제시,용지면,2035,"18,467.90","18,467.90","11,700.00",63.4,0.000,0.00,0.00,0.00,0.00,0.00,0.00,0.00,1.730,"18,467.90","18,467.90","11,700.00",0.00,"11,700.00",1.730,0.00,0.00,0.00,0.00,0.00,0.00,0.00,0,219,0,218,394,0,0,"5,772",49.3
전라북도,김제시,백구면,2035,"4,169.20","5,300.00","5,300.00",100.0,0.000,0.00,0.00,0.00,0.00,0.00,0.00,0.00,1.270,"4,169.20","5,300.00","5,300.00",0.00,"5,300.00",1.270,0.00,0.00,0.00,0.00,0.00,0.00,0.00,0,49,0,127,154,0,0,"5,117",96.5
전라북도,김제시,부량면,2035,"1,193.30","2,100.00","2,100.00",100.0,0.000,0.00,0.00,0.00,0.00,0.00,0.00,0.00,0.140,"1,193.30","2,100.00","2,100.00",0.00,"2,100.00",0.140,0.00,0.00,0.00,0.00,0.00,0.00,0.00,0,14,0,102,151,0,0,"1,441",68.6
전라북도,김제시,공덕면,2035,"4,179.80","4,179.80","2,700.00",64.6,0.000,0.00,0.00,0.00,0.00,0.00,0.00,0.00,0.460,"4,179.80","4,179.80","2,700.00",0.00,"2,700.00",0.460,0.00,0.00,0.00,0.00,0.00,0.00,0.00,0,49,0,79,109,0,0,0,0.0
전라북도,김제시,청하면,2035,862.70,"7,450.00","7,450.00",100.0,0.000,0.00,0.00,0.00,0.00,0.00,0.00,0.00,0.330,862.70,"7,450.00","7,450.00",0.00,"7,450.00",0.330,0.00,0.00,0.00,0.00,0.00,0.00,0.00,0,10,0,92,121,0,0,0,0.0
전라북도,김제시,성덕면,2035,"2,440.50","4,300.00","4,300.00",100.0,0.000,0.00,0.00,0.00,0.00,0.00,0.00,0.00,0.240,"2,440.50","4,300.00","4,300.00",0.00,"4,300.00",0.240,0.00,0.00,0.00,0.00,0.00,0.00,0.00,0,29,0,107,111,0,0,"3,455",80.3
전라북도,김제시,진봉면,2035,"6,467.60","6,467.60","5,200.00",80.4,0.000,0.00,0.00,0.00,0.00,0.00,0.00,0.00,0.780,"6,467.60","6,467.60","5,200.00",0.00,"5,200.00",0.780,0.00,0.00,0.00,0.00,0.00,0.00,0.00,0,76,0,137,164,0,0,"4,112",79.1
전라북도,김제시,금구면,2035,"18,956.50","28,767.00","23,016.00",80.0,0.000,"5,751.00","5,751.00",0.00,0.00,0.00,0.00,0.00,1.780,"10,301.50","18,145.00","18,145.00",75.00,"18,070.00",1.780,"2,904.00","4,871.00","4,871.00",0.00,"2,658.00","2,213.00",0.00,0,320,62,745,774,0,0,"20,304",88.2
전라북도,김제시,봉남면,2035,"3,840.60","4,300.00","4,300.00",100.0,0.000,0.00,0.00,0.00,0.00,0.00,0.00,0.00,0.240,"3,840.60","4,300.00","4,300.00",0.00,"4,300.00",0.240,0.00,0.00,0.00,0.00,0.00,0.00,0.00,0,45,0,71,104,0,0,0,0.0
전라북도,김제시,황산면,2035,"3,775.50","6,100.00","6,100.00",100.0,0.000,0.00,0.00,0.00,0.00,0.00,0.00,0.00,0.330,"3,775.50","6,100.00","6,100.00",0.00,"6,100.00",0.330,0.00,0.00,0.00,0.00,0.00,0.00,0.00,0,45,0,207,133,0,0,0,0.0
전라북도,김제시,금산면,2035,"50,829.10","55,538.00","46,726.00",84.1,0.000,"8,812.00","8,812.00",0.00,0.00,0.00,0.00,0.00,3.040,"29,996.10","34,100.00","34,100.00","2,188.00","31,912.00",3.040,"12,021.00","12,626.00","12,626.00",0.00,"8,705.00","3,921.00",0.00,0,771,165,"1,319","1,843",0,0,"36,364",77.8
전라북도,김제시,광활면,2035,"3,130.40","3,130.40","1,100.00",35.1,0.000,0.00,0.00,0.00,0.00,0.00,0.00,0.00,0.000,"3,130.40","3,130.40","1,100.00",0.00,"1,100.00",0.000,0.00,0.00,0.00,0.00,0.00,0.00,0.00,0,31,0,37,0,0,0,0,0.0
전라북도,김제시,요촌동,2035,"188,654.10","193,198.40","127,940.00",66.2,0.000,"38,642.10","38,642.10",0.00,0.00,0.00,0.00,0.00,3.410,"85,178.70","89,723.00","89,723.00","5,432.00","84,291.00",3.410,"64,833.30","64,833.30","38,217.00","1,301.00","18,452.00","3,802.00","14,662.00",0,"1,527",313,"1,941","1,846",1,9,"107,775",84.2
전라북도,김제시,신풍동,2035,"125,769.40","128,214.60","83,535.00",65.2,0.000,"25,761.40","25,761.40",0.00,0.00,0.00,0.00,0.00,0.060,"56,785.80","59,231.00","59,231.00","3,621.00","55,610.00",0.060,"43,222.20","43,222.20","24,304.00",867.00,"11,129.00","2,534.00","9,774.00",0,"1,018",208,"1,517","1,334",1,6,"81,240",97.3
전라북도,김제시,검산동,2035,"251,538.80","251,538.80","145,622.00",57.9,0.000,"51,522.80","51,522.80",0.00,0.00,0.00,0.00,0.00,4.000,"113,571.60","113,571.60","97,012.00","7,241.00","89,771.00",4.000,"86,444.40","86,444.40","48,610.00","1,735.00","22,258.00","5,068.00","19,549.00",0,"2,037",417,"2,352","2,784",0,12,"57,450",39.5
전라북도,김제시,교월동,2035,"62,884.70","67,916.80","47,941.00",70.6,0.000,"12,880.70","12,880.70","2,364.00",0.00,"1,375.00",989.00,0.00,2.090,"28,392.90","33,425.00","33,425.00","1,811.00","31,614.00",2.090,"21,611.10","21,611.10","12,152.00",434.00,"5,564.00","1,267.00","4,887.00",0,509,104,653,714,0,3,"46,941",97.9
전라북도,군부,합계,,"3,366,190.80","4,124,801.31","3,498,115.01",84.8,30.900,"161,522.00","169,126.00","76,542.00","47,803.00","18,311.00","2,851.00","7,577.00",163.012,"2,471,090.90","2,885,895.31","2,451,279.41",0.00,"2,451,279.41",915.598,"733,577.90","1,069,780.00","970,293.60","125,981.80","533,242.20","42,737.90","268,331.70","8,827","52,406","42,794","95,398","59,265",20,677,"2,763,287",79.0
전라북도,완주군,소계,,"813,408.00","840,665.00","723,853.00",86.1,0.000,0.00,0.00,0.00,0.00,0.00,0.00,0.00,27.929,"559,157.00","586,414.00","481,795.00",0.00,"481,795.00",819.900,"254,251.00","254,251.00","242,058.00","35,243.00","154,031.00",0.00,"52,784.00",0,"12,476","6,424","32,210","12,934",1,251,"792,542",109.5
전라북도,완주군,삼례읍,2030,"146,807.00","170,499.00","170,499.00",100.0,0.000,0.00,0.00,0.00,0.00,0.00,0.00,0.00,3.207,"90,897.00","114,589.00","114,589.00",0.00,"114,589.00",28.600,"55,910.00","55,910.00","55,910.00","21,566.00","30,380.00",0.00,"3,964.00",0,"1,498",983,"17,881","7,254",1,25,"146,221",85.8
전라북도,완주군,봉동읍,2030,"143,540.00","143,540.00","133,844.00",93.2,0.000,0.00,0.00,0.00,0.00,0.00,0.00,0.00,8.839,"100,444.00","100,444.00","90,748.00",0.00,"90,748.00",46.000,"43,096.00","43,096.00","43,096.00","4,422.00","25,218.00",0.00,"13,456.00",0,"2,074",894,911,212,0,10,"141,409",105.7
전라북도,완주군,용진읍,2030,"108,176.00","108,176.00","85,773.00",79.3,0.000,0.00,0.00,0.00,0.00,0.00,0.00,0.00,3.061,"72,382.00","72,382.00","49,979.00",0.00,"49,979.00",38.500,"35,794.00","35,794.00","35,794.00",602.00,"26,771.00",0.00,"8,421.00",0,"1,412","1,287","1,238",540,0,0,"104,541",121.9
전라북도,완주군,상관면,2030,"73,760.00","73,760.00","73,067.00",99.1,0.000,0.00,0.00,0.00,0.00,0.00,0.00,0.00,0.926,"52,736.00","52,736.00","52,178.00",0.00,"52,178.00",68.600,"21,024.00","21,024.00","20,889.00","1,358.00","9,825.00",0.00,"9,706.00",0,"1,739",391,539,186,0,11,"73,625",100.8
전라북도,완주군,이서면,2030,"77,343.00","77,343.00","48,110.00",62.2,0.000,0.00,0.00,0.00,0.00,0.00,0.00,0.00,6.895,"55,199.00","55,199.00","34,958.00",0.00,"34,958.00",33.400,"22,144.00","22,144.00","13,152.00","2,108.00","9,455.00",0.00,"1,589.00",0,"1,092",884,936,399,0,0,"97,102",201.8
전라북도,완주군,소양면,2030,"93,276.00","93,276.00","84,176.00",90.2,0.000,0.00,0.00,0.00,0.00,0.00,0.00,0.00,1.915,"63,792.00","63,792.00","54,692.00",0.00,"54,692.00",94.100,"29,484.00","29,484.00","29,484.00","1,357.00","19,969.00",0.00,"8,158.00",0,"2,277",729,"4,404","1,874",0,94,"87,886",104.4
전라북도,완주군,구이면,2030,"65,452.00","65,452.00","47,769.00",73.0,0.000,0.00,0.00,0.00,0.00,0.00,0.00,0.00,1.295,"42,725.00","42,725.00","25,243.00",0.00,"25,243.00",89.000,"22,727.00","22,727.00","22,526.00","1,209.00","18,955.00",0.00,"2,362.00",0,"1,069",655,"2,306","1,002",0,66,"63,187",132.3
전라북도,완주군,고산면,2030,"47,220.00","47,220.00","44,895.00",95.1,0.000,0.00,0.00,0.00,0.00,0.00,0.00,0.00,0.682,"24,618.00","24,618.00","23,688.00",0.00,"23,688.00",69.400,"22,602.00","22,602.00","21,207.00","2,621.00","13,458.00",0.00,"5,128.00",0,532,601,"3,321","1,467",0,45,"44,405",98.9
전라북도,완주군,비봉면,2030,"17,442.00","21,007.00","20,813.00",99.1,0.000,0.00,0.00,0.00,0.00,0.00,0.00,0.00,0.295,"17,248.00","20,813.00","20,813.00",0.00,"20,813.00",44.500,194.00,194.00,0.00,0.00,0.00,0.00,0.00,0,388,0,276,0,0,0,"17,248",82.9
전라북도,완주군,운주면,2030,"12,744.00","12,744.00","8,324.00",65.3,0.000,0.00,0.00,0.00,0.00,0.00,0.00,0.00,0.502,"12,546.00","12,546.00","8,324.00",0.00,"8,324.00",91.800,198.00,198.00,0.00,0.00,0.00,0.00,0.00,0,204,0,165,0,0,0,"9,129",109.7
전라북도,완주군,화산면,2030,"6,651.00","6,651.00","4,609.00",69.3,0.000,0.00,0.00,0.00,0.00,0.00,0.00,0.00,0.213,"5,815.00","5,815.00","4,609.00",0.00,"4,609.00",70.800,836.00,836.00,0.00,0.00,0.00,0.00,0.00,0,146,0,135,0,0,0,"5,815",126.2
전라북도,완주군,동상면,2030,"18,828.00","18,828.00",0.00,0.0,0.000,0.00,0.00,0.00,0.00,0.00,0.00,0.00,0.000,"18,781.00","18,781.00",0.00,0.00,0.00,106.400,47.00,47.00,0.00,0.00,0.00,0.00,0.00,0,0,0,0,0,0,0,0,0.0
전라북도,완주군,경천면,2030,"2,169.00","2,169.00","1,974.00",91.0,0.000,0.00,0.00,0.00,0.00,0.00,0.00,0.00,0.099,"1,974.00","1,974.00","1,974.00",0.00,"1,974.00",38.800,195.00,195.00,0.00,0.00,0.00,0.00,0.00,0,45,0,98,0,0,0,"1,974",100.0
전라북도,진안군,소계,,"399,308.00","473,957.00","439,685.00",92.8,0.000,0.00,0.00,0.00,0.00,0.00,0.00,0.00,9.182,"346,994.00","421,643.00","387,371.00",0.00,"387,371.00",0.000,"52,314.00","52,314.00","52,314.00","4,404.00","35,423.00",582.00,"11,905.00",0,"6,027","1,311","10,218",406,0,102,"278,229",63.3
전라북도,진안군,진안읍,2035,"149,604.00","157,724.00","157,724.00",100.0,0.000,0.00,0.00,0.00,0.00,0.00,0.00,0.00,4.090,"106,622.00","114,742.00","114,742.00",0.00,"114,742.00",0.000,"42,982.00","42,982.00","42,982.00","3,852.00","29,906.00",0.00,"9,224.00",0,"2,312","1,128","4,766",258,0,82,"127,454",80.8
전라북도,진안군,용담면,2035,"30,945.00","30,945.00","25,852.00",83.5,0.000,0.00,0.00,0.00,0.00,0.00,0.00,0.00,0.412,"21,613.00","21,613.00","16,520.00",0.00,"16,520.00",0.000,"9,332.00","9,332.00","9,332.00",552.00,"5,517.00",582.00,"2,681.00",0,318,183,319,148,0,20,"23,112",89.4
전라북도,진안군,안천면,2035,"21,571.00","31,540.00","31,540.00",100.0,0.000,0.00,0.00,0.00,0.00,0.00,0.00,0.00,0.397,"21,571.00","31,540.00","31,540.00",0.00,"31,540.00",0.000,0.00,0.00,0.00,0.00,0.00,0.00,0.00,0,347,0,539,0,0,0,"14,228",45.1
전라북도,진안군,동향면,2035,"15,506.00","15,506.00","7,749.00",50.0,0.000,0.00,0.00,0.00,0.00,0.00,0.00,0.00,0.254,"15,506.00","15,506.00","7,749.00",0.00,"7,749.00",0.000,0.00,0.00,0.00,0.00,0.00,0.00,0.00,0,176,0,272,0,0,0,"7,749",100.0
전라북도,진안군,상전면,2035,"13,478.00","13,478.00","2,757.00",20.5,0.000,0.00,0.00,0.00,0.00,0.00,0.00,0.00,0.141,"13,478.00","13,478.00","2,757.00",0.00,"2,757.00",0.000,0.00,0.00,0.00,0.00,0.00,0.00,0.00,0,75,0,163,0,0,0,"2,757",100.0
전라북도,진안군,백운면,2035,"24,125.00","49,143.00","49,143.00",100.0,0.000,0.00,0.00,0.00,0.00,0.00,0.00,0.00,0.599,"24,125.00","49,143.00","49,143.00",0.00,"49,143.00",0.000,0.00,0.00,0.00,0.00,0.00,0.00,0.00,0,389,0,748,0,0,0,"17,098",34.8
전라북도,진안군,성수면,2035,"26,508.00","26,508.00","26,425.00",99.7,0.000,0.00,0.00,0.00,0.00,0.00,0.00,0.00,0.437,"26,508.00","26,508.00","26,425.00",0.00,"26,425.00",0.000,0.00,0.00,0.00,0.00,0.00,0.00,0.00,0,319,0,596,0,0,0,"15,209",57.6
전라북도,진안군,마령면,2035,"22,858.00","41,834.00","41,834.00",100.0,0.000,0.00,0.00,0.00,0.00,0.00,0.00,0.00,0.542,"22,858.00","41,834.00","41,834.00",0.00,"41,834.00",0.000,0.00,0.00,0.00,0.00,0.00,0.00,0.00,0,367,0,853,0,0,0,"15,322",36.6
전라북도,진안군,부귀면,2035,"39,151.00","51,717.00","51,717.00",100.0,0.000,0.00,0.00,0.00,0.00,0.00,0.00,0.00,0.790,"39,151.00","51,717.00","51,717.00",0.00,"51,717.00",0.000,0.00,0.00,0.00,0.00,0.00,0.00,0.00,0,832,0,854,0,0,0,"10,584",20.5
전라북도,진안군,정천면,2035,"18,206.00","18,206.00","12,308.00",67.6,0.000,0.00,0.00,0.00,0.00,0.00,0.00,0.00,0.288,"18,206.00","18,206.00","12,308.00",0.00,"12,308.00",0.000,0.00,0.00,0.00,0.00,0.00,0.00,0.00,0,242,0,375,0,0,0,"12,308",100.0
전라북도,진안군,주천면,2035,"37,356.00","37,356.00","32,636.00",87.4,0.000,0.00,0.00,0.00,0.00,0.00,0.00,0.00,1.232,"37,356.00","37,356.00","32,636.00",0.00,"32,636.00",0.000,0.00,0.00,0.00,0.00,0.00,0.00,0.00,0,650,0,733,0,0,0,"32,408",99.3
전라북도,무주군,소계,,"294,988.00","299,883.00","251,347.00",83.8,0.000,0.00,0.00,0.00,0.00,0.00,0.00,0.00,9.446,"194,783.00","198,340.00","168,577.00",0.00,"168,577.00",11.200,"100,205.00","101,543.00","82,770.00","5,921.00","71,634.00","1,992.00","3,223.00",0,"2,891","2,077","3,922","1,923",0,0,"247,847",98.6
전라북도,무주군,무주읍,2025,"68,513.00","69,851.00","66,717.00",95.5,0.000,0.00,0.00,0.00,0.00,0.00,0.00,0.00,2.227,"35,200.00","35,200.00","32,066.00",0.00,"32,066.00",2.500,"33,313.00","34,651.00","34,651.00","4,319.00","28,452.00","1,260.00",620.00,0,694,754,"1,001",767,0,0,"66,717",100.0
전라북도,무주군,무풍면,2025,"27,600.00","31,157.00","26,457.00",84.9,0.000,0.00,0.00,0.00,0.00,0.00,0.00,0.00,0.800,"16,500.00","20,057.00","20,057.00",0.00,"20,057.00",0.800,"11,100.00","11,100.00","6,400.00",27.00,"6,232.00",40.00,101.00,0,447,311,643,164,0,0,"26,457",100.0
전라북도,무주군,설천면,2025,"77,679.00","77,679.00","71,982.00",92.7,0.000,0.00,0.00,0.00,0.00,0.00,0.00,0.00,3.319,"49,000.00","49,000.00","46,980.00",0.00,"46,980.00",4.800,"28,679.00","28,679.00","25,002.00",231.00,"23,545.00",0.00,"1,226.00",0,637,534,540,633,0,0,"68,482",95.1
전라북도,무주군,적상면,2025,"27,878.00","27,878.00","25,635.00",92.0,0.000,0.00,0.00,0.00,0.00,0.00,0.00,0.00,0.600,"21,898.00","21,898.00","20,872.00",0.00,"20,872.00",0.600,"5,980.00","5,980.00","4,763.00",266.00,"4,497.00",0.00,0.00,0,308,163,552,105,0,0,"25,635",100.0
전라북도,무주군,안성면,2025,"72,400.00","72,400.00","48,902.00",67.5,0.000,0.00,0.00,0.00,0.00,0.00,0.00,0.00,2.400,"56,000.00","56,000.00","39,571.00",0.00,"39,571.00",2.400,"16,400.00","16,400.00","9,331.00",457.00,"6,906.00",692.00,"1,276.00",0,687,280,895,184,0,0,"48,902",100.0
전라북도,무주군,부남면,2025,"20,918.00","20,918.00","11,654.00",55.7,0.000,0.00,0.00,0.00,0.00,0.00,0.00,0.00,0.100,"16,185.00","16,185.00","9,031.00",0.00,"9,031.00",0.100,"4,733.00","4,733.00","2,623.00",621.00,"2,002.00",0.00,0.00,0,118,35,291,70,0,0,"11,654",100.0
전라북도,장수군,소계,,"139,427.00","270,496.00","239,531.00",88.6,0.000,0.00,0.00,0.00,0.00,0.00,0.00,0.00,5.995,"139,427.00","201,308.00","170,343.00",0.00,"170,343.00",0.000,0.00,"69,188.00","69,188.00",0.00,"48,973.00","3,458.00","16,757.00",0,"5,193","1,238","5,704","4,952",0,0,"203,207",84.8
전라북도,장수군,장수읍,2035,"5,770.00","77,324.00","77,324.00",100.0,0.000,0.00,0.00,0.00,0.00,0.00,0.00,0.00,1.810,"5,770.00","48,158.00","48,158.00",0.00,"48,158.00",0.000,0.00,"29,166.00","29,166.00",0.00,"23,960.00",851.00,"4,355.00",0,"1,841",709,"1,945","2,836",0,0,"75,684",97.9
전라북도,장수군,산서면,2035,"27,132.00","31,481.00","17,023.00",54.1,0.000,0.00,0.00,0.00,0.00,0.00,0.00,0.00,1.020,"27,132.00","27,132.00","12,674.00",0.00,"12,674.00",0.000,0.00,"4,349.00","4,349.00",0.00,"1,733.00",0.00,"2,616.00",0,285,0,91,0,0,0,"12,569",73.8
전라북도,장수군,번암면,2035,"11,214.00","23,588.00","23,588.00",100.0,0.000,0.00,0.00,0.00,0.00,0.00,0.00,0.00,0.620,"11,214.00","19,708.00","19,708.00",0.00,"19,708.00",0.000,0.00,"3,880.00","3,880.00",0.00,"1,295.00",0.00,"2,585.00",0,384,0,449,0,0,0,"22,713",96.3
전라북도,장수군,장계면,2035,"53,585.00","81,304.00","76,190.00",93.7,0.000,0.00,0.00,0.00,0.00,0.00,0.00,0.00,1.550,"53,585.00","53,585.00","48,471.00",0.00,"48,471.00",0.000,0.00,"27,719.00","27,719.00",0.00,"19,704.00","2,607.00","5,408.00",0,"2,046",529,"2,075","2,116",0,0,"54,200",71.1
전라북도,장수군,천천면,2035,"12,525.00","18,363.00","18,363.00",100.0,0.000,0.00,0.00,0.00,0.00,0.00,0.00,0.00,0.590,"12,525.00","14,699.00","14,699.00",0.00,"14,699.00",0.000,0.00,"3,664.00","3,664.00",0.00,"2,281.00",0.00,"1,383.00",0,346,0,362,0,0,0,"16,817",91.6
전라북도,장수군,계남면,2035,"29,201.00","29,201.00","17,808.00",61.0,0.000,0.00,0.00,0.00,0.00,0.00,0.00,0.00,0.065,"29,201.00","29,201.00","17,808.00",0.00,"17,808.00",0.000,0.00,0.00,0.00,0.00,0.00,0.00,0.00,0,291,0,422,0,0,0,"14,033",78.8
전라북도,장수군,계북면,2035,0.00,"9,235.00","9,235.00",100.0,0.000,0.00,0.00,0.00,0.00,0.00,0.00,0.00,0.340,0.00,"8,825.00","8,825.00",0.00,"8,825.00",0.000,0.00,410.00,410.00,0.00,0.00,0.00,410.00,0,0,0,360,0,0,0,"7,191",77.9
전라북도,임실군,소계,,"38,494.50","375,312.01","375,312.01",100.0,0.000,0.00,0.00,0.00,0.00,0.00,0.00,0.00,9.960,"7,440.00","244,192.41","244,192.41",0.00,"244,192.41",9.960,"31,054.50","131,119.60","131,119.60","13,254.80","78,161.20","1,247.90","38,455.70",0,"3,176",864,"8,144","8,144",3,274,"314,872",83.9
전라북도,임실군,임실읍,2025,"14,887.60","130,650.55","130,650.55",100.0,0.000,0.00,0.00,0.00,0.00,0.00,0.00,0.00,2.450,0.00,"73,881.05","73,881.05",0.00,"73,881.05",2.450,"14,887.60","56,769.50","56,769.50","4,446.70","37,012.00",89.90,"15,220.90",0,894,250,"2,516","2,516",2,133,"121,761",93.2
전라북도,임실군,청웅면,2025,0.00,"5,770.09","5,770.09",100.0,0.000,0.00,0.00,0.00,0.00,0.00,0.00,0.00,0.380,0.00,"5,770.09","5,770.09",0.00,"5,770.09",0.380,0.00,0.00,0.00,0.00,0.00,0.00,0.00,0,180,41,362,362,0,9,"5,400",93.6
전라북도,임실군,운암면,2025,0.00,"21,469.42","21,469.42",100.0,0.000,0.00,0.00,0.00,0.00,0.00,0.00,0.00,0.610,0.00,"20,263.52","20,263.52",0.00,"20,263.52",0.610,0.00,"1,205.90","1,205.90",491.80,252.80,0.00,461.30,0,250,65,452,452,0,6,"18,000",83.8
전라북도,임실군,신평면,2025,"1,295.10","27,309.28","27,309.28",100.0,0.000,0.00,0.00,0.00,0.00,0.00,0.00,0.00,1.180,0.00,"19,650.18","19,650.18",0.00,"19,650.18",1.180,"1,295.10","7,659.10","7,659.10",901.40,"3,961.60",418.10,"2,378.00",0,89,89,389,389,0,8,"16,331",59.8
전라북도,임실군,성수면,2025,"5,540.00","11,633.64","11,633.64",100.0,0.000,0.00,0.00,0.00,0.00,0.00,0.00,0.00,0.400,"5,540.00","11,513.34","11,513.34",0.00,"11,513.34",0.400,0.00,120.30,120.30,0.00,120.30,0.00,0.00,0,100,45,388,388,0,4,"7,536",64.8
전라북도,임실군,오수면,2025,"8,179.00","76,874.53","76,874.53",100.0,0.000,0.00,0.00,0.00,0.00,0.00,0.00,0.00,1.730,0.00,"39,837.23","39,837.23",0.00,"39,837.23",1.730,"8,179.00","37,037.30","37,037.30","3,273.30","21,822.10",739.90,"11,202.00",0,551,138,"1,584","1,584",1,49,"62,300",81.0
전라북도,임실군,신덕면,2025,"1,900.00","10,118.05","10,118.05",100.0,0.000,0.00,0.00,0.00,0.00,0.00,0.00,0.00,0.340,"1,900.00","9,446.05","9,446.05",0.00,"9,446.05",0.340,0.00,672.00,672.00,0.00,215.40,0.00,456.60,0,200,46,303,303,0,6,"9,362",92.5
전라북도,임실군,삼계면,2025,0.00,"5,841.55","5,841.55",100.0,0.000,0.00,0.00,0.00,0.00,0.00,0.00,0.00,0.260,0.00,"5,841.55","5,841.55",0.00,"5,841.55",0.260,0.00,0.00,0.00,0.00,0.00,0.00,0.00,0,110,15,226,226,0,8,"5,820",99.6
전라북도,임실군,관촌면,2025,"6,692.80","69,556.04","69,556.04",100.0,0.000,0.00,0.00,0.00,0.00,0.00,0.00,0.00,1.730,0.00,"41,900.54","41,900.54",0.00,"41,900.54",1.730,"6,692.80","27,655.50","27,655.50","4,141.60","14,777.00",0.00,"8,736.90",0,300,68,986,986,0,22,"55,372",79.6
전라북도,임실군,강진면,2025,0.00,"8,682.19","8,682.19",100.0,0.000,0.00,0.00,0.00,0.00,0.00,0.00,0.00,0.370,0.00,"8,682.19","8,682.19",0.00,"8,682.19",0.370,0.00,0.00,0.00,0.00,0.00,0.00,0.00,0,215,48,462,462,0,6,"6,521",75.1
전라북도,임실군,덕치면,2025,0.00,"2,515.63","2,515.63",100.0,0.000,0.00,0.00,0.00,0.00,0.00,0.00,0.00,0.220,0.00,"2,515.63","2,515.63",0.00,"2,515.63",0.220,0.00,0.00,0.00,0.00,0.00,0.00,0.00,0,132,32,224,224,0,11,"2,200",87.5
전라북도,임실군,지사면,2025,0.00,"4,891.04","4,891.04",100.0,0.000,0.00,0.00,0.00,0.00,0.00,0.00,0.00,0.290,0.00,"4,891.04","4,891.04",0.00,"4,891.04",0.290,0.00,0.00,0.00,0.00,0.00,0.00,0.00,0,155,27,252,252,0,12,"4,269",87.3
전라북도,순창군,소계,,"235,994.00","274,195.00","188,701.00",68.8,17.900,"68,306.00","75,910.00","24,405.00","9,886.00","14,519.00",0.00,0.00,35.000,"146,395.00","146,395.00","124,210.00",0.00,"124,210.00",14.700,"21,293.00","51,890.00","40,086.00",615.00,"35,365.00","3,549.00",557.00,332,"5,516","3,857","6,834","5,409",11,50,"140,775",74.6
전라북도,순창군,순창읍,2020,"149,820.00","149,820.00","85,593.00",57.1,17.000,"68,306.00","68,306.00","16,801.00","9,886.00","6,915.00",0.00,0.00,16.300,"68,490.00","68,490.00","67,571.00",0.00,"67,571.00",11.100,"13,024.00","13,024.00","1,221.00",615.00,0.00,549.00,57.00,215,"3,126","2,188","2,154","1,723",11,50,"82,451",96.3
전라북도,순창군,인계면,2020,"5,007.00","12,183.00","12,024.00",98.7,0.000,0.00,"2,290.00","2,290.00",0.00,"2,290.00",0.00,0.00,1.200,"5,007.00","5,007.00","4,848.00",0.00,"4,848.00",0.200,0.00,"4,886.00","4,886.00",0.00,"4,886.00",0.00,0.00,0,253,177,431,344,0,0,"4,848",40.3
전라북도,순창군,동계면,2020,"6,590.00","9,575.00","9,575.00",100.0,0.000,0.00,0.00,0.00,0.00,0.00,0.00,0.00,1.100,"6,590.00","6,590.00","6,590.00",0.00,"6,590.00",0.400,0.00,"2,985.00","2,985.00",0.00,"2,985.00",0.00,0.00,0,272,190,609,433,0,0,"4,661",48.7
전라북도,순창군,풍산면,2020,"3,905.00","9,748.00","9,748.00",100.0,0.000,0.00,"1,845.00","1,845.00",0.00,"1,845.00",0.00,0.00,0.900,"3,905.00","3,905.00","3,905.00",0.00,"3,905.00",0.200,0.00,"3,998.00","3,998.00",0.00,"3,998.00",0.00,0.00,0,283,198,377,301,0,0,"3,905",40.1
전라북도,순창군,금과면,2020,"13,013.00","16,483.00","12,112.00",73.5,0.000,0.00,0.00,0.00,0.00,0.00,0.00,0.00,3.200,"13,013.00","13,013.00","8,642.00",0.00,"8,642.00",0.700,0.00,"3,470.00","3,470.00",0.00,"3,470.00",0.00,0.00,0,147,102,622,497,0,0,"2,160",17.8
전라북도,순창군,팔덕면,2020,"5,906.00","11,956.00","11,956.00",100.0,0.000,0.00,"1,180.00","1,180.00",0.00,"1,180.00",0.00,0.00,1.400,"5,906.00","5,906.00","5,906.00",0.00,"5,906.00",0.400,0.00,"4,870.00","4,870.00",0.00,"4,870.00",0.00,0.00,0,192,134,453,362,0,0,"5,906",49.4
전라북도,순창군,쌍치면,2020,"8,032.00","8,032.00","8,031.00",100.0,0.000,0.00,0.00,0.00,0.00,0.00,0.00,0.00,1.100,"4,765.00","4,765.00","4,765.00",0.00,"4,765.00",0.200,"3,267.00","3,267.00","3,266.00",0.00,"3,266.00",0.00,0.00,0,163,114,334,267,0,0,"8,032",100.0
전라북도,순창군,복흥면,2020,"16,649.00","17,323.00","7,261.00",41.9,0.000,0.00,0.00,0.00,0.00,0.00,0.00,0.00,3.800,"15,340.00","15,340.00","5,278.00",0.00,"5,278.00",0.500,"1,309.00","1,983.00","1,983.00",0.00,"1,983.00",0.00,0.00,0,327,228,350,280,0,0,"7,049",97.1
전라북도,순창군,적성면,2020,"3,589.00","8,471.00","8,030.00",94.8,0.000,0.00,"2,039.00","2,039.00",0.00,"2,039.00",0.00,0.00,0.800,"3,589.00","3,589.00","3,148.00",0.00,"3,148.00",0.200,0.00,"2,843.00","2,843.00",0.00,"2,843.00",0.00,0.00,0,184,128,468,374,0,0,"3,148",39.2
전라북도,순창군,유등면,2020,"10,169.00","17,289.00","11,580.00",67.0,0.900,0.00,250.00,250.00,0.00,250.00,0.00,0.00,2.400,"10,039.00","10,039.00","4,330.00",0.00,"4,330.00",0.400,130.00,"7,000.00","7,000.00",0.00,"3,500.00","3,000.00",500.00,32,313,219,453,362,0,0,"9,825",84.8
전라북도,순창군,구림면,2020,"13,314.00","13,315.00","12,791.00",96.1,0.000,0.00,0.00,0.00,0.00,0.00,0.00,0.00,2.800,"9,751.00","9,751.00","9,227.00",0.00,"9,227.00",0.400,"3,563.00","3,564.00","3,564.00",0.00,"3,564.00",0.00,0.00,85,256,179,583,466,0,0,"8,790",68.7
전라북도,고창군,소계,,"612,912.30","614,023.30","467,220.00",76.1,13.000,"93,216.00","93,216.00","52,137.00","37,917.00","3,792.00","2,851.00","7,577.00",20.270,"435,526.90","436,637.90","361,777.00",0.00,"361,777.00",15.800,"84,169.40","84,169.40","53,306.00","52,958.00",242.00,106.00,0.00,58,"7,521","15,036","11,628","7,515",5,0,"433,533",92.8
전라북도,고창군,고창읍,2020,"249,690.60","249,690.60","193,188.00",77.4,3.200,"54,285.00","54,285.00","23,641.00","17,107.00","2,129.00",423.00,"3,982.00",3.420,"146,755.60","146,755.60","130,545.00",0.00,"130,545.00",6.800,"48,650.00","48,650.00","39,002.00","38,760.00",242.00,0.00,0.00,58,"2,786","5,072","4,471","2,536",5,0,"193,144",100.0
전라북도,고창군,고수면,2020,"24,199.50","24,199.50","13,320.00",55.0,0.800,"2,724.00","2,724.00",700.00,700.00,0.00,0.00,0.00,0.290,"20,265.50","20,265.50","12,620.00",0.00,"12,620.00",0.800,"1,210.00","1,210.00",0.00,0.00,0.00,0.00,0.00,0,378,514,485,257,0,0,"13,310",99.9
전라북도,고창군,아산면,2020,"36,670.50","36,670.50","30,171.00",82.3,0.800,"3,360.00","3,360.00","2,160.00","1,808.00",0.00,0.00,352.00,2.600,"31,412.70","31,412.70","27,046.00",0.00,"27,046.00",0.800,"1,897.80","1,897.80",965.00,965.00,0.00,0.00,0.00,0,638,"1,062",950,531,0,0,"30,135",99.9
전라북도,고창군,무장면,2020,"14,972.00","14,972.00","11,856.00",79.2,0.600,"5,231.00","5,231.00","4,232.00","1,249.00",600.00,"1,236.00","1,147.00",0.690,"6,319.00","6,319.00","5,668.00",0.00,"5,668.00",0.600,"3,422.00","3,422.00","1,956.00","1,956.00",0.00,0.00,0.00,0,195,351,390,175,0,0,"11,778",99.3
전라북도,고창군,공음면,2020,"11,640.60","11,640.60","8,510.00",73.1,0.500,"1,177.00","1,177.00",490.00,490.00,0.00,0.00,0.00,0.500,"8,402.60","8,402.60","8,020.00",0.00,"8,020.00",0.500,"2,061.00","2,061.00",0.00,0.00,0.00,0.00,0.00,0,290,521,274,260,0,0,"8,455",99.4
전라북도,고창군,상하면,2020,"18,614.00","19,725.00","17,063.00",86.5,1.300,"1,670.00","1,670.00","1,670.00","1,670.00",0.00,0.00,0.00,1.360,"13,070.00","14,181.00","14,181.00",0.00,"14,181.00",1.300,"3,874.00","3,874.00","1,212.00","1,212.00",0.00,0.00,0.00,0,327,723,539,361,0,0,"15,356",90.0
전라북도,고창군,해리면,2020,"25,945.60","25,945.60","22,508.00",86.8,1.000,"5,401.00","5,401.00","4,381.00","2,254.00",696.00,227.00,"1,204.00",0.800,"17,014.60","17,014.60","14,892.00",0.00,"14,892.00",0.800,"3,530.00","3,530.00","3,235.00","3,235.00",0.00,0.00,0.00,0,390,850,697,425,0,0,"21,611",96.0
전라북도,고창군,성송면,2020,"30,929.60","30,929.60","21,910.00",70.8,0.600,"1,548.00","1,548.00","1,100.00","1,100.00",0.00,0.00,0.00,0.670,"28,924.60","28,924.60","20,704.00",0.00,"20,704.00",0.600,457.00,457.00,106.00,0.00,0.00,106.00,0.00,0,294,566,278,283,0,0,"21,855",99.7
전라북도,고창군,대산면,2020,"37,175.40","37,175.40","28,682.00",77.2,0.900,"2,928.00","2,928.00","1,970.00","1,970.00",0.00,0.00,0.00,0.900,"27,707.80","27,707.80","24,425.00",0.00,"24,425.00",0.900,"6,539.60","6,539.60","2,287.00","2,287.00",0.00,0.00,0.00,0,473,920,852,460,0,0,"25,900",90.3
전라북도,고창군,심원면,2020,"39,261.90","39,261.90","32,434.00",82.6,0.600,"2,385.00","2,385.00","1,969.00","1,969.00",0.00,0.00,0.00,1.320,"33,231.90","33,231.90","27,581.00",0.00,"27,581.00",0.600,"3,645.00","3,645.00","2,884.00","2,884.00",0.00,0.00,0.00,0,361,725,670,362,0,0,"30,068",92.7
전라북도,고창군,흥덕면,2020,"57,941.20","57,941.20","36,110.00",62.3,1.800,"8,203.00","8,203.00","6,769.00","4,545.00",367.00,965.00,892.00,3.680,"44,496.20","44,496.20","27,932.00",0.00,"27,932.00",1.000,"5,242.00","5,242.00","1,409.00","1,409.00",0.00,0.00,0.00,0,431,"2,290",532,"1,145",0,0,"18,525",51.3
전라북도,고창군,성내면,2020,"23,286.40","23,286.40","15,036.00",64.6,0.100,"1,128.00","1,128.00",900.00,900.00,0.00,0.00,0.00,0.300,"21,354.40","21,354.40","14,136.00",0.00,"14,136.00",0.300,804.00,804.00,0.00,0.00,0.00,0.00,0.00,0,218,425,307,212,0,0,"15,018",99.9
전라북도,고창군,신림면,2020,"14,205.60","14,205.60","12,036.00",84.7,0.300,"1,080.00","1,080.00",931.00,931.00,0.00,0.00,0.00,0.400,"12,309.60","12,309.60","10,855.00",0.00,"10,855.00",0.300,816.00,816.00,250.00,250.00,0.00,0.00,0.00,0,382,465,392,232,0,0,"11,715",97.3
전라북도,고창군,부안면,2020,"28,379.40","28,379.40","24,396.00",86.0,0.500,"2,096.00","2,096.00","1,224.00","1,224.00",0.00,0.00,0.00,3.340,"24,262.40","24,262.40","23,172.00",0.00,"23,172.00",0.500,"2,021.00","2,021.00",0.00,0.00,0.00,0.00,0.00,0,358,552,791,276,0,0,"16,663",68.3
전라북도,부안군,소계,,"831,659.00","976,270.00","812,466.00",83.2,0.000,0.00,0.00,0.00,0.00,0.00,0.00,0.00,45.230,"641,368.00","650,965.00","513,014.00",0.00,"513,014.00",44.038,"190,291.00","325,305.00","299,452.00","13,586.00","109,413.00","31,803.00","144,650.00","8,437","9,606","11,987","16,738","17,982",0,0,"352,282",43.4
전라북도,부안군,부안읍,2035,"270,844.00","270,844.00","177,398.00",65.5,0.000,0.00,0.00,0.00,0.00,0.00,0.00,0.00,6.810,"177,398.00","177,398.00","101,615.00",0.00,"101,615.00",6.815,"93,446.00","93,446.00","75,783.00","6,525.00","37,925.00","3,795.00","27,538.00","2,982","1,555","11,930","7,414","17,895",0,0,"77,491",43.7
전라북도,부안군,주산면,2035,"30,198.00","30,198.00","30,198.00",100.0,0.000,0.00,0.00,0.00,0.00,0.00,0.00,0.00,0.900,"30,198.00","30,198.00","30,198.00",0.00,"30,198.00",0.903,0.00,0.00,0.00,0.00,0.00,0.00,0.00,0,27,0,697,0,0,0,0,0.0
전라북도,부안군,동진면,2035,"96,239.00","96,239.00","90,860.00",94.4,0.000,0.00,0.00,0.00,0.00,0.00,0.00,0.00,3.000,"45,310.00","45,310.00","39,932.00",0.00,"39,932.00",3.000,"50,929.00","50,929.00","50,928.00","4,384.00","25,487.00","2,550.00","18,507.00",674,674,0,755,0,0,0,"33,686",37.1
전라북도,부안군,행안면,2035,"16,950.00","16,950.00","10,330.00",60.9,0.000,0.00,0.00,0.00,0.00,0.00,0.00,0.00,0.080,"10,000.00","10,000.00","3,380.00",0.00,"3,380.00",0.080,"6,950.00","6,950.00","6,950.00",599.00,"3,478.00",348.00,"2,525.00",140,140,0,60,0,0,0,"7,000",67.8
전라북도,부안군,계화면,2035,"83,176.00","83,176.00","83,176.00",100.0,0.000,0.00,0.00,0.00,0.00,0.00,0.00,0.00,4.470,"69,399.00","69,399.00","69,399.00",0.00,"69,399.00",4.470,"13,777.00","13,777.00","13,777.00",406.00,"6,763.00","2,340.00","4,268.00",944,848,35,"2,259",53,0,0,"42,000",50.5
전라북도,부안군,보안면,2035,"30,000.00","30,000.00","20,930.00",69.8,0.000,0.00,0.00,0.00,0.00,0.00,0.00,0.00,0.540,"30,000.00","30,000.00","20,930.00",0.00,"20,930.00",0.540,0.00,0.00,0.00,0.00,0.00,0.00,0.00,222,202,0,497,0,0,0,"9,224",44.1
전라북도,부안군,변산면,2035,"80,271.00","138,091.00","138,091.00",100.0,0.000,0.00,0.00,0.00,0.00,0.00,0.00,0.00,7.800,"79,601.00","84,204.00","84,204.00",0.00,"84,204.00",7.800,670.00,"53,887.00","53,887.00","1,613.00","25,355.00","12,760.00","14,159.00","1,567","1,472",13,"1,510",20,0,0,"73,615",53.3
전라북도,부안군,진서면,2035,"50,460.00","50,460.00","39,280.00",77.8,0.000,0.00,0.00,0.00,0.00,0.00,0.00,0.00,5.100,"25,941.00","25,941.00","22,950.00",0.00,"22,950.00",5.100,"24,519.00","24,519.00","16,330.00",59.00,"10,405.00",10.00,"5,856.00",307,307,9,"1,296",14,0,0,"15,366",39.1
전라북도,부안군,백산면,2035,"33,750.00","64,570.00","59,901.00",92.8,0.000,0.00,0.00,0.00,0.00,0.00,0.00,0.00,3.110,"33,750.00","33,750.00","29,081.00",0.00,"29,081.00",3.110,0.00,"30,820.00","30,820.00",0.00,0.00,"10,000.00","20,820.00",675,675,0,660,0,0,0,"29,544",49.3
전라북도,부안군,상서면,2035,"32,616.00","43,251.00","43,251.00",100.0,0.000,0.00,0.00,0.00,0.00,0.00,0.00,0.00,3.500,"32,616.00","33,147.00","33,147.00",0.00,"33,147.00",3.500,0.00,"10,104.00","10,104.00",0.00,0.00,0.00,"10,104.00",277,"2,779",0,262,0,0,0,"13,871",32.1
전라북도,부안군,하서면,2035,"52,042.00","70,918.00","70,918.00",100.0,0.000,0.00,0.00,0.00,0.00,0.00,0.00,0.00,4.400,"52,042.00","56,505.00","56,505.00",0.00,"56,505.00",3.200,0.00,"14,413.00","14,413.00",0.00,0.00,0.00,"14,413.00",260,666,0,583,0,0,0,"37,301",52.6
전라북도,부안군,줄포면,2035,"50,550.00","77,010.00","48,133.00",62.5,0.000,0.00,0.00,0.00,0.00,0.00,0.00,0.00,5.300,"50,550.00","50,550.00","21,673.00",0.00,"21,673.00",5.300,0.00,"26,460.00","26,460.00",0.00,0.00,0.00,"26,460.00",389,261,0,745,0,0,0,"13,184",27.4
전라북도,부안군,위도면,2035,"4,563.00","4,563.00",0.00,0.0,0.000,0.00,0.00,0.00,0.00,0.00,0.00,0.00,0.220,"4,563.00","4,563.00",0.00,0.00,0.00,0.220,0.00,0.00,0.00,0.00,0.00,0.00,0.00,0,0,0,0,0,0,0,0,0.0
전라남도,,합계,,"10,875,570.30","15,384,426.71","12,041,141.10",78.3,157.220,"714,585.26","1,679,774.52","1,422,800.74","186,585.18","715,851.40","126,625.12","393,739.04",628.248,"6,882,490.40","8,830,084.90","7,047,583.59","489,521.50","6,558,062.09","1,631.549","3,278,494.64","4,874,567.29","3,570,756.77","583,768.74","2,132,523.61","295,396.75","559,067.67","43,927","123,728","53,050","435,340","273,189",317,"1,601","8,083,500",67.1
전라남도,시부,합계,,"2,865,692.00","5,546,550.14","4,699,583.83",84.7,105.140,"345,327.26","1,236,008.41","1,223,459.73","169,553.48","609,791.89","103,052.92","341,061.44",244.110,"1,965,333.00","2,943,262.82","2,153,336.67","40,069.50","2,113,267.17",222.360,"555,031.74","1,367,278.91","1,322,787.43","165,534.90","1,015,903.99","60,487.92","80,860.62","25,097","37,205","20,992","223,347","216,086",198,755,"3,206,318",68.2
전라남도,목포시,소계,,"123,788.00","871,874.26","867,068.10",99.4,12.440,"69,159.26","432,800.36","428,715.68","99,046.91","251,512.91","6,395.92","71,759.94",7.360,"14,009.00","229,167.56","229,167.56",0.00,"229,167.56",7.260,"40,619.74","209,906.34","209,184.86","27,098.55","171,595.27",855.92,"9,635.12","8,069","5,741","4,776","23,852","100,133",15,262,"860,734",99.3
전라남도,목포시,용당1동,2025,"3,146.86","44,207.13","44,207.13",100.0,0.540,"3,046.86","43,381.26","43,381.26","9,329.35","26,690.31",602.44,"6,759.16",0.000,0.00,183.87,183.87,0.00,183.87,0.020,100.00,642.00,642.00,642.00,0.00,0.00,0.00,760,12,0,0,"4,142",0,11,"44,207",100.0
전라남도,목포시,용당2동,2025,"4,903.76","35,843.34","35,843.34",100.0,0.830,"4,606.36","32,473.44","32,473.44","5,423.11","20,771.07",350.19,"5,929.07",0.040,75.40,"1,921.64","1,921.64",0.00,"1,921.64",0.040,222.00,"1,448.26","1,448.26",845.00,570.08,2.93,30.25,442,31,17,97,"2,600",2,7,"35,843",100.0
전라남도,목포시,연동,2025,"2,259.43","18,547.36","18,547.36",100.0,0.240,"1,337.51","8,183.37","8,183.37","1,659.59","4,214.24",107.16,"2,202.38",0.120,233.74,"7,477.17","7,477.17",0.00,"7,477.17",0.120,688.18,"2,886.82","2,886.82",383.38,"2,365.73",12.17,125.54,136,161,67,335,"1,534",0,4,"18,547",100.0
전라남도,목포시,산정동,2025,"4,240.17","18,794.36","18,794.36",100.0,0.740,"4,140.17","4,408.20","4,408.20","1,018.43","2,586.15",65.76,737.86,0.000,0.00,"7,515.73","7,515.73",0.00,"7,515.73",0.020,100.00,"6,870.43","6,870.43",891.17,"5,659.15",28.29,291.82,83,166,156,810,"2,304",0,6,"18,634",99.1
전라남도,목포시,연산동,2025,"9,913.53","79,489.81","79,489.81",100.0,1.090,"6,054.87","43,214.92","43,214.92","9,673.70","24,486.06",495.53,"8,559.63",0.510,978.30,"11,978.25","11,978.25",0.00,"11,978.25",0.510,"2,880.36","24,296.64","24,296.64","1,999.28","21,078.10",107.77,"1,111.49",625,232,593,"2,999","10,460",0,27,"79,221",99.7
전라남도,목포시,원산동,2025,"3,543.75","28,974.63","28,974.63",100.0,0.600,"3,368.75","3,805.63","3,805.63",879.22,"2,232.64",56.77,637.00,0.040,75.00,"18,509.95","18,509.95",0.00,"18,509.95",0.020,100.00,"6,659.05","6,659.05",730.68,"5,665.90",23.20,239.27,72,318,128,700,"1,909",0,5,"27,817",96.0
전라남도,목포시,대성동,2025,"1,961.94","12,193.87","12,193.87",100.0,0.340,"1,886.94","11,934.53","11,934.53","2,526.22","6,414.92",163.13,"2,830.26",0.040,75.00,259.34,259.34,0.00,259.34,0.000,0.00,0.00,0.00,0.00,0.00,0.00,0.00,206,4,0,3,"1,122",0,3,"12,193",100.0
전라남도,목포시,목원동,2025,"7,847.46","47,240.62","47,240.62",100.0,1.410,"7,847.46","47,240.62","47,240.62","10,222.01","28,242.46",718.20,"8,057.95",0.000,0.00,0.00,0.00,0.00,0.00,0.000,0.00,0.00,0.00,0.00,0.00,0.00,0.00,"1,736",6,0,2,"4,937",0,13,"47,240",100.0
전라남도,목포시,동명동,2025,"2,457.35","20,203.79","19,843.05",98.2,0.060,360.74,360.74,0.00,0.00,0.00,0.00,0.00,0.280,531.56,"12,765.16","12,765.16",0.00,"12,765.16",0.280,"1,565.05","7,077.89","7,077.89",939.97,"5,800.28",29.84,307.80,0,288,164,824,"1,954",0,5,"19,843",100.0
전라남도,목포시,삼학동,2025,"2,462.90","26,173.76","26,173.76",100.0,0.060,366.29,"4,938.55","4,938.55","1,140.96","2,897.29",73.67,826.63,0.280,531.56,"12,448.78","12,448.78",0.00,"12,448.78",0.280,"1,565.05","8,786.43","8,786.43","1,166.87","7,200.41",37.05,382.10,703,253,204,"1,020","2,932",0,8,"26,173",100.0
전라남도,목포시,만호동,2025,"5,042.10","34,912.89","34,912.89",100.0,0.890,"4,967.10","34,079.37","34,079.37","7,411.35","18,819.87",478.59,"7,369.56",0.040,75.00,833.52,833.52,0.00,833.52,0.000,0.00,0.00,0.00,0.00,0.00,0.00,0.00,604,10,0,5,"3,290",7,9,"34,912",100.0
전라남도,목포시,유달동,2025,"12,719.28","69,002.68","69,002.68",100.0,2.180,"12,131.93","56,494.19","56,494.19","13,896.79","33,209.88",768.24,"8,619.28",0.070,148.91,"3,600.18","3,600.18",0.00,"3,600.18",0.070,438.44,"8,908.31","8,908.31",750.54,"7,476.97",23.83,656.97,969,83,186,658,"6,978",6,18,"65,745",95.3
전라남도,목포시,죽교동,2025,"4,073.83","26,978.62","26,978.62",100.0,0.680,"3,823.83","25,443.00","25,443.00","7,877.12","12,638.55",321.39,"4,605.94",0.080,150.00,"1,160.09","1,160.09",0.00,"1,160.09",0.020,100.00,375.53,375.53,37.92,324.00,1.20,12.41,808,2,7,47,"2,289",0,6,"26,888",99.7
전라남도,목포시,북항동,2025,"3,823.94","11,591.05","7,867.11",67.9,0.670,"3,723.94","3,723.94",0.00,0.00,0.00,0.00,0.00,0.000,0.00,"3,776.99","3,776.99",0.00,"3,776.99",0.020,100.00,"4,090.12","4,090.12",543.18,"3,351.83",17.24,177.87,0,56,95,475,"1,129",0,3,"7,867",100.0
전라남도,목포시,용해동,2025,"4,975.21","37,279.83","37,279.83",100.0,0.440,"2,475.23","18,545.35","18,545.35","3,337.33","12,574.60",215.51,"2,417.91",0.330,635.24,"9,025.41","9,025.41",0.00,"9,025.41",0.330,"1,864.74","9,709.07","9,709.07","1,402.84","7,852.61",40.09,413.53,272,193,221,"1,118","4,106",0,11,"37,079",99.5
전라남도,목포시,이로동,2025,"8,889.69","61,194.96","60,473.48",98.8,1.420,"7,921.28","56,076.91","56,076.91","12,184.92","35,066.20",722.27,"8,103.52",0.130,246.93,"4,396.57","4,396.57",0.00,"4,396.57",0.130,721.48,721.48,0.00,0.00,0.00,0.00,0.00,598,79,0,0,"4,965",0,13,"60,473",100.0
전라남도,목포시,상동,2025,"8,259.72","41,253.68","41,253.68",100.0,0.250,"1,100.00","11,607.10","11,607.10","3,371.29","7,942.84",23.97,269.00,0.960,"1,815.23","8,377.05","8,377.05",0.00,"8,377.05",0.960,"5,344.49","21,269.53","21,269.53","2,824.67","17,430.22",89.68,924.96,31,279,493,"2,492","6,035",0,16,"41,253",100.0
전라남도,목포시,하당동,2025,"4,676.49","46,539.66","46,539.66",100.0,0.000,0.00,0.00,0.00,0.00,0.00,0.00,0.00,0.620,"1,185.65","32,058.44","32,058.44",0.00,"32,058.44",0.620,"3,490.84","14,481.22","14,481.22","1,817.87","11,614.35",57.72,991.28,0,774,328,"1,589","3,778",0,10,"45,746",98.3
전라남도,목포시,신흥동,2025,"5,338.19","51,296.49","51,296.49",100.0,0.000,0.00,0.00,0.00,0.00,0.00,0.00,0.00,0.710,"1,353.41","32,132.37","32,132.37",0.00,"32,132.37",0.710,"3,984.78","19,164.12","19,164.12","2,545.06","15,704.85",80.81,833.40,0,"1,121",444,"2,224","5,289",0,14,"51,296",100.0
전라남도,목포시,삼향동,2025,"9,317.69","65,870.99","65,870.99",100.0,0.000,0.00,"26,889.24","26,889.24","9,095.52","12,725.83","1,233.10","3,834.79",1.250,"2,363.75","12,146.53","12,146.53",0.00,"12,146.53",1.250,"6,953.94","26,835.22","26,835.22","3,511.10","22,062.90",111.48,"1,149.74",24,388,613,"3,103","15,772",0,40,"65,474",99.4
전라남도,목포시,옥암동,2025,"3,293.62","25,962.21","25,962.21",100.0,0.000,0.00,0.00,0.00,0.00,0.00,0.00,0.00,0.440,835.04,"15,945.45","15,945.45",0.00,"15,945.45",0.440,"2,458.58","10,016.76","10,016.76","1,330.26","8,208.67",42.23,435.60,0,418,233,"1,212","2,765",0,7,"25,962",100.0
전라남도,목포시,부흥동,2025,"2,483.22","19,779.81","19,779.81",100.0,0.000,0.00,0.00,0.00,0.00,0.00,0.00,0.00,0.330,629.58,"12,192.03","12,192.03",0.00,"12,192.03",0.330,"1,853.64","7,587.78","7,587.78","1,007.68","6,218.14",31.99,329.97,0,431,176,881,"2,094",0,6,"19,779",100.0
전라남도,목포시,부주동,2025,"8,157.87","48,542.72","48,542.72",100.0,0.000,0.00,0.00,0.00,0.00,0.00,0.00,0.00,1.090,"2,069.70","20,463.04","20,463.04",0.00,"20,463.04",1.090,"6,088.17","28,079.68","28,079.68","3,729.08","23,011.08",118.40,"1,221.12",0,436,651,"3,258","7,749",0,20,"48,542",100.0
전라남도,여수시,소계,,"1,227,842.00","1,278,472.00","1,170,670.00",91.6,67.100,"276,168.00","292,498.00","284,034.00","23,338.00","142,567.00","29,115.00","89,014.00",52.900,"539,047.00","564,496.00","465,327.00",0.00,"465,327.00",40.600,"412,627.00","421,478.00","421,309.00","57,608.00","274,225.00","46,663.00","42,813.00","4,312","8,058","6,539","102,660","24,786",87,85,"475,338",40.6
전라남도,여수시,돌산읍,2025,"87,989.00","87,989.00","84,778.00",96.4,0.000,0.00,0.00,0.00,0.00,0.00,0.00,0.00,5.000,"55,431.00","55,431.00","52,220.00",0.00,"52,220.00",4.900,"32,558.00","32,558.00","32,558.00","3,311.00","23,731.00","1,863.00","3,653.00",0,314,184,"4,477","1,331",0,0,"61,562",72.6
전라남도,여수시,소라면,2025,"41,740.00","41,740.00","40,186.00",96.3,0.100,"10,629.00","10,629.00","10,575.00",888.00,"4,692.00","2,196.00","2,799.00",3.000,"16,176.00","16,176.00","14,676.00",0.00,"14,676.00",3.300,"14,935.00","14,935.00","14,935.00","13,609.00","1,326.00",0.00,0.00,85,222,226,"2,760","1,026",0,3,"33,902",84.4
전라남도,여수시,율촌면,2025,"59,221.00","59,221.00","59,158.00",99.9,0.200,"10,508.00","10,508.00","10,508.00",886.00,"3,742.00","2,599.00","3,281.00",8.600,"46,451.00","46,451.00","46,388.00",0.00,"46,388.00",0.000,"2,262.00","2,262.00","2,262.00",0.00,"2,262.00",0.00,0.00,16,502,33,"1,511",357,0,0,"3,793",6.4
전라남도,여수시,화양면,2025,"6,724.00","6,724.00","5,224.00",77.7,0.000,0.00,0.00,0.00,0.00,0.00,0.00,0.00,1.500,"6,724.00","6,724.00","5,224.00",0.00,"5,224.00",0.000,0.00,0.00,0.00,0.00,0.00,0.00,0.00,0,103,0,"1,821",0,0,0,"3,273",62.7
전라남도,여수시,남면,2025,"6,280.00","6,280.00","5,180.00",82.5,0.000,0.00,0.00,0.00,0.00,0.00,0.00,0.00,1.800,"6,280.00","6,280.00","5,180.00",0.00,"5,180.00",0.000,0.00,0.00,0.00,0.00,0.00,0.00,0.00,0,102,0,864,0,0,0,0,0.0
전라남도,여수시,화정면,2025,"1,826.00","1,826.00",926.00,50.7,0.000,0.00,0.00,0.00,0.00,0.00,0.00,0.00,0.300,"1,826.00","1,826.00",926.00,0.00,926.00,0.000,0.00,0.00,0.00,0.00,0.00,0.00,0.00,0,18,0,540,0,0,0,0,0.0
전라남도,여수시,삼산면,2025,"2,904.00","2,904.00","1,904.00",65.6,0.000,0.00,0.00,0.00,0.00,0.00,0.00,0.00,0.300,"2,904.00","2,904.00","1,904.00",0.00,"1,904.00",0.000,0.00,0.00,0.00,0.00,0.00,0.00,0.00,0,37,0,688,0,0,0,0,0.0
전라남도,여수시,동문동,2025,"11,526.00","11,526.00","5,707.00",49.5,0.900,"7,707.00","7,707.00","5,707.00",384.00,"3,514.00",99.00,"1,710.00",0.000,"3,819.00","3,819.00",0.00,0.00,0.00,0.000,0.00,0.00,0.00,0.00,0.00,0.00,0.00,242,0,0,"2,400",195,0,7,"5,707",100.0
전라남도,여수시,한려동,2025,"12,257.00","18,770.00","15,770.00",84.0,0.900,"8,547.00","8,547.00","5,547.00",326.00,"3,624.00",87.00,"1,510.00",0.000,"3,710.00","10,223.00","10,223.00",0.00,"10,223.00",0.000,0.00,0.00,0.00,0.00,0.00,0.00,0.00,55,143,0,"1,684",198,4,0,"3,928",24.9
전라남도,여수시,중앙동,2025,"6,790.00","6,790.00","4,904.00",72.2,0.400,"4,778.00","4,778.00","3,368.00",261.00,"1,942.00",64.00,"1,101.00",0.000,"2,012.00","2,012.00","1,536.00",0.00,"1,536.00",0.000,0.00,0.00,0.00,0.00,0.00,0.00,0.00,110,76,0,"2,499",110,6,13,"4,904",100.0
전라남도,여수시,충무동,2025,"15,716.00","15,716.00","9,193.00",58.5,1.300,"10,173.00","10,173.00","8,173.00",557.00,"4,991.00",143.00,"2,482.00",0.000,"5,543.00","5,543.00","1,020.00",0.00,"1,020.00",0.000,0.00,0.00,0.00,0.00,0.00,0.00,0.00,305,56,0,"2,282",277,16,7,"3,165",34.4
전라남도,여수시,광림동,2025,"35,822.00","35,822.00","26,240.00",73.3,3.400,"21,861.00","21,861.00","21,861.00","1,403.00","13,847.00",361.00,"6,250.00",0.000,"13,961.00","13,961.00","4,379.00",0.00,"4,379.00",0.000,0.00,0.00,0.00,0.00,0.00,0.00,0.00,728,156,0,"3,230",763,9,3,"1,855",7.1
전라남도,여수시,서강동,2025,"7,157.00","7,484.00","4,815.00",64.3,0.600,"4,488.00","4,815.00","4,815.00",268.00,"3,283.00",69.00,"1,195.00",0.000,"2,669.00","2,669.00",0.00,0.00,0.00,0.000,0.00,0.00,0.00,0.00,0.00,0.00,0.00,169,0,0,"1,920",136,0,0,159,3.3
전라남도,여수시,대교동,2025,"30,001.00","30,302.00","23,990.00",79.2,1.100,"9,817.00","9,817.00","9,817.00",660.00,"6,046.00",170.00,"2,941.00",0.400,"12,280.00","12,280.00","5,968.00",0.00,"5,968.00",0.400,"7,904.00","8,205.00","8,205.00",777.00,"5,094.00",481.00,"1,853.00",155,132,129,"3,239",614,0,0,"4,251",17.7
전라남도,여수시,국동,2025,"31,642.00","31,642.00","25,280.00",79.9,0.900,"9,387.00","9,387.00","9,387.00",631.00,"5,781.00",162.00,"2,813.00",0.600,"14,391.00","14,391.00","8,109.00",0.00,"8,109.00",0.600,"7,864.00","7,864.00","7,784.00",681.00,"4,871.00",460.00,"1,772.00",127,161,110,"5,586",598,20,4,"4,173",16.5
전라남도,여수시,월호동,2025,"98,043.00","99,043.00","92,295.00",93.2,4.700,"40,595.00","41,595.00","41,595.00","2,797.00","25,115.00",720.00,"12,963.00",2.000,"24,956.00","24,956.00","18,208.00",0.00,"18,208.00",2.000,"32,492.00","32,492.00","32,492.00","1,017.00","21,585.00","2,037.00","7,853.00",715,467,580,"2,959","2,526",0,1,"1,311",1.4
전라남도,여수시,여서동,2025,"72,904.00","84,403.00","84,403.00",100.0,1.000,"15,831.00","16,831.00","16,831.00","1,065.00","9,749.00",774.00,"5,243.00",1.500,"24,729.00","35,228.00","35,228.00",0.00,"35,228.00",1.500,"32,344.00","32,344.00","32,344.00","2,367.00","20,214.00","1,775.00","7,988.00",106,344,221,"7,835","1,670",0,2,"30,345",36.0
전라남도,여수시,문수동,2025,"81,227.00","82,230.00","73,962.00",89.9,0.600,"13,805.00","14,808.00","14,808.00",928.00,"8,502.00",739.00,"4,639.00",1.500,"36,595.00","36,595.00","28,356.00",0.00,"28,356.00",1.500,"30,827.00","30,827.00","30,798.00","2,374.00","19,836.00","2,006.00","6,582.00",119,356,279,"8,525","1,582",15,6,"26,019",35.2
전라남도,여수시,미평동,2025,"60,709.00","60,709.00","48,021.00",79.1,1.800,"18,959.00","18,959.00","18,959.00","1,275.00","11,676.00",328.00,"5,680.00",1.200,"25,986.00","25,986.00","13,298.00",0.00,"13,298.00",1.200,"15,764.00","15,764.00","15,764.00","1,419.00","9,838.00",928.00,"3,579.00",277,285,241,"5,465","1,210",4,5,"19,445",40.5
전라남도,여수시,둔덕동,2025,"71,508.00","72,508.00","57,745.00",79.6,2.800,"25,033.00","26,033.00","26,033.00","1,683.00","15,917.00",933.00,"7,500.00",1.200,"25,660.00","25,660.00","10,957.00",0.00,"10,957.00",1.200,"20,815.00","20,815.00","20,755.00","1,814.00","12,989.00","1,226.00","4,726.00",430,268,362,"3,917","1,620",8,9,"6,344",11.0
전라남도,여수시,만덕동,2025,"25,471.00","40,499.00","40,499.00",100.0,15.800,"13,421.00","25,421.00","25,421.00","6,298.00","6,411.00","5,446.00","7,266.00",0.000,"12,050.00","15,078.00","15,078.00",0.00,"15,078.00",0.000,0.00,0.00,0.00,0.00,0.00,0.00,0.00,122,145,0,"3,756",635,2,0,"15,078",37.2
전라남도,여수시,쌍봉동,2025,"115,036.00","122,165.00","122,165.00",100.0,0.000,0.00,0.00,0.00,0.00,0.00,0.00,0.00,7.100,"52,673.00","58,082.00","58,082.00",0.00,"58,082.00",7.100,"62,363.00","64,083.00","64,083.00","9,636.00","40,319.00","12,915.00","1,213.00",0,847,718,"13,285","2,462",2,21,"78,102",63.9
전라남도,여수시,시전동,2025,"98,206.00","105,036.00","103,876.00",98.9,0.000,0.00,0.00,0.00,0.00,0.00,0.00,0.00,6.000,"45,511.00","45,511.00","44,351.00",0.00,"44,351.00",6.000,"52,695.00","59,525.00","59,525.00","8,502.00","38,264.00","10,441.00","2,318.00",0,"2,277","2,402","10,773","2,338",0,2,"54,488",52.5
전라남도,여수시,여천동,2025,"120,727.00","120,727.00","118,247.00",97.9,0.000,0.00,0.00,0.00,0.00,0.00,0.00,0.00,7.500,"55,141.00","55,141.00","52,661.00",0.00,"52,661.00",7.500,"65,586.00","65,586.00","65,586.00","9,377.00","42,402.00","12,531.00","1,276.00",0,829,816,"9,159","2,589",1,1,"84,814",71.7
전라남도,여수시,주삼동,2025,"102,222.00","102,222.00","92,008.00",90.0,2.200,"26,435.00","26,435.00","26,435.00","1,958.00","8,010.00","5,895.00","10,572.00",3.400,"41,569.00","41,569.00","31,355.00",0.00,"31,355.00",3.400,"34,218.00","34,218.00","34,218.00","2,724.00","31,494.00",0.00,0.00,69,218,238,"1,485","2,209",0,1,"4,908",5.3
전라남도,여수시,삼일동,2025,"24,194.00","24,194.00","24,194.00",100.0,28.400,"24,194.00","24,194.00","24,194.00","1,070.00","5,725.00","8,330.00","9,069.00",0.000,0.00,0.00,0.00,0.00,0.00,0.000,0.00,0.00,0.00,0.00,0.00,0.00,0.00,482,0,0,0,340,0,0,"23,812",98.4
전라남도,여수시,묘도동,2025,0.00,0.00,0.00,0.0,0.000,0.00,0.00,0.00,0.00,0.00,0.00,0.00,0.000,0.00,0.00,0.00,0.00,0.00,0.000,0.00,0.00,0.00,0.00,0.00,0.00,0.00,0,0,0,0,0,0,0,0,0.0
전라남도,순천시,소계,,"684,314.00","1,425,926.50","972,536.00",68.2,24.800,0.00,"325,149.00","325,149.00","28,945.00","112,400.00","62,500.00","121,304.00",49.600,"684,314.00","973,038.50","519,648.00","40,069.50","479,578.50",49.600,0.00,"127,739.00","127,739.00","17,259.00","87,101.00","12,969.00","10,410.00","4,804","8,168","3,097","52,825",0,63,224,"815,685",83.9
전라남도,순천시,승주읍,2030,"20,953.00","72,765.00","72,765.00",100.0,0.000,0.00,"23,100.00","23,100.00","1,267.00","15,485.00",55.00,"6,293.00",9.900,"20,953.00","48,392.00","48,392.00",0.00,"48,392.00",9.900,0.00,"1,273.00","1,273.00",0.00,"1,273.00",0.00,0.00,0,"1,052",571,"1,469",0,0,39,"70,404",96.8
전라남도,순천시,해룡면,2030,"53,255.00","61,202.00","33,447.00",54.7,0.000,0.00,"1,053.00","1,053.00",0.00,"1,053.00",0.00,0.00,11.700,"53,255.00","53,255.00","25,500.00",0.00,"25,500.00",11.700,0.00,"6,894.00","6,894.00",0.00,"6,894.00",0.00,0.00,0,26,0,450,0,0,0,"1,053",3.1
전라남도,순천시,서면,2030,"28,457.00","32,009.00","10,270.00",32.1,0.000,0.00,"3,150.00","3,150.00",650.00,300.00,50.00,"2,150.00",2.500,"28,457.00","28,457.00","6,718.00",973.00,"5,745.00",2.500,0.00,402.00,402.00,0.00,402.00,0.00,0.00,0,38,40,357,0,0,0,"7,495",73.0
전라남도,순천시,황전면,2030,"17,738.00","23,084.00","23,084.00",100.0,0.000,0.00,0.00,0.00,0.00,0.00,0.00,0.00,2.800,"17,738.00","23,084.00","23,084.00",0.00,"23,084.00",2.800,0.00,0.00,0.00,0.00,0.00,0.00,0.00,0,500,78,458,0,0,21,"23,066",99.9
전라남도,순천시,월등면,2030,"16,271.00","20,324.00","20,324.00",100.0,0.000,0.00,0.00,0.00,0.00,0.00,0.00,0.00,1.700,"16,271.00","20,324.00","20,324.00",0.00,"20,324.00",1.700,0.00,0.00,0.00,0.00,0.00,0.00,0.00,0,300,208,435,0,0,0,"20,324",100.0
전라남도,순천시,주암면,2030,"13,269.00","33,406.00","33,406.00",100.0,0.000,0.00,0.00,0.00,0.00,0.00,0.00,0.00,6.200,"13,269.00","33,406.00","33,406.00",0.00,"33,406.00",6.200,0.00,0.00,0.00,0.00,0.00,0.00,0.00,0,578,270,"1,402",0,0,22,"30,804",92.2
전라남도,순천시,송광면,2030,"2,218.00","13,522.00","13,522.00",100.0,0.000,0.00,0.00,0.00,0.00,0.00,0.00,0.00,1.100,"2,218.00","13,522.00","13,522.00",0.00,"13,522.00",1.100,0.00,0.00,0.00,0.00,0.00,0.00,0.00,0,200,138,475,0,0,16,"13,522",100.0
전라남도,순천시,외서면,2030,"3,538.00","16,451.00","16,451.00",100.0,0.000,0.00,"6,883.00","6,883.00","1,850.00",733.00,100.00,"4,200.00",0.700,"3,538.00","9,568.00","9,568.00",0.00,"9,568.00",0.700,0.00,0.00,0.00,0.00,0.00,0.00,0.00,0,150,108,150,0,0,0,"16,451",100.0
전라남도,순천시,낙안면,2030,"1,798.00","43,558.00","43,558.00",100.0,0.000,0.00,0.00,0.00,0.00,0.00,0.00,0.00,3.100,"1,798.00","43,558.00","43,558.00",0.00,"43,558.00",3.100,0.00,0.00,0.00,0.00,0.00,0.00,0.00,0,600,497,"1,341",0,0,25,"39,714",91.2
전라남도,순천시,별량면,2030,"13,220.00","13,220.00","9,878.00",74.7,0.000,0.00,0.00,0.00,0.00,0.00,0.00,0.00,1.500,"13,220.00","13,220.00","9,878.00",0.00,"9,878.00",1.500,0.00,0.00,0.00,0.00,0.00,0.00,0.00,0,137,98,830,0,0,0,"6,100",61.8
전라남도,순천시,상사면,2030,0.00,"11,475.00","11,475.00",100.0,0.000,0.00,0.00,0.00,0.00,0.00,0.00,0.00,0.400,0.00,"11,475.00","11,475.00",0.00,"11,475.00",0.400,0.00,0.00,0.00,0.00,0.00,0.00,0.00,0,200,87,385,0,0,0,"11,475",100.0
전라남도,순천시,향동,2030,"66,105.00","90,710.00","34,542.00",38.1,1.500,0.00,"24,605.00","24,605.00","2,097.00","8,272.00","5,186.00","9,050.00",0.000,"66,105.00","66,105.00","9,937.00",0.00,"9,937.00",0.000,0.00,0.00,0.00,0.00,0.00,0.00,0.00,0,300,50,"3,010",0,0,0,"24,605",71.2
전라남도,순천시,매곡동,2030,0.00,"25,862.00","25,862.00",100.0,1.000,0.00,"13,957.00","13,957.00","1,189.00","4,692.00","2,943.00","5,133.00",0.000,0.00,"11,905.00","11,905.00",0.00,"11,905.00",0.000,0.00,0.00,0.00,0.00,0.00,0.00,0.00,287,313,0,"2,109",0,10,10,"13,957",54.0
전라남도,순천시,삼산동,2030,"147,682.00","184,225.00","36,543.00",19.8,3.000,0.00,"36,543.00","36,543.00","3,114.00","12,285.00","7,705.00","13,439.00",0.000,"147,682.00","147,682.00",0.00,0.00,0.00,0.000,0.00,0.00,0.00,0.00,0.00,0.00,0.00,751,0,0,"3,127",0,10,20,"36,543",100.0
전라남도,순천시,조곡동,2030,"65,835.00","89,309.00","38,327.00",42.9,1.500,0.00,"20,358.00","20,358.00","2,144.00","3,658.00","5,304.00","9,252.00",0.000,"65,835.00","65,835.00","14,853.00",0.00,"14,853.00",0.000,0.00,"3,116.00","3,116.00","1,376.00","1,740.00",0.00,0.00,368,371,42,"2,721",0,10,19,"29,958",78.2
전라남도,순천시,덕연동,2030,0.00,"113,095.00","113,095.00",100.0,0.500,0.00,0.00,0.00,0.00,0.00,0.00,0.00,2.000,0.00,"77,085.00","77,085.00","1,440.00","75,645.00",2.000,0.00,"36,010.00","36,010.00","5,382.00","23,399.00","4,010.00","3,219.00",0,639,330,"4,189",0,0,10,"85,046",75.2
전라남도,순천시,풍덕동,2030,0.00,"53,663.50","53,663.50",100.0,3.000,0.00,"51,417.00","51,417.00","4,382.00","17,285.00","10,841.00","18,909.00",0.000,0.00,"1,694.50","1,694.50",0.00,"1,694.50",0.000,0.00,552.00,552.00,552.00,0.00,0.00,0.00,"1,057",0,0,"5,304",0,10,20,"51,417",95.8
전라남도,순천시,남제동,2030,"54,962.00","70,142.00","23,178.00",33.0,1.000,0.00,"15,058.00","15,058.00","1,283.00","5,062.00","3,175.00","5,538.00",0.000,"54,962.00","54,962.00","7,998.00",0.00,"7,998.00",0.000,0.00,122.00,122.00,0.00,122.00,0.00,0.00,310,268,0,"2,980",0,10,0,"15,058",65.0
전라남도,순천시,저전동,2030,0.00,"26,150.60","26,150.60",100.0,1.000,0.00,"13,587.00","13,587.00","1,158.00","4,568.00","2,865.00","4,996.00",0.000,0.00,"12,563.60","12,563.60","12,563.60",0.00,0.000,0.00,0.00,0.00,0.00,0.00,0.00,0.00,0,300,50,"3,068",0,3,2,"13,587",52.0
전라남도,순천시,장천동,2030,"39,270.00","48,138.00","20,683.50",43.0,0.500,0.00,"6,795.00","6,795.00",579.00,"2,284.00","1,433.00","2,499.00",0.000,"39,270.00","39,270.00","11,815.50","11,815.50",0.00,0.000,0.00,"2,073.00","2,073.00",0.00,"2,073.00",0.00,0.00,0,362,76,"2,486",0,10,10,"6,795",32.9
전라남도,순천시,중앙동,2030,0.00,"19,609.40","19,609.40",100.0,0.500,0.00,"9,549.00","9,549.00",814.00,"3,210.00","2,013.00","3,512.00",0.000,0.00,"10,060.40","10,060.40","10,060.40",0.00,0.000,0.00,0.00,0.00,0.00,0.00,0.00,0.00,0,300,50,"2,722",0,0,0,"9,549",48.7
전라남도,순천시,도사동,2030,"75,183.00","174,038.00","102,734.00",59.0,11.300,0.00,"98,794.00","98,794.00","8,418.00","33,213.00","20,830.00","36,333.00",0.000,"75,183.00","75,183.00","3,879.00",0.00,"3,879.00",0.000,0.00,61.00,61.00,0.00,61.00,0.00,0.00,"2,031",134,0,"5,847",0,0,10,"98,794",96.2
전라남도,순천시,왕조1동,2030,"32,280.00","82,266.00","82,266.00",100.0,0.000,0.00,300.00,300.00,0.00,300.00,0.00,0.00,3.000,"32,280.00","48,519.00","48,519.00","1,393.00","47,126.00",3.000,0.00,"33,447.00","33,447.00","4,308.00","22,145.00","3,880.00","3,114.00",0,500,281,"3,252",0,0,0,"82,266",100.0
전라남도,순천시,왕조2동,2030,"32,280.00","107,702.00","107,702.00",100.0,0.000,0.00,0.00,0.00,0.00,0.00,0.00,0.00,3.000,"32,280.00","63,913.00","63,913.00","1,824.00","62,089.00",3.000,0.00,"43,789.00","43,789.00","5,641.00","28,992.00","5,079.00","4,077.00",0,900,123,"4,258",0,0,0,"107,702",100.0
전라남도,나주시,소계,,"413,847.00","968,163.00","838,227.00",86.6,0.800,0.00,"164,800.00","164,800.00","15,199.00","87,143.00","5,042.00","57,416.00",30.650,"312,062.00","558,736.00","472,401.00",0.00,"472,401.00",30.100,"101,785.00","244,627.00","201,026.00",0.00,"201,026.00",0.00,0.00,"7,781","4,834",0,"39,802","68,936",30,55,"263,654",31.5
전라남도,나주시,남평읍,2030,"13,386.00","116,373.00","116,373.00",100.0,0.000,0.00,"7,859.00","7,859.00",4.00,"1,950.00",780.00,"5,125.00",1.200,"11,701.00","56,303.00","56,303.00",0.00,"56,303.00",2.500,"1,685.00","52,211.00","52,211.00",0.00,"52,211.00",0.00,0.00,391,391,0,"5,163","17,780",2,2,"18,733",16.1
전라남도,나주시,세지면,2030,"4,214.00","4,214.00","1,283.00",30.4,0.000,0.00,0.00,0.00,0.00,0.00,0.00,0.00,0.660,"4,214.00","4,214.00","1,283.00",0.00,"1,283.00",0.000,0.00,0.00,0.00,0.00,0.00,0.00,0.00,18,11,0,303,0,0,0,0,0.0
전라남도,나주시,왕곡면,2030,"8,031.00","27,400.00","27,400.00",100.0,0.000,0.00,0.00,0.00,0.00,0.00,0.00,0.00,1.080,"8,031.00","27,400.00","27,400.00",0.00,"27,400.00",0.000,0.00,0.00,0.00,0.00,0.00,0.00,0.00,0,0,0,488,0,0,0,0,0.0
전라남도,나주시,반남면,2030,"6,072.00","6,439.00","4,618.00",71.7,0.000,0.00,0.00,0.00,0.00,0.00,0.00,0.00,0.670,"6,072.00","6,072.00","4,251.00",0.00,"4,251.00",0.000,0.00,367.00,367.00,0.00,367.00,0.00,0.00,43,26,0,101,202,0,0,0,0.0
전라남도,나주시,공산면,2030,"21,694.00","133,333.00","125,909.00",94.4,0.800,0.00,"29,280.00","29,280.00",12.00,"16,409.00","2,001.00","10,858.00",1.470,"13,095.00","95,454.00","95,454.00",0.00,"95,454.00",1.600,"8,599.00","8,599.00","1,175.00",0.00,"1,175.00",0.00,0.00,411,247,0,"1,518","3,602",2,4,"6,267",5.0
전라남도,나주시,동강면,2030,"2,674.00","12,200.00","12,200.00",100.0,0.000,0.00,0.00,0.00,0.00,0.00,0.00,0.00,0.740,"2,674.00","12,200.00","12,200.00",0.00,"12,200.00",0.000,0.00,0.00,0.00,0.00,0.00,0.00,0.00,0,0,0,400,0,0,0,0,0.0
전라남도,나주시,다시면,2030,"41,658.00","42,762.00","22,391.00",52.4,0.000,0.00,0.00,0.00,0.00,0.00,0.00,0.00,2.410,"41,658.00","41,658.00","21,287.00",0.00,"21,287.00",0.000,0.00,"1,104.00","1,104.00",0.00,"1,104.00",0.00,0.00,378,227,0,"3,022",936,0,0,0,0.0
전라남도,나주시,문평면,2030,"5,309.00","15,352.00","15,352.00",100.0,0.000,0.00,0.00,0.00,0.00,0.00,0.00,0.00,0.490,"5,309.00","15,352.00","15,352.00",0.00,"15,352.00",0.000,0.00,0.00,0.00,0.00,0.00,0.00,0.00,183,110,0,466,0,0,0,0,0.0
전라남도,나주시,노안면,2030,"13,305.00","21,250.00","21,250.00",100.0,0.000,0.00,0.00,0.00,0.00,0.00,0.00,0.00,1.450,"13,305.00","21,250.00","21,250.00",0.00,"21,250.00",0.000,0.00,0.00,0.00,0.00,0.00,0.00,0.00,120,72,0,505,0,0,0,0,0.0
전라남도,나주시,금천면,2030,"35,383.00","46,880.00","34,597.00",73.8,0.000,0.00,0.00,0.00,0.00,0.00,0.00,0.00,1.250,"35,383.00","35,383.00","23,100.00",0.00,"23,100.00",0.000,0.00,"11,497.00","11,497.00",0.00,"11,497.00",0.00,0.00,609,366,0,984,534,0,0,"22,651",65.5
전라남도,나주시,산포면,2030,"27,698.00","58,032.00","58,032.00",100.0,0.000,0.00,"14,091.00","14,091.00","2,427.00","6,337.00","1,949.00","3,378.00",0.780,"27,451.00","38,326.00","38,326.00",0.00,"38,326.00",1.000,247.00,"5,615.00","5,615.00",0.00,"5,615.00",0.00,0.00,342,206,0,"4,310",452,4,6,"25,000",43.1
전라남도,나주시,다도면,2030,"2,677.00","16,598.00","16,598.00",100.0,0.000,0.00,0.00,0.00,0.00,0.00,0.00,0.00,0.370,"2,677.00","16,598.00","16,598.00",0.00,"16,598.00",0.000,0.00,0.00,0.00,0.00,0.00,0.00,0.00,0,0,0,340,0,0,0,0,0.0
전라남도,나주시,봉황면,2030,"4,691.00","17,670.00","17,670.00",100.0,0.000,0.00,0.00,0.00,0.00,0.00,0.00,0.00,0.570,"4,691.00","17,670.00","17,670.00",0.00,"17,670.00",0.000,0.00,0.00,0.00,0.00,0.00,0.00,0.00,0,0,0,323,0,0,0,0,0.0
전라남도,나주시,송월동,2030,"100,257.00","155,569.00","114,113.00",73.4,0.000,0.00,"55,312.00","55,312.00","6,213.00","30,410.00",152.00,"18,537.00",3.190,"55,807.00","55,807.00","31,973.00",0.00,"31,973.00",12.000,"44,450.00","44,450.00","26,828.00",0.00,"26,828.00",0.00,0.00,"1,564",710,0,"4,022","22,129",11,21,"39,927",35.0
전라남도,나주시,영강동,2030,"66,131.00","102,626.00","75,281.00",73.4,0.000,0.00,"36,495.00","36,495.00","4,099.00","20,069.00",100.00,"12,227.00",2.920,"36,811.00","36,811.00","21,090.00",0.00,"21,090.00",8.000,"29,320.00","29,320.00","17,696.00",0.00,"17,696.00",0.00,0.00,"1,031",468,0,"2,042","14,596",7,14,"26,336",35.0
전라남도,나주시,금남동,2030,890.00,890.00,890.00,100.0,0.000,0.00,0.00,0.00,0.00,0.00,0.00,0.00,4.850,890.00,890.00,890.00,0.00,890.00,0.000,0.00,0.00,0.00,0.00,0.00,0.00,0.00,0,20,0,"3,931",0,0,0,0,0.0
전라남도,나주시,성북동,2030,"20,342.00","20,342.00","20,342.00",100.0,0.000,0.00,0.00,0.00,0.00,0.00,0.00,0.00,3.220,"20,342.00","20,342.00","20,342.00",0.00,"20,342.00",0.000,0.00,0.00,0.00,0.00,0.00,0.00,0.00,0,452,0,"5,773",0,0,0,0,0.0
전라남도,나주시,영산동,2030,"29,597.00","45,935.00","33,697.00",73.4,0.000,0.00,"16,338.00","16,338.00","1,834.00","8,987.00",45.00,"5,472.00",1.510,"16,475.00","16,475.00","9,439.00",0.00,"9,439.00",4.000,"13,122.00","13,122.00","7,920.00",0.00,"7,920.00",0.00,0.00,462,210,0,"2,814","6,533",3,6,"11,787",35.0
전라남도,나주시,이창동,2030,"9,838.00","15,263.00","11,196.00",73.4,0.000,0.00,"5,425.00","5,425.00",610.00,"2,981.00",15.00,"1,819.00",1.820,"5,476.00","5,476.00","3,138.00",0.00,"3,138.00",1.000,"4,362.00","4,362.00","2,633.00",0.00,"2,633.00",0.00,0.00,153,70,0,"2,921","2,172",1,2,"3,918",35.0
전라남도,나주시,빛가람동,2030,0.00,"109,035.00","109,035.00",100.0,0.000,0.00,0.00,0.00,0.00,0.00,0.00,0.00,0.000,0.00,"35,055.00","35,055.00",0.00,"35,055.00",0.000,0.00,"73,980.00","73,980.00",0.00,"73,980.00",0.00,0.00,"2,076","1,248",0,376,0,0,0,"109,035",100.0
전라남도,광양시,소계,,"415,901.00","1,002,114.38","851,082.73",84.9,0.000,0.00,"20,761.05","20,761.05","3,024.57","16,168.98",0.00,"1,567.50",103.600,"415,901.00","617,824.76","466,793.11",0.00,"466,793.11",94.800,0.00,"363,528.57","363,528.57","63,569.35","281,956.72",0.00,"18,002.50",131,"10,404","6,580","4,208","22,231",3,129,"790,907",92.9
전라남도,광양시,광양읍,2040,"121,440.00","276,838.27","276,838.27",100.0,0.000,0.00,"17,188.56","17,188.56","3,024.57","12,653.10",0.00,"1,510.89",61.700,"121,440.00","142,554.16","142,554.16",0.00,"142,554.16",61.700,0.00,"117,095.55","117,095.55","17,688.81","92,900.62",0.00,"6,506.12",72,"3,141","2,113","1,089","9,755",3,36,"253,743",91.7
전라남도,광양시,봉강면,2040,"4,423.00","20,860.95","20,860.95",100.0,0.000,0.00,"3,364.32","3,364.32",0.00,"3,364.32",0.00,0.00,0.510,"4,423.00","14,919.31","14,919.31",0.00,"14,919.31",0.510,0.00,"2,577.32","2,577.32",0.00,422.35,0.00,"2,154.97",42,592,38,38,283,0,3,"20,860",100.0
전라남도,광양시,옥룡면,2040,0.00,"44,050.09","44,050.09",100.0,0.000,0.00,0.00,0.00,0.00,0.00,0.00,0.00,0.890,0.00,"43,517.22","43,517.22",0.00,"43,517.22",0.890,0.00,532.87,532.87,0.00,532.87,0.00,0.00,0,296,14,33,52,0,2,"12,024",27.3
전라남도,광양시,옥곡면,2040,0.00,"36,894.33","36,894.33",100.0,0.000,0.00,0.00,0.00,0.00,0.00,0.00,0.00,0.240,0.00,"25,734.14","25,734.14",0.00,"25,734.14",0.240,0.00,"11,160.19","11,160.19","1,869.25","7,536.72",0.00,"1,754.22",0,541,223,73,656,0,8,"35,833",97.1
전라남도,광양시,진상면,2040,0.00,"33,304.32","33,304.32",100.0,0.000,0.00,0.00,0.00,0.00,0.00,0.00,0.00,0.870,0.00,"33,304.32","33,304.32",0.00,"33,304.32",0.870,0.00,0.00,0.00,0.00,0.00,0.00,0.00,0,698,14,162,11,0,0,"33,304",100.0
전라남도,광양시,진월면,2040,"48,090.00","50,050.88","41,553.27",83.0,0.000,0.00,0.00,0.00,0.00,0.00,0.00,0.00,10.690,"48,090.00","48,090.00","39,592.39",0.00,"39,592.39",1.890,0.00,"1,960.88","1,960.88",11.53,"1,949.35",0.00,0.00,0,928,109,319,160,0,3,"41,553",100.0
전라남도,광양시,다압면,2040,180.00,"22,583.28","22,583.28",100.0,0.000,0.00,0.00,0.00,0.00,0.00,0.00,0.00,1.640,180.00,"22,583.28","22,583.28",0.00,"22,583.28",1.640,0.00,0.00,0.00,0.00,0.00,0.00,0.00,0,576,0,126,0,0,0,"22,583",100.0
전라남도,광양시,골약동,2040,0.00,"89,500.55","89,500.55",100.0,0.000,0.00,0.00,0.00,0.00,0.00,0.00,0.00,0.000,0.00,"22,428.97","22,428.97",0.00,"22,428.97",0.000,0.00,"67,071.58","67,071.58","24,010.25","42,452.72",0.00,608.61,0,813,983,185,"3,193",0,21,"86,490",96.6
전라남도,광양시,중마동,2040,"138,611.00","248,815.23","187,647.36",75.4,0.000,0.00,208.17,208.17,0.00,151.56,0.00,56.61,21.680,"138,611.00","138,611.00","77,443.13",0.00,"77,443.13",21.680,0.00,"109,996.06","109,996.06","10,289.26","98,769.71",0.00,937.09,6,"1,738","2,137","1,464","5,296",0,32,"187,647",100.0
전라남도,광양시,광영동,2040,"100,765.00","119,424.91","38,058.74",31.9,0.000,0.00,0.00,0.00,0.00,0.00,0.00,0.00,4.280,"100,765.00","100,765.00","19,398.83",0.00,"19,398.83",4.280,0.00,"18,659.91","18,659.91","3,337.04","14,697.17",0.00,625.70,0,438,436,237,"1,015",0,3,"37,079",97.4
전라남도,광양시,금호동,2040,0.00,0.00,0.00,0.0,0.000,0.00,0.00,0.00,0.00,0.00,0.00,0.00,0.000,0.00,0.00,0.00,0.00,0.00,0.000,0.00,0.00,0.00,0.00,0.00,0.00,0.00,0,0,0,0,0,0,0,0,0.0
전라남도,광양시,태인동,2040,"2,392.00","59,791.57","59,791.57",100.0,0.000,0.00,0.00,0.00,0.00,0.00,0.00,0.00,1.100,"2,392.00","25,317.36","25,317.36",0.00,"25,317.36",1.100,0.00,"34,474.21","34,474.21","6,363.21","22,695.21",0.00,"5,415.79",11,643,513,482,"1,810",0,21,"59,791",100.0
전라남도,군부,합계,,"8,009,878.30","9,837,876.57","7,341,557.27",74.6,52.080,"369,258.00","443,766.11","199,341.01","17,031.70","106,059.51","23,572.20","52,677.60",384.138,"4,917,157.40","5,886,822.08","4,894,246.92","449,452.00","4,444,794.92","1,409.189","2,723,462.90","3,507,288.38","2,247,969.34","418,233.84","1,116,619.62","234,908.83","478,207.05","18,830","86,523","32,058","211,993","57,103",119,846,"4,877,182",66.4
전라남도,담양군,소계,,"139,812.00","544,682.70","522,456.10",95.9,0.000,0.00,0.00,0.00,0.00,0.00,0.00,0.00,9.190,"139,812.00","426,082.00","403,855.40",0.00,"403,855.40",6.000,0.00,"118,600.70","118,600.70","12,635.90","80,135.40","5,289.20","20,540.20",0,"13,217","2,961","18,688","2,371",0,0,"494,494",94.6
전라남도,담양군,담양읍,2035,"53,922.00","197,728.20","197,728.20",100.0,0.000,0.00,0.00,0.00,0.00,0.00,0.00,0.00,3.570,"53,922.00","135,194.10","135,194.10",0.00,"135,194.10",2.300,0.00,"62,534.10","62,534.10","10,607.10","39,338.60","1,472.70","11,115.70",0,"4,482","1,251","7,559","1,250",0,0,"169,767",85.9
전라남도,담양군,봉산면,2035,"13,900.00","13,900.00","7,979.70",57.4,0.000,0.00,0.00,0.00,0.00,0.00,0.00,0.00,0.700,"13,900.00","13,900.00","7,979.70",0.00,"7,979.70",0.700,0.00,0.00,0.00,0.00,0.00,0.00,0.00,0,208,0,665,0,0,0,"7,980",100.0
전라남도,담양군,고서면,2035,"16,147.00","27,459.70","27,459.70",100.0,0.000,0.00,0.00,0.00,0.00,0.00,0.00,0.00,0.600,"16,147.00","20,046.60","20,046.60",0.00,"20,046.60",0.600,0.00,"7,413.10","7,413.10",446.00,"6,265.20",409.40,292.50,0,677,149,975,148,0,0,"27,459",100.0
전라남도,담양군,가사문학면,2035,"2,040.00","20,470.70","20,470.70",100.0,0.000,0.00,0.00,0.00,0.00,0.00,0.00,0.00,0.830,"2,040.00","20,470.70","20,470.70",0.00,"20,470.70",0.000,0.00,0.00,0.00,0.00,0.00,0.00,0.00,0,574,0,617,0,0,0,"22,051",107.7
전라남도,담양군,창평면,2035,"6,000.00","58,819.30","58,819.30",100.0,0.000,0.00,0.00,0.00,0.00,0.00,0.00,0.00,0.700,"6,000.00","40,242.60","40,242.60",0.00,"40,242.60",0.700,0.00,"18,576.70","18,576.70",366.70,"11,853.90",150.20,"6,205.90",0,"1,606",372,"1,366",371,0,0,"58,819",100.0
전라남도,담양군,대덕면,2035,"4,293.00","13,687.40","13,687.40",100.0,0.000,0.00,0.00,0.00,0.00,0.00,0.00,0.00,0.400,"4,293.00","11,812.80","11,812.80",0.00,"11,812.80",0.400,0.00,"1,874.60","1,874.60",0.00,"1,113.90",0.00,760.70,0,291,38,442,38,0,0,"12,107",88.5
전라남도,담양군,무정면,2035,"29,800.00","35,304.60","18,998.30",53.8,0.000,0.00,0.00,0.00,0.00,0.00,0.00,0.00,0.600,"29,800.00","29,800.00","13,493.70",0.00,"13,493.70",0.600,0.00,"5,504.60","5,504.60",978.10,"3,988.90",0.00,537.60,0,529,111,645,110,0,0,"18,998",100.0
전라남도,담양군,금성면,2035,0.00,"39,765.90","39,765.90",100.0,0.000,0.00,0.00,0.00,0.00,0.00,0.00,0.00,0.300,0.00,"29,696.60","29,696.60",0.00,"29,696.60",0.300,0.00,"10,069.30","10,069.30",0.00,"6,819.10","2,424.00",826.20,0,894,202,918,201,0,0,"39,765",100.0
전라남도,담양군,용면,2035,0.00,"25,026.60","25,026.60",100.0,0.000,0.00,0.00,0.00,0.00,0.00,0.00,0.00,0.100,0.00,"25,026.60","25,026.60",0.00,"25,026.60",0.100,0.00,0.00,0.00,0.00,0.00,0.00,0.00,0,742,0,754,0,0,0,"25,027",100.0
전라남도,담양군,월산면,2035,0.00,"12,114.00","12,114.00",100.0,0.000,0.00,0.00,0.00,0.00,0.00,0.00,0.00,1.020,0.00,"12,114.00","12,114.00",0.00,"12,114.00",0.000,0.00,0.00,0.00,0.00,0.00,0.00,0.00,0,368,0,775,0,0,0,"12,114",100.0
전라남도,담양군,수북면,2035,0.00,"57,588.50","57,588.50",100.0,0.000,0.00,0.00,0.00,0.00,0.00,0.00,0.00,0.100,0.00,"54,349.50","54,349.50",0.00,"54,349.50",0.100,0.00,"3,239.00","3,239.00",238.00,"1,570.80",832.90,597.30,0,"1,681",650,"1,991",65,0,0,"57,590",100.0
전라남도,담양군,대전면,2035,"13,710.00","42,817.80","42,817.80",100.0,0.000,0.00,0.00,0.00,0.00,0.00,0.00,0.00,0.270,"13,710.00","33,428.50","33,428.50",0.00,"33,428.50",0.200,0.00,"9,389.30","9,389.30",0.00,"9,185.00",0.00,204.30,0,"1,165",188,"1,981",188,0,0,"42,817",100.0
전라남도,곡성군,소계,,"358,098.00","391,929.00","353,516.00",90.2,0.000,0.00,0.00,0.00,0.00,0.00,0.00,0.00,6.730,"265,926.00","270,053.00","231,640.00",0.00,"231,640.00",6.110,"92,172.00","121,876.00","121,876.00","27,707.00","68,581.00","25,588.00",0.00,"6,509","5,459",110,"9,830",55,7,54,"339,972",96.2
전라남도,곡성군,곡성읍,2035,"61,447.00","61,447.00","60,871.00",99.1,0.000,0.00,0.00,0.00,0.00,0.00,0.00,0.00,1.750,"34,801.00","34,801.00","34,225.00",0.00,"34,225.00",1.740,"26,646.00","26,646.00","26,646.00","6,224.00","16,955.00","3,467.00",0.00,"1,392","1,855",10,"3,986",5,4,11,"60,871",100.0
전라남도,곡성군,오곡면,2035,"61,446.00","62,615.00","62,615.00",100.0,0.000,0.00,0.00,0.00,0.00,0.00,0.00,0.00,1.750,"34,801.00","35,970.00","35,970.00",0.00,"35,970.00",1.740,"26,645.00","26,645.00","26,645.00","6,223.00","16,955.00","3,467.00",0.00,"1,391",928,10,171,5,0,11,"62,615",100.0
전라남도,곡성군,삼기면,2035,"18,616.00","23,567.00","17,621.00",74.8,0.000,0.00,0.00,0.00,0.00,0.00,0.00,0.00,0.100,"18,616.00","18,616.00","12,670.00",0.00,"12,670.00",0.000,0.00,"4,951.00","4,951.00",856.00,"1,890.00","2,205.00",0.00,175,151,10,369,5,0,0,"17,624",100.0
전라남도,곡성군,석곡면,2035,"35,883.00","35,883.00","32,086.00",89.4,0.000,0.00,0.00,0.00,0.00,0.00,0.00,0.00,0.770,"23,050.00","23,050.00","19,253.00",0.00,"19,253.00",0.770,"12,833.00","12,833.00","12,833.00","4,870.00","6,509.00","1,454.00",0.00,714,714,10,936,5,3,13,"32,086",100.0
전라남도,곡성군,목사동면,2035,"18,616.00","23,566.00","17,620.00",74.8,0.000,0.00,0.00,0.00,0.00,0.00,0.00,0.00,0.100,"18,616.00","18,616.00","12,670.00",0.00,"12,670.00",0.000,0.00,"4,950.00","4,950.00",856.00,"1,890.00","2,204.00",0.00,175,151,10,245,5,0,0,"17,624",100.0
전라남도,곡성군,죽곡면,2035,"18,616.00","23,566.00","17,620.00",74.8,0.000,0.00,0.00,0.00,0.00,0.00,0.00,0.00,0.100,"18,616.00","18,616.00","12,670.00",0.00,"12,670.00",0.000,0.00,"4,950.00","4,950.00",856.00,"1,890.00","2,204.00",0.00,175,152,10,427,5,0,0,"17,624",100.0
전라남도,곡성군,고달면,2035,"18,616.00","23,566.00","20,739.00",88.0,0.000,0.00,0.00,0.00,0.00,0.00,0.00,0.00,0.100,"18,616.00","18,616.00","15,789.00",0.00,"15,789.00",0.000,0.00,"4,950.00","4,950.00",856.00,"1,890.00","2,204.00",0.00,175,151,10,257,5,0,0,"17,624",85.0
전라남도,곡성군,옥과면,2035,"49,448.00","49,448.00","41,618.00",84.2,0.000,0.00,0.00,0.00,0.00,0.00,0.00,0.00,0.840,"30,800.00","30,800.00","22,970.00",0.00,"22,970.00",0.840,"18,648.00","18,648.00","18,648.00","4,171.00","12,356.00","2,121.00",0.00,904,904,10,"1,900",5,0,11,"41,616",100.0
전라남도,곡성군,입면,2035,"38,176.00","41,134.00","41,134.00",100.0,0.000,0.00,0.00,0.00,0.00,0.00,0.00,0.00,1.020,"30,776.00","33,734.00","33,734.00",0.00,"33,734.00",1.020,"7,400.00","7,400.00","7,400.00","1,083.00","4,463.00","1,854.00",0.00,"1,058",151,10,"1,048",5,0,8,"37,040",90.0
전라남도,곡성군,겸면,2035,"18,616.00","23,566.00","22,696.00",96.3,0.000,0.00,0.00,0.00,0.00,0.00,0.00,0.00,0.100,"18,616.00","18,616.00","17,746.00",0.00,"17,746.00",0.000,0.00,"4,950.00","4,950.00",856.00,"1,890.00","2,204.00",0.00,175,151,10,314,5,0,0,"17,624",77.7
전라남도,곡성군,오산면,2035,"18,618.00","23,571.00","18,896.00",80.2,0.000,0.00,0.00,0.00,0.00,0.00,0.00,0.00,0.100,"18,618.00","18,618.00","13,943.00",0.00,"13,943.00",0.000,0.00,"4,953.00","4,953.00",856.00,"1,893.00","2,204.00",0.00,175,151,10,177,5,0,0,"17,624",93.3
전라남도,구례군,소계,,"429,576.00","429,576.00","408,674.00",95.1,0.000,0.00,0.00,0.00,0.00,0.00,0.00,0.00,16.451,"370,787.00","370,787.00","349,885.00",0.00,"349,885.00",57.000,"58,789.00","58,789.00","58,789.00",0.00,"54,631.00",0.00,"4,158.00",0,"4,323",0,"9,352",0,0,189,"353,843",86.6
전라남도,구례군,구례읍,2025,"188,556.00","188,556.00","173,365.00",91.9,0.000,0.00,0.00,0.00,0.00,0.00,0.00,0.00,6.561,"143,799.00","143,799.00","128,608.00",0.00,"128,608.00",12.800,"44,757.00","44,757.00","44,757.00",0.00,"41,784.00",0.00,"2,973.00",0,"2,197",0,"4,842",0,0,112,"173,051",99.8
전라남도,구례군,문척면,2025,"16,500.00","16,500.00","15,600.00",94.5,0.000,0.00,0.00,0.00,0.00,0.00,0.00,0.00,0.786,"16,500.00","16,500.00","15,600.00",0.00,"15,600.00",0.000,0.00,0.00,0.00,0.00,0.00,0.00,0.00,0,160,0,469,0,0,0,"16,500",105.8
전라남도,구례군,간전면,2025,"24,290.00","24,290.00","24,290.00",100.0,0.000,0.00,0.00,0.00,0.00,0.00,0.00,0.00,0.484,"24,290.00","24,290.00","24,290.00",0.00,"24,290.00",0.000,0.00,0.00,0.00,0.00,0.00,0.00,0.00,0,180,0,484,0,0,0,"24,290",100.0
전라남도,구례군,토지면,2025,"46,218.00","46,218.00","46,218.00",100.0,0.000,0.00,0.00,0.00,0.00,0.00,0.00,0.00,1.023,"46,218.00","46,218.00","46,218.00",0.00,"46,218.00",0.000,0.00,0.00,0.00,0.00,0.00,0.00,0.00,0,313,0,653,0,0,0,"21,150",45.8
전라남도,구례군,마산면,2025,"23,391.00","23,391.00","23,300.00",99.6,0.000,0.00,0.00,0.00,0.00,0.00,0.00,0.00,2.067,"14,734.00","14,734.00","14,643.00",0.00,"14,643.00",14.900,"8,657.00","8,657.00","8,657.00",0.00,"7,472.00",0.00,"1,185.00",0,538,0,828,0,0,17,"23,391",100.4
전라남도,구례군,광의면,2025,"54,240.00","54,240.00","49,520.00",91.3,0.000,0.00,0.00,0.00,0.00,0.00,0.00,0.00,1.242,"54,240.00","54,240.00","49,520.00",0.00,"49,520.00",0.000,0.00,0.00,0.00,0.00,0.00,0.00,0.00,0,160,0,472,0,0,0,"49,620",100.2
전라남도,구례군,용방면,2025,"16,400.00","16,400.00","16,400.00",100.0,0.000,0.00,0.00,0.00,0.00,0.00,0.00,0.00,0.613,"16,400.00","16,400.00","16,400.00",0.00,"16,400.00",0.000,0.00,0.00,0.00,0.00,0.00,0.00,0.00,0,150,0,485,0,0,0,"16,400",100.0
전라남도,구례군,산동면,2025,"59,981.00","59,981.00","59,981.00",100.0,0.000,0.00,0.00,0.00,0.00,0.00,0.00,0.00,3.675,"54,606.00","54,606.00","54,606.00",0.00,"54,606.00",29.300,"5,375.00","5,375.00","5,375.00",0.00,"5,375.00",0.00,0.00,0,625,0,"1,119",0,0,60,"29,441",49.1
전라남도,고흥군,소계,,"613,319.00","613,319.00","613,319.00",100.0,0.000,0.00,0.00,0.00,0.00,0.00,0.00,0.00,21.703,"601,997.00","601,997.00","601,997.00",0.00,"601,997.00",0.390,"11,322.00","11,322.00","11,322.00",0.00,"11,322.00",0.00,0.00,0,"2,415",166,"20,104",0,12,1,0,0.0
전라남도,고흥군,고흥읍,2021,"129,582.00","129,582.00","129,582.00",100.0,0.000,0.00,0.00,0.00,0.00,0.00,0.00,0.00,4.260,"126,458.00","126,458.00","126,458.00",0.00,"126,458.00",0.100,"3,124.00","3,124.00","3,124.00",0.00,"3,124.00",0.00,0.00,0,913,95,"4,979",0,0,1,0,0.0
전라남도,고흥군,도양읍,2021,"79,876.00","79,876.00","79,876.00",100.0,0.000,0.00,0.00,0.00,0.00,0.00,0.00,0.00,2.042,"77,826.00","77,826.00","77,826.00",0.00,"77,826.00",0.100,"2,050.00","2,050.00","2,050.00",0.00,"2,050.00",0.00,0.00,0,397,71,"4,044",0,0,0,0,0.0
전라남도,고흥군,풍양면,2021,"36,050.00","36,050.00","36,050.00",100.0,0.000,0.00,0.00,0.00,0.00,0.00,0.00,0.00,1.260,"34,827.00","34,827.00","34,827.00",0.00,"34,827.00",0.000,"1,223.00","1,223.00","1,223.00",0.00,"1,223.00",0.00,0.00,0,0,0,"1,535",0,4,0,0,0.0
전라남도,고흥군,도덕면,2021,"13,000.00","13,000.00","13,000.00",100.0,0.000,0.00,0.00,0.00,0.00,0.00,0.00,0.00,0.836,"13,000.00","13,000.00","13,000.00",0.00,"13,000.00",0.000,0.00,0.00,0.00,0.00,0.00,0.00,0.00,0,0,0,482,0,0,0,0,0.0
전라남도,고흥군,금산면,2021,"101,306.00","101,306.00","101,306.00",100.0,0.000,0.00,0.00,0.00,0.00,0.00,0.00,0.00,2.890,"100,400.00","100,400.00","100,400.00",0.00,"100,400.00",0.030,906.00,906.00,906.00,0.00,906.00,0.00,0.00,0,0,0,"1,465",0,0,0,0,0.0
전라남도,고흥군,도화면,2021,"32,841.00","32,841.00","32,841.00",100.0,0.000,0.00,0.00,0.00,0.00,0.00,0.00,0.00,1.517,"30,420.00","30,420.00","30,420.00",0.00,"30,420.00",0.100,"2,421.00","2,421.00","2,421.00",0.00,"2,421.00",0.00,0.00,0,0,0,"1,666",0,0,0,0,0.0
전라남도,고흥군,포두면,2021,"54,468.00","54,468.00","54,468.00",100.0,0.000,0.00,0.00,0.00,0.00,0.00,0.00,0.00,1.565,"52,870.00","52,870.00","52,870.00",0.00,"52,870.00",0.060,"1,598.00","1,598.00","1,598.00",0.00,"1,598.00",0.00,0.00,0,599,0,"1,508",0,5,0,0,0.0
전라남도,고흥군,봉래면,2021,"14,445.00","14,445.00","14,445.00",100.0,0.000,0.00,0.00,0.00,0.00,0.00,0.00,0.00,0.600,"14,445.00","14,445.00","14,445.00",0.00,"14,445.00",0.000,0.00,0.00,0.00,0.00,0.00,0.00,0.00,0,0,0,643,0,0,0,0,0.0
전라남도,고흥군,점암면,2021,"9,000.00","9,000.00","9,000.00",100.0,0.000,0.00,0.00,0.00,0.00,0.00,0.00,0.00,0.300,"9,000.00","9,000.00","9,000.00",0.00,"9,000.00",0.000,0.00,0.00,0.00,0.00,0.00,0.00,0.00,0,0,0,220,0,0,0,0,0.0
전라남도,고흥군,과역면,2021,"51,834.00","51,834.00","51,834.00",100.0,0.000,0.00,0.00,0.00,0.00,0.00,0.00,0.00,1.106,"51,834.00","51,834.00","51,834.00",0.00,"51,834.00",0.000,0.00,0.00,0.00,0.00,0.00,0.00,0.00,0,58,0,"1,124",0,3,0,0,0.0
전라남도,고흥군,남양면,2021,"5,114.00","5,114.00","5,114.00",100.0,0.000,0.00,0.00,0.00,0.00,0.00,0.00,0.00,0.277,"5,114.00","5,114.00","5,114.00",0.00,"5,114.00",0.000,0.00,0.00,0.00,0.00,0.00,0.00,0.00,0,158,0,107,0,0,0,0,0.0
전라남도,고흥군,동강면,2021,"29,810.00","29,810.00","29,810.00",100.0,0.000,0.00,0.00,0.00,0.00,0.00,0.00,0.00,1.650,"29,810.00","29,810.00","29,810.00",0.00,"29,810.00",0.000,0.00,0.00,0.00,0.00,0.00,0.00,0.00,0,0,0,894,0,0,0,0,0.0
전라남도,고흥군,대서면,2021,"11,554.00","11,554.00","11,554.00",100.0,0.000,0.00,0.00,0.00,0.00,0.00,0.00,0.00,0.670,"11,554.00","11,554.00","11,554.00",0.00,"11,554.00",0.000,0.00,0.00,0.00,0.00,0.00,0.00,0.00,0,95,0,446,0,0,0,0,0.0
전라남도,고흥군,두원면,2021,"20,436.00","20,436.00","20,436.00",100.0,0.000,0.00,0.00,0.00,0.00,0.00,0.00,0.00,1.530,"20,436.00","20,436.00","20,436.00",0.00,"20,436.00",0.000,0.00,0.00,0.00,0.00,0.00,0.00,0.00,0,195,0,452,0,0,0,0,0.0
전라남도,고흥군,영남면,2021,"8,568.00","8,568.00","8,568.00",100.0,0.000,0.00,0.00,0.00,0.00,0.00,0.00,0.00,0.580,"8,568.00","8,568.00","8,568.00",0.00,"8,568.00",0.000,0.00,0.00,0.00,0.00,0.00,0.00,0.00,0,0,0,359,0,0,0,0,0.0
전라남도,고흥군,동일면,2021,"15,435.00","15,435.00","15,435.00",100.0,0.000,0.00,0.00,0.00,0.00,0.00,0.00,0.00,0.620,"15,435.00","15,435.00","15,435.00",0.00,"15,435.00",0.000,0.00,0.00,0.00,0.00,0.00,0.00,0.00,0,0,0,180,0,0,0,0,0.0
전라남도,보성군,소계,,"615,104.00","622,856.00","381,207.00",61.2,0.000,0.00,0.00,0.00,0.00,0.00,0.00,0.00,15.970,"291,963.00","299,715.00","246,802.00",0.00,"246,802.00",0.000,"323,141.00","323,141.00","134,405.00","8,676.00","63,439.00","16,004.00","46,286.00",0,"4,512","1,867","16,853","1,529",0,0,"365,683",95.9
전라남도,보성군,보성읍,2035,"100,647.00","101,192.00","85,126.00",84.1,0.000,0.00,0.00,0.00,0.00,0.00,0.00,0.00,5.530,"29,269.00","29,814.00","29,814.00",0.00,"29,814.00",0.000,"71,378.00","71,378.00","55,312.00","2,611.00","25,600.00","12,296.00","14,805.00",0,"1,217",732,"5,600",483,0,0,"82,270",96.6
전라남도,보성군,벌교읍,2035,"83,724.00","86,849.00","71,537.00",82.4,0.000,0.00,0.00,0.00,0.00,0.00,0.00,0.00,3.340,"25,583.00","28,708.00","28,708.00",0.00,"28,708.00",0.000,"58,141.00","58,141.00","42,829.00","4,555.00","21,017.00",953.00,"16,304.00",0,"1,286",619,"4,690",192,0,0,"65,812",92.0
전라남도,보성군,노동면,2035,"33,169.00","33,169.00","14,616.00",44.1,0.000,0.00,0.00,0.00,0.00,0.00,0.00,0.00,0.310,"18,200.00","18,200.00","14,386.00",0.00,"14,386.00",0.000,"14,969.00","14,969.00",230.00,0.00,230.00,0.00,0.00,0,129,5,253,34,0,0,"13,416",91.8
전라남도,보성군,미력면,2035,"23,395.00","23,395.00","10,120.00",43.3,0.000,0.00,0.00,0.00,0.00,0.00,0.00,0.00,0.420,"10,810.00","10,810.00","9,572.00",0.00,"9,572.00",0.000,"12,585.00","12,585.00",548.00,0.00,548.00,0.00,0.00,0,92,14,276,31,0,0,"10,119",100.0
전라남도,보성군,겸백면,2035,"28,932.00","28,932.00","10,725.00",37.1,0.000,0.00,0.00,0.00,0.00,0.00,0.00,0.00,0.330,"15,150.00","15,150.00","10,605.00",0.00,"10,605.00",0.000,"13,782.00","13,782.00",120.00,0.00,120.00,0.00,0.00,0,28,4,155,33,0,0,"10,725",100.0
전라남도,보성군,율어면,2035,"30,638.00","30,638.00","12,230.00",39.9,0.000,0.00,0.00,0.00,0.00,0.00,0.00,0.00,0.280,"16,702.00","16,702.00","12,112.00",0.00,"12,112.00",0.000,"13,936.00","13,936.00",118.00,0.00,118.00,0.00,0.00,0,82,12,242,38,0,0,"15,250",124.7
전라남도,보성군,복내면,2035,"33,249.00","33,249.00","21,387.00",64.3,0.000,0.00,0.00,0.00,0.00,0.00,0.00,0.00,0.700,"23,449.00","23,449.00","16,205.00",0.00,"16,205.00",0.000,"9,800.00","9,800.00","5,182.00",0.00,"4,841.00",0.00,341.00,0,113,17,880,66,0,0,"21,387",100.0
전라남도,보성군,문덕면,2035,"19,173.00","19,173.00","12,670.00",66.1,0.000,0.00,0.00,0.00,0.00,0.00,0.00,0.00,0.370,"13,200.00","13,200.00","10,401.00",0.00,"10,401.00",0.000,"5,973.00","5,973.00","2,269.00",35.00,856.00,0.00,"1,378.00",0,118,12,453,39,0,0,"12,670",100.0
전라남도,보성군,조성면,2035,"86,838.00","86,838.00","39,242.00",45.2,0.000,0.00,0.00,0.00,0.00,0.00,0.00,0.00,1.270,"47,761.00","47,761.00","29,812.00",0.00,"29,812.00",0.000,"39,077.00","39,077.00","9,430.00",194.00,"3,080.00","2,114.00","4,042.00",0,72,12,"1,145",121,0,0,"39,242",100.0
전라남도,보성군,득량면,2035,"122,607.00","122,607.00","67,211.00",54.8,0.000,0.00,0.00,0.00,0.00,0.00,0.00,0.00,1.480,"67,433.00","67,433.00","56,699.00",0.00,"56,699.00",0.000,"55,174.00","55,174.00","10,512.00",768.00,"2,060.00",641.00,"7,043.00",0,371,55,"1,848",200,0,0,"64,980",96.7
전라남도,보성군,회천면,2035,"27,802.00","28,177.00","19,646.00",69.7,0.000,0.00,0.00,0.00,0.00,0.00,0.00,0.00,1.170,"11,976.00","12,351.00","12,351.00",0.00,"12,351.00",0.000,"15,826.00","15,826.00","7,295.00",513.00,"4,409.00",0.00,"2,373.00",0,531,323,810,241,0,0,"13,115",66.8
전라남도,보성군,웅치면,2035,"24,930.00","28,637.00","16,697.00",58.3,0.000,0.00,0.00,0.00,0.00,0.00,0.00,0.00,0.770,"12,430.00","16,137.00","16,137.00",0.00,"16,137.00",0.000,"12,500.00","12,500.00",560.00,0.00,560.00,0.00,0.00,0,473,62,501,51,0,0,"16,697",100.0
전라남도,화순군,소계,,"362,857.00","614,374.38","533,396.34",86.8,5.800,"38,518.00","65,688.11","43,089.41",81.40,"41,529.41",0.00,"1,478.60",9.500,"182,965.00","297,073.38","243,539.72",0.00,"243,539.72",0.000,"141,374.00","251,612.89","246,767.21","18,745.84","127,079.22","1,973.30","98,968.85",806,"5,530","2,672","27,646","2,476",7,0,"531,257",99.6
전라남도,화순군,화순읍,2035,"323,930.00","323,930.00","244,301.35",75.4,3.200,"35,613.00","35,613.00","14,319.20",81.40,"12,759.20",0.00,"1,478.60",9.500,"160,236.00","160,236.00","106,746.83",0.00,"106,746.83",0.000,"128,081.00","128,081.00","123,235.32","10,404.44","89,182.88",628.30,"23,019.70",256,"2,455","1,953","25,110","1,716",7,0,"244,301",100.0
전라남도,화순군,한천면,2035,0.00,"17,435.49","17,435.49",100.0,0.000,0.00,0.00,0.00,0.00,0.00,0.00,0.00,0.000,0.00,"9,869.99","9,869.99",0.00,"9,869.99",0.000,0.00,"7,565.50","7,565.50",223.10,"1,689.00",17.40,"5,636.00",0,282,37,245,46,0,0,"17,435",100.0
전라남도,화순군,춘양면,2035,0.00,0.00,0.00,0.0,0.000,0.00,0.00,0.00,0.00,0.00,0.00,0.00,0.000,0.00,0.00,0.00,0.00,0.00,0.000,0.00,0.00,0.00,0.00,0.00,0.00,0.00,0,0,0,0,0,0,0,0,0.0
전라남도,화순군,청풍면,2035,0.00,0.00,0.00,0.0,0.000,0.00,0.00,0.00,0.00,0.00,0.00,0.00,0.000,0.00,0.00,0.00,0.00,0.00,0.000,0.00,0.00,0.00,0.00,0.00,0.00,0.00,0,0,0,0,0,0,0,0,0.0
전라남도,화순군,이양면,2035,0.00,0.00,0.00,0.0,0.000,0.00,0.00,0.00,0.00,0.00,0.00,0.00,0.000,0.00,0.00,0.00,0.00,0.00,0.000,0.00,0.00,0.00,0.00,0.00,0.00,0.00,0,0,0,0,0,0,0,0,0.0
전라남도,화순군,능주면,2035,0.00,"74,585.21","74,585.21",100.0,0.000,0.00,"4,969.70","4,969.70",0.00,"4,969.70",0.00,0.00,0.000,0.00,"32,633.37","32,633.37",0.00,"32,633.37",0.000,0.00,"36,982.14","36,982.14","1,847.50","10,454.74",20.30,"24,659.60",112,537,219,670,186,0,0,"74,585",100.0
전라남도,화순군,도곡면,2035,"16,827.00","61,592.90","60,288.00",97.9,1.300,"2,655.00","2,655.00","1,350.10",0.00,"1,350.10",0.00,0.00,0.000,"7,963.00","44,948.90","44,948.90",0.00,"44,948.90",0.000,"6,209.00","13,989.00","13,989.00","2,372.50","6,876.90",0.00,"4,739.60",14,"1,110",111,518,0,0,0,"58,151",96.5
전라남도,화순군,도암면,2035,0.00,0.00,0.00,0.0,0.000,0.00,0.00,0.00,0.00,0.00,0.00,0.00,0.000,0.00,0.00,0.00,0.00,0.00,0.000,0.00,0.00,0.00,0.00,0.00,0.00,0.00,0,0,0,0,0,0,0,0,0.0
전라남도,화순군,이서면,2035,0.00,0.00,0.00,0.0,0.000,0.00,0.00,0.00,0.00,0.00,0.00,0.00,0.000,0.00,0.00,0.00,0.00,0.00,0.000,0.00,0.00,0.00,0.00,0.00,0.00,0.00,0,0,0,0,0,0,0,0,0.0
전라남도,화순군,백아면,2035,0.00,"5,963.10","5,963.10",100.0,0.000,0.00,"1,531.20","1,531.20",0.00,"1,531.20",0.00,0.00,0.000,0.00,"2,017.90","2,017.90",0.00,"2,017.90",0.000,0.00,"2,414.00","2,414.00",15.50,"2,239.40",0.00,159.10,19,35,50,0,14,0,0,"5,963",100.0
전라남도,화순군,동복면,2035,"22,100.00","33,703.76","33,659.27",99.9,1.300,250.00,"1,421.41","1,421.41",0.00,"1,421.41",0.00,0.00,0.000,"14,766.00","14,766.00","14,721.51",0.00,"14,721.51",0.000,"7,084.00","17,516.35","17,516.35",811.60,"4,265.30",111.70,"12,327.75",34,291,120,523,149,0,0,"33,659",100.0
전라남도,화순군,사평면,2035,0.00,"42,509.30","42,509.30",100.0,0.000,0.00,"10,079.90","10,079.90",0.00,"10,079.90",0.00,0.00,0.000,0.00,"11,323.00","11,323.00",0.00,"11,323.00",0.000,0.00,"21,106.40","21,106.40","1,126.80","4,807.10",239.60,"14,932.90",202,309,95,0,90,0,0,"42,509",100.0
전라남도,화순군,동면,2035,0.00,"54,654.62","54,654.62",100.0,0.000,0.00,"9,417.90","9,417.90",0.00,"9,417.90",0.00,0.00,0.000,0.00,"21,278.22","21,278.22",0.00,"21,278.22",0.000,0.00,"23,958.50","23,958.50","1,944.40","7,563.90",956.00,"13,494.20",169,511,87,580,275,0,0,"54,654",100.0
전라남도,장흥군,소계,,"356,636.00","464,233.00","364,167.00",78.4,0.000,0.00,0.00,0.00,0.00,0.00,0.00,0.00,11.880,"234,324.00","271,207.00","206,489.00",0.00,"206,489.00",618.190,"122,312.00","193,026.00","157,678.00","61,512.00","56,236.00",0.00,"39,930.00","3,393","3,532",262,"7,290","7,290",0,0,"264,966",72.8
전라남도,장흥군,장흥읍,2023,"103,040.00","173,753.00","123,734.00",71.2,0.000,0.00,0.00,0.00,0.00,0.00,0.00,0.00,4.070,"83,919.00","83,919.00","33,900.00",0.00,"33,900.00",55.920,"19,121.00","89,834.00","89,834.00","42,815.00","22,319.00",0.00,"24,700.00","1,621",583,0,"2,101","2,101",0,0,"103,131",83.3
전라남도,장흥군,관산읍,2023,"76,359.00","85,028.00","56,969.00",67.0,0.000,0.00,0.00,0.00,0.00,0.00,0.00,0.00,1.640,"29,731.00","38,400.00","38,400.00",0.00,"38,400.00",71.820,"46,628.00","46,628.00","18,569.00","3,569.00","12,085.00",0.00,"2,915.00",475,230,0,563,563,0,0,"42,411",74.4
전라남도,장흥군,대덕읍,2023,"70,735.00","70,735.00","53,641.00",75.8,0.000,0.00,0.00,0.00,0.00,0.00,0.00,0.00,2.460,"44,317.00","44,317.00","31,600.00",0.00,"31,600.00",58.080,"26,418.00","26,418.00","22,041.00","9,144.00","10,426.00",0.00,"2,471.00",833,529,0,793,793,0,0,"40,671",75.8
전라남도,장흥군,용산면,2023,"11,234.00","11,567.00","9,146.00",79.1,0.000,0.00,0.00,0.00,0.00,0.00,0.00,0.00,0.370,"4,937.00","5,270.00","5,270.00",0.00,"5,270.00",72.340,"6,297.00","6,297.00","3,876.00",644.00,678.00,0.00,"2,554.00",0,80,47,216,216,0,0,"6,296",68.8
전라남도,장흥군,안양면,2023,"30,260.00","40,821.00","40,821.00",100.0,0.000,0.00,0.00,0.00,0.00,0.00,0.00,0.00,1.080,"24,140.00","34,700.00","34,700.00",0.00,"34,700.00",51.160,"6,120.00","6,121.00","6,121.00",557.00,"2,165.00",0.00,"3,399.00",0,332,103,"1,278","1,278",0,0,"14,307",35.0
전라남도,장흥군,장동면,2023,"4,380.00","4,380.00","4,367.00",99.7,0.000,0.00,0.00,0.00,0.00,0.00,0.00,0.00,0.180,"4,380.00","4,380.00","4,367.00",0.00,"4,367.00",44.840,0.00,0.00,0.00,0.00,0.00,0.00,0.00,0,125,0,167,167,0,0,"4,367",100.0
전라남도,장흥군,장평면,2023,"6,837.00","6,837.00","4,868.00",71.2,0.000,0.00,0.00,0.00,0.00,0.00,0.00,0.00,0.040,"6,837.00","6,837.00","4,868.00",0.00,"4,868.00",77.860,0.00,0.00,0.00,0.00,0.00,0.00,0.00,0,212,0,274,274,0,0,"4,868",100.0
전라남도,장흥군,유치면,2023,"16,576.00","24,513.00","24,513.00",100.0,0.000,0.00,0.00,0.00,0.00,0.00,0.00,0.00,1.230,"11,063.00","19,000.00","19,000.00",0.00,"19,000.00",122.170,"5,513.00","5,513.00","5,513.00",0.00,"3,621.00",0.00,"1,892.00",0,385,112,651,651,0,0,"16,576",67.6
전라남도,장흥군,부산면,2023,"7,089.00","13,926.00","13,926.00",100.0,0.000,0.00,0.00,0.00,0.00,0.00,0.00,0.00,0.220,"7,089.00","13,926.00","13,926.00",0.00,"13,926.00",38.010,0.00,0.00,0.00,0.00,0.00,0.00,0.00,0,455,0,375,375,0,0,"13,926",100.0
전라남도,장흥군,회진면,2023,"30,126.00","32,673.00","32,182.00",98.5,0.000,0.00,0.00,0.00,0.00,0.00,0.00,0.00,0.590,"17,911.00","20,458.00","20,458.00",0.00,"20,458.00",25.990,"12,215.00","12,215.00","11,724.00","4,783.00","4,942.00",0.00,"1,999.00",464,601,0,872,872,0,0,"18,413",57.2
전라남도,강진군,소계,,"334,907.00","389,329.00","385,292.00",99.0,0.000,0.00,0.00,0.00,0.00,0.00,0.00,0.00,10.215,"196,236.00","250,658.00","247,236.00",0.00,"247,236.00",6.000,"138,671.00","138,671.00","138,056.00","37,803.00","56,957.00",777.00,"42,519.00",0,"3,819","2,624","8,446",0,0,40,"274,640",71.3
전라남도,강진군,강진읍,2021,"136,236.00","143,737.00","143,122.00",99.6,0.000,0.00,0.00,0.00,0.00,0.00,0.00,0.00,4.300,"75,524.00","83,025.00","83,025.00",0.00,"83,025.00",3.200,"60,712.00","60,712.00","60,097.00","21,551.00","31,260.00",0.00,"7,286.00",0,"1,495","1,203","3,082",0,0,16,"128,170",89.6
전라남도,강진군,군동면,2021,"18,563.00","26,599.00","26,599.00",100.0,0.000,0.00,0.00,0.00,0.00,0.00,0.00,0.00,0.501,"13,826.00","21,862.00","21,862.00",0.00,"21,862.00",0.200,"4,737.00","4,737.00","4,737.00",973.00,501.00,0.00,"3,263.00",0,245,137,613,0,0,0,"13,213",49.7
전라남도,강진군,칠량면,2021,"11,561.00","29,765.00","29,765.00",100.0,0.000,0.00,0.00,0.00,0.00,0.00,0.00,0.00,0.195,"9,276.00","27,480.00","27,480.00",0.00,"27,480.00",0.100,"2,285.00","2,285.00","2,285.00",248.00,519.00,0.00,"1,518.00",0,261,9,459,0,0,0,"8,050",27.0
전라남도,강진군,대구면,2021,"13,339.00","13,339.00","13,339.00",100.0,0.000,0.00,0.00,0.00,0.00,0.00,0.00,0.00,0.614,"4,350.00","4,350.00","4,350.00",0.00,"4,350.00",0.300,"8,989.00","8,989.00","8,989.00","1,168.00","2,527.00",129.00,"5,165.00",0,101,84,358,0,0,0,"4,692",35.2
전라남도,강진군,도암면,2021,"16,346.00","16,346.00","16,093.00",98.5,0.000,0.00,0.00,0.00,0.00,0.00,0.00,0.00,0.466,"12,110.00","12,110.00","11,857.00",0.00,"11,857.00",0.200,"4,236.00","4,236.00","4,236.00","1,272.00","1,870.00",0.00,"1,094.00",0,189,148,398,0,0,0,"10,627",66.0
전라남도,강진군,신전면,2021,"16,575.00","16,575.00","16,575.00",100.0,0.000,0.00,0.00,0.00,0.00,0.00,0.00,0.00,0.283,"10,186.00","10,186.00","10,186.00",0.00,"10,186.00",0.200,"6,389.00","6,389.00","6,389.00",941.00,"2,450.00",0.00,"2,998.00",0,151,130,402,0,0,0,"13,970",84.3
전라남도,강진군,성전면,2021,"19,643.00","40,243.00","40,243.00",100.0,0.000,0.00,0.00,0.00,0.00,0.00,0.00,0.00,0.879,"16,834.00","37,434.00","37,434.00",0.00,"37,434.00",0.100,"2,809.00","2,809.00","2,809.00",423.00,"1,047.00",152.00,"1,187.00",0,166,133,843,0,0,0,"18,283",45.4
전라남도,강진군,작천면,2021,"11,585.00","11,585.00","11,585.00",100.0,0.000,0.00,0.00,0.00,0.00,0.00,0.00,0.00,0.395,"5,216.00","5,216.00","5,216.00",0.00,"5,216.00",0.300,"6,369.00","6,369.00","6,369.00","3,829.00",588.00,8.00,"1,944.00",0,80,76,276,0,0,0,"4,783",41.3
전라남도,강진군,병영면,2021,"33,897.00","33,897.00","30,728.00",90.7,0.000,0.00,0.00,0.00,0.00,0.00,0.00,0.00,1.126,"15,981.00","15,981.00","12,812.00",0.00,"12,812.00",0.600,"17,916.00","17,916.00","17,916.00","4,353.00","7,526.00",0.00,"6,037.00",0,348,253,793,0,0,0,"19,144",62.3
전라남도,강진군,옴천면,2021,"11,539.00","11,539.00","11,539.00",100.0,0.000,0.00,0.00,0.00,0.00,0.00,0.00,0.00,0.376,"11,182.00","11,182.00","11,182.00",0.00,"11,182.00",0.000,357.00,357.00,357.00,0.00,199.00,77.00,81.00,0,219,140,366,0,0,0,"11,072",96.0
전라남도,강진군,마량면,2021,"45,623.00","45,704.00","45,704.00",100.0,0.000,0.00,0.00,0.00,0.00,0.00,0.00,0.00,1.080,"21,751.00","21,832.00","21,832.00",0.00,"21,832.00",0.800,"23,872.00","23,872.00","23,872.00","3,045.00","8,470.00",411.00,"11,946.00",0,564,311,856,0,0,24,"42,636",93.3
전라남도,해남군,소계,,"821,428.00","881,759.39","529,788.63",60.1,0.000,0.00,0.00,0.00,0.00,0.00,0.00,0.00,41.290,"591,696.00","591,696.00","293,370.10",0.00,"293,370.10",4.300,"229,732.00","290,063.39","236,418.53","11,241.00","62,820.40","160,666.13","1,691.00",0,"5,485",98,"11,737",0,0,0,"253,672",47.9
전라남도,해남군,해남읍,2025,"201,857.00","232,292.75","179,304.75",77.2,0.000,0.00,0.00,0.00,0.00,0.00,0.00,0.00,8.870,"136,888.00","136,888.00","83,900.00",0.00,"83,900.00",1.000,"64,969.00","95,404.75","95,404.75","4,260.00","28,668.00","62,476.75",0.00,0,"1,562",52,"4,757",0,0,0,"164,109",91.5
전라남도,해남군,삼산면,2025,"39,359.00","46,652.82","34,021.02",72.9,0.000,0.00,0.00,0.00,0.00,0.00,0.00,0.00,7.360,"33,559.00","33,559.00","20,927.20",0.00,"20,927.20",0.200,"5,800.00","13,093.82","13,093.82",775.00,"3,469.00","8,849.82",0.00,0,536,0,558,0,0,0,0,0.0
전라남도,해남군,화산면,2025,"69,166.00","69,166.00","29,212.00",42.2,0.000,0.00,0.00,0.00,0.00,0.00,0.00,0.00,0.750,"47,566.00","47,566.00","29,212.00",0.00,"29,212.00",0.200,"21,600.00","21,600.00",0.00,0.00,0.00,0.00,0.00,0,332,0,356,0,0,0,0,0.0
전라남도,해남군,현산면,2025,"54,543.00","54,543.00","4,236.80",7.8,0.000,0.00,0.00,0.00,0.00,0.00,0.00,0.00,0.860,"44,743.00","44,743.00","4,236.80",0.00,"4,236.80",0.200,"9,800.00","9,800.00",0.00,0.00,0.00,0.00,0.00,0,167,0,202,0,0,0,"4,236",100.0
전라남도,해남군,송지면,2025,"50,534.00","55,028.81","39,640.01",72.0,0.000,0.00,0.00,0.00,0.00,0.00,0.00,0.00,6.570,"36,216.00","36,216.00","20,827.20",0.00,"20,827.20",0.200,"14,318.00","18,812.81","18,812.81","1,050.00","4,990.00","11,935.81",837.00,0,412,7,"1,302",0,0,0,"33,875",85.5
전라남도,해남군,북평면,2025,"51,992.00","57,184.97","43,120.97",75.4,0.000,0.00,0.00,0.00,0.00,0.00,0.00,0.00,1.050,"40,414.00","40,414.00","26,350.00",0.00,"26,350.00",0.200,"11,578.00","16,770.97","16,770.97",916.00,"3,498.00","12,236.97",120.00,0,383,0,943,0,0,0,0,0.0
전라남도,해남군,북일면,2025,"35,896.00","45,450.62","34,785.62",76.5,0.000,0.00,0.00,0.00,0.00,0.00,0.00,0.00,0.970,"30,965.00","30,965.00","20,300.00",0.00,"20,300.00",0.100,"4,931.00","14,485.62","14,485.62","1,218.00","1,866.00","11,401.62",0.00,0,208,0,434,0,0,0,0,0.0
전라남도,해남군,옥천면,2025,"55,936.00","55,936.00","19,386.50",34.7,0.000,0.00,0.00,0.00,0.00,0.00,0.00,0.00,1.500,"49,653.00","49,653.00","18,931.90",0.00,"18,931.90",0.200,"6,283.00","6,283.00",454.60,0.00,373.40,81.20,0.00,0,655,27,533,0,0,0,"19,386",100.0
전라남도,해남군,계곡면,2025,"35,398.00","36,310.22","9,556.22",26.3,0.000,0.00,0.00,0.00,0.00,0.00,0.00,0.00,0.900,"28,454.00","28,454.00","1,700.00",0.00,"1,700.00",0.200,"6,944.00","7,856.22","7,856.22",200.00,"2,070.00","5,586.22",0.00,0,44,0,67,0,0,0,0,0.0
전라남도,해남군,마산면,2025,"33,640.00","34,507.37","12,167.37",35.3,0.000,0.00,0.00,0.00,0.00,0.00,0.00,0.00,0.600,"25,140.00","25,140.00","2,800.00",0.00,"2,800.00",0.200,"8,500.00","9,367.37","9,367.37",105.00,"1,558.00","7,704.37",0.00,0,29,0,138,0,0,0,0,0.0
전라남도,해남군,황산면,2025,"55,233.00","56,812.83","42,427.83",74.7,0.000,0.00,0.00,0.00,0.00,0.00,0.00,0.00,1.470,"32,433.00","32,433.00","18,048.00",0.00,"18,048.00",0.200,"22,800.00","24,379.83","24,379.83","2,655.00","10,258.00","11,231.83",235.00,0,436,12,787,0,0,0,"25,078",59.1
전라남도,해남군,산이면,2025,"40,411.00","40,411.00","15,377.04",38.1,0.000,0.00,0.00,0.00,0.00,0.00,0.00,0.00,0.890,"27,975.00","27,975.00","4,974.00",0.00,"4,974.00",0.200,"12,436.00","12,436.00","10,403.04",0.00,"2,382.00","8,007.04",14.00,0,86,0,225,0,0,0,0,0.0
전라남도,해남군,문내면,2025,"57,680.00","57,680.00","37,054.43",64.2,0.000,0.00,0.00,0.00,0.00,0.00,0.00,0.00,1.450,"31,684.00","31,684.00","23,463.00",0.00,"23,463.00",0.200,"25,996.00","25,996.00","13,591.43",62.00,"2,027.00","11,207.43",295.00,0,500,0,808,0,0,0,"6,988",18.9
전라남도,해남군,화원면,2025,"39,783.00","39,783.00","29,498.07",74.1,0.000,0.00,0.00,0.00,0.00,0.00,0.00,0.00,8.050,"26,006.00","26,006.00","17,700.00",0.00,"17,700.00",1.000,"13,777.00","13,777.00","11,798.07",0.00,"1,661.00","9,947.07",190.00,0,135,0,627,0,0,0,0,0.0
전라남도,영암군,소계,,"791,856.00","864,559.00","546,300.00",63.2,40.460,"201,952.00","210,693.00","88,168.00",0.00,"35,726.00","15,784.00","36,658.00",40.460,"233,257.00","297,219.00","270,281.00",0.00,"270,281.00",603.070,"356,647.00","356,647.00","187,851.00","43,281.00","118,093.00","13,714.00","12,763.00","4,695","5,130","3,755","5,687","8,529",72,76,"455,617",83.4
전라남도,영암군,영암읍,2025,"122,488.00","127,340.00","113,816.00",89.4,4.050,200.00,"2,648.00","2,648.00",0.00,"2,648.00",0.00,0.00,4.050,"57,065.00","59,469.00","59,469.00",0.00,"59,469.00",56.700,"65,223.00","65,223.00","51,699.00","5,532.00","27,984.00","9,539.00","8,644.00","2,353","1,189","1,034","1,314","1,971",17,18,"111,117",97.6
전라남도,영암군,삼호읍,2025,"314,164.00","347,850.00","251,933.00",72.4,30.190,"19,810.00","19,810.00","5,010.00",0.00,"3,662.00","1,348.00",0.00,30.190,"87,474.00","121,160.00","121,160.00",0.00,"121,160.00",107.520,"206,880.00","206,880.00","125,763.00","37,357.00","84,702.00",756.00,"2,948.00",737,"2,301","2,515",986,"1,479",0,0,"231,914",92.1
전라남도,영암군,덕진면,2025,"16,684.00","22,330.00","19,220.00",86.1,0.310,412.00,"2,510.00","2,510.00",0.00,"2,510.00",0.00,0.00,0.310,"6,191.00","9,739.00","9,739.00",0.00,"9,739.00",6.000,"10,081.00","10,081.00","6,971.00",392.00,"3,543.00","1,865.00","1,171.00",285,195,139,280,420,6,6,"16,272",84.7
전라남도,영암군,금정면,2025,"6,033.00","13,048.00","11,460.00",87.8,0.200,"4,006.00","7,181.00","7,181.00",0.00,"2,350.00","1,881.00","2,950.00",0.200,77.00,"3,917.00","3,917.00",0.00,"3,917.00",80.200,"1,950.00","1,950.00",362.00,0.00,0.00,362.00,0.00,180,78,7,171,256,7,8,"7,884",68.8
전라남도,영암군,신북면,2025,"92,836.00","99,234.00","46,975.00",47.3,0.970,"56,155.00","56,155.00","23,936.00",0.00,"8,440.00","5,672.00","9,824.00",0.970,"15,741.00","22,139.00","22,139.00",0.00,"22,139.00",35.310,"20,940.00","20,940.00",900.00,0.00,800.00,100.00,0.00,157,409,18,"1,009","1,513",11,11,"30,957",65.9
전라남도,영암군,시종면,2025,"53,960.00","53,960.00","17,642.00",32.7,0.400,"21,822.00","21,822.00","9,312.00",0.00,"2,639.00","1,306.00","5,367.00",0.400,"22,035.00","22,035.00","8,179.00",0.00,"8,179.00",41.260,"10,103.00","10,103.00",151.00,0.00,0.00,151.00,0.00,78,164,3,364,546,4,5,"9,930",56.3
전라남도,영암군,도포면,2025,"10,460.00","10,460.00","5,482.00",52.4,0.100,"10,097.00","10,097.00","5,119.00",0.00,"3,048.00","1,109.00",962.00,0.100,193.00,193.00,193.00,0.00,193.00,27.880,170.00,170.00,170.00,0.00,0.00,170.00,0.00,41,4,3,78,117,0,0,"3,812",69.5
전라남도,영암군,군서면,2025,"74,113.00","84,840.00","38,450.00",45.3,1.630,"47,354.00","47,354.00","14,718.00",0.00,"4,663.00","1,260.00","8,795.00",1.630,"12,402.00","23,129.00","23,129.00",0.00,"23,129.00",105.890,"14,357.00","14,357.00",603.00,0.00,269.00,334.00,0.00,459,412,12,296,444,17,17,"22,995",59.8
전라남도,영암군,서호면,2025,"38,297.00","38,297.00","10,115.00",26.4,0.930,"14,367.00","14,367.00","6,323.00",0.00,"2,781.00","1,407.00","2,135.00",0.930,"12,684.00","12,684.00","3,570.00",0.00,"3,570.00",70.590,"11,246.00","11,246.00",222.00,0.00,0.00,222.00,0.00,49,3,4,362,543,10,11,"5,144",50.9
전라남도,영암군,학산면,2025,"54,408.00","57,767.00","29,290.00",50.7,1.380,"27,262.00","27,262.00","9,924.00",0.00,"1,632.00","1,667.00","6,625.00",1.380,"15,212.00","18,571.00","18,571.00",0.00,"18,571.00",20.480,"11,934.00","11,934.00",795.00,0.00,795.00,0.00,0.00,352,371,16,750,"1,125",0,0,"15,592",53.2
전라남도,영암군,미암면,2025,"8,413.00","9,433.00","1,917.00",20.3,0.300,467.00,"1,487.00","1,487.00",0.00,"1,353.00",134.00,0.00,0.300,"4,183.00","4,183.00",215.00,0.00,215.00,51.240,"3,763.00","3,763.00",215.00,0.00,0.00,215.00,0.00,4,4,4,77,115,0,0,0,0.0
전라남도,무안군,소계,,"456,699.00","506,542.00","389,007.00",76.8,0.000,0.00,0.00,0.00,0.00,0.00,0.00,0.00,10.679,"320,600.00","320,600.00","204,194.00",0.00,"204,194.00",10.679,"136,099.00","185,942.00","184,813.00","39,751.00","104,586.00",948.00,"39,528.00",0,"4,985","3,092","12,777","7,143",2,2,"125,298",32.2
전라남도,무안군,무안읍,2040,"116,429.00","116,429.00","103,439.00",88.8,0.000,0.00,0.00,0.00,0.00,0.00,0.00,0.00,2.530,"68,201.00","68,201.00","55,211.00",0.00,"55,211.00",2.530,"48,228.00","48,228.00","48,228.00","9,412.00","17,965.00",678.00,"20,173.00",0,"1,396",202,"5,743","3,925",1,1,"24,188",23.4
전라남도,무안군,일로읍,2040,"86,844.00","86,844.00","68,282.00",78.6,0.000,0.00,0.00,0.00,0.00,0.00,0.00,0.00,2.129,"57,474.00","57,474.00","39,193.00",0.00,"39,193.00",2.129,"29,370.00","29,370.00","29,089.00","12,583.00","12,542.00",0.00,"3,964.00",0,864,563,"4,431","1,015",1,1,"10,243",15.0
전라남도,무안군,삼향읍,2040,"47,287.00","97,130.00","82,109.00",84.5,0.000,0.00,0.00,0.00,0.00,0.00,0.00,0.00,0.537,"47,287.00","47,287.00","32,266.00",0.00,"32,266.00",0.537,0.00,"49,843.00","49,843.00","3,754.00","46,089.00",0.00,0.00,0,897,"1,130",600,350,0,0,"81,534",99.3
전라남도,무안군,몽탄면,2040,"37,649.00","37,649.00","27,683.00",73.5,0.000,0.00,0.00,0.00,0.00,0.00,0.00,0.00,1.093,"25,152.00","25,152.00","15,186.00",0.00,"15,186.00",1.093,"12,497.00","12,497.00","12,497.00","3,004.00","6,062.00",136.00,"3,295.00",0,349,268,511,615,0,0,0,0.0
전라남도,무안군,청계면,2040,"66,758.00","66,758.00","35,746.00",53.5,0.000,0.00,0.00,0.00,0.00,0.00,0.00,0.00,1.867,"50,680.00","50,680.00","20,360.00",0.00,"20,360.00",1.867,"16,078.00","16,078.00","15,386.00","2,039.00","7,010.00",52.00,"6,285.00",0,507,277,502,420,0,0,"7,713",21.6
전라남도,무안군,현경면,2040,"22,248.00","22,248.00","11,453.00",51.5,0.000,0.00,0.00,0.00,0.00,0.00,0.00,0.00,0.551,"17,625.00","17,625.00","6,830.00",0.00,"6,830.00",0.551,"4,623.00","4,623.00","4,623.00",180.00,"2,355.00",0.00,"2,088.00",0,214,166,100,120,0,0,0,0.0
전라남도,무안군,망운면,2040,"24,504.00","24,504.00","19,434.00",79.3,0.000,0.00,0.00,0.00,0.00,0.00,0.00,0.00,0.536,"17,114.00","17,114.00","12,044.00",0.00,"12,044.00",0.536,"7,390.00","7,390.00","7,390.00","2,018.00","5,290.00",82.00,0.00,0,184,134,60,85,0,0,0,0.0
전라남도,무안군,해제면,2040,"49,451.00","49,451.00","35,332.00",71.4,0.000,0.00,0.00,0.00,0.00,0.00,0.00,0.00,1.193,"36,514.00","36,514.00","22,551.00",0.00,"22,551.00",1.193,"12,937.00","12,937.00","12,781.00","6,754.00","5,308.00",0.00,719.00,0,558,237,533,353,0,0,"1,620",4.6
전라남도,무안군,운남면,2040,"5,529.00","5,529.00","5,529.00",100.0,0.000,0.00,0.00,0.00,0.00,0.00,0.00,0.00,0.243,553.00,553.00,553.00,0.00,553.00,0.243,"4,976.00","4,976.00","4,976.00",7.00,"1,965.00",0.00,"3,004.00",0,16,115,297,260,0,0,0,0.0
전라남도,함평군,소계,,"484,194.00","719,784.00","673,571.00",93.6,0.000,"25,812.00","26,933.00","18,686.00","6,983.00","1,557.00","6,259.00","3,887.00",7.530,"336,788.00","505,577.00","492,712.00","449,452.00","43,260.00",2.500,"121,594.00","187,274.00","162,173.00","114,271.00","30,352.00","6,474.00","11,076.00",241,"3,430","3,266","3,267","3,568",10,5,"531,898",79.0
전라남도,함평군,함평읍,2025,"143,540.00","276,977.00","272,293.00",98.3,0.000,"17,225.00","17,225.00","12,541.00","5,310.00",827.00,"3,710.00","2,694.00",2.760,"88,420.00","169,370.00","169,370.00","138,053.00","31,317.00",0.300,"37,895.00","90,382.00","90,382.00","59,061.00","27,083.00","1,398.00","2,840.00",171,948,758,579,626,3,5,"156,094",57.3
전라남도,함평군,손불면,2025,"25,415.00","74,537.00","74,537.00",100.0,0.000,0.00,121.00,121.00,0.00,8.00,51.00,62.00,0.200,"23,794.00","63,693.00","63,693.00","63,693.00",0.00,0.100,"1,621.00","10,723.00","10,723.00","10,723.00",0.00,0.00,0.00,0,157,180,200,231,0,0,"74,424",99.8
전라남도,함평군,신광면,2025,"10,984.00","16,192.00","16,192.00",100.0,0.000,0.00,229.00,229.00,31.00,0.00,198.00,0.00,0.500,"9,934.00","14,100.00","14,100.00","13,808.00",292.00,0.300,"1,050.00","1,863.00","1,863.00","1,701.00",45.00,71.00,46.00,0,155,171,110,121,0,0,"15,877",98.1
전라남도,함평군,학교면,2025,"93,579.00","99,642.00","90,804.00",91.1,0.000,"8,587.00","8,587.00","5,024.00","1,231.00",722.00,"2,017.00","1,054.00",1.060,"60,131.00","66,194.00","66,194.00","60,164.00","6,030.00",0.500,"24,861.00","24,861.00","19,586.00","15,264.00",844.00,"1,662.00","1,816.00",70,411,440,462,517,6,0,"84,255",92.8
전라남도,함평군,엄다면,2025,"23,141.00","39,909.00","39,909.00",100.0,0.000,0.00,235.00,235.00,196.00,0.00,39.00,0.00,0.600,"14,592.00","30,813.00","30,813.00","30,813.00",0.00,0.100,"8,549.00","8,861.00","8,861.00","7,493.00",0.00,461.00,907.00,0,253,285,250,280,1,0,"38,502",96.5
전라남도,함평군,대동면,2025,"31,865.00","34,831.00","32,157.00",92.3,0.000,0.00,0.00,0.00,0.00,0.00,0.00,0.00,0.400,"28,331.00","28,331.00","25,657.00","25,383.00",274.00,0.200,"3,534.00","6,500.00","6,500.00","5,584.00",106.00,560.00,250.00,0,271,286,372,392,0,0,"31,347",97.5
전라남도,함평군,나산면,2025,"53,754.00","53,754.00","45,511.00",84.7,0.000,0.00,0.00,0.00,0.00,0.00,0.00,0.00,0.850,"40,245.00","40,245.00","40,245.00","34,898.00","5,347.00",0.300,"13,509.00","13,509.00","5,266.00","1,761.00","1,196.00",732.00,"1,577.00",0,801,650,521,570,0,0,"34,782",76.4
전라남도,함평군,해보면,2025,"64,499.00","64,729.00","47,025.00",72.6,0.000,0.00,230.00,230.00,153.00,0.00,0.00,77.00,0.660,"45,149.00","45,149.00","34,958.00","34,958.00",0.00,0.400,"19,350.00","19,350.00","11,837.00","8,668.00",539.00,810.00,"1,820.00",0,300,342,512,533,0,0,"44,318",94.2
전라남도,함평군,월야면,2025,"37,417.00","59,213.00","55,143.00",93.1,0.000,0.00,306.00,306.00,62.00,0.00,244.00,0.00,0.500,"26,192.00","47,682.00","47,682.00","47,682.00",0.00,0.300,"11,225.00","11,225.00","7,155.00","4,016.00",539.00,780.00,"1,820.00",0,134,154,261,298,0,0,"52,299",94.8
전라남도,영광군,소계,,"477,781.30","523,204.30","369,363.20",70.6,5.730,"102,976.00","102,976.00","11,921.60","8,966.30",688.10,"1,529.20",738.00,12.000,"281,402.40","324,718.40","262,939.50",0.00,"262,939.50",11.200,"93,402.90","95,509.90","94,502.10",9.20,"71,233.00",750.20,"22,509.70","2,353","5,031",950,"21,521",902,3,204,"313,075",84.8
전라남도,영광군,영광읍,2030,"239,168.90","239,549.90","138,817.70",57.9,4.500,"80,636.00","80,636.00","5,419.80","5,419.80",0.00,0.00,0.00,0.080,"113,538.30","113,538.30","88,022.30",0.00,"88,022.30",0.100,"44,994.60","45,375.60","45,375.60",0.00,"42,259.10",80.60,"3,035.90","2,353",250,456,"9,719",122,3,46,"108,909",78.5
전라남도,영광군,백수읍,2030,"24,785.80","44,856.80","43,856.80",97.8,0.000,0.00,0.00,0.00,0.00,0.00,0.00,0.00,3.230,"22,015.00","42,086.00","42,086.00",0.00,"42,086.00",3.200,"2,770.80","2,770.80","1,770.80",0.00,"1,770.80",0.00,0.00,0,"1,082",18,"1,648",0,0,59,"42,950",97.9
전라남도,영광군,홍농읍,2030,"71,858.30","71,858.30","40,701.00",56.6,0.480,"8,630.00","8,630.00","2,014.70","2,014.70",0.00,0.00,0.00,1.500,"46,134.00","46,134.00","21,592.00",0.00,"21,592.00",1.200,"17,094.30","17,094.30","17,094.30",0.00,"8,127.10",0.00,"8,967.20",0,664,171,"2,366",359,0,26,"40,701",100.0
전라남도,영광군,대마면,2030,"8,555.20","8,555.20","7,244.60",84.7,0.000,0.00,0.00,0.00,0.00,0.00,0.00,0.00,0.060,"7,460.00","7,460.00","6,149.40",0.00,"6,149.40",0.100,"1,095.20","1,095.20","1,095.20",0.00,347.80,139.90,607.50,0,162,11,234,24,0,0,"2,011",27.8
전라남도,영광군,묘량면,2030,"10,465.90","10,465.90","8,101.40",77.4,0.000,0.00,0.00,0.00,0.00,0.00,0.00,0.00,0.370,"9,754.00","9,754.00","7,389.50",0.00,"7,389.50",0.100,711.90,711.90,711.90,0.00,0.00,0.00,711.90,0,310,8,286,29,0,0,"1,771",21.9
전라남도,영광군,불갑면,2030,"6,530.10","6,746.10","6,623.30",98.2,0.000,0.00,0.00,0.00,0.00,0.00,0.00,0.00,0.150,"6,014.00","6,014.00","5,891.20",0.00,"5,891.20",0.200,516.10,732.10,732.10,0.00,732.10,0.00,0.00,0,174,6,233,0,0,0,"2,971",44.9
전라남도,영광군,군서면,2030,"14,550.00","16,281.00","16,280.70",100.0,0.060,"1,161.00","1,161.00","1,160.70",0.00,536.30,624.40,0.00,0.860,"13,086.00","14,817.00","14,817.00",0.00,"14,817.00",0.300,303.00,303.00,303.00,0.00,303.00,0.00,0.00,0,401,4,458,0,0,0,"6,928",42.6
전라남도,영광군,군남면,2030,"13,776.90","15,286.90","13,068.90",85.5,0.000,0.00,0.00,0.00,0.00,0.00,0.00,0.00,0.570,"12,758.00","12,758.00","10,540.00",0.00,"10,540.00",0.700,"1,018.90","2,528.90","2,528.90",0.00,"2,396.00",132.90,0.00,0,118,26,264,0,0,0,"13,068",100.0
전라남도,영광군,염산면,2030,"16,399.10","37,913.10","37,912.90",100.0,0.010,273.00,273.00,272.80,0.00,5.40,267.40,0.00,2.790,"12,723.00","34,237.00","34,237.00",0.00,"34,237.00",2.600,"3,403.10","3,403.10","3,403.10",9.20,"2,997.10",396.80,0.00,0,808,35,"1,625",0,0,37,"37,011",97.6
전라남도,영광군,법성면,2030,"63,154.10","63,154.10","48,219.00",76.4,0.640,"11,548.00","11,548.00","2,325.70","1,441.30",146.40,0.00,738.00,1.900,"30,111.10","30,111.10","24,406.10",0.00,"24,406.10",2.200,"21,495.00","21,495.00","21,487.20",0.00,"12,300.00",0.00,"9,187.20",0,901,215,"4,300",368,0,36,"48,219",100.0
전라남도,영광군,낙월면,2030,"8,537.00","8,537.00","8,536.90",100.0,0.040,728.00,728.00,727.90,90.50,0.00,637.40,0.00,0.490,"7,809.00","7,809.00","7,809.00",0.00,"7,809.00",0.500,0.00,0.00,0.00,0.00,0.00,0.00,0.00,0,161,0,388,0,0,0,"8,536",100.0
전라남도,장성군,소계,,"291,214.00","504,669.00","448,503.00",88.9,0.000,0.00,"31,048.00","31,048.00","1,001.00","20,131.00",0.00,"9,916.00",21.240,"291,214.00","295,649.00","239,483.00",0.00,"239,483.00",0.000,0.00,"177,972.00","177,972.00","15,971.00","74,424.00","2,725.00","84,852.00",833,"5,092","3,885","9,747","23,240",6,89,"176,606",39.4
전라남도,장성군,장성읍,2030,"82,439.00","193,315.00","193,315.00",100.0,0.000,0.00,"18,599.00","18,599.00",642.00,"14,789.00",0.00,"3,168.00",6.010,"82,439.00","85,278.00","85,278.00",0.00,"85,278.00",0.000,0.00,"89,438.00","89,438.00","8,623.00","45,182.00","1,556.00","34,077.00",410,"1,785","1,928","3,897","11,427",6,42,"123,889",64.1
전라남도,장성군,진원면,2030,"15,820.00","20,421.00","11,503.00",56.3,0.000,0.00,0.00,0.00,0.00,0.00,0.00,0.00,0.830,"15,820.00","15,820.00","6,902.00",0.00,"6,902.00",0.000,0.00,"4,601.00","4,601.00",342.00,826.00,0.00,"3,433.00",0,157,102,276,780,0,0,0,0.0
전라남도,장성군,남면,2030,"23,163.00","28,677.00","10,876.00",37.9,0.000,0.00,514.00,514.00,134.00,123.00,0.00,257.00,1.450,"23,163.00","23,163.00","5,362.00",0.00,"5,362.00",0.000,0.00,"5,000.00","5,000.00",558.00,"2,193.00",0.00,"2,249.00",124,119,106,304,846,0,0,0,0.0
전라남도,장성군,동화면,2030,"9,482.00","13,580.00","9,607.00",70.7,0.000,0.00,0.00,0.00,0.00,0.00,0.00,0.00,0.770,"9,482.00","9,482.00","5,509.00",0.00,"5,509.00",0.000,0.00,"4,098.00","4,098.00",72.00,"2,274.00",0.00,"1,752.00",0,122,91,312,"1,009",0,0,0,0.0
전라남도,장성군,삼서면,2030,"7,691.00","9,848.00","3,810.00",38.7,0.000,0.00,0.00,0.00,0.00,0.00,0.00,0.00,0.590,"7,691.00","7,691.00","1,653.00",0.00,"1,653.00",0.000,0.00,"2,157.00","2,157.00",0.00,680.00,0.00,"1,477.00",0,37,48,152,315,0,0,0,0.0
전라남도,장성군,삼계면,2030,"34,398.00","52,384.00","51,595.00",98.5,0.000,0.00,166.00,166.00,0.00,23.00,0.00,143.00,2.630,"34,398.00","34,398.00","33,609.00",0.00,"33,609.00",0.000,0.00,"17,820.00","17,820.00","1,981.00","7,336.00",0.00,"8,503.00",38,683,396,"1,275","1,827",0,16,0,0.0
전라남도,장성군,황룡면,2030,"42,221.00","85,578.00","85,578.00",100.0,0.000,0.00,"6,453.00","6,453.00",0.00,"5,099.00",0.00,"1,354.00",3.200,"42,221.00","42,221.00","42,221.00",0.00,"42,221.00",0.000,0.00,"36,904.00","36,904.00","2,415.00","10,496.00",330.00,"23,663.00",143,930,820,"1,295","3,885",0,22,"52,717",61.6
전라남도,장성군,서삼면,2030,"24,791.00","31,804.00","20,911.00",65.7,0.000,0.00,"5,316.00","5,316.00",225.00,97.00,0.00,"4,994.00",2.260,"24,791.00","24,791.00","13,898.00",0.00,"13,898.00",0.000,0.00,"1,697.00","1,697.00",363.00,595.00,0.00,739.00,118,341,38,489,"1,137",0,9,0,0.0
전라남도,장성군,북일면,2030,"8,668.00","10,220.00","8,935.00",87.4,0.000,0.00,0.00,0.00,0.00,0.00,0.00,0.00,0.380,"8,668.00","8,668.00","7,383.00",0.00,"7,383.00",0.000,0.00,"1,552.00","1,552.00","1,214.00",63.00,0.00,275.00,0,156,30,193,193,0,0,0,0.0
전라남도,장성군,북이면,2030,"22,991.00","32,823.00","32,823.00",100.0,0.000,0.00,0.00,0.00,0.00,0.00,0.00,0.00,1.650,"22,991.00","24,587.00","24,587.00",0.00,"24,587.00",0.000,0.00,"8,236.00","8,236.00",14.00,"3,579.00",228.00,"4,415.00",0,510,183,740,681,0,0,0,0.0
전라남도,장성군,북하면,2030,"19,550.00","26,019.00","19,550.00",75.1,0.000,0.00,0.00,0.00,0.00,0.00,0.00,0.00,1.470,"19,550.00","19,550.00","13,081.00",0.00,"13,081.00",0.000,0.00,"6,469.00","6,469.00",389.00,"1,200.00",611.00,"4,269.00",0,252,143,814,"1,140",0,0,0,0.0
전라남도,완도군,소계,,"297,259.00","427,712.80","320,508.50",74.9,0.090,0.00,"6,428.00","6,428.00",0.00,"6,428.00",0.00,0.00,7.840,"293,325.00","318,716.30","211,512.00",0.00,"211,512.00",3.890,"3,934.00","102,568.50","102,568.50","18,618.80","83,949.70",0.00,0.00,0,"3,913",750,"10,775",0,0,186,0,0.0
전라남도,완도군,완도읍,2035,"85,776.00","158,585.00","147,097.20",92.8,0.000,0.00,"6,428.00","6,428.00",0.00,"6,428.00",0.00,0.00,1.010,"85,546.00","85,546.00","74,058.20",0.00,"74,058.20",0.700,230.00,"66,611.00","66,611.00","13,558.10","53,052.90",0.00,0.00,0,"1,083",356,"3,911",0,0,59,0,0.0
전라남도,완도군,금일읍,2035,"19,794.00","38,824.90","38,824.90",100.0,0.090,0.00,0.00,0.00,0.00,0.00,0.00,0.00,1.280,"18,434.00","28,597.00","28,597.00",0.00,"28,597.00",0.700,"1,360.00","10,227.90","10,227.90","1,002.80","9,225.10",0.00,0.00,0,856,110,"2,005",0,0,29,0,0.0
전라남도,완도군,노화읍,2035,"31,875.00","41,078.90","32,996.70",80.3,0.000,0.00,0.00,0.00,0.00,0.00,0.00,0.00,1.920,"30,597.00","30,597.00","22,514.80",0.00,"22,514.80",0.900,"1,278.00","10,481.90","10,481.90","1,003.40","9,478.50",0.00,0.00,0,556,159,"1,270",0,0,46,0,0.0
전라남도,완도군,군외면,2035,"16,644.00","23,495.70","22,476.60",95.7,0.000,0.00,0.00,0.00,0.00,0.00,0.00,0.00,0.570,"16,333.00","16,333.00","15,313.90",0.00,"15,313.90",0.500,311.00,"7,162.70","7,162.70",699.30,"6,463.40",0.00,0.00,0,312,59,526,0,0,17,0,0.0
전라남도,완도군,신지면,2035,"79,194.00","84,187.10","27,768.30",33.0,0.000,0.00,0.00,0.00,0.00,0.00,0.00,0.00,1.030,"78,944.00","78,944.00","22,525.20",0.00,"22,525.20",0.400,250.00,"5,243.10","5,243.10","1,856.20","3,386.90",0.00,0.00,0,382,16,"1,380",0,0,15,0,0.0
전라남도,완도군,고금면,2035,"23,089.00","23,089.00","11,401.10",49.4,0.000,0.00,0.00,0.00,0.00,0.00,0.00,0.00,0.700,"23,089.00","23,089.00","11,401.10",0.00,"11,401.10",0.000,0.00,0.00,0.00,0.00,0.00,0.00,0.00,0,225,3,404,0,0,0,0,0.0
전라남도,완도군,약산면,2035,"3,775.00","17,343.20","17,343.20",100.0,0.000,0.00,0.00,0.00,0.00,0.00,0.00,0.00,0.420,"3,500.00","16,060.40","16,060.40",0.00,"16,060.40",0.400,275.00,"1,282.80","1,282.80",51.80,"1,231.00",0.00,0.00,0,146,25,363,0,0,9,0,0.0
전라남도,완도군,청산면,2035,0.00,0.00,0.00,0.0,0.000,0.00,0.00,0.00,0.00,0.00,0.00,0.00,0.000,0.00,0.00,0.00,0.00,0.00,0.000,0.00,0.00,0.00,0.00,0.00,0.00,0.00,0,0,0,0,0,0,0,0,0.0
전라남도,완도군,소안면,2035,"3,764.00","4,998.30","4,998.30",100.0,0.000,0.00,0.00,0.00,0.00,0.00,0.00,0.00,0.220,"3,724.00","4,064.70","4,064.70",0.00,"4,064.70",0.050,40.00,933.60,933.60,0.00,933.60,0.00,0.00,0,91,14,45,0,0,4,0,0.0
전라남도,완도군,금당면,2035,"2,338.00","4,895.90","4,895.90",100.0,0.000,0.00,0.00,0.00,0.00,0.00,0.00,0.00,0.120,"2,318.00","4,645.20","4,645.20",0.00,"4,645.20",0.010,20.00,250.70,250.70,250.70,0.00,0.00,0.00,0,86,4,210,0,0,1,0,0.0
전라남도,완도군,보길면,2035,"23,723.00","23,919.30","10,489.20",43.9,0.000,0.00,0.00,0.00,0.00,0.00,0.00,0.00,0.500,"23,603.00","23,603.00","10,172.90",0.00,"10,172.90",0.210,120.00,316.30,316.30,196.50,119.80,0.00,0.00,0,121,1,614,0,0,3,0,0.0
전라남도,완도군,생일면,2035,"7,287.00","7,295.50","2,217.10",30.4,0.000,0.00,0.00,0.00,0.00,0.00,0.00,0.00,0.070,"7,237.00","7,237.00","2,158.60",0.00,"2,158.60",0.020,50.00,58.50,58.50,0.00,58.50,0.00,0.00,0,55,3,47,0,0,3,0,0.0
전라남도,진도군,소계,,"1,105,265.00","1,129,566.00","301,657.50",26.7,0.000,0.00,0.00,0.00,0.00,0.00,0.00,0.00,133.820,"210,992.00","235,293.00","187,480.20",0.00,"187,480.20",79.860,"894,273.00","894,273.00","114,177.30","8,011.10","52,780.90",0.00,"53,385.30",0,"5,816","5,600","10,117",0,0,0,"195,330",64.8
전라남도,진도군,진도읍,2035,"108,115.00","132,105.50","96,848.00",73.3,0.000,0.00,0.00,0.00,0.00,0.00,0.00,0.00,28.520,"44,789.00","68,779.50","68,779.50",0.00,"68,779.50",18.500,"63,326.00","63,326.00","28,068.50","1,691.50","16,948.00",0.00,"9,429.00",0,"1,825","2,075","4,005",0,0,0,"53,768",55.5
전라남도,진도군,군내면,2035,"185,126.00","185,436.50","28,962.70",15.6,0.000,0.00,0.00,0.00,0.00,0.00,0.00,0.00,24.960,"17,742.00","18,052.50","18,052.50",0.00,"18,052.50",14.800,"167,384.00","167,384.00","10,910.20",475.10,"2,400.00",0.00,"8,035.10",0,579,487,944,0,0,0,"22,889",79.0
전라남도,진도군,고군면,2035,"103,270.00","103,270.00","32,760.70",31.7,0.000,0.00,0.00,0.00,0.00,0.00,0.00,0.00,32.500,"27,780.00","27,780.00","19,766.00",0.00,"19,766.00",12.500,"75,490.00","75,490.00","12,994.70",592.00,"4,299.80",0.00,"8,102.90",0,655,588,"1,113",0,0,0,"32,760",100.0
전라남도,진도군,의신면,2035,"244,150.00","244,150.00","58,762.50",24.1,0.000,0.00,0.00,0.00,0.00,0.00,0.00,0.00,25.920,"33,996.00","33,996.00","27,158.10",0.00,"27,158.10",15.800,"210,154.00","210,154.00","31,604.40","1,986.50","14,631.80",0.00,"14,986.10",0,"1,175","1,001","1,493",0,0,0,"41,340",70.4
전라남도,진도군,임회면,2035,"194,492.00","194,492.00","47,644.40",24.5,0.000,0.00,0.00,0.00,0.00,0.00,0.00,0.00,10.960,"58,877.00","58,877.00","38,621.80",0.00,"38,621.80",9.430,"135,615.00","135,615.00","9,022.60",423.90,"3,600.40",0.00,"4,998.30",0,849,834,"1,291",0,0,0,"19,951",41.9
전라남도,진도군,지산면,2035,"146,049.00","146,049.00","27,612.00",18.9,0.000,0.00,0.00,0.00,0.00,0.00,0.00,0.00,7.660,"21,068.00","21,068.00","10,227.30",0.00,"10,227.30",6.530,"124,981.00","124,981.00","17,384.70",896.00,"10,394.80",0.00,"6,093.90",0,552,496,822,0,0,0,"15,556",56.3
전라남도,진도군,조도면,2035,"124,063.00","124,063.00","9,067.20",7.3,0.000,0.00,0.00,0.00,0.00,0.00,0.00,0.00,3.300,"6,740.00","6,740.00","4,875.00",0.00,"4,875.00",2.300,"117,323.00","117,323.00","4,192.20","1,946.10",506.10,0.00,"1,740.00",0,181,119,449,0,0,0,"9,066",100.0
전라남도,신안군,소계,,"73,873.00","209,781.00","200,831.00",95.7,0.000,0.00,0.00,0.00,0.00,0.00,0.00,0.00,7.640,"73,873.00","209,781.00","200,831.00",0.00,"200,831.00",0.000,0.00,0.00,0.00,0.00,0.00,0.00,0.00,0,"4,834",0,"8,156",0,0,0,"200,831",100.0
전라남도,신안군,지도읍,2030,"1,233.00","10,290.00","10,290.00",100.0,0.000,0.00,0.00,0.00,0.00,0.00,0.00,0.00,0.200,"1,233.00","10,290.00","10,290.00",0.00,"10,290.00",0.000,0.00,0.00,0.00,0.00,0.00,0.00,0.00,0,165,0,510,0,0,0,"10,290",100.0
전라남도,신안군,압해읍,2030,"8,000.00","52,065.00","52,065.00",100.0,0.000,0.00,0.00,0.00,0.00,0.00,0.00,0.00,1.200,"8,000.00","52,065.00","52,065.00",0.00,"52,065.00",0.000,0.00,0.00,0.00,0.00,0.00,0.00,0.00,0,"2,198",0,"2,301",0,0,0,"52,065",100.0
전라남도,신안군,증도면,2030,"5,550.00","6,000.00","6,000.00",100.0,0.000,0.00,0.00,0.00,0.00,0.00,0.00,0.00,0.410,"5,550.00","6,000.00","6,000.00",0.00,"6,000.00",0.000,0.00,0.00,0.00,0.00,0.00,0.00,0.00,0,146,0,306,0,0,0,"6,000",100.0
전라남도,신안군,임자면,2030,"10,000.00","27,100.00","27,100.00",100.0,0.000,0.00,0.00,0.00,0.00,0.00,0.00,0.00,1.600,"10,000.00","27,100.00","27,100.00",0.00,"27,100.00",0.000,0.00,0.00,0.00,0.00,0.00,0.00,0.00,0,537,0,899,0,0,0,"27,100",100.0
전라남도,신안군,자은면,2030,"15,150.00","15,150.00","9,000.00",59.4,0.000,0.00,0.00,0.00,0.00,0.00,0.00,0.00,0.410,"15,150.00","15,150.00","9,000.00",0.00,"9,000.00",0.000,0.00,0.00,0.00,0.00,0.00,0.00,0.00,0,212,0,251,0,0,0,"9,000",100.0
전라남도,신안군,비금면,2030,"6,000.00","25,738.00","25,738.00",100.0,0.000,0.00,0.00,0.00,0.00,0.00,0.00,0.00,0.350,"6,000.00","25,738.00","25,738.00",0.00,"25,738.00",0.000,0.00,0.00,0.00,0.00,0.00,0.00,0.00,0,611,0,616,0,0,0,"25,738",100.0
전라남도,신안군,도초면,2030,900.00,"11,938.00","11,938.00",100.0,0.000,0.00,0.00,0.00,0.00,0.00,0.00,0.00,0.300,900.00,"11,938.00","11,938.00",0.00,"11,938.00",0.000,0.00,0.00,0.00,0.00,0.00,0.00,0.00,0,240,0,549,0,0,0,"11,938",100.0
전라남도,신안군,흑산면,2030,"4,000.00","25,900.00","25,900.00",100.0,0.000,0.00,0.00,0.00,0.00,0.00,0.00,0.00,0.950,"4,000.00","25,900.00","25,900.00",0.00,"25,900.00",0.000,0.00,0.00,0.00,0.00,0.00,0.00,0.00,0,185,0,"1,224",0,0,0,"25,900",100.0
전라남도,신안군,하의면,2030,"2,040.00","10,000.00","10,000.00",100.0,0.000,0.00,0.00,0.00,0.00,0.00,0.00,0.00,0.850,"2,040.00","10,000.00","10,000.00",0.00,"10,000.00",0.000,0.00,0.00,0.00,0.00,0.00,0.00,0.00,0,117,0,368,0,0,0,"10,000",100.0
전라남도,신안군,신의면,2030,"3,950.00","3,950.00","3,600.00",91.1,0.000,0.00,0.00,0.00,0.00,0.00,0.00,0.00,0.400,"3,950.00","3,950.00","3,600.00",0.00,"3,600.00",0.000,0.00,0.00,0.00,0.00,0.00,0.00,0.00,0,40,0,141,0,0,0,"3,600",100.0
전라남도,신안군,장산면,2030,"5,430.00","5,500.00","5,500.00",100.0,0.000,0.00,0.00,0.00,0.00,0.00,0.00,0.00,0.270,"5,430.00","5,500.00","5,500.00",0.00,"5,500.00",0.000,0.00,0.00,0.00,0.00,0.00,0.00,0.00,0,106,0,200,0,0,0,"5,500",100.0
전라남도,신안군,안좌면,2030,"5,550.00","5,550.00","3,100.00",55.9,0.000,0.00,0.00,0.00,0.00,0.00,0.00,0.00,0.200,"5,550.00","5,550.00","3,100.00",0.00,"3,100.00",0.000,0.00,0.00,0.00,0.00,0.00,0.00,0.00,0,101,0,316,0,0,0,"3,100",100.0
전라남도,신안군,팔금면,2030,800.00,"4,700.00","4,700.00",100.0,0.000,0.00,0.00,0.00,0.00,0.00,0.00,0.00,0.100,800.00,"4,700.00","4,700.00",0.00,"4,700.00",0.000,0.00,0.00,0.00,0.00,0.00,0.00,0.00,0,120,0,280,0,0,0,"4,700",100.0
전라남도,신안군,암태면,2030,"5,270.00","5,900.00","5,900.00",100.0,0.000,0.00,0.00,0.00,0.00,0.00,0.00,0.00,0.400,"5,270.00","5,900.00","5,900.00",0.00,"5,900.00",0.000,0.00,0.00,0.00,0.00,0.00,0.00,0.00,0,56,0,195,0,0,0,"5,900",100.0
경상북도,,합계,,"15,202,093.88","19,238,873.22","16,268,991.35",84.6,609.330,"2,127,368.00","3,077,691.00","2,838,085.00","794,480.00","1,090,979.00","319,591.00","633,035.00","1,065.094","8,212,037.83","9,993,656.50","8,274,907.78","599,727.40","7,675,180.38","1,340.587","4,862,688.05","6,167,525.72","5,155,998.57","813,264.82","2,789,454.34","544,995.62","1,008,283.79","56,894","149,778","87,495","468,082","56,142",505,"3,170","11,920,209",73.3
경상북도,시부,합계,,"11,692,873.88","14,489,588.57","12,363,257.77",85.3,179.720,"1,904,038.00","2,747,998.00","2,531,261.00","747,920.00","981,955.00","274,417.00","526,969.00",806.860,"6,014,974.13","7,045,565.44","5,843,208.84","598,481.40","5,244,727.44","1,207.490","3,773,861.75","4,696,025.13","3,988,787.93","527,967.35","2,304,963.41","324,722.49","831,134.68","38,043","104,740","66,505","358,800","25,574",450,"2,408","9,458,222",76.5
경상북도,포항시,소계,,"1,964,533.00","2,028,216.00","1,717,682.00",84.7,132.380,"969,069.00","969,069.00","832,774.00","193,169.00","373,546.00","29,329.00","236,730.00",398.200,"751,095.00","809,721.00","675,020.00",0.00,"675,020.00",49.340,"244,369.00","249,426.00","209,888.00","21,571.00","164,798.00","5,464.00","18,055.00","17,945","5,719","4,559","33,100",0,273,275,"971,272",56.5
경상북도,포항시,구룡포읍,2020,"100,411.00","100,427.00","86,446.00",86.1,14.310,"24,402.00","24,402.00","24,036.00","1,068.00","9,430.00","1,721.00","11,817.00",15.050,"60,028.00","60,044.00","60,044.00",0.00,"60,044.00",10.200,"15,981.00","15,981.00","2,366.00",0.00,"2,366.00",0.00,0.00,981,0,0,"1,730",0,14,16,"48,461",56.1
경상북도,포항시,연일읍,2020,"72,364.00","72,364.00","48,679.00",67.3,14.270,"48,198.00","48,198.00","38,358.00","2,130.00","3,176.00","5,486.00","27,566.00",12.020,"11,947.00","11,947.00","5,900.00",0.00,"5,900.00",4.800,"12,219.00","12,219.00","4,421.00",82.00,"4,339.00",0.00,0.00,930,0,0,948,0,8,12,"48,126",98.9
경상북도,포항시,오천읍,2020,"64,376.00","64,376.00","27,104.00",42.1,20.970,"31,304.00","31,304.00","26,804.00","5,824.00","3,522.00","2,553.00","14,905.00",24.060,"20,655.00","20,655.00",0.00,0.00,0.00,0.540,"12,417.00","12,417.00",300.00,0.00,300.00,0.00,0.00,460,653,269,"1,471",0,8,7,"26,054",96.1
경상북도,포항시,대송면,2020,"124,452.00","124,452.00","104,610.00",84.1,5.680,"55,600.00","55,600.00","53,967.00","5,461.00","14,607.00","6,659.00","27,240.00",32.600,"50,189.00","50,189.00","32,839.00",0.00,"32,839.00",1.800,"18,663.00","18,663.00","17,804.00","1,780.00","2,671.00","4,273.00","9,080.00",12,484,7,"1,172",0,0,0,0,0.0
경상북도,포항시,동해면,2020,"92,834.00","100,811.00","99,513.00",98.7,4.010,"20,572.00","20,572.00","19,274.00","4,989.00","4,703.00","1,987.00","7,595.00",14.530,"37,533.00","44,053.00","44,053.00",0.00,"44,053.00",0.900,"34,729.00","36,186.00","36,186.00","4,689.00","27,774.00","1,191.00","2,532.00",0,482,682,634,0,0,0,0,0.0
경상북도,포항시,장기면,2020,"44,623.00","44,623.00",502.00,1.1,0.000,"1,350.00","1,350.00",502.00,0.00,302.00,200.00,0.00,33.410,"43,273.00","43,273.00",0.00,0.00,0.00,0.000,0.00,0.00,0.00,0.00,0.00,0.00,0.00,0,0,0,0,0,0,0,0,0.0
경상북도,포항시,호미곶면,2020,"21,255.00","21,255.00","18,077.00",85.0,0.000,"2,610.00","2,610.00","2,610.00","2,460.00",150.00,0.00,0.00,6.810,"18,645.00","18,645.00","15,467.00",0.00,"15,467.00",0.000,0.00,0.00,0.00,0.00,0.00,0.00,0.00,0,0,0,550,0,0,0,0,0.0
경상북도,포항시,상대동,2020,"1,133,448.00","1,185,538.00","1,082,609.00",91.3,51.090,"670,269.00","670,269.00","567,340.00","154,913.00","299,387.00","1,996.00","111,044.00",25.210,"343,134.00","392,224.00","392,224.00",0.00,"392,224.00",8.900,"120,045.00","123,045.00","123,045.00","14,519.00","102,083.00",0.00,"6,443.00","12,966","4,100","3,564","22,213",0,220,227,"753,488",69.6
경상북도,포항시,해도동,2020,0.00,0.00,0.00,0.0,0.000,0.00,0.00,0.00,0.00,0.00,0.00,0.00,0.000,0.00,0.00,0.00,0.00,0.00,0.000,0.00,0.00,0.00,0.00,0.00,0.00,0.00,0,0,0,0,0,0,0,0,0.0
경상북도,포항시,송도동,2020,0.00,400.00,400.00,100.0,0.000,0.00,0.00,0.00,0.00,0.00,0.00,0.00,0.000,0.00,0.00,0.00,0.00,0.00,0.000,0.00,400.00,400.00,0.00,400.00,0.00,0.00,0,0,0,0,0,0,0,0,0.0
경상북도,포항시,청림동,2020,0.00,0.00,0.00,0.0,0.000,0.00,0.00,0.00,0.00,0.00,0.00,0.00,0.000,0.00,0.00,0.00,0.00,0.00,0.000,0.00,0.00,0.00,0.00,0.00,0.00,0.00,0,0,0,0,0,0,0,0,0.0
경상북도,포항시,제철동,2020,0.00,0.00,0.00,0.0,0.000,0.00,0.00,0.00,0.00,0.00,0.00,0.00,0.000,0.00,0.00,0.00,0.00,0.00,0.000,0.00,0.00,0.00,0.00,0.00,0.00,0.00,0,0,0,0,0,0,0,0,0.0
경상북도,포항시,효곡동,2020,0.00,0.00,0.00,0.0,0.000,0.00,0.00,0.00,0.00,0.00,0.00,0.00,0.000,0.00,0.00,0.00,0.00,0.00,0.000,0.00,0.00,0.00,0.00,0.00,0.00,0.00,0,0,0,0,0,0,0,0,0.0
경상북도,포항시,대이동,2020,0.00,0.00,0.00,0.0,0.000,0.00,0.00,0.00,0.00,0.00,0.00,0.00,0.000,0.00,0.00,0.00,0.00,0.00,0.000,0.00,0.00,0.00,0.00,0.00,0.00,0.00,0,0,0,0,0,0,0,0,0.0
경상북도,포항시,흥해읍,2020,"159,306.00","159,506.00","154,884.00",97.1,17.120,"57,937.00","57,937.00","56,197.00","3,929.00","28,039.00","4,715.00","19,514.00",35.240,"76,203.00","76,203.00","73,321.00",0.00,"73,321.00",10.000,"25,166.00","25,366.00","25,366.00",501.00,"24,865.00",0.00,0.00,"2,596",0,0,"4,382",0,23,13,"95,143",61.4
경상북도,포항시,신광면,2020,"23,164.00","23,164.00","6,900.00",29.8,0.000,"6,900.00","6,900.00","6,900.00","1,795.00","2,050.00",582.00,"2,473.00",26.720,"16,264.00","16,264.00",0.00,0.00,0.00,0.000,0.00,0.00,0.00,0.00,0.00,0.00,0.00,0,0,0,0,0,0,0,0,0.0
경상북도,포항시,청하면,2020,"45,570.00","45,570.00","44,780.00",98.3,0.000,"22,180.00","22,180.00","21,490.00","5,794.00","5,830.00","1,879.00","7,987.00",26.060,"23,390.00","23,390.00","23,290.00",0.00,"23,290.00",0.000,0.00,0.00,0.00,0.00,0.00,0.00,0.00,0,0,0,0,0,0,0,0,0.0
경상북도,포항시,송라면,2020,"27,314.00","27,314.00","8,240.00",30.2,0.000,"8,240.00","8,240.00","8,240.00","2,638.00","1,110.00",856.00,"3,636.00",19.800,"14,584.00","14,584.00",0.00,0.00,0.00,12.200,"4,490.00","4,490.00",0.00,0.00,0.00,0.00,0.00,0,0,0,0,0,0,0,0,0.0
경상북도,포항시,기계면,2020,"30,004.00","30,004.00","19,473.00",64.9,4.930,"16,520.00","16,520.00","6,893.00","2,168.00","1,077.00",695.00,"2,953.00",30.670,"13,484.00","13,484.00","12,580.00",0.00,"12,580.00",0.000,0.00,0.00,0.00,0.00,0.00,0.00,0.00,0,0,0,0,0,0,0,0,0.0
경상북도,포항시,죽장면,2020,"14,320.00","14,320.00","12,302.00",85.9,0.000,"1,487.00","1,487.00",0.00,0.00,0.00,0.00,0.00,78.560,"12,833.00","12,833.00","12,302.00",0.00,"12,302.00",0.000,0.00,0.00,0.00,0.00,0.00,0.00,0.00,0,0,0,0,0,0,0,0,0.0
경상북도,포항시,기북면,2020,"10,433.00","10,433.00",163.00,1.6,0.000,"1,500.00","1,500.00",163.00,0.00,163.00,0.00,0.00,17.460,"8,933.00","8,933.00",0.00,0.00,0.00,0.000,0.00,0.00,0.00,0.00,0.00,0.00,0.00,0,0,0,0,0,0,0,0,0.0
경상북도,포항시,중앙동,2020,0.00,0.00,0.00,0.0,0.000,0.00,0.00,0.00,0.00,0.00,0.00,0.00,0.000,0.00,0.00,0.00,0.00,0.00,0.000,0.00,0.00,0.00,0.00,0.00,0.00,0.00,0,0,0,0,0,0,0,0,0.0
경상북도,포항시,양학동,2020,0.00,0.00,0.00,0.0,0.000,0.00,0.00,0.00,0.00,0.00,0.00,0.00,0.000,0.00,0.00,0.00,0.00,0.00,0.000,0.00,0.00,0.00,0.00,0.00,0.00,0.00,0,0,0,0,0,0,0,0,0.0
경상북도,포항시,죽도동,2020,0.00,0.00,0.00,0.0,0.000,0.00,0.00,0.00,0.00,0.00,0.00,0.00,0.000,0.00,0.00,0.00,0.00,0.00,0.000,0.00,0.00,0.00,0.00,0.00,0.00,0.00,0,0,0,0,0,0,0,0,0.0
경상북도,포항시,용흥동,2020,659.00,659.00,0.00,0.0,0.000,0.00,0.00,0.00,0.00,0.00,0.00,0.00,0.000,0.00,0.00,0.00,0.00,0.00,0.000,659.00,659.00,0.00,0.00,0.00,0.00,0.00,0,0,37,0,0,0,0,0,0.0
경상북도,포항시,우창동,2020,0.00,0.00,0.00,0.0,0.000,0.00,0.00,0.00,0.00,0.00,0.00,0.00,0.000,0.00,0.00,0.00,0.00,0.00,0.000,0.00,0.00,0.00,0.00,0.00,0.00,0.00,0,0,0,0,0,0,0,0,0.0
경상북도,포항시,두호동,2020,0.00,0.00,0.00,0.0,0.000,0.00,0.00,0.00,0.00,0.00,0.00,0.00,0.000,0.00,0.00,0.00,0.00,0.00,0.000,0.00,0.00,0.00,0.00,0.00,0.00,0.00,0,0,0,0,0,0,0,0,0.0
경상북도,포항시,장량동,2020,0.00,0.00,0.00,0.0,0.000,0.00,0.00,0.00,0.00,0.00,0.00,0.00,0.000,0.00,0.00,0.00,0.00,0.00,0.000,0.00,0.00,0.00,0.00,0.00,0.00,0.00,0,0,0,0,0,0,0,0,0.0
경상북도,포항시,환여동,2020,0.00,"3,000.00","3,000.00",100.0,0.000,0.00,0.00,0.00,0.00,0.00,0.00,0.00,0.000,0.00,"3,000.00","3,000.00",0.00,"3,000.00",0.000,0.00,0.00,0.00,0.00,0.00,0.00,0.00,0,0,0,0,0,0,0,0,0.0
경상북도,경주시,소계,,"2,128,579.00","2,162,899.10","1,952,281.10",90.3,10.340,"114,163.00","114,164.00","114,164.00","4,403.00","26,431.00","47,525.00","35,805.00",98.630,"1,179,173.00","1,194,460.60","993,450.60",0.00,"993,450.60",0.000,"835,243.00","854,274.50","844,666.50","68,335.00","236,015.50","146,283.00","394,033.00","9,992",116,50,"99,791",22,0,277,"1,822,493",93.4
경상북도,경주시,감포읍,2035,"94,158.00","95,808.00","95,808.00",100.0,0.370,"6,950.00","6,950.00","6,950.00",148.00,"3,165.00","1,362.00","2,275.00",2.590,"55,930.00","57,542.00","57,542.00",0.00,"57,542.00",0.000,"31,278.00","31,316.00","31,316.00","1,436.00","10,503.00","9,336.00","10,041.00","1,205",0,0,740,0,0,18,"83,048",86.7
경상북도,경주시,안강읍,2035,"345,394.00","346,747.00","314,295.00",90.6,2.190,"24,240.00","24,240.00","24,240.00","1,294.00","4,620.00","10,590.00","7,736.00",16.160,"202,240.00","202,240.00","169,788.00",0.00,"169,788.00",0.000,"118,914.00","120,267.00","120,267.00","8,010.00","27,927.00","27,736.00","56,594.00","2,088",0,9,"14,161",0,0,51,"312,270",99.4
경상북도,경주시,건천읍,2035,"134,256.00","136,256.00","111,271.00",81.7,0.800,"13,495.00","13,495.00","13,495.00",466.00,"1,534.00","2,779.00","8,716.00",2.560,"94,348.00","94,348.00","69,363.00",0.00,"69,363.00",0.000,"26,413.00","28,413.00","28,413.00","1,965.00","11,713.00","1,459.00","13,276.00",382,0,0,"3,215",0,0,24,"97,726",87.8
경상북도,경주시,외동읍,2035,"200,755.00","201,207.50","170,774.50",84.9,1.520,"19,716.00","19,716.00","19,716.00",885.00,"6,251.00","7,639.00","4,941.00",12.870,"143,473.00","143,473.00","113,040.00",0.00,"113,040.00",0.000,"37,566.00","38,018.50","38,018.50","1,772.00","15,570.50","3,413.00","17,263.00",334,0,4,"5,771",0,0,57,"156,563",91.7
경상북도,경주시,양북면,2035,"61,274.00","61,274.00","44,865.00",73.2,0.050,554.00,554.00,554.00,0.00,546.00,0.00,8.00,1.630,"30,360.00","30,360.00","23,559.00",0.00,"23,559.00",0.000,"30,360.00","30,360.00","20,752.00","1,326.00","2,693.00","10,178.00","6,555.00",0,0,0,723,0,0,20,"41,719",93.0
경상북도,경주시,양남면,2035,"59,205.00","59,205.00","38,635.00",65.3,0.360,"4,638.00","4,638.00","4,638.00",345.00,713.00,439.00,"3,141.00",2.010,"41,861.00","41,861.00","21,291.00",0.00,"21,291.00",0.000,"12,706.00","12,706.00","12,706.00",995.00,"5,762.00",576.00,"5,373.00",356,0,1,"1,098",0,0,23,"38,001",98.4
경상북도,경주시,내남면,2035,"56,968.00","57,624.00","48,250.00",83.7,0.640,"7,453.00","7,453.00","7,453.00",239.00,"1,203.00","5,811.00",200.00,1.220,"28,777.00","28,777.00","19,403.00",0.00,"19,403.00",0.000,"20,738.00","21,394.00","21,394.00","1,276.00","5,178.00","6,565.00","8,375.00",0,0,0,633,0,0,16,"47,594",98.6
경상북도,경주시,산내면,2035,"50,727.00","61,118.00","55,191.00",90.3,0.000,"1,612.00","1,612.00","1,612.00",94.00,183.00,923.00,412.00,0.000,"28,377.00","28,377.00","22,450.00",0.00,"22,450.00",0.000,"20,738.00","31,129.00","31,129.00","1,186.00","4,426.00","20,656.00","4,861.00",552,0,0,356,0,0,0,"53,700",97.3
경상북도,경주시,서면,2035,"60,699.00","61,745.00","56,607.00",91.7,0.510,"4,317.00","4,317.00","4,317.00",77.00,"1,518.00","1,364.00","1,358.00",3.490,"34,263.00","34,263.00","29,125.00",0.00,"29,125.00",0.000,"22,119.00","23,165.00","23,165.00",975.00,"3,287.00","7,361.00","11,542.00",0,0,33,"1,044",0,0,28,"55,561",98.2
경상북도,경주시,현곡면,2035,"1,047,755.00","1,047,991.00","986,854.00",94.2,3.900,"31,188.00","31,189.00","31,189.00",855.00,"6,698.00","16,618.00","7,018.00",56.100,"502,156.00","502,156.00","441,019.00",0.00,"441,019.00",0.000,"514,411.00","514,646.00","514,646.00","49,348.00","146,685.00","58,799.00","259,814.00","5,075",0,0,"69,912",0,0,40,"921,154",93.3
경상북도,경주시,강동면,2035,0.00,"4,030.00","4,030.00",100.0,0.000,0.00,0.00,0.00,0.00,0.00,0.00,0.00,0.000,0.00,"4,030.00","4,030.00",0.00,"4,030.00",0.000,0.00,0.00,0.00,0.00,0.00,0.00,0.00,0,0,0,23,0,0,0,0,0.0
경상북도,경주시,천북면,2035,"17,388.00","17,388.00","13,195.00",75.9,0.000,0.00,0.00,0.00,0.00,0.00,0.00,0.00,0.000,"17,388.00","17,388.00","13,195.00",0.00,"13,195.00",0.000,0.00,0.00,0.00,0.00,0.00,0.00,0.00,0,0,0,646,0,0,0,"12,837",97.3
경상북도,경주시,중부동,2035,0.00,106.00,106.00,100.0,0.000,0.00,0.00,0.00,0.00,0.00,0.00,0.00,0.000,0.00,0.00,0.00,0.00,0.00,0.000,0.00,106.00,106.00,0.00,39.00,0.00,67.00,0,0,0,46,0,0,0,20,18.9
경상북도,경주시,황오동,2035,0.00,252.00,252.00,100.0,0.000,0.00,0.00,0.00,0.00,0.00,0.00,0.00,0.000,0.00,0.00,0.00,0.00,0.00,0.000,0.00,252.00,252.00,0.00,252.00,0.00,0.00,0,0,0,280,0,0,0,0,0.0
경상북도,경주시,성건동,2035,0.00,"2,822.00","2,822.00",100.0,0.000,0.00,0.00,0.00,0.00,0.00,0.00,0.00,0.000,0.00,"2,780.00","2,780.00",0.00,"2,780.00",0.000,0.00,42.00,42.00,0.00,42.00,0.00,0.00,0,0,0,104,0,0,0,0,0.0
경상북도,경주시,황남동,2035,0.00,"1,056.00","1,056.00",100.0,0.000,0.00,0.00,0.00,0.00,0.00,0.00,0.00,0.000,0.00,"1,056.00","1,056.00",0.00,"1,056.00",0.000,0.00,0.00,0.00,0.00,0.00,0.00,0.00,0,0,0,181,0,0,0,0,0.0
경상북도,경주시,선도동,2035,0.00,"1,513.00","1,513.00",100.0,0.000,0.00,0.00,0.00,0.00,0.00,0.00,0.00,0.000,0.00,470.00,470.00,0.00,470.00,0.000,0.00,"1,043.00","1,043.00",0.00,839.00,204.00,0.00,0,33,0,129,0,0,0,650,43.0
경상북도,경주시,월성동,2035,0.00,"1,513.00","1,513.00",100.0,0.000,0.00,0.00,0.00,0.00,0.00,0.00,0.00,0.000,0.00,"1,513.00","1,513.00",0.00,"1,513.00",0.000,0.00,0.00,0.00,0.00,0.00,0.00,0.00,0,0,0,197,0,0,0,0,0.0
경상북도,경주시,용강동,2035,0.00,560.10,560.10,100.0,0.000,0.00,0.00,0.00,0.00,0.00,0.00,0.00,0.000,0.00,394.10,394.10,0.00,394.10,0.000,0.00,166.00,166.00,46.00,48.00,0.00,72.00,0,10,3,118,0,0,0,395,70.5
경상북도,경주시,황성동,2035,0.00,779.50,779.50,100.0,0.000,0.00,0.00,0.00,0.00,0.00,0.00,0.00,0.000,0.00,779.50,779.50,0.00,779.50,0.000,0.00,0.00,0.00,0.00,0.00,0.00,0.00,0,20,0,77,0,0,0,615,78.9
경상북도,경주시,동천동,2035,0.00,218.00,218.00,100.0,0.000,0.00,0.00,0.00,0.00,0.00,0.00,0.00,0.000,0.00,210.00,210.00,0.00,210.00,0.000,0.00,8.00,8.00,0.00,8.00,0.00,0.00,0,0,0,67,0,0,0,0,0.0
경상북도,경주시,불국동,2035,0.00,876.00,876.00,100.0,0.000,0.00,0.00,0.00,0.00,0.00,0.00,0.00,0.000,0.00,609.00,609.00,0.00,609.00,0.000,0.00,267.00,267.00,0.00,267.00,0.00,0.00,0,19,0,242,22,0,0,450,51.4
경상북도,경주시,보덕동,2035,0.00,"2,810.00","2,810.00",100.0,0.000,0.00,0.00,0.00,0.00,0.00,0.00,0.00,0.000,0.00,"1,834.00","1,834.00",0.00,"1,834.00",0.000,0.00,976.00,976.00,0.00,776.00,0.00,200.00,0,34,0,28,0,0,0,190,6.8
경상북도,김천시,소계,,"1,050,368.00","1,120,456.00","929,215.00",82.9,0.000,"41,100.00","79,014.00","69,714.00","2,045.00","35,695.00",841.00,"31,133.00",32.300,"542,105.00","568,330.00","507,117.00",123.00,"506,994.00",32.300,"467,163.00","473,112.00","352,384.00","42,926.00","228,820.00","6,736.00","73,902.00",239,"11,948","10,961","20,324",486,20,31,"700,775",75.4
경상북도,김천시,아포읍,2025,"130,803.00","130,803.00","64,838.00",49.6,0.000,"9,300.00","9,300.00",0.00,0.00,0.00,0.00,0.00,3.200,"53,623.00","53,623.00","37,218.00",0.00,"37,218.00",3.200,"67,880.00","67,880.00","27,620.00","2,802.00","20,285.00",164.00,"4,369.00",0,598,775,"1,278",52,0,0,"48,737",75.2
경상북도,김천시,농소면,2025,"13,569.00","13,569.00","10,273.00",75.7,0.000,0.00,0.00,0.00,0.00,0.00,0.00,0.00,0.800,"6,076.00","6,076.00","6,076.00",0.00,"6,076.00",0.800,"7,493.00","7,493.00","4,197.00",84.00,"1,665.00",516.00,"1,932.00",0,397,183,569,11,0,0,"6,401",62.3
경상북도,김천시,남면,2025,"47,262.00","47,262.00","39,193.00",82.9,0.000,0.00,0.00,0.00,0.00,0.00,0.00,0.00,0.800,"35,635.00","35,635.00","32,314.00",0.00,"32,314.00",0.800,"11,627.00","11,627.00","6,879.00",730.00,"4,261.00","1,007.00",881.00,0,448,122,726,12,0,0,"15,961",40.7
경상북도,김천시,개령면,2025,"24,159.00","25,252.00","22,792.00",90.3,0.000,0.00,0.00,0.00,0.00,0.00,0.00,0.00,0.600,"10,205.00","11,298.00","11,298.00",0.00,"11,298.00",0.600,"13,954.00","13,954.00","11,494.00",788.00,"7,379.00",769.00,"2,558.00",0,289,220,418,39,0,0,"11,800",51.8
경상북도,김천시,감문면,2025,"22,001.00","23,327.00","10,167.00",43.6,0.000,0.00,0.00,0.00,0.00,0.00,0.00,0.00,1.200,"14,458.00","14,458.00","1,298.00",0.00,"1,298.00",1.200,"7,543.00","8,869.00","8,869.00",534.00,"4,998.00",150.00,"3,187.00",0,23,35,196,0,0,0,"8,841",87.0
경상북도,김천시,어모면,2025,"16,930.00","18,263.00","18,262.00",100.0,0.000,0.00,0.00,0.00,0.00,0.00,0.00,0.00,1.500,"9,071.00","9,071.00","9,070.00",0.00,"9,070.00",1.500,"7,859.00","9,192.00","9,192.00",243.00,"6,580.00",296.00,"2,073.00",0,99,199,191,26,0,0,"13,663",74.8
경상북도,김천시,봉산면,2025,"24,127.00","34,862.00","31,844.00",91.3,0.000,0.00,0.00,0.00,0.00,0.00,0.00,0.00,1.100,"12,593.00","23,328.00","23,328.00",0.00,"23,328.00",1.100,"11,534.00","11,534.00","8,516.00",283.00,"5,580.00","1,095.00","1,558.00",0,174,249,361,8,0,0,"20,385",64.0
경상북도,김천시,대항면,2025,"89,355.00","97,981.00","75,417.00",77.0,0.000,0.00,0.00,0.00,0.00,0.00,0.00,0.00,2.200,"37,005.00","45,631.00","45,631.00",0.00,"45,631.00",2.200,"52,350.00","52,350.00","29,786.00","1,275.00","20,428.00",971.00,"7,112.00",0,"1,046",982,949,64,0,0,"53,941",71.5
경상북도,김천시,감천면,2025,"17,227.00","17,227.00","13,032.00",75.6,0.000,0.00,0.00,0.00,0.00,0.00,0.00,0.00,0.700,"8,238.00","8,238.00","5,253.00",0.00,"5,253.00",0.700,"8,989.00","8,989.00","7,779.00",210.00,"4,449.00",0.00,"3,120.00",0,155,129,287,0,0,0,"13,032",100.0
경상북도,김천시,조마면,2025,"12,483.00","12,483.00","3,411.00",27.3,0.000,0.00,0.00,0.00,0.00,0.00,0.00,0.00,0.800,"10,514.00","10,514.00","1,443.00",0.00,"1,443.00",0.800,"1,969.00","1,969.00","1,968.00",69.00,370.00,54.00,"1,475.00",0,25,49,161,5,0,0,"3,410",100.0
경상북도,김천시,구성면,2025,"13,740.00","17,030.00","9,521.00",55.9,0.000,0.00,0.00,0.00,0.00,0.00,0.00,0.00,0.800,"8,819.00","8,819.00","1,310.00",0.00,"1,310.00",0.800,"4,921.00","8,211.00","8,211.00",146.00,"4,604.00",106.00,"3,355.00",0,50,93,37,0,0,0,"5,921",62.2
경상북도,김천시,지례면,2025,"18,413.00","18,413.00","16,416.00",89.2,0.000,0.00,0.00,0.00,0.00,0.00,0.00,0.00,0.600,"11,977.00","11,977.00","11,141.00",0.00,"11,141.00",0.600,"6,436.00","6,436.00","5,275.00",502.00,"1,242.00",547.00,"2,984.00",0,169,140,400,11,0,0,"16,416",100.0
경상북도,김천시,부항면,2025,0.00,0.00,0.00,0.0,0.000,0.00,0.00,0.00,0.00,0.00,0.00,0.00,0.000,0.00,0.00,0.00,0.00,0.00,0.000,0.00,0.00,0.00,0.00,0.00,0.00,0.00,0,0,0,0,0,0,0,0,0.0
경상북도,김천시,대덕면,2025,"10,609.00","10,609.00","9,518.00",89.7,0.000,0.00,0.00,0.00,0.00,0.00,0.00,0.00,0.400,"9,743.00","9,743.00","8,841.00",0.00,"8,841.00",0.400,866.00,866.00,677.00,189.00,54.00,0.00,434.00,0,165,14,290,3,0,0,"2,726",28.6
경상북도,김천시,증산면,2025,"5,360.00","11,131.00","10,784.00",96.9,0.000,0.00,0.00,0.00,0.00,0.00,0.00,0.00,0.400,"2,375.00","8,146.00","8,146.00",0.00,"8,146.00",0.400,"2,985.00","2,985.00","2,638.00",40.00,"1,843.00",125.00,630.00,0,273,39,236,0,0,0,"3,911",36.3
경상북도,김천시,자산동,2025,"604,330.00","642,244.00","593,747.00",92.4,0.000,"31,800.00","69,714.00","69,714.00","2,045.00","35,695.00",841.00,"31,133.00",17.200,"311,773.00","311,773.00","304,750.00",123.00,"304,627.00",17.200,"260,757.00","260,757.00","219,283.00","35,031.00","145,082.00",936.00,"38,234.00",239,"8,037","7,732","14,225",255,20,31,"475,630",80.1
경상북도,김천시,평화남산동,2025,0.00,0.00,0.00,0.0,0.000,0.00,0.00,0.00,0.00,0.00,0.00,0.00,0.000,0.00,0.00,0.00,0.00,0.00,0.000,0.00,0.00,0.00,0.00,0.00,0.00,0.00,0,0,0,0,0,0,0,0,0.0
경상북도,김천시,양금동,2025,0.00,0.00,0.00,0.0,0.000,0.00,0.00,0.00,0.00,0.00,0.00,0.00,0.000,0.00,0.00,0.00,0.00,0.00,0.000,0.00,0.00,0.00,0.00,0.00,0.00,0.00,0,0,0,0,0,0,0,0,0.0
경상북도,김천시,대신동,2025,0.00,0.00,0.00,0.0,0.000,0.00,0.00,0.00,0.00,0.00,0.00,0.00,0.000,0.00,0.00,0.00,0.00,0.00,0.000,0.00,0.00,0.00,0.00,0.00,0.00,0.00,0,0,0,0,0,0,0,0,0.0
경상북도,김천시,대곡동,2025,0.00,0.00,0.00,0.0,0.000,0.00,0.00,0.00,0.00,0.00,0.00,0.00,0.000,0.00,0.00,0.00,0.00,0.00,0.000,0.00,0.00,0.00,0.00,0.00,0.00,0.00,0,0,0,0,0,0,0,0,0.0
경상북도,김천시,지좌동,2025,0.00,0.00,0.00,0.0,0.000,0.00,0.00,0.00,0.00,0.00,0.00,0.00,0.000,0.00,0.00,0.00,0.00,0.00,0.000,0.00,0.00,0.00,0.00,0.00,0.00,0.00,0,0,0,0,0,0,0,0,0.0
경상북도,김천시,율곡동,2025,0.00,0.00,0.00,0.0,0.000,0.00,0.00,0.00,0.00,0.00,0.00,0.00,0.000,0.00,0.00,0.00,0.00,0.00,0.000,0.00,0.00,0.00,0.00,0.00,0.00,0.00,0,0,0,0,0,0,0,0,0.0
경상북도,안동시,소계,,"1,372,696.00","1,444,619.30","992,599.70",68.7,6.300,"360,584.00","363,597.00","363,284.00","47,928.00","147,447.00","19,513.00","148,396.00",7.100,"608,720.00","677,630.30","437,100.70",0.00,"437,100.70",0.000,"403,392.00","403,392.00","192,215.00","13,980.00","139,647.00","5,332.00","33,256.00","6,893","9,177","3,978","44,502",98,37,109,"620,066",62.5
경상북도,안동시,풍산읍,2030,"93,943.00","93,943.00","81,775.00",87.0,0.120,"43,155.00","43,155.00","42,925.00","2,785.00","19,416.00","8,077.00","12,647.00",3.060,"39,093.00","39,093.00","32,786.00",0.00,"32,786.00",0.000,"11,695.00","11,695.00","6,064.00","1,614.00","1,444.00","1,867.00","1,139.00",688,566,114,"1,055",12,9,18,"44,472",54.4
경상북도,안동시,와룡면,2030,"33,920.00","34,516.00","12,140.00",35.2,0.000,"5,540.00","6,136.00","6,136.00",615.00,"1,606.00",597.00,"3,318.00",0.330,"19,760.00","19,760.00","3,260.00",0.00,"3,260.00",0.000,"8,620.00","8,620.00","2,744.00",70.00,"2,291.00",143.00,240.00,79,42,35,226,0,0,0,0,0.0
경상북도,안동시,북후면,2030,"47,839.00","47,853.00","21,832.00",45.6,0.000,"8,256.00","8,270.00","8,270.00",650.00,"1,345.00",180.00,"6,095.00",0.540,"32,023.00","32,023.00","12,657.00",0.00,"12,657.00",0.000,"7,560.00","7,560.00",905.00,80.00,255.00,110.00,460.00,147,227,16,480,0,0,0,0,0.0
경상북도,안동시,서후면,2030,"41,819.00","41,834.00","6,414.00",15.3,0.000,"5,550.00","5,565.00","5,565.00",802.00,"1,649.00",572.00,"2,542.00",0.000,"28,409.00","28,409.00",0.00,0.00,0.00,0.000,"7,860.00","7,860.00",849.00,80.00,139.00,120.00,510.00,98,8,15,0,0,0,0,0,0.0
경상북도,안동시,풍천면,2030,"50,607.00","50,607.00","18,094.00",35.8,0.000,"8,022.00","8,022.00","7,954.00",621.00,"1,780.00",131.00,"5,422.00",0.000,"33,465.00","33,465.00","9,248.00",0.00,"9,248.00",0.000,"9,120.00","9,120.00",892.00,73.00,267.00,135.00,417.00,117,268,13,683,0,0,0,0,0.0
경상북도,안동시,일직면,2030,"58,293.00","58,526.00","26,376.00",45.1,0.000,"10,950.00","11,183.00","11,183.00",652.00,"1,822.00",259.00,"8,450.00",0.500,"39,823.00","39,823.00","14,476.00",0.00,"14,476.00",0.000,"7,520.00","7,520.00",717.00,64.00,103.00,125.00,425.00,127,284,8,552,0,0,0,0,0.0
경상북도,안동시,남후면,2030,"37,495.00","37,786.00","6,404.00",16.9,0.000,"5,325.00","5,616.00","5,616.00",621.00,"1,298.00",984.00,"2,713.00",0.000,"25,640.00","25,640.00",0.00,0.00,0.00,0.000,"6,530.00","6,530.00",788.00,60.00,113.00,140.00,475.00,90,0,3,0,0,0,0,0,0.0
경상북도,안동시,남선면,2030,"34,101.00","34,101.00","18,155.40",53.2,1.330,"4,730.00","4,730.00","4,715.00",695.00,910.00,585.00,"2,525.00",0.000,"22,884.00","22,884.00","12,205.40",0.00,"12,205.40",0.000,"6,487.00","6,487.00","1,235.00",60.00,365.00,130.00,680.00,77,186,16,343,18,0,17,0,0.0
경상북도,안동시,임하면,2030,"37,360.00","44,519.00","40,235.00",90.4,0.000,"9,410.00","9,549.00","9,549.00",578.00,"1,312.00","2,547.00","5,112.00",1.080,"21,060.00","28,080.00","28,080.00",0.00,"28,080.00",0.000,"6,890.00","6,890.00","2,606.00",65.00,95.00,282.00,"2,164.00",23,78,8,813,0,0,0,0,0.0
경상북도,안동시,길안면,2030,"47,202.00","47,230.00","15,363.00",32.5,0.000,"7,260.00","7,288.00","7,288.00",810.00,"1,060.00",339.00,"5,079.00",0.530,"32,222.00","32,222.00","7,300.00",0.00,"7,300.00",0.000,"7,720.00","7,720.00",775.00,50.00,95.00,180.00,450.00,51,51,5,352,0,0,0,0,0.0
경상북도,안동시,임동면,2030,"25,594.00","25,622.00","12,911.00",50.4,0.000,"3,064.00","3,092.00","3,092.00",380.00,696.00,426.00,"1,590.00",0.170,"16,490.00","16,490.00","4,279.00",0.00,"4,279.00",0.000,"6,040.00","6,040.00","5,540.00",37.00,547.00,306.00,"4,650.00",23,32,41,148,0,0,0,0,0.0
경상북도,안동시,예안면,2030,"36,073.00","36,658.00","6,682.00",18.2,0.000,"3,850.00","4,435.00","4,435.00",393.00,"1,063.00",404.00,"2,575.00",0.090,"26,253.00","26,253.00","1,600.00",0.00,"1,600.00",0.000,"5,970.00","5,970.00",647.00,45.00,102.00,120.00,380.00,62,23,9,101,0,0,0,0,0.0
경상북도,안동시,도산면,2030,"26,470.00","26,530.00","11,172.00",42.1,0.000,"6,580.00","6,640.00","6,640.00",399.00,608.00,306.00,"5,327.00",0.570,"14,020.00","14,020.00","3,931.00",0.00,"3,931.00",0.000,"5,870.00","5,870.00",601.00,45.00,95.00,115.00,346.00,50,30,5,342,0,0,0,0,0.0
경상북도,안동시,녹전면,2030,"22,592.00","23,270.00","6,081.00",26.1,0.000,"3,022.00","3,700.00","3,700.00",576.00,833.00,196.00,"2,095.00",0.230,"13,890.00","13,890.00","1,700.00",0.00,"1,700.00",0.000,"5,680.00","5,680.00",681.00,51.00,90.00,125.00,415.00,49,22,9,101,0,0,0,0,0.0
경상북도,안동시,중구동,2030,"59,557.00","60,589.00","50,033.00",82.6,0.000,"18,072.00","18,099.00","18,099.00","2,862.00","8,585.00",300.00,"6,352.00",0.000,"18,631.00","19,636.00","19,636.00",0.00,"19,636.00",0.000,"22,854.00","22,854.00","12,298.00",888.00,"9,854.00",110.00,"1,446.00",254,281,173,"2,173",0,0,3,"45,343",90.6
경상북도,안동시,명륜동,2030,"35,429.00","36,528.00","30,215.00",82.7,0.000,"10,751.00","10,766.00","10,766.00","1,702.00","5,107.00",178.00,"3,779.00",0.000,"11,083.00","12,167.00","12,167.00",0.00,"12,167.00",0.000,"13,595.00","13,595.00","7,282.00",528.00,"5,829.00",65.00,860.00,478,527,322,"1,853",4,0,0,"26,972",89.3
경상북도,안동시,용상동,2030,"227,752.00","234,400.00","196,954.00",84.0,2.630,"68,564.00","68,665.00","68,665.00","10,858.00","32,571.00","1,137.00","24,099.00",0.000,"71,145.00","77,692.00","77,692.00",0.00,"77,692.00",0.000,"88,043.00","88,043.00","50,597.00","3,368.00","39,909.00",417.00,"6,903.00","1,611","1,846","1,182","7,700",58,9,24,"172,027",87.3
경상북도,안동시,서구동,2030,"22,571.00","22,948.00","19,008.00",82.8,0.000,"6,816.00","6,826.00","6,826.00","1,079.00","3,238.00",113.00,"2,396.00",0.000,"7,027.00","7,394.00","7,394.00",0.00,"7,394.00",0.000,"8,728.00","8,728.00","4,788.00",335.00,"3,758.00",41.00,654.00,96,103,81,"3,386",0,0,0,"17,102",90.0
경상북도,안동시,태화동,2030,"42,362.00","42,982.00","35,386.00",82.3,0.000,"12,854.00","12,873.00","12,873.00","2,036.00","6,106.00",213.00,"4,518.00",0.000,"13,252.00","13,853.00","13,853.00",0.00,"13,853.00",0.000,"16,256.00","16,256.00","8,660.00",631.00,"6,922.00",78.00,"1,029.00",143,154,96,"5,035",0,5,0,"32,251",91.1
경상북도,안동시,평화동,2030,"29,629.00","29,984.00","24,701.00",82.4,0.000,"8,941.00","8,954.00","8,954.00","1,416.00","4,247.00",148.00,"3,143.00",0.000,"9,278.00","9,620.00","9,620.00",0.00,"9,620.00",0.000,"11,410.00","11,410.00","6,127.00",439.00,"4,815.00",54.00,819.00,52,60,55,"2,213",0,0,0,"22,433",90.8
경상북도,안동시,안기동,2030,"38,756.00","47,563.00","41,968.00",88.2,0.000,"11,760.00","11,778.00","11,778.00","1,862.00","5,587.00",195.00,"4,134.00",0.000,"12,124.00","20,913.00","20,913.00",0.00,"20,913.00",0.000,"14,872.00","14,872.00","9,277.00",578.00,"7,686.00",72.00,941.00,451,612,323,"2,313",0,0,0,"29,507",70.3
경상북도,안동시,옥동,2030,"34,840.00","36,640.00","30,393.00",83.0,0.000,"10,572.00","10,587.00","10,587.00","1,674.00","5,022.00",175.00,"3,716.00",0.000,"10,899.00","12,684.00","12,684.00",0.00,"12,684.00",0.000,"13,369.00","13,369.00","7,122.00",519.00,"5,693.00",64.00,846.00,273,331,184,"7,186",0,0,6,"26,524",87.3
경상북도,안동시,송하동,2030,"167,680.00","180,717.50","150,815.50",83.5,0.000,"50,881.00","50,955.00","50,955.00","8,057.00","24,171.00",843.00,"17,884.00",0.000,"52,455.00","65,418.50","65,418.50",0.00,"65,418.50",0.000,"64,344.00","64,344.00","34,442.00","2,499.00","27,560.00",310.00,"4,073.00",595,"1,285",402,"4,543",0,3,7,"127,660",84.6
경상북도,안동시,강남동,2030,"120,812.00","149,272.80","129,491.80",86.7,2.220,"36,659.00","36,713.00","36,713.00","5,805.00","17,415.00",608.00,"12,885.00",0.000,"37,794.00","66,200.80","66,200.80",0.00,"66,200.80",0.000,"46,359.00","46,359.00","26,578.00","1,801.00","21,620.00",223.00,"2,934.00","1,259","2,161",863,"2,904",6,11,34,"75,775",58.5
경상북도,구미시,소계,,"303,967.68","1,848,764.17","1,832,439.17",99.1,0.000,0.00,0.00,0.00,0.00,0.00,0.00,0.00,69.470,"227,297.03","935,760.14","920,047.14",0.00,"920,047.14",65.300,"76,670.65","913,004.03","912,392.03","133,085.85","743,192.11","27,363.39","8,750.68",0,"21,171","22,980","15,449",0,16,917,"1,801,533",98.3
경상북도,구미시,선산읍,2035,"79,423.59","163,233.59","158,733.59",97.2,0.000,0.00,0.00,0.00,0.00,0.00,0.00,0.00,5.620,"79,423.59","79,423.59","74,923.59",0.00,"74,923.59",5.300,0.00,"83,810.00","83,810.00","22,084.32","60,428.91",0.00,"1,296.77",0,"1,980","3,547","2,148",0,0,85,"151,688",95.6
경상북도,구미시,고아읍,2035,"159,653.44","159,653.44","150,628.44",94.3,0.000,0.00,0.00,0.00,0.00,0.00,0.00,0.00,6.160,"82,982.79","82,982.79","74,569.79",0.00,"74,569.79",5.800,"76,670.65","76,670.65","76,058.65","8,517.25","63,810.30","2,854.82",876.28,0,"1,992","2,086","1,519",0,0,134,"146,548",97.3
경상북도,구미시,무을면,2035,"13,560.63","34,419.52","31,619.52",91.9,0.000,0.00,0.00,0.00,0.00,0.00,0.00,0.00,0.720,"13,560.63","13,560.63","10,760.63",0.00,"10,760.63",0.500,0.00,"20,858.89","20,858.89","8,580.14","11,540.93",0.00,737.82,0,353,909,35,0,0,51,"31,619",100.0
경상북도,구미시,옥성면,2035,0.00,"16,953.16","16,953.16",100.0,0.000,0.00,0.00,0.00,0.00,0.00,0.00,0.00,0.210,0.00,"4,085.47","4,085.47",0.00,"4,085.47",0.200,0.00,"12,867.69","12,867.69","1,662.31","9,913.65",0.00,"1,291.73",0,95,594,52,0,0,53,"16,953",100.0
경상북도,구미시,도개면,2035,0.00,"68,823.30","68,823.30",100.0,0.000,0.00,0.00,0.00,0.00,0.00,0.00,0.00,1.380,0.00,"46,623.81","46,623.81",0.00,"46,623.81",1.300,0.00,"22,199.49","22,199.49","4,221.52","17,915.71",0.00,62.26,0,"1,109",927,317,0,0,31,"68,823",100.0
경상북도,구미시,해평면,2035,0.00,"82,986.37","82,986.37",100.0,0.000,0.00,0.00,0.00,0.00,0.00,0.00,0.00,4.030,0.00,"53,461.88","53,461.88",0.00,"53,461.88",3.800,0.00,"29,524.49","29,524.49","5,282.10","23,990.19",0.00,252.20,0,"1,298","1,125",73,0,0,21,"82,986",100.0
경상북도,구미시,산동면,2035,"51,330.02","99,147.75","99,147.75",100.0,0.000,0.00,0.00,0.00,0.00,0.00,0.00,0.00,10.190,"51,330.02","56,688.02","56,688.02",0.00,"56,688.02",9.600,0.00,"42,459.73","42,459.73","6,729.65","34,813.10",0.00,916.98,0,"1,483","1,041",291,0,0,33,"87,537",88.3
경상북도,구미시,장천면,2035,0.00,"51,844.63","51,844.63",100.0,0.000,0.00,0.00,0.00,0.00,0.00,0.00,0.00,2.760,0.00,"35,905.40","35,905.40",0.00,"35,905.40",2.600,0.00,"15,939.23","15,939.23","2,643.94","12,169.35",0.00,"1,125.94",0,876,630,377,0,0,50,"51,844",100.0
경상북도,구미시,송정동,2035,0.00,"59,808.44","59,808.44",100.0,0.000,0.00,0.00,0.00,0.00,0.00,0.00,0.00,0.000,0.00,"28,327.28","28,327.28",0.00,"28,327.28",0.000,0.00,"31,481.16","31,481.16","2,409.30","28,857.32",203.14,11.40,0,509,640,635,0,0,5,"59,808",100.0
경상북도,구미시,원평1동,2035,0.00,"101,637.68","101,637.68",100.0,0.000,0.00,0.00,0.00,0.00,0.00,0.00,0.00,0.000,0.00,"49,476.99","49,476.99",0.00,"49,476.99",0.000,0.00,"52,160.69","52,160.69","4,065.05","44,614.52","3,412.57",68.55,0,"1,036",856,"2,530",0,0,37,"101,637",100.0
경상북도,구미시,원평2동,2035,0.00,0.00,0.00,0.0,0.000,0.00,0.00,0.00,0.00,0.00,0.00,0.00,0.000,0.00,0.00,0.00,0.00,0.00,0.000,0.00,0.00,0.00,0.00,0.00,0.00,0.00,0,0,0,0,0,0,0,0,0.0
경상북도,구미시,도량동,2035,0.00,"54,578.96","54,578.96",100.0,0.000,0.00,0.00,0.00,0.00,0.00,0.00,0.00,0.000,0.00,"22,525.54","22,525.54",0.00,"22,525.54",0.000,0.00,"32,053.42","32,053.42","3,791.54","25,763.78","2,498.10",0.00,0,569,626,725,0,4,15,"54,578",100.0
경상북도,구미시,지산동,2035,0.00,"32,048.69","32,048.69",100.0,0.000,0.00,0.00,0.00,0.00,0.00,0.00,0.00,0.000,0.00,"15,041.65","15,041.65",0.00,"15,041.65",0.000,0.00,"17,007.04","17,007.04",645.14,"13,342.85","3,019.05",0.00,0,421,284,508,0,0,20,"27,968",87.3
경상북도,구미시,선주원남동,2035,0.00,"150,937.56","150,937.56",100.0,0.000,0.00,0.00,0.00,0.00,0.00,0.00,0.00,0.000,0.00,"81,480.71","81,480.71",0.00,"81,480.71",0.000,0.00,"69,456.85","69,456.85","4,333.68","60,077.52","4,805.70",239.95,0,"1,978","1,416",842,0,0,114,"150,937",100.0
경상북도,구미시,형곡1동,2035,0.00,"78,195.02","78,195.02",100.0,0.000,0.00,0.00,0.00,0.00,0.00,0.00,0.00,0.000,0.00,"38,495.16","38,495.16",0.00,"38,495.16",0.000,0.00,"39,699.86","39,699.86","6,027.84","32,883.42",788.60,0.00,0,822,"1,009","1,821",0,0,0,"78,195",100.0
경상북도,구미시,형곡2동,2035,0.00,0.00,0.00,0.0,0.000,0.00,0.00,0.00,0.00,0.00,0.00,0.00,0.000,0.00,0.00,0.00,0.00,0.00,0.000,0.00,0.00,0.00,0.00,0.00,0.00,0.00,0,0,0,0,0,0,0,0,0.0
경상북도,구미시,신평1동,2035,0.00,"35,238.28","35,238.28",100.0,0.000,0.00,0.00,0.00,0.00,0.00,0.00,0.00,0.000,0.00,"12,947.92","12,947.92",0.00,"12,947.92",0.000,0.00,"22,290.36","22,290.36","2,101.84","19,018.22","1,051.56",118.74,0,302,438,709,0,0,7,"35,238",100.0
경상북도,구미시,신평2동,2035,0.00,0.00,0.00,0.0,0.000,0.00,0.00,0.00,0.00,0.00,0.00,0.00,0.000,0.00,0.00,0.00,0.00,0.00,0.000,0.00,0.00,0.00,0.00,0.00,0.00,0.00,0,0,0,0,0,0,0,0,0.0
경상북도,구미시,비산동,2035,0.00,"15,383.72","15,383.72",100.0,0.000,0.00,0.00,0.00,0.00,0.00,0.00,0.00,0.000,0.00,"5,175.36","5,175.36",0.00,"5,175.36",0.000,0.00,"10,208.36","10,208.36",360.23,"9,247.60",600.53,0.00,0,121,175,167,0,0,12,"15,383",100.0
경상북도,구미시,공단1동,2035,0.00,"122,193.50","122,193.50",100.0,0.000,0.00,0.00,0.00,0.00,0.00,0.00,0.00,0.000,0.00,"53,898.42","53,898.42",0.00,"53,898.42",0.000,0.00,"68,295.08","68,295.08","14,192.58","49,747.53","2,969.47","1,385.50",0,915,"1,010",230,0,0,65,"122,193",100.0
경상북도,구미시,공단2동,2035,0.00,0.00,0.00,0.0,0.000,0.00,0.00,0.00,0.00,0.00,0.00,0.00,0.000,0.00,0.00,0.00,0.00,0.00,0.000,0.00,0.00,0.00,0.00,0.00,0.00,0.00,0,0,0,0,0,0,0,0,0.0
경상북도,구미시,광평동,2035,0.00,"29,184.07","29,184.07",100.0,0.000,0.00,0.00,0.00,0.00,0.00,0.00,0.00,0.000,0.00,"12,615.03","12,615.03",0.00,"12,615.03",0.000,0.00,"16,569.04","16,569.04",717.01,"15,629.06",222.97,0.00,0,275,348,333,0,3,15,"29,184",100.0
경상북도,구미시,상모사곡동,2035,0.00,"80,835.33","80,835.33",100.0,0.000,0.00,0.00,0.00,0.00,0.00,0.00,0.00,0.000,0.00,"38,262.57","38,262.57",0.00,"38,262.57",0.000,0.00,"42,572.76","42,572.76","5,597.27","35,808.82","1,097.36",69.31,0,908,847,465,0,0,14,"80,835",100.0
경상북도,구미시,임오동,2035,0.00,"65,569.02","65,569.02",100.0,0.000,0.00,0.00,0.00,0.00,0.00,0.00,0.00,0.000,0.00,"31,055.22","31,055.22",0.00,"31,055.22",0.000,0.00,"34,513.80","34,513.80","1,906.92","28,807.72","3,624.11",175.05,0,596,699,272,0,0,61,"65,569",100.0
경상북도,구미시,인동동,2035,0.00,"119,159.51","119,159.51",100.0,0.000,0.00,0.00,0.00,0.00,0.00,0.00,0.00,0.000,0.00,"62,962.22","62,962.22",0.00,"62,962.22",0.000,0.00,"56,197.29","56,197.29","7,579.12","48,618.17",0.00,0.00,0,"1,515","1,299",763,0,0,35,"119,159",100.0
경상북도,구미시,진미동,2035,0.00,"101,485.82","101,485.82",100.0,0.000,0.00,0.00,0.00,0.00,0.00,0.00,0.00,0.000,0.00,"54,773.79","54,773.79",0.00,"54,773.79",0.000,0.00,"46,712.03","46,712.03","9,149.86","37,346.76",215.41,0.00,0,900,995,387,0,9,37,"101,485",100.0
경상북도,구미시,양포동,2035,0.00,"125,446.81","125,446.81",100.0,0.000,0.00,0.00,0.00,0.00,0.00,0.00,0.00,38.400,0.00,"55,990.69","55,990.69",0.00,"55,990.69",36.200,0.00,"69,456.12","69,456.12","10,487.24","58,846.68",0.00,122.20,0,"1,118","1,479",250,0,0,22,"121,366",96.7
경상북도,영주시,소계,,"787,660.00","787,790.00","743,120.00",94.3,0.600,"12,670.00","12,670.00","12,670.00",420.00,870.00,"5,980.00","5,400.00",39.610,"400,050.00","400,180.00","395,630.00","20,580.00","375,050.00",39.610,"374,940.00","374,940.00","334,820.00","41,120.00","99,890.00","23,140.00","170,670.00",0,"5,998","5,361","18,018","5,481",25,205,"743,030",100.0
경상북도,영주시,풍기읍,2035,"134,910.00","134,910.00","134,910.00",100.0,0.000,0.00,0.00,0.00,0.00,0.00,0.00,0.00,6.670,"74,420.00","74,420.00","74,420.00",960.00,"73,460.00",6.670,"60,490.00","60,490.00","60,490.00","3,080.00","16,420.00","9,880.00","31,110.00",0,878,896,"2,525","1,244",14,33,"134,910",100.0
경상북도,영주시,이산면,2035,"6,020.00","6,020.00","6,020.00",100.0,0.100,"1,850.00","1,850.00","1,850.00",0.00,0.00,0.00,"1,850.00",0.300,"1,280.00","1,280.00","1,280.00",0.00,"1,280.00",0.300,"2,890.00","2,890.00","2,890.00",190.00,"1,520.00",300.00,880.00,0,50,7,82,109,0,5,"6,650",110.5
경상북도,영주시,평은면,2035,"2,920.00","2,920.00","2,920.00",100.0,0.000,0.00,0.00,0.00,0.00,0.00,0.00,0.00,0.190,"2,920.00","2,920.00","2,920.00",0.00,"2,920.00",0.190,0.00,0.00,0.00,0.00,0.00,0.00,0.00,0,28,0,170,72,0,0,"2,920",100.0
경상북도,영주시,문수면,2035,"5,250.00","5,250.00","5,250.00",100.0,0.000,0.00,0.00,0.00,0.00,0.00,0.00,0.00,0.440,"5,250.00","5,250.00","5,250.00",0.00,"5,250.00",0.440,0.00,0.00,0.00,0.00,0.00,0.00,0.00,0,107,0,120,89,0,0,"5,250",100.0
경상북도,영주시,장수면,2035,"10,120.00","10,120.00","10,120.00",100.0,0.000,0.00,0.00,0.00,0.00,0.00,0.00,0.00,0.630,"10,120.00","10,120.00","10,120.00",0.00,"10,120.00",0.630,0.00,0.00,0.00,0.00,0.00,0.00,0.00,0,151,0,330,123,0,0,"10,120",100.0
경상북도,영주시,안정면,2035,"44,320.00","44,320.00","43,620.00",98.4,0.100,"2,410.00","2,410.00","2,410.00",0.00,0.00,"2,410.00",0.00,2.410,"27,600.00","27,600.00","26,900.00",0.00,"26,900.00",2.410,"14,310.00","14,310.00","14,310.00",400.00,0.00,"9,110.00","4,800.00",0,218,5,720,211,1,16,"41,020",94.0
경상북도,영주시,봉현면,2035,"49,560.00","49,560.00","49,560.00",100.0,0.200,"5,040.00","5,040.00","5,040.00",0.00,0.00,"2,210.00","2,830.00",2.480,"26,170.00","26,170.00","26,170.00",0.00,"26,170.00",2.480,"18,350.00","18,350.00","18,350.00",500.00,"8,610.00","3,850.00","5,390.00",0,272,95,560,215,3,12,"49,560",100.0
경상북도,영주시,순흥면,2035,"15,990.00","15,990.00","15,990.00",100.0,0.000,0.00,0.00,0.00,0.00,0.00,0.00,0.00,2.060,"15,990.00","15,990.00","15,990.00",0.00,"15,990.00",2.060,0.00,0.00,0.00,0.00,0.00,0.00,0.00,0,166,0,510,56,0,0,"15,990",100.0
경상북도,영주시,단산면,2035,"8,650.00","8,650.00","8,650.00",100.0,0.000,0.00,0.00,0.00,0.00,0.00,0.00,0.00,0.900,"8,650.00","8,650.00","8,650.00",0.00,"8,650.00",0.900,0.00,0.00,0.00,0.00,0.00,0.00,0.00,0,134,0,490,45,0,0,"8,650",100.0
경상북도,영주시,부석면,2035,"15,560.00","15,560.00","15,560.00",100.0,0.000,0.00,0.00,0.00,0.00,0.00,0.00,0.00,1.850,"15,560.00","15,560.00","15,560.00",0.00,"15,560.00",1.850,0.00,0.00,0.00,0.00,0.00,0.00,0.00,0,226,0,630,66,0,0,"15,560",100.0
경상북도,영주시,상망동,2035,"29,500.00","29,500.00","24,700.00",83.7,0.000,0.00,0.00,0.00,0.00,0.00,0.00,0.00,4.240,"13,850.00","13,850.00","12,650.00",0.00,"12,650.00",4.240,"15,650.00","15,650.00","12,050.00","3,280.00","5,570.00",0.00,"3,200.00",0,349,353,"1,630",346,1,21,"26,570",107.6
경상북도,영주시,하망동,2035,"58,680.00","58,680.00","58,680.00",100.0,0.000,0.00,0.00,0.00,0.00,0.00,0.00,0.00,1.160,"21,080.00","21,080.00","21,080.00",0.00,"21,080.00",1.160,"37,600.00","37,600.00","37,600.00","3,760.00","8,480.00",0.00,"25,360.00",0,531,623,"1,466",382,0,0,"58,680",100.0
경상북도,영주시,영주1동,2035,"45,230.00","45,230.00","45,230.00",100.0,0.000,0.00,0.00,0.00,0.00,0.00,0.00,0.00,1.010,"19,190.00","19,190.00","19,190.00",0.00,"19,190.00",1.010,"26,040.00","26,040.00","26,040.00","2,700.00","3,450.00",0.00,"19,890.00",0,507,565,"1,201",251,0,0,"45,230",100.0
경상북도,영주시,영주2동,2035,"23,750.00","23,750.00","23,750.00",100.0,0.000,0.00,0.00,0.00,0.00,0.00,0.00,0.00,0.490,"7,720.00","7,720.00","7,720.00",0.00,"7,720.00",0.490,"16,030.00","16,030.00","16,030.00","1,720.00","3,110.00",0.00,"11,200.00",0,203,244,"1,024",233,0,0,"23,750",100.0
경상북도,영주시,휴천1동,2035,"42,530.00","42,530.00","42,530.00",100.0,0.000,0.00,0.00,0.00,0.00,0.00,0.00,0.00,1.860,"19,350.00","19,350.00","19,350.00",0.00,"19,350.00",1.860,"23,180.00","23,180.00","23,180.00","1,860.00","6,870.00",0.00,"14,450.00",0,388,443,994,454,2,31,"42,530",100.0
경상북도,영주시,휴천2동,2035,"57,820.00","57,820.00","57,820.00",100.0,0.000,0.00,0.00,0.00,0.00,0.00,0.00,0.00,0.880,"21,700.00","21,700.00","21,700.00",0.00,"21,700.00",0.880,"36,120.00","36,120.00","36,120.00","6,890.00","7,590.00",0.00,"21,640.00",0,422,528,"1,412",445,0,5,"57,820",100.0
경상북도,영주시,휴천3동,2035,"50,520.00","50,520.00","50,520.00",100.0,0.000,0.00,0.00,0.00,0.00,0.00,0.00,0.00,2.450,"21,400.00","21,400.00","21,400.00","7,170.00","14,230.00",2.450,"29,120.00","29,120.00","29,120.00","4,560.00","11,560.00",0.00,"13,000.00",0,406,486,"1,243",344,2,27,"50,520",100.0
경상북도,영주시,가흥1동,2035,"88,960.00","89,090.00","74,360.00",83.5,0.000,0.00,0.00,0.00,0.00,0.00,0.00,0.00,3.700,"37,800.00","37,930.00","37,930.00","2,170.00","35,760.00",3.700,"51,160.00","51,160.00","36,430.00","6,060.00","16,030.00",0.00,"14,340.00",0,437,492,"1,856",371,1,23,"74,370",100.0
경상북도,영주시,가흥2동,2035,"97,370.00","97,370.00","72,930.00",74.9,0.200,"3,370.00","3,370.00","3,370.00",420.00,870.00,"1,360.00",720.00,5.890,"50,000.00","50,000.00","47,350.00","10,280.00","37,070.00",5.890,"44,000.00","44,000.00","22,210.00","6,120.00","10,680.00",0.00,"5,410.00",0,525,624,"1,055",425,1,32,"72,930",100.0
경상북도,영천시,소계,,"860,831.00","1,773,251.00","1,592,183.00",89.8,30.100,"192,221.00","995,253.00","933,724.00","484,362.00","286,855.00","93,002.00","69,505.00",18.150,"566,101.00","666,694.00","571,421.00","127,505.00","443,916.00",22.730,"102,509.00","111,304.00","87,038.00","29,941.00","45,133.00","10,158.00","1,806.00",207,"22,130",0,"54,194",166,21,369,"511,462",32.1
경상북도,영천시,금호읍,2035,"200,051.00","464,089.00","464,089.00",100.0,15.000,"51,800.00","254,132.00","254,132.00","72,658.00","60,990.00","60,484.00","60,000.00",3.880,"130,894.00","184,091.00","184,091.00","68,298.00","115,793.00",3.880,"17,357.00","25,866.00","25,866.00","21,238.00","2,728.00","1,791.00",109.00,35,"3,852",0,"4,300",20,3,75,"107,829",23.2
경상북도,영천시,청통면,2035,"60,825.00","260,825.00","250,274.00",96.0,0.800,0.00,"200,000.00","200,000.00","200,000.00",0.00,0.00,0.00,0.920,"60,825.00","60,825.00","50,274.00",0.00,"50,274.00",1.720,0.00,0.00,0.00,0.00,0.00,0.00,0.00,3,712,0,650,1,0,15,"44,700",17.9
경상북도,영천시,신녕면,2035,"29,125.00","229,125.00","223,470.00",97.5,1.800,0.00,"200,000.00","200,000.00","99,800.00","73,126.00","21,153.00","5,921.00",1.500,"29,125.00","29,125.00","23,470.00",0.00,"23,470.00",1.210,0.00,0.00,0.00,0.00,0.00,0.00,0.00,1,782,0,"1,195",1,0,33,"23,470",10.5
경상북도,영천시,화산면,2035,"7,262.00","7,262.00","6,464.00",89.0,0.000,0.00,0.00,0.00,0.00,0.00,0.00,0.00,0.400,"7,262.00","7,262.00","6,464.00",464.00,"6,000.00",0.400,0.00,0.00,0.00,0.00,0.00,0.00,0.00,2,205,0,312,1,0,0,"6,400",99.0
경상북도,영천시,화북면,2035,"6,998.00","7,647.00","7,647.00",100.0,0.000,0.00,0.00,0.00,0.00,0.00,0.00,0.00,0.290,"6,532.00","7,115.00","7,115.00","1,220.00","5,895.00",0.290,466.00,532.00,532.00,0.00,532.00,0.00,0.00,7,217,0,430,3,0,0,"5,895",77.1
경상북도,영천시,화남면,2035,"9,942.00","9,942.00","9,942.00",100.0,1.200,0.00,0.00,0.00,0.00,0.00,0.00,0.00,0.580,"9,733.00","9,733.00","9,733.00",0.00,"9,733.00",0.530,209.00,209.00,209.00,0.00,209.00,0.00,0.00,3,350,0,300,1,0,0,"9,733",97.9
경상북도,영천시,자양면,2035,"2,937.00","2,937.00",0.00,0.0,0.000,0.00,0.00,0.00,0.00,0.00,0.00,0.00,0.000,"2,937.00","2,937.00",0.00,0.00,0.00,0.000,0.00,0.00,0.00,0.00,0.00,0.00,0.00,1,0,0,435,2,0,0,0,0.0
경상북도,영천시,임고면,2035,"8,198.00","8,198.00",0.00,0.0,0.000,0.00,0.00,0.00,0.00,0.00,0.00,0.00,0.000,"7,633.00","7,633.00",0.00,0.00,0.00,0.000,565.00,565.00,0.00,0.00,0.00,0.00,0.00,9,0,0,900,5,0,1,0,0.0
경상북도,영천시,고경면,2035,"14,326.00","215,130.00","213,382.00",99.2,2.900,0.00,"200,700.00","200,700.00","100,700.00","100,000.00",0.00,0.00,2.300,"14,326.00","14,326.00","12,578.00",0.00,"12,578.00",0.500,0.00,104.00,104.00,0.00,48.00,56.00,0.00,1,15,0,810,7,0,30,0,0.0
경상북도,영천시,북안면,2035,"12,460.00","13,029.00","13,029.00",100.0,1.900,0.00,0.00,0.00,0.00,0.00,0.00,0.00,1.040,"12,460.00","12,913.00","12,913.00",0.00,"12,913.00",0.550,0.00,116.00,116.00,0.00,116.00,0.00,0.00,2,271,0,462,10,0,0,0,0.0
경상북도,영천시,대창면,2035,"19,374.00","19,374.00","9,538.00",49.2,0.490,0.00,0.00,0.00,0.00,0.00,0.00,0.00,0.690,"17,269.00","17,269.00","8,403.00",0.00,"8,403.00",1.090,"2,105.00","2,105.00","1,135.00",100.00,"1,035.00",0.00,0.00,13,347,0,350,15,0,0,"8,373",87.8
경상북도,영천시,동부동,2035,"129,834.00","176,194.00","143,545.00",81.5,1.510,"61,905.00","61,905.00","34,507.00","4,862.00","23,068.00","5,083.00","1,494.00",1.200,"48,565.00","94,925.00","94,925.00","51,186.00","43,739.00",2.710,"19,364.00","19,364.00","14,113.00","2,029.00","9,723.00","1,960.00",401.00,40,"3,671",0,"25,000",20,6,43,"87,694",61.1
경상북도,영천시,중앙동,2035,"106,139.00","106,139.00","55,717.00",52.5,0.600,"7,957.00","7,957.00","4,497.00",642.00,"3,006.00",637.00,212.00,0.610,"87,253.00","87,253.00","43,338.00",978.00,"42,360.00",1.210,"10,929.00","10,929.00","7,882.00","1,150.00","5,393.00","1,112.00",227.00,18,"3,023",0,"4,247",17,4,6,"30,422",54.6
경상북도,영천시,서부동,2035,"76,921.00","76,921.00","61,308.00",79.7,1.200,"18,157.00","18,157.00","10,265.00","1,467.00","6,862.00","1,453.00",483.00,1.640,"44,977.00","44,977.00","41,101.00","1,476.00","39,625.00",2.840,"13,787.00","13,787.00","9,942.00","1,452.00","6,802.00","1,402.00",286.00,22,"2,779",0,"4,700",21,3,43,"58,768",95.9
경상북도,영천시,완산동,2035,"94,879.00","94,879.00","65,563.00",69.1,0.700,"52,402.00","52,402.00","29,623.00","4,233.00","19,803.00","4,192.00","1,395.00",0.730,"29,502.00","29,502.00","26,649.00","1,378.00","25,271.00",1.430,"12,975.00","12,975.00","9,291.00","1,366.00","6,336.00","1,320.00",269.00,20,"2,351",0,"4,983",19,1,29,"63,526",96.9
경상북도,영천시,남부동,2035,"81,560.00","81,560.00","68,215.00",83.6,2.000,0.00,0.00,0.00,0.00,0.00,0.00,0.00,2.370,"56,808.00","56,808.00","50,367.00","2,505.00","47,862.00",4.370,"24,752.00","24,752.00","17,848.00","2,606.00","12,211.00","2,517.00",514.00,30,"3,555",0,"5,120",23,4,94,"64,652",94.8
경상북도,상주시,소계,,"843,902.00","890,405.00","735,764.00",82.6,0.000,0.00,0.00,0.00,0.00,0.00,0.00,0.00,22.500,"472,560.00","500,038.00","406,688.00",0.00,"406,688.00",22.500,"371,342.00","390,367.00","329,076.00","29,545.00","220,699.00","27,727.00","51,105.00",0,"8,942","4,128","11,814",0,38,25,"578,318",78.6
경상북도,상주시,함창읍,2035,"116,477.00","116,477.00","84,121.00",72.2,0.000,0.00,0.00,0.00,0.00,0.00,0.00,0.00,2.700,"38,635.00","38,635.00","30,197.00",0.00,"30,197.00",2.700,"77,842.00","77,842.00","53,924.00","3,483.00","35,808.00",241.00,"14,392.00",0,676,742,"1,786",0,10,0,"90,429",107.5
경상북도,상주시,중동면,2035,"8,866.00","8,866.00","5,928.00",66.9,0.000,0.00,0.00,0.00,0.00,0.00,0.00,0.00,0.300,"7,844.00","7,844.00","4,906.00",0.00,"4,906.00",0.300,"1,022.00","1,022.00","1,022.00",56.00,368.00,598.00,0.00,0,106,8,79,0,0,0,"3,570",60.2
경상북도,상주시,사벌국면,2035,"18,689.00","31,279.00","25,528.00",81.6,0.000,0.00,0.00,0.00,0.00,0.00,0.00,0.00,2.100,"17,195.00","17,195.00","11,444.00",0.00,"11,444.00",2.100,"1,494.00","14,084.00","14,084.00",26.00,"13,371.00",687.00,0.00,0,538,32,553,0,0,0,"6,236",24.4
경상북도,상주시,낙동면,2035,"17,671.00","17,671.00","13,188.00",74.6,0.000,0.00,0.00,0.00,0.00,0.00,0.00,0.00,0.800,"14,243.00","14,243.00","9,760.00",0.00,"9,760.00",0.800,"3,428.00","3,428.00","3,428.00",353.00,"1,252.00","1,823.00",0.00,0,133,45,410,0,0,0,"9,907",75.1
경상북도,상주시,청리면,2035,"46,772.00","53,157.00","53,157.00",100.0,0.000,0.00,0.00,0.00,0.00,0.00,0.00,0.00,1.500,"40,804.00","47,189.00","47,189.00",0.00,"47,189.00",1.500,"5,968.00","5,968.00","5,968.00",0.00,"3,395.00","2,573.00",0.00,0,836,396,811,0,0,0,"24,997",47.0
경상북도,상주시,공성면,2035,"27,013.00","27,013.00","25,410.00",94.1,0.000,0.00,0.00,0.00,0.00,0.00,0.00,0.00,0.800,"17,364.00","17,364.00","15,761.00",0.00,"15,761.00",0.800,"9,649.00","9,649.00","9,649.00",717.00,"6,582.00","2,350.00",0.00,0,351,45,465,0,0,0,"17,253",67.9
경상북도,상주시,외남면,2035,"7,850.00","8,258.00","3,544.00",42.9,0.000,0.00,0.00,0.00,0.00,0.00,0.00,0.00,0.200,"7,220.00","7,220.00","2,506.00",0.00,"2,506.00",0.200,630.00,"1,038.00","1,038.00",0.00,673.00,365.00,0.00,0,65,0,61,0,0,0,0,0.0
경상북도,상주시,내서면,2035,"2,734.00","14,565.00","14,565.00",100.0,0.000,0.00,0.00,0.00,0.00,0.00,0.00,0.00,0.200,95.00,"6,878.00","6,878.00",0.00,"6,878.00",0.200,"2,639.00","7,687.00","7,687.00",56.00,"5,646.00","1,985.00",0.00,0,0,15,32,0,0,0,0,0.0
경상북도,상주시,모동면,2035,"28,685.00","30,067.00","30,067.00",100.0,0.000,0.00,0.00,0.00,0.00,0.00,0.00,0.00,1.000,"21,861.00","23,004.00","23,004.00",0.00,"23,004.00",1.000,"6,824.00","7,063.00","7,063.00",425.00,"1,496.00","5,142.00",0.00,0,415,25,358,0,0,0,"13,360",44.4
경상북도,상주시,모서면,2035,"19,509.00","21,544.00","21,544.00",100.0,0.000,0.00,0.00,0.00,0.00,0.00,0.00,0.00,0.600,"14,830.00","16,344.00","16,344.00",0.00,"16,344.00",0.600,"4,679.00","5,200.00","5,200.00",551.00,"1,219.00","3,430.00",0.00,0,290,13,240,0,0,0,"6,326",29.4
경상북도,상주시,화동면,2035,"12,408.00","19,420.00","19,420.00",100.0,0.000,0.00,0.00,0.00,0.00,0.00,0.00,0.00,0.600,"9,236.00","16,248.00","16,248.00",0.00,"16,248.00",0.600,"3,172.00","3,172.00","3,172.00",462.00,765.00,"1,945.00",0.00,0,354,19,382,0,0,0,"11,857",61.1
경상북도,상주시,화서면,2035,"33,320.00","33,769.00","33,769.00",100.0,0.000,0.00,0.00,0.00,0.00,0.00,0.00,0.00,1.200,"28,423.00","28,872.00","28,872.00",0.00,"28,872.00",1.200,"4,897.00","4,897.00","4,897.00",40.00,"2,567.00","2,290.00",0.00,0,482,27,472,0,0,0,"26,381",78.1
경상북도,상주시,화북면,2035,"21,316.00","21,316.00","17,707.00",83.1,0.000,0.00,0.00,0.00,0.00,0.00,0.00,0.00,1.000,"18,696.00","18,696.00","15,087.00",0.00,"15,087.00",1.000,"2,620.00","2,620.00","2,620.00",283.00,"1,819.00",518.00,0.00,0,303,17,255,0,0,0,"7,424",41.9
경상북도,상주시,외서면,2035,"5,994.00","5,994.00","1,212.00",20.2,0.000,0.00,0.00,0.00,0.00,0.00,0.00,0.00,0.100,"5,587.00","5,587.00",805.00,0.00,805.00,0.100,407.00,407.00,407.00,0.00,351.00,56.00,0.00,0,49,16,77,0,0,0,0,0.0
경상북도,상주시,은척면,2035,"8,061.00","8,061.00","7,756.00",96.2,0.000,0.00,0.00,0.00,0.00,0.00,0.00,0.00,0.200,"6,322.00","6,322.00","6,017.00",0.00,"6,017.00",0.200,"1,739.00","1,739.00","1,739.00",53.00,745.00,941.00,0.00,0,184,27,205,0,0,0,"6,322",81.5
경상북도,상주시,공검면,2035,"9,641.00","14,052.00","14,052.00",100.0,0.000,0.00,0.00,0.00,0.00,0.00,0.00,0.00,0.400,"8,085.00","12,277.00","12,277.00",0.00,"12,277.00",0.400,"1,556.00","1,775.00","1,775.00",194.00,952.00,629.00,0.00,0,179,20,390,0,0,0,"5,418",38.6
경상북도,상주시,이안면,2035,"6,886.00","6,886.00","1,741.00",25.3,0.000,0.00,0.00,0.00,0.00,0.00,0.00,0.00,0.200,"5,082.00","5,082.00",0.00,0.00,0.00,0.200,"1,804.00","1,804.00","1,741.00",152.00,922.00,667.00,0.00,0,0,24,16,0,0,0,0,0.0
경상북도,상주시,화남면,2035,"4,272.00","4,272.00","1,326.00",31.0,0.000,0.00,0.00,0.00,0.00,0.00,0.00,0.00,0.200,"3,261.00","3,261.00",315.00,0.00,315.00,0.200,"1,011.00","1,011.00","1,011.00",25.00,421.00,565.00,0.00,0,15,94,97,0,0,0,385,29.0
경상북도,상주시,남원동,2035,"90,648.00","90,648.00","67,902.00",74.9,0.000,0.00,0.00,0.00,0.00,0.00,0.00,0.00,1.600,"42,443.00","42,443.00","27,891.00",0.00,"27,891.00",1.600,"48,205.00","48,205.00","40,011.00","4,476.00","28,104.00",182.00,"7,249.00",0,684,532,956,0,0,0,"65,206",96.0
경상북도,상주시,북문동,2035,"82,056.00","82,056.00","58,690.00",71.5,0.000,0.00,0.00,0.00,0.00,0.00,0.00,0.00,1.900,"36,872.00","36,872.00","21,188.00",0.00,"21,188.00",1.900,"45,184.00","45,184.00","37,502.00","4,195.00","26,343.00",170.00,"6,794.00",0,566,524,852,0,0,0,"57,793",98.5
경상북도,상주시,계림동,2035,"65,410.00","65,410.00","54,030.00",82.6,0.000,0.00,0.00,0.00,0.00,0.00,0.00,0.00,1.500,"21,476.00","21,476.00","18,881.00",0.00,"18,881.00",1.500,"43,934.00","43,934.00","35,149.00","3,932.00","24,689.00",160.00,"6,368.00",0,457,508,761,0,0,0,"51,507",95.3
경상북도,상주시,동문동,2035,"90,297.00","90,297.00","76,979.00",85.3,0.000,0.00,0.00,0.00,0.00,0.00,0.00,0.00,1.700,"37,420.00","37,420.00","31,504.00",0.00,"31,504.00",1.700,"52,877.00","52,877.00","45,475.00","5,087.00","31,943.00",207.00,"8,238.00",0,798,600,"1,095",0,0,0,"74,635",97.0
경상북도,상주시,동성동,2035,"53,916.00","53,916.00","46,647.00",86.5,0.000,0.00,0.00,0.00,0.00,0.00,0.00,0.00,0.700,"28,226.00","28,226.00","24,037.00",0.00,"24,037.00",0.700,"25,690.00","25,690.00","22,610.00","2,529.00","15,882.00",103.00,"4,096.00",0,605,242,664,0,0,0,"44,913",96.3
경상북도,상주시,신흥동,2035,"65,411.00","65,411.00","57,481.00",87.9,0.000,0.00,0.00,0.00,0.00,0.00,0.00,0.00,1.000,"41,340.00","41,340.00","35,577.00",0.00,"35,577.00",1.000,"24,071.00","24,071.00","21,904.00","2,450.00","15,386.00",100.00,"3,968.00",0,856,157,797,0,28,25,"54,399",94.6
경상북도,문경시,소계,,"845,616.20","897,050.00","823,455.00",91.8,0.000,0.00,0.00,0.00,0.00,0.00,0.00,0.00,27.340,"471,412.10","496,290.40","449,514.40","449,514.40",0.00,882.150,"374,204.10","400,759.60","373,940.60","117,390.50","150,611.00","26,382.10","79,557.00",0,"7,868","6,621","23,329",404,0,180,"804,878",97.7
경상북도,문경시,문경읍,2035,"126,162.00","140,491.00","140,491.00",100.0,0.000,0.00,0.00,0.00,0.00,0.00,0.00,0.00,4.640,"72,943.00","80,189.00","80,189.00","80,189.00",0.00,152.320,"53,219.00","60,302.00","60,302.00","23,040.00","23,041.00","4,846.00","9,375.00",0,"1,257","1,060","3,870",0,0,25,"121,377",86.4
경상북도,문경시,가은읍,2035,"120,945.00","120,945.00","93,431.00",77.3,0.000,0.00,0.00,0.00,0.00,0.00,0.00,0.00,3.050,"61,257.00","61,257.00","48,334.00","48,334.00",0.00,149.350,"59,688.00","59,688.00","45,097.00","6,236.00","21,868.00","1,088.00","15,905.00",0,930,784,"2,722",0,0,47,"120,924",129.4
경상북도,문경시,영순면,2035,"38,706.00","38,866.00","36,134.00",93.0,0.000,0.00,0.00,0.00,0.00,0.00,0.00,0.00,1.510,"26,558.00","26,558.00","23,826.00","23,826.00",0.00,36.750,"12,148.00","12,308.00","12,308.00","3,579.00","3,085.00",260.00,"5,384.00",0,319,269,785,0,0,4,"36,021",99.7
경상북도,문경시,산양면,2035,"37,264.00","38,220.00","31,325.00",82.0,0.000,0.00,0.00,0.00,0.00,0.00,0.00,0.00,2.040,"28,654.00","28,654.00","21,759.00","21,759.00",0.00,30.240,"8,610.00","9,566.00","9,566.00","3,635.00","1,181.00","4,511.00",239.00,0,133,113,407,0,0,4,"29,413",93.9
경상북도,문경시,호계면,2035,"40,326.00","40,326.00","27,039.00",67.1,0.000,0.00,0.00,0.00,0.00,0.00,0.00,0.00,3.000,"18,841.00","18,841.00","11,614.00","11,614.00",0.00,50.160,"21,485.00","21,485.00","15,425.00","1,459.00","3,369.00",104.00,"10,493.00",0,304,245,894,0,0,18,"38,445",142.2
경상북도,문경시,산북면,2035,"38,376.00","38,376.00","35,265.00",91.9,0.000,0.00,0.00,0.00,0.00,0.00,0.00,0.00,0.980,"38,376.00","38,376.00","35,265.00","35,265.00",0.00,109.480,0.00,0.00,0.00,0.00,0.00,0.00,0.00,0,164,138,315,0,0,0,"36,055",102.2
경상북도,문경시,동로면,2035,"5,068.00","5,081.00","5,075.00",99.9,0.000,0.00,0.00,0.00,0.00,0.00,0.00,0.00,0.210,"4,945.00","4,945.00","4,939.00","4,939.00",0.00,141.920,123.00,136.00,136.00,136.00,0.00,0.00,0.00,0,101,85,258,0,0,0,"5,049",99.5
경상북도,문경시,마성면,2035,"26,704.00","26,704.00","18,556.00",69.5,0.000,0.00,0.00,0.00,0.00,0.00,0.00,0.00,3.190,"16,822.00","16,822.00","14,842.00","14,842.00",0.00,71.400,"9,882.00","9,882.00","3,714.00","1,288.00",866.00,279.00,"1,281.00",0,905,762,"2,725",0,0,12,"18,637",100.4
경상북도,문경시,농암면,2035,"71,093.00","71,093.00","59,191.00",83.3,0.000,0.00,0.00,0.00,0.00,0.00,0.00,0.00,1.360,"46,521.00","46,521.00","34,619.00","34,619.00",0.00,101.780,"24,572.00","24,572.00","24,572.00","3,872.00","7,014.00",686.00,"13,000.00",0,427,360,"1,253",0,0,23,"59,102",99.8
경상북도,문경시,점촌1동,2035,"75,013.80","83,247.00","83,247.00",100.0,0.000,0.00,0.00,0.00,0.00,0.00,0.00,0.00,0.710,"34,428.90","38,626.00","38,626.00","38,626.00",0.00,0.180,"40,584.90","44,621.00","44,621.00","16,312.80","19,841.40","3,213.60","5,253.20",0,732,617,"2,222",0,0,10,"74,768",89.8
경상북도,문경시,점촌2동,2035,"68,194.40","75,308.00","75,308.00",100.0,0.000,0.00,0.00,0.00,0.00,0.00,0.00,0.00,1.900,"31,299.00","34,744.00","34,744.00","34,744.00",0.00,2.680,"36,895.40","40,564.00","40,564.00","14,829.00","18,037.40","2,921.20","4,776.40",0,666,561,"2,020",0,0,10,"67,971",90.3
경상북도,문경시,점촌3동,2035,"61,375.00","67,777.00","67,777.00",100.0,0.000,0.00,0.00,0.00,0.00,0.00,0.00,0.00,1.700,"28,169.10","31,269.00","31,269.00","31,269.00",0.00,7.240,"33,205.90","36,508.00","36,508.00","13,346.20","16,233.40","2,629.80","4,298.60",0,599,505,"1,818",0,0,8,"61,174",90.3
경상북도,문경시,점촌4동,2035,"51,145.90","56,481.00","56,481.00",100.0,0.000,0.00,0.00,0.00,0.00,0.00,0.00,0.00,1.400,"23,474.30","26,058.40","26,058.40","26,058.40",0.00,28.240,"27,671.60","30,422.60","30,422.60","11,121.30","13,528.30","2,191.20","3,581.80",0,499,421,"1,515",27,0,8,"50,978",90.3
경상북도,문경시,점촌5동,2035,"85,243.10","94,135.00","94,135.00",100.0,0.000,0.00,0.00,0.00,0.00,0.00,0.00,0.00,1.650,"39,123.80","43,430.00","43,430.00","43,430.00",0.00,0.410,"46,119.30","50,705.00","50,705.00","18,536.20","22,546.50","3,652.30","5,970.00",0,832,701,"2,525",377,0,11,"84,964",90.3
경상북도,경산시,소계,,"1,534,721.00","1,536,138.00","1,044,518.80",68.0,0.000,"214,231.00","214,231.00","204,931.00","15,593.00","111,111.00","78,227.00",0.00,93.560,"796,461.00","796,461.00","487,220.00",759.00,"486,461.00",93.560,"524,029.00","525,446.00","352,367.80","30,073.00","276,157.80","46,137.00",0.00,"2,767","11,671","7,867","38,279","18,917",20,20,"904,395",86.6
경상북도,경산시,하양읍,2035,"186,152.00","186,152.00","95,316.50",51.2,0.000,"12,032.00","12,032.00","12,032.00","2,401.00","5,236.00","4,395.00",0.00,11.530,"96,490.00","96,490.00","47,948.50",0.00,"47,948.50",11.530,"77,630.00","77,630.00","35,336.00","5,425.00","25,797.00","4,114.00",0.00,190,"1,106",778,"2,680","2,205",4,4,"83,155",87.2
경상북도,경산시,진량읍,2035,"353,347.00","353,347.00","202,690.00",57.4,0.000,"61,294.00","61,294.00","61,294.00","1,261.00","31,776.00","28,257.00",0.00,22.790,"165,603.00","165,603.00","72,631.00",397.00,"72,234.00",22.790,"126,450.00","126,450.00","68,765.00","7,804.00","52,061.00","8,900.00",0.00,684,"1,482","1,232","2,919","2,435",0,0,"171,465",84.6
경상북도,경산시,압량읍,2035,"79,094.00","79,094.00","67,490.60",85.3,0.000,"7,794.00","7,794.00","7,794.00",159.00,"6,550.00","1,085.00",0.00,7.700,"42,275.00","42,275.00","41,503.20",0.00,"41,503.20",7.700,"29,025.00","29,025.00","18,193.40","1,228.00","13,816.40","3,149.00",0.00,94,639,217,"1,220",247,4,4,"50,651",75.0
경상북도,경산시,와촌면,2035,"95,311.00","95,311.00","68,865.00",72.3,0.000,"23,081.00","23,081.00","23,081.00","1,844.00","14,111.00","7,126.00",0.00,11.410,"71,480.00","71,480.00","45,034.00",0.00,"45,034.00",11.410,750.00,750.00,750.00,0.00,174.00,576.00,0.00,335,788,4,"2,850",13,1,1,"59,983",87.1
경상북도,경산시,자인면,2035,"143,957.00","143,957.00","76,267.70",53.0,0.000,"22,914.00","22,914.00","22,914.00","1,191.00","16,168.00","5,555.00",0.00,7.330,"74,493.00","74,493.00","33,720.20",0.00,"33,720.20",7.330,"46,550.00","46,550.00","19,633.50","1,479.00","16,373.50","1,781.00",0.00,382,910,402,"1,708","1,021",0,0,"61,162",80.2
경상북도,경산시,용성면,2035,"74,271.00","74,271.00","44,763.00",60.3,0.000,"35,572.00","35,572.00","26,272.00","1,740.00","14,027.00","10,505.00",0.00,2.250,"32,682.00","32,682.00","16,782.00",0.00,"16,782.00",2.250,"6,017.00","6,017.00","1,709.00",0.00,591.00,"1,118.00",0.00,206,62,5,687,36,0,0,"41,137",91.9
경상북도,경산시,남산면,2035,"31,762.00","33,179.00","10,872.00",32.8,0.000,0.00,0.00,0.00,0.00,0.00,0.00,0.00,6.820,"31,762.00","31,762.00","9,455.00",0.00,"9,455.00",6.820,0.00,"1,417.00","1,417.00",0.00,"1,417.00",0.00,0.00,0,217,12,202,0,0,0,"3,332",30.6
경상북도,경산시,남천면,2035,"55,334.00","55,334.00","35,581.00",64.3,0.000,"4,074.00","4,074.00","4,074.00",287.00,"2,232.00","1,555.00",0.00,3.630,"36,934.00","36,934.00","17,181.00",0.00,"17,181.00",3.630,"14,326.00","14,326.00","14,326.00","1,086.00","10,252.00","2,988.00",0.00,73,485,326,"1,211",822,5,5,"32,585",91.6
경상북도,경산시,중방동,2035,"52,452.00","52,452.00","44,606.00",85.0,0.000,"3,933.00","3,933.00","3,933.00",548.00,"1,548.00","1,837.00",0.00,1.200,"25,552.00","25,552.00","20,584.00",0.00,"20,584.00",1.200,"22,967.00","22,967.00","20,089.00","1,117.00","16,483.00","2,489.00",0.00,63,618,512,"1,707","1,254",3,3,"40,619",91.1
경상북도,경산시,중앙동,2035,"40,002.00","40,002.00","35,263.30",88.2,0.000,"3,092.00","3,092.00","3,092.00",431.00,"1,217.00","1,444.00",0.00,0.900,"18,850.00","18,850.00","16,747.30",0.00,"16,747.30",0.900,"18,060.00","18,060.00","15,424.00",879.00,"12,588.00","1,957.00",0.00,49,479,403,"1,297",986,0,0,"32,054",90.9
경상북도,경산시,남부동,2035,"82,586.00","82,586.00","69,404.20",84.0,0.000,"6,219.00","6,219.00","6,219.00",867.00,"2,448.00","2,904.00",0.00,3.700,"40,052.00","40,052.00","32,169.20",0.00,"32,169.20",3.700,"36,315.00","36,315.00","31,016.00","1,767.00","25,313.00","3,936.00",0.00,99,963,811,"3,078","1,982",0,0,"63,130",91.0
경상북도,경산시,서부1동,2035,"125,563.00","125,563.00","107,042.60",85.3,0.000,"12,344.00","12,344.00","12,344.00","2,327.00","5,296.00","4,721.00",0.00,5.600,"56,643.00","56,643.00","46,582.60",280.00,"46,302.60",5.600,"56,576.00","56,576.00","48,116.00","4,425.00","38,140.00","5,551.00",0.00,217,"1,323","1,211","5,583","3,025",2,2,"97,190",90.8
경상북도,경산시,서부2동,2035,"35,931.00","35,931.00","31,119.30",86.6,0.000,"3,602.00","3,602.00","3,602.00",679.00,"1,545.00","1,378.00",0.00,1.500,"18,352.00","18,352.00","13,540.30",82.00,"13,458.30",1.500,"13,977.00","13,977.00","13,977.00","1,291.00","11,066.00","1,620.00",0.00,63,385,351,"4,175",883,0,0,"28,755",92.4
경상북도,경산시,북부동,2035,"60,032.00","60,032.00","52,630.10",87.7,0.000,"4,336.00","4,336.00","4,336.00",604.00,"1,707.00","2,025.00",0.00,2.600,"29,112.00","29,112.00","26,663.10",0.00,"26,663.10",2.600,"26,584.00","26,584.00","21,631.00","1,232.00","17,654.00","2,745.00",0.00,69,875,566,"3,250","1,382",1,1,"48,129",91.4
경상북도,경산시,동부동,2035,"118,927.00","118,927.00","102,607.50",86.3,0.000,"13,944.00","13,944.00","13,944.00","1,254.00","7,250.00","5,440.00",0.00,4.600,"56,181.00","56,181.00","46,678.60",0.00,"46,678.60",4.600,"48,802.00","48,802.00","41,984.90","2,340.00","34,431.90","5,213.00",0.00,243,"1,339","1,037","5,712","2,626",0,0,"91,048",88.7
경상북도,군부,합계,,"3,509,220.00","4,749,284.65","3,905,733.58",82.2,429.610,"223,330.00","329,693.00","306,824.00","46,560.00","109,024.00","45,174.00","106,066.00",258.234,"2,197,063.70","2,948,091.06","2,431,698.94","1,246.00","2,430,452.94",133.097,"1,088,826.30","1,471,500.59","1,167,210.64","285,297.47","484,490.93","220,273.13","177,149.11","18,851","45,038","20,990","109,282","30,568",55,762,"2,461,987",63.0
경상북도,군위군,소계,,"210,458.00","337,893.30","287,028.00",84.9,4.680,0.00,"29,282.00","29,282.00","1,230.00","6,409.00",0.00,"21,643.00",5.500,"74,352.70","143,075.00","137,245.00",0.00,"137,245.00",5.400,"136,105.30","165,536.30","120,501.00","19,298.00","47,429.00",0.00,"53,774.00","3,130",0,0,"8,569",0,0,35,0,0.0
경상북도,군위군,군위읍,2025,"77,501.00","106,311.00","106,311.00",100.0,2.000,0.00,0.00,0.00,0.00,0.00,0.00,0.00,2.000,"28,156.00","31,327.00","31,327.00",0.00,"31,327.00",1.900,"49,345.00","74,984.00","74,984.00","12,031.00","47,429.00",0.00,"15,524.00","1,238",0,0,"5,627",0,0,35,0,0.0
경상북도,군위군,소보면,2025,"14,326.00","33,269.00","18,943.00",56.9,0.000,0.00,"18,943.00","18,943.00",449.00,"4,093.00",0.00,"14,401.00",0.300,"4,093.00","4,093.00",0.00,0.00,0.00,0.300,"10,233.00","10,233.00",0.00,0.00,0.00,0.00,0.00,43,0,0,0,0,0,0,0,0.0
경상북도,군위군,효령면,2025,"37,152.00","62,147.00","55,778.00",89.8,0.100,0.00,0.00,0.00,0.00,0.00,0.00,0.00,0.600,"17,708.00","42,703.00","42,703.00",0.00,"42,703.00",0.600,"19,444.00","19,444.00","13,075.00",456.00,0.00,0.00,"12,619.00",575,0,0,890,0,0,0,0,0.0
경상북도,군위군,부계면,2025,"23,542.00","31,854.00","30,478.00",95.7,1.440,0.00,0.00,0.00,0.00,0.00,0.00,0.00,1.400,"17,237.00","25,549.00","25,549.00",0.00,"25,549.00",1.400,"6,305.00","6,305.00","4,929.00",576.00,0.00,0.00,"4,353.00",364,0,0,911,0,0,0,0,0.0
경상북도,군위군,우보면,2025,"15,739.00","28,886.00","28,886.00",100.0,0.410,0.00,0.00,0.00,0.00,0.00,0.00,0.00,0.400,"3,595.00","12,950.00","12,950.00",0.00,"12,950.00",0.400,"12,144.00","15,936.00","15,936.00","4,409.00",0.00,0.00,"11,527.00",232,0,0,446,0,0,0,0,0.0
경상북도,군위군,의흥면,2025,"23,959.00","32,052.30","18,626.00",58.1,0.350,0.00,0.00,0.00,0.00,0.00,0.00,0.00,0.300,"1,594.70","9,688.00","9,688.00",0.00,"9,688.00",0.300,"22,364.30","22,364.30","8,938.00","1,606.00",0.00,0.00,"7,332.00",135,0,0,344,0,0,0,0,0.0
경상북도,군위군,산성면,2025,"12,091.00","22,430.00","10,339.00",46.1,0.000,0.00,"10,339.00","10,339.00",781.00,"2,316.00",0.00,"7,242.00",0.200,"1,737.00","1,737.00",0.00,0.00,0.00,0.200,"10,354.00","10,354.00",0.00,0.00,0.00,0.00,0.00,270,0,0,0,0,0,0,0,0.0
경상북도,군위군,고로면,2025,"6,148.00","20,944.00","17,667.00",84.4,0.380,0.00,0.00,0.00,0.00,0.00,0.00,0.00,0.300,232.00,"15,028.00","15,028.00",0.00,"15,028.00",0.300,"5,916.00","5,916.00","2,639.00",220.00,0.00,0.00,"2,419.00",273,0,0,351,0,0,0,0,0.0
경상북도,의성군,소계,,"308,126.00","418,132.70","311,484.70",74.5,0.110,"6,142.00","17,150.00","17,150.00","2,117.00","6,964.00","1,502.00","6,567.00",94.090,"197,840.00","283,630.70","214,143.70",0.00,"214,143.70",17.200,"104,144.00","117,352.00","80,191.00","7,776.00","22,894.00","17,427.00","32,094.00","2,469","6,131",777,"8,771","2,302",2,0,"224,422",72.0
경상북도,의성군,의성읍,2035,"54,325.00","118,541.70","118,541.70",100.0,0.030,"2,642.00","3,052.00","3,052.00","1,592.00","1,354.00",106.00,0.00,30.430,"11,040.00","64,349.70","64,349.70",0.00,"64,349.70",4.600,"40,643.00","51,140.00","51,140.00","2,742.00","7,385.00","13,234.00","27,779.00",127,"1,973",408,"2,421",580,1,0,"78,184",66.0
경상북도,의성군,단촌면,2035,"14,880.00","14,919.00","14,919.00",100.0,0.000,0.00,0.00,0.00,0.00,0.00,0.00,0.00,0.570,"14,880.00","14,919.00","14,919.00",0.00,"14,919.00",0.000,0.00,0.00,0.00,0.00,0.00,0.00,0.00,0,406,0,969,0,0,0,"14,919",100.0
경상북도,의성군,점곡면,2035,"13,600.00","13,600.00","13,051.00",96.0,0.000,0.00,0.00,0.00,0.00,0.00,0.00,0.00,0.660,"13,600.00","13,600.00","13,051.00",0.00,"13,051.00",0.000,0.00,0.00,0.00,0.00,0.00,0.00,0.00,0,322,0,969,0,0,0,"13,051",100.0
경상북도,의성군,옥산면,2035,"8,200.00","8,200.00",0.00,0.0,0.000,0.00,0.00,0.00,0.00,0.00,0.00,0.00,0.370,"8,200.00","8,200.00",0.00,0.00,0.00,0.000,0.00,0.00,0.00,0.00,0.00,0.00,0.00,0,0,0,0,0,0,0,0,0.0
경상북도,의성군,사곡면,2035,"14,700.00","14,700.00",0.00,0.0,0.000,0.00,0.00,0.00,0.00,0.00,0.00,0.00,0.450,"14,700.00","14,700.00",0.00,0.00,0.00,0.000,0.00,0.00,0.00,0.00,0.00,0.00,0.00,0,0,0,0,0,0,0,0,0.0
경상북도,의성군,춘산면,2035,"2,920.00","5,031.00","5,031.00",100.0,0.000,0.00,"1,956.00","1,956.00",0.00,"1,956.00",0.00,0.00,0.160,"2,920.00","3,075.00","3,075.00",0.00,"3,075.00",0.000,0.00,0.00,0.00,0.00,0.00,0.00,0.00,0,0,0,78,26,0,0,0,0.0
경상북도,의성군,가음면,2035,"7,590.00","7,590.00",0.00,0.0,0.000,0.00,0.00,0.00,0.00,0.00,0.00,0.00,0.400,"7,590.00","7,590.00",0.00,0.00,0.00,0.000,0.00,0.00,0.00,0.00,0.00,0.00,0.00,0,0,0,0,0,0,0,0,0.0
경상북도,의성군,금성면,2035,"38,943.00","53,834.00","46,049.00",85.5,0.080,"3,500.00","10,234.00","10,234.00",525.00,"1,746.00","1,396.00","6,567.00",21.020,"14,020.00","22,177.00","22,177.00",0.00,"22,177.00",3.200,"21,423.00","21,423.00","13,638.00","2,738.00","9,500.00","1,400.00",0.00,402,952,99,602,411,1,0,"35,100",76.2
경상북도,의성군,봉양면,2035,"23,583.00","33,996.00","26,263.00",77.3,0.000,0.00,0.00,0.00,0.00,0.00,0.00,0.00,14.600,"15,850.00","26,263.00","26,263.00",0.00,"26,263.00",2.000,"7,733.00","7,733.00",0.00,0.00,0.00,0.00,0.00,511,649,135,947,413,0,0,"13,988",53.3
경상북도,의성군,비안면,2035,"10,100.00","10,100.00",0.00,0.0,0.000,0.00,0.00,0.00,0.00,0.00,0.00,0.00,0.440,"10,100.00","10,100.00",0.00,0.00,0.00,0.000,0.00,0.00,0.00,0.00,0.00,0.00,0.00,0,0,0,0,0,0,0,0,0.0
경상북도,의성군,구천면,2035,"2,230.00","4,138.00","4,037.00",97.6,0.000,0.00,"1,908.00","1,908.00",0.00,"1,908.00",0.00,0.00,0.950,"2,230.00","2,230.00","2,129.00",0.00,"2,129.00",0.000,0.00,0.00,0.00,0.00,0.00,0.00,0.00,0,0,0,66,20,0,0,0,0.0
경상북도,의성군,단밀면,2035,"16,051.00","16,051.00","7,095.00",44.2,0.000,0.00,0.00,0.00,0.00,0.00,0.00,0.00,8.000,"12,685.00","12,685.00","7,095.00",0.00,"7,095.00",1.100,"3,366.00","3,366.00",0.00,0.00,0.00,0.00,0.00,125,153,0,208,174,0,0,"7,095",100.0
경상북도,의성군,단북면,2035,"14,323.00","14,323.00","10,324.00",72.1,0.000,0.00,0.00,0.00,0.00,0.00,0.00,0.00,7.000,"8,440.00","8,440.00","6,893.00",0.00,"6,893.00",2.000,"5,883.00","5,883.00","3,431.00",0.00,"1,264.00","2,167.00",0.00,210,829,21,414,196,0,0,"7,893",76.5
경상북도,의성군,안계면,2035,"43,771.00","52,469.00","36,644.00",69.8,0.000,0.00,0.00,0.00,0.00,0.00,0.00,0.00,7.000,"22,585.00","31,283.00","31,283.00",0.00,"31,283.00",2.700,"21,186.00","21,186.00","5,361.00","1,550.00","3,811.00",0.00,0.00,508,224,93,"1,449",382,0,0,"31,283",85.4
경상북도,의성군,다인면,2035,"21,800.00","29,530.00","29,530.00",100.0,0.000,0.00,0.00,0.00,0.00,0.00,0.00,0.00,1.400,"17,890.00","22,909.00","22,909.00",0.00,"22,909.00",1.600,"3,910.00","6,621.00","6,621.00",746.00,934.00,626.00,"4,315.00",586,623,21,648,100,0,0,"22,909",77.6
경상북도,의성군,신평면,2035,"4,910.00","4,910.00",0.00,0.0,0.000,0.00,0.00,0.00,0.00,0.00,0.00,0.00,0.180,"4,910.00","4,910.00",0.00,0.00,0.00,0.000,0.00,0.00,0.00,0.00,0.00,0.00,0.00,0,0,0,0,0,0,0,0,0.0
경상북도,의성군,안평면,2035,"14,240.00","14,240.00",0.00,0.0,0.000,0.00,0.00,0.00,0.00,0.00,0.00,0.00,0.390,"14,240.00","14,240.00",0.00,0.00,0.00,0.000,0.00,0.00,0.00,0.00,0.00,0.00,0.00,0,0,0,0,0,0,0,0,0.0
경상북도,의성군,안사면,2035,"1,960.00","1,960.00",0.00,0.0,0.000,0.00,0.00,0.00,0.00,0.00,0.00,0.00,0.070,"1,960.00","1,960.00",0.00,0.00,0.00,0.000,0.00,0.00,0.00,0.00,0.00,0.00,0.00,0,0,0,0,0,0,0,0,0.0
경상북도,청송군,소계,,"199,952.40","205,963.50","205,923.50",100.0,0.000,0.00,0.00,0.00,0.00,0.00,0.00,0.00,6.374,"143,663.40","149,673.50","149,633.50","1,246.00","148,387.50",6.374,"56,289.00","56,290.00","56,290.00","6,026.00","17,070.00",0.00,"33,194.00",0,"3,724",0,"3,750",700,0,88,"147,319",71.5
경상북도,청송군,청송읍,2030,"52,921.00","53,186.00","53,186.00",100.0,0.000,0.00,0.00,0.00,0.00,0.00,0.00,0.00,1.600,"30,758.00","31,023.00","31,023.00",698.00,"30,325.00",1.600,"22,163.00","22,163.00","22,163.00","2,129.00","8,479.00",0.00,"11,555.00",0,938,0,784,178,0,23,"52,921",99.5
경상북도,청송군,주왕산면,2030,"15,580.50","15,600.50","15,600.50",100.0,0.000,0.00,0.00,0.00,0.00,0.00,0.00,0.00,0.774,"15,580.50","15,600.50","15,600.50",0.00,"15,600.50",0.774,0.00,0.00,0.00,0.00,0.00,0.00,0.00,0,453,0,487,0,0,0,0,0.0
경상북도,청송군,부남면,2030,"12,869.70","13,183.00","13,183.00",100.0,0.000,0.00,0.00,0.00,0.00,0.00,0.00,0.00,0.500,"12,869.70","13,183.00","13,183.00",0.00,"13,183.00",0.500,0.00,0.00,0.00,0.00,0.00,0.00,0.00,0,583,0,488,79,0,6,"1,883",14.3
경상북도,청송군,현동면,2030,"10,140.00","10,140.00","10,100.00",99.6,0.000,0.00,0.00,0.00,0.00,0.00,0.00,0.00,0.400,"10,140.00","10,140.00","10,100.00",0.00,"10,100.00",0.400,0.00,0.00,0.00,0.00,0.00,0.00,0.00,0,0,0,381,52,0,5,0,0.0
경상북도,청송군,현서면,2030,"15,926.00","18,400.00","18,400.00",100.0,0.000,0.00,0.00,0.00,0.00,0.00,0.00,0.00,0.600,"15,926.00","18,400.00","18,400.00",0.00,"18,400.00",0.600,0.00,0.00,0.00,0.00,0.00,0.00,0.00,0,0,0,393,71,0,8,0,0.0
경상북도,청송군,안덕면,2030,"26,534.90","26,536.00","26,536.00",100.0,0.000,0.00,0.00,0.00,0.00,0.00,0.00,0.00,0.600,"21,048.90","21,049.00","21,049.00",0.00,"21,049.00",0.600,"5,486.00","5,487.00","5,487.00",0.00,538.00,0.00,"4,949.00",0,644,0,458,83,0,38,"26,535",100.0
경상북도,청송군,파천면,2030,0.00,0.00,0.00,0.0,0.000,0.00,0.00,0.00,0.00,0.00,0.00,0.00,0.000,0.00,0.00,0.00,0.00,0.00,0.000,0.00,0.00,0.00,0.00,0.00,0.00,0.00,0,0,0,0,22,0,0,0,0.0
경상북도,청송군,진보면,2030,"65,980.30","68,918.00","68,918.00",100.0,0.000,0.00,0.00,0.00,0.00,0.00,0.00,0.00,1.900,"37,340.30","40,278.00","40,278.00",548.00,"39,730.00",1.900,"28,640.00","28,640.00","28,640.00","3,897.00","8,053.00",0.00,"16,690.00",0,"1,106",0,759,215,0,8,"65,980",95.7
경상북도,영양군,소계,,"254,318.00","262,237.00","245,048.00",93.4,0.000,0.00,0.00,0.00,0.00,0.00,0.00,0.00,3.730,"133,896.00","140,517.00","123,328.00",0.00,"123,328.00",4.900,"120,422.00","121,720.00","121,720.00","50,690.00","21,583.00","49,447.00",0.00,0,"2,015",666,"3,878","2,044",12,142,"102,314",41.8
경상북도,영양군,영양읍,2035,"95,791.00","96,242.00","94,355.00",98.0,0.000,0.00,0.00,0.00,0.00,0.00,0.00,0.00,2.060,"53,852.00","53,852.00","51,965.00",0.00,"51,965.00",1.800,"41,939.00","42,390.00","42,390.00","21,164.00","11,720.00","9,506.00",0.00,0,"1,019",403,"2,123","1,208",0,38,"41,577",44.1
경상북도,영양군,입암면,2035,"49,230.00","49,346.00","43,299.00",87.7,0.000,0.00,0.00,0.00,0.00,0.00,0.00,0.00,0.480,"21,446.00","21,446.00","15,399.00",0.00,"15,399.00",1.100,"27,784.00","27,900.00","27,900.00","10,810.00","3,228.00","13,862.00",0.00,0,239,94,472,282,0,20,"12,589",29.1
경상북도,영양군,청기면,2035,"36,171.00","43,392.00","43,392.00",100.0,0.000,0.00,0.00,0.00,0.00,0.00,0.00,0.00,0.370,"18,688.00","25,309.00","25,309.00",0.00,"25,309.00",0.700,"17,483.00","18,083.00","18,083.00","4,110.00","1,777.00","12,196.00",0.00,0,390,58,512,175,11,29,"17,883",41.2
경상북도,영양군,일월면,2035,"24,330.00","24,356.00","16,336.00",67.1,0.000,0.00,0.00,0.00,0.00,0.00,0.00,0.00,0.100,"14,645.00","14,645.00","6,625.00",0.00,"6,625.00",0.400,"9,685.00","9,711.00","9,711.00","3,127.00",713.00,"5,871.00",0.00,0,53,32,135,97,0,18,"6,625",40.6
경상북도,영양군,수비면,2035,"22,649.00","22,751.00","21,826.00",95.9,0.000,0.00,0.00,0.00,0.00,0.00,0.00,0.00,0.240,"11,628.00","11,628.00","10,703.00",0.00,"10,703.00",0.400,"11,021.00","11,123.00","11,123.00","5,476.00",986.00,"4,661.00",0.00,0,118,37,327,157,1,21,"10,313",47.3
경상북도,영양군,석보면,2035,"26,147.00","26,150.00","25,840.00",98.8,0.000,0.00,0.00,0.00,0.00,0.00,0.00,0.00,0.480,"13,637.00","13,637.00","13,327.00",0.00,"13,327.00",0.500,"12,510.00","12,513.00","12,513.00","6,003.00","3,159.00","3,351.00",0.00,0,196,42,309,125,0,16,"13,327",51.6
경상북도,영덕군,소계,,"238,869.00","414,739.00","351,180.00",84.7,0.000,0.00,"28,020.00","28,020.00","3,440.00","24,580.00",0.00,0.00,8.836,"238,869.00","238,869.00","175,310.00",0.00,"175,310.00",0.000,0.00,"147,850.00","147,850.00","13,226.00","33,815.00","100,809.00",0.00,152,"2,454",0,"9,246","1,420",20,0,"163,465",46.5
경상북도,영덕군,영덕읍,2035,"51,278.00","94,888.00","82,475.00",86.9,0.000,0.00,"7,150.00","7,150.00",250.00,"6,900.00",0.00,0.00,1.841,"51,278.00","51,278.00","38,865.00",0.00,"38,865.00",0.000,0.00,"36,460.00","36,460.00","1,367.00","9,309.00","25,784.00",0.00,39,880,0,"2,478",500,4,0,"34,191",41.5
경상북도,영덕군,강구면,2035,"40,796.00","85,995.00","80,398.00",93.5,0.000,0.00,"1,800.00","1,800.00",300.00,"1,500.00",0.00,0.00,1.570,"40,796.00","40,796.00","35,199.00",0.00,"35,199.00",0.000,0.00,"43,399.00","43,399.00","3,053.00","8,075.00","32,271.00",0.00,15,864,0,"2,179",400,1,0,"34,356",42.7
경상북도,영덕군,남정면,2035,"18,530.00","23,078.00","16,362.00",70.9,0.000,0.00,"4,280.00","4,280.00",380.00,"3,900.00",0.00,0.00,0.664,"18,530.00","18,530.00","11,814.00",0.00,"11,814.00",0.000,0.00,268.00,268.00,0.00,268.00,0.00,0.00,23,45,0,893,100,4,0,"3,460",21.1
경상북도,영덕군,달산면,2035,"4,560.00","5,660.00","1,100.00",19.4,0.000,0.00,"1,100.00","1,100.00",150.00,950.00,0.00,0.00,0.000,"4,560.00","4,560.00",0.00,0.00,0.00,0.000,0.00,0.00,0.00,0.00,0.00,0.00,0.00,0,0,0,0,0,1,0,0,0.0
경상북도,영덕군,지품면,2035,"4,051.00","4,851.00","4,851.00",100.0,0.000,0.00,800.00,800.00,210.00,590.00,0.00,0.00,0.131,"4,051.00","4,051.00","4,051.00",0.00,"4,051.00",0.000,0.00,0.00,0.00,0.00,0.00,0.00,0.00,0,117,0,173,0,1,0,"4,051",83.5
경상북도,영덕군,축산면,2035,"21,177.00","40,099.00","32,409.00",80.8,0.000,0.00,"3,980.00","3,980.00",580.00,"3,400.00",0.00,0.00,0.545,"21,177.00","21,177.00","13,487.00",0.00,"13,487.00",0.000,0.00,"14,942.00","14,942.00",973.00,"4,049.00","9,920.00",0.00,24,201,0,636,50,3,0,"11,642",35.9
경상북도,영덕군,영해면,2035,"48,990.00","100,404.00","87,776.00",87.4,0.000,0.00,"5,790.00","5,790.00",950.00,"4,840.00",0.00,0.00,1.520,"48,990.00","48,990.00","36,362.00",0.00,"36,362.00",0.000,0.00,"45,624.00","45,624.00","6,782.00","9,551.00","29,291.00",0.00,28,244,0,"1,689",300,4,0,"37,738",43.0
경상북도,영덕군,병곡면,2035,"43,585.00","53,862.00","39,907.00",74.1,0.000,0.00,"3,120.00","3,120.00",620.00,"2,500.00",0.00,0.00,2.565,"43,585.00","43,585.00","29,630.00",0.00,"29,630.00",0.000,0.00,"7,157.00","7,157.00","1,051.00","2,563.00","3,543.00",0.00,23,103,0,"1,007",50,2,0,"32,125",80.5
경상북도,영덕군,창수면,2035,"5,902.00","5,902.00","5,902.00",100.0,0.000,0.00,0.00,0.00,0.00,0.00,0.00,0.00,0.000,"5,902.00","5,902.00","5,902.00",0.00,"5,902.00",0.000,0.00,0.00,0.00,0.00,0.00,0.00,0.00,0,0,0,191,20,0,0,"5,902",100.0
경상북도,청도군,소계,,"173,701.00","428,194.00","392,668.00",91.7,7.900,"69,250.00","95,003.00","83,345.00","10,784.00","15,641.00","18,902.00","38,018.00",10.240,"74,461.00","292,799.00","279,260.00",0.00,"279,260.00",8.240,"29,990.00","40,392.00","30,063.00","1,209.00","24,746.00","1,972.00","2,136.00","2,744","1,833",3,"8,571",0,0,60,"368,751",93.9
경상북도,청도군,화양읍,2030,"41,293.00","232,730.00","232,730.00",100.0,2.500,"18,555.00","24,678.00","24,678.00","2,989.00","5,221.00","8,537.00","7,931.00",2.500,"18,410.00","195,880.00","195,880.00",0.00,"195,880.00",2.080,"4,328.00","12,172.00","12,172.00",526.00,"7,538.00","1,972.00","2,136.00",937,7,0,"2,452",0,0,8,"215,151",92.4
경상북도,청도군,청도읍,2030,"51,644.00","86,939.00","80,723.00",92.9,3.400,"16,303.00","34,934.00","34,934.00","4,624.00","7,826.00","6,284.00","16,200.00",3.400,"16,077.00","32,741.00","32,741.00",0.00,"32,741.00",2.490,"19,264.00","19,264.00","13,048.00",448.00,"12,600.00",0.00,0.00,"1,568","1,579",3,"4,362",0,0,15,"88,747",109.9
경상북도,청도군,각남면,2030,"5,176.00","15,800.00","15,316.00",96.9,0.000,0.00,0.00,0.00,0.00,0.00,0.00,0.00,0.770,"4,311.00","14,935.00","14,935.00",0.00,"14,935.00",0.770,865.00,865.00,381.00,0.00,381.00,0.00,0.00,42,0,0,122,0,0,19,"15,320",100.0
경상북도,청도군,풍각면,2030,"28,323.00","28,323.00","21,107.00",74.5,0.600,"19,450.00","19,450.00","14,996.00","1,849.00","1,332.00","2,574.00","9,241.00",0.810,"5,031.00","5,031.00","4,207.00",0.00,"4,207.00",0.810,"3,842.00","3,842.00","1,904.00",0.00,"1,904.00",0.00,0.00,80,80,0,808,0,0,4,"17,909",84.8
경상북도,청도군,각북면,2030,"13,940.00","13,940.00","5,460.00",39.2,0.000,0.00,0.00,0.00,0.00,0.00,0.00,0.00,0.570,"13,940.00","13,940.00","5,460.00",0.00,"5,460.00",0.570,0.00,0.00,0.00,0.00,0.00,0.00,0.00,0,0,0,0,0,0,0,0,0.0
경상북도,청도군,이서면,2030,"13,353.00","14,352.00","13,237.00",92.2,0.000,"7,738.00","8,737.00","8,737.00","1,322.00","1,262.00","1,507.00","4,646.00",0.570,"5,615.00","5,615.00","4,500.00",0.00,"4,500.00",0.570,0.00,0.00,0.00,0.00,0.00,0.00,0.00,48,62,0,500,0,0,6,"13,337",100.8
경상북도,청도군,운문면,2030,"6,469.00","10,668.00","10,668.00",100.0,0.600,0.00,0.00,0.00,0.00,0.00,0.00,0.00,0.350,"6,469.00","8,110.00","8,110.00",0.00,"8,110.00",0.350,0.00,"2,558.00","2,558.00",235.00,"2,323.00",0.00,0.00,45,47,0,58,0,0,3,"7,975",74.8
경상북도,청도군,금천면,2030,"10,383.00","22,322.00","13,427.00",60.2,0.800,"7,204.00","7,204.00",0.00,0.00,0.00,0.00,0.00,0.600,"1,488.00","13,427.00","13,427.00",0.00,"13,427.00",0.600,"1,691.00","1,691.00",0.00,0.00,0.00,0.00,0.00,24,58,0,269,0,0,5,"10,312",76.8
경상북도,청도군,매전면,2030,"3,120.00","3,120.00",0.00,0.0,0.000,0.00,0.00,0.00,0.00,0.00,0.00,0.00,0.670,"3,120.00","3,120.00",0.00,0.00,0.00,0.000,0.00,0.00,0.00,0.00,0.00,0.00,0.00,0,0,0,0,0,0,0,0,0.0
경상북도,고령군,소계,,"372,168.00","372,168.00","261,961.00",70.4,0.000,0.00,0.00,0.00,0.00,0.00,0.00,0.00,6.836,"224,018.00","224,018.00","145,669.00",0.00,"145,669.00",6.800,"148,150.00","148,150.00","116,292.00","17,071.00","65,124.00","12,856.00","21,241.00",0,"3,622","4,668","4,392","2,574",0,0,"261,961",100.0
경상북도,고령군,대가야읍,2035,"167,237.00","167,237.00","134,653.00",80.5,0.000,0.00,0.00,0.00,0.00,0.00,0.00,0.00,2.558,"73,568.00","73,568.00","57,603.00",0.00,"57,603.00",2.650,"93,669.00","93,669.00","77,050.00","10,452.00","39,596.00","10,534.00","16,468.00",0,"1,502","3,175","1,873","1,219",0,0,"134,653",100.0
경상북도,고령군,덕곡면,2035,"1,800.00","1,800.00",0.00,0.0,0.000,0.00,0.00,0.00,0.00,0.00,0.00,0.00,0.102,"1,800.00","1,800.00",0.00,0.00,0.00,0.100,0.00,0.00,0.00,0.00,0.00,0.00,0.00,0,0,0,0,0,0,0,0,0.0
경상북도,고령군,운수면,2035,"16,668.00","16,668.00","11,365.00",68.2,0.000,0.00,0.00,0.00,0.00,0.00,0.00,0.00,0.320,"11,902.00","11,902.00","6,599.00",0.00,"6,599.00",0.460,"4,766.00","4,766.00","4,766.00",527.00,"2,597.00",381.00,"1,261.00",0,201,182,293,151,0,0,"11,365",100.0
경상북도,고령군,성산면,2035,"20,658.00","20,658.00","18,868.00",91.3,0.000,0.00,0.00,0.00,0.00,0.00,0.00,0.00,0.422,"19,150.00","19,150.00","17,360.00",0.00,"17,360.00",0.420,"1,508.00","1,508.00","1,508.00",279.00,"1,229.00",0.00,0.00,0,229,91,450,221,0,0,"18,868",100.0
경상북도,고령군,다산면,2035,"86,679.00","86,679.00","62,597.00",72.2,0.000,0.00,0.00,0.00,0.00,0.00,0.00,0.00,1.515,"42,962.00","42,962.00","34,119.00",0.00,"34,119.00",1.490,"43,717.00","43,717.00","28,478.00","5,216.00","18,594.00","1,929.00","2,739.00",0,"1,000","1,074",956,602,0,0,"62,597",100.0
경상북도,고령군,개진면,2035,"23,861.00","23,861.00","14,077.00",59.0,0.000,0.00,0.00,0.00,0.00,0.00,0.00,0.00,0.770,"23,861.00","23,861.00","14,077.00",0.00,"14,077.00",0.770,0.00,0.00,0.00,0.00,0.00,0.00,0.00,0,377,0,362,199,0,0,"14,077",100.0
경상북도,고령군,우곡면,2035,"13,197.00","13,197.00",0.00,0.0,0.000,0.00,0.00,0.00,0.00,0.00,0.00,0.00,0.337,"13,197.00","13,197.00",0.00,0.00,0.00,0.330,0.00,0.00,0.00,0.00,0.00,0.00,0.00,0,0,0,0,0,0,0,0,0.0
경상북도,고령군,쌍림면,2035,"42,068.00","42,068.00","20,401.00",48.5,0.000,0.00,0.00,0.00,0.00,0.00,0.00,0.00,0.812,"37,578.00","37,578.00","15,911.00",0.00,"15,911.00",0.580,"4,490.00","4,490.00","4,490.00",597.00,"3,108.00",12.00,773.00,0,313,146,458,182,0,0,"20,401",100.0
경상북도,성주군,소계,,"327,578.00","402,857.00","349,097.00",86.7,0.700,"29,793.00","29,793.00","29,793.00","3,478.00","8,988.00","9,690.00","7,637.00",5.720,"189,670.00","237,930.00","231,705.00",0.00,"231,705.00",5.200,"108,115.00","135,134.00","87,599.00","22,497.00","42,915.00","5,394.00","16,793.00","2,361","8,103","5,709","5,661",426,1,16,"336,865",96.5
경상북도,성주군,성주읍,2035,"135,887.00","163,055.00","135,215.00",82.9,0.700,"29,793.00","29,793.00","29,793.00","3,478.00","8,988.00","9,690.00","7,637.00",1.700,"63,030.00","90,198.00","90,198.00",0.00,"90,198.00",1.700,"43,064.00","43,064.00","15,224.00","1,137.00","5,331.00",187.00,"8,569.00",975,"2,960","2,366","2,217",212,1,16,"135,215",100.0
경상북도,성주군,선남면,2035,"39,531.00","85,178.00","85,178.00",100.0,0.000,0.00,0.00,0.00,0.00,0.00,0.00,0.00,1.050,"27,453.00","46,580.00","46,580.00",0.00,"46,580.00",1.050,"12,078.00","38,598.00","38,598.00","12,104.00","19,045.00","5,207.00","2,242.00",126,"1,598",689,"1,283",44,0,0,"83,024",97.5
경상북도,성주군,용암면,2025,"18,857.00","21,218.00","21,218.00",100.0,0.000,0.00,0.00,0.00,0.00,0.00,0.00,0.00,0.260,"7,619.00","9,584.00","9,584.00",0.00,"9,584.00",0.260,"11,238.00","11,634.00","11,634.00","5,619.00","6,015.00",0.00,0.00,166,518,404,255,21,0,0,"20,703",97.6
경상북도,성주군,수륜면,2020,"8,616.00","8,616.00","3,862.00",44.8,0.000,0.00,0.00,0.00,0.00,0.00,0.00,0.00,0.100,"8,616.00","8,616.00","3,862.00",0.00,"3,862.00",0.000,0.00,0.00,0.00,0.00,0.00,0.00,0.00,65,97,72,93,9,0,0,0,0.0
경상북도,성주군,가천면,2025,"35,500.00","35,500.00","23,204.00",65.4,0.000,0.00,0.00,0.00,0.00,0.00,0.00,0.00,0.530,"18,684.00","18,684.00","18,684.00",0.00,"18,684.00",0.530,"16,816.00","16,816.00","4,520.00","1,156.00",0.00,0.00,"3,364.00",206,888,698,380,34,0,0,"23,204",100.0
경상북도,성주군,금수면,2020,"5,701.00","5,701.00","5,701.00",100.0,0.000,0.00,0.00,0.00,0.00,0.00,0.00,0.00,0.420,"5,701.00","5,701.00","5,701.00",0.00,"5,701.00",0.000,0.00,0.00,0.00,0.00,0.00,0.00,0.00,238,59,0,179,0,0,0,0,0.0
경상북도,성주군,대가면,2020,"5,375.00","5,478.00","5,478.00",100.0,0.000,0.00,0.00,0.00,0.00,0.00,0.00,0.00,0.000,"5,375.00","5,375.00","5,375.00",0.00,"5,375.00",0.000,0.00,103.00,103.00,0.00,103.00,0.00,0.00,0,126,6,135,0,0,0,"5,478",100.0
경상북도,성주군,벽진면,2025,"32,714.00","32,714.00","32,714.00",100.0,0.000,0.00,0.00,0.00,0.00,0.00,0.00,0.00,0.860,"28,602.00","28,602.00","28,602.00",0.00,"28,602.00",0.860,"4,112.00","4,112.00","4,112.00",0.00,"3,977.00",0.00,135.00,240,818,651,457,44,0,0,"32,714",100.0
경상북도,성주군,초전면,2035,"37,010.00","37,010.00","28,377.00",76.7,0.000,0.00,0.00,0.00,0.00,0.00,0.00,0.00,0.530,"20,176.00","20,176.00","18,705.00",0.00,"18,705.00",0.530,"16,834.00","16,834.00","9,672.00","1,934.00","5,803.00",0.00,"1,935.00",302,835,664,487,47,0,0,"28,377",100.0
경상북도,성주군,월항면,2025,"8,387.00","8,387.00","8,150.00",97.2,0.000,0.00,0.00,0.00,0.00,0.00,0.00,0.00,0.270,"4,414.00","4,414.00","4,414.00",0.00,"4,414.00",0.270,"3,973.00","3,973.00","3,736.00",547.00,"2,641.00",0.00,548.00,43,204,159,175,15,0,0,"8,150",100.0
경상북도,칠곡군,소계,,"468,514.00","719,185.00","598,565.00",83.2,415.720,"110,355.00","122,655.00","112,544.00","21,384.00","46,112.00","15,080.00","29,968.00",32.200,"210,580.00","382,262.00","309,684.00",0.00,"309,684.00",0.000,"147,579.00","214,268.00","176,337.00","23,745.00","151,275.00",300.00,"1,017.00","7,483","6,327","3,965","24,794","9,732",20,163,"441,104",73.7
경상북도,칠곡군,왜관읍,2030,"230,490.00","230,490.00","150,001.00",65.1,42.780,"52,706.00","52,706.00","52,706.00","7,195.00","12,649.00","11,420.00","21,442.00",11.400,"103,571.00","103,571.00","48,979.00",0.00,"48,979.00",0.000,"74,213.00","74,213.00","48,316.00","12,007.00","35,942.00",50.00,317.00,"3,708","2,915","3,112","11,540","5,234",6,34,"96,928",64.6
경상북도,칠곡군,북삼읍,2030,"79,169.00","95,455.00","77,469.00",81.2,32.800,"12,863.00","12,863.00","12,863.00","2,404.00","9,412.00",294.00,753.00,3.900,"42,934.00","42,934.00","24,948.00",0.00,"24,948.00",0.000,"23,372.00","39,658.00","39,658.00","1,149.00","38,509.00",0.00,0.00,"2,206",743,0,"8,700","2,045",4,1,"64,606",83.4
경상북도,칠곡군,석적읍,2030,"66,356.00","118,308.00","118,308.00",100.0,47.400,"15,130.00","15,130.00","15,130.00","8,000.00","6,050.00",550.00,530.00,2.300,"34,985.00","50,373.00","50,373.00",0.00,"50,373.00",0.000,"16,241.00","52,805.00","52,805.00","3,282.00","48,573.00",250.00,700.00,0,0,0,0,0,0,23,"102,228",86.4
경상북도,칠곡군,지천면,2030,"6,907.00","57,602.00","57,602.00",100.0,85.900,0.00,"7,700.00","7,700.00","1,750.00","3,250.00","1,500.00","1,200.00",2.900,0.00,"29,156.00","29,156.00",0.00,"29,156.00",0.000,"6,907.00","20,746.00","20,746.00","5,439.00","15,307.00",0.00,0.00,138,"1,362",853,"1,009",0,5,43,"49,902",86.6
경상북도,칠곡군,동명면,2030,0.00,"28,137.00","28,137.00",100.0,62.000,0.00,"2,400.00","2,400.00",0.00,"2,400.00",0.00,0.00,2.500,0.00,"25,737.00","25,737.00",0.00,"25,737.00",0.000,0.00,0.00,0.00,0.00,0.00,0.00,0.00,0,0,0,0,0,0,20,"25,737",91.5
경상북도,칠곡군,가산면,2030,0.00,"50,811.00","50,811.00",100.0,78.250,0.00,"2,200.00","2,200.00",0.00,"2,200.00",0.00,0.00,5.300,0.00,"48,611.00","48,611.00",0.00,"48,611.00",0.000,0.00,0.00,0.00,0.00,0.00,0.00,0.00,0,0,0,0,0,0,16,"48,611",95.7
경상북도,칠곡군,약목면,2030,"84,624.00","94,782.00","72,637.00",76.6,26.400,"29,656.00","29,656.00","19,545.00","2,035.00","10,151.00","1,316.00","6,043.00",3.800,"28,122.00","38,280.00","38,280.00",0.00,"38,280.00",0.000,"26,846.00","26,846.00","14,812.00","1,868.00","12,944.00",0.00,0.00,"1,431",488,0,"2,690","2,453",5,19,"53,092",73.1
경상북도,칠곡군,기산면,2030,968.00,"43,600.00","43,600.00",100.0,40.190,0.00,0.00,0.00,0.00,0.00,0.00,0.00,0.100,968.00,"43,600.00","43,600.00",0.00,"43,600.00",0.000,0.00,0.00,0.00,0.00,0.00,0.00,0.00,0,819,0,855,0,0,7,0,0.0
경상북도,예천군,소계,,"260,352.00","390,782.26","326,346.26",83.5,0.000,0.00,0.00,0.00,0.00,0.00,0.00,0.00,51.700,"162,920.00","283,475.26","283,475.26",0.00,"283,475.26",51.700,"97,432.00","107,307.00","42,871.00","42,871.00",0.00,0.00,0.00,0,"2,134","2,247","9,888","7,345",0,0,0,0.0
경상북도,예천군,예천읍,2020,"151,848.00","178,312.00","125,726.00",70.5,0.000,0.00,0.00,0.00,0.00,0.00,0.00,0.00,10.900,"90,901.00","117,365.00","117,365.00",0.00,"117,365.00",10.900,"60,947.00","60,947.00","8,361.00","8,361.00",0.00,0.00,0.00,0,"1,059","1,377","3,394","3,177",0,0,0,0.0
경상북도,예천군,용문면,2020,"10,096.00","12,626.00","11,277.00",89.3,0.000,0.00,0.00,0.00,0.00,0.00,0.00,0.00,2.900,"6,628.00","9,158.00","9,158.00",0.00,"9,158.00",2.900,"3,468.00","3,468.00","2,119.00","2,119.00",0.00,0.00,0.00,0,63,82,93,189,0,0,0,0.0
경상북도,예천군,감천면,2020,"12,004.00","14,297.00","13,194.00",92.3,0.000,0.00,0.00,0.00,0.00,0.00,0.00,0.00,4.300,"7,880.00","10,173.00","10,173.00",0.00,"10,173.00",4.300,"4,124.00","4,124.00","3,021.00","3,021.00",0.00,0.00,0.00,0,26,34,273,78,0,0,0,0.0
경상북도,예천군,보문면,2020,"7,404.00","9,445.00","7,958.00",84.3,0.000,0.00,0.00,0.00,0.00,0.00,0.00,0.00,3.000,"4,860.00","6,901.00","6,901.00",0.00,"6,901.00",3.000,"2,544.00","2,544.00","1,057.00","1,057.00",0.00,0.00,0.00,0,132,157,123,215,0,0,0,0.0
경상북도,예천군,호명면,2020,"10,770.00","42,237.00","42,237.00",100.0,0.000,0.00,0.00,0.00,0.00,0.00,0.00,0.00,8.500,"7,070.00","36,622.00","36,622.00",0.00,"36,622.00",8.500,"3,700.00","5,615.00","5,615.00","5,615.00",0.00,0.00,0.00,0,22,29,"3,126","2,425",0,0,0,0.0
경상북도,예천군,유천면,2020,"13,251.00","15,777.00","12,387.00",78.5,0.000,0.00,0.00,0.00,0.00,0.00,0.00,0.00,3.800,"8,521.00","11,047.00","11,047.00",0.00,"11,047.00",3.800,"4,730.00","4,730.00","1,340.00","1,340.00",0.00,0.00,0.00,0,152,198,167,446,0,0,0,0.0
경상북도,예천군,용궁면,2020,"15,156.00","21,802.00","20,399.00",93.6,0.000,0.00,0.00,0.00,0.00,0.00,0.00,0.00,6.800,"10,917.00","17,563.00","17,563.00",0.00,"17,563.00",6.800,"4,239.00","4,239.00","2,836.00","2,836.00",0.00,0.00,0.00,0,167,217,597,489,0,0,0,0.0
경상북도,예천군,개포면,2020,0.00,"9,995.00","9,995.00",100.0,0.000,0.00,0.00,0.00,0.00,0.00,0.00,0.00,0.000,0.00,"7,727.00","7,727.00",0.00,"7,727.00",0.000,0.00,"2,268.00","2,268.00","2,268.00",0.00,0.00,0.00,0,227,32,133,53,0,0,0,0.0
경상북도,예천군,지보면,2020,"13,011.00","39,406.00","39,406.00",100.0,0.000,0.00,0.00,0.00,0.00,0.00,0.00,0.00,4.600,"8,542.00","32,388.00","32,388.00",0.00,"32,388.00",4.600,"4,469.00","7,018.00","7,018.00","7,018.00",0.00,0.00,0.00,0,73,60,566,135,0,0,0,0.0
경상북도,예천군,풍양면,2020,"16,042.00","19,904.86","17,436.86",87.6,0.000,0.00,0.00,0.00,0.00,0.00,0.00,0.00,5.400,"10,531.00","14,393.86","14,393.86",0.00,"14,393.86",5.400,"5,511.00","5,511.00","3,043.00","3,043.00",0.00,0.00,0.00,0,26,34,860,77,0,0,0,0.0
경상북도,예천군,효자면,2020,"4,824.00","6,513.40","5,863.40",90.0,0.000,0.00,0.00,0.00,0.00,0.00,0.00,0.00,1.100,"3,167.00","4,856.40","4,856.40",0.00,"4,856.40",1.100,"1,657.00","1,657.00","1,007.00","1,007.00",0.00,0.00,0.00,0,18,23,89,52,0,0,0,0.0
경상북도,예천군,은풍면,2020,"5,946.00","20,467.00","20,467.00",100.0,0.000,0.00,0.00,0.00,0.00,0.00,0.00,0.00,0.400,"3,903.00","15,281.00","15,281.00",0.00,"15,281.00",0.400,"2,043.00","5,186.00","5,186.00","5,186.00",0.00,0.00,0.00,0,169,4,467,9,0,0,0,0.0
경상북도,봉화군,소계,,"162,834.00","185,690.00","162,546.00",87.5,0.000,0.00,0.00,0.00,0.00,0.00,0.00,0.00,8.480,"136,645.00","142,834.00","119,690.00",0.00,"119,690.00",3.083,"26,189.00","42,856.00","42,856.00",0.00,"15,763.00","27,093.00",0.00,0,"2,828","1,586","11,206","3,329",0,0,"26,189",16.1
경상북도,봉화군,봉화읍,2025,"62,335.00","81,458.00","81,458.00",100.0,0.000,0.00,0.00,0.00,0.00,0.00,0.00,0.00,2.971,"39,604.00","42,060.00","42,060.00",0.00,"42,060.00",1.216,"22,731.00","39,398.00","39,398.00",0.00,"15,763.00","23,635.00",0.00,0,"1,141","1,057",325,"1,853",0,0,"22,731",27.9
경상북도,봉화군,물야면,2025,"16,730.00","16,730.00","12,987.00",77.6,0.000,0.00,0.00,0.00,0.00,0.00,0.00,0.00,1.020,"16,730.00","16,730.00","12,987.00",0.00,"12,987.00",0.000,0.00,0.00,0.00,0.00,0.00,0.00,0.00,0,286,47,"2,211",64,0,0,0,0.0
경상북도,봉화군,봉성면,2025,"21,251.00","21,251.00","13,906.00",65.4,0.000,0.00,0.00,0.00,0.00,0.00,0.00,0.00,1.300,"21,251.00","21,251.00","13,906.00",0.00,"13,906.00",0.000,0.00,0.00,0.00,0.00,0.00,0.00,0.00,0,406,74,"1,058",63,0,0,0,0.0
경상북도,봉화군,법전면,2025,"4,945.00","8,678.00","8,678.00",100.0,0.000,0.00,0.00,0.00,0.00,0.00,0.00,0.00,0.231,"4,945.00","8,678.00","8,678.00",0.00,"8,678.00",0.000,0.00,0.00,0.00,0.00,0.00,0.00,0.00,0,142,13,"2,685",38,0,0,0,0.0
경상북도,봉화군,춘양면,2025,"26,692.00","26,692.00","20,607.00",77.2,0.000,0.00,0.00,0.00,0.00,0.00,0.00,0.00,1.170,"23,234.00","23,234.00","17,149.00",0.00,"17,149.00",1.867,"3,458.00","3,458.00","3,458.00",0.00,0.00,"3,458.00",0.00,0,113,93,985,"1,089",0,0,"3,458",16.8
경상북도,봉화군,소천면,2025,"7,253.00","7,253.00","6,993.00",96.4,0.000,0.00,0.00,0.00,0.00,0.00,0.00,0.00,0.383,"7,253.00","7,253.00","6,993.00",0.00,"6,993.00",0.000,0.00,0.00,0.00,0.00,0.00,0.00,0.00,0,172,26,"2,217",12,0,0,0,0.0
경상북도,봉화군,재산면,2025,"9,883.00","9,883.00","7,547.00",76.4,0.000,0.00,0.00,0.00,0.00,0.00,0.00,0.00,0.401,"9,883.00","9,883.00","7,547.00",0.00,"7,547.00",0.000,0.00,0.00,0.00,0.00,0.00,0.00,0.00,0,200,53,514,16,0,0,0,0.0
경상북도,봉화군,명호면,2025,"3,870.00","3,870.00","1,132.00",29.3,0.000,0.00,0.00,0.00,0.00,0.00,0.00,0.00,0.237,"3,870.00","3,870.00","1,132.00",0.00,"1,132.00",0.000,0.00,0.00,0.00,0.00,0.00,0.00,0.00,0,0,0,0,0,0,0,0,0.0
경상북도,봉화군,상운면,2025,"3,786.00","3,786.00","3,750.00",99.0,0.000,0.00,0.00,0.00,0.00,0.00,0.00,0.00,0.284,"3,786.00","3,786.00","3,750.00",0.00,"3,750.00",0.000,0.00,0.00,0.00,0.00,0.00,0.00,0.00,0,106,124,364,0,0,0,0,0.0
경상북도,봉화군,석포면,2025,"6,089.00","6,089.00","5,488.00",90.1,0.000,0.00,0.00,0.00,0.00,0.00,0.00,0.00,0.483,"6,089.00","6,089.00","5,488.00",0.00,"5,488.00",0.000,0.00,0.00,0.00,0.00,0.00,0.00,0.00,0,262,99,847,194,0,0,0,0.0
경상북도,울진군,소계,,"496,699.60","560,616.89","392,020.12",69.9,0.000,0.00,0.00,0.00,0.00,0.00,0.00,0.00,23.428,"382,923.60","386,606.60","247,379.48",0.00,"247,379.48",24.200,"113,776.00","174,010.29","144,640.64","80,888.47","41,876.93","4,975.13","16,900.11",0,"5,814","1,369","10,532",696,0,258,"389,597",99.4
경상북도,울진군,울진읍,2030,"79,171.20","79,171.20","62,883.83",79.4,0.000,0.00,0.00,0.00,0.00,0.00,0.00,0.00,3.190,"45,356.20","45,356.20","29,830.48",0.00,"29,830.48",11.390,"33,815.00","33,815.00","33,053.35","19,789.55","7,177.83",217.00,"5,868.97",0,884,226,"1,662",95,0,40,"61,771",98.2
경상북도,울진군,평해읍,2030,"105,730.00","105,730.00","63,251.50",59.8,0.000,0.00,0.00,0.00,0.00,0.00,0.00,0.00,4.260,"90,552.00","90,552.00","62,702.50",0.00,"62,702.50",4.240,"15,178.00","15,178.00",549.00,0.00,549.00,0.00,0.00,0,"1,118",11,"1,417",0,0,1,"63,252",100.0
경상북도,울진군,북면,2030,"49,770.00","67,002.46","36,586.26",54.6,0.000,0.00,0.00,0.00,0.00,0.00,0.00,0.00,3.150,"49,770.00","49,770.00","19,353.80",0.00,"19,353.80",2.000,0.00,"17,232.46","17,232.46","7,476.12","5,117.36","3,363.50","1,275.48",0,562,204,656,141,0,47,"36,586",100.0
경상북도,울진군,근남면,2030,"46,778.80","64,046.23","33,758.83",52.7,0.000,0.00,0.00,0.00,0.00,0.00,0.00,0.00,2.940,"46,778.80","46,778.80","16,491.40",0.00,"16,491.40",0.000,0.00,"17,267.43","17,267.43","13,541.92","3,009.96",246.48,469.07,0,347,61,632,0,0,12,"33,759",100.0
경상북도,울진군,기성면,2030,"27,431.00","34,443.90","19,300.50",56.0,0.000,0.00,0.00,0.00,0.00,0.00,0.00,0.00,1.710,"27,431.00","27,431.00","12,287.60",0.00,"12,287.60",0.000,0.00,"7,012.90","7,012.90","3,212.30","2,725.40","1,075.20",0.00,0,410,129,654,54,0,18,"19,301",100.0
경상북도,울진군,온정면,2030,"24,739.00","28,422.00","14,443.00",50.8,0.000,0.00,0.00,0.00,0.00,0.00,0.00,0.00,0.760,"10,760.00","14,443.00","14,443.00",0.00,"14,443.00",0.570,"13,979.00","13,979.00",0.00,0.00,0.00,0.00,0.00,0,301,0,380,0,0,0,"13,132",90.9
경상북도,울진군,죽변면,2030,"51,074.00","58,036.24","51,798.34",89.3,0.000,0.00,0.00,0.00,0.00,0.00,0.00,0.00,2.780,"33,284.00","33,284.00","27,046.10",0.00,"27,046.10",2.000,"17,790.00","24,752.24","24,752.24","14,021.44","7,240.04",22.34,"3,468.42",0,889,290,"1,817",6,0,47,"51,798",100.0
경상북도,울진군,후포면,2030,"70,355.60","77,677.66","71,669.06",92.3,0.000,0.00,0.00,0.00,0.00,0.00,0.00,0.00,2.880,"37,341.60","37,341.60","31,333.00",0.00,"31,333.00",4.000,"33,014.00","40,336.06","40,336.06","20,366.24","14,970.24",50.61,"4,948.97",0,847,369,"2,459",218,0,84,"71,669",100.0
경상북도,울진군,금강송면,2030,"3,000.00","3,000.00","2,097.30",69.9,0.000,0.00,0.00,0.00,0.00,0.00,0.00,0.00,0.150,"3,000.00","3,000.00","2,097.30",0.00,"2,097.30",0.000,0.00,0.00,0.00,0.00,0.00,0.00,0.00,0,80,0,101,0,0,0,"2,097",100.0
경상북도,울진군,매화면,2030,"38,650.00","43,087.20","36,231.50",84.1,0.000,0.00,0.00,0.00,0.00,0.00,0.00,0.00,1.608,"38,650.00","38,650.00","31,794.30",0.00,"31,794.30",0.000,0.00,"4,437.20","4,437.20","2,480.90","1,087.10",0.00,869.20,0,376,79,754,182,0,9,"36,232",100.0
경상북도,울릉군,소계,,"35,650.00","50,826.00","21,866.00",43.0,0.500,"7,790.00","7,790.00","6,690.00","4,127.00",330.00,0.00,"2,233.00",1.100,"27,225.00","42,401.00","15,176.00",0.00,"15,176.00",0.000,635.00,635.00,0.00,0.00,0.00,0.00,0.00,512,53,0,24,0,0,0,0,0.0
경상북도,울릉군,울릉읍,2025,"35,015.00","35,015.00","6,690.00",19.1,0.500,"7,790.00","7,790.00","6,690.00","4,127.00",330.00,0.00,"2,233.00",0.700,"27,225.00","27,225.00",0.00,0.00,0.00,0.000,0.00,0.00,0.00,0.00,0.00,0.00,0.00,0,0,0,0,0,0,0,0,0.0
경상북도,울릉군,서면,2020,0.00,"10,436.00","10,436.00",100.0,0.000,0.00,0.00,0.00,0.00,0.00,0.00,0.00,0.000,0.00,"10,436.00","10,436.00",0.00,"10,436.00",0.000,0.00,0.00,0.00,0.00,0.00,0.00,0.00,0,0,0,0,0,0,0,0,0.0
경상북도,울릉군,북면,2025,635.00,"5,375.00","4,740.00",88.2,0.000,0.00,0.00,0.00,0.00,0.00,0.00,0.00,0.400,0.00,"4,740.00","4,740.00",0.00,"4,740.00",0.000,635.00,635.00,0.00,0.00,0.00,0.00,0.00,512,53,0,24,0,0,0,0,0.0
경상남도,,합계,,"11,163,089.04","18,284,267.99","15,858,358.79",86.7,307.230,"953,758.50","1,163,922.04","975,414.36","153,213.37","382,073.49","70,754.00","369,373.50",849.386,"6,401,148.34","10,192,961.98","8,768,919.17","143,085.76","8,625,833.41","1,677.691","3,808,182.20","6,927,383.97","6,114,025.26","947,601.99","3,503,380.46","136,557.17","1,526,485.64","39,817","235,666","156,911","785,493","311,702","1,033","4,425","12,481,529",78.7
경상남도,시부,합계,,"6,727,230.96","13,167,812.59","11,618,896.04",88.2,44.830,"729,612.00","932,511.14","782,001.36","118,550.92","287,842.44","65,591.00","310,017.00",655.306,"3,358,694.96","6,748,957.30","6,036,992.64","113,128.76","5,923,863.88",283.551,"2,638,924.00","5,486,344.15","4,799,902.04","800,587.08","2,778,180.56","33,626.00","1,187,508.40","13,498","160,900","138,575","647,647","271,990",946,"3,554","9,802,718",84.4
경상남도,창원시,소계,,"296,311.96","3,993,249.76","3,918,209.46",98.1,0.740,0.00,"7,135.99","7,135.99","2,299.23","4,836.76",0.00,0.00,13.850,"196,829.96","1,699,725.04","1,624,684.74","44,411.35","1,580,273.39",68.570,"99,482.00","2,286,388.73","2,286,388.73","288,350.79","1,207,811.54",0.00,"790,226.40",507,"42,530","63,035","262,614",0,248,"2,475","3,918,209",100.0
경상남도,창원시,동읍,2040,"23,204.00","91,111.14","91,111.14",100.0,0.000,0.00,0.00,0.00,0.00,0.00,0.00,0.00,0.630,"16,293.00","74,709.75","74,709.75",134.65,"74,575.10",41.430,"6,911.00","16,401.39","16,401.39",556.15,"9,637.25",0.00,"6,207.99",0,"1,490",604,"4,347",0,0,3,"91,111",100.0
경상남도,창원시,북면,2040,"27,973.00","140,112.66","140,112.66",100.0,0.000,0.00,0.00,0.00,0.00,0.00,0.00,0.00,1.040,"5,218.00","108,119.16","108,119.16","3,020.65","105,098.51",9.250,"22,755.00","31,993.50","31,993.50","3,107.16","27,899.01",0.00,987.33,0,"2,670",962,"4,522",0,0,43,"140,112",100.0
경상남도,창원시,대산면,2040,"8,428.00","88,572.14","88,572.14",100.0,0.000,0.00,0.00,0.00,0.00,0.00,0.00,0.00,0.300,"4,854.00","75,454.51","75,454.51",715.98,"74,738.53",5.300,"3,574.00","13,117.63","13,117.63","3,686.93","8,429.20",0.00,"1,001.50",0,"1,458","1,298","11,376",0,0,3,"88,572",100.0
경상남도,창원시,의창동,2040,"18,750.00","102,172.34","102,172.34",100.0,0.000,0.00,243.44,243.44,0.00,243.44,0.00,0.00,0.000,0.00,"44,463.92","44,463.92",188.09,"44,275.83",0.000,"18,750.00","57,464.98","57,464.98","6,404.42","39,619.53",0.00,"11,441.03",6,"1,320","1,679","3,115",0,8,32,"102,172",100.0
경상남도,창원시,팔룡동,2040,0.00,"214,912.24","214,912.24",100.0,0.000,0.00,3.99,3.99,3.99,0.00,0.00,0.00,0.000,0.00,"90,876.23","90,876.23","1,349.38","89,526.85",0.000,0.00,"124,032.02","124,032.02","7,836.98","94,345.82",0.00,"21,849.22",4,"1,762","2,861","10,268",0,32,114,"214,912",100.0
경상남도,창원시,명곡동,2040,0.00,"129,030.31","129,030.31",100.0,0.030,0.00,7.37,7.37,7.37,0.00,0.00,0.00,0.000,0.00,"61,156.40","61,156.40",201.42,"60,954.98",0.000,0.00,"67,866.54","67,866.54","2,469.20","60,252.83",0.00,"5,144.51",3,"1,690","2,361","10,494",0,38,90,"129,030",100.0
경상남도,창원시,봉림동,2040,0.00,"164,437.83","164,437.83",100.0,0.180,0.00,0.00,0.00,0.00,0.00,0.00,0.00,0.000,0.00,"70,481.28","70,481.28",868.31,"69,612.97",0.000,0.00,"93,956.55","93,956.55","5,074.15","78,238.18",0.00,"10,644.22",0,"1,790","2,602","8,893",0,26,41,"164,437",100.0
경상남도,창원시,용지동,2040,0.00,"100,775.40","100,775.40",100.0,0.030,0.00,0.00,0.00,0.00,0.00,0.00,0.00,0.000,0.00,"44,504.60","44,504.60",820.19,"43,684.41",0.000,0.00,"56,270.80","56,270.80","1,581.31","51,792.41",0.00,"2,897.08",0,888,"1,129","5,324",0,31,26,"100,775",100.0
경상남도,창원시,반송동,2040,"2,181.00","56,711.21","56,711.21",100.0,0.030,0.00,0.00,0.00,0.00,0.00,0.00,0.00,0.000,0.00,"27,816.41","27,816.41",151.72,"27,664.69",0.000,"2,181.00","28,894.80","28,894.80","1,074.45","27,304.26",0.00,516.09,0,602,"1,087","9,164",0,30,75,"56,711",100.0
경상남도,창원시,중앙동,2040,0.00,"109,253.41","109,253.41",100.0,0.010,0.00,11.64,11.64,11.64,0.00,0.00,0.00,0.000,0.00,"48,043.35","48,043.35","2,746.30","45,297.05",0.000,0.00,"61,198.42","61,198.42","8,262.30","52,452.35",0.00,483.77,2,986,"1,243","6,129",0,1,49,"109,253",100.0
경상남도,창원시,상남동,2040,0.00,"38,692.52","38,692.52",100.0,0.000,0.00,0.00,0.00,0.00,0.00,0.00,0.00,0.000,0.00,"16,595.38","16,595.38",314.67,"16,280.71",0.000,0.00,"22,097.14","22,097.14","1,810.72","18,639.40",0.00,"1,647.02",0,386,449,"6,813",0,6,13,"38,692",100.0
경상남도,창원시,사파동,2040,0.00,"85,463.08","85,463.08",100.0,0.020,0.00,0.00,0.00,0.00,0.00,0.00,0.00,0.000,0.00,"31,961.15","31,961.15",78.59,"31,882.56",0.000,0.00,"53,501.93","53,501.93","2,414.44","40,623.22",0.00,"10,464.27",0,744,"1,175","3,934",0,12,12,"85,463",100.0
경상남도,창원시,가음정동,2040,"1,065.00","76,692.21","76,692.21",100.0,0.030,0.00,0.00,0.00,0.00,0.00,0.00,0.00,0.000,0.00,"31,320.09","31,320.09",269.37,"31,050.72",0.940,"1,065.00","45,372.12","45,372.12","2,872.38","35,146.12",0.00,"7,353.62",0,734,"1,002","6,411",0,15,47,"76,692",100.0
경상남도,창원시,성주동,2040,943.00,"130,394.54","130,394.54",100.0,0.000,0.00,0.00,0.00,0.00,0.00,0.00,0.00,0.000,0.00,"41,314.51","41,314.51","1,200.65","40,113.86",0.000,943.00,"89,080.03","89,080.03","6,721.14","57,212.31",0.00,"25,146.58",0,964,"2,263","6,937",0,2,81,"130,394",100.0
경상남도,창원시,웅남동,2040,471.00,"182,951.40","182,951.40",100.0,0.000,0.00,9.50,9.50,9.50,0.00,0.00,0.00,0.000,0.00,"51,403.00","51,403.00","2,237.32","49,165.68",5.070,471.00,"131,538.90","131,538.90","5,138.86","88,104.19",0.00,"38,295.85",5,"1,028","2,809","6,741",0,3,140,"182,951",100.0
경상남도,창원시,구산면,2040,"59,420.62","78,947.88","45,250.97",57.3,0.030,0.00,133.43,133.43,48.83,84.60,0.00,0.00,6.360,"52,378.62","52,378.62","18,681.71","5,137.73","13,543.98",0.740,"7,042.00","26,435.83","26,435.83","7,346.05","4,326.03",0.00,"14,763.75",10,449,868,"5,957",0,0,97,"45,250",100.0
경상남도,창원시,진동면,2040,"15,022.34","75,700.90","75,700.90",100.0,0.010,0.00,75.79,75.79,75.79,0.00,0.00,0.00,0.520,"10,765.34","30,648.84","30,648.84",178.35,"30,470.49",5.530,"4,257.00","44,976.27","44,976.27","12,652.89","10,833.31",0.00,"21,490.07",6,844,"1,298","8,350",0,0,69,"75,700",100.0
경상남도,창원시,진북면,2040,"46,588.00","92,832.09","65,367.11",70.4,0.000,0.00,0.00,0.00,0.00,0.00,0.00,0.00,1.750,"40,554.00","40,554.00","13,089.02",0.00,"13,089.02",0.000,"6,034.00","52,278.09","52,278.09","20,070.30","17,216.93",0.00,"14,990.86",6,333,"1,272","4,616",0,0,35,"65,367",100.0
경상남도,창원시,진전면,2040,"25,489.00","75,204.22","61,325.81",81.5,0.000,0.00,15.74,15.74,0.00,15.74,0.00,0.00,1.470,"25,489.00","25,489.00","11,610.59",0.00,"11,610.59",0.000,0.00,"49,699.48","49,699.48","32,919.80","5,155.61",0.00,"11,624.07",5,579,967,"5,871",0,0,26,"61,325",100.0
경상남도,창원시,현동,2040,"5,698.00","50,688.93","50,688.93",100.0,0.000,0.00,11.24,11.24,0.00,11.24,0.00,0.00,0.390,"5,698.00","24,818.43","24,818.43","4,422.41","20,396.02",0.000,0.00,"25,859.26","25,859.26","7,307.03","13,670.22",0.00,"4,882.01",14,536,881,"2,335",0,0,59,"50,688",100.0
경상남도,창원시,가포동,2040,0.00,"19,867.35","19,867.35",100.0,0.000,0.00,22.96,22.96,22.96,0.00,0.00,0.00,0.000,0.00,"7,647.81","7,647.81",0.00,"7,647.81",0.000,0.00,"12,196.58","12,196.58",459.21,"7,088.68",0.00,"4,648.69",20,778,"1,079","9,752",0,0,17,"19,867",100.0
경상남도,창원시,월영동,2040,0.00,"56,867.54","56,867.54",100.0,0.000,0.00,5.36,5.36,1.12,4.24,0.00,0.00,0.000,0.00,"21,667.08","21,667.08","1,696.18","19,970.90",0.000,0.00,"35,195.10","35,195.10","7,123.46","18,320.27",0.00,"9,751.37",16,655,"1,107","4,673",0,0,10,"56,867",100.0
경상남도,창원시,문화동,2040,0.00,"44,097.92","44,097.92",100.0,0.000,0.00,213.95,213.95,153.88,60.07,0.00,0.00,0.000,0.00,"14,119.20","14,119.20",751.33,"13,367.87",0.000,0.00,"29,764.77","29,764.77","1,647.49","5,801.15",0.00,"22,316.13",20,836,"1,139","4,923",0,0,42,"44,097",100.0
경상남도,창원시,반월중앙동,2040,0.00,"40,394.05","40,394.05",100.0,0.000,0.00,0.00,0.00,0.00,0.00,0.00,0.00,0.000,0.00,"15,042.91","15,042.91","1,371.76","13,671.15",0.000,0.00,"25,351.14","25,351.14","2,368.80","4,392.04",0.00,"18,590.30",6,394,717,"4,197",0,1,7,"40,394",100.0
경상남도,창원시,완월동,2040,0.00,"27,476.32","27,476.32",100.0,0.000,0.00,0.00,0.00,0.00,0.00,0.00,0.00,0.000,0.00,"8,657.64","8,657.64",216.49,"8,441.15",0.000,0.00,"18,818.68","18,818.68","1,784.71","4,469.41",0.00,"12,564.56",0,505,626,"5,759",0,0,12,"27,476",100.0
경상남도,창원시,자산동,2040,0.00,"31,176.12","31,176.12",100.0,0.000,0.00,0.00,0.00,0.00,0.00,0.00,0.00,0.000,0.00,"9,029.90","9,029.90",0.00,"9,029.90",0.000,0.00,"22,146.22","22,146.22","3,106.61","3,637.33",0.00,"15,402.28",50,608,753,"3,998",0,0,4,"31,176",100.0
경상남도,창원시,교방동,2040,900.00,"63,754.12","63,754.12",100.0,0.000,0.00,0.00,0.00,0.00,0.00,0.00,0.00,0.020,900.00,"23,230.14","23,230.14",335.50,"22,894.64",0.000,0.00,"40,523.98","40,523.98","1,792.55","10,502.44",0.00,"28,228.99",21,924,"1,290","3,167",0,0,78,"63,754",100.0
경상남도,창원시,오동동,2040,0.00,"87,470.87","87,470.87",100.0,0.000,0.00,0.00,0.00,0.00,0.00,0.00,0.00,0.000,0.00,"31,916.36","31,916.36","4,340.42","27,575.94",0.000,0.00,"55,554.51","55,554.51","3,603.57","12,174.09",0.00,"39,776.85",5,483,"1,059",0,0,2,16,"87,470",100.0
경상남도,창원시,합포동,2040,0.00,"29,177.12","29,177.12",100.0,0.000,0.00,0.00,0.00,0.00,0.00,0.00,0.00,0.000,0.00,"10,866.18","10,866.18",788.40,"10,077.78",0.000,0.00,"18,310.94","18,310.94",608.03,"6,129.28",0.00,"11,573.63",34,912,"2,005",827,0,1,37,"29,177",100.0
경상남도,창원시,산호동,2040,"2,330.00","48,365.80","48,365.80",100.0,0.000,0.00,0.00,0.00,0.00,0.00,0.00,0.00,0.000,0.00,"16,079.31","16,079.31","1,396.15","14,683.16",0.310,"2,330.00","32,286.49","32,286.49",720.41,"1,912.84",0.00,"29,653.24",29,"1,004","1,707",760,0,1,12,"48,365",100.0
경상남도,창원시,내서읍,2040,"11,869.00","144,694.87","144,694.87",100.0,0.000,0.00,177.73,177.73,0.00,177.73,0.00,0.00,0.450,"11,869.00","63,384.86","63,384.86",278.04,"63,106.82",0.000,0.00,"81,132.28","81,132.28","21,177.06","49,630.80",0.00,"10,324.42",8,"1,363","2,122",607,0,2,46,"144,694",100.0
경상남도,창원시,회원1동,2040,0.00,"34,133.24","34,133.24",100.0,0.000,0.00,0.00,0.00,0.00,0.00,0.00,0.00,0.000,0.00,"11,388.45","11,388.45",0.00,"11,388.45",0.000,0.00,"22,744.79","22,744.79",856.38,"4,180.61",0.00,"17,707.80",0,313,493,"8,893",0,0,16,"34,133",100.0
경상남도,창원시,회원2동,2040,0.00,"42,549.25","42,549.25",100.0,0.000,0.00,0.00,0.00,0.00,0.00,0.00,0.00,0.000,0.00,"15,076.33","15,076.33",0.00,"15,076.33",0.000,0.00,"27,472.92","27,472.92","1,456.32","6,807.21",0.00,"19,209.39",0,520,756,"5,324",0,0,39,"42,549",100.0
경상남도,창원시,석전동,2040,0.00,"60,368.60","60,368.60",100.0,0.000,0.00,0.00,0.00,0.00,0.00,0.00,0.00,0.000,0.00,"18,084.93","18,084.93",0.00,"18,084.93",0.000,0.00,"42,283.67","42,283.67","3,022.72","12,079.11",0.00,"27,181.84",0,550,"1,087","9,164",0,4,44,"60,368",100.0
경상남도,창원시,회성동,2040,"2,188.00","39,836.24","39,836.24",100.0,0.000,0.00,1.17,1.17,1.17,0.00,0.00,0.00,0.070,"2,188.00","14,002.56","14,002.56",0.00,"14,002.56",0.000,0.00,"25,832.51","25,832.51","2,266.38","9,308.67",0.00,"14,257.46",1,391,765,"6,129",0,0,56,"39,836",100.0
경상남도,창원시,양덕1동,2040,0.00,"28,710.98","28,710.98",100.0,0.000,0.00,0.00,0.00,0.00,0.00,0.00,0.00,0.000,0.00,"10,857.53","10,857.53",199.78,"10,657.75",0.000,0.00,"17,853.45","17,853.45","1,322.63","1,064.65",0.00,"15,466.17",0,323,375,"6,813",0,2,37,"28,710",100.0
경상남도,창원시,양덕2동,2040,0.00,"44,060.81","44,060.81",100.0,0.000,0.00,0.00,0.00,0.00,0.00,0.00,0.00,0.000,0.00,"16,428.67","16,428.67",868.78,"15,559.89",0.000,0.00,"27,632.14","27,632.14","4,031.25","3,214.53",0.00,"20,386.36",0,385,664,"3,934",0,17,35,"44,060",100.0
경상남도,창원시,합성1동,2040,"1,437.00","31,285.97","31,285.97",100.0,0.000,0.00,0.00,0.00,0.00,0.00,0.00,0.00,0.020,"1,437.00","10,157.61","10,157.61",0.00,"10,157.61",0.000,0.00,"21,128.36","21,128.36",922.41,"5,043.47",0.00,"15,162.48",0,326,451,"6,411",0,3,28,"31,285",100.0
경상남도,창원시,합성2동,2040,0.00,"36,004.48","36,004.48",100.0,0.000,0.00,3.77,3.77,3.77,0.00,0.00,0.00,0.000,0.00,"11,487.81","11,487.81",206.08,"11,281.73",0.000,0.00,"24,512.90","24,512.90","2,351.55","2,291.70",0.00,"19,869.65",0,328,509,"6,937",0,3,5,"36,004",100.0
경상남도,창원시,구암1동,2040,0.00,"33,790.45","33,790.45",100.0,0.000,0.00,3.28,3.28,3.28,0.00,0.00,0.00,0.000,0.00,"11,022.58","11,022.58",137.04,"10,885.54",0.000,0.00,"22,764.59","22,764.59","2,293.66","3,319.55",0.00,"17,151.38",1,304,498,"6,741",0,2,19,"33,790",100.0
경상남도,창원시,구암2동,2040,0.00,"30,527.37","30,527.37",100.0,0.000,0.00,0.00,0.00,0.00,0.00,0.00,0.00,0.000,0.00,"9,372.71","9,372.71",71.34,"9,301.37",0.000,0.00,"21,154.66","21,154.66","1,240.51","7,100.14",0.00,"12,814.01",0,257,498,"4,928",0,0,7,"30,527",100.0
경상남도,창원시,봉암동,2040,0.00,"59,739.90","59,739.90",100.0,0.000,0.00,12.61,12.61,0.00,12.61,0.00,0.00,0.000,0.00,"21,242.94","21,242.94",187.88,"21,055.06",0.000,0.00,"38,484.35","38,484.35","3,072.22","13,057.56",0.00,"22,354.57",1,448,601,"3,807",0,1,51,"59,739",100.0
경상남도,창원시,충무동,2040,0.00,"88,256.43","88,256.43",100.0,0.030,0.00,740.59,740.59,713.90,26.69,0.00,0.00,0.000,0.00,"29,886.87","29,886.87",0.00,"29,886.87",0.000,0.00,"57,628.97","57,628.97","4,655.93","10,920.09",0.00,"42,052.95",25,831,"1,390","5,692",0,0,52,"88,256",100.0
경상남도,창원시,여좌동,2040,0.00,"67,513.68","67,513.68",100.0,0.180,0.00,378.08,378.08,1.62,376.46,0.00,0.00,0.000,0.00,"25,047.96","25,047.96",133.23,"24,914.73",0.000,0.00,"42,087.64","42,087.64","6,871.88","13,324.08",0.00,"21,891.68",20,778,"1,079","9,752",0,5,35,"67,513",100.0
경상남도,창원시,태백동,2040,0.00,"18,842.76","18,842.76",100.0,0.030,0.00,460.16,460.16,284.52,175.64,0.00,0.00,0.000,0.00,"5,545.03","5,545.03",0.00,"5,545.03",0.000,0.00,"12,837.57","12,837.57","2,426.63","5,609.56",0.00,"4,801.38",16,178,408,399,0,0,46,"18,842",100.0
경상남도,창원시,경화동,2040,0.00,"68,938.10","68,938.10",100.0,0.030,0.00,373.06,373.06,0.00,373.06,0.00,0.00,0.000,0.00,"26,589.42","26,589.42",3.43,"26,585.99",0.000,0.00,"41,975.62","41,975.62","2,701.38","18,014.16",0.00,"21,260.08",20,836,"1,139","3,137",0,0,56,"68,938",100.0
경상남도,창원시,병암동,2040,0.00,"19,996.96","19,996.96",100.0,0.010,0.00,407.36,407.36,0.00,407.36,0.00,0.00,0.000,0.00,"7,846.90","7,846.90",64.91,"7,781.99",0.000,0.00,"11,742.70","11,742.70","1,315.73","6,535.27",0.00,"3,891.70",6,248,346,0,0,0,20,"19,996",100.0
경상남도,창원시,석동,2040,0.00,"44,308.84","44,308.84",100.0,0.000,0.00,0.00,0.00,0.00,0.00,0.00,0.00,0.000,0.00,"17,586.34","17,586.34",58.30,"17,528.04",0.000,0.00,"26,722.50","26,722.50","4,462.10","18,586.64",0.00,"3,673.76",0,505,626,0,0,0,11,"44,308",100.0
경상남도,창원시,이동,2040,0.00,"54,982.38","54,982.38",100.0,0.020,0.00,"1,251.21","1,251.21",413.56,837.65,0.00,0.00,0.000,0.00,"24,762.35","24,762.35","1,070.71","23,691.64",0.000,0.00,"28,968.82","28,968.82","2,817.19","14,856.14",0.00,"11,295.49",50,608,753,"2,099",0,0,35,"54,982",100.0
경상남도,창원시,자은동,2040,0.00,"41,470.10","41,470.10",100.0,0.030,0.00,251.92,251.92,0.00,251.92,0.00,0.00,0.000,0.00,"16,558.06","16,558.06",401.29,"16,156.77",0.000,0.00,"24,660.12","24,660.12","5,455.73","15,487.32",0.00,"3,717.07",10,561,811,0,0,0,41,"41,470",100.0
경상남도,창원시,덕산동,2040,0.00,"32,447.30","32,447.30",100.0,0.000,0.00,387.57,387.57,300.95,86.62,0.00,0.00,0.000,0.00,"13,831.66","13,831.66","2,919.62","10,912.04",0.000,0.00,"18,228.07","18,228.07","1,435.34","9,119.44",0.00,"7,673.29",11,363,479,0,0,0,31,"32,447",100.0
경상남도,창원시,풍호동,2040,"6,668.00","55,172.87","55,172.87",100.0,0.000,0.00,37.44,37.44,22.51,14.93,0.00,0.00,0.070,949.00,"18,537.63","18,537.63","1,681.16","16,856.47",0.000,"5,719.00","36,597.80","36,597.80","9,912.02","15,544.46",0.00,"11,141.32",5,483,"1,059",0,0,0,54,"55,172",100.0
경상남도,창원시,웅천동,2040,"20,555.00","123,632.96","123,632.96",100.0,0.030,0.00,"1,067.26","1,067.26",200.44,866.82,0.00,0.00,0.180,"12,623.00","44,199.15","44,199.15",0.00,"44,199.15",0.000,"7,932.00","78,366.55","78,366.55","14,071.30","47,420.14",0.00,"16,875.11",34,912,"2,005",827,0,0,223,"123,632",100.0
경상남도,창원시,웅동1동,2040,"4,306.00","98,705.93","98,705.93",100.0,0.010,0.00,644.31,644.31,8.70,635.61,0.00,0.00,0.000,500.00,"38,774.82","38,774.82","1,194.74","37,580.08",0.000,"3,806.00","59,286.80","59,286.80","12,930.40","26,427.74",0.00,"19,928.66",29,"1,004","1,707",760,0,0,140,"98,705",100.0
경상남도,창원시,웅동2동,2040,"10,826.00","159,975.63","159,975.63",100.0,0.000,0.00,184.06,184.06,9.73,174.33,0.00,0.00,0.580,"5,114.00","67,686.71","67,686.71",3.01,"67,683.70",0.000,"5,712.00","92,104.86","92,104.86","12,760.57","73,542.79",0.00,"5,801.50",8,"1,363","2,122",607,0,0,58,"159,975",100.0
경상남도,진주시,소계,,"1,717,500.00","1,717,500.00","1,614,625.00",94.0,0.000,"10,000.00","10,000.00","10,000.00","4,000.00","6,000.00",0.00,0.00,26.870,"762,000.00","762,000.00","689,617.00","33,746.00","655,871.00",22.810,"945,500.00","945,500.00","915,008.00","277,150.00","450,758.00",0.00,"187,100.00",518,"30,274","29,080","71,255","77,307",79,197,"1,592,003",98.6
경상남도,진주시,문산읍,2035,"73,500.00","73,500.00","73,500.00",100.0,0.000,0.00,0.00,0.00,0.00,0.00,0.00,0.00,0.850,"31,300.00","31,300.00","31,300.00",0.00,"31,300.00",0.860,"42,200.00","42,200.00","42,200.00","12,660.00","21,100.00",0.00,"8,440.00",0,595,533,"1,442","1,442",9,44,"73,500",100.0
경상남도,진주시,내동면,2035,"3,000.00","3,000.00","3,000.00",100.0,0.000,0.00,0.00,0.00,0.00,0.00,0.00,0.00,0.200,"3,000.00","3,000.00","3,000.00",0.00,"3,000.00",0.000,0.00,0.00,0.00,0.00,0.00,0.00,0.00,0,0,0,0,0,0,0,"3,000",100.0
경상남도,진주시,정촌면,2035,"14,986.00","14,986.00","10,382.00",69.3,0.000,0.00,0.00,0.00,0.00,0.00,0.00,0.00,0.210,"14,986.00","14,986.00","10,382.00",0.00,"10,382.00",0.000,0.00,0.00,0.00,0.00,0.00,0.00,0.00,0,0,0,0,0,0,0,"10,382",100.0
경상남도,진주시,금곡면,2035,"7,423.00","7,423.00","7,423.00",100.0,0.000,0.00,0.00,0.00,0.00,0.00,0.00,0.00,0.410,"7,423.00","7,423.00","7,423.00",0.00,"7,423.00",0.000,0.00,0.00,0.00,0.00,0.00,0.00,0.00,0,0,0,0,0,0,0,"7,423",100.0
경상남도,진주시,진성면,2035,"69,100.00","69,100.00","62,600.00",90.6,0.000,0.00,0.00,0.00,0.00,0.00,0.00,0.00,0.730,"41,700.00","41,700.00","35,200.00",0.00,"35,200.00",0.730,"27,400.00","27,400.00","27,400.00","8,220.00","13,700.00",0.00,"5,480.00",0,0,0,"1,005",0,0,0,"62,600",100.0
경상남도,진주시,일반성면,2035,"71,900.00","71,900.00","49,200.00",68.4,0.000,"10,000.00","10,000.00","10,000.00","4,000.00","6,000.00",0.00,0.00,0.580,"26,900.00","26,900.00","24,200.00",0.00,"24,200.00",0.580,"35,000.00","35,000.00","15,000.00","4,000.00","6,000.00",0.00,"5,000.00",518,0,0,0,0,0,0,"49,200",100.0
경상남도,진주시,이반성면,2035,0.00,0.00,0.00,0.0,0.000,0.00,0.00,0.00,0.00,0.00,0.00,0.00,0.000,0.00,0.00,0.00,0.00,0.00,0.000,0.00,0.00,0.00,0.00,0.00,0.00,0.00,0,0,0,0,0,0,0,0,0.0
경상남도,진주시,사봉면,2035,"4,400.00","4,400.00","4,400.00",100.0,0.000,0.00,0.00,0.00,0.00,0.00,0.00,0.00,0.410,"4,400.00","4,400.00","4,400.00",0.00,"4,400.00",0.000,0.00,0.00,0.00,0.00,0.00,0.00,0.00,0,0,0,266,0,9,17,"4,400",100.0
경상남도,진주시,지수면,2035,"35,773.00","35,773.00","35,773.00",100.0,0.000,0.00,0.00,0.00,0.00,0.00,0.00,0.00,0.410,"35,773.00","35,773.00","35,773.00",0.00,"35,773.00",0.000,0.00,0.00,0.00,0.00,0.00,0.00,0.00,0,"1,705","1,680","2,552","2,552",0,0,"35,773",100.0
경상남도,진주시,대곡면,2035,"37,500.00","37,500.00","26,800.00",71.5,0.000,0.00,0.00,0.00,0.00,0.00,0.00,0.00,1.110,"24,600.00","24,600.00","13,900.00",0.00,"13,900.00",1.100,"12,900.00","12,900.00","12,900.00","3,870.00","6,450.00",0.00,"2,580.00",0,383,316,795,795,0,13,"26,800",100.0
경상남도,진주시,금산면,2035,"15,568.00","15,568.00","15,568.00",100.0,0.000,0.00,0.00,0.00,0.00,0.00,0.00,0.00,0.410,"15,568.00","15,568.00","15,568.00",0.00,"15,568.00",0.000,0.00,0.00,0.00,0.00,0.00,0.00,0.00,0,0,0,0,0,0,0,"15,568",100.0
경상남도,진주시,집현면,2035,"4,600.00","4,600.00","4,600.00",100.0,0.000,0.00,0.00,0.00,0.00,0.00,0.00,0.00,0.400,"4,600.00","4,600.00","4,600.00",0.00,"4,600.00",0.000,0.00,0.00,0.00,0.00,0.00,0.00,0.00,0,0,0,0,0,0,0,"4,600",100.0
경상남도,진주시,미천면,2035,"9,630.00","9,630.00","9,630.00",100.0,0.000,0.00,0.00,0.00,0.00,0.00,0.00,0.00,0.400,"9,630.00","9,630.00","9,630.00",0.00,"9,630.00",0.000,0.00,0.00,0.00,0.00,0.00,0.00,0.00,0,0,0,0,0,0,0,"9,630",100.0
경상남도,진주시,명석면,2035,"13,581.00","13,581.00","13,581.00",100.0,0.000,0.00,0.00,0.00,0.00,0.00,0.00,0.00,0.400,"13,581.00","13,581.00","13,581.00",0.00,"13,581.00",0.000,0.00,0.00,0.00,0.00,0.00,0.00,0.00,0,0,0,0,0,0,0,"13,581",100.0
경상남도,진주시,대평면,2035,"13,740.00","13,740.00","13,740.00",100.0,0.000,0.00,0.00,0.00,0.00,0.00,0.00,0.00,0.400,"13,740.00","13,740.00","13,740.00",0.00,"13,740.00",0.000,0.00,0.00,0.00,0.00,0.00,0.00,0.00,0,0,0,0,0,0,0,"13,740",100.0
경상남도,진주시,수곡면,2035,"19,199.00","19,199.00","14,596.00",76.0,0.000,0.00,0.00,0.00,0.00,0.00,0.00,0.00,0.400,"19,199.00","19,199.00","14,596.00",0.00,"14,596.00",0.000,0.00,0.00,0.00,0.00,0.00,0.00,0.00,0,0,0,0,0,0,0,"14,596",100.0
경상남도,진주시,천전동,2035,"1,323,600.00","1,323,600.00","1,269,832.00",95.9,0.000,0.00,0.00,0.00,0.00,0.00,0.00,0.00,19.550,"495,600.00","495,600.00","452,324.00","33,746.00","418,578.00",19.540,"828,000.00","828,000.00","817,508.00","248,400.00","403,508.00",0.00,"165,600.00",0,"27,591","26,551","65,195","72,518",61,123,"1,247,210",98.2
경상남도,진주시,성북동,2035,0.00,0.00,0.00,0.0,0.000,0.00,0.00,0.00,0.00,0.00,0.00,0.00,0.000,0.00,0.00,0.00,0.00,0.00,0.000,0.00,0.00,0.00,0.00,0.00,0.00,0.00,0,0,0,0,0,0,0,0,0.0
경상남도,진주시,중앙동,2035,0.00,0.00,0.00,0.0,0.000,0.00,0.00,0.00,0.00,0.00,0.00,0.00,0.000,0.00,0.00,0.00,0.00,0.00,0.000,0.00,0.00,0.00,0.00,0.00,0.00,0.00,0,0,0,0,0,0,0,0,0.0
경상남도,진주시,상봉동,2035,0.00,0.00,0.00,0.0,0.000,0.00,0.00,0.00,0.00,0.00,0.00,0.00,0.000,0.00,0.00,0.00,0.00,0.00,0.000,0.00,0.00,0.00,0.00,0.00,0.00,0.00,0,0,0,0,0,0,0,0,0.0
경상남도,진주시,상대동,2035,0.00,0.00,0.00,0.0,0.000,0.00,0.00,0.00,0.00,0.00,0.00,0.00,0.000,0.00,0.00,0.00,0.00,0.00,0.000,0.00,0.00,0.00,0.00,0.00,0.00,0.00,0,0,0,0,0,0,0,0,0.0
경상남도,진주시,하대동,2035,0.00,0.00,0.00,0.0,0.000,0.00,0.00,0.00,0.00,0.00,0.00,0.00,0.000,0.00,0.00,0.00,0.00,0.00,0.000,0.00,0.00,0.00,0.00,0.00,0.00,0.00,0,0,0,0,0,0,0,0,0.0
경상남도,진주시,상평동,2035,0.00,0.00,0.00,0.0,0.000,0.00,0.00,0.00,0.00,0.00,0.00,0.00,0.000,0.00,0.00,0.00,0.00,0.00,0.000,0.00,0.00,0.00,0.00,0.00,0.00,0.00,0,0,0,0,0,0,0,0,0.0
경상남도,진주시,초장동,2035,0.00,0.00,0.00,0.0,0.000,0.00,0.00,0.00,0.00,0.00,0.00,0.00,0.000,0.00,0.00,0.00,0.00,0.00,0.000,0.00,0.00,0.00,0.00,0.00,0.00,0.00,0,0,0,0,0,0,0,0,0.0
경상남도,진주시,평거동,2035,0.00,0.00,0.00,0.0,0.000,0.00,0.00,0.00,0.00,0.00,0.00,0.00,0.000,0.00,0.00,0.00,0.00,0.00,0.000,0.00,0.00,0.00,0.00,0.00,0.00,0.00,0,0,0,0,0,0,0,0,0.0
경상남도,진주시,신안동,2035,0.00,0.00,0.00,0.0,0.000,0.00,0.00,0.00,0.00,0.00,0.00,0.00,0.000,0.00,0.00,0.00,0.00,0.00,0.000,0.00,0.00,0.00,0.00,0.00,0.00,0.00,0,0,0,0,0,0,0,0,0.0
경상남도,진주시,이현동,2035,0.00,0.00,0.00,0.0,0.000,0.00,0.00,0.00,0.00,0.00,0.00,0.00,0.000,0.00,0.00,0.00,0.00,0.00,0.000,0.00,0.00,0.00,0.00,0.00,0.00,0.00,0,0,0,0,0,0,0,0,0.0
경상남도,진주시,판문동,2035,0.00,0.00,0.00,0.0,0.000,0.00,0.00,0.00,0.00,0.00,0.00,0.00,0.000,0.00,0.00,0.00,0.00,0.00,0.000,0.00,0.00,0.00,0.00,0.00,0.00,0.00,0,0,0,0,0,0,0,0,0.0
경상남도,진주시,가호동,2035,0.00,0.00,0.00,0.0,0.000,0.00,0.00,0.00,0.00,0.00,0.00,0.00,0.000,0.00,0.00,0.00,0.00,0.00,0.000,0.00,0.00,0.00,0.00,0.00,0.00,0.00,0,0,0,0,0,0,0,0,0.0
경상남도,진주시,충무공동,2035,0.00,0.00,0.00,0.0,0.000,0.00,0.00,0.00,0.00,0.00,0.00,0.00,0.000,0.00,0.00,0.00,0.00,0.00,0.000,0.00,0.00,0.00,0.00,0.00,0.00,0.00,0,0,0,0,0,0,0,0,0.0
경상남도,통영시,소계,,"557,726.00","742,078.80","557,751.80",75.2,18.000,"285,343.00","285,343.00","212,453.00","43,191.00","59,231.00","9,440.00","100,591.00",15.000,"148,773.00","290,390.80","266,899.80",492.00,"266,407.80",13.000,"123,610.00","166,345.00","78,399.00","7,799.00","57,097.00","4,071.00","9,432.00",0,"6,204",13,"17,502",0,49,0,"79,637",14.3
경상남도,통영시,산양읍,2030,"23,163.00","48,619.00","35,414.00",72.8,3.000,"13,205.00","13,205.00",0.00,0.00,0.00,0.00,0.00,1.000,"9,958.00","35,414.00","35,414.00",0.00,"35,414.00",1.000,0.00,0.00,0.00,0.00,0.00,0.00,0.00,0,0,0,657,0,0,0,"12,574",35.5
경상남도,통영시,용남면,2030,"35,777.00","52,205.80","17,332.80",33.2,3.000,"34,873.00","34,873.00",0.00,0.00,0.00,0.00,0.00,2.000,904.00,"11,923.80","11,923.80",0.00,"11,923.80",2.000,0.00,"5,409.00","5,409.00","5,409.00",0.00,0.00,0.00,0,0,0,455,0,0,0,"7,314",42.2
경상남도,통영시,도산면,2030,"7,898.00","21,874.00","21,874.00",100.0,0.000,0.00,0.00,0.00,0.00,0.00,0.00,0.00,0.000,"7,898.00","21,806.00","21,806.00",0.00,"21,806.00",0.000,0.00,68.00,68.00,0.00,68.00,0.00,0.00,0,0,2,530,0,0,0,0,0.0
경상남도,통영시,광도면,2030,"76,933.00","76,933.00","4,142.00",5.4,6.000,"10,563.00","10,563.00",0.00,0.00,0.00,0.00,0.00,2.000,"27,633.00","27,633.00","4,142.00",0.00,"4,142.00",2.000,"38,737.00","38,737.00",0.00,0.00,0.00,0.00,0.00,0,43,0,273,0,0,0,0,0.0
경상남도,통영시,욕지면,2030,"13,777.00","65,478.00","57,068.00",87.2,3.000,"8,410.00","8,410.00",0.00,0.00,0.00,0.00,0.00,1.000,"5,367.00","19,810.00","19,810.00",0.00,"19,810.00",1.000,0.00,"37,258.00","37,258.00",0.00,"25,180.00","4,071.00","8,007.00",0,647,0,"1,065",0,0,0,"48,599",85.2
경상남도,통영시,한산면,2030,"3,490.00","12,658.00","12,658.00",100.0,0.000,0.00,0.00,0.00,0.00,0.00,0.00,0.00,0.000,"3,490.00","12,658.00","12,658.00",0.00,"12,658.00",0.000,0.00,0.00,0.00,0.00,0.00,0.00,0.00,0,0,0,41,0,0,0,"11,150",88.1
경상남도,통영시,사량면,2030,"1,268.00","23,081.00","23,081.00",100.0,0.000,0.00,0.00,0.00,0.00,0.00,0.00,0.00,0.000,"1,268.00","23,081.00","23,081.00",0.00,"23,081.00",0.000,0.00,0.00,0.00,0.00,0.00,0.00,0.00,0,0,0,292,0,0,0,0,0.0
경상남도,통영시,도천동,2030,"395,420.00","441,230.00","386,182.00",87.5,3.000,"218,292.00","218,292.00","212,453.00","43,191.00","59,231.00","9,440.00","100,591.00",9.000,"92,255.00","138,065.00","138,065.00",492.00,"137,573.00",7.000,"84,873.00","84,873.00","35,664.00","2,390.00","31,849.00",0.00,"1,425.00",0,"5,514",11,"14,189",0,49,0,0,0.0
경상남도,통영시,명정동,2030,0.00,0.00,0.00,0.0,0.000,0.00,0.00,0.00,0.00,0.00,0.00,0.00,0.000,0.00,0.00,0.00,0.00,0.00,0.000,0.00,0.00,0.00,0.00,0.00,0.00,0.00,0,0,0,0,0,0,0,0,0.0
경상남도,통영시,중앙동,2030,0.00,0.00,0.00,0.0,0.000,0.00,0.00,0.00,0.00,0.00,0.00,0.00,0.000,0.00,0.00,0.00,0.00,0.00,0.000,0.00,0.00,0.00,0.00,0.00,0.00,0.00,0,0,0,0,0,0,0,0,0.0
경상남도,통영시,정량동,2030,0.00,0.00,0.00,0.0,0.000,0.00,0.00,0.00,0.00,0.00,0.00,0.00,0.000,0.00,0.00,0.00,0.00,0.00,0.000,0.00,0.00,0.00,0.00,0.00,0.00,0.00,0,0,0,0,0,0,0,0,0.0
경상남도,통영시,북신동,2030,0.00,0.00,0.00,0.0,0.000,0.00,0.00,0.00,0.00,0.00,0.00,0.00,0.000,0.00,0.00,0.00,0.00,0.00,0.000,0.00,0.00,0.00,0.00,0.00,0.00,0.00,0,0,0,0,0,0,0,0,0.0
경상남도,통영시,미수동,2030,0.00,0.00,0.00,0.0,0.000,0.00,0.00,0.00,0.00,0.00,0.00,0.00,0.000,0.00,0.00,0.00,0.00,0.00,0.000,0.00,0.00,0.00,0.00,0.00,0.00,0.00,0,0,0,0,0,0,0,0,0.0
경상남도,통영시,봉평동,2030,0.00,0.00,0.00,0.0,0.000,0.00,0.00,0.00,0.00,0.00,0.00,0.00,0.000,0.00,0.00,0.00,0.00,0.00,0.000,0.00,0.00,0.00,0.00,0.00,0.00,0.00,0,0,0,0,0,0,0,0,0.0
경상남도,통영시,무전동,2030,0.00,0.00,0.00,0.0,0.000,0.00,0.00,0.00,0.00,0.00,0.00,0.00,0.000,0.00,0.00,0.00,0.00,0.00,0.000,0.00,0.00,0.00,0.00,0.00,0.00,0.00,0,0,0,0,0,0,0,0,0.0
경상남도,사천시,소계,,"784,347.00","841,630.00","623,479.00",74.1,9.900,"200,937.00","200,937.00","143,449.00","16,563.00","37,398.00","2,756.00","86,732.00",391.800,"449,407.00","506,647.00","391,165.00","34,329.00","356,836.00",26.000,"134,003.00","134,046.00","88,865.00","47,452.00","41,413.00",0.00,0.00,"9,781","11,867","10,057","44,186","60,552",40,44,"428,384",68.7
경상남도,사천시,사천읍,2035,"112,122.00","112,122.00","75,373.00",67.2,0.820,"23,295.00","23,295.00","18,043.00","2,297.00","6,431.00",883.00,"8,432.00",28.900,"56,957.00","56,957.00","30,823.00","14,312.00","16,511.00",2.850,"31,870.00","31,870.00","26,507.00","24,089.00","2,418.00",0.00,0.00,487,"1,142",961,"7,964","8,432",6,2,"42,012",55.7
경상남도,사천시,정동면,2035,"57,093.00","57,093.00","36,923.00",64.7,0.480,"15,212.00","15,212.00","11,184.00","1,493.00","3,123.00",523.00,"6,045.00",36.200,"33,747.00","33,747.00","21,292.00","2,296.00","18,996.00",1.690,"8,134.00","8,134.00","4,447.00","2,631.00","1,816.00",0.00,0.00,289,973,891,"4,183","5,312",0,16,"25,321",68.6
경상남도,사천시,사남면,2035,"76,082.00","76,082.00","54,729.00",71.9,0.620,"18,642.00","18,642.00","14,614.00","1,748.00","4,369.00",675.00,"7,822.00",41.900,"43,668.00","43,668.00","30,311.00","3,821.00","26,490.00",2.190,"13,772.00","13,772.00","9,804.00","3,142.00","6,662.00",0.00,0.00,373,947,782,"5,201","6,812",0,1,"32,532",59.4
경상남도,사천시,용현면,2035,"89,820.00","140,741.00","115,269.00",81.9,2.000,"18,220.00","18,220.00","12,968.00","4,420.00","8,432.00",69.00,47.00,25.800,"40,800.00","91,721.00","91,721.00","3,851.00","87,870.00",5.000,"30,800.00","30,800.00","10,580.00","1,982.00","8,598.00",0.00,0.00,560,"1,102",843,"3,428","4,682",0,1,"19,231",16.7
경상남도,사천시,축동면,2035,"16,112.00","16,112.00","10,241.00",63.6,0.080,"3,078.00","3,078.00","1,432.00",145.00,243.00,83.00,961.00,23.300,"5,366.00","5,366.00","1,251.00",28.00,"1,223.00",0.270,"7,668.00","7,668.00","7,558.00","2,985.00","4,573.00",0.00,0.00,46,661,568,712,"1,240",0,2,"4,201",41.0
경상남도,사천시,곤양면,2035,"55,095.00","55,095.00","5,947.00",10.8,0.500,0.00,0.00,0.00,0.00,0.00,0.00,0.00,60.700,"52,300.00","52,300.00","4,125.00",573.00,"3,552.00",2.220,"2,795.00","2,795.00","1,822.00",0.00,"1,822.00",0.00,0.00,137,538,451,"1,459","2,413",0,16,"7,532",126.7
경상남도,사천시,곤명면,2035,"11,101.00","14,799.00","13,704.00",92.6,0.400,0.00,0.00,0.00,0.00,0.00,0.00,0.00,69.900,"4,520.00","8,218.00","8,218.00",421.00,"7,797.00",1.780,"6,581.00","6,581.00","5,486.00",0.00,"5,486.00",0.00,0.00,109,569,438,"1,153","2,630",0,6,"5,923",43.2
경상남도,사천시,서포면,2035,"7,615.00","10,279.00","10,279.00",100.0,1.000,0.00,0.00,0.00,0.00,0.00,0.00,0.00,49.700,"7,258.00","9,879.00","9,879.00","1,021.00","8,858.00",4.000,357.00,400.00,400.00,0.00,400.00,0.00,0.00,165,465,401,"1,308","2,049",0,0,"7,852",76.4
경상남도,사천시,동서동,2035,"51,324.00","51,324.00","44,196.00",86.1,0.600,"16,752.00","16,752.00","11,234.00",830.00,"1,341.00",101.00,"8,962.00",9.100,"28,512.00","28,512.00","27,516.00",442.00,"27,074.00",0.900,"6,060.00","6,060.00","5,446.00","2,892.00","2,554.00",0.00,0.00,"1,066",951,891,"3,032","4,952",1,0,"41,142",93.1
경상남도,사천시,선구동,2035,"45,826.00","45,826.00","36,038.00",78.6,0.400,"15,430.00","15,430.00","10,217.00","1,068.00","1,943.00",71.00,"7,135.00",3.000,"27,213.00","27,213.00","24,821.00","1,721.00","23,100.00",0.800,"3,183.00","3,183.00","1,000.00",582.00,418.00,0.00,0.00,"1,013",981,824,"2,258","3,204",14,0,"36,521",101.3
경상남도,사천시,동서금동,2035,"40,911.00","40,911.00","30,326.00",74.1,0.400,"12,789.00","12,789.00","6,943.00",140.00,312.00,60.00,"6,431.00",0.500,"24,321.00","24,321.00","22,031.00","2,816.00","19,215.00",0.700,"3,801.00","3,801.00","1,352.00",615.00,737.00,0.00,0.00,954,901,759,"2,196","2,563",0,0,"39,521",130.3
경상남도,사천시,벌룡동,2035,"122,825.00","122,825.00","110,332.00",89.8,1.200,"39,940.00","39,940.00","30,117.00","2,087.00","6,412.00",187.00,"21,431.00",8.500,"72,812.00","72,812.00","70,721.00",723.00,"69,998.00",1.500,"10,073.00","10,073.00","9,494.00","6,752.00","2,742.00",0.00,0.00,"2,845",796,634,"6,272","8,542",1,0,"98,521",89.3
경상남도,사천시,향촌동,2035,"57,740.00","57,740.00","47,430.00",82.1,0.600,"22,010.00","22,010.00","15,164.00","1,028.00","1,643.00",62.00,"12,431.00",11.800,"30,912.00","30,912.00","28,013.00","1,021.00","26,992.00",0.900,"4,818.00","4,818.00","4,253.00","1,421.00","2,832.00",0.00,0.00,"1,082",862,728,"2,785","4,201",2,0,"31,254",65.9
경상남도,사천시,남양동,2035,"40,681.00","40,681.00","32,692.00",80.4,0.800,"15,569.00","15,569.00","11,533.00","1,307.00","3,149.00",42.00,"7,035.00",22.500,"21,021.00","21,021.00","20,443.00","1,283.00","19,160.00",1.200,"4,091.00","4,091.00",716.00,361.00,355.00,0.00,0.00,655,979,886,"2,235","3,520",16,0,"36,821",112.6
경상남도,김해시,소계,,"2,103,591.00","2,277,178.45","1,652,614.00",72.6,0.000,0.00,0.00,0.00,0.00,0.00,0.00,0.00,103.291,"1,301,605.00","1,309,544.01","924,562.00",0.00,"924,562.00",91.976,"801,986.00","967,634.44","728,052.00","96,090.00","493,559.00","27,823.00","110,580.00",0,"17,477","13,201","60,658","82,175",455,2,"1,619,295",98.0
경상남도,김해시,진영읍,2035,"260,386.89","260,386.89","159,798.00",61.4,0.000,0.00,0.00,0.00,0.00,0.00,0.00,0.00,10.025,"150,193.54","150,193.54","103,417.00",0.00,"103,417.00",10.025,"110,193.35","110,193.35","56,381.00","2,583.00","52,125.00",201.00,"1,472.00",0,"1,407",799,"5,738","4,557",48,0,"184,466",115.4
경상남도,김해시,주촌면,2035,"253,249.72","253,249.72","68,014.50",26.9,0.000,0.00,0.00,0.00,0.00,0.00,0.00,0.00,12.442,"157,193.31","157,193.31","50,349.00",0.00,"50,349.00",10.800,"96,056.41","96,056.41","17,665.50",876.00,"16,506.50",37.00,246.00,0,"1,061",294,"2,272","2,474",26,0,"91,520",134.6
경상남도,김해시,진례면,2035,"201,838.41","201,838.41","115,052.00",57.0,0.000,0.00,0.00,0.00,0.00,0.00,0.00,0.00,13.337,"132,611.11","132,611.11","91,070.00",0.00,"91,070.00",13.295,"69,227.30","69,227.30","23,982.00",0.00,"16,966.00","6,988.00",28.00,0,"1,742",473,"3,099","3,627",0,0,"108,570",94.4
경상남도,김해시,한림면,2035,"93,379.20","99,287.64","75,222.50",75.8,0.000,0.00,0.00,0.00,0.00,0.00,0.00,0.00,11.521,"82,424.14","82,424.14","58,359.00",0.00,"58,359.00",8.074,"10,955.06","16,863.50","16,863.50",459.00,"11,922.50",82.00,"4,400.00",0,"1,233",273,"2,668","3,346",6,0,"106,374",141.4
경상남도,김해시,생림면,2035,"53,770.69","55,507.93","20,149.50",36.3,0.000,0.00,0.00,0.00,0.00,0.00,0.00,0.00,7.067,"51,367.43","51,367.43","16,009.00",0.00,"16,009.00",1.943,"2,403.26","4,140.50","4,140.50",0.00,"4,093.50",40.00,7.00,0,125,25,984,"1,108",13,0,"25,391",126.0
경상남도,김해시,상동면,2035,"87,580.11","89,180.37","87,822.00",98.5,0.000,0.00,0.00,0.00,0.00,0.00,0.00,0.00,6.992,"85,247.37","85,247.37","83,889.00",0.00,"83,889.00",5.684,"2,332.74","3,933.00","3,933.00",101.00,"2,834.00",619.00,379.00,0,"1,816",86,"1,674","2,010",43,0,"57,239",65.2
경상남도,김해시,대동면,2035,"54,558.62","57,938.08","48,048.00",82.9,0.000,0.00,0.00,0.00,0.00,0.00,0.00,0.00,2.309,"49,356.08","49,356.08","39,466.00",0.00,"39,466.00",1.322,"5,202.54","8,582.00","8,582.00",0.00,"6,189.00",686.00,"1,707.00",0,"1,304",271,"1,985","2,383",43,0,"46,512",96.8
경상남도,김해시,동상동,2035,"33,761.26","42,151.00","42,151.00",100.0,0.000,0.00,0.00,0.00,0.00,0.00,0.00,0.00,0.829,"18,227.36","19,746.00","19,746.00",0.00,"19,746.00",0.914,"15,533.90","22,405.00","22,405.00","3,795.00","13,167.00",878.00,"4,565.00",0,353,396,"1,708","2,564",12,0,"32,288",76.6
경상남도,김해시,회현동,2035,"25,429.71","30,159.41","30,076.00",99.7,0.000,0.00,0.00,0.00,0.00,0.00,0.00,0.00,1.083,"14,475.41","14,475.41","14,392.00",0.00,"14,392.00",0.609,"10,954.30","15,684.00","15,684.00","2,717.00","9,154.00",620.00,"3,193.00",0,258,277,"1,228","1,845",9,0,"34,523",114.8
경상남도,김해시,부원동,2035,"36,514.18","41,718.27","38,866.00",93.2,0.000,0.00,0.00,0.00,0.00,0.00,0.00,0.00,1.049,"23,010.27","23,010.27","20,158.00",0.00,"20,158.00",1.054,"13,503.91","18,708.00","18,708.00","3,155.00","10,936.00",753.00,"3,864.00",0,319,327,"1,536","2,232",11,0,"41,865",107.7
경상남도,김해시,내외동,2035,"134,471.54","175,352.00","175,352.00",100.0,0.000,0.00,0.00,0.00,0.00,0.00,0.00,0.00,3.975,"66,433.63","72,854.00","72,854.00",0.00,"72,854.00",2.844,"68,037.91","102,498.00","102,498.00","17,598.00","61,334.00","3,624.00","19,942.00",0,"1,219","1,875","6,977","10,004",39,0,"126,962",72.4
경상남도,김해시,북부동,2035,"164,803.40","200,589.19","186,600.50",93.0,0.000,0.00,0.00,0.00,0.00,0.00,0.00,0.00,5.772,"78,608.69","78,608.69","64,620.00",0.00,"64,620.00",7.275,"86,194.71","121,980.50","121,980.50","20,961.00","73,697.50","4,108.00","23,214.00",0,"1,161","2,271","7,294","10,946",38,0,"145,454",77.9
경상남도,김해시,칠산서부동,2035,"133,734.34","162,723.66","143,561.00",88.2,0.000,0.00,0.00,0.00,0.00,0.00,0.00,0.00,2.403,"81,871.66","81,871.66","62,709.00",0.00,"62,709.00",2.403,"51,862.68","80,852.00","80,852.00","13,729.00","47,982.00","3,027.00","16,114.00",0,"1,122","1,452","5,759","8,628",37,0,"117,850",82.1
경상남도,김해시,활천동,2035,"115,177.17","134,760.78","127,476.00",94.6,0.000,0.00,0.00,0.00,0.00,0.00,0.00,0.00,3.214,"70,781.78","70,781.78","63,497.00",0.00,"63,497.00",2.250,"44,395.39","63,979.00","63,979.00","11,612.00","36,679.00","2,588.00","13,100.00",0,"1,138","1,089","5,171","7,758",38,0,"112,045",87.9
경상남도,김해시,삼안동,2035,"100,656.48","117,249.21","114,353.00",97.5,0.000,0.00,0.00,0.00,0.00,0.00,0.00,0.00,3.095,"57,162.21","57,162.21","54,266.00",0.00,"54,266.00",4.276,"43,494.27","60,087.00","60,087.00","10,111.00","35,309.00","2,425.00","12,242.00",0,973,"1,065","4,641","6,963",33,0,"96,789",84.6
경상남도,김해시,불암동,2035,"39,960.61","40,767.22","39,154.00",96.0,0.000,0.00,0.00,0.00,0.00,0.00,0.00,0.00,1.180,"21,421.22","21,421.22","19,808.00",0.00,"19,808.00",0.975,"18,539.39","19,346.00","19,346.00","3,260.00","11,263.00",794.00,"4,029.00",0,353,336,"1,650","2,376",12,0,"39,005",99.6
경상남도,김해시,장유1동,2035,"135,801.60","135,801.60","63,983.00",47.1,0.000,0.00,0.00,0.00,0.00,0.00,0.00,0.00,9.103,"80,502.64","80,502.64","36,544.00",0.00,"36,544.00",9.673,"55,298.96","55,298.96","27,439.00","1,590.00","25,026.00",246.00,577.00,0,756,575,"2,217","3,259",20,2,"88,203",137.9
경상남도,김해시,장유2동,2035,"73,498.36","73,498.36","51,919.00",70.6,0.000,0.00,0.00,0.00,0.00,0.00,0.00,0.00,2.900,"31,713.50","31,713.50","23,979.00",0.00,"23,979.00",3.565,"41,784.86","41,784.86","27,940.00","1,573.00","25,650.00",47.00,670.00,0,494,574,"1,868","2,814",13,0,"72,891",140.4
경상남도,김해시,장유3동,2035,"105,018.71","105,018.71","65,016.00",61.9,0.000,0.00,0.00,0.00,0.00,0.00,0.00,0.00,4.995,"49,003.65","49,003.65","29,430.00",0.00,"29,430.00",4.995,"56,015.06","56,015.06","35,586.00","1,970.00","32,725.00",60.00,831.00,0,643,743,"2,189","3,281",14,0,"91,348",140.5
경상남도,밀양시,소계,,"874,743.00","1,028,358.00","794,401.00",77.2,7.090,"206,863.00","234,691.00","233,405.00","32,764.00","79,453.00","44,298.00","76,890.00",33.300,"368,880.00","479,724.00","440,748.00",0.00,"440,748.00",5.500,"299,000.00","313,943.00","120,248.00","3,983.00","116,046.00",0.00,219.00,"1,216","12,602","5,641","45,573","9,594",2,714,"636,168",80.1
경상남도,밀양시,삼랑진읍,2035,"99,444.00","139,194.00","103,998.00",74.7,1.490,"23,601.00","23,611.00","23,611.00","6,104.00","1,331.00","7,176.00","9,000.00",2.600,"38,917.00","78,657.00","78,657.00",0.00,"78,657.00",0.400,"36,926.00","36,926.00","1,730.00",0.00,"1,730.00",0.00,0.00,952,"1,183",669,"3,798",914,0,42,"60,204",57.9
경상남도,밀양시,하남읍,2035,"96,985.00","102,402.00","89,795.00",87.7,0.300,"30,980.00","31,350.00","31,350.00","2,884.00","1,230.00","13,966.00","13,270.00",0.600,"39,300.00","44,347.00","44,347.00",0.00,"44,347.00",0.500,"26,705.00","26,705.00","14,098.00",0.00,"14,098.00",0.00,0.00,264,131,816,"3,098",976,0,48,"83,703",93.2
경상남도,밀양시,부북면,2035,"15,189.00","27,829.00","21,916.00",78.8,0.380,0.00,0.00,0.00,0.00,0.00,0.00,0.00,0.300,"7,891.00","20,531.00","20,531.00",0.00,"20,531.00",0.200,"7,298.00","7,298.00","1,385.00",0.00,"1,385.00",0.00,0.00,0,998,370,"2,453",739,0,20,"16,571",75.6
경상남도,밀양시,상동면,2035,"54,765.00","54,765.00","32,202.00",58.8,0.100,0.00,0.00,0.00,0.00,0.00,0.00,0.00,0.320,"32,791.00","32,791.00","19,923.00",0.00,"19,923.00",0.500,"21,974.00","21,974.00","12,279.00",0.00,"12,279.00",0.00,0.00,0,"1,704",15,"5,332",50,0,24,"27,202",84.5
경상남도,밀양시,산외면,2035,"49,529.00","52,529.00","38,122.00",72.6,0.260,0.00,"3,000.00","3,000.00",0.00,0.00,0.00,"3,000.00",0.500,"29,784.00","29,784.00","24,706.00",0.00,"24,706.00",0.000,"19,745.00","19,745.00","10,416.00",0.00,"10,416.00",0.00,0.00,0,991,7,"3,880",17,0,69,"38,122",100.0
경상남도,밀양시,산내면,2035,"34,687.00","40,434.00","19,542.00",48.3,0.000,0.00,"5,747.00","5,747.00",0.00,"5,200.00",547.00,0.00,24.880,"24,333.00","24,333.00","8,784.00",0.00,"8,784.00",0.400,"10,354.00","10,354.00","5,011.00",0.00,"5,011.00",0.00,0.00,0,"1,160",34,"4,178",75,0,18,"19,542",100.0
경상남도,밀양시,단장면,2035,"30,050.00","44,181.00","37,465.00",84.8,0.740,0.00,"11,332.00","11,332.00","2,500.00","3,982.00",0.00,"4,850.00",0.150,"17,402.00","20,201.00","20,201.00",0.00,"20,201.00",0.400,"12,648.00","12,648.00","5,932.00",0.00,"5,932.00",0.00,0.00,0,"1,282",16,"3,536",8,0,25,"29,865",79.7
경상남도,밀양시,상남면,2035,"16,925.00","52,720.00","52,720.00",100.0,0.310,0.00,0.00,0.00,0.00,0.00,0.00,0.00,0.100,"9,565.00","30,417.00","30,417.00",0.00,"30,417.00",0.300,"7,360.00","22,303.00","22,303.00",0.00,"22,303.00",0.00,0.00,0,835,570,"2,464",889,0,13,"10,231",19.4
경상남도,밀양시,초동면,2035,0.00,"4,377.00","4,377.00",100.0,0.000,0.00,"4,377.00","4,377.00",32.00,"2,550.00","1,795.00",0.00,0.000,0.00,0.00,0.00,0.00,0.00,0.000,0.00,0.00,0.00,0.00,0.00,0.00,0.00,0,131,0,245,0,0,0,"4,377",100.0
경상남도,밀양시,무안면,2035,"41,256.00","54,538.00","44,454.00",81.5,0.400,"14,604.00","14,604.00","14,604.00","1,140.00","2,684.00",520.00,"10,260.00",0.170,"13,596.00","26,878.00","26,878.00",0.00,"26,878.00",0.500,"13,056.00","13,056.00","2,972.00",0.00,"2,972.00",0.00,0.00,0,757,178,"1,619",119,0,6,"19,862",44.7
경상남도,밀양시,청도면,2035,"18,519.00","18,519.00","5,638.00",30.4,0.000,0.00,0.00,0.00,0.00,0.00,0.00,0.00,0.090,"9,284.00","9,284.00","3,803.00",0.00,"3,803.00",0.300,"9,235.00","9,235.00","1,835.00",0.00,"1,835.00",0.00,0.00,0,297,133,"1,223",165,0,19,"5,638",100.0
경상남도,밀양시,내일동,2035,"26,924.00","31,152.00","25,275.00",81.1,0.100,"8,881.00","9,428.00","9,428.00","1,450.00","4,254.00","1,369.00","2,355.00",0.000,"9,419.00","13,100.00","13,100.00",0.00,"13,100.00",0.000,"8,624.00","8,624.00","2,747.00",257.00,"2,476.00",0.00,14.00,0,251,254,815,627,0,170,"20,696",81.9
경상남도,밀양시,내이동,2035,"109,228.00","114,697.00","90,854.00",79.2,1.640,"36,029.00","37,917.00","37,917.00","5,253.00","17,671.00","5,439.00","9,554.00",2.000,"38,211.00","41,792.00","41,792.00",0.00,"41,792.00",1.000,"34,988.00","34,988.00","11,145.00","1,042.00","10,045.00",0.00,58.00,0,806,991,"3,990","2,315",1,73,"83,963",92.4
경상남도,밀양시,삼문동,2035,"171,666.00","177,538.00","139,765.00",78.7,0.470,"56,624.00","56,868.00","56,868.00","8,201.00","25,447.00","8,204.00","15,016.00",1.000,"60,054.00","65,682.00","65,682.00",0.00,"65,682.00",1.000,"54,988.00","54,988.00","17,215.00","1,638.00","15,487.00",0.00,90.00,0,"1,267",553,"5,202","1,324",1,114,"131,960",94.4
경상남도,밀양시,가곡동,2035,"59,620.00","61,576.00","47,276.00",76.8,0.900,"19,666.00","19,666.00","18,380.00","2,813.00","7,478.00","2,874.00","5,215.00",0.000,"20,857.00","22,813.00","22,813.00",0.00,"22,813.00",0.000,"19,097.00","19,097.00","6,083.00",569.00,"5,483.00",0.00,31.00,0,440,357,"1,806",605,0,40,"45,830",96.9
경상남도,밀양시,교동,2035,"49,956.00","51,907.00","41,002.00",79.0,0.000,"16,478.00","16,791.00","16,791.00","2,387.00","7,626.00","2,408.00","4,370.00",0.590,"17,476.00","19,114.00","19,114.00",0.00,"19,114.00",0.000,"16,002.00","16,002.00","5,097.00",477.00,"4,594.00",0.00,26.00,0,369,678,"1,934",771,0,33,"38,402",93.7
경상남도,거제시,소계,,"136,356.00","728,678.58","675,697.78",92.7,9.100,"26,469.00","62,908.15","44,062.37","2,494.69","41,567.68",0.00,0.00,9.915,"56,903.00","458,733.45","457,123.10",150.41,"456,972.69",8.915,"52,984.00","207,036.98","174,512.31","1,657.29","172,855.02",0.00,0.00,"1,476","10,628","4,717","88,716","9,163",0,51,"616,003",91.2
경상남도,거제시,일운면,2035,"20,796.00","55,145.67","54,646.98",99.1,5.700,"3,841.00","3,841.00","3,690.33","1,485.96","2,204.37",0.00,0.00,1.215,"9,414.00","43,763.67","43,763.67",0.00,"43,763.67",1.215,"7,541.00","7,541.00","7,192.98",357.67,"6,835.31",0.00,0.00,112,630,266,"1,982",843,0,0,"34,786",63.7
경상남도,거제시,동부면,2035,"26,486.00","26,486.00","12,098.51",45.7,0.500,"4,134.00","4,134.00",0.00,0.00,0.00,0.00,0.00,1.800,"12,411.00","12,411.00","10,800.65",0.00,"10,800.65",1.800,"9,941.00","9,941.00","1,297.86",0.00,"1,297.86",0.00,0.00,0,294,30,"3,154",282,0,0,"14,370",118.8
경상남도,거제시,남부면,2035,"19,595.00","21,702.11","11,648.11",53.7,0.700,"2,641.00","2,641.00",0.00,0.00,0.00,0.00,0.00,1.300,"9,541.00","11,648.11","11,648.11",0.00,"11,648.11",1.300,"7,413.00","7,413.00",0.00,0.00,0.00,0.00,0.00,0,287,0,"1,382",111,0,0,"11,648",100.0
경상남도,거제시,거제면,2035,"20,436.00","61,220.35","56,264.84",91.9,0.500,"3,612.00","3,612.00","2,321.61","1,008.73","1,312.88",0.00,0.00,1.500,"8,412.00","49,196.35","49,196.35",0.00,"49,196.35",1.500,"8,412.00","8,412.00","4,746.88",179.40,"4,567.48",0.00,0.00,99,"1,296",149,"4,124",803,0,0,"34,884",62.0
경상남도,거제시,둔덕면,2035,"17,726.00","42,198.59","31,343.59",74.3,0.600,"4,314.00","4,314.00",0.00,0.00,0.00,0.00,0.00,1.100,"6,871.00","31,343.59","31,343.59",0.00,"31,343.59",1.100,"6,541.00","6,541.00",0.00,0.00,0.00,0.00,0.00,0,701,0,"1,305",687,0,0,"10,529",33.6
경상남도,거제시,사등면,2035,"6,078.00","30,199.64","29,192.30",96.7,0.400,124.00,124.00,0.00,0.00,0.00,0.00,0.00,0.300,"2,413.00","26,534.64","26,534.64",0.00,"26,534.64",0.300,"3,541.00","3,541.00","2,657.66",0.00,"2,657.66",0.00,0.00,62,558,64,"1,470","1,271",0,2,"29,192",100.0
경상남도,거제시,연초면,2035,"10,398.00","45,114.52","44,578.80",98.8,0.100,"2,147.00","2,147.00","1,611.28",0.00,"1,611.28",0.00,0.00,0.700,"4,127.00","34,412.01","34,412.01",0.00,"34,412.01",0.700,"4,124.00","8,555.51","8,555.51",0.00,"8,555.51",0.00,0.00,68,809,301,"39,290","1,071",0,23,"44,578",100.0
경상남도,거제시,하청면,2035,"1,642.00","17,421.30","15,779.30",90.6,0.200,"1,642.00","1,642.00",0.00,0.00,0.00,0.00,0.00,1.000,0.00,"15,319.62","15,319.62",0.00,"15,319.62",0.000,0.00,459.68,459.68,0.00,459.68,0.00,0.00,0,412,12,985,28,0,0,"15,779",100.0
경상남도,거제시,장목면,2035,"13,199.00","24,374.26","15,329.21",62.9,0.400,"4,014.00","4,014.00",0.00,0.00,0.00,0.00,0.00,1.000,"3,714.00","14,889.26","14,889.26",0.00,"14,889.26",1.000,"5,471.00","5,471.00",439.95,45.74,394.21,0.00,0.00,85,229,18,"1,689",124,0,0,"15,329",100.0
경상남도,거제시,장승포동,2035,0.00,"31,404.77","31,404.77",100.0,0.000,0.00,"6,233.38","6,233.38",0.00,"6,233.38",0.00,0.00,0.000,0.00,"18,212.13","18,212.13",0.00,"18,212.13",0.000,0.00,"6,959.26","6,959.26",0.00,"6,959.26",0.00,0.00,157,434,177,"33,335",276,0,26,"31,404",100.0
경상남도,거제시,능포동,2035,0.00,"23,200.45","23,200.45",100.0,0.000,0.00,"4,033.00","4,033.00",0.00,"4,033.00",0.00,0.00,0.000,0.00,"14,661.89","14,661.89",0.00,"14,661.89",0.000,0.00,"4,505.56","4,505.56",0.00,"4,505.56",0.00,0.00,85,319,179,0,338,0,0,"23,200",100.0
경상남도,거제시,아주동,2035,0.00,"51,552.89","51,552.89",100.0,0.000,0.00,"2,517.60","2,517.60",0.00,"2,517.60",0.00,0.00,0.000,0.00,"31,601.39","31,601.39",0.00,"31,601.39",0.000,0.00,"17,433.90","17,433.90",839.82,"16,594.08",0.00,0.00,57,615,449,0,116,0,0,"51,552",100.0
경상남도,거제시,옥포1동,2035,0.00,"19,498.42","19,498.42",100.0,0.000,0.00,"2,762.30","2,762.30",0.00,"2,762.30",0.00,0.00,0.000,0.00,"10,804.65","10,804.65",0.00,"10,804.65",0.000,0.00,"5,931.47","5,931.47",0.00,"5,931.47",0.00,0.00,112,249,123,0,402,0,0,"19,498",100.0
경상남도,거제시,옥포2동,2035,0.00,"63,928.94","63,928.94",100.0,0.000,0.00,"5,834.66","5,834.66",0.00,"5,834.66",0.00,0.00,0.000,0.00,"28,579.97","28,579.97",0.00,"28,579.97",0.000,0.00,"29,514.31","29,514.31",0.00,"29,514.31",0.00,0.00,177,955,504,0,944,0,0,"63,928",100.0
경상남도,거제시,장평동,2035,0.00,"49,743.56","49,743.56",100.0,0.000,0.00,"3,564.88","3,564.88",0.00,"3,564.88",0.00,0.00,0.000,0.00,"23,198.15","23,198.15",150.41,"23,047.74",0.000,0.00,"22,980.53","22,980.53",0.00,"22,980.53",0.00,0.00,113,645,625,0,333,0,0,"49,743",100.0
경상남도,거제시,고현동,2035,0.00,"90,484.68","90,484.68",100.0,0.000,0.00,"8,066.37","8,066.37",0.00,"8,066.37",0.00,0.00,0.000,0.00,"46,268.83","46,268.83",0.00,"46,268.83",0.000,0.00,"36,149.48","36,149.48",0.00,"36,149.48",0.00,0.00,243,"1,104",916,0,689,0,0,"90,572",100.1
경상남도,거제시,상문동,2035,0.00,"44,378.94","44,378.94",100.0,0.000,0.00,"1,344.95","1,344.95",0.00,"1,344.95",0.00,0.00,0.000,0.00,"26,098.44","26,098.44",0.00,"26,098.44",0.000,0.00,"16,935.55","16,935.55",172.27,"16,763.28",0.00,0.00,53,596,570,0,345,0,0,"44,378",100.0
경상남도,거제시,수양동,2035,0.00,"30,623.49","30,623.49",100.0,0.000,0.00,"2,082.01","2,082.01",0.00,"2,082.01",0.00,0.00,0.000,0.00,"19,789.75","19,789.75",0.00,"19,789.75",0.000,0.00,"8,751.73","8,751.73",62.39,"8,689.34",0.00,0.00,53,495,334,0,500,0,0,"30,623",100.0
경상남도,양산시,소계,,"256,656.00","1,839,139.00","1,782,118.00",96.9,0.000,0.00,"131,496.00","131,496.00","17,239.00","59,356.00","9,097.00","45,804.00",61.280,"74,297.00","1,242,193.00","1,242,193.00",0.00,"1,242,193.00",46.780,"182,359.00","465,450.00","408,429.00","78,105.00","238,641.00","1,732.00","89,951.00",0,"29,318","12,831","57,143","33,199",73,71,"913,019",51.2
경상남도,양산시,물금읍,2020,679.00,"956,343.00","956,343.00",100.0,0.000,0.00,"16,874.00","16,874.00","2,438.00","6,354.00","1,859.00","6,223.00",10.500,679.00,"819,589.00","819,589.00",0.00,"819,589.00",0.000,0.00,"119,880.00","119,880.00","29,448.00","86,073.00",448.00,"3,911.00",0,"5,404","2,192","12,945","8,111",5,10,"154,063",16.1
경상남도,양산시,동면,2020,"45,010.00","77,604.00","77,604.00",100.0,0.000,0.00,"5,637.00","5,637.00",705.00,"2,063.00",681.00,"2,188.00",5.390,"9,289.00","12,162.00","12,162.00",0.00,"12,162.00",5.390,"35,721.00","59,805.00","59,805.00","7,351.00","40,826.00",412.00,"11,216.00",0,"2,312",942,"4,348","3,623",0,2,"76,705",98.8
경상남도,양산시,원동면,2020,"20,900.00","86,495.00","86,495.00",100.0,0.000,0.00,"1,079.00","1,079.00",78.00,650.00,40.00,311.00,4.000,"20,900.00","82,989.00","82,989.00",0.00,"82,989.00",0.000,0.00,"2,427.00","2,427.00",488.00,124.00,0.00,"1,815.00",0,"1,806",289,"2,114",305,0,0,"66,700",77.1
경상남도,양산시,상북면,2020,"80,805.00","165,015.00","142,234.00",86.2,0.000,0.00,"19,093.00","19,093.00","1,723.00","11,250.00",885.00,"5,235.00",7.410,"13,543.00","78,660.00","78,660.00",0.00,"78,660.00",7.410,"67,262.00","67,262.00","44,481.00","2,059.00","24,443.00",111.00,"17,868.00",0,"2,854","1,187","2,795","2,168",26,2,"127,524",89.7
경상남도,양산시,하북면,2020,"14,159.00","85,909.00","85,909.00",100.0,0.000,0.00,"5,682.00","5,682.00",688.00,"2,956.00",322.00,"1,716.00",4.020,"12,523.00","53,828.00","53,828.00",0.00,"53,828.00",4.020,"1,636.00","26,399.00","26,399.00","1,170.00","14,215.00",754.00,"10,260.00",0,"3,221",605,"3,428","1,502",0,6,"84,625",98.5
경상남도,양산시,중앙동,2020,"41,499.00","335,295.00","335,295.00",100.0,0.000,0.00,"70,558.00","70,558.00","10,592.00","25,830.00","5,310.00","28,826.00",13.670,"10,927.00","122,228.00","122,228.00",0.00,"122,228.00",13.670,"30,572.00","142,509.00","142,509.00","36,369.00","68,898.00",0.00,"37,242.00",0,"7,920","1,146","12,514","1,328",13,13,"305,164",91.0
경상남도,양산시,양주동,2020,0.00,0.00,0.00,0.0,0.000,0.00,0.00,0.00,0.00,0.00,0.00,0.00,0.000,0.00,0.00,0.00,0.00,0.00,0.000,0.00,0.00,0.00,0.00,0.00,0.00,0.00,0,0,295,"1,000","1,433",0,0,0,0.0
경상남도,양산시,삼성동,2020,0.00,0.00,0.00,0.0,0.000,0.00,0.00,0.00,0.00,0.00,0.00,0.00,0.000,0.00,0.00,0.00,0.00,0.00,0.000,0.00,0.00,0.00,0.00,0.00,0.00,0.00,0,0,"1,601","1,201","3,682",0,0,0,0.0
경상남도,양산시,강서동,2020,0.00,0.00,0.00,0.0,0.000,0.00,0.00,0.00,0.00,0.00,0.00,0.00,0.000,0.00,0.00,0.00,0.00,0.00,0.000,0.00,0.00,0.00,0.00,0.00,0.00,0.00,0,0,886,2,"2,196",0,0,0,0.0
경상남도,양산시,서창동,2020,"53,604.00","132,478.00","98,238.00",74.2,0.000,0.00,"12,573.00","12,573.00","1,015.00","10,253.00",0.00,"1,305.00",16.290,"6,436.00","72,737.00","72,737.00",0.00,"72,737.00",16.290,"47,168.00","47,168.00","12,928.00","1,220.00","4,062.00",7.00,"7,639.00",0,"5,801","1,630","13,796","3,868",29,38,"98,238",100.0
경상남도,양산시,소주동,2020,0.00,0.00,0.00,0.0,0.000,0.00,0.00,0.00,0.00,0.00,0.00,0.00,0.000,0.00,0.00,0.00,0.00,0.00,0.000,0.00,0.00,0.00,0.00,0.00,0.00,0.00,0,0,805,"1,000","2,033",0,0,0,0.0
경상남도,양산시,평산동,2020,0.00,0.00,0.00,0.0,0.000,0.00,0.00,0.00,0.00,0.00,0.00,0.00,0.000,0.00,0.00,0.00,0.00,0.00,0.000,0.00,0.00,0.00,0.00,0.00,0.00,0.00,0,0,663,"1,000","1,528",0,0,0,0.0
경상남도,양산시,덕계동,2020,0.00,0.00,0.00,0.0,0.000,0.00,0.00,0.00,0.00,0.00,0.00,0.00,0.000,0.00,0.00,0.00,0.00,0.00,0.000,0.00,0.00,0.00,0.00,0.00,0.00,0.00,0,0,590,"1,000","1,422",0,0,0,0.0
경상남도,군부,합계,,"4,435,858.08","5,116,455.40","4,239,462.75",82.9,262.400,"224,146.50","231,410.90","193,413.00","34,662.45","94,231.05","5,163.00","59,356.50",194.080,"3,042,453.38","3,444,004.68","2,731,926.53","29,957.00","2,701,969.53","1,394.140","1,169,258.20","1,441,039.82","1,314,123.22","147,014.91","725,199.90","102,931.17","338,977.24","26,319","74,766","18,336","137,846","39,712",87,871,"2,678,811",63.2
경상남도,의령군,소계,,"143,154.00","292,175.80","236,701.80",81.0,1.600,"27,428.00","27,428.00","14,023.00","9,528.00","4,495.00",0.00,0.00,10.820,"57,743.00","200,001.80","200,001.80",0.00,"200,001.80",0.000,"57,983.00","64,746.00","22,677.00",200.00,"18,686.00","3,791.00",0.00,"3,164","3,480",0,"9,641",0,2,0,0,0.0
경상남도,의령군,의령읍,2030,"139,704.00","158,663.00","104,513.00",65.9,1.480,"26,104.00","26,104.00","14,023.00","9,528.00","4,495.00",0.00,0.00,3.220,"56,800.00","75,759.00","75,759.00",0.00,"75,759.00",0.000,"56,800.00","56,800.00","14,731.00",200.00,"10,740.00","3,791.00",0.00,989,741,0,"4,800",0,1,0,0,0.0
경상남도,의령군,가례면,2030,0.00,"9,889.00","9,889.00",100.0,0.000,0.00,0.00,0.00,0.00,0.00,0.00,0.00,0.470,0.00,"9,889.00","9,889.00",0.00,"9,889.00",0.000,0.00,0.00,0.00,0.00,0.00,0.00,0.00,273,656,0,551,0,0,0,0,0.0
경상남도,의령군,칠곡면,2030,0.00,0.00,0.00,0.0,0.000,0.00,0.00,0.00,0.00,0.00,0.00,0.00,0.620,0.00,0.00,0.00,0.00,0.00,0.000,0.00,0.00,0.00,0.00,0.00,0.00,0.00,341,126,0,479,0,0,0,0,0.0
경상남도,의령군,대의면,2030,0.00,"19,373.00","19,373.00",100.0,0.000,0.00,0.00,0.00,0.00,0.00,0.00,0.00,1.350,0.00,"19,373.00","19,373.00",0.00,"19,373.00",0.000,0.00,0.00,0.00,0.00,0.00,0.00,0.00,101,143,0,217,0,0,0,0,0.0
경상남도,의령군,화정면,2030,0.00,"3,131.00","3,131.00",100.0,0.000,0.00,0.00,0.00,0.00,0.00,0.00,0.00,0.240,0.00,"3,131.00","3,131.00",0.00,"3,131.00",0.000,0.00,0.00,0.00,0.00,0.00,0.00,0.00,30,92,0,353,0,0,0,0,0.0
경상남도,의령군,용덕면,2030,0.00,"8,260.00","8,260.00",100.0,0.000,0.00,0.00,0.00,0.00,0.00,0.00,0.00,0.160,0.00,"8,260.00","8,260.00",0.00,"8,260.00",0.000,0.00,0.00,0.00,0.00,0.00,0.00,0.00,24,62,0,298,0,0,0,0,0.0
경상남도,의령군,정곡면,2030,0.00,"10,623.00","10,623.00",100.0,0.000,0.00,0.00,0.00,0.00,0.00,0.00,0.00,0.160,0.00,"10,623.00","10,623.00",0.00,"10,623.00",0.000,0.00,0.00,0.00,0.00,0.00,0.00,0.00,98,63,0,124,0,0,0,0,0.0
경상남도,의령군,지정면,2030,0.00,"17,974.80","17,974.80",100.0,0.000,0.00,0.00,0.00,0.00,0.00,0.00,0.00,0.310,0.00,"17,974.80","17,974.80",0.00,"17,974.80",0.000,0.00,0.00,0.00,0.00,0.00,0.00,0.00,13,359,0,385,0,0,0,0,0.0
경상남도,의령군,낙서면,2030,0.00,"2,536.00","2,536.00",100.0,0.000,0.00,0.00,0.00,0.00,0.00,0.00,0.00,0.260,0.00,"2,536.00","2,536.00",0.00,"2,536.00",0.000,0.00,0.00,0.00,0.00,0.00,0.00,0.00,21,65,0,191,0,0,0,0,0.0
경상남도,의령군,부림면,2030,"3,450.00","26,992.20","25,668.20",95.1,0.120,"1,324.00","1,324.00",0.00,0.00,0.00,0.00,0.00,2.680,943.00,"17,722.20","17,722.20",0.00,"17,722.20",0.000,"1,183.00","7,946.00","7,946.00",0.00,"7,946.00",0.00,0.00,345,362,0,"1,129",0,1,0,0,0.0
경상남도,의령군,봉수면,2030,0.00,"8,312.50","8,312.50",100.0,0.000,0.00,0.00,0.00,0.00,0.00,0.00,0.00,0.620,0.00,"8,312.50","8,312.50",0.00,"8,312.50",0.000,0.00,0.00,0.00,0.00,0.00,0.00,0.00,293,338,0,521,0,0,0,0,0.0
경상남도,의령군,궁류면,2030,0.00,"23,934.30","23,934.30",100.0,0.000,0.00,0.00,0.00,0.00,0.00,0.00,0.00,0.140,0.00,"23,934.30","23,934.30",0.00,"23,934.30",0.000,0.00,0.00,0.00,0.00,0.00,0.00,0.00,568,360,0,481,0,0,0,0,0.0
경상남도,의령군,유곡면,2030,0.00,"2,487.00","2,487.00",100.0,0.000,0.00,0.00,0.00,0.00,0.00,0.00,0.00,0.590,0.00,"2,487.00","2,487.00",0.00,"2,487.00",0.000,0.00,0.00,0.00,0.00,0.00,0.00,0.00,68,113,0,112,0,0,0,0,0.0
경상남도,함안군,소계,,"448,605.00","486,457.00","375,548.00",77.2,6.400,652.00,652.00,652.00,99.00,533.00,0.00,20.00,12.444,"312,981.00","328,612.00","227,641.00",0.00,"227,641.00",416.900,"134,972.00","157,193.00","147,255.00","47,072.00","54,128.00","28,657.00","17,398.00","5,491","4,642","2,946","9,840",590,23,103,"375,056",99.9
경상남도,함안군,가야읍,2035,"106,821.00","118,783.00","95,188.00",80.1,6.400,652.00,652.00,652.00,99.00,533.00,0.00,20.00,2.900,"63,894.00","63,894.00","40,299.00",0.00,"40,299.00",41.200,"42,275.00","54,237.00","54,237.00","29,995.00","13,625.00","4,839.00","5,778.00","1,645",740,"1,085","3,360",217,11,20,"85,173",89.5
경상남도,함안군,칠원읍,2035,"72,360.00","81,946.00","81,946.00",100.0,0.000,0.00,0.00,0.00,0.00,0.00,0.00,0.00,3.100,"60,415.00","64,274.00","64,274.00",0.00,"64,274.00",50.600,"11,945.00","17,672.00","17,672.00","2,581.00","7,395.00","7,250.00",446.00,34,"1,285",353,"1,366",71,0,5,"99,190",121.0
경상남도,함안군,함안면,2035,"29,607.00","29,787.00","29,712.00",99.7,0.000,0.00,0.00,0.00,0.00,0.00,0.00,0.00,0.900,"17,349.00","17,349.00","17,274.00",0.00,"17,274.00",28.900,"12,258.00","12,438.00","12,438.00","1,990.00","10,149.00",224.00,75.00,962,345,249,"1,021",50,0,6,"29,713",100.0
경상남도,함안군,군북면,2035,"36,516.00","45,965.00","45,965.00",100.0,0.000,0.00,0.00,0.00,0.00,0.00,0.00,0.00,1.600,"17,922.00","25,838.00","25,838.00",0.00,"25,838.00",80.600,"18,594.00","20,127.00","20,127.00","1,331.00","10,995.00","3,050.00","4,751.00",495,517,403,747,81,0,17,"45,965",100.0
경상남도,함안군,법수면,2035,"46,353.00","46,353.00","13,474.00",29.1,0.000,0.00,0.00,0.00,0.00,0.00,0.00,0.00,0.844,"38,366.00","38,366.00","7,756.00",0.00,"7,756.00",34.600,"7,987.00","7,987.00","5,718.00","2,286.00","1,144.00","1,716.00",572.00,404,98,114,755,23,0,12,"15,615",115.9
경상남도,함안군,대산면,2035,"30,727.00","37,402.00","37,402.00",100.0,0.000,0.00,0.00,0.00,0.00,0.00,0.00,0.00,1.000,"17,455.00","21,311.00","21,311.00",0.00,"21,311.00",47.500,"13,272.00","16,091.00","16,091.00","1,614.00","5,663.00","4,804.00","4,010.00",257,426,322,435,64,0,14,"32,361",86.5
경상남도,함안군,칠서면,2035,"54,031.00","54,031.00","45,435.00",84.1,0.000,0.00,0.00,0.00,0.00,0.00,0.00,0.00,0.900,"34,772.00","34,772.00","31,094.00",0.00,"31,094.00",36.000,"19,259.00","19,259.00","14,341.00","4,622.00","3,831.00","4,785.00","1,103.00",401,622,287,683,57,12,5,"45,436",100.0
경상남도,함안군,칠북면,2035,"32,807.00","32,807.00","2,163.00",6.6,0.000,0.00,0.00,0.00,0.00,0.00,0.00,0.00,0.500,"31,119.00","31,119.00",865.00,0.00,865.00,32.300,"1,688.00","1,688.00","1,298.00",519.00,260.00,389.00,130.00,"1,016",17,26,"1,051",5,0,5,"2,163",100.0
경상남도,함안군,산인면,2035,"33,760.00","33,760.00","18,796.00",55.7,0.000,0.00,0.00,0.00,0.00,0.00,0.00,0.00,0.600,"28,005.00","28,005.00","15,355.00",0.00,"15,355.00",36.800,"5,755.00","5,755.00","3,441.00","1,377.00",688.00,"1,032.00",344.00,210,520,69,365,14,0,13,"13,973",74.3
경상남도,함안군,여항면,2035,"5,623.00","5,623.00","5,467.00",97.2,0.000,0.00,0.00,0.00,0.00,0.00,0.00,0.00,0.100,"3,684.00","3,684.00","3,575.00",0.00,"3,575.00",28.400,"1,939.00","1,939.00","1,892.00",757.00,378.00,568.00,189.00,67,72,38,57,8,0,6,"5,467",100.0
경상남도,창녕군,소계,,"345,719.30","540,723.80","514,327.60",95.1,3.590,"101,343.00","107,642.20","86,635.30","6,652.10","43,018.70","2,220.00","34,744.50",9.970,"197,978.00","306,497.10","301,107.80",0.00,"301,107.80",40.250,"46,398.30","126,584.50","126,584.50","8,928.40","72,304.70",716.00,"44,635.40","8,352","2,708",17,"14,900","13,538",8,134,"329,735",64.1
경상남도,창녕군,창녕읍,2030,"98,162.00","168,831.50","161,333.60",95.6,1.100,"35,131.00","35,131.00","27,633.10","2,032.20","13,261.70","1,780.00","10,559.20",2.750,"47,086.00","89,370.70","89,370.70",0.00,"89,370.70",14.000,"15,945.00","44,329.80","44,329.80",817.10,"23,785.80",76.00,"19,650.90","2,364","1,019",17,"4,205","3,075",6,100,"110,929",68.8
경상남도,창녕군,남지읍,2030,"77,639.00","98,481.80","96,897.20",98.4,0.900,"28,579.00","30,448.30","30,448.30","2,932.50","14,619.10",197.00,"12,699.70",2.310,"38,574.00","38,574.00","36,989.40",0.00,"36,989.40",8.000,"10,486.00","29,459.50","29,459.50","2,168.80","21,255.60",0.00,"6,035.10","2,271",0,0,"2,051","2,051",0,2,"94,644",97.7
경상남도,창녕군,고암면,2030,"2,066.00","2,066.00","2,066.00",100.0,0.000,0.00,0.00,0.00,0.00,0.00,0.00,0.00,0.190,"2,066.00","2,066.00","2,066.00",0.00,"2,066.00",0.000,0.00,0.00,0.00,0.00,0.00,0.00,0.00,0,33,0,346,346,0,0,0,0.0
경상남도,창녕군,성산면,2030,"1,833.00","2,006.60","1,832.60",91.3,0.010,174.00,174.00,0.00,0.00,0.00,0.00,0.00,0.140,"1,659.00","1,832.60","1,832.60",0.00,"1,832.60",0.000,0.00,0.00,0.00,0.00,0.00,0.00,0.00,0,69,0,253,253,0,0,0,0.0
경상남도,창녕군,대합면,2030,"10,045.00","10,045.00","10,044.90",100.0,0.000,0.00,0.00,0.00,0.00,0.00,0.00,0.00,0.360,"10,045.00","10,045.00","10,044.90",0.00,"10,044.90",0.000,0.00,0.00,0.00,0.00,0.00,0.00,0.00,0,277,0,923,923,0,0,0,0.0
경상남도,창녕군,이방면,2030,"10,194.00","10,194.10","10,194.10",100.0,0.000,0.00,0.00,0.00,0.00,0.00,0.00,0.00,0.290,"10,194.00","10,194.10","10,194.10",0.00,"10,194.10",0.000,0.00,0.00,0.00,0.00,0.00,0.00,0.00,0,153,0,641,641,0,0,0,0.0
경상남도,창녕군,유어면,2030,"3,117.00","3,117.50","3,117.50",100.0,0.000,0.00,0.00,0.00,0.00,0.00,0.00,0.00,0.220,"3,117.00","3,117.50","3,117.50",0.00,"3,117.50",0.000,0.00,0.00,0.00,0.00,0.00,0.00,0.00,0,77,0,410,560,0,0,0,0.0
경상남도,창녕군,대지면,2030,"2,203.00","2,203.10","2,203.10",100.0,0.000,0.00,0.00,0.00,0.00,0.00,0.00,0.00,0.180,"2,203.00","2,203.10","2,203.10",0.00,"2,203.10",0.000,0.00,0.00,0.00,0.00,0.00,0.00,0.00,0,59,0,361,361,0,0,0,0.0
경상남도,창녕군,계성면,2030,"27,733.30","49,734.20","49,734.20",100.0,0.000,0.00,"4,429.90","4,429.90",347.60,"1,644.30",0.00,"2,438.00",1.170,"26,517.00","42,664.80","42,664.80",0.00,"42,664.80",0.250,"1,216.30","2,639.50","2,639.50",0.00,"1,454.20",0.00,"1,185.30",413,0,0,"1,317","1,317",0,3,"7,747",15.6
경상남도,창녕군,영산면,2030,"48,554.00","96,131.50","88,653.10",92.2,0.800,"24,613.00","24,613.00","17,134.60","1,020.10","8,424.10",0.00,"7,690.40",0.550,"22,224.00","50,115.00","50,115.00",0.00,"50,115.00",9.000,"1,717.00","21,403.50","21,403.50","1,790.10","13,235.70",0.00,"6,377.70","1,761",762,0,"2,461","1,723",0,2,"61,363",69.2
경상남도,창녕군,장마면,2030,"1,434.00","15,873.60","15,873.60",100.0,0.000,0.00,0.00,0.00,0.00,0.00,0.00,0.00,0.250,"1,434.00","15,873.60","15,873.60",0.00,"15,873.60",0.000,0.00,0.00,0.00,0.00,0.00,0.00,0.00,0,45,0,138,292,0,0,0,0.0
경상남도,창녕군,도천면,2030,"3,903.00","3,903.00","3,903.00",100.0,0.000,0.00,0.00,0.00,0.00,0.00,0.00,0.00,0.160,"3,903.00","3,903.00","3,903.00",0.00,"3,903.00",0.000,0.00,0.00,0.00,0.00,0.00,0.00,0.00,0,105,0,411,411,0,0,0,0.0
경상남도,창녕군,길곡면,2030,"2,016.00","9,597.70","8,328.70",86.8,0.080,"1,269.00","1,269.00",0.00,0.00,0.00,0.00,0.00,0.210,747.00,"8,328.70","8,328.70",0.00,"8,328.70",0.000,0.00,0.00,0.00,0.00,0.00,0.00,0.00,0,109,0,200,402,0,0,0,0.0
경상남도,창녕군,부곡면,2030,"56,820.00","68,538.20","60,146.00",87.8,0.700,"11,577.00","11,577.00","6,989.40",319.70,"5,069.50",243.00,"1,357.20",1.190,"28,209.00","28,209.00","24,404.40",0.00,"24,404.40",9.000,"17,034.00","28,752.20","28,752.20","4,152.40","12,573.40",640.00,"11,386.40","1,543",0,0,"1,183","1,183",2,27,"55,052",91.5
경상남도,고성군,소계,,"472,154.60","479,883.50","332,573.00",69.3,0.300,"4,498.00","5,047.00","5,047.00",591.20,"3,384.80",0.00,"1,071.00",21.396,"374,462.80","378,449.80","231,296.00",0.00,"231,296.00",4.000,"93,193.80","96,386.70","96,230.00","9,007.00","65,193.90",0.00,"22,029.10",0,"4,773","1,916","8,138",0,0,167,"256,872",77.2
경상남도,고성군,고성읍,2035,"193,494.60","196,687.50","143,313.00",72.9,0.300,"4,498.00","4,498.00","4,498.00",591.20,"3,111.80",0.00,795.00,7.319,"128,273.50","128,273.50","74,899.00",0.00,"74,899.00",3.300,"60,723.10","63,916.00","63,916.00","5,858.00","44,744.80",0.00,"13,313.20",0,"1,982",806,"2,920",0,0,94,"130,886",91.3
경상남도,고성군,삼산면,2035,"36,442.00","36,442.00","12,348.00",33.9,0.000,0.00,0.00,0.00,0.00,0.00,0.00,0.00,1.794,"36,442.00","36,442.00","12,348.00",0.00,"12,348.00",0.000,0.00,0.00,0.00,0.00,0.00,0.00,0.00,0,235,88,391,0,0,0,"10,817",87.6
경상남도,고성군,하일면,2035,"27,211.00","27,211.00","19,740.00",72.5,0.000,0.00,0.00,0.00,0.00,0.00,0.00,0.00,1.859,"27,211.00","27,211.00","19,740.00",0.00,"19,740.00",0.000,0.00,0.00,0.00,0.00,0.00,0.00,0.00,0,259,28,629,0,0,0,"14,801",75.0
경상남도,고성군,하이면,2035,"26,167.00","26,167.00","21,591.00",82.5,0.000,0.00,0.00,0.00,0.00,0.00,0.00,0.00,1.361,"26,167.00","26,167.00","21,591.00",0.00,"21,591.00",0.000,0.00,0.00,0.00,0.00,0.00,0.00,0.00,0,439,0,891,0,0,0,"21,591",100.0
경상남도,고성군,상리면,2035,"10,345.00","10,345.00",0.00,0.0,0.000,0.00,0.00,0.00,0.00,0.00,0.00,0.00,0.605,"10,345.00","10,345.00",0.00,0.00,0.00,0.000,0.00,0.00,0.00,0.00,0.00,0.00,0.00,0,45,0,69,0,0,0,0,0.0
경상남도,고성군,대가면,2035,"7,394.00","7,394.00","3,606.00",48.8,0.000,0.00,0.00,0.00,0.00,0.00,0.00,0.00,0.583,"7,394.00","7,394.00","3,606.00",0.00,"3,606.00",0.000,0.00,0.00,0.00,0.00,0.00,0.00,0.00,0,63,27,175,0,0,0,"3,606",100.0
경상남도,고성군,영현면,2035,"11,491.00","11,491.00","2,950.00",25.7,0.000,0.00,0.00,0.00,0.00,0.00,0.00,0.00,0.795,"11,491.00","11,491.00","2,950.00",0.00,"2,950.00",0.000,0.00,0.00,0.00,0.00,0.00,0.00,0.00,0,55,20,76,0,0,0,"2,950",100.0
경상남도,고성군,영오면,2035,"10,781.00","14,768.00","14,768.00",100.0,0.000,0.00,0.00,0.00,0.00,0.00,0.00,0.00,0.505,"10,781.00","14,768.00","14,768.00",0.00,"14,768.00",0.000,0.00,0.00,0.00,0.00,0.00,0.00,0.00,0,164,34,492,0,0,0,"10,781",73.0
경상남도,고성군,개천면,2035,"8,628.00","8,628.00","7,600.00",88.1,0.000,0.00,0.00,0.00,0.00,0.00,0.00,0.00,0.716,"8,628.00","8,628.00","7,600.00",0.00,"7,600.00",0.000,0.00,0.00,0.00,0.00,0.00,0.00,0.00,0,76,0,101,0,0,0,"2,398",31.6
경상남도,고성군,구만면,2035,"5,272.00","5,272.00","5,272.00",100.0,0.000,0.00,0.00,0.00,0.00,0.00,0.00,0.00,0.333,"5,272.00","5,272.00","5,272.00",0.00,"5,272.00",0.000,0.00,0.00,0.00,0.00,0.00,0.00,0.00,0,0,49,153,0,0,0,"5,272",100.0
경상남도,고성군,회화면,2035,"42,918.00","43,467.00","37,257.00",85.7,0.000,0.00,549.00,549.00,0.00,273.00,0.00,276.00,1.282,"24,930.90","24,930.90","18,877.00",0.00,"18,877.00",0.700,"17,987.10","17,987.10","17,831.00","2,244.00","11,931.00",0.00,"3,656.00",0,487,290,484,0,0,23,"18,018",48.4
경상남도,고성군,마암면,2035,"8,932.00","8,932.00","1,025.00",11.5,0.000,0.00,0.00,0.00,0.00,0.00,0.00,0.00,0.550,"8,932.00","8,932.00","1,025.00",0.00,"1,025.00",0.000,0.00,0.00,0.00,0.00,0.00,0.00,0.00,0,24,3,44,0,0,0,"1,025",100.0
경상남도,고성군,동해면,2035,"30,855.00","30,855.00","21,445.00",69.5,0.000,0.00,0.00,0.00,0.00,0.00,0.00,0.00,1.796,"30,855.00","30,855.00","21,445.00",0.00,"21,445.00",0.000,0.00,0.00,0.00,0.00,0.00,0.00,0.00,0,674,25,778,0,0,0,"14,339",66.9
경상남도,고성군,거류면,2035,"52,224.00","52,224.00","41,658.00",79.8,0.000,0.00,0.00,0.00,0.00,0.00,0.00,0.00,1.898,"37,740.40","37,740.40","27,175.00",0.00,"27,175.00",0.000,"14,483.60","14,483.60","14,483.00",905.00,"8,518.10",0.00,"5,059.90",0,270,546,935,0,0,50,"20,388",48.9
경상남도,남해군,소계,,"675,717.00","677,924.00","526,915.00",77.7,2.300,"33,277.00","33,277.00","33,277.00","2,245.00","14,467.00",638.00,"15,927.00",21.400,"433,280.00","435,487.00","323,039.00",0.00,"323,039.00",18.600,"209,160.00","209,160.00","170,599.00","13,901.00","107,711.00","2,920.00","46,067.00",0,"8,367",0,"16,244",0,1,43,"428,576",81.3
경상남도,남해군,남해읍,2035,"186,409.00","186,409.00","172,141.00",92.3,0.100,0.00,0.00,0.00,0.00,0.00,0.00,0.00,2.800,"114,038.00","114,038.00","99,770.00",0.00,"99,770.00",2.600,"72,371.00","72,371.00","72,371.00","4,747.00","51,742.00",507.00,"15,375.00",0,"2,336",0,"6,111",0,1,35,"143,462",83.3
경상남도,남해군,이동면,2035,"86,122.00","86,122.00","80,632.00",93.6,0.000,"2,704.00","2,704.00","2,704.00",0.00,"1,539.00",0.00,"1,165.00",2.600,"59,858.00","59,858.00","57,753.00",0.00,"57,753.00",2.400,"23,560.00","23,560.00","20,175.00","1,472.00","13,100.00",151.00,"5,452.00",0,"1,244",0,"1,717",0,0,2,"62,366",77.3
경상남도,남해군,상주면,2035,"25,538.00","25,538.00","25,538.00",100.0,0.100,0.00,0.00,0.00,0.00,0.00,0.00,0.00,0.900,"15,870.00","15,870.00","15,870.00",0.00,"15,870.00",0.800,"9,668.00","9,668.00","9,668.00",104.00,"7,587.00",665.00,"1,312.00",0,411,0,756,0,0,6,"25,537",100.0
경상남도,남해군,삼동면,2035,"63,595.00","63,595.00","42,349.00",66.6,0.000,"5,130.00","5,130.00","5,130.00",650.00,"1,619.00",78.00,"2,783.00",2.500,"40,203.00","40,203.00","24,087.00",0.00,"24,087.00",2.000,"18,262.00","18,262.00","13,132.00","1,438.00","6,976.00",318.00,"4,400.00",0,606,0,"1,418",0,0,0,"37,219",87.9
경상남도,남해군,미조면,2035,"25,909.00","26,507.00","24,605.00",92.8,0.100,"1,902.00","1,902.00","1,902.00",265.00,"1,403.00",0.00,234.00,0.900,"15,311.00","15,909.00","15,909.00",0.00,"15,909.00",0.800,"8,696.00","8,696.00","6,794.00",653.00,"3,980.00",44.00,"2,117.00",0,396,0,598,0,0,0,"17,963",73.0
경상남도,남해군,남면,2035,"51,472.00","51,472.00","35,381.00",68.7,0.100,"3,688.00","3,688.00","3,688.00",365.00,"1,267.00",129.00,"1,927.00",2.000,"32,743.00","32,743.00","23,950.00",0.00,"23,950.00",1.800,"15,041.00","15,041.00","7,743.00","1,223.00","3,518.00",129.00,"2,873.00",0,813,0,"1,231",0,0,0,"25,193",71.2
경상남도,남해군,서면,2035,"47,347.00","47,347.00","19,712.00",41.6,0.500,"5,157.00","5,157.00","5,157.00",150.00,"1,876.00",123.00,"3,008.00",1.900,"31,293.00","31,293.00","8,815.00",0.00,"8,815.00",1.400,"10,897.00","10,897.00","5,740.00",304.00,"2,066.00",0.00,"3,370.00",0,250,0,627,0,0,0,"14,555",73.8
경상남도,남해군,고현면,2035,"51,700.00","53,309.00","49,448.00",92.8,0.000,"3,862.00","3,862.00","3,862.00",42.00,"2,536.00",0.00,"1,284.00",1.800,"29,252.00","30,861.00","30,861.00",0.00,"30,861.00",1.200,"18,586.00","18,586.00","14,725.00","1,130.00","8,834.00",234.00,"4,527.00",0,"1,016",0,"1,146",0,0,0,"39,862",80.6
경상남도,남해군,설천면,2035,"54,287.00","54,287.00","34,968.00",64.4,0.400,"3,762.00","3,762.00","3,762.00",603.00,"1,325.00",0.00,"1,834.00",3.000,"39,699.00","39,699.00","24,141.00",0.00,"24,141.00",2.800,"10,826.00","10,826.00","7,065.00","1,242.00","3,560.00",54.00,"2,209.00",0,493,0,"1,208",0,0,0,"31,206",89.2
경상남도,남해군,창선면,2035,"83,338.00","83,338.00","42,141.00",50.6,1.000,"7,072.00","7,072.00","7,072.00",170.00,"2,902.00",308.00,"3,692.00",3.000,"55,013.00","55,013.00","21,883.00",0.00,"21,883.00",2.800,"21,253.00","21,253.00","13,186.00","1,588.00","6,348.00",818.00,"4,432.00",0,802,0,"1,432",0,0,0,"31,213",74.1
경상남도,하동군,소계,,"424,988.08","543,477.60","404,415.55",74.4,0.110,"18,025.50","18,026.70","18,026.70","6,492.15","11,534.55",0.00,0.00,18.850,"406,962.58","406,962.58","267,900.53",0.00,"267,900.53",0.000,0.00,"118,488.32","118,488.32","9,086.71","32,975.20","2,423.47","74,002.94",0,"5,908","2,860","14,187",0,0,0,"121,273",30.0
경상남도,하동군,하동읍,2035,"79,397.88","105,583.78","103,182.00",97.7,0.110,"18,025.50","18,026.70","18,026.70","6,492.15","11,534.55",0.00,0.00,2.110,"61,372.38","61,372.38","58,970.60",0.00,"58,970.60",0.000,0.00,"26,184.70","26,184.70",0.00,"3,779.30",233.40,"22,172.00",0,"1,262","2,027","4,532",0,0,0,"60,068",58.2
경상남도,하동군,화개면,2035,"37,267.40","42,334.80","42,334.80",100.0,0.000,0.00,0.00,0.00,0.00,0.00,0.00,0.00,1.750,"37,267.40","37,267.40","37,267.40",0.00,"37,267.40",0.000,0.00,"5,067.40","5,067.40",99.40,"1,583.50",715.00,"2,669.50",0,840,150,"1,609",0,0,0,"5,565",13.1
경상남도,하동군,악양면,2035,"40,811.72","46,785.12","29,828.40",63.8,0.000,0.00,0.00,0.00,0.00,0.00,0.00,0.00,1.290,"40,811.72","40,811.72","23,855.00",0.00,"23,855.00",0.000,0.00,"5,973.40","5,973.40",0.00,"1,040.90",415.50,"4,517.00",0,386,154,"1,080",0,0,0,"9,420",31.6
경상남도,하동군,적량면,2035,"8,803.36","13,550.76","6,626.90",48.9,0.000,0.00,0.00,0.00,0.00,0.00,0.00,0.00,0.160,"8,803.36","8,803.36","1,879.50",0.00,"1,879.50",0.000,0.00,"4,747.40","4,747.40",0.00,748.30,111.00,"3,888.10",0,36,0,150,0,0,0,"3,504",52.9
경상남도,하동군,횡천면,2035,"13,483.94","18,768.04","17,253.10",91.9,0.000,0.00,0.00,0.00,0.00,0.00,0.00,0.00,0.480,"13,483.94","13,483.94","11,969.00",0.00,"11,969.00",0.000,0.00,"5,284.10","5,284.10",372.00,966.00,0.00,"3,946.10",0,296,134,447,0,0,0,"6,111",35.4
경상남도,하동군,고전면,2035,"38,195.45","44,483.75","18,762.00",42.2,0.000,0.00,0.00,0.00,0.00,0.00,0.00,0.00,0.160,"38,195.45","38,195.45","12,473.70",0.00,"12,473.70",0.000,0.00,"6,288.30","6,288.30","1,891.70","1,304.80",317.20,"2,774.60",0,0,0,408,0,0,0,"1,427",7.6
경상남도,하동군,금남면,2035,"40,632.88","60,531.18","49,717.08",82.1,0.000,0.00,0.00,0.00,0.00,0.00,0.00,0.00,0.360,"40,632.88","40,632.88","29,818.78",0.00,"29,818.78",0.000,0.00,"19,898.30","19,898.30","1,632.91","9,838.68",568.67,"7,858.04",0,837,0,"1,126",0,0,0,"3,241",6.5
경상남도,하동군,진교면,2035,"33,315.04","60,791.46","59,653.51",98.1,0.000,0.00,0.00,0.00,0.00,0.00,0.00,0.00,1.200,"33,315.04","33,315.04","32,177.09",0.00,"32,177.09",0.000,0.00,"27,476.42","27,476.42","1,788.60","10,303.92",0.00,"15,383.90",0,720,16,"2,211",0,0,0,"12,003",20.1
경상남도,하동군,양보면,2035,"9,474.26","14,778.56","6,843.00",46.3,0.000,0.00,0.00,0.00,0.00,0.00,0.00,0.00,0.460,"9,474.26","9,474.26","1,538.70",0.00,"1,538.70",0.000,0.00,"5,304.30","5,304.30",151.00,581.20,62.70,"4,509.40",0,31,128,73,0,0,0,"7,058",103.1
경상남도,하동군,북천면,2035,"21,953.46","24,909.56","10,246.00",41.1,0.000,0.00,0.00,0.00,0.00,0.00,0.00,0.00,0.830,"21,953.46","21,953.46","7,289.90",0.00,"7,289.90",0.000,0.00,"2,956.10","2,956.10","2,268.70",687.40,0.00,0.00,0,188,67,394,0,0,0,"4,257",41.5
경상남도,하동군,청암면,2035,"15,188.94","17,345.24","14,203.60",81.9,0.000,0.00,0.00,0.00,0.00,0.00,0.00,0.00,8.480,"15,188.94","15,188.94","12,047.30",0.00,"12,047.30",0.000,0.00,"2,156.30","2,156.30",639.00,493.50,0.00,"1,023.80",0,258,50,393,0,0,0,"2,076",14.6
경상남도,하동군,옥종면,2035,"46,364.90","51,493.90","41,293.71",80.2,0.000,0.00,0.00,0.00,0.00,0.00,0.00,0.00,1.530,"46,364.90","46,364.90","36,164.71",0.00,"36,164.71",0.000,0.00,"5,129.00","5,129.00",227.80,485.30,0.00,"4,415.90",0,990,134,"1,664",0,0,0,"5,043",12.2
경상남도,하동군,금성면,2035,"40,098.85","42,121.45","4,471.45",10.6,0.000,0.00,0.00,0.00,0.00,0.00,0.00,0.00,0.040,"40,098.85","40,098.85","2,448.85",0.00,"2,448.85",0.000,0.00,"2,022.60","2,022.60",15.60,"1,162.40",0.00,844.60,0,64,0,100,0,0,0,"1,500",33.5
경상남도,산청군,소계,,"561,057.00","588,199.60","478,606.60",81.4,0.000,0.00,0.00,0.00,0.00,0.00,0.00,0.00,20.700,"371,810.00","371,810.00","273,534.00",0.00,"273,534.00",794.500,"189,247.00","216,389.60","205,072.60","17,547.80","96,340.30","44,456.50","46,728.00",0,"2,920",0,"11,413","10,703",0,225,"203,356",42.5
경상남도,산청군,산청읍,2035,"127,400.00","143,669.60","141,033.70",98.2,0.000,0.00,0.00,0.00,0.00,0.00,0.00,0.00,3.700,"70,238.00","70,238.00","67,602.10",0.00,"67,602.10",68.900,"57,162.00","73,431.60","73,431.60","6,807.80","42,863.50","10,228.30","13,532.00",0,590,0,"3,230","2,160",0,35,"43,931",31.1
경상남도,산청군,차황면,2035,"33,251.00","33,251.00","10,783.00",32.4,0.000,0.00,0.00,0.00,0.00,0.00,0.00,0.00,1.100,"25,103.00","25,103.00","4,860.00",0.00,"4,860.00",48.800,"8,148.00","8,148.00","5,923.00","1,060.00","3,010.00",799.00,"1,054.00",0,83,0,227,243,0,19,"4,307",39.9
경상남도,산청군,오부면,2035,"19,973.00","19,973.00","18,563.00",92.9,0.000,0.00,0.00,0.00,0.00,0.00,0.00,0.00,0.900,"18,563.00","18,563.00","18,563.00",0.00,"18,563.00",35.000,"1,410.00","1,410.00",0.00,0.00,0.00,0.00,0.00,0,221,0,569,194,0,0,"15,700",84.6
경상남도,산청군,생초면,2035,"34,937.00","34,937.00","25,380.00",72.6,0.000,0.00,0.00,0.00,0.00,0.00,0.00,0.00,1.100,"21,327.00","21,327.00","12,846.00",0.00,"12,846.00",53.000,"13,610.00","13,610.00","12,534.00",473.00,"4,301.00","1,505.00","6,255.00",0,155,0,775,880,0,43,"12,325",48.6
경상남도,산청군,금서면,2035,"29,319.00","29,319.00","27,685.00",94.4,0.000,0.00,0.00,0.00,0.00,0.00,0.00,0.00,1.300,"17,712.00","17,712.00","16,746.00",0.00,"16,746.00",76.200,"11,607.00","11,607.00","10,939.00","1,184.00","4,042.00","4,710.00","1,003.00",0,384,0,571,"1,049",0,22,"11,657",42.1
경상남도,산청군,삼장면,2035,"21,570.00","21,570.00","8,425.00",39.1,0.000,0.00,0.00,0.00,0.00,0.00,0.00,0.00,1.800,"18,456.00","18,456.00","7,030.00",0.00,"7,030.00",103.300,"3,114.00","3,114.00","1,395.00",57.00,269.00,"1,069.00",0.00,0,198,0,387,348,0,0,"12,052",143.1
경상남도,산청군,시천면,2035,"81,074.00","81,276.80","70,487.80",86.7,0.000,0.00,0.00,0.00,0.00,0.00,0.00,0.00,3.700,"53,392.00","53,392.00","42,603.00",0.00,"42,603.00",127.700,"27,682.00","27,884.80","27,884.80","2,266.60","13,963.50","5,537.10","6,117.60",0,407,0,"1,471","1,535",0,39,"26,996",38.3
경상남도,산청군,단성면,2035,"126,866.00","137,536.20","115,394.10",83.9,0.000,0.00,0.00,0.00,0.00,0.00,0.00,0.00,4.200,"81,206.00","81,206.00","59,063.90",0.00,"59,063.90",108.600,"45,660.00","56,330.20","56,330.20","3,113.40","21,298.30","18,989.10","12,929.40",0,302,0,"2,646","2,332",0,21,"46,204",40.0
경상남도,산청군,신안면,2035,"35,986.00","35,986.00","26,246.00",72.9,0.000,0.00,0.00,0.00,0.00,0.00,0.00,0.00,1.400,"31,415.00","31,415.00","23,474.00",0.00,"23,474.00",72.100,"4,571.00","4,571.00","2,772.00",0.00,"1,879.00",78.00,815.00,0,291,0,719,"1,369",0,28,"14,405",54.9
경상남도,산청군,생비량면,2035,"18,548.00","18,548.00","9,472.00",51.1,0.000,0.00,0.00,0.00,0.00,0.00,0.00,0.00,0.500,"14,182.00","14,182.00","6,396.00",0.00,"6,396.00",44.000,"4,366.00","4,366.00","3,076.00",88.00,"1,878.00",273.00,837.00,0,178,0,281,291,0,8,"7,632",80.6
경상남도,산청군,신등면,2035,"32,133.00","32,133.00","25,137.00",78.2,0.000,0.00,0.00,0.00,0.00,0.00,0.00,0.00,1.000,"20,216.00","20,216.00","14,350.00",0.00,"14,350.00",56.900,"11,917.00","11,917.00","10,787.00","2,498.00","2,836.00","1,268.00","4,185.00",0,111,0,537,302,0,10,"8,147",32.4
경상남도,함양군,소계,,"568,550.10","594,482.10","549,690.20",92.5,0.000,300.00,715.00,715.00,0.00,715.00,0.00,0.00,9.340,"295,006.00","310,123.40","268,109.40",0.00,"268,109.40",9.340,"273,244.10","283,643.70","280,865.80","36,755.00","142,236.80","16,247.20","85,626.80",0,"32,651","10,593","9,250",0,15,54,"516,589",94.0
경상남도,함양군,함양읍,2035,"229,651.30","229,651.30","218,037.30",94.9,0.000,300.00,300.00,300.00,0.00,300.00,0.00,0.00,3.600,"102,410.50","102,410.50","92,560.50",0.00,"92,560.50",3.600,"126,940.80","126,940.80","125,176.80","28,692.70","63,871.50","5,430.70","27,181.90",0,"28,370","5,796","3,816",0,15,27,"217,737",99.9
경상남도,함양군,마천면,2035,"38,513.70","48,539.80","42,843.80",88.3,0.000,0.00,0.00,0.00,0.00,0.00,0.00,0.00,0.710,"23,740.80","23,740.80","18,044.80",0.00,"18,044.80",0.710,"14,772.90","24,799.00","24,799.00",578.50,"15,132.00","1,160.50","7,928.00",0,499,589,528,0,0,0,"31,261",73.0
경상남도,함양군,휴천면,2035,"23,408.50","23,408.50","14,867.50",63.5,0.000,0.00,0.00,0.00,0.00,0.00,0.00,0.00,0.410,"15,550.00","15,550.00","7,009.00",0.00,"7,009.00",0.410,"7,858.50","7,858.50","7,858.50",294.50,"3,872.00","1,363.00","2,329.00",0,164,373,206,0,0,0,"14,868",100.0
경상남도,함양군,유림면,2035,"8,648.50","13,687.40","13,687.40",100.0,0.000,0.00,0.00,0.00,0.00,0.00,0.00,0.00,0.230,"5,123.50","9,788.90","9,788.90",0.00,"9,788.90",0.230,"3,525.00","3,898.50","3,898.50",399.00,802.00,"1,044.50","1,653.00",0,77,174,267,0,0,0,"6,101",44.6
경상남도,함양군,수동면,2035,"56,906.70","56,906.70","56,906.70",100.0,0.000,0.00,0.00,0.00,0.00,0.00,0.00,0.00,1.020,"26,420.20","26,420.20","26,420.20",0.00,"26,420.20",1.020,"30,486.50","30,486.50","30,486.50","2,532.30","11,001.80","3,062.00","13,890.40",0,722,"1,503",855,0,0,6,"56,907",100.0
경상남도,함양군,지곡면,2035,"27,608.50","27,608.50","27,608.50",100.0,0.000,0.00,0.00,0.00,0.00,0.00,0.00,0.00,0.440,"13,113.00","13,113.00","13,113.00",0.00,"13,113.00",0.440,"14,495.50","14,495.50","14,495.50",514.00,"8,821.50",842.50,"4,317.50",0,423,606,534,0,0,0,"27,609",100.0
경상남도,함양군,안의면,2035,"100,596.90","100,596.90","84,139.00",83.6,0.000,0.00,0.00,0.00,0.00,0.00,0.00,0.00,1.410,"60,758.00","60,758.00","45,309.00",0.00,"45,309.00",1.410,"39,838.90","39,838.90","38,830.00","1,408.00","20,456.00","1,379.00","15,587.00",0,"1,149",0,"1,317",0,0,21,"82,212",97.7
경상남도,함양군,서하면,2035,"11,192.00","11,607.00","11,606.00",100.0,0.000,0.00,415.00,415.00,0.00,415.00,0.00,0.00,0.140,"3,275.00","3,275.00","3,275.00",0.00,"3,275.00",0.140,"7,917.00","7,917.00","7,916.00","1,335.00","3,623.00",663.00,"2,295.00",0,97,338,207,0,0,0,"11,193",96.4
경상남도,함양군,서상면,2035,"34,509.00","34,509.00","34,508.00",100.0,0.000,0.00,0.00,0.00,0.00,0.00,0.00,0.00,0.660,"19,102.00","19,102.00","19,102.00",0.00,"19,102.00",0.660,"15,407.00","15,407.00","15,406.00",232.00,"8,868.00","1,006.00","5,300.00",0,567,719,669,0,0,0,"34,509",100.0
경상남도,함양군,백전면,2035,"11,188.00","11,188.00","8,709.00",77.8,0.000,0.00,0.00,0.00,0.00,0.00,0.00,0.00,0.330,"8,032.00","8,032.00","5,554.00",0.00,"5,554.00",0.330,"3,156.00","3,156.00","3,155.00",263.00,"1,516.00",188.00,"1,188.00",0,152,150,318,0,0,0,"8,711",100.0
경상남도,함양군,병곡면,2035,"26,327.00","36,779.00","36,777.00",100.0,0.000,0.00,0.00,0.00,0.00,0.00,0.00,0.00,0.390,"17,481.00","27,933.00","27,933.00",0.00,"27,933.00",0.390,"8,846.00","8,846.00","8,844.00",506.00,"4,273.00",108.00,"3,957.00",0,431,345,533,0,0,0,"25,481",69.3
경상남도,거창군,소계,,"325,660.00","442,879.00","370,406.00",83.6,205.100,"30,723.00","30,723.00","27,137.00","9,055.00","8,183.00","2,305.00","7,594.00",32.800,"266,600.00","380,431.00","313,667.00","29,957.00","283,710.00",12.400,"28,337.00","31,725.00","29,602.00","3,992.00","19,400.00","3,720.00","2,490.00","7,257","7,257",0,"31,794",0,34,145,"136,726",36.9
경상남도,거창군,거창읍,2035,"136,426.00","216,151.00","214,707.00",99.3,203.200,"20,426.00","20,426.00","18,982.00","7,972.00","1,518.00","1,898.00","7,594.00",7.000,"91,000.00","169,333.00","169,333.00","27,378.00","141,955.00",5.000,"25,000.00","26,392.00","26,392.00","1,620.00","18,562.00","3,720.00","2,490.00","5,323","5,323",0,"9,579",0,34,145,"136,726",63.7
경상남도,거창군,주상면,2035,"6,120.00","6,120.00","4,978.00",81.3,0.000,0.00,0.00,0.00,0.00,0.00,0.00,0.00,1.500,"6,000.00","6,000.00","4,978.00",0.00,"4,978.00",0.600,120.00,120.00,0.00,0.00,0.00,0.00,0.00,101,101,0,292,0,0,0,0,0.0
경상남도,거창군,웅양면,2035,"13,470.00","13,470.00","12,570.00",93.3,0.000,0.00,0.00,0.00,0.00,0.00,0.00,0.00,3.000,"13,200.00","13,200.00","12,570.00",0.00,"12,570.00",0.900,270.00,270.00,0.00,0.00,0.00,0.00,0.00,234,234,0,490,0,0,0,0,0.0
경상남도,거창군,고제면,2035,"8,650.00","8,650.00","7,742.00",89.5,0.000,0.00,0.00,0.00,0.00,0.00,0.00,0.00,2.000,"8,500.00","8,500.00","7,742.00",0.00,"7,742.00",0.700,150.00,150.00,0.00,0.00,0.00,0.00,0.00,96,96,0,294,0,0,0,0,0.0
경상남도,거창군,북상면,2035,"10,315.00","11,844.00","11,629.00",98.2,0.000,0.00,0.00,0.00,0.00,0.00,0.00,0.00,2.300,"10,100.00","11,629.00","11,629.00",0.00,"11,629.00",0.800,215.00,215.00,0.00,0.00,0.00,0.00,0.00,138,138,0,631,0,0,0,0,0.0
경상남도,거창군,위천면,2035,"2,950.00","22,331.00","22,181.00",99.3,0.000,0.00,0.00,0.00,0.00,0.00,0.00,0.00,0.600,"2,800.00","22,181.00","22,181.00",0.00,"22,181.00",0.100,150.00,150.00,0.00,0.00,0.00,0.00,0.00,387,387,0,"1,294",0,0,0,0,0.0
경상남도,거창군,마리면,2035,"6,411.00","7,314.00","7,103.00",97.1,0.000,0.00,0.00,0.00,0.00,0.00,0.00,0.00,0.900,"6,200.00","7,103.00","7,103.00",0.00,"7,103.00",0.200,211.00,211.00,0.00,0.00,0.00,0.00,0.00,103,103,0,457,0,0,0,0,0.0
경상남도,거창군,남상면,2035,"15,415.00","15,415.00","11,154.00",72.4,0.000,0.00,0.00,0.00,0.00,0.00,0.00,0.00,4.000,"15,000.00","15,000.00","11,154.00",0.00,"11,154.00",0.400,415.00,415.00,0.00,0.00,0.00,0.00,0.00,197,197,0,565,0,0,0,0,0.0
경상남도,거창군,남하면,2035,"5,676.00","17,678.00","16,736.00",94.7,0.500,942.00,942.00,0.00,0.00,0.00,0.00,0.00,0.700,"4,500.00","15,836.00","15,836.00",0.00,"15,836.00",0.200,234.00,900.00,900.00,900.00,0.00,0.00,0.00,197,197,0,835,0,0,0,0,0.0
경상남도,거창군,신원면,2035,"6,987.00","6,987.00","2,869.00",41.1,0.000,0.00,0.00,0.00,0.00,0.00,0.00,0.00,1.300,"6,500.00","6,500.00","2,869.00",0.00,"2,869.00",0.400,487.00,487.00,0.00,0.00,0.00,0.00,0.00,39,39,0,157,0,0,0,0,0.0
경상남도,거창군,가조면,2035,"111,335.00","112,665.00","54,588.00",48.5,1.400,"9,355.00","9,355.00","8,155.00","1,083.00","6,665.00",407.00,0.00,8.000,"101,000.00","101,000.00","44,123.00","2,579.00","41,544.00",3.000,980.00,"2,310.00","2,310.00","1,472.00",838.00,0.00,0.00,371,371,0,"16,998",0,0,0,0,0.0
경상남도,거창군,가북면,2035,"1,905.00","4,254.00","4,149.00",97.5,0.000,0.00,0.00,0.00,0.00,0.00,0.00,0.00,1.500,"1,800.00","4,149.00","4,149.00",0.00,"4,149.00",0.100,105.00,105.00,0.00,0.00,0.00,0.00,0.00,71,71,0,202,0,0,0,0,0.0
경상남도,합천군,소계,,"470,253.00","470,253.00","450,279.00",95.8,43.000,"7,900.00","7,900.00","7,900.00",0.00,"7,900.00",0.00,0.00,36.360,"325,630.00","325,630.00","325,630.00",0.00,"325,630.00",98.150,"136,723.00","136,723.00","116,749.00",525.00,"116,224.00",0.00,0.00,"2,055","2,060",4,"12,439","14,881",4,0,"310,628",69.0
경상남도,합천군,합천읍,2030,"111,679.00","111,679.00","111,679.00",100.0,43.000,"7,900.00","7,900.00","7,900.00",0.00,"7,900.00",0.00,0.00,1.910,"48,617.00","48,617.00","48,617.00",0.00,"48,617.00",8.050,"55,162.00","55,162.00","55,162.00",525.00,"54,637.00",0.00,0.00,747,747,4,"3,175","3,175",4,0,"75,600",67.7
경상남도,합천군,봉산면,2030,"13,920.00","13,920.00","9,300.00",66.8,0.000,0.00,0.00,0.00,0.00,0.00,0.00,0.00,0.760,"9,300.00","9,300.00","9,300.00",0.00,"9,300.00",4.230,"4,620.00","4,620.00",0.00,0.00,0.00,0.00,0.00,120,120,0,"1,080","1,080",0,0,"9,350",100.5
경상남도,합천군,묘산면,2030,"6,506.00","6,506.00","3,500.00",53.8,0.000,0.00,0.00,0.00,0.00,0.00,0.00,0.00,0.190,"3,500.00","3,500.00","3,500.00",0.00,"3,500.00",0.000,"3,006.00","3,006.00",0.00,0.00,0.00,0.00,0.00,52,52,0,468,468,0,0,"4,600",131.4
경상남도,합천군,가야면,2030,"43,364.00","43,364.00","43,364.00",100.0,0.000,0.00,0.00,0.00,0.00,0.00,0.00,0.00,2.610,"35,040.00","35,040.00","35,040.00",0.00,"35,040.00",8.990,"8,324.00","8,324.00","8,324.00",0.00,"8,324.00",0.00,0.00,132,132,0,"1,199","1,199",0,0,"42,350",97.7
경상남도,합천군,야로면,2030,"48,622.00","48,622.00","48,622.00",100.0,0.000,0.00,0.00,0.00,0.00,0.00,0.00,0.00,1.690,"36,839.00","36,839.00","36,839.00",0.00,"36,839.00",15.290,"11,783.00","11,783.00","11,783.00",0.00,"11,783.00",0.00,0.00,63,63,0,"1,207","1,207",0,0,"31,100",64.0
경상남도,합천군,율곡면,2030,80.00,80.00,0.00,0.0,0.000,0.00,0.00,0.00,0.00,0.00,0.00,0.00,0.210,0.00,0.00,0.00,0.00,0.00,1.780,80.00,80.00,0.00,0.00,0.00,0.00,0.00,0,31,0,0,0,0,0,0,0.0
경상남도,합천군,초계면,2030,"49,940.00","49,940.00","49,940.00",100.0,0.000,0.00,0.00,0.00,0.00,0.00,0.00,0.00,1.590,"29,497.00","29,497.00","29,497.00",0.00,"29,497.00",0.000,"20,443.00","20,443.00","20,443.00",0.00,"20,443.00",0.00,0.00,116,116,0,"1,044","1,044",0,0,"31,200",62.5
경상남도,합천군,쌍책면,2030,"7,076.00","7,076.00","6,200.00",87.6,0.000,0.00,0.00,0.00,0.00,0.00,0.00,0.00,0.260,"6,200.00","6,200.00","6,200.00",0.00,"6,200.00",1.730,876.00,876.00,0.00,0.00,0.00,0.00,0.00,82,82,0,298,298,0,0,"6,300",101.6
경상남도,합천군,덕곡면,2030,"8,800.00","8,800.00","8,800.00",100.0,0.000,0.00,0.00,0.00,0.00,0.00,0.00,0.00,0.320,"8,800.00","8,800.00","8,800.00",0.00,"8,800.00",3.670,0.00,0.00,0.00,0.00,0.00,0.00,0.00,39,39,0,0,0,0,0,"1,100",12.5
경상남도,합천군,청덕면,2030,"8,000.00","8,000.00","8,000.00",100.0,0.000,0.00,0.00,0.00,0.00,0.00,0.00,0.00,0.330,"8,000.00","8,000.00","8,000.00",0.00,"8,000.00",8.670,0.00,0.00,0.00,0.00,0.00,0.00,0.00,9,9,0,293,"2,930",0,0,"4,400",55.0
경상남도,합천군,적중면,2030,"40,721.00","40,721.00","40,721.00",100.0,0.000,0.00,0.00,0.00,0.00,0.00,0.00,0.00,0.930,"34,354.00","34,354.00","34,354.00",0.00,"34,354.00",16.610,"6,367.00","6,367.00","6,367.00",0.00,"6,367.00",0.00,0.00,260,260,0,956,956,0,0,"15,500",38.1
경상남도,합천군,대양면,2030,"5,200.00","5,200.00","5,200.00",100.0,0.000,0.00,0.00,0.00,0.00,0.00,0.00,0.00,0.250,"5,200.00","5,200.00","5,200.00",0.00,"5,200.00",3.740,0.00,0.00,0.00,0.00,0.00,0.00,0.00,24,24,0,238,238,0,0,"6,000",115.4
경상남도,합천군,쌍백면,2030,"15,600.00","15,600.00","13,400.00",85.9,0.000,0.00,0.00,0.00,0.00,0.00,0.00,0.00,0.590,"13,400.00","13,400.00","13,400.00",0.00,"13,400.00",1.400,"2,200.00","2,200.00",0.00,0.00,0.00,0.00,0.00,34,34,0,258,258,0,0,"17,895",133.5
경상남도,합천군,삼가면,2030,"52,253.00","52,253.00","52,253.00",100.0,0.000,0.00,0.00,0.00,0.00,0.00,0.00,0.00,1.710,"37,583.00","37,583.00","37,583.00",0.00,"37,583.00",6.570,"14,670.00","14,670.00","14,670.00",0.00,"14,670.00",0.00,0.00,100,100,0,"1,178","1,178",0,0,"41,000",78.5
경상남도,합천군,가회면,2030,"12,383.00","12,383.00","10,700.00",86.4,0.000,0.00,0.00,0.00,0.00,0.00,0.00,0.00,0.210,"10,700.00","10,700.00","10,700.00",0.00,"10,700.00",5.780,"1,683.00","1,683.00",0.00,0.00,0.00,0.00,0.00,26,0,0,195,0,0,0,"6,874",64.2
경상남도,합천군,대병면,2030,"21,809.00","21,809.00","15,800.00",72.4,0.000,0.00,0.00,0.00,0.00,0.00,0.00,0.00,5.350,"15,800.00","15,800.00","15,800.00",0.00,"15,800.00",11.640,"6,009.00","6,009.00",0.00,0.00,0.00,0.00,0.00,218,218,0,850,850,0,0,"15,211",96.3
경상남도,합천군,용주면,2030,"24,300.00","24,300.00","22,800.00",93.8,0.000,0.00,0.00,0.00,0.00,0.00,0.00,0.00,17.450,"22,800.00","22,800.00","22,800.00",0.00,"22,800.00",0.000,"1,500.00","1,500.00",0.00,0.00,0.00,0.00,0.00,33,33,0,0,0,0,0,"2,148",9.4
제주특별자치도,,합계,,"5,505,400.00","5,739,780.36","4,378,225.05",76.3,0.400,"833,965.00","835,132.06","196,816.14","15,460.02","181,356.12",0.00,0.00,179.800,"2,888,250.99","2,963,006.40","2,531,330.65",908.96,"2,530,421.69","2,126.000","1,783,184.01","1,941,641.90","1,650,078.26","140,374.63","1,377,773.85","6,811.89","125,117.89","6,357","67,117","38,808","110,573","149,433",376,"1,950","4,258,156",97.3
제주특별자치도,제주시,한림읍,2035,"304,468.00","304,468.00","207,557.05",68.2,0.000,"41,310.00","41,310.00","5,150.81",682.86,"4,467.95",0.00,0.00,8.500,"140,333.00","140,333.00","131,172.34",0.00,"131,172.34",0.000,"122,825.00","122,825.00","71,233.90","6,393.05","63,697.84",0.00,"1,143.01",116,"3,394","2,047","5,915","5,616",0,97,"226,759",109.3
제주특별자치도,제주시,애월읍,2035,"420,510.00","420,510.00","299,040.01",71.1,0.000,"24,010.00","24,010.00","11,016.01","1,150.39","9,865.62",0.00,0.00,15.900,"247,695.00","247,695.00","195,615.59",0.00,"195,615.59",0.000,"148,805.00","148,805.00","92,408.41","6,406.45","77,243.17",384.09,"8,374.70",225,"5,127","2,587","7,105","7,153",0,126,"336,558",112.5
제주특별자치도,제주시,구좌읍,2035,"269,956.00","269,956.00","202,856.11",75.1,0.000,"16,017.00","16,017.00",405.78,0.00,405.78,0.00,0.00,8.800,"154,033.00","154,033.00","143,504.14",0.00,"143,504.14",0.000,"99,906.00","99,906.00","58,946.19","8,699.33","50,229.91",0.00,16.95,16,"3,517","1,928","6,330","6,389",0,109,"207,397",102.2
제주특별자치도,제주시,조천읍,2035,"284,434.00","284,434.00","162,268.22",57.0,0.000,"29,546.00","29,546.00","1,611.24",438.42,"1,172.82",0.00,0.00,8.200,"185,167.00","185,167.00","122,545.28",0.00,"122,545.28",0.000,"69,721.00","69,721.00","38,111.70","2,256.20","35,771.18",0.00,84.32,30,"3,355","1,530","3,848","3,570",0,40,"189,839",117.0
제주특별자치도,제주시,한경면,2035,"236,489.00","236,489.00","132,515.99",56.0,0.000,"21,664.00","21,664.00","2,015.74",0.00,"2,015.74",0.00,0.00,5.400,"143,881.00","143,881.00","94,265.67",0.00,"94,265.67",0.000,"70,944.00","70,944.00","36,234.58","2,511.96","29,008.84",0.00,"4,713.78",40,"2,356","1,089","3,811","3,813",0,47,"153,510",115.8
제주특별자치도,제주시,추자면,2035,"18,023.00","18,023.00","11,462.57",63.6,0.000,"3,350.00","3,350.00",921.11,0.00,921.11,0.00,0.00,0.000,"11,397.00","11,397.00","10,101.12",0.00,"10,101.12",0.000,"3,276.00","3,276.00",440.34,0.00,440.34,0.00,0.00,31,431,25,"1,025",597,0,5,"16,527",144.2
제주특별자치도,제주시,우도면,2035,"26,520.00","26,520.00","21,538.14",81.2,0.000,"4,235.00","4,235.00",0.00,0.00,0.00,0.00,0.00,0.000,"20,360.00","20,360.00","19,987.46",0.00,"19,987.46",0.000,"1,925.00","1,925.00","1,550.68",0.00,"1,550.68",0.00,0.00,0,463,31,"1,038",460,0,6,"19,460",90.4
제주특별자치도,제주시,일도1동,2035,"17,626.78","17,626.78","11,337.58",64.3,0.000,"3,717.67","3,717.67","1,733.79",0.00,"1,733.79",0.00,0.00,0.400,"8,760.96","8,760.96","5,277.90",0.00,"5,277.90",0.000,"5,148.15","5,148.15","4,325.89",697.50,"3,628.39",0.00,0.00,115,234,144,449,721,5,7,"14,110",124.5
제주특별자치도,제주시,일도2동,2035,"103,272.65","110,076.95","82,638.82",75.1,0.000,"21,781.27","21,781.27",328.42,0.00,328.42,0.00,0.00,2.700,"51,329.16","51,329.16","45,343.88",0.00,"45,343.88",0.000,"30,162.22","36,966.52","36,966.52","4,683.32","31,909.48",0.00,373.72,212,"1,392",557,"2,644","4,223",2,10,"83,794",101.4
제주특별자치도,제주시,이도1동,2035,"41,590.72","41,837.77","28,789.33",68.8,0.000,"8,771.91","8,771.91","1,746.45",155.61,"1,590.84",0.00,0.00,1.100,"20,671.66","20,671.66","14,648.68",36.94,"14,611.74",0.000,"12,147.15","12,394.20","12,394.20",121.95,"12,230.49",0.00,41.76,190,551,273,"1,061","1,701",10,23,"33,293",115.6
제주특별자치도,제주시,이도2동,2035,"209,999.45","222,330.12","171,162.59",77.0,0.100,"44,291.06","44,291.06","7,183.33","1,652.18","5,531.15",0.00,0.00,5.500,"104,375.12","104,375.12","90,315.32",0.00,"90,315.32",0.000,"61,333.27","73,663.94","73,663.94","3,676.12","69,965.51",0.00,22.31,321,"2,520","1,608","7,167","8,586",28,68,"183,571",107.2
제주특별자치도,제주시,삼도1동,2035,"53,263.20","54,077.86","39,860.84",73.7,0.000,"11,233.76","11,233.76","3,164.19",209.93,"2,954.26",0.00,0.00,1.400,"26,473.18","27,287.84","27,287.84",0.00,"27,287.84",0.000,"15,556.26","15,556.26","9,408.81",292.62,"9,079.06",0.00,37.13,162,665,262,"1,359","2,178",34,43,"42,637",107.0
제주특별자치도,제주시,삼도2동,2035,"56,649.44","56,649.44","36,735.07",64.8,0.000,"11,947.95","11,947.95","4,158.81",260.70,"3,898.11",0.00,0.00,1.500,"28,156.23","28,156.23","18,853.53",0.00,"18,853.53",0.000,"16,545.26","16,545.26","13,722.73","1,343.30","12,379.43",0.00,0.00,308,788,430,"1,445","2,316",24,27,"45,348",123.4
제주특별자치도,제주시,용담1동,2035,"36,062.60","36,062.60","25,363.67",70.3,0.000,"7,605.97","7,605.97","1,239.50",63.56,"1,175.94",0.00,0.00,0.900,"17,924.04","17,924.04","16,152.75",0.00,"16,152.75",0.000,"10,532.59","10,532.59","7,971.42",918.07,"6,901.37",0.00,151.98,221,477,189,920,"1,475",29,49,"28,868",113.8
제주특별자치도,제주시,용담2동,2035,"104,777.90","104,777.90","78,943.62",75.3,0.000,"22,098.74","22,098.74","4,420.40",0.00,"4,420.40",0.00,0.00,2.700,"52,077.31","52,077.31","44,339.15",0.00,"44,339.15",0.000,"30,601.85","30,601.85","30,184.07","1,531.67","28,500.77",0.00,151.63,276,"1,269",804,"2,675","4,317",24,44,"93,292",118.2
제주특별자치도,제주시,건입동,2035,"58,363.65","58,673.87","45,478.74",77.5,0.000,"12,309.50","12,309.50","1,917.39",0.00,"1,917.39",0.00,0.00,1.500,"29,008.23","29,008.23","26,205.21",65.06,"26,140.15",0.000,"17,045.92","17,356.14","17,356.14","2,466.45","14,605.14",0.00,284.55,197,687,438,"1,489","2,386",5,16,"48,862",107.4
제주특별자치도,제주시,화북동,2035,"120,022.10","120,170.87","94,923.73",79.0,0.000,"25,313.90","25,313.90","3,317.69",176.48,"3,141.21",0.00,0.00,3.100,"59,654.07","59,654.07","56,403.14",0.00,"56,403.14",0.000,"35,054.13","35,202.90","35,202.90","3,676.85","31,526.05",0.00,0.00,124,"1,618",889,"3,063","4,909",11,25,"108,335",114.1
제주특별자치도,제주시,삼양동,2035,"127,105.89","135,425.03","104,127.91",76.9,0.000,"26,807.95","26,807.95","3,828.44",708.03,"3,120.41",0.00,0.00,3.300,"63,174.89","63,174.89","54,857.28",0.00,"54,857.28",0.000,"37,123.05","45,442.19","45,442.19","4,449.84","40,932.63",0.00,59.72,258,"1,556","1,195","3,294","5,417",16,43,"109,532",105.2
제주특별자치도,제주시,봉개동,2035,"31,156.30","48,841.83","43,364.64",88.8,0.000,"6,571.19","6,571.19","2,893.27",192.20,"2,701.07",0.00,0.00,0.800,"15,485.48","33,171.01","33,171.01",0.00,"33,171.01",0.000,"9,099.63","9,099.63","7,300.36",443.99,"6,856.37",0.00,0.00,74,807,188,833,"1,418",4,3,"37,414",86.3
제주특별자치도,제주시,아라동,2035,"203,575.27","207,008.65","164,058.20",79.3,0.100,"42,936.13","42,936.13","9,133.08",631.08,"8,502.00",0.00,0.00,5.300,"101,182.14","101,182.14","92,034.74",0.00,"92,034.74",0.000,"59,457.00","62,890.38","62,890.38","4,352.86","57,919.84",0.00,617.68,326,"2,630","1,488","5,217","8,528",22,95,"169,419",103.3
제주특별자치도,제주시,오라동,2035,"83,295.58","83,295.58","69,776.16",83.8,0.000,"17,567.90","17,567.90","9,341.92","2,534.26","6,807.66",0.00,0.00,2.200,"41,400.04","41,400.04","36,618.14",0.00,"36,618.14",0.000,"24,327.64","24,327.64","23,816.10","4,710.82","19,061.51",0.00,43.77,199,954,481,"2,147","3,481",30,51,"76,257",109.3
제주특별자치도,제주시,연동,2035,"142,021.21","142,835.15","118,185.67",82.7,0.100,"29,953.74","29,953.74","7,991.07",407.35,"7,583.72",0.00,0.00,3.700,"70,588.19","71,402.13","71,402.13",0.00,"71,402.13",0.000,"41,479.28","41,479.28","38,792.47","6,214.52","32,218.76",0.00,359.19,101,"2,016",718,"3,776","6,221",18,25,"125,626",106.3
제주특별자치도,제주시,노형동,2035,"196,114.75","203,620.55","160,467.84",78.8,0.100,"41,362.63","41,362.63","9,788.99","1,319.18","8,469.81",0.00,0.00,5.100,"97,474.07","97,474.07","85,895.00",0.00,"85,895.00",0.000,"57,278.05","64,783.85","64,783.85","5,623.83","59,031.60",0.00,128.42,318,"2,486","1,446","5,314","8,019",16,54,"176,696",110.1
제주특별자치도,제주시,외도동,2035,"97,546.67","99,677.40","81,810.82",82.1,0.000,"20,573.60","20,573.60","4,099.03",60.79,"4,038.24",0.00,0.00,2.500,"48,483.20","50,613.93","50,613.93",0.00,"50,613.93",0.000,"28,489.87","28,489.87","27,097.86","3,347.14","23,171.27",0.00,579.45,182,"1,235",749,"2,490","4,007",20,49,"85,119",104.0
제주특별자치도,제주시,이호동,2035,"43,213.32","43,213.32","32,934.04",76.2,0.000,"9,114.14","9,114.14","3,112.95",70.06,"3,042.89",0.00,0.00,1.100,"21,478.13","21,478.13","21,035.97",0.00,"21,035.97",0.000,"12,621.05","12,621.05","8,785.12",696.04,"8,089.08",0.00,0.00,179,614,253,"1,112","1,817",8,30,"35,371",107.4
제주특별자치도,제주시,도두동,2035,"52,069.51","52,069.51","42,303.79",81.2,0.000,"10,982.00","10,982.00","1,380.43",561.02,819.41,0.00,0.00,1.300,"25,879.88","25,879.88","25,786.71",529.58,"25,257.13",0.000,"15,207.63","15,207.63","15,136.65","2,110.77","12,552.37",0.00,473.51,89,743,400,"1,343","2,218",5,37,"42,333",100.1
제주특별자치도,서귀포시,대정읍,2035,"261,941.00","313,486.58","260,917.27",83.2,0.000,"54,697.00","54,697.00","2,127.69",465.16,"1,662.53",0.00,0.00,12.700,"121,403.00","138,682.02","138,682.02",145.90,"138,536.12",0.000,"85,841.00","120,107.56","120,107.56","10,960.26","107,129.14",191.01,"1,827.15",37,"3,313","2,803","3,509","3,416",2,101,"198,146",75.9
제주특별자치도,서귀포시,남원읍,2035,"315,865.00","385,020.85","339,848.61",88.3,0.000,"101,114.00","101,114.00","55,941.76","1,520.93","54,420.83",0.00,0.00,10.800,"149,210.00","167,337.83","167,337.83",0.00,"167,337.83",0.000,"65,541.00","116,569.02","116,569.02","3,701.90","57,546.08",104.44,"55,216.60","1,073","4,303","1,912","5,479","5,449",9,193,"226,789",66.7
제주특별자치도,서귀포시,성산읍,2035,"323,540.00","323,540.00","216,237.92",66.8,0.000,"37,612.00","37,612.00",862.24,0.00,862.24,0.00,0.00,10.500,"158,009.00","158,009.00","112,175.07",0.00,"112,175.07",0.000,"127,919.00","127,919.00","103,200.61","8,372.08","80,625.57",0.00,"14,202.96",13,"3,109","1,926","3,070","2,330",0,128,"210,797",97.5
제주특별자치도,서귀포시,안덕면,2035,"184,160.00","193,695.84","158,277.46",81.7,0.000,"32,044.00","32,044.00",341.67,0.00,341.67,0.00,0.00,10.700,"78,061.00","87,596.84","87,596.84",0.00,"87,596.84",0.000,"74,055.00","74,055.00","70,338.95","7,568.25","62,122.99",78.85,568.86,13,"2,400","1,541","2,368","2,099",2,76,"122,264",77.2
제주특별자치도,서귀포시,표선면,2035,"139,130.00","170,974.39","131,058.14",76.7,0.000,"54,513.00","54,513.00","14,596.75","1,178.17","13,418.58",0.00,0.00,4.200,"47,871.00","56,238.86","56,238.86",0.00,"56,238.86",0.000,"36,746.00","60,222.53","60,222.53","5,918.82","44,722.12",0.00,"9,581.59",316,"1,593","1,328","2,343","2,341",0,89,"103,981",79.3
제주특별자치도,서귀포시,송산동,2035,"67,733.98","67,733.98","62,571.61",92.4,0.000,"2,796.05","2,796.05","2,703.72",23.70,"2,680.02",0.00,0.00,2.700,"39,323.47","39,323.47","36,455.23",9.78,"36,445.45",153.000,"25,614.46","25,614.46","23,412.66",619.10,"21,143.42",455.30,"1,194.84",77,856,541,"1,194","2,315",11,23,"49,512",79.1
제주특별자치도,서귀포시,정방동,2035,"27,639.52","27,657.22","22,690.63",82.0,0.000,"1,140.96","1,158.66","1,158.66",18.82,"1,139.84",0.00,0.00,1.100,"16,046.33","16,046.33","12,516.49",9.29,"12,507.20",62.000,"10,452.23","10,452.23","9,015.48",140.36,"8,405.49",77.20,392.43,37,355,217,487,944,5,5,"19,583",86.3
제주특별자치도,서귀포시,중앙동,2035,"26,377.60","26,377.60","18,488.66",70.1,0.000,"1,088.87","1,088.87",957.00,15.54,941.46,0.00,0.00,1.000,"15,313.71","15,313.71","10,085.21",7.68,"10,077.53",59.000,"9,975.02","9,975.02","7,446.45",115.93,"6,942.62",63.77,324.13,31,293,179,464,901,4,4,"18,689",101.1
제주특별자치도,서귀포시,천지동,2035,"36,250.12","37,996.63","36,135.18",95.1,0.000,"1,496.40","1,496.40","1,430.83",16.47,"1,414.36",0.00,0.00,1.400,"21,045.28","21,045.28","19,249.40",8.13,"19,241.27",82.000,"13,708.44","15,454.95","15,454.95",122.85,"13,991.48",67.57,"1,273.05",51,534,351,639,"1,244",4,10,"27,590",76.4
제주특별자치도,서귀포시,효돈동,2035,"76,161.25","77,310.61","64,756.38",83.8,0.000,"3,143.93","4,293.29","4,293.29",0.00,"4,293.29",0.00,0.00,3.100,"44,215.99","44,215.99","32,508.28",96.60,"32,411.68",172.000,"28,801.33","28,801.33","27,954.81","1,139.52","24,052.62",39.87,"2,722.80",88,803,573,"1,342","2,603",5,15,"57,668",89.1
제주특별자치도,서귀포시,영천동,2035,"114,351.78","121,056.30","109,607.85",90.5,0.000,"4,720.43","4,720.43","1,912.28",0.00,"1,912.28",0.00,0.00,4.600,"66,387.79","66,387.79","57,747.49",0.00,"57,747.49",258.000,"43,243.56","49,948.08","49,948.08","4,950.36","37,138.07","3,662.31","4,197.34",54,"1,220",937,"2,015","3,908",3,36,"81,125",74.0
제주특별자치도,서귀포시,동홍동,2035,"83,349.62","83,852.83","68,549.43",81.7,0.000,"3,440.67","3,440.67",634.04,32.85,601.19,0.00,0.00,3.400,"48,389.25","48,389.25","35,892.48",0.00,"35,892.48",188.000,"31,519.70","32,022.91","32,022.91","2,196.32","28,798.39",169.28,858.92,18,887,803,"1,469","2,848",4,25,"59,252",86.4
제주특별자치도,서귀포시,서홍동,2035,"47,303.68","47,303.68","35,712.17",75.5,0.000,"1,952.69","1,952.69",869.96,0.00,869.96,0.00,0.00,1.900,"27,462.51","27,462.51","18,847.16",0.00,"18,847.16",107.000,"17,888.48","17,888.48","15,995.05",0.00,"14,054.48",0.00,"1,940.57",37,467,335,"1,019","1,662",0,12,"36,692",102.7
제주특별자치도,서귀포시,대륜동,2035,"146,839.68","146,839.68","116,293.70",79.2,0.000,"6,061.53","6,061.53","3,537.44",205.88,"3,331.56",0.00,0.00,6.000,"85,248.88","85,248.88","58,999.37",0.00,"58,999.37",331.000,"55,529.27","55,529.27","53,756.89","7,161.11","39,756.46",78.52,"6,760.80",117,"1,623","1,325","2,594","5,018",5,20,"106,847",91.9
제주특별자치도,서귀포시,대천동,2035,"108,606.12","110,239.33","92,858.41",84.2,0.000,"4,483.25","4,483.25",798.55,0.00,798.55,0.00,0.00,4.400,"63,052.10","63,052.10","49,355.88",0.00,"49,355.88",245.000,"41,070.77","42,703.98","42,703.98","5,921.16","33,979.72",860.89,"1,942.21",12,"1,295",905,"2,037","3,711",3,30,"90,672",97.6
제주특별자치도,서귀포시,중문동,2035,"104,575.65","104,575.65","89,850.04",85.9,0.000,"4,316.88","4,316.88","1,331.76",708.40,623.36,0.00,0.00,4.200,"60,712.18","60,712.18","51,169.88",0.00,"51,169.88",236.000,"39,546.59","39,546.59","37,348.40","3,009.78","30,314.80",231.91,"3,791.91",30,"1,091",660,"1,851","3,573",4,30,"79,938",89.0
제주특별자치도,서귀포시,예래동,2035,"103,448.01","103,448.01","84,870.44",82.0,0.000,"4,270.33","4,270.33","1,418.66",0.00,"1,418.66",0.00,0.00,4.200,"60,057.52","60,057.52","53,039.25",0.00,"53,039.25",233.000,"39,120.16","39,120.16","30,412.53",852.18,"28,549.32",346.88,664.15,43,"1,090",723,"1,823","3,535",4,24,"78,684",92.7
